time_mid,freq_hz,input_amp,output_amp,input_offset,output_offset,gain,phase_rad,phase_deg,delay_sec,n_points,gain_norm,gain_db,phase_unwrapped_rad,phase_unwrapped_deg
39.99012767049993,2.2605635190798603,0.0026930016039270863,0.024679207984231365,0.9508362522058362,31.72384384484627,9.16420099722286,1.4670995825807283,84.05861420728051,-0.10329112568835115,4000,1.2403799273773828,1.8710945918124653,1.4670995825807283,84.05861420728051
40.88009984049995,2.3097614229600008,0.04996770706751499,0.3901919131515017,0.9500007836241302,31.44650538142258,7.8088816968184105,1.5123841046563782,86.65322619948226,-0.104211371666779,89,1.0569366729225445,0.48097934077111715,1.5123841046563782,86.65322619948226
41.740104217500004,2.3572996628324967,0.04996117184454994,0.3691241777898798,0.9499936497243886,31.404000805458075,7.388220975648434,1.467553579662915,84.08462632400108,-0.09908303561835077,87,1.0,0.0,1.467553579662915,84.08462632400108
42.580098806999956,2.4037336171563872,0.04996558197310314,0.3549182885887698,0.9499951022015725,31.374605545151002,7.10325537246469,1.4243925788131087,81.6116831357466,-0.09431124905167447,85,0.9614297401061785,-0.3416489575604529,1.4243925788131087,81.6116831357466
43.41010326999998,2.4496134764883317,0.04994753727715545,0.3410247503081322,0.9499799858053471,31.401163256131195,6.827658957754199,1.3843002107905011,79.31455965736593,-0.08993999395623033,84,0.924127605313668,-0.6853611284705946,1.3843002107905011,79.31455965736593
44.23009134499995,2.4949416553063877,0.04992381279619565,0.3168304215089481,0.9499578709254531,31.410579657051546,6.3462785345011055,1.352771807798145,77.50811523111629,-0.08629473143330661,82,0.8589724854492619,-1.3204149447706617,1.352771807798145,77.50811523111629
45.040090964499996,2.5397155045336066,0.04988235512556393,0.29966015835212756,0.949918536498811,31.3930996203559,6.007337817106322,1.3005475817131116,74.51588748810686,-0.08150069406843416,81,0.8130966624991997,-1.7971564314254163,1.3005475817131116,74.51588748810686
45.82008474749995,2.5828330238047177,0.04990742001656687,0.2980800672353063,0.9499355629659577,31.415207310680284,5.97266032057674,1.2717132283775847,72.8638007369922,-0.07836334932464763,79,0.8084030432038538,-1.8474412053574987,1.2717132283775847,72.8638007369922
46.590097682999954,2.625396774471526,0.04989996158986835,0.2740447372168604,0.9499287881458768,31.414457024232096,5.491882728673327,1.2362908104259163,70.83424568821316,-0.0749455455615758,78,0.7433295169127406,-2.5763724286226513,1.2362908104259163,70.83424568821316
47.36009400149999,2.667961108926943,0.04988365273897802,0.2559695607593064,0.9498996780295532,31.383931451545884,5.131331542593657,1.1965875898948592,68.55941871870643,-0.07138141149695426,77,0.6945287044752071,-3.1661960082443907,1.1965875898948592,68.55941871870643
48.100099615999966,2.708866544916667,0.04991817628572333,0.24632557914842898,0.9499301032973404,31.357088171215317,4.934586907552519,1.164260760205366,66.70722781246026,-0.06840420226028972,75,0.6678992038566403,-3.5057814843772412,1.164260760205366,66.70722781246026
48.830101630499996,2.7492193157570792,0.04991909222220957,0.234487839279119,0.9499339594618327,31.340512662983073,4.697357841270854,1.1265802673580636,64.54829460233695,-0.06521881223231876,74,0.635790111957038,-3.933724613542517,1.1265802673580636,64.54829460233695
49.56009513899994,2.7895724686774983,0.04991657713279518,0.2232453183153224,0.9499234895220313,31.3185210613822,4.472368322078925,1.0899950526959679,62.45211620961872,-0.06218806018849119,73,0.6053376498645404,-4.360046273280017,1.0899950526959679,62.45211620961872
50.27010479849997,2.82881894708194,0.049919157319323997,0.22478858092989662,0.949927953849766,31.325753241879866,4.503052395134876,1.036769516801039,59.402517640517225,-0.058330701445595746,72,0.6094907569734217,-4.300657522843958,1.036769516801039,59.402517640517225
50.980086264999954,2.868066895156664,0.04992290514332498,0.21650304494279426,0.9499207522358376,31.390348699232025,4.336747717730568,1.014959600281049,58.15290147238915,-0.056322200049130834,71,0.5869813222999803,-4.6275143549832265,1.014959600281049,58.15290147238915
51.67010074999996,2.9062069096534717,0.04992696694593124,0.19102434773621252,0.9499278986383026,31.40402178283172,3.8260755543809357,1.002451022206813,57.43621274102555,-0.054898030440221256,70,0.5178615484013913,-5.715726689356312,1.002451022206813,57.43621274102555
52.36009312149997,2.9443497988711083,0.04993465254712924,0.18225351017282598,0.9499258094295489,31.334832674377754,3.649840358873265,0.9636945723389047,55.215631734684045,-0.052091893047956764,69,0.49400801233519326,-6.125320143602258,0.9636945723389047,55.215631734684045
53.03009698899996,2.9813862721622204,0.049939691483879556,0.17505738306801003,0.9499366339237111,31.267769596755905,3.5053757415485483,0.9037108000931476,51.778814745728205,-0.048242672310973254,68,0.474454642477839,-6.476105989839759,0.9037108000931476,51.778814745728205
53.710103800999946,3.018974889720138,0.04992703822513151,0.17260813925726312,0.9499009727776607,31.274435547776406,3.457207665292236,0.8644871519810258,49.53146525179734,-0.04557421260630933,68,0.46793506538139396,-6.59628818224151,0.8644871519810258,49.53146525179734
54.38009597349998,3.05601121489444,0.04995425441796595,0.1731907582899122,0.9499009339939504,31.293142229896592,3.466987152702343,0.8119574489015096,46.5217349662657,-0.042286180411619995,67,0.46925872468210245,-6.571752880426662,0.8119574489015096,46.5217349662657
55.03009482799996,3.0919411444568023,0.04995776116882953,0.1600039386469366,0.9499106683614748,31.318206921640527,3.2027844103384058,0.8016015434079354,45.92838528844756,-0.04126173237552965,66,0.43349873005893824,-7.260243409162722,0.8016015434079354,45.92838528844756
55.68012790849997,3.127871491089999,0.04997511812668036,0.1435115088057158,0.9499185037354998,31.31598143817649,2.871659221333564,0.8056050131718832,46.15776720933,-0.040991460292134956,65,0.3886807434155731,-8.208139505641721,0.8056050131718832,46.15776720933
56.3100943335,3.1626983697052777,0.049970323766802736,0.1424725608286436,0.9499313596620611,31.28296566676198,2.8511434405252696,0.7363136215944438,42.18766291535438,-0.03705315488355326,64,0.3859039205679736,-8.27041618434363,0.7363136215944438,42.18766291535438
56.95013697799999,3.198074997014305,0.04998503774210272,0.14805722999934118,0.9499075872392465,31.331041855071696,2.9620309734133023,0.667589099477983,38.25003784902769,-0.033223143683429004,64,0.4009126125458554,-7.939005616176598,0.667589099477983,38.25003784902769
57.58009869699998,3.2329005352263867,0.050001774804087115,0.13994320518763825,0.9499204755817781,31.394050351319777,2.798764758570117,0.6828475307379303,39.124281562213156,-0.033616425470208974,63,0.3788144355447464,-8.431469592426344,0.6828475307379303,39.124281562213156
58.19010419699998,3.2666185382751376,0.04999135414591172,0.12412323134276594,0.9499326759619996,31.37684013609112,2.482893961633498,0.6741946236575411,38.62850650598799,-0.032847853431253654,62,0.336061139727292,-9.471634081329599,0.6741946236575411,38.62850650598799
58.81009182449998,3.300891163748749,0.050015691653653244,0.11949443340934568,0.9499162120883247,31.33531028327969,2.3891388773910434,0.6355059902419354,36.41181109614498,-0.030641397941956663,62,0.3233713346238075,-9.805969618491456,0.6355059902419354,36.41181109614498
59.42012562999997,3.334610296233055,0.050021455805374065,0.11879806948113314,0.9499328764300222,31.32598831158835,2.3749422636429953,0.6073470906320328,34.79842499276498,-0.028987582673682746,61,0.32144981470787104,-9.85773640482363,0.6073470906320328,34.79842499276498
60.01007882749997,3.367226710210833,0.050005343495112674,0.11558789141773682,0.9499434920178503,31.318084100831534,2.311510797421758,0.5937661915470535,34.02029679320258,-0.02806488322838403,60,0.3128643289149708,-10.092878998405688,0.5937661915470535,34.02029679320258
60.61012400649997,3.400389945924026,0.050027413074163,0.10973772203081177,0.9499317212832362,31.299719807653673,2.193551800652402,0.5908465813612702,33.853015451733796,-0.027654520666170357,60,0.2968985101937727,-10.54783963287176,0.5908465813612702,33.853015451733796
61.2000740025,3.4330044970130538,0.05002116315540409,0.10531817090648266,0.9499479610997383,31.26608284244496,2.1054722494013913,0.5931749490483542,33.986421093358345,-0.027499738302547802,59,0.28497689177692775,-10.903807093208504,0.5931749490483542,33.986421093358345
61.78009122499998,3.465065597013332,0.05003464672308551,0.10146446098826585,0.949934593616747,31.223791028861474,2.0278840290372453,0.5669380657927121,32.483158415232595,-0.026040198394986152,59,0.2744752810887964,-11.229935229751254,0.5669380657927121,32.483158415232595
62.350081717999956,3.4965753314172217,0.0500188339024892,0.10343796752951458,0.94994498658684,31.211767561510936,2.0679803877708345,0.48545271214803165,27.81439155926144,-0.02209653488129213,58,0.27990234653063234,-11.059869213168103,0.48545271214803165,27.81439155926144
62.93009165349997,3.528635406733329,0.05003962883495476,0.10249146388955138,0.9499412159164968,31.236752416388555,2.0482059175058636,0.4434308998599512,25.406719067663452,-0.020000428351914457,58,0.27722586049561154,-11.143325196450478,0.4434308998599512,25.406719067663452
63.50009497099995,3.5601434332749973,0.050027285509533746,0.09784225865254141,0.9499586933641129,31.249006535583746,1.955777885128217,0.4487684394373135,25.712537558430352,-0.020062033111508996,57,0.2647156726327567,-11.544406906014835,0.4487684394373135,25.712537558430352
64.06008522499997,3.59109979013722,0.05004005934129617,0.09510503008932623,0.9499501296258436,31.247099488860435,1.9005778838243632,0.4444154589617982,25.463130148880474,-0.019696171427617398,57,0.2572443203971112,-11.793084101761405,0.4444154589617982,25.463130148880474
64.61009590949999,3.6215021444043023,0.05002514205770014,0.09121504418812629,0.9499571721064268,31.2314497968118,1.8233840112421227,0.4439931299694884,25.43893248005511,-0.01951226273403459,56,0.24679608491029084,-12.15323468170163,0.4439931299694884,25.43893248005511
65.17008717649998,3.652458217774445,0.05003607150354418,0.08851072600980327,0.949959398965278,31.23508584633156,1.7689383548733204,0.35210822115491075,20.174315004035396,-0.015343026684709092,56,0.23942683369971457,-12.416543555229886,0.35210822115491075,20.174315004035396
65.72009583099998,3.682860315690832,0.050019206362502004,0.08941181306634625,0.9499739286137739,31.277465967655885,1.7875496148090784,0.35889294933326177,20.56305129379839,-0.015509571917202418,55,0.24194587854110475,-12.325635430776572,0.35889294933326177,20.56305129379839
66.2600861615,3.7127105278469408,0.050030144387148826,0.08664088481322477,0.9499669340713357,31.301524065665244,1.7317736311686538,0.37167704510787464,21.295526026574738,-0.01593289822059251,55,0.23439656676168422,-12.600975075551231,0.37167704510787464,21.295526026574738
66.79008706849993,3.7420071969044444,0.050018495493636524,0.08587096881635058,0.9499697557667526,31.30502690603076,1.7167843208573774,0.32635009350363875,18.698483001458285,-0.013880312844554021,54,0.23236775490553088,-12.676482761278914,0.32635009350363875,18.698483001458285
67.330095932,3.7718574616573557,0.050025425056364786,0.08307135137482574,0.949971258505047,31.303185448485625,1.6605826193626012,0.4233702477245051,24.257328366022286,-0.017864266709004376,54,0.22476082196727457,-12.965587766531286,0.4233702477245051,24.257328366022286
67.87010217799997,3.8017079119224975,0.05001552936474211,0.08326600990935232,0.9499842340672547,31.242176357119074,1.6648031314859935,0.47931647467182464,27.462811049784772,-0.020066135541387514,54,0.2253320707343733,-12.943539844906457,0.47931647467182464,27.462811049784772
68.40008267649995,3.8310065822013897,0.050000710106286636,0.0781226140694428,0.9499955400340606,31.173103966947984,1.5624300915602471,0.39696007548329315,22.74413696038728,-0.01649126851329874,53,0.2114758203240015,-13.494785634353123,0.39696007548329315,22.74413696038728
68.92010701750002,3.8597491568197193,0.050002730549855066,0.07535919429814862,0.9499944591095351,31.179270566210544,1.507101581642866,0.24352816756648202,13.95313619411412,-0.010041769575060325,53,0.20398707437287958,-13.807947014852633,0.24352816756648202,13.95313619411412
69.43008378899998,3.8879413950309694,0.05000653919595299,0.0774582958661561,0.9499893490167544,31.234161842328323,1.5489633378273209,0.1818848388029204,10.421233620824648,-0.007445552344475802,52,0.20965308738500132,-13.569974754462075,0.1818848388029204,10.421233620824648
69.95008611700001,3.9166854618176385,0.04999989253713464,0.07552194895342687,0.9499967821036539,31.273516958103887,1.5104422253975274,0.23097729243571544,13.234024019925489,-0.009385787598084628,52,0.20443923244525886,-13.788715164922433,0.23097729243571544,13.234024019925489
70.47010320750002,3.9454298656329154,0.04997830675995653,0.07427054204124316,0.9500138088894357,31.286751365535714,1.4860555880366475,0.2647768384377751,15.170595355301783,-0.010680849511655429,52,0.201138486915143,-13.930096424401881,0.2647768384377751,15.170595355301783
70.98009630499996,3.973622815269168,0.04997988032312837,0.07646426554279427,0.9500154787112941,31.2648646912183,1.5299009331042788,0.3146795496680799,18.029810095058345,-0.012603814742344632,51,0.20707297983463546,-13.677531336886465,0.3146795496680799,18.029810095058345
71.48010735349999,4.001260742877498,0.04997669327929988,0.07315030654348428,0.9500162775929243,31.21840322051274,1.4636884064072886,0.3388236385777306,19.413164489769947,-0.013477116434368448,51,0.1981110758911521,-14.061824869446728,0.3388236385777306,19.413164489769947
71.97008822599997,4.028347561323052,0.049993097419896805,0.06858696507468212,0.9500035297949028,31.217555709606348,1.3719286984483807,0.20048916424097807,11.487182949113228,-0.007921074594376491,50,0.18569134612652435,-14.62416670894935,0.20048916424097807,11.487182949113228
72.47009168399995,4.055985458970831,0.04998515420320936,0.0671090166506108,0.9500102137017423,31.265512977086605,1.3425789661023386,0.10743014345299629,6.15529381234168,-0.004215507807060592,50,0.18171884280769038,-14.812000749038472,0.10743014345299629,6.15529381234168
72.97008878149995,4.0836238120245785,0.04997014298650516,0.06516943484181581,0.9500229795342678,31.311367412228705,1.304167467749999,0.10272206907065763,5.885541020600013,-0.004003484603327574,50,0.1765198241969932,-15.064130275110292,0.10272206907065763,5.885541020600013
73.46008749699996,4.110710130565551,0.04998300389334494,0.06806630710670968,0.9500167549152451,31.322359645455943,1.36178904437099,0.20427959390663245,11.704358571496408,-0.007909121808735408,49,0.1843189380582206,-14.688600808191401,0.20427959390663245,11.704358571496408
73.94008832449992,4.137244243260278,0.049980457377313006,0.06910960561446247,0.9500153270732972,31.293667412942593,1.3827325567019024,0.26654732325636554,15.272036663099,-0.010253763512577584,49,0.18715365461582525,-14.556033756885968,0.26654732325636554,15.272036663099
74.42008855950002,4.163777411976383,0.04997815717749306,0.06791357453616162,0.950015552206376,31.249387827734072,1.358865119715649,0.2586109099140181,14.817313674111176,-0.009885063628022361,49,0.1839231831579573,-14.707270506809804,0.2586109099140181,14.817313674111176
74.90008929549992,4.190309991928889,0.049972676848994126,0.061613439234789714,0.9500194541486037,31.223964006555203,1.2329425422010367,0.17756483370953724,10.173715561498772,-0.006744207721766768,49,0.16687948915778422,-15.551940767072722,0.17756483370953724,10.173715561498772
75.37007981099998,4.216290682970274,0.0499889849126455,0.062278566653058386,0.9500074688793473,31.224446490997316,1.2458457950664255,0.14599616067306265,8.364963831680338,-0.00551100775319108,48,0.16862595192709198,-15.46151171268499,0.14599616067306265,8.364963831680338
75.85008298549997,4.242823617889025,0.04997726585102986,0.06330608052262528,0.9500172358849907,31.21988389615248,1.2666975562713934,0.21014802299080151,12.040594790391118,-0.00788298068742629,48,0.1714482499165126,-15.317338873037388,0.21014802299080151,12.040594790391118
76.33007921649994,4.269357295188332,0.04996310774223887,0.06500183024666475,0.95003220013057,31.207884246118475,1.3009965389265035,0.15199662453733231,8.708765086223751,-0.0056661957423107135,48,0.17609063713911458,-15.085274703132352,0.15199662453733231,8.708765086223751
76.80008164899999,4.295338131444439,0.049979438160899683,0.06550995335106215,0.9500233111672578,31.160200275907602,1.3107380907357302,0.19120786036389015,10.955403408577682,-0.0070848150258905045,47,0.17740916183421168,-15.020479118349702,0.19120786036389015,10.955403408577682
77.26010371399997,4.320765595189166,0.049974042258649924,0.054681714232106084,0.9500239865288744,31.13339847666628,1.094202345071282,0.10638987084195728,6.09569058218609,-0.003918859624844909,47,0.14810092289845841,-16.588844702842675,0.10638987084195728,6.09569058218609
77.7200839075,4.346195556936667,0.049969414062395606,0.05451861122863816,0.9500258458042254,31.182069520776274,1.0910396339761375,-0.020472903329372683,-1.1730109551523862,0.0007497048215218321,47,0.14767284811488485,-16.613986979051887,-0.020472903329372683,-1.1730109551523862
78.1801024005,4.371621459028888,0.049963605606374806,0.06151321105211074,0.9500304165691714,31.20249762099922,1.2311603677430023,0.11560192163144545,6.6235022130839205,-0.004208648308413583,47,0.16663827080983437,-15.564504993424586,0.11560192163144545,6.6235022130839205
78.6300814535,4.396496498331386,0.049982961937231514,0.05692524523562669,0.950014890048552,31.17768805696178,1.1388929953193507,0.12327857745930904,7.063342192795011,-0.004462734131013802,46,0.15414982836506116,-16.241139089868284,0.12327857745930904,7.063342192795011
79.090094792,4.421923789277775,0.049973710053319596,0.05498145473070534,0.9500237866970482,31.156990805018694,1.100207582587779,0.06715533768731896,3.847717421259215,-0.002417071043571272,46,0.14891373528405036,-16.54130485181218,0.06715533768731896,3.847717421259215
79.55008513899998,4.4473525871516655,0.04996672850988504,0.050902946041442854,0.9500358029166696,31.17551818499445,1.0187368186686987,0.0017927929159318177,0.10271946762384536,-6.415768683036308e-05,46,0.13788662007084707,-17.209557477254478,0.0017927929159318177,0.10271946762384536
80.0000900435,4.472227157919723,0.049984862261501735,0.04758363006615481,0.9500227024710537,31.218299345716986,0.9519608119997492,-0.11146117782576964,-6.386255068973758,0.003966613677572597,45,0.1288484487859,-17.798416111571445,-0.11146117782576964,-6.386255068973758
80.44009729800001,4.496549496280556,0.04997883490865201,0.05616476921725154,0.9500230690515484,31.22823650956448,1.1237710786957273,0.030509754158211225,1.748080147247217,-0.0010798898557247984,45,0.1521030681675163,-16.357240508580723,0.030509754158211225,1.748080147247217
80.880082318,4.520872487803611,0.04997444893460959,0.05599535214301158,0.9500235895956399,31.185899590076776,1.1204796318270605,0.08255955796412084,4.7303142298098075,-0.0029064659056233233,45,0.151657568922229,-16.3827182010816,0.08255955796412084,4.7303142298098075
81.32009937599997,4.545192937764999,0.04997037233253587,0.048478605691460286,0.9500252840652763,31.163504003363258,0.9701469776701205,-0.06605644167723713,-3.7847553177577606,0.0023130391514608454,45,0.13130995687158298,-17.634046826202074,-0.06605644167723713,-3.7847553177577606
81.76007574149997,4.569516276543052,0.04996567142017562,0.046041963088141166,0.9500293546398931,31.187166465898695,0.9214719182088265,-0.14726262310302118,-8.437526783828845,0.005129114983097436,45,0.12472175930389692,-18.081155433840102,-0.14726262310302118,-8.437526783828845
82.19010180949994,4.593284847239304,0.04998489039097907,0.04751533243693914,0.9500136430778595,31.227730023235356,0.9505939107853756,-0.18218247592861145,-10.438286971953149,0.006312528517839628,44,0.12866343791266285,-17.810896966912757,-0.18218247592861145,-10.438286971953149
82.63012554899996,4.617608263986664,0.04997712724562243,0.047592280613492126,0.9500210604259283,31.255941412725456,0.9522812381670218,-0.13201575178568936,-7.563945406566662,0.004550182315497054,44,0.12889181865373808,-17.795492968106462,-0.13201575178568936,-7.563945406566662
83.07008564399996,4.6419323403361075,0.04997095025788019,0.0402758055164117,0.9500310882296422,31.284741818420883,0.8059843830978658,-0.19110222210217576,-10.94935078202635,0.006552198751178757,44,0.1090904543535432,-19.2442649887744,-0.19110222210217576,-10.94935078202635
83.51009597149994,4.666251979400135,0.04997371012935142,0.03745621913905262,0.9500421904855565,31.356537383383692,0.7495184776575792,-0.2917655227563948,-16.7169330613696,0.009951439694099123,44,0.10144776125781715,-19.87515065010987,-0.2917655227563948,-16.7169330613696
83.94009405199995,4.6900221515488845,0.049988444076923634,0.04461424119500947,0.9500265059102606,31.402861551546316,0.8924910950690086,-0.16801961919204036,-9.6268150550992,0.0057017114347743154,43,0.12079918806038126,-18.358719695436996,-0.16801961919204036,-9.6268150550992
84.36009455299995,4.713238803124718,0.04998161050836733,0.047340866697652584,0.9500286310553887,31.40105456195418,0.9471656918643575,-0.12417604328022502,-7.114763196590741,0.004193131714127998,43,0.1281994264906551,-17.842278353208446,-0.12417604328022502,-7.114763196590741
84.78009048099995,4.73645496847722,0.04997585123352188,0.04625022016850064,0.9500305476276025,31.395014031926824,0.9254513735521481,-0.16443903164271137,-9.421662500345558,0.005525500590074484,43,0.12526038089581168,-18.04372544032033,-0.16443903164271137,-9.421662500345558
85.20009056149996,4.759671200052496,0.049971264110620806,0.053725369602245075,0.9500331210784038,31.34018529631688,1.0751252856704576,-0.040157080416478357,-2.30083122543166,0.0013427813770730186,43,0.14551883182894354,-16.7416160057029,-0.040157080416478357,-2.30083122543166
85.62008751699994,4.782888376933053,0.04996826673993506,0.058223629914327904,0.9500370196970356,31.22623762683396,1.1652121178699018,0.08451540587046792,4.8423760602129935,-0.0028123266845562506,43,0.1577121368879517,-16.042697676777312,0.08451540587046792,4.8423760602129935
86.03008948649995,4.805552814398609,0.04998434095192651,0.04345453861050673,0.9500184354558697,31.1434132832136,0.8693630401629191,-0.11225638409256676,-6.431817031903587,0.0037178154339336444,42,0.11766879239648334,-18.586774071442957,-0.11225638409256676,-6.431817031903587
86.45009124299997,4.828769155285691,0.0499797225502119,0.04371257987844372,0.9500245417724553,31.153937203693385,0.8746062932727984,-0.27357270452496557,-15.674561359260046,0.009016883354737788,42,0.11837846975009268,-18.534545566956574,-0.27357270452496557,-15.674561359260046
86.87010175399996,4.851985592245553,0.04997906972117838,0.059598017434690405,0.9500319098504959,31.081620487356652,1.1924595188980887,-0.004644160132894315,-0.2660907749977598,0.00015233784759001337,42,0.1614000884419177,-15.841924632697022,-0.004644160132894315,-0.2660907749977598
87.29014708599993,4.87520239669208,0.04998623962900632,0.049288319246775285,0.9500391233332607,30.96081479766003,0.9860377498405373,-0.07217411571507693,-4.1352722205627375,0.0023561826452856605,42,0.13346078211392381,-17.492926688046616,-0.07217411571507693,-4.1352722205627375
87.71008646749993,4.898422647459304,0.050003617386989864,0.03807195567893529,0.9500436686463153,30.935384915159187,0.7613840291650779,-0.34036998091501963,-19.501763379379003,0.011058981399005446,42,0.1030537705456562,-19.73872227134605,-0.34036998091501963,-19.501763379379003
88.12011538500002,4.921082554606941,0.05000267767429241,0.03807811116053655,0.9500256699235166,30.953455557182725,0.7615214410830128,-0.3516018866372243,-20.14530417315017,0.01137131467269605,41,0.10307236932855507,-19.73715481390277,-0.3516018866372243,-20.14530417315017
88.52009558399993,4.943195261311112,0.04999837773764683,0.04261263301091674,0.9500299736095003,30.956396381342454,0.8522803126636463,-0.35460221577154855,-20.31721036969709,0.011417047575096553,41,0.1153566353081156,-18.759148396534084,-0.35460221577154855,-20.31721036969709
88.92010249999998,4.96530579051305,0.04999380928623695,0.04273648052780851,0.9500334958399359,30.915024535178045,0.8548354513880513,-0.20679749027751088,-11.848623406799048,0.006628563110765276,41,0.11570247481844247,-18.7331470321148,-0.20679749027751088,-11.848623406799048
89.32009729399994,4.98741607063333,0.04999023584709534,0.02771961759132041,0.95003673969977,30.933035902625775,0.5545006364064003,-0.4880526552603012,-27.963357326568598,0.015574395934433825,41,0.07505198318161214,-22.492756548507135,-0.4880526552603012,-27.963357326568598
89.72007748949994,5.009527188101385,0.04998846344473735,0.024902792411269126,0.9500404659443086,31.031156114922922,0.4981707917227615,-0.7676997914379311,-43.985957982466985,0.02439016937729634,41,0.06742770598832003,-23.42323231100862,-0.7676997914379311,-43.985957982466985
90.11008915899998,5.0310925296066635,0.04999120288817173,0.03611554310614057,0.9500203979027169,31.108804671086226,0.7224379694749405,-0.46329064685694127,-26.54459875278859,0.01465586174406706,40,0.09778239874742446,-20.194786261060802,-0.46329064685694127,-26.54459875278859
90.51011586549998,5.053197535978193,0.0499897149668411,0.04983600438745023,0.9500249896858608,31.058328258595246,0.9969251559147151,-0.1598624785991946,-9.159445326234296,0.005035010704179594,40,0.1349343988492736,-17.39754642894424,-0.1598624785991946,-9.159445326234296
90.91010832849997,5.0753103733590255,0.04999257221161308,0.042626771825093716,0.950029519654069,30.970212733053135,0.8526621043754112,-0.22832160093823578,-13.081864105431126,0.00715985993580235,40,0.11540831103804074,-18.75525829362456,-0.22832160093823578,-13.081864105431126
91.31009404599996,5.097419024719581,0.050000375428374814,0.04023363412840794,0.9500331948251082,30.945484256661334,0.8046666406743753,-0.4338453092018681,-24.85750517881526,0.013545801348067033,40,0.10891209715120263,-19.258477586843966,-0.4338453092018681,-24.85750517881526
91.71009434349997,5.1195301415519445,0.0500127378120533,0.041618615624267385,0.9500345688651357,30.89849520812452,0.8321603144516737,-0.3845959465900921,-22.035724557451104,0.011956242916926025,40,0.11263338186479167,-18.966657516319408,-0.3845959465900921,-22.035724557451104
92.11010157149997,5.141641754419441,0.05002423879013507,0.030899830012028836,0.9500313927381056,30.879956545570863,0.6176971556061415,-0.3783453568143905,-21.677592143835778,0.01171134369311506,40,0.08360566875869989,-21.555285497354216,-0.3783453568143905,-21.677592143835778
92.50010252799996,5.163199798981662,0.05000823759475109,0.034621355250935244,0.9500165538652194,30.89427428258247,0.692313045132571,-0.5131225235199729,-29.399754970796767,0.015816933144074338,39,0.09370497274167,-20.564747226649477,-0.5131225235199729,-29.399754970796767
92.88009714949993,5.184205335798054,0.05000973549659747,0.03938885573843909,0.9500221400753361,30.849081875024734,0.7876237566007322,-0.4408096263218556,-25.25653115698125,0.013532841862409497,39,0.10660533289363422,-19.444421386799203,-0.4408096263218556,-25.25653115698125
93.2600917245,5.205210941435274,0.0500088693588506,0.017436809612634652,0.9500268071034892,30.860835561434186,0.3486743418954877,-0.35354548923854484,-20.256664399256483,0.010810034954057315,39,0.04719327467934674,-26.522397729755674,-0.35354548923854484,-20.256664399256483
93.64009912849997,5.226215915966112,0.050006775694133476,0.01816231092756275,0.950030423259648,30.979275621142754,0.3631970003155683,-0.9576256217779017,-54.86790648146502,0.02916275442654159,39,0.049158924931003704,-26.16795246755791,-0.9576256217779017,-54.86790648146502
94.02009154249998,5.247222239993333,0.05000535131216069,0.038111622536740004,0.9500337818870918,31.018154307115108,0.7621508805892885,-0.546895293302458,-31.334792141800122,0.016588031781723946,39,0.10315756433129664,-19.72997841210221,-0.546895293302458,-31.334792141800122
94.40009156349998,5.268227537899163,0.05000547645239941,0.03721183108995129,0.9500365848274964,30.958752855118956,0.7441551151977026,-0.35926463404499526,-20.584347259090258,0.010853506606353468,39,0.10072182703392832,-19.937528099712228,-0.35926463404499526,-20.584347259090258
94.77009016549994,5.288679743386108,0.04999622168953558,0.023987962030171273,0.9500191823805654,30.95972956480464,0.4797954969303621,-0.6929661577568631,-39.704036184865046,0.020853784829820258,38,0.06494059916612774,-23.74967417458144,-0.6929661577568631,-39.704036184865046
95.15009377049994,5.309685298941663,0.049997190580188776,0.028771904197830794,0.9500223648439192,31.001038502171923,0.5754704187165182,-0.6548579423810318,-37.52059627905437,0.01962901239621544,38,0.07789025539615936,-22.17033744279854,-0.6548579423810318,-37.52059627905437
95.53008874999995,5.330691706438328,0.050000564123618356,0.03769822043487659,0.9500252930353326,30.97246115215722,0.7539559022108991,-0.4263045736572848,-24.425452857686352,0.012727894220236655,38,0.10204836924828545,-19.823878619963555,-0.4263045736572848,-24.425452857686352
95.91008905499996,5.351696391230691,0.05000697052038051,0.025030703335965025,0.9500272083962396,30.930904195822308,0.500544285636413,-0.45200756369522266,-25.89812570772699,0.013442324231041827,38,0.06774895976801537,-23.381947373050195,-0.45200756369522266,-25.89812570772699
96.29008704149999,5.372701582229302,0.05001521656302215,0.015815312289821557,0.9500271617860429,30.98305462386092,0.3162100132045479,-0.5929225716387263,-33.97196093294222,0.017564079579477792,38,0.04279920893632928,-27.371285160746837,-0.5929225716387263,-33.97196093294222
96.67007426449993,5.3937077805272216,0.05002096794623149,0.02157206349755327,0.9500237508401531,31.066422225956018,0.43126041704633744,-0.6938546077276833,-39.754940618501564,0.02047392908559731,38,0.058371347915522724,-24.676005556269107,-0.6938546077276833,-39.754940618501564
97.0500905545,5.414712814232914,0.05001817742353884,0.03521880190892569,0.9500157132470881,31.043755084579185,0.7041200564087632,-0.7939357256146954,-45.48916628237861,0.023336195208116566,38,0.0953030585752026,-20.41786322521506,-0.7939357256146954,-45.48916628237861
97.42009402149995,5.435166268361943,0.050004569005539054,0.04371281687854038,0.9500073792292519,30.951451228341178,0.8741764552294865,-0.789270783676962,-45.221884797672914,0.02311177624710659,37,0.11832029092128821,-18.538815423672432,-0.789270783676962,-45.221884797672914
97.7800960065,5.4550665064433295,0.050009174785061346,0.03139377854563092,0.9500130709109611,30.89115279355175,0.6277603795815646,-0.5917460839246534,-33.904553152276854,0.017264558406508684,37,0.08496773196831307,-21.41491948307155,-0.5917460839246534,-33.904553152276854
98.14009627249992,5.474966567912222,0.05001213765705425,0.01615309589442915,0.9500182327994409,30.908063254655442,0.3229835126263743,-0.492139503401549,-28.19751647657298,0.014306285469614384,37,0.04371600601700024,-27.187190458697327,-0.492139503401549,-28.19751647657298
98.50009469700001,5.494866359238607,0.05001299959661341,0.018751211351224612,0.9500225642976339,30.972816298306757,0.37492674909453616,-0.757009176062354,-43.37343084104875,0.021926238867243535,37,0.05074655324066433,-25.891869003031772,-0.757009176062354,-43.37343084104875
98.86010898649994,5.514766123589444,0.0500129006488122,0.027617975800801997,0.9500262348238175,30.987673641380994,0.5522170368548284,-0.6558128426560179,-37.57530803466695,0.018926615075367262,37,0.0747428966560333,-22.52860150212419,-0.6558128426560179,-37.57530803466695
99.22009796999998,5.534667912046663,0.05001245042755176,0.029839436331006865,0.9500291855970554,30.953522132142712,0.5966401581188747,-0.5807906555233562,-33.27685334212477,0.016701219512543903,37,0.08075559191927256,-21.856547904866158,-0.5807906555233562,-33.27685334212477
99.58010786549994,5.554566929760552,0.050013054669044196,0.025604024181018353,0.9500315032624502,30.937080560912673,0.5119468176949024,-0.6380076006707517,-36.55514281570206,0.018280824528894003,37,0.06929229910451763,-23.18630057248312,-0.6380076006707517,-36.55514281570206
99.94010054399996,5.574466235305829,0.05001483283260078,0.020680788331055123,0.9500332939695898,30.937297265814074,0.4134931011420861,-0.7000894223844405,-40.112169184380065,0.019988046832742287,37,0.05596653138894448,-25.041432166428915,-0.7000894223844405,-40.112169184380065
100.29008282599995,5.593813875483331,0.05000003894337337,0.017766270219208055,0.9500187047172849,30.960793289679412,0.35532512763297885,-0.7879714899968758,-45.14744075345595,0.022419329716731554,36,0.04809346239157302,-26.35827911295296,-0.7879714899968758,-45.14744075345595
100.65008707749996,5.613712895878193,0.050002810987900645,0.01226268982798053,0.950020825510488,31.03265573368335,0.24524000922563685,-1.209916017517794,-69.32308136904618,0.03430245160122194,36,0.033193377679680613,-29.578971051249514,-1.209916017517794,-69.32308136904618
101.01009414999999,5.633612502549164,0.05000731164953204,0.022449698755973614,0.9500221894095695,31.09534499985985,0.4489283269876335,-0.864265905252163,-49.51878874800243,0.024416338699978415,36,0.060762709787281766,-24.327257329686745,-0.864265905252163,-49.51878874800243
101.37007362499997,5.653514135814024,0.05001295513262829,0.039734779772180366,0.9500221368649744,31.035582247737047,0.7944897410442665,-0.6555610363164798,-37.56088059415678,0.01845503114023618,36,0.10753464787570698,-19.369031653233407,-0.6555610363164798,-37.56088059415678
101.73010484499997,5.673412460206384,0.050017059207207476,0.03375943397936531,0.9500198554387945,30.93098369618076,0.6749583944851473,-0.6587622403819813,-37.744296076470135,0.01848010656980679,36,0.09135601069727195,-20.78525746611268,-0.6587622403819813,-37.744296076470135
102.09007578049994,5.693313857960277,0.05001607292269282,0.021475779633358616,0.9500145039604627,30.90416382386412,0.42937756561880785,-0.647955183670843,-37.12509733796338,0.01811339985043051,36,0.05811650288128031,-24.714010538910927,-0.647955183670843,-37.12509733796338
102.45010247299996,5.71321393393958,0.05000632258656937,0.019930606238133565,0.9500053270020931,30.919586206768706,0.39856172594236117,-0.8169797588881751,-46.80949213190804,0.02275888292238646,36,0.0539455610837873,-25.360885709567327,-0.8169797588881751,-46.80949213190804
102.81010999049994,5.733113882614164,0.049989343281279665,0.020156510769109126,0.9499928205313616,30.923022066294674,0.40321615460504495,-0.6148333724681694,-35.227357346221055,0.01706817140034738,36,0.05457554070649008,-25.260039056606715,-0.6148333724681694,-35.227357346221055
103.16010138549996,5.752460769687217,0.04999492010990978,0.01748751799825991,0.9499951561943676,30.94001062128905,0.34978589744348065,-0.47020144335775044,-26.940558225358735,0.013009195013319296,35,0.04734372436833908,-26.494751612128557,-0.47020144335775044,-26.940558225358735
103.50009472699992,5.7712556925055525,0.04999878441343978,0.019613506780071604,0.9499996384786235,30.960514178368793,0.3922796725993893,-0.8021886113349429,-45.96202180295258,0.022122097787448978,35,0.053095281515312356,-25.498881443875337,-0.8021886113349429,-45.96202180295258
103.84009661249996,5.790049702908884,0.050003939963337,0.023634687439806647,0.9500042994884571,30.9302370010229,0.47265650381021285,-0.8604356175511627,-49.29932942841425,0.023651365492906917,35,0.06397433230111661,-23.87988476280659,-0.8604356175511627,-49.29932942841425
104.18009296349993,5.808843877431943,0.050009045409796254,0.01771000176461995,0.9500087101181593,30.923163891377342,0.3541359691931001,-0.6030188193213148,-34.55043331407328,0.016521949616393392,35,0.04793250910609357,-26.387396731071977,-0.6030188193213148,-34.55043331407328
104.52008065199999,5.827638352500274,0.05001326002823827,0.007536883662271562,0.9500126493510292,30.98085751183287,0.1506977081281268,0.103863637803838,5.950948091035344,-0.0028365540831638784,35,0.020397022317662973,-33.80866457834203,0.103863637803838,5.950948091035344
104.86009501499996,5.846431705761389,0.050016196253196796,0.01247366809441151,0.9500157369902222,31.049150705846742,0.2493925773816567,-0.7539568351320896,-43.19854458810956,0.020524648747875178,35,0.03375543019133487,-29.433127056698375,-0.7539568351320896,-43.19854458810956
105.20012121399998,5.865227707491386,0.05001854843679636,0.018174558661205677,0.950018198083269,31.0759349276601,0.36335637936736853,-0.7209772880689634,-41.30895573113937,0.019563963238222397,35,0.049180496978229356,-26.164141738943954,-0.7209772880689634,-41.30895573113937
105.54009807599999,5.884026139564163,0.05002019053221874,0.01025671548215717,0.9500196185182709,31.103580689993642,0.2050515076617045,-0.6440490498650895,-36.90129235668033,0.017420655083503784,35,0.027753840652242803,-31.133538190529716,-0.6440490498650895,-36.90129235668033
105.87012874649997,5.902263794031525,0.05000363415828946,0.016748050566339674,0.9500124371984833,31.13873776379412,0.33493666706949193,-0.863502310015315,-49.475037963674744,0.023284398292936343,34,0.045333872413053526,-26.871543639655464,-0.863502310015315,-49.475037963674744
106.21009438800002,5.921057136624025,0.05000600567639905,0.021847103484749542,0.9500136276078448,31.134240339537673,0.43688959334459604,-0.7627204046930125,-43.70066013741977,0.02050152866336913,34,0.059133260196816466,-24.563363527254296,-0.7627204046930125,-43.70066013741977
106.55008368099993,5.939852336273472,0.05000852945364119,0.02572051898209015,0.9500140707507195,31.093237152995233,0.5143226418192027,-0.7969251230544149,-45.66044613896175,0.02135315247378695,34,0.06961386827957765,-23.14608465683477,-0.7969251230544149,-45.66044613896175
106.89009689699998,5.958646737214302,0.05001065353450416,0.029509255381078518,0.9500134445980354,31.022092768983907,0.5900593832615888,-0.7741841779983367,-44.35748596510958,0.020678392968396513,34,0.07986488022034313,-21.95288310697373,-0.7741841779983367,-44.35748596510958
107.23008714299999,5.977441607242358,0.05001110134274585,0.024763029448763504,0.950011440924089,30.959591469900108,0.49515065223324467,-0.8031394685720897,-46.01650190956056,0.02138433544220206,34,0.06701892835437118,-23.476050417960078,-0.8031394685720897,-46.01650190956056
107.57009453149999,5.9962356725365265,0.05000838611567277,0.023543816826896706,0.9500074708910088,30.91657367609066,0.4707973733133133,-0.8991313328009334,-51.516430597466126,0.02386517207112007,34,0.06372269790861167,-23.91411690411656,-0.8991313328009334,-51.516430597466126
107.91009518649997,6.015030285882222,0.05000111670009688,0.01877528935447956,0.950001408918375,30.889077723343863,0.3754974007299157,-0.807925945789821,-46.29074685287209,0.021377350040355632,34,0.05082379127093716,-25.87865882560541,-0.807925945789821,-46.29074685287209
108.25009544049999,6.033824840495274,0.04999037993333074,0.013478714556915511,0.9499932883850165,30.91329130474231,0.2696261675724667,-0.5266367550832491,-30.17406340273498,0.013891162736917468,34,0.03649405837496661,-28.755556751973952,-0.5266367550832491,-30.17406340273498
108.59010234199997,6.052619087957359,0.049980536871673135,0.01458529107340713,0.9499838121426651,30.924321514297556,0.29181941584291904,-0.8106694956716302,-46.44794068198337,0.02131673174455395,34,0.03949792741781214,-28.068513851836826,-0.8106694956716302,-46.44794068198337
108.93008981399998,6.071413675958193,0.049979176576161174,0.017130126012526548,0.9499747543906999,30.894162604908598,0.34274526284807166,-1.0918318190102454,-62.557355167378624,0.028621082386232174,34,0.04639077038677641,-26.671368306491434,-1.0918318190102454,-62.557355167378624
109.260100782,6.089654531672221,0.04999396447453685,0.014899694958833143,0.9499876264129077,30.863044279471403,0.2980298745145911,-1.1641678954014476,-66.70190705113042,0.03042587624279405,33,0.04033851660594576,-27.885601528363647,-1.1641678954014476,-66.70190705113042
109.58009483699999,6.107344944956389,0.04999156038775353,0.014379437238200645,0.9499893645638563,30.857858869377647,0.287637295708881,-0.951404232506478,-54.511447133504475,0.024793210117762247,33,0.03893187502876987,-28.19389358757438,-0.951404232506478,-54.511447133504475
109.90010591250001,6.125033730862776,0.04999191860879628,0.01745700821124852,0.9499923161531788,30.8349694226574,0.3491966041122673,-1.2385610289945848,-70.96431963077009,0.03218318767653637,33,0.047263963173708366,-26.509397295076784,-1.2385610289945848,-70.96431963077009
110.22009372299999,6.142722319814444,0.0499947922083603,0.029711059791956256,0.9499959264251397,30.748615010200098,0.5942830938896846,-1.3667068098270234,-78.30653203487726,0.03541070769871564,33,0.08043656190691113,-21.890930013809992,-1.3667068098270234,-78.30653203487726
110.54008780099997,6.160409964068888,0.04999897886021159,0.03094664259719362,0.9499997408761327,30.641876525778855,0.6189454925412583,-1.2536969979075767,-71.83154676832575,0.032389414912359415,33,0.08377463188787962,-21.537749436231337,-1.2536969979075767,-71.83154676832575
110.86008372399999,6.178098498184996,0.05000350089429939,0.02419730817448313,0.9500033249315981,30.545160728496633,0.4839122809747452,-1.0627945169995345,-60.89364031371815,0.0273788125781957,33,0.06549780827748919,-23.67546464716215,-1.0627945169995345,-60.89364031371815
111.18008191099995,6.195788180973332,0.05000822235318867,0.015049369232776806,0.9500068976102455,30.50058300841708,0.3009378963021111,-0.7703372497230894,-44.137073210848364,0.01978811695302099,33,0.04073211904381339,-27.80125991264482,-0.7703372497230894,-44.137073210848364
111.50007738649998,6.213477224197774,0.05001105329676759,0.0113200669769936,0.9500092136048834,30.510510564586443,0.22635130097780326,-0.8305517995569331,-47.587112781607786,0.021274146443889416,33,0.030636780048113998,-30.275137627277196,-0.8305517995569331,-47.587112781607786
111.82007973849994,6.231164818978609,0.05001339589295878,0.013210078856234833,0.9500110750984545,30.52298843534606,0.2641308117630668,-0.9037413112033976,-51.78056290357379,0.023083147554737372,33,0.03575025877456042,-28.934416205114285,-0.9037413112033976,-51.78056290357379
112.14007477399997,6.248853813558607,0.05001477114018779,0.012417777880363832,0.9500122022227724,30.525962342531756,0.24828220938085865,-0.8245890787475365,-47.24547404481453,0.021001839988240224,33,0.03360514123754507,-29.471885499650252,-0.8245890787475365,-47.24547404481453
112.46006785849994,6.266543447702498,0.050015237337589745,0.006488797614701231,0.9500123143183752,30.56190622099098,0.12973641554279844,-0.04435899383977416,-2.5415831304658774,0.0011266104191412546,33,0.017559899192296696,-35.10955963232833,-0.04435899383977416,-2.5415831304658774
112.77008477749996,6.283679372306386,0.05000478055592497,0.011564498330289366,0.950009593421039,30.665952930075807,0.2312678548275143,2.4695509884132423,141.49484892843964,-0.06254953885070366,32,0.03130223846711852,-30.088492086670634,2.4695509884132423,141.49484892843964
113.09007613199998,6.301368668094998,0.05000686108175191,0.011906597749107592,0.9500101791734157,30.81876776717402,0.23809928260929075,2.428403108697017,139.13724908478798,-0.061334668534113575,32,0.032226876184952465,-29.835635789466103,2.428403108697017,139.13724908478798
113.41008082549996,6.319057045332775,0.05000785057286525,0.0025468144052402226,0.9500090200530222,30.922696343178416,0.0509282917794941,-1.61879585761888,-92.75017053482235,0.040771805152007595,32,0.006893173870591267,-43.2316153380344,4.664389449560707,267.2498294651777
113.73018180699994,6.3367465775444405,0.0500072667673809,0.01832088319594764,0.9500072837463797,30.925739540587717,0.3663644182188761,-1.1051898103802877,-63.32271169565423,0.027758159368427685,32,0.04958763678379582,-26.092531770944394,5.177995496799299,296.6772883043458
114.05009543849997,6.354441034895554,0.05000461054128426,0.02371156654435543,0.9500043002804232,30.866079216282188,0.47418760565646134,-1.1474129795506267,-65.74192108678155,0.02873839673079659,32,0.06418156782524279,-23.85179356359029,5.13577232762896,294.25807891321847
114.37007903,6.37212428321236,0.04999915034551394,0.02427509956021369,0.949999796559619,30.79091554307968,0.4855102415233685,-1.295119942876896,-74.2049066900704,0.03234788457419071,32,0.06571409316581213,-23.646829617089942,4.98806536430269,285.7950933099296
114.690085776,6.389812392684582,0.04999154801084454,0.022725221225327445,0.9499938844648299,30.707674167840135,0.4545812668252986,-1.384245690729796,-79.31143588798874,0.0344782492183221,32,0.06152783847743561,-24.218566835184436,4.89893961644979,280.68856411201125
115.01007123399995,6.407501674156247,0.04998445062273469,0.012757582556322991,0.9499872280779788,30.674330797033257,0.25523102479634724,-0.8410075385655978,-48.186182498494574,0.020889656179120454,32,0.034545667439778584,-29.23212824219683,5.4421777686139885,311.8138175015054
115.33007715049996,6.425190387814579,0.049982116084033,0.015697473859684587,0.9499801272656302,30.731456838871324,0.31406181029416663,-0.08041425197182893,-4.607397250687356,0.00199189828220902,32,0.04250844842477153,-27.430494933288717,6.202771055207758,355.3926027493127
115.65007809249994,6.442879282922221,0.04998850250127245,0.013598139138800864,0.9499745104982892,30.803861313876503,0.2720253349948766,-0.3408693378692327,-19.530374425325917,0.008420309878248062,32,0.03681878707898312,-28.678610451121955,5.9423159693103536,340.46962557467407
115.97008024949997,6.46056823222972,0.05000361759303119,0.00794282752073125,0.9499725295416435,30.834539558210032,0.15884505767915102,-0.952766791025214,-54.589515985967644,0.02347123951868416,32,0.021499770811228322,-33.351323393268714,5.3304185161543725,305.41048401403236
116.28008606049997,6.477704657816108,0.05000068337985751,0.009544420246204041,0.9499876937867321,30.795396372527676,0.19088579597391975,-2.543577168105926,-145.73623659830747,0.062494803456541785,31,0.025836503348110332,-31.755325261972885,3.73960813907366,214.26376340169253
116.58008028999996,6.494288069312219,0.049996744149207496,0.017569205472686922,0.9499864311479564,30.694568301976236,0.3514069920284082,-2.324830559171029,-133.20297912353917,0.056974416809685846,31,0.047563140461911624,-26.454589556991614,3.9583547480085572,226.79702087646083
116.88008631749994,6.510870885356108,0.04999303974479408,0.011923657456287021,0.9499868985658335,30.638551972850493,0.23850635042708454,-0.974071966228874,-55.81021260692414,0.02381069615452647,31,0.032281973050508526,-29.820798587573233,5.309113340950712,304.18978739307585
117.18008205949997,6.527454806900273,0.04999030022286656,0.016073788429151387,0.949988435011236,30.693278510457564,0.32153814555006244,0.114456205032746,6.557857487460359,-0.002790715728777516,31,0.0435203747437782,-27.22614747370934,6.397641512212332,366.55785748746035
117.48009648799996,6.544038186777497,0.049990231954049905,0.00894412729265716,0.9499909239577119,30.78107569098715,0.17891749934023984,0.12843623759262357,7.358854350596816,-0.0031236465163503443,31,0.02421658744777013,-32.317741135520485,6.41162154477221,367.3588543505968
117.78008604299998,6.560622527050832,0.04999235348832032,0.006127215418308382,0.9499940081157455,30.825210231360572,0.12256305196233419,-0.9331915614948071,-53.46793795087547,0.0226384080552044,31,0.01658898026552019,-35.60360618990326,5.349993745684779,306.53206204912453
118.08009678599996,6.577204659087499,0.04999588587183592,0.00870250254770353,0.9499971636501517,30.82759667893464,0.17406437341689132,-1.172972473624779,-67.20637222372011,0.028383542395959353,31,0.023559714035436576,-32.55659970519076,5.110212833554807,292.7936277762799
118.38009769550001,6.5937881731791625,0.04999981469815725,0.006451912007727853,0.9500002491589798,30.82703995049571,0.12903871837680309,-0.8838848746069776,-50.64287289042981,0.021334420097094957,31,0.017465465475669247,-35.15639670803225,5.399300432572609,309.35712710957023
118.68009437699992,6.610372808359445,0.05000355698089439,0.0070537570705831365,0.9500029692745283,30.83435665926987,0.1410651060939179,-1.156011461529135,-66.23457781436937,0.02783276279676417,31,0.019093244037890623,-34.38240553054327,5.127173845650451,293.7654221856306
118.98009327599999,6.626955594055829,0.05000657639052974,0.012432325920410053,0.950005179135389,30.821819445085435,0.24861381877693373,-1.1902187659924166,-68.19451198863443,0.028584649056399444,31,0.03365002476189661,-29.460292237150103,5.092966541187169,291.8054880113656
119.28009782949994,6.643537503820553,0.050008806282244224,0.013156851131737134,0.9500068279283401,30.796794388237625,0.2630906856180751,-1.2249436791098174,-70.18410295421997,0.02934518566763341,31,0.03560947709674922,-28.96868807252096,5.058241628069769,289.81589704578005
119.58008467699995,6.660121888205552,0.05001010873407571,0.01267607138155052,0.9500078390462124,30.76353410323758,0.25347018237761487,-1.1532715322613292,-66.07759143115972,0.027559385273654303,31,0.03430733639573752,-29.29225998078166,5.129913774918257,293.92240856884024
119.88008677249996,6.676705191025551,0.05001051618443761,0.0054078004926482294,0.9500080472721788,30.755788193652826,0.10813326686540063,-0.5628824574234645,-32.25078917231677,0.013417624848716324,31,0.014635900472090336,-36.691611049804436,5.720302849756122,327.7492108276832
120.17008471249994,6.692735241425137,0.050003679206222756,0.003153586491882236,0.9500073395030457,30.800345600076387,0.06306708910111128,-2.750465185090352,-157.59004680334598,0.06540676034811752,30,0.008536167138067517,-41.37474180037415,3.532720122089234,202.40995319665402
120.47008064599999,6.709318745511523,0.05000488106472749,0.007684927342153079,0.950007509190211,30.833612992717057,0.15368354405653978,-1.3207470110285144,-75.67322953645227,0.031330068424556275,30,0.020801156944693523,-33.638250184665026,4.962438296151072,284.32677046354775
120.77009200049997,6.725902548705971,0.050005649615098666,0.014016510154257861,0.9500070931993738,30.811647001680022,0.2802985315088423,-1.121029714513867,-64.23027135040014,0.026526911314245075,30,0.03793856903207225,-28.418381077378754,5.162155592665719,295.76972864959987
121.07009932149998,6.742485477654721,0.05000552010276786,0.005711779139246898,0.9500059528750397,30.795004706443486,0.11422297233402327,-0.9759441722157349,-55.91748210835039,0.02303695569009817,30,0.015460145644059922,-36.21572838155749,5.307241134963851,304.0825178916496
121.3700871195,6.759069290716248,0.05000411087097589,0.001854593984806962,0.9500039575023299,30.822665718933383,0.03708883034821507,-1.6874896500849579,-96.68603492187619,0.039735103706707776,30,0.005019994728157131,-45.9859347787469,4.595695657094629,263.31396507812383
121.67009981199998,6.775652177543331,0.05000074572337139,0.016888262234193485,0.9500010059705972,30.809922155119832,0.33776020717026145,-1.5110986962493997,-86.57957772281176,0.035494565055287246,30,0.04571604020555404,-26.798627880213033,4.772086610930186,273.4204222771882
121.97009300349993,6.792235568531387,0.04999576168721577,0.01991775198545235,0.9499970125587975,30.72654470481416,0.39838880963674655,-1.5055476355179453,-86.26152537107862,0.0352778324360746,30,0.053922156761395675,-25.364654907036197,4.77763767166164,273.7384746289213
122.27009158199996,6.808819079251107,0.049989862510184446,0.008240279397262056,0.9499921436580769,30.687719089424476,0.1648390090207442,-0.8494577150883698,-48.670341949389936,0.019855924020047672,30,0.022311055606492193,-33.029597627734965,5.433727592091216,311.32965805061
122.57009184899994,6.82540232607472,0.04998573229955058,0.006866023084117348,0.949986805457007,30.7366170828045,0.1373596578113767,0.14113874899382983,8.086654643102744,-0.003291077725683709,30,0.018591709460790893,-34.61361352219932,6.4243240561734165,368.08665464310275
122.87009420449994,6.841985560129165,0.049985879848587655,0.004668276394319192,0.9499817438937039,30.76764190462802,0.09339190204233433,-1.2800673670254406,-73.34245762298147,0.029776305015890774,30,0.012640648181768509,-37.9646131183071,5.003117940154146,286.65754237701856
123.17009416999996,6.858569394140967,0.04999282601606548,0.007763979685599029,0.9499780241560236,30.76112789445063,0.15530187637530293,-1.1616246820493161,-66.55619165965197,0.0269558124357005,30,0.021020199163936448,-33.54726346797397,5.12156062513027,293.443808340348
123.47009441949996,6.875152388593887,0.05000484551644533,0.00616938165086317,0.9499768473828323,30.776270808438387,0.12337567663986115,-0.8341805163174831,-47.79502293703568,0.01931069234525432,30,0.016698969487581275,-35.546206576648316,5.449004790862103,312.2049770629643
123.77009006700001,6.891735299991943,0.05001544853708633,0.002707339548000927,0.9499795314328426,30.76784728708477,0.05413006635326766,-2.413303178772546,-138.27208682917248,0.055731845951988865,30,0.007326535918684659,-42.70202633801353,3.86988212840704,221.72791317082752
124.07008578699998,6.908318905899998,0.05001596331367378,0.003454087635215654,0.9499866632144498,30.724541630557567,0.06905970426988352,-2.3481840129240084,-134.54103346063883,0.05409783451470977,30,0.009347271081564048,-40.58630324180793,3.935001294255578,225.45896653936117
124.36009748099997,6.924349276883055,0.05000304450149703,0.00933205254138398,0.9499946297146477,30.717018244548733,0.18662968694045398,-1.3278400678063105,-76.07963175366665,0.030520169040632435,29,0.025260436518559092,-31.951182975880243,4.955345239373276,283.9203682463334
124.64008734949999,6.939827556583055,0.050004621130351014,0.012212163471975306,0.949990782465169,30.756528420249555,0.2442206979259155,-0.915103864789501,-52.43158926854875,0.020986588259760238,29,0.03305541330326564,-29.615148166698987,5.3680814423900856,307.56841073145125
124.92010362949998,6.955304824533887,0.05000342784823983,0.004936114550369915,0.9499878861133433,30.78438424991314,0.09871552337073769,-1.0973911650505317,-62.8758822323398,0.025111081804365158,29,0.013361203420431511,-37.483088478952695,5.185794142129055,297.1241177676602
125.20008986549999,6.970783900233885,0.049999844127619646,0.005978053617158672,0.9499861636256319,30.788941342163078,0.11956144506971426,-1.1239341788560016,-64.3966848989507,0.025661343521043774,29,0.016182711029324736,-35.818974417825935,5.159251128323585,295.6033151010493
125.48010066949996,6.986260666151943,0.04999505817764045,0.0046088023875742136,0.9499857273082113,30.800772063207276,0.09218515900508406,-0.6828257351022151,-39.123032764274875,0.015555544833647508,29,0.012477314810822013,-38.07757734486085,5.600359572077371,320.87696723572515
125.76008908149998,7.00173834044972,0.04999110273472637,0.011559997072430113,0.9499864403870338,30.77515449051888,0.2312410897149494,-2.3398929125468637,-134.06598840150912,0.053187580744927666,29,0.03129861579358816,-30.08949738101961,3.9432923946327225,225.93401159849088
126.04009984549998,7.017215848969442,0.0499888883676953,0.012588828912540763,0.9499879727583138,30.711595260589796,0.25183254366336616,-1.917238985639143,-109.84970219506594,0.0434842063035262,29,0.034085681044652816,-29.348560484253852,4.365946321540443,250.15029780493407
126.3200937785,7.03269492024722,0.049988859832026375,0.005431913300155402,0.9499901082927495,30.694081689974357,0.10866247636789142,-0.9048900822629119,-51.846382636910725,0.020478313246938287,29,0.014707529285607833,-36.64920556346411,5.378295224916674,308.15361736308927
126.6001027685,7.0481722965425,0.049990316226021826,0.004705031454461072,0.9499925184259211,30.711850514901652,0.09411885760410389,-1.59541375159636,-91.41047454360454,0.036026075152547854,29,0.012739042039256746,-37.897264583980444,4.687771555583226,268.58952545639545
126.88010116999999,7.063649774714722,0.049992870099026136,0.006525691788096428,0.9499950006016374,30.701175428651787,0.1305324494306949,-1.4986511271111997,-85.86638454599561,0.033766925379538765,29,0.01766764284134566,-35.0564277753236,4.784534180068387,274.1336154540044
127.16008589400002,7.079127777251942,0.04999577221164827,0.00416975650497199,0.9499972201271363,30.69329127153018,0.08340218223493102,-1.1273538206227225,-64.59261593963046,0.025345485886298137,29,0.011288533803986712,-38.94724924332275,5.155831486556863,295.4073840603695
127.44009779149997,7.094604165788612,0.049998457652576156,0.0031420650963614647,0.9499991706930903,30.70827931205163,0.06284324044942956,-1.3878606988654107,-79.51856059706492,0.03113420923644297,29,0.00850586909305512,-41.40562610890661,4.8953246083141755,280.4814394029351
127.7200858155,7.110083034141664,0.050000665582571144,0.001195155208364645,0.950000707073479,30.726982996470497,0.023902785981737874,-0.9217475926404061,-52.812246834639126,0.02063276686746672,29,0.003235255964936813,-49.8018270679922,5.36143771453918,307.1877531653609
128.00009980599998,7.12556087714722,0.05000208440654526,0.0024625326721539153,0.9500017633793119,30.763046215348712,0.04924860036097956,1.2451562587779685,71.34219846227695,-0.027811533284614234,29,0.00666582666156073,-43.52291967881569,7.528341565957555,431.34219846227694
128.28009527799998,7.1410391110772204,0.050002843284779094,0.001242692520889646,0.950002132279253,30.80506141146913,0.024852437166666533,-2.4280125591331947,-139.11487224309028,0.054114001430942735,29,0.003363791804357251,-49.463417837844446,10.138358055225979,580.8851277569098
128.5600931335,7.156516323031664,0.05000251433367084,0.004103339121288083,0.950002005087031,30.824151723056538,0.08206265576779136,-1.5754258186197194,-90.26525034285267,0.03503615379189217,29,0.011107228118686455,-39.0878861712387,10.990944795739454,629.7347496571474
128.83009763549995,7.171440847145277,0.05000276142569086,0.0054091348563515005,0.9500047676850917,30.82527156047717,0.10817672268740637,-1.5475058893820322,-88.66555623322928,0.03434361615867078,28,0.014641782242837173,-36.68812112795726,11.01886472497714,631.3344437667707
129.1100795845,7.186919571306248,0.050003278549742194,0.014559449114999451,0.9500045785473334,30.79086001775545,0.2911698900006331,-1.287249585780257,-73.75396844517216,0.0285062511883219,28,0.0394100137178258,-28.087868279305543,11.279121028578915,646.2460315548278
129.390099018,7.202396395404165,0.05000332339966762,0.014235498964502786,0.9500039654502761,30.721383663908252,0.2846910564468083,-1.2400597003697298,-71.05018717544297,0.027402217291016252,28,0.03853309983352551,-28.283321046605458,11.326310913989442,648.949812824557
129.67009480949997,7.217874186918471,0.050002582072583165,0.01010445438120111,0.9500027966296859,30.673059950975034,0.2020786519890833,-1.4259202043828298,-81.6992096335679,0.03144170196169927,28,0.02735146291037237,-31.2603888038605,11.140450409976342,638.3007903664321
129.95008729899996,7.233352245866663,0.05000086366311684,0.016961891099670265,0.9500010501495793,30.610925851481483,0.3392319623507266,-1.5013987153625523,-86.02380975663785,0.033035170828064855,28,0.04591524312399896,-26.760862234505133,11.064971898996621,633.9761902433622
130.23008128799995,7.248830506993329,0.04999798876862723,0.008442646427941727,0.949998635212204,30.55290687171209,0.1688597208781991,-1.3030993338064247,-74.66209211341737,0.028610780748006683,28,0.02285526129155591,-32.82027618595529,11.263271280552747,645.3379078865826
130.51010228349998,7.264307111113331,0.04999419193251358,0.0013038113467275453,0.9499954959328021,30.559795210295515,0.02607925633616683,0.16887071748468685,9.675579395218634,-0.0036998173425302435,28,0.003529842491463645,-49.044893465129405,12.73524133184386,729.6755793952186
130.79008140049996,7.279785587685138,0.049990456207229014,0.0027923517494385535,0.9499919344435429,30.582722950129913,0.05585769687444375,-0.6335885213909787,-36.30194822363735,0.013851883939582418,28,0.007560371713102605,-42.429137029180254,11.932782092968194,683.6980517763627
131.0700893925,7.295263397662219,0.049988069570166,0.0031266934863314593,0.9499881047790456,30.61384821872861,0.06254879440668659,-0.024030485889941385,-1.3768454211423176,0.0005242539447595279,28,0.008466015650160889,-41.44641866060839,12.542340128469231,718.6231545788577
131.35009976349994,7.310741817297915,0.04998907983058562,0.004783107417719663,0.9499844787297596,30.620092923642048,0.09568304585580983,-2.151666692958593,-123.28142042539854,0.04684181149172657,28,0.012950755827577575,-37.75409769394437,10.41470392140058,596.7185795746014
131.63010551849993,7.326218917895274,0.04999438081819021,0.0074912569883936195,0.9499818428108002,30.60533903610752,0.1498419795543895,-1.0591792782544682,-60.68650239169368,0.02300963425252567,28,0.020281198958215847,-33.858127490180536,11.507191336104704,659.3134976083063
131.91008030949996,7.341697295298745,0.050003139732192406,0.008139576338091847,0.9499809018741695,30.644354183067215,0.16278130496776635,-0.42749561925511365,-24.49369474364958,0.009267344895593874,28,0.0220325441678441,-33.13870701181073,12.138874995104059,695.5063052563504
132.19009051449996,7.357173739583052,0.050011674616950316,0.003984744310391077,0.949982393448916,30.67394562178449,0.07967628240627916,-1.279268366463205,-73.2966782629368,0.027673926329657657,28,0.010784231098243013,-39.34421628187181,11.287102247895968,646.7033217370632
132.47008367099994,7.37265191815236,0.05001441249484065,0.008105250548482377,0.9499868801121586,30.69342131706034,0.162058297682063,-1.2380971977289017,-70.93774405684024,0.026727057134166243,28,0.021934684711814513,-33.17737207487597,11.328273416630271,649.0622559431598
132.75008695699995,7.388129429491245,0.05000769663875914,0.004432332597231738,0.9499943594553928,30.717591593246727,0.08863300841967592,-1.109499424467959,-63.56963439420792,0.023900815415715895,28,0.011996529166061788,-38.418887715816005,11.456871189891213,656.4303656057921
133.03008212049997,7.4036077267419405,0.049993985625668744,0.00586055846014124,0.9500039542434432,30.721258961749278,0.11722526993591435,-2.017904847954277,-115.61743124676818,0.043378788165800534,28,0.01586650836815638,-35.990372697772194,10.548465766404895,604.3825687532318
133.31008330599997,7.419085940854858,0.04998350272791108,0.006004670301924821,0.9500138203368114,30.736597290439228,0.12013304338856945,-1.4810918340560253,-84.86031116270074,0.03177252406054439,28,0.016260077193755818,-35.777547938993244,11.085278780303147,635.1396888372992
133.58009988849994,7.43400953561083,0.049996384776347165,0.0025580289104724253,0.9500058252507704,30.727076370545635,0.051164277615580823,-0.034018058391465045,-1.9490911730605411,0.000728293678055597,27,0.006925114690561938,-43.19146059237291,12.532352555967707,718.0509088269395
133.84008684499997,7.448383227945553,0.04999748195857286,0.0020285600108151856,0.9500026837649019,30.71071217030091,0.04057324351846397,-1.4984820332633002,-85.85669618216934,0.03201913964811258,27,0.005491612074434877,-45.20600297525573,11.067888581095872,634.1433038178307
134.10009562899995,7.462755621141943,0.05000082891559064,0.000173443980691133,0.9499988054519021,30.701109020151783,0.003468822106608153,-1.5430691872129834,-88.41135192398625,0.03290836537404398,27,0.0004695070867589622,-66.56715696179835,11.023301427146189,631.5886480760138
134.360101037,7.477127344371663,0.050004495259092924,0.0018656197160266987,0.9499947750227745,30.67907385886345,0.037309040044503805,2.4329533104026444,139.39795643845366,-0.05178680632660949,27,0.005049800238443646,-45.93451602993389,8.716138617582232,499.3979564384537
134.62009303199994,7.491499993504166,0.05000643652058059,0.00671390170799961,0.9499911059347694,30.64418841146833,0.13426075071828894,2.5459324485876746,145.8711842294812,-0.054087663928735985,27,0.01817227058595191,-34.81181610288574,8.82911775576726,505.8711842294812
134.88009008199998,7.505871829721663,0.05000541726247271,0.007362121596298651,0.9499883307273016,30.59285822463955,0.14722648063620225,-3.0255633197154226,-173.35200886928425,0.06415422070804139,27,0.01992718966060443,-34.01107891405103,9.54080729464375,546.6479911307158
135.14008656199996,7.520243298894719,0.05000200382521044,0.003985027028868518,0.9499865342109626,30.57168223637477,0.07969734658632446,-1.4490980991152578,-83.02720517973452,0.03066804042538881,27,0.01078708214724584,-39.341920279133944,11.117272515243915,636.9727948202654
135.40008047899994,7.53461551796611,0.04999733107767866,0.005236347691633712,0.9499857808213893,30.588585964419106,0.10473254429317894,-0.5778239140411581,-33.10687157628843,0.01220547112683745,27,0.014175610696861567,-36.96916444543619,11.988546700318015,686.8931284237116
135.660090267,7.54898782072805,0.04999291573439813,0.006923439597044895,0.9499860069662638,30.628300905361503,0.13848841371500867,0.029256039089089914,1.6762475650746136,-0.0006168036492962982,27,0.018744487227908627,-34.54252871182191,12.595626653448262,721.6762475650746
135.92008250849995,7.563361128218887,0.049989843824399305,0.001561852515691514,0.9499869604112988,30.663630786297535,0.031243396582271318,0.439533670829203,25.18342429240572,-0.009249056759539827,27,0.004228811873013749,-47.47563269729537,13.005904285188375,745.1834242924057
136.18014277199995,7.5777324121561085,0.049988165508636946,0.0019654013201353985,0.9499884641969231,30.670279679306,0.03931733241532572,-1.4696233552888596,-84.20321573190674,0.030866466213864005,27,0.005321623777214514,-45.479116640244314,11.096747259070312,635.7967842680932
136.44008941699997,7.592110211574439,0.04998844156257685,0.0012430007852830328,0.9499903568098811,30.670438633146183,0.02486576389317942,-1.9203472618761257,-110.02779330500586,0.04025662835012905,27,0.0033655955845306933,-49.45876141520516,10.646023352483047,609.9722066949942
136.70017381999992,7.606477473389997,0.049989689372951694,0.009826199956521378,0.9499921666104316,30.645284828778145,0.19656453320228304,-2.0550770949878174,-117.74724411680772,0.042999624891609,27,0.026605123730077847,-31.500694339998404,10.511293519371355,602.2527558831923
136.96009765499997,7.620853449636662,0.04999170639026344,0.012154069519110926,0.9499942051677311,30.591338674647307,0.24312171751508954,-1.8078897114596522,-103.58445029176225,0.03775621536948756,27,0.032906665666392276,-29.654322424637666,10.758480902899521,616.4155497082378
137.22012391949994,7.635222211801665,0.04999380782058457,0.004308063350363926,0.9499958802759897,30.551108512038482,0.08617193884939715,-1.4616390522456038,-83.74574886517473,0.030467624088461005,27,0.011663421970379574,-38.66348023541737,11.10473156211357,636.2542511348253
137.48010066349997,7.649593583685831,0.049995818767004645,0.0018481423332141176,0.9499973154711148,30.553567461823754,0.03696593792826975,0.7227923532781946,41.412951307169344,-0.015038181387646999,27,0.005003361167743823,-46.0147629285528,13.289162967637367,761.4129513071694
137.74009691049997,7.663966694885275,0.049997394146039174,0.006571829202276289,0.9499984096959275,30.596593495188454,0.13144343449341375,1.3864347479323662,79.43685962680873,-0.028791610427412632,27,0.01779094519866841,-34.996019561467754,13.952805362291539,799.4368596268088
138.00009040849994,7.678339352530553,0.049998402520761334,0.0057798077607863745,0.949999090416113,30.653502440085582,0.11559984858288957,1.8014110102487761,103.21324805565276,-0.03733925444787338,27,0.01564650664400896,-36.11165222251963,14.367781624607948,823.2132480556528
138.26009915149996,7.692709966943329,0.04999869764893323,0.002077505927593945,0.9499992623351706,30.68211241527271,0.04155120083689361,-2.471371914846734,-141.59918032788252,0.05113036344234216,27,0.005623979165464367,-44.99912593736287,16.378184006692024,938.4008196721174
138.51008270499995,7.706530085140969,0.050001422169482106,0.0030384127461871627,0.9500033401275607,30.67767149213598,0.060766526517752315,-1.364390617089684,-78.17382396648887,0.028177339038319277,26,0.00822478465628447,-41.69750928108358,17.485165304449076,1001.8261760335112
138.77009551349994,7.720902281797218,0.05000198759922118,0.004897783484317141,0.9500033144921723,30.660038735488495,0.09795177590887263,-1.296060377957959,-74.25878965112136,0.02671636140038599,26,0.013257829757897275,-37.55055124005584,17.5534955435808,1005.7412103488788
139.03009838099996,7.735274803680275,0.050002189168248196,0.0018146714639578757,0.950003101462876,30.647652897129397,0.036291840300268434,-1.3908662849790434,-79.69076799633919,0.02861737301549465,26,0.004912121662290055,-46.17461770457356,17.458689636559715,1000.3092320036608
139.2900874325,7.749647100776246,0.050002085078241505,0.006150714267544932,0.9500025678637913,30.636679844613386,0.1230091556766185,-1.5820749864067751,-90.6462195943253,0.0324911639400277,26,0.016649360662337593,-35.57204877606601,17.267480935131985,989.3537804056748
139.55009781499996,7.764018792525278,0.0500014376358487,0.00781355136311881,0.9500016371342509,30.60048184550457,0.15626653417494654,-1.385385007157175,-79.37671391080747,0.028399064694013914,26,0.021150766157374126,-33.493477925690556,17.464170914381583,1000.6232860891924
139.8100964545,7.778391689799719,0.050000073779889916,0.002967847985078822,0.9500003169768266,30.585179698056628,0.05935687211470663,-1.652694765527865,-94.69243488810984,0.03381605759205903,26,0.00803398711413029,-41.90137738354474,17.196861156010893,985.3075651118901
140.07010469149992,7.792763951600832,0.04999800325921924,0.004806256962089702,0.9499985204923341,30.57930280875211,0.09612897813481114,-1.6857070026196297,-96.5838967457532,0.034427913348565285,26,0.013011113020529857,-37.71371101265953,17.16384891891913,983.4161032542468
140.33010291799997,7.807135819216107,0.04999536230740885,0.002672044686536262,0.9499962780685421,30.568520639987412,0.053445851039273094,-1.6520032869891343,-94.6528160862167,0.033677458061025414,26,0.007233926978555534,-42.812517589039686,17.197552634549623,985.3471839137833
140.5900811345,7.8215082914044425,0.04999264375306441,0.001081709604049523,0.9499937268911526,30.575166463837462,0.02163737547853162,-1.507332090248596,-86.36376709587707,0.030671750780823664,26,0.0029286313376181332,-50.66670589593497,17.342223831290163,993.636232904123
140.850102541,7.835879910435553,0.04999064918739163,0.0026805984594227093,0.9499908952954519,30.57483623432284,0.053621997373436696,-2.124506910758832,-121.72527953285771,0.04315096458150872,26,0.007257768487187203,-42.783937786199715,16.725049010779927,958.2747204671423
141.11009513099998,7.850253091837775,0.049990562889462395,0.0039972215435268325,0.9499881495456367,30.561797204083714,0.07995952260760429,-2.298640279773207,-131.70238664977555,0.04660231442683316,26,0.010822567823993188,-39.313393676489355,16.550915641765553,948.2976133502245
141.37010528199994,7.864626414336527,0.04999318416116227,0.0015573488846064708,0.9499858289225963,30.548055713943793,0.031151224126594317,-2.465635800538503,-141.2705251872163,0.049896600912244383,26,0.004216336277605761,-47.501295177520724,16.383920121000255,938.7294748127837
141.63012898099998,7.87899705666458,0.049998790898013304,0.0021920074927378147,0.9499844766717439,30.539045864789006,0.043841210024639095,-2.545339852080803,-145.83723095068328,0.05141560739190658,26,0.005933933239021906,-44.53314688228274,16.304216069457954,934.1627690493167
141.89009227049996,7.893368841584304,0.0500057558346978,0.0017628539455996517,0.9499844767145702,30.53239925881098,0.03525302070079799,-2.4672081615801273,-141.36061483877216,0.049746614206530745,26,0.004771516826173974,-46.426870806951314,16.38234775995863,938.6393851612278
142.1500850595,7.907740927906108,0.05001122443189452,0.0020175916950274765,0.9499863676879674,30.53035734993368,0.04034277740540108,-1.3664027291840084,-78.28910949740089,0.027500869159287848,26,0.005460418352181238,-45.25548164743063,17.48315319235475,1001.710890502599
142.41008659499994,7.922113768327359,0.05001145596428472,0.0033165024867499024,0.9499903998950114,30.538772660077832,0.06631485572262395,-1.3061869518070346,-74.83899959360095,0.026241242686182355,26,0.008975754236533752,-40.93858094523969,17.543368969731723,1005.161000406399
142.67010021999994,7.936485332053053,0.05000494805603152,0.004626938717081718,0.9499964310112872,30.557414802860933,0.09252961750699437,-1.5490798286740068,-88.75573631186924,0.031064596186135367,26,0.012523937469110881,-38.04518218885698,17.300476092864752,991.2442636881308
142.9300870075,7.950858008548053,0.04999429947896667,0.0075109552202705515,0.9500037583563395,30.579516726977516,0.1502362329015235,-1.9310372131190336,-110.64028239442511,0.03865420781403388,26,0.020334561377725695,-33.83530382027794,16.918518708419725,969.3597176055749
143.19009545349996,7.965230294229164,0.049986206321005804,0.007967205391032739,0.9500112567156761,30.624522448383676,0.1593880787805388,-2.0933598683216137,-119.94068545689022,0.04182786415541126,26,0.021573269032678054,-33.32168081117919,16.756196053217145,960.0593145431098
143.45010395649996,7.979602047778745,0.0499879215655604,0.0032186520969550467,0.9500172498139542,30.65236049924182,0.06438859620786003,-1.5348108330989967,-87.9381830875303,0.03061214448240469,26,0.00871503389247354,-41.19461839188156,17.31474508843976,992.0618169124696
143.71008315299997,7.993974762664164,0.0499999427722026,0.00013555731465898148,0.9500198605968572,30.649146748652065,0.002711149396241797,1.8018967816680886,103.24108070778745,-0.03587461660290232,26,0.0003669556453681802,-68.70772853163263,14.36826739602726,823.2410807077874
143.97009370999996,8.008346315085554,0.05001262964190492,0.0036913456169581525,0.9500176419896479,30.64955757309923,0.07380826889904671,-1.7182234994421486,-98.44695477823407,0.034147344846680874,26,0.009989992062002295,-40.00869713724206,17.13133242209661,981.5530452217658
144.22008277749995,8.022166938604997,0.05000186858323154,0.008730004488423978,0.9500064790435192,30.619271530963495,0.17459356491632483,-0.753817383909641,-43.19055462161532,0.014955281254553773,25,0.023631340412229817,-32.53023287406042,18.095738537629117,1036.8094453783847
144.46009170549996,8.035432284906664,0.050000211640643256,0.005998262742929351,0.9500080575940569,30.571827928587016,0.11996474707026225,-0.10861377842011039,-6.2231111004414235,0.0021512743945236532,25,0.01623729818932946,-35.7897246731808,18.740942143118648,1073.7768888995586
144.70008976799994,8.048698755503054,0.049997217644615996,0.000756036539055459,0.9500081443970654,30.55323266954725,0.015121572252868627,-0.48079038408583324,-27.547259838592066,0.009507147495859868,25,0.002046713586763215,-53.77885854871533,18.368765537452926,1052.452740161408
144.94007760349996,8.061966528333329,0.04999533845733799,0.002570817113561468,0.9500065435925084,30.554432164874516,0.051421136307641904,-2.1572058485233816,-123.59879066132734,0.04258638048826284,25,0.006959880663711318,-43.147964137489865,16.692350073015376,956.4012093386726
145.18009970749995,8.07523204621722,0.04999606184507452,0.003951961609142973,0.950003727587671,30.566256689763932,0.07904545804805845,-1.8820727760507134,-107.83482680417644,0.03709381771976132,25,0.010698848654986385,-39.41325911861342,16.967483145488046,972.1651731958236
145.42008300149996,8.088500050440276,0.04999962655225151,0.002451409152891805,0.95000012268118,30.57549804450175,0.049028549249862684,-1.6313145735395709,-93.46744012200116,0.03209887822186978,25,0.0066360426158693295,-43.56181667303352,17.21824134799919,986.5325598779989
145.66009714999996,8.10176601894861,0.05000382325018572,0.0035361206084025213,0.9499963103086424,30.579132809207493,0.07071700479201633,-1.7530415584267296,-100.44188260888812,0.03443758173422799,25,0.009571587669765087,-40.38032036874991,17.09651436311203,979.5581173911119
145.9000958625,8.115032912254163,0.05000661073437284,0.007424347372100065,0.9499927851112605,30.606917784815124,0.14846731788196998,-1.0223124340313676,-58.574187813743755,0.020049959010604117,25,0.02009513770247507,-33.938180268941124,17.827243487507392,1021.4258121862563
146.14008908799997,8.12830013473889,0.05000657816168791,0.0026347552229592625,0.9499899652319052,30.638604369697156,0.05268817263281287,-0.4214368725956015,-24.14655413092055,0.008251880511660505,25,0.007131374766195139,-42.936534800383086,18.428119048943156,1055.8534458690795
146.380100138,8.141565825808055,0.050003870965113245,0.0061644749790265825,0.9499880056992072,30.62741040067984,0.12327995533240657,3.0153003845892794,172.76398600113967,-0.058944430516429135,25,0.01668601355302408,-35.55294816002634,15.581670998948452,892.7639860011396
146.620081245,8.154833158295553,0.04999943181190371,0.008708025242572977,0.9499870570357138,30.581492410887392,0.17416248399246403,-2.975213977076927,-170.46720403484036,0.05806618014326864,25,0.023572993358821202,-32.5517053230593,15.874341944461833,909.5327959651597
146.86008900349998,8.168098711833611,0.0499948986523816,0.006750327457358896,0.9499870721187661,30.537356556618107,0.13502032485943105,-2.671269608917018,-153.0524745325071,0.05204953779199112,25,0.018275079387102506,-34.76281455574057,16.17828631262174,926.9475254674928
147.10008490999996,8.181365570424722,0.049991383842987104,0.002257026253894907,0.9499878527182976,30.515242238240475,0.04514830517562333,-1.6597947715979746,-95.09923527044438,0.03228856358318033,25,0.006110849326844999,-44.277968488020434,17.189761149940786,984.9007647295557
147.34008581449996,8.19463289766083,0.04998941852107344,0.003080150235419754,0.9499892779622129,30.526495618031838,0.06161604448592039,0.43393443047287894,24.86261145150902,-0.00842781006178314,25,0.00833976740666079,-41.57692123044033,19.283490352011636,1104.8626114515089
147.58008620599998,8.20789947240055,0.04998937319792797,0.0014379821621898525,0.9499910989202087,30.55031723513924,0.028765757003919704,1.2013752611904611,68.83373207764035,-0.02329521846237444,25,0.003893461917115311,-48.19328137771065,20.05093118272922,1148.8337320776402
147.82008995149994,8.221165521780279,0.04999084997328378,0.0012923119593375501,0.9499931598574126,30.55721851498767,0.025850969928060644,-2.2816955688947074,-130.7315262313681,0.04417173300530129,25,0.003498943793541829,-49.12126067792513,22.851045659823637,1309.2684737686318
148.06008675200002,8.23443269445972,0.04999308292099433,0.0011414944631213198,0.9499953126001625,30.55539376827611,0.022833048022368616,-1.7078329856660972,-97.85162219189378,0.03300896026838963,25,0.003090466310851599,-50.19951972574013,23.424908243052247,1342.1483778081063
148.30009277949995,8.247699624690835,0.04999595063209426,0.0011134166677530292,0.9499973583198792,30.5550093788325,0.02227013695461739,-2.0346743423311446,-116.57825249913104,0.03926288467087471,25,0.0030142759709028376,-50.416339770662844,23.0980668863872,1323.421747500869
148.5401275785,8.26096645171833,0.049998604787787594,0.001167333015864743,0.9499992238650367,30.554950019410143,0.02334731180638604,-1.8813268496213205,-107.79208836794496,0.036245452567653796,25,0.0031600722126935224,-50.006059858923145,23.251414379097024,1332.2079116320551
148.78009792499995,8.274236702043332,0.050001273971324846,0.0014059026081888594,0.9500009130375282,30.551140729552763,0.028117335750187652,-1.9085711452834904,-109.35307152519387,0.03671136600907416,25,0.003805697723831265,-48.3913141900574,23.224170083434856,1330.6469284748061
149.02012640699996,8.287499929989998,0.050003248220243234,0.004561606262919652,0.950002308923875,30.53626195189935,0.09122619880267976,-1.6720937268573914,-95.8039134992292,0.03211124997772694,25,0.012347518990479736,-38.168405944422894,23.460647501860954,1344.196086500771
149.26009366999995,8.300766161841663,0.05000489273583837,0.0046176112862387686,0.9500034679392574,30.50813638404251,0.09234318950812065,-1.3300366161399175,-76.20548470267883,0.02550148960043954,25,0.01249870433118929,-38.06270010940669,23.802704612578427,1363.7945152973211
149.50009557499993,8.314032647971107,0.05000605683696059,0.0020447206199777556,0.95000420846186,30.504400836996,0.04088945918380145,1.334178099365928,76.44277421245344,-0.02554007765784459,25,0.005534412048390682,-45.138570197430155,26.466919328084273,1516.4427742124535
149.74012453049994,8.327299960061106,0.05000655622538585,0.0038943098058771154,0.9500046232475625,30.53077770763359,0.07787598466738982,2.1111561170999833,120.96033540305565,-0.04034932490563111,25,0.010540559753703762,-39.542726508295196,27.24389734581833,1560.9603354030558
149.98009868599996,8.340570008456385,0.050006774701104616,0.0010074658911933866,0.9500047559201884,30.54756400744791,0.020146588081617116,-3.1133580816700723,-178.38227819264142,0.059409168415408775,25,0.0027268523976232226,-51.28676738882152,28.30256845422786,1621.6177218073585
150.21012092649994,8.353280690930138,0.05000177964971185,0.0007855373210211182,0.9500045888237603,30.547328273695598,0.01571018724781819,-1.2432672798953592,-71.23396794471411,0.02368795452960271,24,0.002126382968186651,-53.44717029962372,30.17265925600257,1728.766032055286
150.45013287399996,8.366546289077359,0.0500025282362106,0.0008928957482036354,0.9500047696493926,30.546654587889243,0.017857012029184202,2.3185960206563543,132.84576637943655,-0.04410613471444155,24,0.0024169569491817974,-52.33462170346718,27.4513372493747,1572.8457663794366
150.6900832055,8.379815993921248,0.05000291835359735,0.006082017318698971,0.9500047525675993,30.57483917715512,0.12163324699750076,2.381443580340948,136.44666630206032,-0.04522993318476977,24,0.01646313062351597,-35.66975151948838,27.514184809059294,1576.4466663020603
150.93012418,8.39308001281,0.0500033777834675,0.0029306963079940352,0.950004486048299,30.60684027422069,0.05860996672434806,3.089952187344921,177.04121923208103,-0.05859364664497108,24,0.007932893035756027,-42.01136803086311,28.222693416063265,1617.041219232081
151.17009714299996,8.406347734176668,0.05000333383922974,0.009264009773354523,0.9500040323998354,30.583941643066712,0.1852678424030702,-1.2474095035562498,-71.47129987828237,0.023616842275467547,24,0.02507611006948936,-32.01479665059127,30.168517032341683,1728.5287001217177
151.41008729200001,8.419614192971247,0.05000319823602114,0.0077936420246592026,0.9500031852575737,30.53039009761063,0.15586287076823108,-1.1834296567296994,-67.80552468122755,0.02237022687183355,24,0.021096130080834736,-33.51594410606856,30.23249687916823,1732.1944753187724
151.650104404,8.432882619157223,0.05000211388634444,0.0008589372380627543,0.95000209194582,30.506135665801146,0.017178018513679873,-0.8657650167114543,-49.60468150763952,0.016339701166080748,24,0.0023250547825110534,-52.67133619774321,30.550161519186478,1750.3953184923605
151.89012771249998,8.446147087399027,0.05000047942342913,0.002460583138276206,0.9500005015066099,30.51587941897559,0.04921119090556621,1.653834669559741,94.75774657818629,-0.031164027809778637,24,0.006660763270043794,-43.529520026279286,33.069761205457674,1894.7577465781865
152.13010659999998,8.459413328316245,0.04999806777960441,0.0009755284786203151,0.9499986342415483,30.529141223501327,0.01951132357595347,2.1999628298786664,126.04858523770471,-0.04138998124392567,24,0.002640868977831438,-51.565062900635034,33.615889365776596,1926.0485852377046
152.37010002349996,8.4726800919125,0.04999540848778432,0.005833707366665385,0.9499963889383486,30.519095924820032,0.11668486253274178,-2.089445496320233,-119.71640846176693,0.03924916029555881,24,0.01579336391227806,-36.03050714911409,35.60966634675729,2040.2835915382332
152.61008067549994,8.485946946026111,0.049992868820860376,0.00997282005407497,0.949993974593703,30.473633581637174,0.19948485232585095,-2.138325635427937,-122.51703413465073,0.04010455132268359,24,0.027000390619521634,-31.372599055579048,35.56078620764958,2037.4829658653491
152.85008983199998,8.499215011054721,0.0499914320746579,0.007382861314544079,0.949991451545354,30.41927780720286,0.1476825329492144,-2.220488136716844,-127.2245986927433,0.04158050626743025,24,0.019988916606037615,-33.98421487778791,35.47862370636067,2032.7754013072565
153.0901281295,8.51247983915486,0.049992201098520525,0.0023086686842380875,0.9499891872429862,30.393411583720845,0.04618057684014258,-2.200014185417846,-126.0515276933543,0.041132917680578356,24,0.006250567896162513,-44.08161045962939,35.499097657659675,2033.948472306646
153.3301038675,8.525747078941524,0.04999547568328432,0.0035140536240288473,0.9499873789813827,30.400903804507212,0.07028743253269513,-0.11210604678911952,-6.423203338912683,0.002092746985311086,24,0.009513444814978114,-40.43324393414062,37.587005796288395,2153.576796661087
153.57009091799995,8.539013925205694,0.05000070779755294,0.003864994007672624,0.9499866984122467,30.428206055468305,0.07729878591562216,-0.1963613674129192,-11.250677612177967,0.003659893581365379,24,0.010462435567425345,-39.607344071582354,37.5027504756646,2148.749322387822
153.81008977099998,8.55228019978708,0.05000668852164026,0.0032784138620007178,0.9499871581804576,30.453391189426544,0.06555950731634615,-0.7464886776490627,-42.77065068359308,0.013891893183403723,24,0.008873517391051269,-41.03808390387657,36.952623165428456,2117.229349316407
154.05010175299998,8.565547302401942,0.05001029921730683,0.0021879329332558685,0.9499892881823145,30.469668597843988,0.043749646922702286,-0.9389345158965333,-53.79698500003046,0.01744617876345442,24,0.005921540119996555,-44.551306478289725,36.76017732718098,2106.2030149999696
154.29009602649995,8.578813961689026,0.050008952336998265,0.004499350977884973,0.9499930786061427,30.45849019431341,0.08997091055947207,2.0057742525720803,114.92239932838741,-0.03721130781584725,24,0.01217761499771272,-38.28875521067507,39.7048860956496,2274.9223993283877
154.53009579449997,8.592079923370553,0.050002395149363964,0.008692918294352663,0.9499982945131824,30.406024027490115,0.1738500379508968,1.7741753950596788,101.65276225287508,-0.032863845140420296,24,0.02353070360563203,-32.567301730619114,39.473287238137196,2261.652762252875
154.77010119,8.605346574974028,0.04999345730437198,0.003413956273572429,0.950004358554931,30.36054927998904,0.06828806123144189,2.110888319532675,120.94499173268501,-0.03904064844356178,24,0.009242828748154562,-40.68390187061163,39.810000162610194,2280.944991732685
155.01009224,8.618613718494442,0.04998788080470158,0.004060039088601267,0.9500102368756248,30.36158284368563,0.08122046830637801,-2.4253457917908574,-138.96207772943103,0.04478745469730506,24,0.010993237556656814,-39.177487742201365,41.55695135846624,2381.0379222705687
155.25008648999994,8.631880184060554,0.0499904059844986,0.004558660377778222,0.9500147136726053,30.389467117402226,0.0911907052563607,-2.7207978287325876,-155.89023249473547,0.050166176355889235,24,0.012342714918371437,-38.17178603720181,41.26149932152452,2364.1097675052647
155.49009769249994,8.645146690698052,0.050000601309507633,0.005749804238355732,0.9500165723466061,30.422513884267968,0.11499470181896401,-3.138405226633426,-179.81737388789392,0.05777723885027777,24,0.015564599678053268,-36.15724089808514,40.84389192362368,2340.1826261121064
155.73009743699998,8.658413822637776,0.05001093610302246,0.007982546386177677,0.9500146148044079,30.469342480554676,0.15961601617961405,2.6212628233852904,150.18729677452325,-0.04818283625968934,24,0.021604120492024835,-33.309268184125365,40.32037466646281,2310.1872967745235
155.97010161099996,8.67168064706722,0.050011637077544205,0.005229543323777405,0.9500090821708975,30.520357005772308,0.10456652949930186,2.7268576036073324,156.23743201985775,-0.05004714592073964,24,0.014153140498091894,-36.98294364143726,40.42596944668485,2316.237432019858
156.21009940349995,8.684947535231942,0.05000070412666171,0.008297731005755371,0.9500006243780399,30.514237546817334,0.16595228308656557,-1.9375514406599266,-111.01352013930617,0.0355063617857094,24,0.022461737897870687,-32.971132895368186,42.04474570959718,2408.986479860694
156.45009581449995,8.698213899225136,0.04998834217522266,0.00919384373118287,0.9499912510814942,30.453890106913775,0.18391975670959362,-1.9032917241893477,-109.05058297822715,0.03482534340499673,24,0.02489364588793336,-32.07822985163289,42.07900542606776,2410.949417021773
156.68010352449994,8.710927009001384,0.049998312837232,0.002618262836421885,0.9499970494913225,30.41708078544106,0.05236702376229295,-1.9280124249603352,-110.46697479901054,0.03522618286870558,23,0.007087907080052774,-42.98963969060537,42.05428472529677,2409.5330252009894
156.90009117799997,8.723088629331386,0.0499998975308939,0.00025413972232200685,0.9500000093421525,30.414620073569733,0.0050828048630495535,3.1317930257311546,179.43852268290118,-0.057140350392615634,23,0.0006879605902154892,-63.24872879174808,40.83090486880867,2339.4385226829013
157.12008426449995,8.735249737899723,0.05000204066540464,0.005840071782209573,0.9500032796877049,30.402922414406788,0.1167966687857641,-1.3120493378455824,-75.17488957148615,0.023905342602005615,23,0.015808496953559695,-36.022188402501925,42.670247812411525,2444.825110428514
157.3400915075,8.747409575466108,0.05000266657403894,0.009827879700782834,0.9500060336705597,30.358011647044403,0.196547111867138,-0.6836624778688412,-39.170974593340645,0.012438912551260263,23,0.026602765742247965,-31.501464196584514,43.29863467238826,2480.829025406659
157.56011741899994,8.759571489873888,0.050000808705494636,0.003673967067770524,0.9500076403852983,30.314459143314966,0.07347815291169058,-0.06430883711198887,-3.68462495191124,0.0011684440640385605,23,0.00994531067138821,-40.047632916930276,43.917988313145116,2516.3153750480888
157.78009117649998,8.771736739189995,0.049997232920191544,0.0027458120305444986,0.95000768960557,30.31085484425086,0.05491927993150184,-2.765247528546293,-158.43701269468423,0.05017282507744637,23,0.00743335643485972,-42.57630083921521,41.217049621710814,2361.562987305316
158.00014094799997,8.783894145750276,0.04999522728241555,0.0047000086689506435,0.9500061144807529,30.331086251618018,0.09400914696118888,-2.317652785471674,-132.79172298426613,0.04199343606126874,23,0.01272419264002023,-37.90739528883441,41.66464436478543,2387.208277015734
158.22009798899995,8.796056621172223,0.049996245385191845,0.003840089379560866,0.9500034234420354,30.350219142752852,0.07680755524690348,-1.9014323460659233,-108.94404845923599,0.034404321148046625,23,0.010395947211116327,-39.66271868880544,42.08086480419118,2411.055951540764
158.440106454,8.808216687478053,0.04999986134147743,0.0014846338724130983,0.9499999816650443,30.352312686185396,0.02969275979134604,1.529803514924898,87.6512848894753,-0.027641893926813123,23,0.004018932282780027,-47.91778622830027,39.22891535800242,2247.6512848894754
158.66009738799994,8.82037737013111,0.05000400591821287,0.0034643001946547945,0.9499963645749943,30.333587545056538,0.06928045325650596,2.255823180866706,129.2491475914388,-0.04070408724143763,23,0.00937714958511044,-40.5585831206631,39.95493502394422,2289.249147591439
158.88009579049998,8.83253852375083,0.050006248499517174,0.0025379275590779304,0.949993151853691,30.324750409958376,0.05075220867853014,-1.6227208756298312,-92.9750575013627,0.02924007044185773,23,0.0068693409206098946,-43.2616985871153,42.35957627462727,2427.0249424986373
159.10009775799995,8.844699886707499,0.05000535174131697,0.008041441451200339,0.9499907754938021,30.35610360195576,0.16081161658055274,-0.6076472685315331,-34.81562391950944,0.0109342394520842,23,0.021765945700675117,-33.24444917186641,43.374649881725574,2485.184376080491
159.32010063299998,8.856861172828053,0.050001790566485474,0.006627365090155485,0.9499893532537593,30.40444559337183,0.1325425552779621,-0.045157868475796725,-2.58735527547002,0.0008114723542767055,23,0.017939711835206634,-34.92369074577695,43.937139281781306,2517.41264472453
159.54013263949997,8.869022349940831,0.04999713357658395,0.0010135692414382934,0.9499890561734969,30.42802408687881,0.020272547022835652,0.44953572644854134,25.756499865848916,-0.008066935693444131,23,0.0027439010134718412,-51.232631198069384,44.43183287670564,2545.7564998658486
159.76010265099995,8.881186824538888,0.04999316574648968,0.0003582669443537178,0.9499898226752561,30.430382319312937,0.007166318415810143,-2.21395352248126,-126.85019287629822,0.039675063011288564,23,0.0009699653596488679,-60.26487550811798,41.76834362777584,2393.1498071237015
159.980139844,8.893344554253051,0.049991381160484155,0.00015547750770484887,0.949991390256796,30.43207484757977,0.00311008626078422,0.8915627255849198,51.08278134719628,-0.01595537134400848,23,0.00042095198167935963,-67.51534883298072,44.87385987584202,2571.082781347196
160.20010117799995,8.905506413770002,0.0499919123230924,0.0005648689776411282,0.9499936455243827,30.43253559598595,0.011299207239571877,-2.3088033216685724,-132.2846860573946,0.04126182658207569,23,0.001529354262252584,-56.30983804426441,47.95667913576812,2747.7153139426055
160.420110297,8.917666631536942,0.04999458025328464,0.0008996328107931493,0.949996282413136,30.43109618589737,0.01799460674007846,-1.8480555679572697,-105.88578434960385,0.03298252680905693,23,0.002435580473213871,-52.2679503294784,48.41742688947942,2774.114215650396
160.64010196749996,8.929828002398333,0.04999850236392936,0.001996478303701318,0.9499990901435158,30.435375315114484,0.03993076210901961,1.2493272388388013,71.58117801619589,-0.02226656611383125,23,0.005404651842524926,-45.344645544815656,51.51480969627549,2951.5811780161957
160.86009273499997,8.941989085981108,0.05000270387835805,0.0027206227787268784,0.9500018959695665,30.453333415245467,0.05440951324043111,2.0070526347799973,114.99564523350567,-0.035722739627544645,23,0.007364359217159963,-42.6573007145351,52.272535092216685,2994.9956452335055
161.08009265799996,8.954148916637774,0.05000629503692305,0.0010426299186598574,0.9500045116459661,30.466484073504102,0.020849973346155976,2.8688782820370835,164.37461749746714,-0.05099269221073391,23,0.00282205600169208,-50.98868744462756,53.13436073947377,3044.374617497467
161.30008425849996,8.966310046764443,0.05000905245030578,0.0009484779052993593,0.9500068851482466,30.466316585358484,0.018966124308031355,-1.6281465599968559,-93.28592631656332,0.028900135256316815,23,0.0025670759402762417,-51.81122567327857,54.92052120461942,3146.7140736834367
161.52008222999996,8.978471509718611,0.050010499289368876,0.0005531842123637715,0.9500089606226125,30.461271806898996,0.011061361518567486,-0.8018555690841244,-45.94293988758114,0.014213920189796626,23,0.0014971617057781188,-56.49462579495064,55.74681219553215,3194.0570601124186
161.74008284999996,8.990632377552219,0.05001092049764453,0.006611024143197087,0.9500107082334753,30.482873720806953,0.13219161090043244,2.2710857210607296,130.12362672920514,-0.04020345883507761,23,0.017892211309885806,-34.94671962763186,58.819753485677005,3370.123626729205
161.96009140949997,9.00279320536472,0.050010598442273776,0.008496165937899454,0.950012099119753,30.534191782714622,0.16988730794146378,2.8564571595180444,163.6629396003113,-0.050497580728237325,23,0.02299434579737289,-32.76757883693921,59.40512492413432,3403.6629396003113
162.18009280449996,9.01495550605361,0.05000958176567293,0.0020180535802312573,0.9500132487129033,30.5604513697973,0.04035333847995644,-2.2668093408347194,-129.87860819066157,0.04001948888138873,23,0.005461847799755989,-45.25320812217939,60.56504373096114,3470.1213918093385
162.40010210699995,9.027117054688333,0.0500083306557344,0.0020501302966247016,0.9500141440436517,30.551780502865316,0.040995775498649155,-0.43192867493639625,-24.747690124533566,0.007615231226403248,23,0.005548802023351924,-45.11601540351714,62.39992439685947,3575.2523098754664
162.620107175,9.039278004664718,0.05000705410798078,0.0009761536611240616,0.9500148302639205,30.54534032712901,0.019520319253684536,2.1503996025348724,123.20882149185792,-0.03786217507522787,23,0.002642086548036866,-51.56105920211196,64.98225267433074,3723.208821491858
162.84009851149995,9.051439238547776,0.05000580542973352,0.0022645459620048696,0.9500154052861388,30.55609652248397,0.04528566118561841,-2.925537176083193,-167.62093299818812,0.0514408471958597,23,0.006129440542571735,-44.25158326774584,66.18950120289225,3792.379067001811
163.060096586,9.063599552995552,0.05000485417684089,0.0022813955843204465,0.950015859539952,30.557789786397873,0.04562348239737585,-1.0710935856538297,-61.36914192149858,0.018808182960211268,23,0.006175164839783594,-44.187028897226966,68.04394479332161,3898.630858078501
163.280088821,9.07576032846,0.050004191726076896,0.004933932294393318,0.9500161921423176,30.534050523464746,0.09867037390428013,-0.4357176794890489,-24.964784093956418,0.007640860927734437,23,0.013355092413924482,-37.487062048443946,68.6793206994864,3935.0352159060435
163.50009541999998,9.087921377770556,0.05000402469923674,0.008088883472142157,0.9500165049880598,30.485879813944724,0.16176464836170729,-0.34020061882982316,-19.49205964668771,0.005957865157386607,23,0.02189493910575812,-33.19312516661456,68.77483776014562,3940.507940353312
163.72009653099997,9.100083554084444,0.05000416735390917,0.007937833783185423,0.9500167648832386,30.42517160453406,0.1587434448613985,-0.03298393295358747,-1.8898401499830382,0.0005768689859796855,23,0.021486017457330617,-33.35688151482455,69.08205444602186,3958.1101598500168
163.930099692,9.111691267505133,0.04999871982344114,0.003185953019608729,0.9500052324824979,30.387054373544572,0.06372069186689543,0.47768114035342485,27.369113295247562,-0.008343710566681376,22,0.008624632652017142,-41.28518787430981,69.59271951932887,3987.369113295247
164.15009855499994,9.123852599340417,0.04999849015281142,0.0024775735102966815,0.9500056535521433,30.384088151302826,0.04955296655407838,-2.8829756260617385,-165.18233581242384,0.05029013968664376,22,0.006707022802567071,-43.4694043428091,72.5152480600933,4154.817664187576
164.37009215949996,9.136013074010833,0.0499984508782241,0.004236833239895859,0.9500060836794405,30.40499088246231,0.0847392902275125,-2.7990515782229872,-160.37384207160937,0.04876119276915465,22,0.01146951214735091,-38.809101086123505,72.59917210793205,4159.626157928391
164.590107011,9.148174634281526,0.04999856162445559,0.0012510561300756217,0.9500065910813095,30.419844100814892,0.025021842417636626,-1.4092750545187496,-80.74551279699334,0.024517797273157838,22,0.003386720903463579,-49.40441183374426,73.98894863163629,4239.254487203007
164.8101030515,9.160336927231526,0.0499989650842417,0.008811290461846614,0.9500069981553828,30.390604298354013,0.1762294568897725,-0.01134723729241982,-0.6501488059891113,0.0001971509257652509,22,0.023852759340932624,-32.44922747107425,75.38687644886261,4319.349851194011
165.0300931,9.172497006997496,0.049999634092920034,0.015799754128144067,0.9500074194874722,30.312679254924003,0.31599739507656355,-0.013993575336104958,-0.8017728070571765,0.00024280702240304832,22,0.04277043094922181,-27.37712747654434,75.38423011081893,4319.198227192943
165.25009533149995,9.184657571687776,0.05000063916477512,0.013353768330959345,0.9500077368398822,30.218798486809597,0.26707195255949695,-0.0817728732224341,-4.685240514303818,0.0014169888079763992,22,0.03614834388951897,-28.838231896085446,75.3164508129326,4315.314759485696
165.47008996949995,9.196819161200416,0.050001960790165625,0.0020072228877559147,0.9500078988073818,30.179374439778694,0.040142883519693785,2.420501551934881,138.68452323073453,-0.041887828824260315,22,0.005433362598655979,-45.2986262220175,77.81872523808991,4458.684523230734
165.690095816,9.208979911071248,0.050003419116517796,0.010442532140472529,0.9500078269559905,30.22307279174288,0.20883636209234765,2.9179910565421707,167.18857219678634,-0.0504304173786177,22,0.0282661228976058,-30.974675142306666,78.31621474269721,4487.1885721967865
165.91010463849994,9.221141392432916,0.05000484618548979,0.0027008370382322895,0.9500074490519175,30.257875136749632,0.054011505769134986,-2.881389267875181,-165.09144418353807,0.049732167140458326,22,0.007310488674764444,-42.72107182702557,78.80001972545945,4514.9085558164625
166.13009748399998,9.233303403355693,0.05000574215445938,0.0005408355732318375,0.9500066944396371,30.255966717289603,0.010815469382721824,0.337670792057627,19.347111249741666,-0.005820449447615381,22,0.0014638800623816743,-56.689890082759945,75.73589447821266,4339.347111249742
166.35010052899997,9.245463803235277,0.05000581194683656,0.0044526196917007935,0.9500054674318104,30.272283747367446,0.08904204368153396,2.2128953245072385,126.7895625984975,-0.038093624823562384,22,0.012051892326314604,-38.37889514086359,77.61111901066228,4446.7895625984975
166.5701323555,9.257624427846666,0.05000460755772592,0.003100207910282532,0.9500037276271818,30.29796831996058,0.061998444977367624,2.2029324588700723,126.21873244563196,-0.037872306536019966,22,0.008391525535269508,-41.523181590759805,77.6011561450251,4446.218732445632
166.7900890075,9.269788038922917,0.050002077732006274,0.0009477279014960514,0.9500015860133013,30.30960281049531,0.0189537704128125,1.9584850047493536,112.21292501179695,-0.033625641510723406,22,0.0025654038333834494,-51.81688521295069,77.35670869090438,4432.212925011797
167.01009693549997,9.281947219043055,0.049998439680927834,0.0030298955752960685,0.9499989804067738,30.321556159553936,0.0605998026064769,1.36179594822967,78.02516039157604,-0.023350332805018015,22,0.00820221847806309,-41.72137333653878,76.7600196343847,4398.025160391576
167.23009989799993,9.294108008409857,0.049994595056555284,0.006935681557602649,0.9499961145797019,30.356292742942074,0.13872862755977544,1.166122614325433,66.81390419560914,-0.019969014579258166,22,0.018777000311309692,-34.527475730534775,76.56434630048047,4386.813904195609
167.45009425099994,9.306269332533887,0.04999196304526008,0.0057196515963891395,0.9499932438104068,30.400860233929016,0.1144114223162405,1.0579827114210458,60.61794416223324,-0.018093520852633518,22,0.015485652458601387,-36.20140983494496,76.45620639757608,4380.6179441622335
167.67008874200002,9.318430348097358,0.04999192882230284,0.0012732579376013562,0.9499907059090837,30.424003524689343,0.025469270092121733,0.9954569387850613,57.035481279396755,-0.01700199352513457,22,0.0034472804990630912,-49.2504675477445,76.3936806249401,4377.035481279398
167.8900932065,9.330590940979306,0.049995097931189475,0.0001927226651699015,0.9499888363285033,30.426653451321915,0.0038548312363575017,3.113557444060406,178.39370081620118,-0.053108968226911794,22,0.0005217536466577029,-65.65069013733323,78.51178113021544,4498.393700816201
168.110094775,9.342751863372083,0.050000856949574304,0.00037446114076742504,0.9499881171964302,30.42477388068395,0.007489094459822316,3.0818906433298054,176.57932678365597,-0.05250039144008308,22,0.001013653284668442,-59.882211359705565,78.48011432948483,4496.579326783655
168.33009113549997,9.354913151731388,0.050006780706781113,0.006687496861289326,0.9499888205932059,30.403556748842295,0.13373180130314757,2.5742647920268524,147.49450793226126,-0.04379591342359771,22,0.01810067697540821,-34.846103639427255,77.97248847818189,4467.4945079322615
168.55008605449996,9.367074499072082,0.05000954976766948,0.010481883620330408,0.9499911890022352,30.34621234870008,0.20959764023124258,2.4829607760548407,142.26317316446992,-0.042187716244977365,22,0.028369162335841892,-30.94306975097926,77.88118446220987,4462.26317316447
168.77012212799997,9.379235427683607,0.05000691676086114,0.0036877414888204373,0.9499951371161071,30.29965370646514,0.07374462829723423,2.605159044519353,149.26461821129308,-0.04420658194078554,22,0.009981378269585658,-40.01618970822675,78.00338273067439,4469.264618211293
168.99008153249997,9.391398904573055,0.049999645607511405,0.0017407005049476223,0.9500001560835132,30.297197908827357,0.03481425685717497,-1.7738791464229655,-101.63578845630491,0.030061723228833676,22,0.0047121298851134415,-46.53565494332138,79.90752984691166,4578.364211543695
169.2100829235,9.403559704387359,0.049991773660854354,0.0007612366603420472,0.9500056154454886,30.305726062291253,0.01522723849540324,-1.6630810104544675,-95.28752288739334,0.0281475921775239,22,0.00206101557405933,-53.71837452926317,80.01832798288017,4584.712477112607
169.43012316249997,9.41571751859361,0.04998934028565312,6.181707939924705e-06,0.9500104736639444,30.307227089019758,0.0001236605225154141,-0.6933879957133574,-39.728205719410596,0.011720416078799936,22,1.6737523542270733e-05,-95.52617598239651,80.98802099762128,4640.27179428059
169.65008132299997,9.427879909468196,0.049994785344607454,4.035697255015861e-06,0.9500134703450733,30.307008856892363,8.072236388652001e-05,1.669148629760658,95.63517186533014,-0.028177411860611772,22,1.0925818834138938e-05,-99.23092009983358,83.35055762309528,4775.63517186533
169.870106578,9.440041387070972,0.05000496906534884,2.512681339428283e-15,0.9500136891313792,30.30700683593752,5.024863301374296e-14,2.794451477114145,160.11027569273926,-0.047113222027002216,22,6.8011816619132515e-15,-240.0,84.47586047044878,4840.11027569274
170.09008909199997,9.452202620373608,0.050011170033864676,1.0711441918192513e-14,0.9500107117227746,30.3070068359375,2.141809901855794e-13,-2.491943848062186,-142.7778652775529,0.04195902238401864,22,2.898952141408868e-14,-240.0,85.47265045245203,4897.222134722448
170.31009180599995,9.46436288028986,0.050007078561346105,8.036940875760642e-15,0.9500047812520382,30.30700683593751,1.6071606474474083e-13,0.7445970034820647,42.66226573761017,-0.012521317622169868,22,2.1753012704203186e-14,-240.0,82.4260059968167,4722.662265737611
170.5300886685,9.476525276415831,0.049995465226581694,0.00039999550829222693,0.9499971861453519,30.307887149947756,0.00800063578725449,0.8793015140218106,50.380265672913126,-0.014767562829493987,22,0.001082890700430398,-59.308307517455354,82.56071050735643,4730.380265672913
170.75010954549998,9.488685397861248,0.049987997158862874,0.00036033709924240576,0.9499899056476312,30.31212184683512,0.0072084724278359685,1.4370031759169246,82.33421712693516,-0.0241030394724101,22,0.0009756709296588562,-60.213932694437474,83.11841216925156,4762.334217126936
170.97007978849996,9.500846867780416,0.049993431010613196,0.0006127429638242845,0.9499852553956538,30.313118677944797,0.012256469528850783,3.044217512650017,174.42081539465926,-0.05099569246066102,22,0.0016589202690672207,-55.60348973022096,84.72562650598465,4854.42081539466
171.19008835699998,9.513007811538053,0.05000661983622864,0.0022514738460087972,0.9499851059243217,30.30395891748907,0.04502351595413487,2.732614042129482,156.56725165220345,-0.045717300036245447,22,0.0060939590332411975,-44.30200939313363,84.41402303546411,4836.567251652204
171.41009495349994,9.525169170017222,0.050011901907580855,0.002159397260706201,0.9499899998626089,30.288533394166326,0.04317766728201307,2.7387275170809686,156.91752796508257,-0.04576107934096055,22,0.005844122343433771,-44.66561401860826,84.4201365104156,4836.9175279650835
171.62009150900002,9.536777229117495,0.050001041916498595,0.0007656790327945509,0.9499969580735758,30.282987761000065,0.01531326155309383,-1.4347514654944287,-82.20520362304053,0.023943915471213103,21,0.0020726588448783975,-53.66944351894931,86.52984283501979,4957.79479637696
171.82009869449996,9.54783261745778,0.05000084397008826,0.0019277290805989253,0.9499951091756896,30.2916597571087,0.03855393084469015,-0.353532776129609,-20.25593599176997,0.005893116387812137,21,0.005218296931259075,-45.64942424661577,87.61106152438461,5019.74406400823
172.020088176,9.558889237663331,0.049998976776831724,0.0013710381398077003,0.9499947132330702,30.301653233241332,0.027421323958833597,0.27558170442760055,15.789668574723224,-0.004588419155703482,21,0.0037114921236403517,-48.609029135006,88.24017600494182,5055.789668574724
172.220099087,9.569943797555554,0.04999763702404556,0.000341445344996912,0.9499959111636789,30.306704676740456,0.00682922964604706,0.9995857944099892,57.27204728092398,-0.016623819699487143,21,0.0009243401988863342,-60.683363187999156,88.96418009492422,5097.272047280925
172.42009050549996,9.580999494732778,0.049998623922080765,1.6801402336682248e-05,0.949998535872015,30.307521802764427,0.00033603729500367884,2.1011941086684818,120.38955436445687,-0.03490402321532375,21,4.548284304317065e-05,-86.84304792481794,90.0657884091827,5160.389554364458
172.62009059399998,9.592055097219164,0.05000136143571021,9.828920900121468e-05,0.950001673016651,30.30768509664541,0.001965730655706067,1.7725894280848886,101.56189303877247,-0.02941146257947728,21,0.000266062785910859,-71.50031731572062,89.7371837285991,5141.561893038773
172.82009648999997,9.60311052093722,0.05000321621716267,0.0002243806765757659,0.9500046112118583,30.308932440908205,0.004487324887288978,2.7132855576485584,155.45981106706242,-0.0449680140177615,21,0.0006073620296522255,-64.33104724565388,90.67787985816278,5195.459811067063
173.02009982049998,9.6141666813975,0.050001961600308106,0.0001728869450144203,0.9500065750248201,30.30928421732471,0.003457603251576334,-1.002369749987071,-57.43155618584267,0.0165934402640334,21,0.000467988608214696,-66.59529436799234,93.24540985770675,5342.568443814159
173.22010390100002,9.625222736995834,0.04999850466794443,0.00030011932844090344,0.9500070272385042,30.30763786053021,0.006002566085407733,0.22315009063376534,12.785558391276556,-0.0036898304534044553,21,0.0008124508058424596,-61.80405852447025,94.47092969832758,5412.785558391278
173.42010468,9.636278138768612,0.04999570177211042,2.0533810266458402e-05,0.9500059553545387,30.306580678624616,0.0004107115119626738,1.4405117314888076,82.53524255339117,-0.02379181664816555,21,5.559004167801402e-05,-85.10006000707745,95.68829133918263,5482.535242553393
173.620104039,9.647333280404167,0.04999600144203449,4.4082874257342806e-15,0.950003574785071,30.306589126586946,8.81727997957049e-14,-1.5571174918809245,-89.21626049077321,0.02568823306965933,21,1.1934239661526412e-14,-240.0,92.69066211581288,5310.783739509227
173.820098219,9.658388918876389,0.0499994274572625,8.515545126229873e-15,0.9500003752331949,30.30658912658694,1.703128527523364e-13,-1.0566630013529106,-60.54233034514817,0.017412131698171282,21,2.3051943534673277e-14,-240.0,93.1911166063409,5339.457669654853
174.0200954815,9.669444244918608,0.05000358177723449,6.885546479287714e-16,0.9499969510076194,30.306589126586914,1.377010652949375e-14,-1.6076053318353039,-92.10900063689111,0.026460500585329037,21,1.8637919161974178e-15,-240.0,92.64017427585851,5307.8909993631105
174.22009559599996,9.680499414911663,0.05000552054324115,0.0019165112386838404,0.949994006562539,30.309230265510212,0.03832599316762597,-1.2682728917384358,-72.66668396746475,0.020851393224475108,21,0.0051874454342863315,-45.70092917027358,92.97950671595538,5327.3333160325365
174.4200941515,9.691555212639164,0.05000415715213719,0.0068466787730904,0.9499919417387827,30.334066522848854,0.13692219133420133,-0.5626040932605605,-32.23484008061468,0.009239097387525319,21,0.01853249811903254,-34.64132070570415,93.68517551443325,5367.765159919387
174.62009332949998,9.702610994059722,0.0499999191469744,0.008185133691186931,0.9499910207445731,30.381941103101205,0.16370293854129622,0.02907353600676155,1.6657909087090697,-0.0004769022453305854,21,0.022157287807289587,-33.08966802184659,94.27685314370058,5401.665790908711
174.82009454849998,9.713666216566669,0.04999554851314569,0.0021679845676454814,0.9499913313466108,30.413886420470114,0.04336355199854318,0.7368848894282953,42.22039415120565,-0.012073595080116989,21,0.005869281947774625,-44.62830054811129,94.98466449712211,5442.220394151207
175.0200906335,9.72472168102444,0.04999304030762493,0.0011706236039953988,0.9499927945984808,30.415906000173905,0.02341573140565439,-2.4718798641579878,-141.62828367962396,0.0404548234915267,21,0.0031693328451913674,-49.98064297107463,98.05908505071542,5618.371716320378
175.22009767999998,9.73577713680361,0.0499936762497988,0.00017305068068936274,0.949995088202225,30.412251985090773,0.003461451400867108,-1.1789076878236107,-67.54643494781928,0.01927211185400715,21,0.0004685094574561383,-66.58563275808297,99.3520572270498,5692.453565052182
175.42009648549998,9.746833562486668,0.04999695235794667,0.0004592439279596521,0.9499980550478774,30.414151226363625,0.009185438437762266,1.3425116305048912,76.9202503751569,-0.021921720606328028,21,0.0012432544272887153,-58.10879971098959,101.8734765453783,5836.9202503751585
175.62010618299996,9.75788908576,0.05000157056792529,0.0005496817058022842,0.9500011626270742,30.417182402942263,0.01099328880190997,1.6859220612504144,96.59621869764501,-0.027498040545188476,21,0.0014879480240431132,-56.548244779909155,102.21688697612382,5856.596218697647
175.82010248949996,9.76894484330055,0.05000577237884005,0.0005137912682808079,0.9500041346970268,30.420441674296576,0.010274639183419929,2.02090737535255,115.78946339456161,-0.03292447684754844,21,0.0013906783808017012,-57.135465934929755,102.55187229022596,5875.789463394563
176.02010421149993,9.780000022801383,0.050008014403246835,0.006999655736551459,0.9500068306963312,30.407440435200918,0.13997067910172808,-1.294943486271035,-74.19479647128736,0.0210732777488944,21,0.0189451127088742,-34.45005613325189,105.51920673578196,6045.805203528715
176.22009693699994,9.791055566748607,0.05000783072917576,0.017940724605859694,0.9500090071694374,30.33524504339168,0.3587583053346213,-0.7909085469349583,-45.31572172019769,0.01285632625820424,21,0.04855814498741824,-26.274758249659293,106.02324167511804,6074.684278279804
176.42010148249994,9.802110694122495,0.0500055628765409,0.022890945237048467,0.9500104509092161,30.201519212259242,0.4577679746064271,-0.366957802143891,-21.02513332224167,0.00595822164631924,21,0.06195916122639398,-24.15788940289651,106.44719241990911,6098.9748666777605
176.62009766399996,9.813166763816664,0.050001810983885724,0.012702851818996776,0.9500113075680775,30.083387658376264,0.2540478348492332,0.12798600937375598,7.33305817383801,-0.0020757423702964265,21,0.03438552199326124,-29.272487568319512,106.94213623142676,6127.33305817384
176.82009925249997,9.824222325397498,0.04999769361940921,0.005230918113064553,0.9500115364548088,30.056262510226418,0.10462318827910692,2.780306604122402,159.2998341685638,-0.045041686222142545,21,0.014160809296844911,-36.978238516102465,109.5944568261754,6279.299834168566
177.020100625,9.835277542431944,0.049994078281332205,0.010972811355711062,0.9500112141579277,30.108820273260278,0.21948222135357,-2.783220427201914,-159.46678393326764,0.04503820932276313,21,0.029707046131536012,-30.54281058732018,110.31411510203068,6320.533216066735
177.22009087499998,9.846333243699725,0.04999134779226944,0.007072347541868056,0.9500103570524842,30.16437123398055,0.14147143164165119,-2.391331334499342,-137.0131928841992,0.03865319129835817,21,0.0191482404367629,-34.35742255789015,110.70600419473325,6342.9868071158035
177.4200989285,9.85738805985972,0.04999002361404021,0.0014851422567285387,0.9500092495337655,30.18747761268774,0.029708772858259288,-2.0708509006861173,-118.65101661017972,0.033435445094487794,21,0.004021099660686837,-47.91310326039892,111.02648462854648,6361.348983389823
177.62008788549997,9.868444360062222,0.04999007144991406,3.6074869652697545e-15,0.9500078191700938,30.190361022949222,7.21640689968639e-14,-0.6681460521930598,-38.281948888989945,0.010775634237166685,21,9.767448650320094e-15,-240.0,112.42918947703953,6441.718051111012
177.820104765,9.87949943414833,0.049990995686073084,1.4310667042813407e-14,0.9500063168029178,30.190361022949222,2.862648932355671e-13,2.352276109810849,134.77549334161344,-0.0378942650777776,21,3.874611955694014e-14,-240.0,115.44961163904344,6614.775493341615
178.02009320599996,9.890556111179444,0.049992734203396505,3.685635888537897e-15,0.9500047557463506,30.19036102294923,7.372343095984326e-14,2.360034633260941,135.220023990557,-0.03797675009668953,21,9.97850919765876e-15,-240.0,115.45737016249353,6615.22002399056
178.22009994549995,9.901610870292776,0.04999485127708141,0.00045615035634300995,0.9500031987658097,30.190744576183906,0.009123946660325758,-2.4342327733748044,-139.47126426680168,0.03912698485064159,21,0.0012349314794993646,-58.16714277360656,116.94628806303739,6700.528735733201
178.42009715449996,9.91266604946194,0.04999712431727753,0.0037903164525773755,0.9500017346068229,30.20157032757248,0.07581068920132981,-2.0791077100679516,-119.12409694000284,0.033381561290037304,21,0.010261020812886044,-39.776188629805056,117.30141312634424,6720.87590306
178.62009444099994,9.923722092899164,0.04999930169130602,0.004198552901465684,0.9500003795792763,30.22995242497766,0.08397223080009009,-1.439547922797128,-82.4800203830999,0.023087221264969888,21,0.011365690208354954,-38.88808371162119,117.94097291361506,6757.519979616903
178.8200879145,9.934777724848608,0.050001245292144496,0.00353180307762047,0.9499991312990168,30.232128267872778,0.07063430234557254,1.0907539689768144,62.495598909514996,-0.01747385705727093,21,0.009560393845606825,-40.39048432717554,120.471274805389,6902.495598909518
179.02008854549996,9.945832070981668,0.05000293485802344,0.007208102554325791,0.9499981384225122,30.191230589439726,0.1441535896801302,1.7860821757474572,102.33497053387266,-0.028581199140483567,21,0.01951127208502023,-34.194288295866755,121.16660301215964,6942.334970533875
179.2200804405,9.956887619903886,0.05000435773104399,0.004878591266610673,0.9499972157334244,30.14907160547752,0.09756332223785204,1.9306508556533741,110.61814574225944,-0.030860308842653977,21,0.013205252327917725,-37.58506591628948,121.31117169206556,6950.618145742262
179.42008390449996,9.967943488829166,0.050005245528001736,0.003974542355343846,0.9499965400203612,30.118474288140217,0.07948250855239172,1.8139825796745885,103.93354592560752,-0.02896327558049889,21,0.010758003694578975,-39.36536621812198,121.19450341608677,6943.93354592561
179.6200903175,9.978999433982498,0.05000597764312138,0.0032456467596072847,0.9499960287789595,30.092318731257933,0.06490517559261723,2.0888651289137576,119.68315585880895,-0.03331528505621286,21,0.008784953212220451,-41.125210943427426,121.46938596532594,6959.683155858812
179.81008768349994,9.988396462483749,0.049999062880621115,0.0017543314308178918,0.9500068698427518,30.075895762572802,0.035087286235875516,2.699083390382083,154.64608682275454,-0.043007149847326086,20,0.004749084570091117,-46.46780193159871,122.07960422679427,6994.646086822758
