curr_time,press_pos,press_neg,act_pos_press,act_neg_press,ref_act_pos,ref_act_neg,displacement,displacement_vel,ref_displacement,ctrl_ch_pos,ctrl_ch_neg,ctrl_act_pos_in,ctrl_act_pos_out,ctrl_act_neg_in,ctrl_act_neg_out,flowrate1,flowrate2,flowrate3,flowrate4,flowrate5,flowrate6
0.019999999999999934,137.6441400838022,39.02215187709671,107.88166116897915,93.770386658333,113.0,86.98743396011665,5.3238915655776164,-10.348354811270484,10.313312083003058,0.8539864540100098,0.9410045504570007,0.9982046127319336,0.8396659255027772,0.8426746726036072,0.921533739566803,,,,,,
0.019999999999999934,137.6441400838022,39.02215187709671,107.88166116897915,93.770386658333,113.0,86.98743396011665,5.3238915655776164,-10.348354811270484,10.313312083003058,0.9031438827514648,0.9523314952850341,0.9982162117958069,0.8431219637393952,0.8389156043529511,0.9760935187339783,,,,,,
0.019999999999999934,137.6441400838022,39.02215187709671,107.88166116897915,93.770386658333,113.0,86.98743396011665,5.3238915655776164,-10.348354811270484,10.313312083003058,0.8668124973773956,0.9444388031959534,0.9982316493988037,0.8394191205501557,0.8418198704719544,0.9540232181549072,,,,,,
0.019999999999999934,137.6441400838022,39.02215187709671,107.88166116897915,93.770386658333,113.0,86.98743396011665,5.3238915655776164,-10.348354811270484,10.313312083003058,0.8951550602912903,0.949024772644043,0.9982659816741943,0.8373800694942475,0.8296340644359589,0.9685532569885253,,,,,,
0.019999999999999934,137.6441400838022,39.02215187709671,107.88166116897915,93.770386658333,113.0,86.98743396011665,5.3238915655776164,-10.348354811270484,10.313312083003058,0.8778968870639802,0.9490008473396301,0.998265552520752,0.8385367453098298,0.8351172327995301,0.9649487972259522,,,,,,
0.04000000000000012,138.64060001170114,37.011022971028076,108.97001281389944,91.77976199825653,113.0,86.98743396011665,4.587703575579346,-45.91071849327543,10.313312083003058,0.8888007402420044,0.9477615833282471,0.9983058929443359,0.8363568127155304,0.8313202202320099,0.9711642861366272,,,,,,
0.06000000000000069,139.6295616504342,35.181205476208135,108.67656546373647,92.0839081402993,113.0,86.98743396011665,4.22435074161627,9.332948119089572,10.313312083003058,0.9601436853408813,0.9611970901489257,0.997247838973999,0.9355686664581299,0.9348924040794373,0.9747439742088317,,,,,,
0.08000000000000126,140.52420032501487,33.64595103717298,107.43295084550279,93.43489636796647,113.0,86.98743396011665,4.274824323595889,-16.651107393345796,10.313312083003058,0.8504427790641785,0.9289322614669799,0.9985467791557312,0.8115124464035035,0.8146128118038178,0.997555923461914,,,,,,
0.10000000000000184,141.29853274316653,32.596218744357714,108.27518471089493,90.75327089936393,113.0,86.98743396011665,3.926138580293899,1.241316118971175,10.313312083003058,0.9826488971710206,0.9590835928916931,0.9978015184402466,0.9336716413497925,0.8815001130104065,0.9905882120132447,,,,,,
0.12000000000000241,141.9519835723746,31.975385250261514,106.29763294535049,91.32855177923572,113.0,86.98743396011665,4.430199878104592,33.33390027022342,10.313312083003058,0.8136574447155,0.9084161281585693,0.9982759952545166,0.807301926612854,0.8105515360832215,0.9729269623756409,,,,,,
0.1400000000000009,142.48911320977666,31.659255953990634,105.97048781254328,89.91469815042194,113.0,86.98743396011665,4.7887245755145535,5.551825985682306,10.313312083003058,0.8825977861881257,0.9228219389915466,0.9987252712249756,0.8124155759811402,0.8647787392139435,0.9951971530914306,,,,,,
0.1599999999999987,142.91339620454102,31.58535741529808,106.2942864321432,88.02999240853057,113.0,86.98743396011665,5.108664153984331,34.002566162727646,10.313312083003058,0.9847349166870117,0.8498260080814362,0.9983830690383911,0.8107620298862458,0.8069763660430909,0.9945813536643981,,,,,,
0.1799999999999965,143.22945092846018,31.690992242591282,105.40660255731196,88.48392764867528,113.0,86.98743396011665,5.980100103416743,42.965243515988035,10.313312083003058,0.8236219823360443,0.9662105798721313,0.9985009551048278,0.8089992046356201,0.8217608511447907,0.962366247177124,,,,,,
0.1999999999999943,143.45414298050574,31.877459271137145,105.8923974591587,87.38526067354114,113.0,86.98743396011665,6.644822616727428,26.765806900895903,10.313312083003058,0.9105447292327881,0.9378483057022095,0.9984899997711182,0.8189434170722962,0.8649001121520996,0.9590261936187744,,,,,,
0.2199999999999921,143.59437291192071,32.03845907634487,106.73476527585142,86.64867690295063,113.0,86.80029001948559,7.281220341244427,39.861313748395276,10.425821667457058,0.9489215612411499,0.8988280594348907,0.9976737260818481,0.8157774388790131,0.8175965428352356,0.9468332290649414,,,,,,
0.2399999999999899,143.66963750754002,32.079633269261976,107.22674578716058,87.73093711902237,113.0,86.78799289007794,8.137876227056092,40.28303048233188,10.433214612774794,0.953022038936615,0.896141117811203,0.9983465909957886,0.8118036568164826,0.8344210207462311,0.9619174718856811,,,,,,
0.2599999999999877,143.68930896813376,31.993195000191744,108.50291094378771,87.85018817163589,113.0,86.78799289007794,8.76970012528277,24.458237751655325,10.433214612774794,0.9574466824531556,0.8479137837886811,0.9980408668518066,0.8110218703746797,0.8206358015537263,0.974339509010315,,,,,,
0.2799999999999855,143.6526204467671,31.778843840456563,109.95079443169033,87.35745131176579,113.0,86.78799289007794,9.308746605665272,33.83841477579121,10.433214612774794,0.964020562171936,0.8247629106044769,0.9939856767654419,0.8256085574626923,0.8304416835308075,0.9709212899208068,,,,,,
0.2999999999999833,143.57407189222,31.42381233856466,110.70127013252582,88.63359249794313,113.0,86.78799289007794,10.115523083884566,42.41457576500008,10.433214612774794,0.9586199641227722,0.82767493724823,0.9957880735397339,0.8210204243659973,0.8206736028194428,0.9718999624252319,,,,,,
0.3199999999999811,143.45694773235462,30.993634051611505,111.72451382961086,89.77703336708144,113.0,86.78799289007794,10.815144195120048,25.081274065845495,10.433214612774794,0.9087370038032532,0.8355742275714875,0.9845693230628967,0.8286718964576721,0.8189586520195008,0.9711320638656616,,,,,,
0.3399999999999789,143.29581460197326,30.428209829033165,113.38310852855577,89.82607263807186,113.0,86.78799289007794,11.162220507317157,13.291257114485237,10.433214612774794,0.8870892584323883,0.8283478498458863,0.9325825214385987,0.8585827112197877,0.8359789431095124,0.9738106727600098,,,,,,
0.35999999999997667,143.08465894720743,29.70977926565641,114.81083120697458,90.40393746639265,113.0,86.77572923905062,11.481538405571563,20.037326201785618,10.440587431132258,0.8873282492160798,0.8257912278175354,0.9181655883789063,0.8646881222724915,0.8374726831912995,0.9743557929992676,,,,,,
0.37999999999997447,142.8200246510097,28.902093411851478,115.715221917885,91.31143667300894,113.0,86.76350100297627,11.929401118143398,23.294379656974197,10.44793895827597,0.8893750727176667,0.8311705231666565,0.9269725918769837,0.8582175374031067,0.8240634858608247,0.9755034923553467,,,,,,
0.39999999999997227,142.50293426033096,28.1420392700404,116.3360207925587,90.79544123375304,113.0,86.75131011283514,12.424641699757956,28.09428086926781,10.45526803331456,0.8768284797668457,0.8429926097393037,0.8589941084384919,0.8758882284164429,0.8159274876117707,0.9719848155975341,,,,,,
0.41999999999997006,142.13917767952688,27.440400323764358,116.40497350199031,90.0976142159852,113.0,86.73915849371011,13.11976362478317,41.72746143676602,10.462573498902124,0.8737602174282074,0.8384274423122406,0.8549145817756654,0.8633448600769044,0.8172733962535859,0.9795064687728882,,,,,,
0.43999999999996786,141.74727026483637,26.807248495463465,115.9896515150947,89.8052179481098,113.0,86.72704806448267,14.03406682394424,47.172638461471784,10.469854201420961,0.8624705433845521,0.8438897013664246,0.8920922040939331,0.8496624231338501,0.8185177326202393,0.9772180318832397,,,,,,
0.45999999999996566,141.3603740100696,26.246432730265603,115.53610035001284,88.82353497096015,113.0,86.71498073753003,14.930770886489219,41.92552489766683,10.477108991163739,0.880227267742157,0.8453987419605256,0.8721395611763001,0.8541771113872528,0.8110455811023712,0.9674580931663513,,,,,,
0.47999999999996346,141.00894884209475,25.74310415339203,115.06501640450435,87.18935004092626,113.0,86.70295841842297,15.73547972149142,39.70157712182406,10.48433672251506,0.8865372538566589,0.8453781664371491,0.8441664934158326,0.867316746711731,0.8108009278774262,0.9610115647315979,,,,,,
0.49999999999996125,140.7122496443603,25.266872247549248,114.3537493195084,86.02227084702665,113.0,86.69098300562506,16.5425961318729,40.32571115497828,10.491536254132349,0.8975180089473724,0.8425300598144532,0.8490683317184449,0.8691790759563447,0.8113968431949616,0.9515886902809143,,,,,,
0.519999999999959,140.4888255670769,24.76125727924671,113.54623257861451,85.51181209764844,113.0,86.6790563901928,17.268418720540478,29.89213133912295,10.498706449126114,0.8893125772476197,0.8478248119354248,0.8665298938751221,0.8716788411140443,0.8151699721813203,0.9450655817985535,,,,,,
0.5399999999999568,140.34840145697868,24.236756817291,112.95510826540112,84.28581124449134,113.0,86.66718045547702,17.691571736727823,12.968204659351002,10.50584617523944,0.8791999340057374,0.8479806423187256,0.8765358567237854,0.8786842048168183,0.8177876174449921,0.9178466200828552,,,,,,
0.5599999999999546,140.29746330013464,23.713952858385454,112.43683753545962,82.76420514795564,113.0,86.6553570768255,17.85917577391443,5.778710917234174,10.512954305026813,0.8596467137336732,0.8879886925220489,0.907296371459961,0.8904904007911683,0.806683623790741,0.8517123341560364,,,,,,
0.5799999999999524,140.33115500993543,23.17282350639146,111.72643569842059,82.30054338096701,113.0,86.64358812128675,17.953136313568166,2.869200113680003,10.520029716032141,0.8528800249099732,0.8869947731494904,0.959655511379242,0.878119558095932,0.8141239583492279,0.8336984395980835,,,,,,
0.5999999999999502,140.43799242682172,22.594086123630976,110.98643421724248,82.38715766734029,113.0,86.63187544731534,17.90948287940431,-8.954984928198911,10.527071290965988,0.8704371213912965,0.8624662518501283,0.9906708836555481,0.8629049420356751,0.8244010567665101,0.8126127660274506,,,,,,
0.619999999999948,140.60358256961158,21.96964451016317,110.50142680458256,82.1489289355188,113.0,86.6202209044782,17.56078242292356,-25.597746670528878,10.534077917882072,0.888732397556305,0.8247401058673859,0.9924952387809753,0.8509423315525055,0.8164403021335602,0.8060176193714143,,,,,,
0.6399999999999458,140.81458104044876,21.28723102082822,110.24658825083054,82.10001781051133,113.0,86.6086263331628,16.931145033123023,-36.302583435302296,10.541048490352754,0.8322813272476197,0.8354565083980561,0.9941968560218811,0.8448394298553468,0.8118313372135163,0.8016199886798859,,,,,,
0.6599999999999436,141.0616789291157,20.49727240438652,110.12658840519016,83.1862605252786,113.0,86.59709356428635,16.108524269863423,-46.98860878425851,10.547981907643841,0.8171681344509125,0.8469813525676728,0.9951748609542846,0.8428138196468353,0.8071712553501129,0.8004865884780884,,,,,,
0.6799999999999414,141.33511771301556,19.604640442362633,110.36053076668894,84.33139945055088,113.0,86.58562441900673,15.010678110069172,-62.716298538861295,10.554877074888374,0.8140314280986787,0.8573150038719177,0.9958442211151123,0.8428354382514954,0.8038404226303101,0.8001736879348755,,,,,,
0.6999999999999392,141.6114159483763,18.699251191591994,111.00633255140504,84.53755073565969,113.0,86.57422070843494,13.685778332873065,-65.67832276846718,10.561732903259522,0.8168392539024354,0.8664154529571534,0.9964228391647338,0.8692521452903748,0.8213516771793365,0.8032568395137787,,,,,,
0.719999999999937,141.8807451454317,17.843519821374134,111.34587516634708,85.25855111149222,113.0,86.56288423334908,12.539596366249242,-47.0963334952524,10.56854831014249,0.8109648942947388,0.865999710559845,0.9964014053344726,0.8427407085895539,0.8116745710372926,0.8007821321487427,,,,,,
0.7399999999999348,142.1155638443656,17.03360574804512,111.20115232904244,87.05020852801582,113.0,86.55161678390998,11.755367317730276,-34.691632252263595,10.57532221930554,0.817684680223465,0.8488633275032044,0.997848391532898,0.8219345033168793,0.8056069910526276,0.8016878426074983,,,,,,
0.7599999999999326,142.30517156597801,16.266624188120147,111.31817754818914,88.2634549139792,113.0,86.54042013937853,11.029286702076362,-39.10255323526756,10.582053561069877,0.8237089455127716,0.8450844943523408,0.998466682434082,0.8137735366821289,0.8105131089687347,0.8107246279716492,,,,,,
0.7799999999999304,142.44363788000112,15.542069716816695,111.94665750123775,88.67509411120203,113.0,86.5292960678347,10.244879458081664,-36.37498448725756,10.588741272478607,0.8311124920845032,0.8412765562534332,0.998656940460205,0.8117469012737275,0.8212824165821075,0.8471192955970764,,,,,,
0.7999999999999282,142.5299704211705,14.857776940641017,112.45842419367932,89.74235119563993,113.0,86.5182463258983,9.661319087386433,-21.887056956997647,10.59538429746459,0.84895698428154,0.8333737194538117,0.9987561345100403,0.8101855635643006,0.8416162788867951,0.9362780570983886,,,,,,
0.819999999999926,142.5650093941576,14.209828882448788,112.83056001943154,91.3328783273025,113.0,86.50727265845173,9.291325107752643,-17.831044572963837,10.601981587017153,0.8605390787124634,0.8309322655200959,0.9987175941467286,0.8105307459831238,0.828523188829422,0.9596989512443542,,,,,,
0.8399999999999238,142.5507267045183,13.594698555949762,113.6206330807523,92.27320360615593,113.0,86.49637679836427,8.896164656535404,-20.894201117577854,10.608532099347798,0.8651332497596741,0.8459047496318818,0.9986552357673645,0.8113387107849122,0.8362107872962952,0.9786637306213379,,,,,,
0.8599999999999216,142.48754477098188,13.01088499004856,114.57290534854312,93.08099893364593,113.0,86.48556046621852,8.533844638435921,-13.644434223425232,10.615034800054701,0.90788414478302,0.842354041337967,0.9986704587936401,0.8108565866947175,0.8454928874969483,0.9899245977401734,,,,,,
0.8799999999999194,142.37877114017357,12.458043234050566,115.25619644044373,94.45090743783246,113.0,86.47482537003873,8.347203065643697,-6.742541999436472,10.621488662286033,0.9637883901596069,0.8465399861335755,0.998730993270874,0.8095618486404419,0.8241978943347932,0.994036865234375,,,,,,
0.8999999999999172,142.2299041664657,11.937150218123785,116.03743678379365,95.54077001299048,113.0,86.46417320502103,8.194172417650622,-9.131661957930834,10.627892666902138,0.9824510097503663,0.8551152527332306,0.9987414598464965,0.8082694828510285,0.8137606799602509,0.9950634360313415,,,,,,
0.919999999999915,142.04326422591242,11.462001586643206,116.96535751089321,96.0891517492906,113.0,86.45360565326575,8.024233693317589,-5.993782921325236,10.634245802636443,0.9845594882965087,0.854540240764618,0.9986649751663208,0.8080742657184601,0.8118714153766633,0.9950730562210083,,,,,,
0.9399999999999128,141.822531586943,11.052406137302494,117.53750929443522,96.80700858373737,113.0,86.44312438351184,7.993566220334987,2.454956984872523,10.640547066255166,0.9876423835754394,0.8634417176246644,0.9987026929855347,0.8079759955406189,0.8135035395622254,0.9956620216369629,,,,,,
0.9599999999999106,141.56663370833095,10.727189124011035,117.85694411762478,97.29105333900453,113.0,86.43273105087327,8.07382341595942,4.649883754113459,10.646795462715744,0.9880696535110474,0.8821446657180786,0.9987500429153442,0.8081885814666748,0.8162235915660858,0.9951544642448426,,,,,,
0.9799999999999084,141.26602677612226,10.50050643225329,118.12288404611702,97.083541851516,113.0,86.42242729657777,8.189906979743409,8.131195006865099,10.652990005323932,0.9891465783119202,0.8829044520854951,0.9986863136291504,0.8083946228027344,0.8164207816123963,0.9949455022811889,,,,,,
0.9999999999999062,140.9089405058702,10.379337905111138,118.0519911369574,96.7129838091724,113.0,86.41221474770755,8.436598789657044,16.621290766813438,10.659129715889659,0.9894967794418335,0.8879335343837739,0.9986855030059815,0.8085572898387909,0.818128228187561,0.9948276042938232,,,,,,
1.019999999999904,140.48536423352684,10.363528045499852,117.66995498405284,96.17409878437861,119.42705098312474,86.40209501694251,8.827284845974233,21.58539563758104,14.529110222001663,0.9909148573875427,0.8918695032596589,0.9987545251846314,0.8086707592010498,0.8252294361591339,0.9957099437713623,,,,,,
1.039999999999902,139.99155311652905,10.447297727178384,117.21458862465721,95.11237794121381,117.05543671487739,86.39206970230542,9.289842510886118,25.10687689055903,13.109340012365795,0.9816557407379151,0.890924084186554,0.9986704587936401,0.8096298694610596,0.8212339580059052,0.9929144501686096,,,,,,
1.0599999999998997,139.42840375049303,10.650817741159203,116.59591558394392,93.53713036207029,117.11085449816743,86.3821403869097,9.862818221731896,33.340040643815534,13.148626215774879,0.9533894300460816,0.8914388120174408,0.9985600709915161,0.8141681909561158,0.8468494951725006,0.9847145318984986,,,,,,
1.0799999999998975,138.8020552454121,11.016729531028904,115.58005812163607,91.59162239175107,117.1662344247479,86.37230863870933,10.67067201682871,47.87136486361509,13.187831003311153,0.9145041227340699,0.8890281975269317,0.9985754013061523,0.8156985223293305,0.8381949603557587,0.9715785264968873,,,,,,
1.0999999999998953,138.1201575622163,11.46402501280706,114.27493298542865,90.04964979701712,117.2215575824246,86.36257601025135,11.73617554389659,56.43944242304841,13.226942071720096,0.8918164908885956,0.8904960632324219,0.9986825942993164,0.8124302804470063,0.8465284049510956,0.977455449104309,,,,,,
1.119999999999893,137.39093258949063,11.908886087899905,113.23835437824351,88.51851501283086,117.27680507838987,86.35294403843059,12.837980774734831,52.38906501675428,13.26594713881224,0.8857017755508423,0.9020597100257873,0.9986567497253418,0.8108490586280823,0.8222020328044892,0.9814267158508301,,,,,,
1.1399999999998909,136.62433508362525,12.3225920242862,112.64616635856514,86.76316267423721,117.33195804567447,86.34341424424707,13.834083929326997,48.08369843728706,13.304833947487825,0.8852185487747193,0.901491379737854,0.9986027836799621,0.8106184363365174,0.8157601177692414,0.9803107738494873,,,,,,
1.1599999999998887,135.8269654120317,12.660308436130968,112.27571743364155,85.80862617596426,117.38699764959057,86.33398813256578,14.776656714063002,45.6069588431462,13.34359026975471,0.9020191907882691,0.8763519167900086,0.9985944032669067,0.8102895557880402,0.8117770612239839,0.9749618172645569,,,,,,
1.1799999999998865,135.01034707911717,12.89550971922755,112.16878422128345,85.60121271440536,117.44190509416386,86.32466719187902,15.605501309353562,35.6931651052098,13.38220391073818,0.912653923034668,0.8697425901889801,0.9984992027282715,0.8094860911369324,0.8167228877544404,0.9779651403427124,,,,,,
1.1999999999998843,134.18920410953334,13.024933529993708,112.49767320930465,85.35525721031195,117.49666162855233,86.31545289407134,16.1657595743281,20.455485054735032,13.420662712681196,0.9004374384880066,0.856195867061615,0.9982815265655518,0.8115258812904358,0.8192492067813874,0.9780170559883118,,,,,,
1.219999999999882,133.379324813488,13.075463051770571,113.12910951806717,84.98162326748414,117.55124855344965,86.30634669418723,16.46944089396935,11.58569349637672,13.45895455893372,0.8921166896820069,0.8531363844871521,0.998097562789917,0.8127539515495301,0.8215959131717683,0.971933102607727,,,,,,
1.2399999999998799,132.5970593227872,13.098387781687059,113.72674180779335,84.76876119313506,117.60564722747097,86.29735003020119,16.688137025609894,11.58823963616647,13.49706737793003,0.884956431388855,0.8565650224685669,0.9980865955352783,0.8136824131011964,0.822372317314148,0.9607853174209595,,,,,,
1.2599999999998777,131.85496945413507,13.172609679911782,114.04096955550929,84.4133209554981,117.65983907351894,86.28846432279076,16.98401135631437,18.85361582824421,13.53498914715242,0.8675006866455078,0.8581330299377442,0.9982728242874146,0.8117451608181,0.8205459535121918,0.9762158632278443,,,,,,
1.2799999999998755,131.1591368226165,13.283820935872452,114.00848405074336,84.36337033630937,117.71380558512777,86.27969097511213,17.435888357368484,25.24036287402587,13.57270789708005,0.8693470597267151,0.8617081344127655,0.9984909534454346,0.81077800989151,0.8222744882106782,0.9802526473999024,,,,,,
1.2999999999998733,130.51118604686343,13.411930089606829,113.85757739969439,84.0956065179707,117.76752833278323,86.27103137257863,17.94163239735458,24.366809813321478,13.610211715121693,0.8705116152763367,0.8664779543876648,0.9986932277679443,0.8094816386699677,0.8214982688426972,0.9849964141845703,,,,,,
1.319999999999871,129.9130649312526,13.53370172620721,113.75947848766717,83.51424365624908,117.82098897021616,86.26248688264187,18.39780814788042,21.253732992082583,13.647488749530918,0.8738535642623901,0.86655952334404,0.9987744212150573,0.8089508533477784,0.8224837243556977,0.9855372667312622,,,,,,
1.3399999999998689,129.3671642163856,13.59705489983908,113.73627804882899,83.47849834648379,117.87416924066788,86.25405885457586,18.77833156455792,15.873676281467203,13.68452721330257,0.876331090927124,0.8688175320625305,0.9988375663757324,0.8086327910423279,0.8208635032176972,0.9846657156944275,,,,,,
1.3599999999998666,128.87477241796037,13.573248646756475,113.90867057830536,83.76550398153795,117.92705098312474,86.24574861926394,18.984887411300885,3.970034737644578,13.72131538804907,0.8800625205039978,0.8695694565773011,0.9988659143447876,0.8085368692874909,0.8194053649902344,0.9815785884857178,,,,,,
1.3799999999998644,128.43670933718823,13.48469257903742,114.33456824129446,83.6635916359159,117.97961613852014,86.2375574889886,18.946328207269616,-6.604632457921618,13.757841627855353,0.8809388279914856,0.8687885284423829,0.9987764835357666,0.8091485798358917,0.8272377073764802,0.9723874092102051,,,,,,
1.3999999999998622,128.05236778677067,13.35943157534387,114.80075252393254,83.6532644931062,118.03184675590168,86.22948675722425,18.7841250661383,-8.200824617015442,13.794094363111121,0.8780975818634034,0.8659480273723603,0.9986921787261963,0.8096191346645356,0.8388517737388611,0.9654206037521362,,,,,,
1.41999999999986,127.71897062798732,13.22094060813163,115.09370532256564,84.0852698826952,118.08372499856135,86.22153769843302,18.64733760050013,-5.483365697580714,13.830062104319023,0.8794297933578492,0.8649765133857727,0.9987733840942383,0.8090496838092804,0.8414009809494019,0.9711132049560547,,,,,,
1.4399999999998578,127.43322125800755,13.117123825376538,115.21453864678577,84.02642689814226,118.13523315012681,86.21371156786343,18.556571186057152,-3.0281932241625484,13.86573344587772,0.8815519452095032,0.8641483426094055,0.9988731980323792,0.8083621203899384,0.8423716187477113,0.9773806571960449,,,,,,
1.4599999999998556,127.19037905814052,13.133231949988264,115.05889603228876,82.88418383018467,118.1863536206115,86.2060096013522,18.600778989862782,9.615234020939043,13.901097069838318,0.885978102684021,0.8617944538593293,0.9988977909088135,0.8082977414131165,0.8394774079322815,0.9812503933906556,,,,,,
1.4799999999998534,126.98615445663033,13.223161120744091,114.4238737968248,82.67557502410295,118.23706895242158,86.19843301512917,18.96273474427306,24.74594097594892,13.936141749633013,0.8839792132377625,0.869624412059784,0.9989311695098877,0.8088052809238434,0.8281813979148865,0.9850585699081421,,,,,,
1.4999999999998512,126.81549260586817,13.293755614300405,113.70433819497576,83.30936741145534,118.28736182631769,86.1909830056251,19.445664415614853,19.407141827802498,13.970856353774739,0.8818899393081665,0.8804712414741517,0.9989876389503479,0.8096331417560578,0.8269101798534394,0.9854346990585328,,,,,,
1.519999999999849,126.6720343083589,13.3040931023274,113.48515919111095,83.02202344503634,118.33721506732948,86.18366074928286,19.633419011610513,-0.9139056034227635,14.005229849526511,0.8860581874847412,0.8770123183727265,0.9989524364471436,0.8092264533042908,0.8219795644283295,0.9813639879226684,,,,,,
1.5399999999998468,126.548213560589,13.266536969555727,113.7230325395313,82.04784265165473,118.3866116506208,86.17646740237161,19.48291518643523,-11.14360767314152,14.039251306539235,0.8901991903781891,0.8694685935974121,0.9989221811294555,0.8086847841739655,0.8356947541236878,0.973329222202301,,,,,,
1.5599999999998446,126.43641936807624,13.198436753915763,113.95276278359351,81.93331931585485,118.43553470730372,86.16940410080423,19.28688526362278,-7.243064850881813,14.072909900456807,0.8899496853351593,0.8706627726554871,0.9989199876785279,0.8086672604084015,0.8370792329311372,0.9707127809524536,,,,,,
1.5799999999998424,126.32967309823886,13.115086094666896,113.99498251129572,82.61347911535151,118.4839675301992,86.1624719599579,19.18508170391106,-4.092199566866045,14.10619491648723,0.8882625579833985,0.8756474435329438,0.998924446105957,0.8089506149291993,0.8248890578746796,0.971387505531311,,,,,,
1.5999999999998402,126.22297499343794,13.030236202480351,114.02253388604558,83.00232058954842,118.53189357954257,86.15567207449803,19.07897407924519,-7.033341618706743,14.139095752938612,0.8882787823677063,0.8749005913734437,0.9989223003387451,0.8088725209236145,0.8275202810764313,0.9705832958221435,,,,,,
1.619999999999838,126.11304850280975,12.974764459101449,114.10348221913394,82.53124422317133,118.57929648863191,86.14900551820536,18.921639143088427,-7.101664699864186,14.171601924718829,0.8882211089134217,0.8659210264682771,0.9989169716835022,0.8084833025932312,0.8474750459194184,0.972234058380127,,,,,,
1.6399999999998358,125.99750453821214,12.994456957976283,113.98922086972006,81.76916049963953,118.6261600694172,86.14247334380639,18.88253259496318,4.78146425332574,14.203703066797651,0.8921077430248261,0.8599097609519959,0.9989255905151367,0.8084677696228028,0.8525035381317139,0.9779684782028198,,,,,,
1.6599999999998336,125.87483956915152,13.04355609781914,113.53156125995103,82.12128712340083,118.67246831802849,86.1360765828072,19.097792400629952,14.420032995675552,14.235388937630137,0.8958259880542755,0.8662809610366822,0.9989534735679626,0.8090329229831696,0.8335642397403717,0.9818344116210938,,,,,,
1.6799999999998314,125.74383465117056,13.081580345636118,113.11901480251379,82.49873178074424,118.71820542024135,86.12981624533052,19.34132292589172,7.617081455452774,14.26664942254039,0.8923512518405915,0.8752193927764893,0.998972225189209,0.8094217419624329,0.8265945255756378,0.9820281147956849,,,,,,
1.6999999999998292,125.60348676011132,13.104977346548115,113.05592412627317,81.88448173260824,118.76335575687725,86.12369331995617,19.380621795824258,-2.5532684527635987,14.297474537064112,0.8989049971103669,0.8666759014129639,0.9989452123641968,0.8090938568115235,0.8298180460929871,0.9776806592941284,,,,,,
1.719999999999827,125.45321027758541,13.11452002307175,113.14682428557485,81.29713798219973,118.8079039091376,86.11770877356508,19.311325268302287,-2.7309306829251376,14.327854430249225,0.898519778251648,0.8650312304496766,0.9989376306533814,0.8088444113731384,0.8399857521057129,0.9750096321105957,,,,,,
1.7399999999998248,125.29283971151344,13.113671883384344,113.14360353064292,81.44005055320979,118.85183466386921,86.1118635511865,19.299404355085272,1.2305626463890496,14.357779387913233,0.8978274762630463,0.8680160939693451,0.9989419460296631,0.8090615451335907,0.8303652822971345,0.9758378028869629,,,,,,
1.7599999999998226,125.12189705929137,13.107389649572303,113.09050409440222,81.75748259694305,118.89513301875958,86.10615857584878,19.326986414004914,0.6471524528743872,14.387239835856313,0.8957082509994507,0.8727593779563905,0.9989426136016846,0.8092548489570618,0.8227360665798188,0.974717116355896,,,,,,
1.7799999999998204,124.93994167214218,13.100770877053526,113.10918104574795,81.69749284810808,118.93778418746018,86.10059474843366,19.31014097154674,-2.109415664823585,14.41622634302902,0.8958180844783783,0.871701341867447,0.9989377975463867,0.809089082479477,0.8284217774868012,0.9721763849258422,,,,,,
1.7999999999998182,124.7476873145234,13.103712947152165,113.15822614897986,81.39160113840092,118.979773604636,86.09517294753402,19.267917668937045,-1.239554449040211,14.444729624653526,0.8986519992351533,0.8668563544750214,0.9989367008209229,0.808874410390854,0.8402128458023072,0.9719448089599609,,,,,,
1.819999999999816,124.54547410759673,13.128904665125207,113.10737613845457,81.1971695565672,119.02108693093949,86.08989402931505,19.290490303424544,3.762842978353351,14.472740545297423,0.900572943687439,0.8652678310871125,0.9989420413970947,0.8089423418045044,0.8390607953071595,0.9743810653686523,,,,,,
1.8399999999998138,124.3339942761578,13.163529584203493,112.94387026488758,81.32853819230714,119.0617100579076,86.08475882737912,19.400771793440892,6.3379420995353986,14.500250121898958,0.9009852647781372,0.8676649391651154,0.9989484906196594,0.8091875076293946,0.829933226108551,0.9755388259887695,,,,,,
1.8599999999998116,124.11469702448201,13.199828155602171,112.80764178524028,81.30957453919541,119.10162911277969,86.07976815263417,19.510091463150896,4.077745272028065,14.527249526742711,0.9013301849365235,0.8691922008991242,0.9989502310752869,0.8092794120311737,0.8277424573898315,0.974508535861969,,,,,,
1.8799999999998094,123.88941460873963,13.225913413735363,112.77029974049172,81.14744365096163,119.14083046323508,86.07492279316558,19.559126776712528,0.979551365286578,14.5537300903848,0.9018453478813172,0.8684894680976868,0.9989474534988403,0.8091731369495392,0.832619196176529,0.9723488330841065,,,,,,
1.8999999999998072,123.65969610681901,13.233881720917632,112.7997183080266,81.09864053379793,119.17930072204848,86.07022351411179,19.557165811134997,-1.0105384035829348,14.579683304526451,0.9025131702423096,0.8677976548671723,0.9989462852478027,0.8091107189655304,0.8362918972969056,0.971048903465271,,,,,,
1.919999999999805,123.42628959657489,13.227736222900514,112.85693852727171,81.1452339715749,119.21702675166179,86.06567105754343,19.52370212251136,-2.233417745113055,14.605100824835173,0.9026312589645386,0.8684959530830384,0.9989465236663818,0.8091377437114716,0.835737818479538,0.970138692855835,,,,,,
1.9399999999998028,123.18961784584185,13.212557168696936,112.91855219720964,81.22930698257544,119.25399566867044,86.06126614234616,19.471423153592948,-2.9132387626499554,14.629974473712398,0.9025306105613708,0.8691684067249299,0.9989457130432129,0.8091376006603241,0.8360877096652986,0.9687861800193787,,,,,,
1.9599999999998006,122.95025775922186,13.196930667189799,112.96683866217857,81.24205608152678,119.29019484822312,86.05700946410717,19.411390672210658,-2.868474944954576,14.654296243006783,0.9035760760307312,0.8680245339870454,0.9989459156990051,0.8090937018394471,0.8394667267799378,0.9683630585670471,,,,,,
1.9799999999997984,122.70910433563137,13.193566996802145,112.96442465369947,81.15840641367878,119.3256119283332,86.05290169500529,19.370751415215064,-0.9014932748769882,14.678058296672262,0.9049530029296875,0.866324669122696,0.9989479780197144,0.8090783298015595,0.8416830122470856,0.9695925235748291,,,,,,
1.9999999999997962,122.46727300453124,13.194034282917317,112.88554511939803,81.26733840280114,119.36023481410027,86.04894348370487,19.373792734144246,0.7973510665473619,14.701252973369805,0.906346869468689,0.8656271517276765,0.9989520311355591,0.8091487407684327,0.8401487767696381,0.9710872769355774,,,,,,
2.0199999999998384,122.22561825456144,13.188228291214076,112.79857173051305,81.42197036042435,119.39405168184054,86.04513545525339,19.379429175229273,-0.7640557098566043,14.723872789012162,0.9080214738845825,0.8650901198387146,0.9989559650421143,0.8092181980609894,0.8394495904445649,0.9717279672622681,,,,,,
2.0399999999998806,121.98473407346282,13.17290971586733,112.7755925135539,81.40904852764088,119.42705098312466,86.04147821098266,19.334099311977674,-3.6635196957998684,14.745910439250736,0.9092547297477722,0.8640489220619202,0.9989564418792725,0.8091811954975129,0.8431434571743012,0.971101450920105,,,,,,
2.059999999999923,121.74506174186125,13.148194707490592,112.79405040607223,81.36415130008099,119.45922144872148,86.03797232841394,19.24515453410601,-4.861621118049927,14.767358801903598,0.9102348566055298,0.8628983616828919,0.9989564299583436,0.8091302156448364,0.8472249209880829,0.9707042455673218,,,,,,
2.079999999999965,121.50681082447242,13.117223406323467,112.79560389416332,81.43489279309351,119.49055209244648,86.03461836116675,19.150039549564305,-4.555014957121305,14.788210939323974,0.9110694169998169,0.8624723732471467,0.9989585876464844,0.8091650664806367,0.8466554284095764,0.97139892578125,,,,,,
2.100000000000007,121.2699807505487,13.082792683081818,112.76661444389653,81.5736079336288,119.5210322149135,86.0314168388714,19.060811275085783,-4.5019633604082046,14.80846010070833,0.9116026401519776,0.8624604165554047,0.998960816860199,0.809219515323639,0.8446775436401368,0.9721642732620239,,,,,,
2.1200000000000494,121.03439917253479,13.047379372564082,112.72757496402582,81.65470468163363,119.55065140718867,86.02836826708536,18.966008594481842,-4.991014876696002,14.828099724343343,0.9125940561294555,0.8614818811416627,0.99896240234375,0.809217768907547,0.8460808277130127,0.9727855205535889,,,,,,
2.1400000000000916,120.79976074369037,13.017003582021456,112.67986341297151,81.6072374465003,119.57939955434495,86.02547312721344,18.865318330812478,-4.816972719342264,14.847123439790902,0.9141848087310791,0.8596511602401734,0.9989644527435303,0.8091923654079438,0.8494995534420013,0.9737438917160034,,,,,,
2.160000000000134,120.56586806808423,13.002007537026067,112.5836238648592,81.4767872490017,119.60726683891642,86.02273187643183,18.787834051812208,-2.6376613595090435,14.865525070010445,0.9155575037002563,0.8584369897842408,0.9989679336547852,0.8092302441596986,0.8492074728012086,0.9753565311431884,,,,,,
2.180000000000176,120.33272857378151,12.998609513516328,112.41078548147337,81.47107540048503,119.63424374425092,86.02014494761578,18.76006835445744,-0.4237489910300313,14.883298633418004,0.9157993197441101,0.8593276917934418,0.9989744305610657,0.8093591451644898,0.8453798830509186,0.976827883720398,,,,,,
2.2000000000002182,120.10034877150395,13.003155248508403,112.21327969787694,81.4399093093407,119.66032105776002,86.01771274927134,18.75529368587708,-0.38915045828680334,14.9004383458811,0.9149879097938538,0.8614501953125,0.998982310295105,0.8094785630702973,0.8440093100070953,0.977559494972229,,,,,,
2.2200000000002604,119.86868330179315,13.013462203510066,112.04384845289577,81.26715240472176,119.68548987406503,86.01543566547082,18.739127947846836,-1.1558716226862604,14.916938622648953,0.9156036853790284,0.861387324333191,0.9989833116531373,0.8094983339309693,0.8442210078239442,0.9773484468460083,,,,,,
2.2400000000003026,119.63758495896097,13.02779789426153,111.89226837323,81.07132668245731,119.70974159803822,86.01331405579215,18.715984806183194,-0.9831731597720293,14.932794080217239,0.9162640094757081,0.8612213671207428,0.9989838361740112,0.8095120012760163,0.844459593296051,0.9770705938339234,,,,,,
2.260000000000345,119.40678079741028,13.044833841516063,111.73393345673622,80.9561247031692,119.7330679477381,86.0113482552621,18.702679438231122,-0.3944573916214885,14.947999538126922,0.916022264957428,0.8625468611717224,0.9989872574806213,0.8095869600772858,0.843028086423874,0.976988673210144,,,,,,
2.280000000000387,119.17599644202875,13.063893708870893,111.57711801416792,80.86999982167252,119.75546095723762,86.00953857430336,18.695607196450755,-0.43621972529020603,14.962550020696352,0.9159692764282227,0.8637147068977357,0.9989888310432434,0.8096501350402833,0.8412641346454621,0.9764509201049805,,,,,,
2.3000000000004293,118.9451269682391,13.084736813143284,111.43967694631215,80.74694062447648,119.77691297934452,86.00788529868554,18.682777456547527,-0.8301645070604139,14.976440758686206,0.9170382261276245,0.8632368445396423,0.9989874243736268,0.8096511960029602,0.841272383928299,0.9756019830703735,,,,,,
2.3200000000004715,118.71437901337842,13.108049944862442,111.31766369470945,80.59912615102158,119.79741668821292,86.00638868948,18.665405315165472,-0.7924024595984085,14.989667190896661,0.918543016910553,0.8620709180831909,0.9989861607551574,0.8096322298049927,0.8425146102905274,0.9749786257743835,,,,,,
2.3400000000005137,118.4840871145211,13.134636263806094,111.19343985311897,80.48040109601114,119.81696508184507,86.00504898301871,18.655077302363672,-0.21133364695113943,15.002224965696222,0.9193768620491027,0.861786961555481,0.998987352848053,0.8096491277217865,0.8431377947330475,0.9747889995574951,,,,,,
2.360000000000556,118.25458436175415,13.161091887956294,111.0660528395635,80.43465573204735,119.83555148448241,86.00386639085683,18.65372032252793,-0.09022877550854416,15.01410994248165,0.9199617624282836,0.8620270133018494,0.9989892244338989,0.8096880614757538,0.8430388271808624,0.9745283126831055,,,,,,
2.380000000000598,118.02627113342628,13.18426511416253,110.95989059057518,80.39708428615198,119.85316954888545,86.00284109973938,18.644779344423057,-0.9215373850431047,15.025318193068681,0.9211386799812317,0.8614496469497681,0.998989200592041,0.8096947431564332,0.8436959803104401,0.973968243598938,,,,,,
2.4000000000006403,117.79956336603202,13.201663638656006,110.88911807070293,80.3488248002153,119.86981325850134,86.00197327157173,18.61548228757218,-1.9741710492538265,15.035846003012907,0.9228362560272216,0.8599127769470215,0.9989872813224793,0.8096593737602235,0.8454893171787262,0.9732929468154907,,,,,,
2.4200000000006825,117.57466316259469,13.211744129773429,110.84449896412592,80.33696850115074,119.8854769295185,86.00126304339398,18.56807828902612,-2.71431373292549,15.045689872860361,0.9242583155632019,0.8585743308067322,0.9989863395690918,0.80963014960289,0.8474277853965759,0.9729536652565003,,,,,,
2.4400000000007247,117.35180984318852,13.215171384318857,110.81358972038029,80.36378934589412,119.90015521280765,86.00071052735942,18.5082213931154,-3.2468400837425837,15.054846519327427,0.925204586982727,0.8577989339828491,0.9989869475364686,0.8096226692199707,0.8489721715450287,0.9729537963867188,,,,,,
2.460000000000767,117.13092353867073,13.214484303743008,110.7882325534892,80.39340722894532,119.91384309574845,86.0003158107167,18.439686594901463,-3.5535460709408824,15.06331287640974,0.9259698271751404,0.8571029901504517,0.9989879131317139,0.8096149802207947,0.8506288886070252,0.9731402397155762,,,,,,
2.480000000000809,116.91175273865088,13.211372352551333,110.75846075905939,80.43028542828809,119.92653590394143,86.00007895579618,18.36826235258124,-3.553974550538801,15.071086096419556,0.9267060160636902,0.856330555677414,0.9989895820617676,0.809606683254242,0.8527628481388092,0.9736363649368286,,,,,,
2.5000000000008513,116.69443685322409,13.205454413089422,110.71934182558418,80.49356084071084,119.93822930280423,86.0,18.29730023186335,-3.5894641075332143,15.078163550951409,0.927272641658783,0.855767834186554,0.9989926099777222,0.809610390663147,0.8551055550575257,0.9744292140007019,,,,,,
2.5200000000008935,116.4788973645207,13.19605542038316,110.67798103704997,80.56035218817566,119.94891929905185,86.00007895579618,18.22213652623755,-3.97793966494307,15.084542831775515,0.9277778625488281,0.855297714471817,0.9989958763122558,0.8096182942390442,0.8574209809303284,0.9752400040626525,,,,,,
2.5400000000009357,116.26498607572775,13.184131944760562,110.64022921586965,80.59549573470845,119.95860224206035,86.0003158107167,18.138005540553117,-4.384857259177756,15.090221751658849,0.9282827258110047,0.8547774732112885,0.9989986896514893,0.8096211314201356,0.8597397446632385,0.9759641766548157,,,,,,
2.560000000000978,116.05260718951115,13.171469414804838,110.59686488153656,80.61478278893357,119.96727482511359,86.00071052735942,18.05007859979432,-4.324524381425507,15.095198345113456,0.9285197734832764,0.8545493483543396,0.9990019798278809,0.8096335530281067,0.8616798877716065,0.9767637848854065,,,,,,
2.58000000000102,115.841762671094,13.158724010199288,110.53615827799575,80.6535640487227,119.97493408653237,86.00126304339399,17.96660316407365,-4.03557329144644,15.099470869071759,0.9283675909042358,0.8548524498939515,0.9990063548088074,0.8096677541732789,0.8628873586654664,0.9776697874069213,,,,,,
2.6000000000010624,115.63252550821876,13.146365265131713,110.4613366748199,80.69068928960262,119.98157741068596,86.00197327157174,17.88688887281442,-3.985829960191093,15.10303780348874,0.9281664729118347,0.8552471041679383,0.9990106582641601,0.8097050368785859,0.8638568162918091,0.9784974217414856,,,,,,
2.6200000000011046,115.42502602391953,13.13496733731529,110.38086021417473,80.69640722226421,119.98720252888523,86.00284109973941,17.8062315505332,-4.068333380643813,15.105897851870633,0.9282204866409302,0.8552939653396607,0.9990139484405518,0.8097266852855682,0.8652099490165711,0.9791554689407349,,,,,,
2.6400000000011468,115.21946751792775,13.125167749960001,110.29374125252127,80.680171422362,119.99180752015748,86.00386639085686,17.725631124572832,-3.9456664033993554,15.10804994173007,0.928354287147522,0.8552621126174927,0.9990171432495117,0.8097461938858033,0.8667102575302125,0.9797748327255249,,,,,,
2.660000000001189,115.01607059451239,13.117658120384153,110.19433551681699,80.66187446808787,119.9953908119024,86.00504898301874,17.649693739408132,-3.637526545238002,15.109493224967427,0.9282878994941711,0.8555709838867188,0.9990209579467774,0.8097817718982697,0.867661201953888,0.9803921937942505,,,,,,
2.680000000001231,114.8150987348825,13.113061688533582,110.08291814930732,80.63703666946876,119.99795118042913,86.00638868948003,17.579813991360847,-3.367227357050556,15.110227078178372,0.9281253576278686,0.8560673952102662,0.9990247130393982,0.8098242282867432,0.8681169271469117,0.9809144735336304,,,,,,
2.7000000000012734,114.61688535386497,13.111947636917986,109.96394735340141,80.5916360504205,119.99948775137419,86.00788529868557,17.514590831390656,-3.152828566276022,15.11025110288734,0.9280913829803467,0.8564150035381317,0.9990278124809265,0.8098602294921875,0.8686118364334107,0.9812968969345093,,,,,,
2.7200000000013156,114.42180421884049,13.1147799869719,109.83891107615742,80.52719966200573,120.0,86.0095385743034,17.45426964119331,-2.858939463241223,15.109565125706933,0.9281460404396057,0.8566551923751832,0.9990305662155151,0.8098927259445191,0.8692008018493653,0.981605875492096,,,,,,
2.740000000001358,114.23021682806271,13.121861114003881,109.7067195332157,80.45414391861976,119.99948775137412,86.01134825526215,17.40087200425569,-2.4741060767426517,15.10816919842328,0.9281378269195557,0.8570044279098511,0.9990334391593934,0.8099277257919312,0.8695878565311432,0.981927752494812,,,,,,
2.7600000000014,114.04244680838748,13.133327034577249,109.56852749801173,80.37428274947791,119.99795118042898,86.01331405579221,17.35517100214625,-2.1060944366265506,15.106063598007104,0.9280939817428588,0.8574470162391663,0.999036169052124,0.8099634230136872,0.8696931898593903,0.9822161197662354,,,,,,
2.780000000001442,113.85878510032126,13.149164067907403,109.4279150121527,80.28325083673109,119.99539081190217,86.01543566547087,17.31623220011655,-1.7938453515804318,15.103248826550729,0.9281342267990113,0.8578131198883057,0.9990383744239807,0.8099945604801179,0.8697185277938844,0.9823990345001221,,,,,,
2.8000000000014844,113.67949940257479,13.169164652394583,109.28754008530422,80.18235629566608,119.99180752015718,86.01771274927141,17.283382776821767,-1.4885610317798394,15.099725611130836,0.928261113166809,0.8580743551254273,0.9990401268005371,0.810020923614502,0.8697619378566742,0.9824956655502319,,,,,,
2.8200000000015266,113.50488919356533,13.192933681550391,109.14851123058506,80.07814452960542,119.98720252888486,86.02014494761586,17.256750169603766,-1.1767859208974374,15.095494903597178,0.9283985257148742,0.8583263158798218,0.9990416288375854,0.810045349597931,0.8697226703166963,0.9825559020042419,,,,,,
2.840000000001569,113.33538339538066,13.219996847739257,109.0124135140434,79.9741917977745,119.98157741068553,86.02273187643192,17.236034459945614,-0.905463975814724,15.09055788028719,0.9285433411598205,0.8585904717445374,0.9990428924560547,0.8100701332092286,0.8695105135440827,0.982540488243103,,,,,,
2.860000000001611,113.17063287407348,13.24985805132102,108.88177130599735,79.87023447743611,119.97493408653187,86.02547312721356,17.220077893685538,-0.700192147571891,15.084915941666644,0.9287543773651123,0.8587781548500062,0.9990437269210816,0.8100916385650635,0.8692596673965455,0.9824354887008667,,,,,,
2.8800000000016532,113.01070197886007,13.281986093727268,108.75855155544959,79.76750675508097,119.96727482511301,86.02836826708547,17.207735155154634,-0.5390915399573889,15.078570711896543,0.9290417432785034,0.8588516592979432,0.9990441679954529,0.8101074278354645,0.869092869758606,0.9822768568992615,,,,,,
2.9000000000016954,112.85558796106214,13.315790972245058,108.64357225335021,79.6698034869791,119.95860224205971,86.03141683887152,17.198330978007373,-0.4068491066048958,15.071524038326192,0.9293629407882691,0.8588607251644135,0.9990443825721741,0.810119640827179,0.868973308801651,0.9820907592773438,,,,,,
2.9200000000017377,112.70523078225865,13.350653658822921,108.53740934973847,79.57980726093783,119.94891929905113,86.0346183611669,17.19116060328013,-0.31950304855237616,15.06377799091278,0.9296996474266053,0.8588300108909608,0.9990444183349609,0.8101292908191682,0.8688695549964905,0.9818832159042359,,,,,,
2.94000000000178,112.55954685871941,13.385897621454516,108.44088460008767,79.49787290259793,119.93822930280345,86.0379723284141,17.185156205629678,-0.2903699266076429,15.055334861567705,0.9300690650939941,0.8587308168411255,0.9990442514419555,0.8101352155208588,0.8688339114189149,0.9816538214683532,,,,,,
2.960000000001822,112.41846303485018,13.420704503324593,108.3545065632509,79.42442097720676,119.92653590394058,86.04147821098283,17.17922225069857,-0.3097701522174353,15.04619716342956,0.9304726839065551,0.8585507988929749,0.9990438938140869,0.8101369738578796,0.8689156174659729,0.9814156293869019,,,,,,
2.9800000000018643,112.28184755664333,13.45462162006596,108.27810844833621,79.36096208998158,119.91384309574752,86.04513545525357,17.172522752021216,-0.36618843883133584,15.036367630064497,0.9308864355087281,0.8583176195621491,0.9990434646606445,0.8101357936859132,0.8691018164157868,0.9811874866485596,,,,,,
3.0000000000019065,112.14949143245816,13.485976600554311,108.21167155966144,79.32617721343357,119.90015521280665,86.04894348370509,17.164022085746005,-0.5285989180698916,15.025849214593691,0.9312930345535279,0.8580547451972962,0.9990430116653443,0.8101326763629914,0.8693678617477417,0.9809786915779114,,,,,,
3.0200000000019487,112.02114457353333,13.511116537207668,108.1620407780518,79.33482541228138,119.88547692951745,86.05290169500552,17.147958198435727,-1.172395488335577,15.014645088748697,0.9318931221961975,0.8575467169284821,0.9990421533584595,0.8101211190223694,0.8700091004371644,0.9807049870491028,,,,,,
3.040000000001991,111.89650238322677,13.530207857642566,108.13888886925615,79.33047010998233,119.86981325850022,86.05700946410741,17.11548621324768,-2.038460191016799,15.002758641854616,0.9326882123947143,0.8566865861415863,0.9990405678749085,0.8101035714149476,0.8711142718791962,0.9802268981933594,,,,,,
3.060000000002033,111.77528156898761,13.545102873838934,108.13132731292859,79.31668663566622,119.85316954888424,86.06126614234643,17.070382009601758,-2.3475363177085455,14.990193479741627,0.9333114624023438,0.8558621764183045,0.9990392208099366,0.810084480047226,0.8723646879196167,0.979885745048523,,,,,,
3.0800000000020753,111.65727457643537,13.557154362290115,108.11765490419995,79.33728150008542,119.83555148448113,86.0656710575437,17.02514864966995,-2.147400414797056,14.976953423585268,0.933493709564209,0.8555929780006409,0.9990397930145264,0.8100867569446564,0.8732694029808045,0.9799583196640015,,,,,,
3.1000000000021175,111.54234771948808,13.56699351615838,108.09312167161717,79.38287339246628,119.81696508184373,86.07022351411209,16.98329605038236,-2.101568712662042,14.963042508675578,0.9334718942642212,0.8556133925914765,0.9990413784980774,0.8101011991500855,0.8739841401576997,0.9802320718765258,,,,,,
3.1200000000021597,111.43043321960707,13.574968935819202,108.06728098701615,79.41274032620353,119.79741668821153,86.0749227931659,16.93896228321255,-2.3542528045097546,14.948464983115944,0.9336239576339722,0.8553477287292481,0.999042272567749,0.8101056873798371,0.875063419342041,0.9803768157958984,,,,,,
3.140000000002202,111.32143818440117,13.580872819439435,108.04307352924782,79.42836569206862,119.77691297934301,86.0797681526345,16.889559896293,-2.5586209092713412,14.933225306451615,0.9449680328369141,0.8526722013950349,0.9990490317344666,0.8100685000419617,0.8604383409023285,0.9836527109146118,,,,,,
3.160000000002244,111.21521696294336,13.584017548103878,108.01617908605583,79.45731318130416,119.75546095723598,86.08475882737947,16.837248836799873,-2.6776367898408884,14.917328148228755,0.9674488067626953,0.8471174895763398,0.9990655899047851,0.8099829375743867,0.8303370654582978,0.9898236751556396,,,,,,
3.1800000000022863,111.11161049300173,13.584656160280222,107.98687813458024,79.48960389153169,119.73306794773636,86.08989402931542,16.78173089374014,-2.886337642939661,14.90077838648422,0.9767557382583618,0.8442125082015992,0.9990759372711182,0.8099395930767059,0.819124323129654,0.9924348831176758,,,,,,
3.2000000000023285,111.01050612246755,13.584185680384032,107.95589930879031,79.50390391178858,119.70974159803635,86.09517294753442,16.722364373036235,-3.013212729868227,14.883581106166666,0.9764768838882446,0.844366043806076,0.9990767240524292,0.8099437057971954,0.8193812251091004,0.9925395011901855,,,,,,
3.2200000000023707,110.91186348260491,13.583190665273484,107.91779491606346,79.51707875883122,119.68548987406302,86.10059474843409,16.66269633486932,-2.930493262787867,14.865741597489613,0.9761656284332275,0.8445023059844972,0.9990774989128113,0.8099468290805817,0.819704419374466,0.9926480293273926,,,,,,
3.240000000002413,110.81550128146314,13.582172197013644,107.86996136372544,79.53295305081195,119.66032105775788,86.10615857584922,16.605207108361515,-2.8305795835528533,14.847265354216756,0.9757859945297241,0.8447601914405823,0.9990786671638489,0.8099545180797577,0.8199992716312409,0.9927913308143616,,,,,,
3.260000000002455,110.72041055242995,13.582481269430778,107.81501132148223,79.52801508867182,119.63424374424865,86.11186355118697,16.549280439493128,-2.744983032880337,14.828158071880427,0.9754204392433167,0.8450294554233552,0.9990798234939575,0.8099628031253815,0.8202577888965608,0.9929285407066345,,,,,,
3.2800000000024974,110.62482849770328,13.586471646512726,107.75068919050094,79.48849482341267,119.607266838914,86.11770877356558,16.497299691583034,-2.383558225972006,14.808425645933518,0.975062370300293,0.8453230679035187,0.999081039428711,0.8099721610546112,0.8204757392406464,0.9930636405944824,,,,,,
3.3000000000025396,110.52717891596298,13.596372560962097,107.66789203844581,79.42843121837383,119.57939955434239,86.1236933199567,16.456658333209187,-1.6312268469072482,14.788074169835596,0.974632716178894,0.8458741068840028,0.9990829586982727,0.8099916279315948,0.8205166161060333,0.99324951171875,,,,,,
3.3200000000025818,110.42648829648941,13.613569997122966,107.56254031823568,79.35575942392221,119.55065140718597,86.12981624533107,16.432747998278593,-0.7718366060206521,14.767109933073911,0.974184250831604,0.8466982066631318,0.999085545539856,0.8100220739841462,0.8202894330024719,0.993470573425293,,,,,,
3.340000000002624,110.32232793829574,13.638641478148115,107.44090486305328,79.25793843220879,119.52103221491066,86.13607658280777,16.42476311970089,-0.052592129962591605,14.745539419119833,0.9738598346710206,0.8475217819213867,0.9990879178047181,0.8100531995296478,0.819892019033432,0.9936545729637146,,,,,,
3.360000000002666,110.21468917476948,13.671527324220182,107.31105726329528,79.12907755237232,119.49055209244348,86.142473343807,16.430091590301593,0.5846261631148877,14.723369303321409,0.9737186908721924,0.8481864392757417,0.9990896701812744,0.810079050064087,0.8194149315357209,0.9937720537185669,,,,,,
3.3800000000027084,110.10387533082218,13.711657413712146,107.17657900349083,78.98227141845929,119.45922144871834,86.14900551820598,16.448316881371454,1.2392081438709206,14.70060645073298,0.9737169504165649,0.8488092720508575,0.9990911245346069,0.8101041316986084,0.8188083469867706,0.9938517689704895,,,,,,
3.4000000000027506,109.99043323342532,13.758043047948924,107.04029626902076,78.83084979245723,119.42705098312136,86.15567207449868,16.47926348903048,1.8334628357587224,14.677257913882126,0.9738537311553955,0.8494420766830445,0.999092411994934,0.8101305425167085,0.8180363714694977,0.9939018487930298,,,,,,
3.420000000002793,109.87509751687719,13.809473221694054,106.90795200443556,78.67638214744613,119.39405168183708,86.16247195995858,16.52050339630274,2.2606853430840537,14.653330930475157,0.9741733789443969,0.8499197781085969,0.9990931034088135,0.8101521134376526,0.8172052502632141,0.9938928246498108,,,,,,
3.440000000002835,109.75862510387877,13.864781265054976,106.7854109407703,78.51890102428395,119.36023481409666,86.16940410080494,16.568730275874792,2.5454489317077234,14.628832921041607,0.9518348574638367,0.8569076240062714,0.9990750670433044,0.8102815091609955,0.8400886058807373,0.9891941666603088,,,,,,
3.460000000002877,109.64178832597092,13.922748428453438,106.6754248035564,78.36554092086526,119.32561192832942,86.17646740237235,16.621866734046776,2.7585764065015854,14.603771486518653,0.9286148071289062,0.8623216390609741,0.9990601897239685,0.8103691220283509,0.8677110075950623,0.9834494352340698,,,,,,
3.4800000000029194,109.52536469505152,13.982155899415014,106.57889238802355,78.22423359887448,119.29019484821919,86.18366074928363,16.678574196976175,2.8954695543768825,14.578154405776246,0.9287957787513733,0.8625156998634339,0.9990576267242431,0.8103701829910279,0.8658221304416657,0.982716703414917,,,,,,
3.5000000000029616,109.41029748142596,14.04167042448474,106.49710824998493,78.09684332414732,119.25399566866633,86.1909830056259,16.736895471613693,2.9161163744341057,14.55198963308369,0.9290982484817505,0.8625697493553162,0.999054741859436,0.8103660583496094,0.8640980124473572,0.9818948745727539,,,,,,
3.520000000003004,109.29737043170336,14.100274725914627,106.43123772617781,77.98247995514858,119.21702675165751,86.19843301513,16.794501847000895,2.830497778549921,14.525285295518664,0.929541802406311,0.8624073386192322,0.9990514993667603,0.8103533744812013,0.8627147495746613,0.9810109853744506,,,,,,
3.540000000003046,109.18717043568945,14.151831834063954,106.3828003903886,77.95760349830857,119.17930072204405,86.20600960135307,16.848446969207384,2.393866404863798,14.498049690319469,0.9300696134567261,0.8620833933353425,0.9990481257438659,0.8103344023227692,0.8616571307182312,0.9801125288009643,,,,,,
3.5600000000030882,109.08121589757891,14.177849073776544,106.38305234210249,78.14955916009662,119.14083046323046,86.21371156786432,16.87539203748914,-0.2186746684965786,14.470291282181343,0.9314855098724365,0.8607267618179322,0.9990431427955627,0.8102818071842194,0.8620180010795594,0.9788718461990357,,,,,,
3.5800000000031305,108.98167510873245,14.170022408384945,106.49961571817934,78.36027191131572,119.1016291127749,86.22153769843395,16.822471237868744,-5.192040238617256,14.442018700497854,0.9358118891716003,0.8569720625877381,0.9990289449691773,0.8104034423828126,0.8634101152420044,0.974015474319458,,,,,,
3.6000000000031727,108.89013979483633,14.140878688857763,106.72110535232083,78.40298416502063,119.06171005790264,86.22948675722522,16.68182207575161,-8.136541279548862,14.413240736548186,0.9459120512008667,0.8457881689071656,0.9990121841430664,0.8100147664546967,0.8667579770088196,0.9681555986404419,,,,,,
3.620000000003215,108.80782420786397,14.103968267085113,106.9167130412242,78.50971654027562,119.02108693093435,86.23755748898958,16.528043910291352,-6.686451498305912,14.383966340631332,0.9445006728172303,0.8459875166416169,0.9990130662918091,0.8101935505867005,0.8674361467361451,0.9646577000617981,,,,,,
3.640000000003257,108.73576723295893,14.065542153194297,107.00131739537403,78.81393230443048,118.97977360463067,86.24574861926496,16.419171252612696,-4.488615384523719,14.354204619148128,0.94080650806427,0.849257630109787,0.9990244150161743,0.8104416310787201,0.8670080602169037,0.9660508871078491,,,,,,
3.6600000000032993,108.6746599954033,14.026923137762093,107.02722239606017,79.09890605700909,118.93778418745468,86.25405885457691,16.33027887470256,-4.821748570893111,14.323964831632086,0.9444797992706299,0.8486703157424927,0.9990346550941467,0.8103989660739899,0.863347053527832,0.9715912580490113,,,,,,
3.6800000000033415,108.62461624214312,13.983326749340312,107.06484699569901,79.26068747657806,118.8951330187539,86.26248688264296,16.218128977746318,-6.425754437364949,14.293256387730018,0.9783313870429993,0.8384927749633789,0.9990625619888306,0.8100341200828552,0.8204626262187958,0.9883111476898193,,,,,,
3.7000000000033837,108.58481388317267,13.919437883351202,107.12551233079277,79.52187311203608,118.85183466386334,86.27103137257976,16.071935649165304,-8.345206789250094,14.262088844133526,0.9776772260665894,0.8373054027557374,0.9990615844726562,0.8099602103233338,0.8229656517505646,0.988405990600586,,,,,,
3.720000000003426,108.55322875008633,13.822924647726827,107.2332704280941,79.92654847884198,118.80790390913155,86.2796909751133,15.873084972434587,-11.828995788537581,14.230471901462245,0.9772616147994995,0.8363061010837556,0.9990607738494873,0.8100340187549592,0.8238675951957704,0.9870715856552124,,,,,,
3.740000000003468,108.52783809709128,13.697766864545207,107.41972517171375,80.26166637175595,118.76335575687102,86.28846432279195,15.595989158778853,-15.636428607640525,14.198415401100053,0.9775228023529052,0.8337632834911347,0.9990555047988892,0.8100522935390473,0.8252654790878297,0.9846489667892456,,,,,,
3.7600000000035103,108.50712694756153,13.554386132680584,107.63135109027924,80.55086284921951,118.71820542023494,86.29735003020242,15.266279855958514,-16.803409677922705,14.165929321985146,0.976885175704956,0.8296983063220978,0.9990428686141968,0.8098718225955963,0.8304520905017854,0.9829795956611633,,,,,,
3.7800000000035525,108.4892795424438,13.403575787995747,107.77517273128201,80.91450629322571,118.6724683180219,86.30634669418849,14.938929620926261,-15.771520635994591,14.133023777355177,0.9752878665924072,0.828398996591568,0.9990391254425048,0.8098984777927399,0.832934182882309,0.9825662612915039,,,,,,
3.8000000000035947,108.4721111427703,13.257856869291162,107.82469631891605,81.25399572586194,118.6261600694104,86.31545289407265,14.635343649183701,-14.659282590864375,14.099709011448411,0.9729526519775391,0.8282237648963928,0.9990427017211914,0.8098988056182862,0.8361920356750489,0.9841043472290039,,,,,,
3.820000000003637,108.45410668320422,13.151882875534351,107.7878536693483,81.1348561241161,118.57929648862495,86.32466719188035,14.357555372022823,-12.318019861799156,14.065995396162219,0.9706815004348754,0.827898520231247,0.9990457534790039,0.8098712801933289,0.8397107601165772,0.9856459617614746,,,,,,
3.840000000003679,108.43510705553717,13.147738144106064,107.50484220722886,80.42832341840294,118.53189357953542,86.33398813256716,14.205303793508685,-1.3830836913820506,14.0318934276697,0.9671672105789184,0.8342816889286042,0.9990812778472901,0.809792298078537,0.8375816106796266,0.9932244300842286,,,,,,
3.8600000000037213,108.41623533514748,13.210547105639327,106.80901349696232,80.27014309809277,118.48396753019185,86.34341424424849,14.308087983730209,10.09982695284559,13.997413722995894,0.9592889785766602,0.8460638999938965,0.9991126775741577,0.8103240668773651,0.8327149391174317,0.9954867482185363,,,,,,
3.8800000000037635,108.39767388238593,13.283877144826787,106.0654845936049,80.3704521118582,118.4355347072962,86.35294403843203,14.507062118614904,7.247407341756518,13.962567016554559,0.9488702297210694,0.8532861828804017,0.9991133689880372,0.8111004173755646,0.825515228509903,0.9956411361694336,,,,,,
3.9000000000038058,108.37778072800552,13.3433489344567,105.7100080455441,79.85170952202287,118.38661165061309,86.36257601025282,14.54796203757328,-2.766994409844584,13.927364156646558,0.9491740703582764,0.8573804378509522,0.9991124868392944,0.8108565211296082,0.8274343073368073,0.9961998939514161,,,,,,
3.920000000003848,108.35425353327682,13.389298946694192,105.63159769723929,79.1232736174133,118.3372150673216,86.37230863871085,14.457889138151968,-4.345195678385741,13.891816101921421,0.9725888848304749,0.8375324964523316,0.9990984201431274,0.8096591114997864,0.8306279003620148,0.9949971556663513,,,,,,
3.94000000000389,108.32525301228196,13.425280075132775,105.49692392202286,79.00154425843769,118.28736182630962,86.38214038691126,14.420073697060921,0.6110548662702907,13.855933917802698,0.9763823270797729,0.8327785134315491,0.9990915298461914,0.8098311424255371,0.8284204542636872,0.9934372901916504,,,,,,
3.9600000000039324,108.28972572640312,13.455655426976143,105.30790735078803,79.23906700121721,118.23706895241334,86.39206970230703,14.44963348283361,1.1818272201705027,13.8197287728789,0.9707151412963867,0.8398416936397552,0.9990979194641113,0.810824054479599,0.8277751743793488,0.9916797876358032,,,,,,
3.9800000000039746,108.24747073343552,13.484519829100643,105.25772906109088,79.19940712544452,118.18635362060307,86.40209501694414,14.438530117627149,-2.282246453773664,13.783211935260656,0.9735800743103027,0.8391793727874757,0.999094033241272,0.8106781423091889,0.8223270058631897,0.9905473470687867,,,,,,
4.000000000004016,108.19912493965765,13.515081455648447,105.32674708005496,78.95882116234606,118.1352331501182,86.41221474770923,14.383830881440726,-2.2646803937756657,13.746394768905827,0.9733667135238647,0.8380748569965363,0.9990905046463012,0.8101578056812286,0.8255576193332672,0.9914307832717896,,,,,,
4.02000000000397,108.14554330784648,13.555733376433565,105.34874685650288,78.85835403279106,118.08372499855255,86.42242729657947,14.37519477572513,1.719703736263737,13.709288729913407,0.9697133541107178,0.8404996991157532,0.9990947484970093,0.8101776242256165,0.8295249164104462,0.9925055861473083,,,,,,
4.040000000003923,108.08734403213798,13.620498472066084,105.2676119369801,78.82643995955026,118.03184675589272,86.43273105087502,14.452790817635917,5.751457648099669,13.671905362787658,0.9659987926483155,0.8467456459999085,0.9991080522537231,0.8104362607002259,0.8273557782173158,0.9938177585601806,,,,,,
4.0600000000038765,108.02539162533913,13.69685294341654,105.15314456793854,78.84303512515187,117.979616138511,86.44312438351362,14.585135718931896,6.869934250575729,13.634256296673659,0.9616658568382264,0.8545770525932312,0.999117624759674,0.8108182728290558,0.8246737778186799,0.9942057967185974,,,,,,
4.08000000000383,107.96060714285973,13.767287521174756,105.11412492020688,78.82323447759877,117.92705098311544,86.45360565326757,14.706746397880902,4.9828178092778055,13.596353241565577,0.9600064992904663,0.8546212196350098,0.9991134881973267,0.810560292005539,0.828484481573105,0.9948603630065918,,,,,,
4.100000000003783,107.89367939713459,13.824741659323161,105.18489752106426,78.73352378016293,117.87416924065839,86.46417320502289,14.78360067555683,2.9388343367404026,13.558207984488803,0.9227824926376342,0.8595799446105957,0.9990821838378906,0.8103605329990388,0.8818017184734345,0.9900661945343018,,,,,,
4.120000000003737,107.82543821875078,13.871194606557319,105.30364128181753,78.68450895210944,117.8209889702065,86.47482537004062,14.837693247202074,2.76553569401919,13.519832385657462,0.9335606932640076,0.8504788041114808,0.9990653276443482,0.8100468158721924,0.8755022168159485,0.9880286574363708,,,,,,
4.14000000000369,107.75650126595998,13.909491873534133,105.4083207023959,78.75593300410793,117.7675283327734,86.48556046622045,14.898968494518549,3.294823272064624,13.481238374608235,0.9351885318756104,0.8498911917209626,0.9990586757659912,0.8100860416889191,0.869127094745636,0.9868352055549622,,,,,,
4.1600000000036434,107.68793240462125,13.942308659206793,105.50233187770766,78.85020130459579,117.7138055851178,86.49637679836624,14.963128792187808,2.9656450865620965,13.442437946312175,0.9299674510955811,0.8548641085624695,0.9990571022033692,0.8103538811206819,0.8655085146427155,0.9859003305435181,,,,,,
4.180000000003597,107.62104220008072,13.972090889811316,105.60325483909061,78.87200545673441,117.65983907350878,86.50727265845374,15.015651223730421,2.3607350490067924,13.403443157265475,0.9248224973678589,0.8587352097034455,0.9990551233291626,0.8104958057403565,0.8665139794349671,0.985643470287323,,,,,,
4.20000000000355,107.55764982933492,14.001272619316886,105.69146218947489,78.85188057353139,117.60564722746065,86.51824632590035,15.06334447023993,2.5669338853072876,13.36426612156076,0.9219809770584106,0.8605457663536072,0.9990539669990539,0.8105432331562042,0.8682185471057893,0.9856894731521606,,,,,,
4.220000000003504,107.50095760377543,14.03016357697361,105.7385155197723,78.86995676001962,117.55124855343918,86.52929606783678,15.121605260127641,3.199005299198556,13.324919006939975,0.919564402103424,0.8629552006721497,0.9990552186965942,0.8106557607650757,0.8672307193279267,0.9856122255325317,,,,,,
4.240000000003457,107.4530875403213,14.052694948747636,105.75907047189173,78.95197106406636,117.4966616285417,86.54042013938066,15.182789428197191,2.6235131924876876,13.285414030830434,0.9195326566696167,0.8638554453849793,0.9990541696548462,0.8107914209365845,0.8636680006980897,0.9842090606689453,,,,,,
4.26000000000341,107.41521219252917,14.065864978670255,105.79956258752746,78.98992030185345,117.44190509415309,86.55161678391215,15.217507573586847,0.773405547008844,13.245763456365133,0.9207526803016662,0.8628803730010987,0.9990495681762696,0.8107966721057892,0.8624802350997925,0.9827872276306152,,,,,,
4.280000000003364,107.38817952610613,14.070909744606922,105.86457871455308,78.96206933150634,117.38699764957964,86.56288423335128,15.217715325600203,-0.525190351503694,13.205979588388772,0.9240359544754029,0.8594213724136353,0.9990421175956726,0.810681813955307,0.8625923275947571,0.9811832904815674,,,,,,
4.300000000003317,107.37274526103035,14.071447641166344,105.91154974521339,78.95117872354798,117.33195804566338,86.57422070843718,15.205873099489054,-0.4933340050629423,13.166074769450816,0.9256121754646301,0.8579269766807557,0.9990385055541993,0.8106883764266968,0.8612328290939332,0.9796302556991577,,,,,,
4.320000000003271,107.36947399840489,14.07075524668284,105.91469530036456,78.98442993259081,117.27680507837866,86.58562441900901,15.199756407789208,-0.1831383944536734,13.12606137578694,0.924073326587677,0.8597722172737122,0.9990396976470948,0.8108553349971772,0.8586316704750061,0.9784993529319763,,,,,,
4.340000000003224,107.37860791911451,14.069192111918333,105.89028594625576,79.01728987729487,117.22155758241348,86.59709356428861,15.194038699465874,-0.5158963250103634,13.085951813290258,0.9232704162597656,0.8607562422752381,0.9990398049354553,0.8109639167785645,0.8570372104644776,0.9774206161499024,,,,,,
4.360000000003177,107.39980085626325,14.062939504471991,105.86607043047941,79.04194969152907,117.16623442473688,86.60862633316506,15.174838574488726,-1.4798965992497803,13.045758513472986,0.924356484413147,0.8594525277614594,0.9990378618240356,0.8109483659267426,0.8574882984161377,0.9763323426246643,,,,,,
4.380000000003131,107.43196611906795,14.04831119961316,105.8580993471154,79.07571015297846,117.11085449815653,86.62022090448045,15.133267034002765,-2.6875860245293812,13.005493929421501,0.9256546497344971,0.8577549934387207,0.9990361452102661,0.8109164893627168,0.8586177587509156,0.9752602219581604,,,,,,
4.400000000003084,107.47330800801572,14.02343935036081,105.86933155922341,79.13794444464216,117.0554367148666,86.63187544731755,15.067608128424233,-3.8618329604241977,12.965170531744459,0.9280535459518433,0.8552946329116822,0.9990336656570434,0.8108990907669068,0.8583806931972504,0.9732295632362366,,,,,,
4.4200000000030375,107.52170219173568,13.988789929256937,105.89712547436054,79.22630506660465,116.99999999998934,86.64358812128897,14.979785948648257,-4.882080952327453,12.92480080451616,0.9315741658210754,0.8519391298294068,0.9990301370620728,0.8108651816844941,0.8574018180370331,0.9704320669174195,,,,,,
4.440000000002991,107.57516473661337,13.946625762739087,105.93485565424815,79.32677437316023,116.94456328511208,86.65535707682768,14.874603195360873,-5.566122859823545,12.884397241216401,0.9325329303741455,0.850544810295105,0.9990291833877564,0.810885113477707,0.8575640082359315,0.9687795400619507,,,,,,
4.460000000002944,107.63190487018575,13.899224620897865,105.9722466217304,79.44386348185107,116.88914550182217,86.6671804554792,14.759780791165886,-5.868778662023687,12.843972340668067,0.9312840223312377,0.8503481388092041,0.9990296602249146,0.8109171330928803,0.8595914423465729,0.9686922430992126,,,,,,
4.480000000002898,107.69016662373019,13.84783851982238,106.004521464253,79.5811205475376,116.83376557524184,86.67905639019496,14.640584677169937,-6.059708273703596,12.803538602973955,0.9294384241104126,0.8503760218620301,0.999031150341034,0.8109347343444825,0.8625376343727112,0.9696011900901794,,,,,,
4.500000000002851,107.74828012082648,13.791878270112433,106.03689924488266,79.73687433488905,116.77844241756527,86.6909830056272,14.516393561916855,-6.40478037073018,12.76310852545403,0.9285510540008545,0.8496639966964722,0.9990325331687927,0.8109079360961915,0.8655765891075134,0.9707084178924561,,,,,,
4.520000000002804,107.80451001863416,13.727538172540282,106.08144402611917,79.93221336374428,116.72319492160013,86.7029584184251,14.381686684987724,-7.160246549082366,12.72269459858461,0.9282451629638672,0.8483064115047455,0.999032711982727,0.8108603656291962,0.8688126921653748,0.9714079380035401,,,,,,
4.540000000002758,107.85737532945026,13.650811425444601,106.15590828923192,80.15959593327575,116.66804195431568,86.71498073753213,14.226085544583372,-8.458855150869224,12.682309301940766,0.9295619368553162,0.845347785949707,0.9990301251411438,0.8107404589653016,0.8726089239120484,0.971524465084076,,,,,,
4.560000000002711,107.90524745104457,13.564576449209989,106.2647321945343,80.35594790730168,116.61300235039973,86.72704806448476,14.04493931604152,-9.489076810844741,12.641965100143214,0.9317213892936707,0.8416574358940125,0.999026083946228,0.81056028008461,0.8769536435604096,0.9718395471572876,,,,,,
4.580000000002665,107.94704942877131,13.476625850868903,106.37171164791033,80.52643942460176,116.55809490582656,86.73915849371217,13.85671411668925,-9.07806738698213,12.60167443881127,0.9308801651000976,0.8406305015087128,0.9990267992019654,0.8105029463768005,0.880520898103714,0.9733700513839721,,,,,,
4.600000000002618,107.98249021066349,13.38998586890202,106.43444073493531,80.75012483291043,116.50333837143825,86.75131011283719,13.686722813101223,-7.960317871798239,12.561449740522956,0.9271788239479065,0.8423833668231965,0.9990332841873169,0.81063192486763,0.8808372676372529,0.9754382729530334,,,,,,
4.620000000002571,108.01168162112594,13.306542472589019,106.4639712170013,80.97124400175903,116.44875144654108,86.7635010029783,13.532783039240524,-7.5862279593752735,12.52130340078378,0.9257193207740784,0.8429815530776978,0.9990392208099366,0.8106852948665619,0.8788303792476655,0.9778428316116333,,,,,,
4.640000000002525,108.03496946068151,13.228018635017657,106.48909462910726,81.11093549004508,116.39435277251992,86.77572923905262,13.380805711685262,-7.558374754272334,12.481247784005493,0.9252242803573608,0.8425204575061799,0.9990427732467652,0.8106297850608826,0.8798315763473511,0.9800691366195678,,,,,,
4.660000000002478,108.05267283860213,13.155856830854146,106.50111097071263,81.20321734577607,116.34016092647211,86.78799289007992,13.235403053851233,-6.8489321891680754,12.441295219496098,0.9245601892471313,0.8422304332256317,0.9990464210510254,0.8105922758579255,0.8806088745594025,0.9819568395614624,,,,,,
4.6800000000024315,108.06508960325334,13.09112520515643,106.47915139204466,81.3031820201664,116.28619441486343,86.80029001948755,13.109396108020185,-5.774746980257235,12.401457997462547,0.9229913830757142,0.8433228731155396,0.9990531444549561,0.8106404125690461,0.8802830874919891,0.9835965394973755,,,,,,
4.700000000002385,108.07270283146926,13.03474573875661,106.43147615845457,81.384163969256,116.23247166720815,86.81261868541621,13.001386407216497,-5.107578984695379,12.361748365027374,0.9213612794876098,0.8446812212467194,0.9990591526031494,0.8107011079788209,0.8811826288700104,0.9844895839691162,,,,,,
4.720000000002338,108.07634443763723,12.987861751049959,106.37554675242711,81.40440848174207,116.17901102977537,86.82497694102663,12.903970538593649,-4.595505631547607,12.322178522260668,0.9190238952636719,0.847097384929657,0.9990615367889404,0.8107917249202728,0.8777150630950928,0.9854593634605407,,,,,,
4.740000000002292,108.07689671687803,12.951730129506087,106.3065201238915,81.38257301975081,116.1258307593238,86.837362834807,12.820739607155456,-3.6429873747463453,12.282760618228611,0.9178240299224854,0.8479400873184204,0.9990615606307983,0.8108322203159333,0.8769104063510895,0.9856717824935913,,,,,,
4.760000000002245,108.07518174044633,12.927469310480241,106.21276272824593,81.34914671052746,116.07294901686711,86.8497744108811,12.760044742212207,-2.4318893227446554,12.243506747059978,0.9182719349861145,0.8480565369129182,0.999061131477356,0.8108846902847291,0.8725463032722474,0.9856414794921875,,,,,,
4.7800000000021985,108.07196758704367,12.915887618853692,106.1001652081478,81.29098705308311,116.02038386147187,86.8622097093172,12.721974431787748,-1.4183592975277866,12.20442894403186,0.9186969995498657,0.8485098600387574,0.9990604519844055,0.8109799504280091,0.8671858787536622,0.9851534843444825,,,,,,
4.800000000002152,108.06801543014072,12.917368336061775,105.98087046464184,81.18829344830124,115.96815324409052,86.8746667664375,12.702632387690285,-0.5000465303250832,12.165539181676024,0.9184693336486817,0.8495589971542359,0.9990598440170289,0.8110805153846741,0.8623263716697693,0.9847923994064331,,,,,,
4.820000000002105,108.06408641166834,12.931759445531453,105.85577466986453,81.05588052293471,115.91627500143102,86.8871436151283,12.703311160149461,0.5998814941665618,12.126849365906917,0.9148548364639283,0.8521556258201599,0.9990562915802002,0.811226087808609,0.8562281608581543,0.9844665408134461,,,,,,
4.840000000002059,108.06094514908065,12.95842488333373,105.72322004173154,80.91451689455944,115.86476684986572,86.89963828515054,12.726935346607778,1.7414979475604613,12.088371332173008,0.9126322984695435,0.8553508877754212,0.999053692817688,0.8112131834030152,0.8489257633686066,0.9843996047973633,,,,,,
4.860000000002012,108.05921318086875,12.996218969987527,105.59105357043539,80.76261336302224,115.8136463793812,86.91214880345099,12.77141957785332,2.664322525277508,12.050116841632452,0.9119053363800049,0.8576154351234436,0.9990540504455566,0.8112691819667817,0.8454497396945954,0.9839191675186157,,,,,,
4.880000000001965,108.05922500280958,13.046024675669543,105.46855486054719,80.56784595070965,115.76293104757129,86.92467319447377,12.832886622038918,3.538962789285452,12.012097577354378,0.9110673189163209,0.8595278859138489,0.9990549087524414,0.8113821923732758,0.8441108167171478,0.9832923412322998,,,,,,
4.900000000001919,108.06113333599627,13.109513467349414,105.34493091876269,80.34807431743288,115.71263817367534,86.93720948047236,12.917541314723485,4.999125564087581,11.97432514054723,0.9092895746231079,0.8625328540802002,0.9990575313568115,0.8115470349788666,0.8429558694362641,0.983051347732544,,,,,,
4.920000000001872,108.06509772058642,13.176868858960118,105.21728226575911,80.22703773510686,115.66278493266374,86.94975568182187,13.02890783454074,5.860535144605734,11.936811046815226,0.9097376108169556,0.8632236123085022,0.9990580797195434,0.8116800248622895,0.8417171478271485,0.9818987131118775,,,,,,
4.940000000001826,108.07135496191256,13.239187487698354,105.13845498112157,80.14870792225143,115.61338834937258,86.96230981733169,13.13869650051365,4.859072273973822,11.899566722444263,0.9066282987594605,0.8650560796260834,0.9990519046783447,0.8117421030998231,0.8426170408725739,0.9810848951339721,,,,,,
4.960000000001779,108.07997749725709,13.29356717606141,105.14421372411638,80.03176536989722,115.56446529268985,86.97486990455825,13.220879409844201,3.495536948056851,11.862603500718595,0.9104919195175171,0.8617029547691346,0.9990402221679687,0.8115688979625703,0.8403202712535859,0.9806181907653808,,,,,,
4.980000000001732,108.09094321792035,13.339527802246248,105.19735829129067,79.95512648065954,115.51603246979455,86.98743396011821,13.287128235758702,3.314958500823487,11.825932618269235,0.9168662667274475,0.8582217395305634,0.9990345001220703,0.8113922357559205,0.8392613768577576,0.9791894912719726,,,,,,
5.000000000001686,108.1042760272168,13.37763164713505,105.25721075080702,79.97791827211165,115.46810642045133,88.0,13.355637914076468,3.461995487162571,11.188372439333602,0.9157698631286622,0.8595075845718384,0.9990304470062256,0.8114953219890595,0.8372759521007538,0.9776320219039917,,,,,,
5.020000000001639,108.12011208981178,13.40921708138318,105.3307892155992,80.0297272419456,115.42070351136216,88.0,13.420848923948066,2.954739757759501,11.159874153011593,0.9136374711990357,0.8615371942520142,0.9990275502204895,0.8116253733634949,0.8359688103199006,0.9762166738510132,,,,,,
5.0400000000015925,108.13858720218063,13.43382900091124,105.43049083674451,80.06801608024429,115.37383993057706,88.0,13.472336640228084,2.227094297561922,11.131700106967791,0.9113430261611939,0.8625125408172608,0.9990224719047547,0.811692100763321,0.8366144120693207,0.9747380971908569,,,,,,
5.060000000001546,108.15993902499042,13.4516648245187,105.54336717906251,80.11204511568108,115.32753168196592,88.0,13.512748809815925,1.8904209874938047,11.1038599226131,0.9093351840972901,0.8633451461791992,0.9990196943283081,0.8116998553276062,0.838051724433899,0.9745022654533386,,,,,,
5.080000000001499,108.18386547818066,13.463345755632625,105.65059855952141,80.18896094836394,115.28179457975324,88.0,13.549627496005575,1.7804453319753903,11.076363107344989,0.9076706409454346,0.8641386389732362,0.9990180850028991,0.8117402493953705,0.8386178195476532,0.9741458296775818,,,,,,
5.100000000001453,108.2094754448244,13.467119683851736,105.75336430029866,80.30245708717592,115.23664424311751,88.0,13.580914288100523,1.2351807067617178,11.049219051300671,0.9066651940345765,0.8645069122314454,0.9990153789520264,0.8118062973022462,0.8382432520389558,0.9729128122329712,,,,,,
5.120000000001406,108.23602787413922,13.461201707586522,105.8682609775997,80.4174883167961,115.19209609085733,88.0,13.595226742150755,0.15032095269892765,11.02243702415042,0.9066162705421448,0.8637725412845612,0.9990113139152527,0.8117894470691681,0.8387508869171143,0.9718604683876038,,,,,,
5.1400000000013595,108.26315117298853,13.445322609938371,105.99753008705531,80.5240220335917,115.1481653361259,88.0,13.58768656062814,-0.839071210888557,10.996026171931977,0.9066417336463929,0.8623846173286438,0.9990063309669495,0.811724466085434,0.8401607275009155,0.9711400270462036,,,,,,
5.160000000001313,108.29082857866126,13.421048868980646,106.12440074576092,80.63859582903008,115.10486698123569,88.0,13.564562650993969,-1.40207473046344,10.969995513927167,0.9068665623664857,0.8607820868492126,0.9990019798278809,0.8116834342479706,0.8412722289562226,0.9701588153839111,,,,,,
5.180000000001266,108.31936095441048,13.393035311374488,106.23161037139887,80.74318730666667,115.06221581253526,88.0,13.53441002511788,-1.5476735796733891,10.94435393958187,0.90593341588974,0.8607945203781129,0.9990007162094117,0.8117095172405243,0.8416938602924348,0.9698018789291382,,,,,,
5.20000000000122,108.3492724318445,13.3638394240713,106.3077983279961,80.84469983715366,115.02022639535961,88.0,13.504387257968965,-1.458265616160595,10.919110205470218,0.9052139759063721,0.860936176776886,0.999000883102417,0.8117296755313874,0.8419397473335266,0.969932222366333,,,,,,
5.220000000001173,108.38108859941669,13.331680912750679,106.35851327689645,80.96099880089075,114.97891306905628,88.0,13.473508213751554,-1.737332642291241,10.894272932304297,0.9050411701202393,0.8606724977493286,0.9990017414093018,0.8117096781730653,0.8427280068397522,0.9705181360244751,,,,,,
5.240000000001126,108.41510405958533,13.294990072161308,106.40568900668741,81.06067189621955,114.93828994208832,88.0,13.431058513939709,-2.552637743373695,10.869850601990127,0.9051095843315125,0.8598387956619263,0.9990013599395752,0.8116722822189332,0.8439639210700989,0.970761752128601,,,,,,
5.26000000000108,108.45134590751677,13.253968727267818,106.45697867423972,81.13272714145137,114.8983708872164,88.0,13.372521603711627,-3.221800696238756,10.845851554731151,0.905192244052887,0.8587427139282227,0.9989997625350953,0.8116338849067688,0.8452427387237549,0.970659601688385,,,,,,
5.280000000001033,108.48964630573337,13.209275904541204,106.49897903573806,81.21376325580506,114.85916953676117,88.0,13.305253159451116,-3.454881354433246,10.822283986180011,0.9051281809806824,0.8578545928001404,0.9989985704421998,0.8116368472576142,0.845944607257843,0.9701558828353882,,,,,,
5.300000000000987,108.5298183758788,13.163535621503575,106.52401779987939,81.29563015561571,114.82069927794791,88.0,13.235156489874333,-3.5441087655591597,10.799155944639779,0.9048047065734863,0.857508933544159,0.9989989519119262,0.8116598904132843,0.8462694227695465,0.9700285792350769,,,,,,
5.32000000000094,108.57169393490801,13.11975931690013,106.53235898146575,81.35284983834522,114.78297324833476,88.0,13.164525682817128,-3.4807694761370978,10.776475328315453,0.9043365716934204,0.8573250532150269,0.9989997386932373,0.8116694867610932,0.8467533886432648,0.9703608512878418,,,,,,
5.340000000000893,108.61509123841033,13.078605907377966,106.52221151796518,81.40056986928971,114.74600433132628,88.0,13.097061391229712,-3.2577153144565156,10.754249882616744,0.9038933277130127,0.8570751547813416,0.9990009546279908,0.8116705000400544,0.8475305080413819,0.9708937644958496,,,,,,
5.360000000000847,108.6597075883315,13.04030565124669,106.49748413392206,81.44165170635351,114.70980515177374,88.0,13.033745578900604,-3.095786699614699,10.732487197512974,0.9033746123313904,0.8571082592010498,0.9990034341812134,0.8116709113121033,0.8483403980731965,0.9718405604362488,,,,,,
5.3800000000008,108.70511482726711,13.005396963241393,106.46667606504188,81.46251223739314,114.6743880716638,88.0,12.972730452649381,-2.994061401602545,10.711194704941182,0.9028228759765625,0.8572481155395508,0.9990055322647095,0.8116817891597748,0.8488068222999573,0.9725677967071533,,,,,,
5.4000000000007535,108.75083704289843,12.974654306397325,106.43113551366001,81.46665191518971,114.63976518589688,88.0,12.915412461892771,-2.7000420371888985,10.69037967626807,0.9021583914756776,0.8575923919677735,0.999007523059845,0.8116998016834259,0.8489623308181763,0.9732764482498169,,,,,,
5.420000000000707,108.79641448569768,12.947089783109716,106.38916710086855,81.48226892929483,114.60594831815675,88.0,12.864975810379889,-2.372566097773316,10.67004921980687,0.9014629840850831,0.8580969870090485,0.999009621143341,0.8117329061031342,0.8487668812274933,0.9738353252410888,,,,,,
5.44000000000066,108.84140916193017,12.922248029150088,106.34969900050795,81.49759919407732,114.57294901687277,88.0,12.81886078912296,-2.270749241646203,10.650210278389832,0.9011040091514587,0.8584953188896179,0.9990111470222474,0.8117616891860963,0.8479948341846466,0.974379587173462,,,,,,
5.460000000000614,108.88540721959963,12.900024797055616,106.3204460061927,81.50028441450516,114.54077855127608,88.0,12.774056514051932,-2.18255390655551,10.63086962699727,0.9013010382652283,0.8583346605300903,0.9990111589431763,0.8117643177509308,0.8470574736595154,0.9747625589370728,,,,,,
5.480000000000567,108.92815554379257,12.88041347051556,106.29747488207326,81.50299105607847,114.50944790755122,88.0,12.733106889049585,-1.878523581846069,10.612033870443927,0.9018059015274048,0.8577227473258973,0.9990108132362365,0.8117356836795807,0.8468034088611603,0.9750818729400634,,,,,,
5.5000000000005205,108.9694916179885,12.863667069255415,106.27576370385344,81.51520656137738,114.47896778508434,88.0,12.69944772711569,-1.4948506560152304,10.593709441123416,0.9021882176399231,0.857527768611908,0.9990111589431763,0.8117355227470399,0.8457746863365174,0.9755006432533264,,,,,,
5.520000000000474,109.0093388627047,12.85010784509253,106.25762550213446,81.52627685995688,114.44934859280929,88.0,12.672694612396732,-1.1922369508266284,10.575902596811538,0.9023832440376282,0.8575319647789001,0.9990113735198974,0.8117460429668427,0.8446215152740479,0.9758390426635742,,,,,,
5.540000000000427,109.0477187726654,12.840034072701744,106.24540924973567,81.52746525854205,114.42060044565314,88.0,12.651864500332731,-0.8740598417001202,10.558619418529332,0.902396297454834,0.8576509177684785,0.9990115165710449,0.8117495059967041,0.8437144100666046,0.9762943863868714,,,,,,
5.560000000000381,109.0846959971682,12.833678601742605,106.23589742785957,81.52450758203848,114.3927331610818,88.0,12.638568486113863,-0.43923710559263984,10.541865808466348,0.9023521900177002,0.8579340577125549,0.9990119934082031,0.811755895614624,0.8426849186420441,0.976872730255127,,,,,,
5.580000000000334,109.12030392928624,12.83116154453581,106.22611113688038,81.52184994531147,114.3657562557474,88.0,12.634443883256317,0.01830094191023427,10.525647487965067,0.902349328994751,0.8583741247653962,0.9990127563476563,0.8117701351642609,0.8413694620132447,0.9774405002593994,,,,,,
5.600000000000287,109.1545154966124,12.832488333113512,106.21750507672914,81.51366807174551,114.33967894223841,88.0,12.638774516529526,0.4035991071301753,10.509969995567076,0.902279257774353,0.8589266538619995,0.9990133762359619,0.8117861866950989,0.84007688164711,0.9779076457023621,,,,,,
5.620000000000241,109.18727388851407,12.837584203246449,106.21156502984348,81.4957677691961,114.31451012593352,88.0,12.650460965147571,0.7695145732039306,10.494838685121689,0.9020534873008729,0.85959911942482,0.9990138292312623,0.8117990791797638,0.838979458808899,0.9783530116081238,,,,,,
5.640000000000194,109.21853555795161,12.846301727625894,106.2067174207651,81.47215326542991,114.29025840196043,88.0,12.669813880996951,1.169549715275507,10.480258723957544,0.901795256137848,0.860346794128418,0.9990144014358521,0.811815756559372,0.8380227148532868,0.9787717342376709,,,,,,
5.660000000000148,109.24829989882144,12.858464971591168,106.2015865128645,81.44549217107831,114.26693205226064,88.0,12.697131671562246,1.5535857577783323,10.466235091118019,0.9021462082862854,0.8606133341789246,0.9990166187286377,0.8118797719478608,0.8384309947490692,0.978858482837677,,,,,,
5.680000000000101,109.2766134121126,12.87390809550465,106.19699679121675,81.41266068639105,114.24453904276123,88.0,12.731557657742185,1.8811892772531869,10.452772575660894,0.902315902709961,0.8610458791255952,0.999018394947052,0.8119390964508058,0.838704538345337,0.978882884979248,,,,,,
5.700000000000054,109.30356144613144,12.892468804693259,106.19344603756703,81.37197014675844,114.22308702065443,88.0,12.772258548511779,2.1899821440944645,10.439875775022866,0.9022266387939454,0.861682939529419,0.9990196943283081,0.8119919240474701,0.8388418972492219,0.97889244556427,,,,,,
5.720000000000008,109.32927167703812,12.913961265668659,106.18983773666938,81.32611561456966,114.20258331178611,88.0,12.81922244654126,2.505998961051667,10.427549093449521,0.9020121335983277,0.8624551296234131,0.9990208745002747,0.8120448708534241,0.8389140605926514,0.9788870573043823,,,,,,
5.739999999999961,109.35392287043318,12.9381708235067,106.18551833126946,81.27669310511385,114.18303491815409,88.0,12.872326822568718,2.796855927451357,10.415796740491334,0.9017054438591003,0.8633195638656617,0.9990218043327331,0.8120933294296265,0.8388706862926484,0.9788073062896728,,,,,,
5.7599999999999145,109.3777224199099,12.964826179770357,106.18120341763289,81.22255799295772,114.1644485155169,88.0,12.9307636547673,3.0393520986200144,10.404622729566086,0.9017841458320618,0.861930525302887,0.9990185737609864,0.8119289338588715,0.8403800666332245,0.9759198188781738,,,,,,
5.779999999999868,109.40086014795207,12.993485611575451,106.17760070956444,81.16420315961456,114.14683045111396,88.0,12.993669135766124,3.2464856282443,10.39403087658824,0.9034564852714538,0.8624277472496034,0.9990286111831665,0.8119194865226746,0.8418434739112854,0.9772567272186279,,,,,,
5.799999999999821,109.42346532611612,13.023659174571957,106.17494671646114,81.10423452393859,114.13018674149816,88.0,13.06041030476595,3.420727735861142,10.384024798665912,0.9050195574760437,0.8631809234619141,0.9990379095077515,0.8118712604045868,0.8423185288906098,0.9794065713882446,,,,,,
5.819999999999775,109.44569267389826,13.054861118050846,106.17388042072494,81.04440447970882,114.1145230704811,88.0,13.130146899634605,3.542882000940623,10.374607912865542,0.9062007546424866,0.8636009693145752,0.9990443348884582,0.8118413627147675,0.8431743860244751,0.980424427986145,,,,,,
5.839999999999728,109.46768206259222,13.086600621333258,106.17551427723726,80.98526657705604,114.09984478719205,88.0,13.20173080929703,3.6066003527820967,10.365783435044996,0.9071990251541138,0.8634185314178467,0.9990487694740295,0.8117920517921449,0.8452765762805939,0.9808741331100463,,,,,,
5.8599999999996815,109.48957818587648,13.115277710753714,106.18187710677276,80.96429980714582,114.08615690425134,88.0,13.273433391297436,3.4695875439333688,10.357554378755374,0.9081419467926025,0.8629445791244508,0.9990521192550659,0.811746346950531,0.8482140421867371,0.9807077407836914,,,,,,
5.879999999999635,109.51135060868366,13.132787507641675,106.21317371703243,81.01033731699482,114.07346409605842,88.0,13.333103979233492,2.3084026016524635,10.349923554211845,0.909187662601471,0.8610047101974487,0.9990521669387817,0.8116939544677735,0.8535853624343872,0.9790176272392273,,,,,,
5.899999999999588,109.53259640118634,13.140773281160842,106.29312665760807,81.01659806045936,114.06177069719568,88.0,13.363724114615412,0.8709841407361423,10.34289356733402,0.9121035695075989,0.8579200625419617,0.9990503907203674,0.8115610718727112,0.8575728654861451,0.9780511617660522,,,,,,
5.919999999999542,109.55277410852703,13.14273136331196,106.391260464648,81.01471525986226,114.05108070094812,88.0,13.376643054761095,0.6480784872886468,10.336466818855964,0.9145275712013244,0.8552358388900757,0.9990488290786743,0.8114564955234528,0.8611096024513245,0.9771215915679932,,,,,,
5.939999999999495,109.57140930161651,13.141854901194874,106.46387974715925,81.06897415181446,114.04139775793965,88.0,13.394618544675417,1.145194286991431,10.330645503506393,0.9164727210998536,0.8534656465053558,0.9990509510040283,0.8114249587059021,0.8637576937675476,0.9764280080795288,,,,,,
5.959999999999448,109.58814862503657,13.140759453695122,106.5126953959502,81.1327750089339,114.03272517488645,88.0,13.418977610356729,1.1855493391400487,10.325431609259173,0.9172621130943298,0.8537675023078919,0.9990574836730957,0.8114030778408051,0.8653114438056946,0.9776400566101074,,,,,,
5.979999999999402,109.60274653457633,13.14460310219426,106.555461488242,81.10273511234358,114.0250659134677,88.0,13.441090185504642,1.1595374274869088,10.320826916654418,0.9186106085777282,0.8528624832630158,0.9990599155426025,0.8113483726978302,0.8676090359687806,0.9778455018997192,,,,,,
5.999999999999355,109.61507898675045,13.161100408926325,106.56483327472075,80.98965169571171,114.01842258931413,88.0,13.47615895534255,2.5976637172738175,10.31683299819042,0.9189515709877014,0.8537476718425752,0.9990674734115601,0.8112670242786408,0.8697040557861329,0.9803192377090454,,,,,,
6.019999999999309,109.62496354126776,13.18293777056553,106.51124462651285,80.9886626739784,114.05764415879037,88.0,13.544985679191699,3.9868303814535304,10.340412722270855,0.9189592719078064,0.85547513961792,0.9990758538246155,0.8113415300846101,0.8686085402965547,0.9812802076339722,,,,,,
6.039999999999262,109.63193455165948,13.20058727161236,106.45955267087365,81.03379540921881,117.05890107738175,88.0,13.617536905006961,2.8445388674144034,12.14474668901196,0.9193071365356446,0.8569341182708741,0.9990812778472901,0.8114024817943574,0.8673143267631531,0.981567096710205,,,,,,
6.059999999999215,109.63528173107133,13.210943894151546,106.480275288474,80.97298024782404,117.11777944727693,88.0,13.652008429733113,0.7400413731828058,12.180143939427325,0.9200576305389404,0.8563773274421692,0.999078381061554,0.811286073923111,0.8683301329612733,0.9819464683532715,,,,,,
6.079999999999169,109.63434904459322,13.21570462114515,106.53842097549492,80.88717546358326,117.17661241095315,88.0,13.660241311367814,0.4418010069818778,12.215513891952043,0.9208571434020996,0.8550621986389161,0.99907386302948,0.8111741364002228,0.8694718003273011,0.9819588184356689,,,,,,
6.099999999999122,109.62869490276529,13.21691291662738,106.56802209564914,80.91112918023342,117.23537728718298,88.0,13.677161732090202,1.2181190708178367,12.250842910796116,0.9203574657440186,0.8559163689613343,0.9990753412246705,0.8112339019775391,0.8687100887298584,0.9817643165588379,,,,,,
6.1199999999990755,109.61819087527863,13.216806773379082,106.57669106405437,80.97199104962066,117.294051420988,88.0,13.702068270080774,1.0721211466553497,12.286117375950262,0.9200864195823669,0.8568726539611817,0.9990775227546692,0.8113096117973329,0.8672796368598938,0.9815179228782653,,,,,,
6.139999999999029,109.602997516605,13.217435841287227,106.59915134197183,80.95612418211469,117.35261219237269,88.0,13.716668921510099,0.4546914846802323,12.321323688436685,0.9209813594818115,0.8557490348815918,0.9990747928619385,0.8112779319286347,0.8680380821228028,0.9807380914688111,,,,,,
6.159999999998982,109.58347404306825,13.220382942487651,106.62186156312445,80.90060336747966,117.41103702504495,88.0,13.726825492164869,0.7430687456914358,12.356448275551738,0.9225722312927246,0.8540781259536744,0.9990745306015014,0.8111543655395508,0.87010235786438,0.9813679456710815,,,,,,
6.179999999998936,109.56009338977448,13.226741076203105,106.61453365768143,80.87918812464139,117.46930339511961,88.0,13.75021806759235,1.5778271076731196,12.391477596098465,0.9229876399040222,0.8542576491832734,0.999078345298767,0.8111541450023652,0.8701577961444855,0.9820282220840454,,,,,,
6.199999999998889,109.53341193931736,13.240493227360107,106.58303412089914,80.8226091867268,117.52738883980184,88.0,13.786821957216985,2.0610011417556624,12.42639814560697,0.9225190997123718,0.8557766675949097,0.9990832328796386,0.8112344145774841,0.869022810459137,0.9823258638381958,,,,,,
6.2199999999988425,109.50420328230145,13.269012892862635,106.52955396279665,80.65936397481028,117.58527096604703,88.0,13.837583773224575,3.1999369238091537,12.461196461540688,0.9216324090957642,0.8578684687614442,0.9990875720977783,0.8112568616867066,0.8681266725063325,0.9834364295005799,,,,,,
6.239999999998796,109.47338067596624,13.305345513847527,106.43454505753027,80.56497807147026,117.64292745919367,88.0,13.916816446459517,4.550796822225276,12.495859128486401,0.9204596877098083,0.8596320152282715,0.999090600013733,0.8112882316112519,0.8680637359619141,0.9841685771942139,,,,,,
6.259999999998749,109.44162057268817,13.339968902642898,106.33945059350783,80.53434600449793,117.70033609156611,88.0,14.00580041589795,3.9811063080078735,12.530372783326175,0.920074725151062,0.8609850466251374,0.9990925312042236,0.8113256454467774,0.8671720504760743,0.984362006187439,,,,,,
6.279999999998703,109.40916490666038,13.371701706474726,106.30349821339138,80.41265396149682,117.75747473104374,88.0,14.069425144787234,2.4684650224690734,12.564724120389066,0.920542550086975,0.8608972311019898,0.9990896701812744,0.8112666606903076,0.8673441648483277,0.9842517375946045,,,,,,
6.299999999998656,109.37609461770565,13.401008325792082,106.3037461587191,80.26656637283193,117.81432134959337,88.0,14.114502392800636,2.321344935631121,12.598899896580733,0.9218806266784668,0.8598884582519531,0.9990850210189819,0.8112629294395447,0.8662723660469056,0.9828165292739868,,,,,,
6.319999999998609,109.34260769476404,13.428352826659777,106.28914733576845,80.21581733350015,117.87085403176141,88.0,14.168204585124835,3.019921793127253,12.63288693648888,0.9224178194999695,0.8601407587528229,0.9990845918655396,0.8113173842430115,0.8645518004894257,0.9819613456726074,,,,,,
6.339999999998563,109.30906209514217,13.454337107831266,106.26583590492555,80.2094512188997,117.92705098312275,88.0,14.22931277275986,2.909192407868168,12.666672137462665,0.92279953956604,0.860681426525116,0.9990843892097473,0.8113811910152435,0.8625393509864807,0.9811273813247681,,,,,,
6.359999999998516,109.27593109424566,13.47960226670867,106.26361143641704,80.15263762704036,117.98289053868288,88.0,14.28081059151618,2.268554144107632,12.70024247466397,0.9239954471588134,0.8597599387168885,0.9990815639495849,0.8113537669181824,0.8625420928001404,0.9801410079002381,,,,,,
6.37999999999847,109.24368759733902,13.504642555944647,106.27451111054458,80.07062560260327,118.03835117123016,88.0,14.324690820879598,2.2622735998151358,12.73358500608876,0.9252908945083618,0.8583223342895508,0.9990795850753784,0.8112622499465942,0.864575755596161,0.9798805356025696,,,,,,
6.399999999998423,109.21269488799715,13.529524655290647,106.27340395836778,80.0301514925303,118.09341149963502,88.0,14.374585538320373,2.7171016342420646,12.76668687755648,0.92587890625,0.8579898953437806,0.9990804195404053,0.8112331926822662,0.8655160069465637,0.9799866914749146,,,,,,
6.419999999998376,109.18313549706326,13.552679097158933,106.26396060999659,80.03013407227219,118.14805029709274,88.0,14.429658207638939,2.6444036280271845,12.799535327665545,0.9262257575988769,0.8583016455173493,0.9990814208984375,0.8112671434879304,0.8646988153457642,0.9796330690383911,,,,,,
6.43999999999833,109.15504788648391,13.570866130447858,106.2718187461547,80.03268722410445,118.20224649930678,88.0,14.474963396739717,1.799576897366391,12.832117692713144,0.9272166609764099,0.8577536642551422,0.9990802049636841,0.811267626285553,0.8643977165222169,0.9787279725074768,,,,,,
6.459999999998283,109.12833509121008,13.581910022715874,106.3082434097539,80.02885413128485,118.25597921260955,88.0,14.501057789652362,0.8534928569846435,12.864421411577318,0.9514611005783081,0.8516736626625061,0.9990901231765748,0.8111142098903656,0.8377067565917969,0.9848202109336853,,,,,,
6.4799999999982365,109.1027375711759,13.585588583919028,106.3609960957348,80.04513974758298,118.30922772201718,88.0,14.511612474099916,0.2657539072103386,12.896434030559512,0.9672726631164551,0.8468786954879761,0.9990988731384277,0.8110143899917603,0.8221870303153992,0.9885559320449829,,,,,,
6.49999999999819,109.07791813654951,13.584735278163041,106.41427119991953,80.07379183886393,118.3619714992157,88.0,14.513894756025676,0.013399810598549637,12.928143208185723,0.9675561189651489,0.8464837670326233,0.9990978717803956,0.8110356688499452,0.8219879567623138,0.9880390167236328,,,,,,
6.519999999998143,109.05362828548421,13.582599648997423,106.45665366553844,80.09970803356119,118.41419021047497,88.0,14.514123562887706,0.04697652401962681,12.959536719964369,0.9677117824554443,0.8462214648723603,0.9990972518920899,0.8110504508018495,0.8218892455101013,0.98768630027771,,,,,,
6.539999999998097,109.02973722402056,13.579321154123118,106.48299172499752,80.1394346041284,118.46586372448775,88.0,14.515981298645272,0.09816946527472652,12.990602463099044,0.9677259445190429,0.8459895789623261,0.9990968465805053,0.8110442340373993,0.8220745325088501,0.9875839710235595,,,,,,
6.55999999999805,109.00576960772837,13.573656691631758,106.50244637103158,80.1831042160253,118.51697212013076,88.0,14.51510109701487,-0.2505026255559722,13.021328461154425,0.9676773071289062,0.845728087425232,0.9990964651107788,0.8110240817070008,0.8224515676498414,0.9876092910766602,,,,,,
6.5799999999980034,108.97991027442757,13.567752376873461,106.52398892218073,80.18107739711677,118.56749569414457,88.0,14.50606232211039,-0.5750303918146167,13.051702868673345,0.9675968885421753,0.8454768478870393,0.9990961194038391,0.8109856367111207,0.8229943990707398,0.9878198385238648,,,,,,
6.599999999997957,108.95011975190855,13.571399254203907,106.53020820616683,80.06378637442883,118.61741496872965,88.0,14.498489086673603,0.14149754236968318,13.081713975743515,0.967422366142273,0.8455338180065155,0.9990964651107788,0.8109830081462861,0.823180079460144,0.9879323840141296,,,,,,
6.61999999999791,108.91521278909683,13.602520010007678,106.45983188812374,79.81758151849895,118.66671069905539,88.0,14.53056966092945,3.465870429698159,13.11135021251187,0.9660678744316101,0.8478753805160523,0.9991020202636719,0.810913634300232,0.8235992848873139,0.9902379512786865,,,,,,
6.639999999997864,108.8749578538499,13.65190904041633,106.27239501362479,79.73127238603998,118.71536388067935,88.0,14.63686787986413,6.686991481534202,13.140600153644982,0.9647697567939758,0.8516289710998536,0.9991097211837768,0.811061304807663,0.8215114831924439,0.9912863135337829,,,,,,
6.659999999997817,108.82942121442773,13.704129728794602,106.07289307392577,79.70324571541856,118.76335575687386,88.0,14.76881274383577,5.796390269564036,13.169452522733742,0.9645251750946044,0.8543431639671326,0.9991139650344849,0.8110940754413605,0.8199357807636262,0.9922550439834594,,,,,,
6.67999999999777,108.77855297861302,13.751925182372386,105.97976619162746,79.4995002337083,118.81066782585711,88.0,14.854896259021835,2.9194446155544687,13.197896196640652,0.9660928010940552,0.853224128484726,0.9991098642349243,0.8109319627285004,0.8200204730033875,0.9925027012825012,,,,,,
6.699999999997724,108.72237079744085,13.794960865217712,105.96127787080691,79.2397055525622,118.85728184792583,88.0,14.902404611496012,2.3456473213264606,13.225920209787947,0.9679219484329223,0.8511117458343507,0.9991039991378784,0.8108748733997345,0.8197104573249817,0.9916490316390991,,,,,,
6.719999999997677,108.66116224025993,13.833887974224094,105.92677000961454,79.15189721972982,118.90317985248723,88.0,14.960939698814256,3.510830179394357,13.253513758385122,0.9686661720275879,0.8517249464988709,0.9991040229797363,0.8110226929187775,0.817744642496109,0.9907620906829834,,,,,,
6.7399999999976306,108.59552184770878,13.86966149767791,105.87732674361717,79.16488171931942,118.94834414498679,88.0,15.033636001818468,3.4388357001964978,13.280666204593906,0.9699651002883911,0.8513903379440309,0.9991018772125244,0.8112297415733338,0.8156114220619202,0.9886491060256958,,,,,,
6.759999999997584,108.52641116545342,13.903314347264892,105.86390016891224,79.1008508188083,118.99275731373005,88.0,15.090637109127604,2.265126799323973,13.307367080629433,0.9708106756210327,0.8507963538169862,0.9990994453430175,0.8111334502696992,0.8155977845191956,0.9888707876205445,,,,,,
6.779999999997537,108.4548029320496,13.935952839093458,105.8801679333089,78.98106979811247,119.036402236595,88.0,15.131232824297562,2.0473401688208748,13.333606092795698,0.9714314222335816,0.8489620089530945,0.9990953087806702,0.810950255393982,0.8168571174144745,0.9891674160957337,,,,,,
6.799999999997491,108.38149452714269,13.96985460318427,105.88142129718054,78.90242215510517,119.07926208763305,88.0,15.180044836274359,2.921286353391337,13.359373125454045,0.9713114857673645,0.8485760807991028,0.9990947246551514,0.8108436465263367,0.8177766501903534,0.9898460626602172,,,,,,
6.819999999997444,108.30752091347384,14.007790115442935,105.85321127514104,78.85543960146806,119.12132034355577,88.0,15.247821845378832,3.755219996847691,13.384658244922878,0.9711340188980102,0.8495615184307099,0.9990965604782105,0.8108717918395997,0.8172711253166199,0.990194833278656,,,,,,
6.8399999999973975,108.23388268745677,14.04405382551174,105.81844464631259,78.85110159042269,119.16256079010485,88.0,15.323061327219545,3.529047411979013,13.409451703307308,0.9715296387672424,0.8497622370719911,0.9990962743759155,0.8109097361564637,0.8165646970272065,0.9899029970169068,,,,,,
6.859999999997351,108.16133612360312,14.071799648551162,105.81764229794261,78.8500334648503,119.20296752830315,88.0,15.37990027297582,2.026398594654894,13.433743942257191,0.9721826553344727,0.8487020671367645,0.9990933418273926,0.810804009437561,0.817023378610611,0.9899852275848389,,,,,,
6.879999999997304,108.09040920194589,14.091821255887332,105.86205225343681,78.79674752309687,119.24252498058387,88.0,15.405742979410102,0.7410911932126754,13.457525596651955,0.9727705478668213,0.8474307954311371,0.9990900874137878,0.810666972398758,0.8178618967533112,0.99021075963974,,,,,,
6.899999999997258,108.02156765736346,14.106012592451835,105.91413493510491,78.77083075403581,119.28121789679616,88.0,15.418070055548453,0.6524424156512848,13.480787498211146,0.973254942893982,0.8465170323848725,0.9990878105163574,0.8106772363185883,0.817781388759613,0.9894875168800354,,,,,,
6.919999999997211,107.95532083673736,14.116112289538922,105.94500783062641,78.81086658379293,119.3190313600843,88.0,15.433591435023573,0.83561879031151,13.50352067902891,0.973307991027832,0.8466061353683472,0.9990879535675049,0.810730391740799,0.8173697233200073,0.9890790939331054,,,,,,
6.939999999997164,107.89216328505645,14.125689691902867,105.96365047631801,78.82347093544215,119.35595079263832,88.0,15.44787604567564,0.5694173405381736,13.525716375031273,0.9734522223472595,0.8468146622180939,0.999087929725647,0.8106850445270539,0.817352831363678,0.9895346403121948,,,,,,
6.959999999997118,107.83257684754929,14.14101315715443,105.9698570691683,78.74195321564267,119.39196196131422,88.0,15.460819265312661,0.9177342662927042,13.547366029354922,0.9734708547592164,0.8462016820907593,0.9990867853164673,0.8106166779994965,0.818072521686554,0.9897386789321899,,,,,,
6.979999999997071,107.7770537860943,14.161589428081037,105.93701072108338,78.68280641535351,119.42705098312096,88.0,15.48985210655681,1.9877259833133405,13.568461295646,0.9731271266937256,0.8467084169387817,0.9990881323814392,0.8105745673179627,0.8184215307235718,0.9904403924942017,,,,,,
6.999999999997025,107.72595926989842,14.184240986968252,105.87166234927138,78.67230559234426,119.4612043305727,88.0,15.535086600716099,2.304349460482655,13.588994041277786,0.9729142546653747,0.8476293146610261,0.999090051651001,0.810620653629303,0.8178619980812073,0.9906249642372131,,,,,,
7.019999999996978,107.67940869365259,14.203228507964283,105.81728292876889,78.65940491754111,119.49440883690382,86.00824729526452,15.572254844578588,1.2309301065075866,14.806383680429246,0.9731512188911438,0.8476215422153474,0.9990896463394165,0.8106335818767548,0.817531019449234,0.9904610633850097,,,,,,
7.039999999996931,107.637241889061,14.21670374916393,105.80058932959975,78.59391009024885,119.52665170114508,86.98572051871025,15.58261805371251,-0.09355459857951749,14.238118020484357,0.9738792896270752,0.8465999245643616,0.9990866422653198,0.8105984091758729,0.8174926161766053,0.9899869680404663,,,,,,
7.059999999996885,107.5991459215638,14.225787992627515,105.80055049025563,78.53007239591294,119.55792049305855,86.97144394920637,15.575509514867518,-0.44231269927471223,14.265499562572188,0.974187183380127,0.8459446251392365,0.9990849018096923,0.8105404555797577,0.8178499460220338,0.9899969935417176,,,,,,
7.079999999996838,107.56478181168713,14.231756744886187,105.78810330545755,78.5276794033721,119.5882031579297,86.9571732026805,15.568545408035854,-0.2641517636362008,14.292284751477503,0.9742995977401734,0.8457564771175385,0.9990845680236816,0.8106278598308564,0.8173242449760437,0.9891348242759704,,,,,,
7.0999999999967915,107.53382477675638,14.235814266680457,105.76634472989349,78.54696475135876,119.61748802121477,86.94291118913736,15.562040718368541,-0.4726387986521724,14.318464819075146,0.9743700861930847,0.8460594773292542,0.9990849614143371,0.8106472551822663,0.8169693171977997,0.9891281008720398,,,,,,
7.119999999996745,107.50595607801152,14.238984979254079,105.75005689890207,78.53403645625953,119.64576379304151,86.92866081680093,15.548105125352304,-0.8952451521928851,14.344031229572305,0.9745775699615479,0.8453405857086183,0.9990833282470704,0.8106038212776184,0.817380303144455,0.9890009641647339,,,,,,
7.139999999996698,107.48085780697102,14.243144317399215,105.73508009771339,78.48929469206286,119.67301957256161,86.91442499152136,15.529307120121489,-0.8673622210500376,14.36897568248165,0.97448570728302,0.8447158217430115,0.9990823984146118,0.8105633199214936,0.8180828928947449,0.9889988899230957,,,,,,
7.159999999996652,107.45824862161454,14.251349463563786,105.70280785491865,78.43964659157966,119.69924485215324,86.90020661618244,15.518173099816558,-0.17289263426309628,14.393290115504126,0.9741349220275879,0.8451511859893799,0.9990837335586548,0.810545951128006,0.8183410823345185,0.9895174741744995,,,,,,
7.179999999996605,107.4378978245708,14.261636890278016,105.64763073867151,78.43796782563079,119.7244295214719,86.88600859010972,15.52135670618062,0.35723320374548656,14.416966707320146,0.9737822055816651,0.846054345369339,0.9990859031677246,0.8105718553066255,0.818066966533661,0.9899256348609924,,,,,,
7.1999999999965585,107.41951656100228,14.269886744291794,105.59710693707414,78.45477237780331,119.74856387134817,86.87183380847921,15.524891280285203,-0.17510978520256948,14.439997880288328,0.9736010551452636,0.8463686227798463,0.9990867614746094,0.8105842471122742,0.818019688129425,0.9900524377822876,,,,,,
7.219999999996512,107.40270810724351,14.275367529605477,105.57773325725188,78.42306034929813,119.77163859753071,86.85768516172705,15.511877698325062,-1.0624754270428771,14.462376303050707,0.9738131046295166,0.8456842184066773,0.9990851640701294,0.8105309784412384,0.818493002653122,0.990036940574646,,,,,,
7.239999999996465,107.38706280621236,14.278836193854797,105.57616386837455,78.38190695961318,119.79364480427336,86.84356553496013,15.48796826653621,-1.174804630762202,14.484094893043572,0.9739500641822815,0.8450357079505921,0.9990838885307312,0.8105449616909027,0.8186347246170045,0.9895144462585449,,,,,,
7.259999999996419,107.37224357564506,14.281147283638617,105.56691775783194,78.38971685442728,119.8145740077645,86.82947780736777,15.468443333508393,-0.7763198353480407,14.505146818912909,0.9737210035324096,0.8453907132148744,0.9990849137306214,0.8105553984642029,0.8186280012130738,0.9897025346755981,,,,,,
7.279999999996372,107.35800392488021,14.28279819595335,105.55106070403296,78.42299361679679,119.8344181393978,86.81542485163457,15.454326402170457,-0.7254355280030799,14.52552550283366,0.9735468626022339,0.8457618355751038,0.9990859031677246,0.8105911910533905,0.8183937966823578,0.9896740436553955,,,,,,
7.299999999996325,107.344166581299,14.284225995911399,105.54339542411336,78.43075068721015,119.85316954888275,86.80140953335471,15.4372259093885,-0.9829436962849164,14.545224622731983,0.973522686958313,0.8455071568489075,0.9990854859352112,0.8105674624443054,0.8187175631523133,0.9897291660308838,,,,,,
7.319999999996279,107.33061019868539,14.285805168413212,105.5428132493792,78.41974189119045,119.87082100719404,86.78743471044751,15.41701537370643,-0.9655145375202369,14.564238114409669,0.9733986377716064,0.8451278448104859,0.9990849971771241,0.8105147063732148,0.819427102804184,0.9899758577346802,,,,,,
7.339999999996232,107.31726389957856,14.288157851942442,105.53725427212163,78.41893763469841,119.88736570935848,86.77350323257475,15.400774366349925,-0.6340224179714989,14.582560173569949,0.9730862379074097,0.8452708303928376,0.9990857601165771,0.8105002880096436,0.8198085904121399,0.9902559638023376,,,,,,
7.359999999996186,107.30411031666542,14.292198380494488,105.5230693015335,78.42401579717496,119.90279727707846,86.75961794055955,15.391530634640292,-0.31620130703945504,14.600185257744087,0.9727407693862915,0.8458004832267761,0.9990872621536255,0.8105127930641175,0.8198112845420837,0.9905362844467163,,,,,,
7.379999999996139,107.2911770346933,14.297652022405586,105.50573442581745,78.42394833870276,119.91710976119084,86.74578166580709,15.386759127525119,-0.19136411249233898,14.617108088117863,0.9725432395935059,0.8461454808712006,0.9990881681442261,0.8105182230472565,0.8197968065738679,0.9907261610031128,,,,,,
7.399999999996092,107.27850414295331,14.304103438333566,105.4906050308414,78.41201247738003,119.93029764396059,86.73199722972723,15.383287708632228,-0.15384782589621573,14.63332365125764,0.9723809719085693,0.8463080108165741,0.9990886569023132,0.8104904115200043,0.8200704157352448,0.9910518646240234,,,,,,
7.419999999996046,107.26612893396687,14.311201684510566,105.47726337513816,78.39685213867243,119.94235584120781,86.7182674431592,15.381031111623006,-0.06051995141311466,14.648827200734992,0.9722216844558715,0.8464853823184968,0.9990891695022583,0.8104692876338959,0.8202895641326905,0.9913264870643616,,,,,,
7.439999999995999,107.25408759661215,14.3186956783652,105.4637665486253,78.38665654076365,119.95327970426796,86.70459510579846,15.380986349072131,0.04920882465724465,14.663614258649716,0.9721033096313476,0.846752256155014,0.9990898132324219,0.8104726374149323,0.8202409446239471,0.9914577722549438,,,,,,
7.4599999999959525,107.24241907712847,14.326433587609646,105.45108933813657,78.37812618554148,119.96306502178386,86.69098300562575,15.382506195603604,0.09024168546233231,14.677680617050452,0.9720756053924561,0.8469442903995514,0.9990901708602905,0.8104805767536164,0.8201008498668672,0.9914995551109314,,,,,,
7.479999999995906,107.23116451833057,14.334341447490667,105.440899496969,78.36619549227396,119.97170802132936,86.6774339183386,15.384344384342837,0.09496675335287694,14.691022339252573,0.9721091628074646,0.8469733357429505,0.9990901589393616,0.8104775726795197,0.8200621664524079,0.9915257215499877,,,,,,
7.499999999995859,107.22036723751881,14.34237191666184,105.43249993627926,78.35290488558931,119.97920537086358,86.66395060678532,15.386565727158759,0.13530505680320964,14.703635761052734,0.9721316814422607,0.846956193447113,0.9990900754928589,0.8104691505432129,0.8201013028621674,0.9915699124336242,,,,,,
7.519999999995813,107.21007354457583,14.350566839651982,105.42421706105094,78.34162713232587,119.98555418001558,86.65053582040169,15.389959666383772,0.2046671777712861,14.715517491839918,0.9721350908279419,0.846986997127533,0.9990901112556457,0.8104659616947174,0.8200988531112672,0.9916049718856812,,,,,,
7.539999999995766,107.20032123919789,14.358973947668884,105.41574392953206,78.33102659472543,119.99075200119856,86.63719229465016,15.394634464927043,0.25836123289397517,14.726664415602361,0.9721523284912109,0.8470276951789857,0.9990901470184326,0.8104662597179413,0.8200507283210755,0.9916176557540893,,,,,,
7.5599999999957195,107.19115093628518,14.367630194686477,105.40761937246577,78.31839328562594,119.99479683055353,86.62392275046223,15.400176303632499,0.29542807895075246,14.737073691830194,0.9721871852874756,0.8470326602458954,0.9990900874137878,0.8104633569717408,0.8200249493122101,0.9916314363479615,,,,,,
7.579999999995673,107.18258966284412,14.37654905347049,105.39974363335313,78.30411621513167,119.99768710872175,86.61072989368347,15.406519708428691,0.34141509891441546,14.746742756313395,0.9722158670425415,0.8470336854457856,0.999090027809143,0.8104569613933563,0.8200318515300751,0.99166841506958,,,,,,
7.599999999995626,107.17465337637563,14.385702659256834,105.39162764147777,78.28999065496579,119.99942172144598,86.59761641452181,15.41388241794513,0.3940354030300094,14.755669321835011,0.9722339868545532,0.8470665633678437,0.999090027809143,0.8104516685009003,0.8200242877006532,0.9917147159576416,,,,,,
7.61999999999558,107.16734875422299,14.395040000948779,105.38338205949695,78.27603816114792,120.0,86.58458498699902,15.422173875513764,0.4314354103903466,14.763851378759107,0.972259259223938,0.8471134364604951,0.999090051651001,0.8104483485221863,0.8199865341186524,0.991752290725708,,,,,,
7.639999999995533,107.16067299286507,14.404494083155786,105.37556681944449,78.26134123552245,119.99942172144641,86.57163826840535,15.43101318482329,0.45050373205915367,14.771287195513636,0.97230224609375,0.8471387386322022,0.9990900158882141,0.8104444742202759,0.819944715499878,0.9917796611785888,,,,,,
7.659999999995486,107.15461387880222,14.413985252414069,105.36843785568641,78.24622600231046,119.99768710872262,86.55877889875774,15.440163764059683,0.464538436561297,14.777975318967862,0.9723546743392945,0.8471432149410248,0.9990899205207825,0.810439419746399,0.819912213087082,0.9918032765388489,,,,,,
7.67999999999544,107.14915069791891,14.423428968730192,105.36193083517645,78.23180972316091,119.99479683055482,86.54600950026143,15.449584971382567,0.47665054321828454,14.783914574704294,0.9724093079566956,0.8471448004245759,0.9990898132324219,0.8104347825050354,0.8198761761188508,0.9918222784996032,,,,,,
7.699999999995393,107.14425595773263,14.4327464739319,105.35613158884564,78.2183992005949,119.99075200120029,86.53333267677533,15.45916197087217,0.47892081535828285,14.789104067185203,0.9724693536758423,0.8471408247947694,0.9990896940231323,0.8104310393333436,0.8198311567306519,0.9918315768241882,,,,,,
7.719999999995347,107.13989729984561,14.441870299545068,105.35129443186892,78.20562895320049,119.98555418001773,86.52075101328097,15.468666827715648,0.47030247654652413,14.79354317981355,0.9725367188453674,0.8471190690994264,0.9990895390510559,0.8104269981384278,0.8197902262210847,0.9918331861495971,,,,,,
7.7399999999953,107.13609785505287,14.450738544028725,105.3475044533706,78.19355528462589,119.97920537086617,86.50826707535543,15.477952627495476,0.4582660084990045,14.79723157488851,0.9726057410240173,0.8470823287963868,0.9990893483161927,0.8104221343994141,0.819761884212494,0.9918331503868103,,,,,,
7.759999999995253,107.13277721968022,14.45929787004978,105.34463807190751,78.18265086719502,119.97170802133238,86.49588340864823,15.486998719281717,0.4461379203839851,14.800169193455467,0.9726706504821777,0.8470430433750153,0.9990891695022583,0.8104171454906464,0.8197407603263855,0.991833770275116,,,,,,
7.779999999995207,107.12986868217435,14.467514734860876,105.34260673035276,78.17304862025247,119.9630650217873,86.48360253836212,15.495774732518889,0.43059951018407305,14.802356255050892,0.9727313876152038,0.8470049023628236,0.999088978767395,0.8104123413562775,0.819722592830658,0.991834568977356,,,,,,
7.79999999999516,107.12735882530103,14.475361352949502,105.34142184610815,78.16448624747719,119.95327970427182,86.47142696873826,15.504189193122974,0.41022889974365545,14.803793257342004,0.9727892637252807,0.8469634830951691,0.9990888118743897,0.8104072988033295,0.8197113394737244,0.9918361186981202,,,,,,
7.8199999999951135,107.12524064370693,14.482810482807992,105.34104492812172,78.15684116417043,119.9423558412121,86.45935918254553,15.512172664134415,0.3881164581769321,14.804480975661438,0.9728427767753601,0.8469193279743195,0.9990886211395263,0.8104017734527589,0.8197100937366486,0.9918406248092652,,,,,,
7.839999999995067,107.12342694528095,14.489848491427693,105.34133823825272,78.15023269865357,119.93029764396529,86.44740164057424,15.519716660442366,0.36628232480629486,14.804420462437314,0.9728898286819458,0.8468781232833863,0.9990884780883789,0.810396134853363,0.8197154998779297,0.9918486952781678,,,,,,
7.85999999999502,107.12189766104751,14.49646777614224,105.34217100633593,78.14467093367938,119.91710976119597,86.43555678113438,15.526816926354662,0.3434198555396663,14.803613046518851,0.9729310274124146,0.8468416333198547,0.9990883350372315,0.8103906869888307,0.8197237730026246,0.9918589115142822,,,,,,
7.879999999994974,107.12062870071605,14.50266600418611,105.34346909257123,78.13995895411429,119.902797277084,86.42382701955842,15.533439890576465,0.3186267430116055,14.802060332397808,0.9729676365852356,0.8468071460723877,0.999088191986084,0.8103852808475495,0.8197360038757324,0.9918708324432373,,,,,,
7.899999999994927,107.1195978696029,14.508446763205228,105.34514976305077,78.13593206287739,119.88736570936445,86.41221474770872,15.539559077800149,0.2933906122775839,14.799764199326248,0.9729998111724854,0.8467738449573518,0.9990880727767945,0.8103797972202301,0.8197534322738648,0.9918847918510437,,,,,,
7.9199999999948805,107.1187856868254,14.513819498866196,105.3470839628874,78.13255464481635,119.87082100720042,86.40072233348985,15.545183005704333,0.2692071996563059,14.796726800330934,0.9730268716812134,0.8467437088489533,0.9990879774093628,0.810374402999878,0.8197745203971863,0.9919007301330567,,,,,,
7.939999999994834,107.11817545169664,14.518799477119048,105.34914180443712,78.12976845081711,119.85316954888954,86.38935212036577,15.550333486505714,0.24593897768851306,14.792950561124698,0.9730489730834961,0.8467180073261261,0.9990878820419311,0.8103692710399628,0.8197971045970918,0.9919179916381836,,,,,,
7.959999999994787,107.11775302303141,14.523407498753778,105.35122836668916,78.12741552021285,119.834418139405,86.3781064268819,15.555024197624098,0.22326358643106808,14.788438178915492,0.973067045211792,0.8466956496238709,0.9990877985954285,0.8103643357753754,0.819821333885193,0.9919363856315613,,,,,,
7.979999999994741,107.1175064329892,14.5276690369968,105.35326156892823,78.12534175741354,119.81457400777211,86.36698754619236,15.559272838791067,0.2019144705751661,14.783192621113386,0.9730813264846802,0.8466759443283082,0.9990877389907837,0.8103595554828644,0.8198475778102875,0.9919558048248291,,,,,,
7.999999999994694,107.11742541150927,14.53161310097092,105.35515111708462,78.12346665761132,119.79364480428137,86.35599774559239,15.563115714723512,0.18277083774939284,14.77721712393624,0.9730916023254395,0.8466600179672241,0.999087679386139,0.8103549122810364,0.8198754608631135,0.9919768333435058,,,,,,
8.019999999994647,107.11750088183267,14.53527113364731,105.35681710491431,78.12172523093318,119.77163859753911,86.34513926605597,15.566598797915843,0.16588596252879184,14.770515190914491,0.9730981469154358,0.8466483891010285,0.999087643623352,0.810350513458252,0.8199036300182343,0.9919989347457886,,,,,,
8.0399999999946,107.1177244707777,14.538675943211826,105.35821092757791,78.1200194835035,119.74856387135696,86.3344143217789,15.56976437965272,0.15100538180026174,14.763090591295867,0.9731016993522644,0.8466405987739564,0.9990876197814942,0.8103463590145111,0.819931572675705,0.9920218586921692,,,,,,
8.059999999994554,107.11808805981704,14.541860607571422,105.35930761663555,78.11825783908454,119.72442952148111,86.32382509972726,15.572653424688509,0.13829311899509958,14.754947358350467,0.9731027126312256,0.8466361165046692,0.9990875959396363,0.8103423595428467,0.8199595093727112,0.9920456886291504,,,,,,
8.079999999994508,107.11858340062096,14.5448574727518,105.36009189333984,78.11639560209629,119.69924485216283,86.31337375919146,15.575312745099668,0.12806144127800856,14.746089787577127,0.973101282119751,0.8466349244117737,0.9990875959396363,0.8103384912014008,0.8199876070022584,0.9920706272125244,,,,,,
8.099999999994461,107.11920182494903,14.547697355522248,105.36056157678478,78.11441347658271,119.67301957257159,86.30306243134599,15.577792089571481,0.12025334789811899,14.736522434811654,0.9730978608131409,0.8466371834278107,0.9990875959396363,0.8103348016738892,0.8200148224830628,0.9920962572097778,,,,,,
8.119999999994414,107.11993406274934,14.550409030066863,105.36073558782131,78.11228628859747,119.64576379305186,86.29289321881474,15.58013715614774,0.11459592269749021,14.726250114237786,0.9730930805206299,0.8466422379016877,0.9990875959396363,0.810331290960312,0.8200408160686493,0.992122220993042,,,,,,
8.139999999994368,107.12077016392472,14.553018800394918,105.36064902315323,78.10999379836227,119.6174880212255,86.28286819524233,15.582389560425622,0.11098902934185646,14.715277896301675,0.9730873227119445,0.8466495275497437,0.9990876197814942,0.8103278994560242,0.8200658559799194,0.9921485185623169,,,,,,
8.159999999994321,107.12169951793707,14.555550184301861,105.36034297234728,78.10754028855102,119.5882031579408,86.27298940487123,15.584590515727932,0.10944591273601559,14.70361110553073,0.973080849647522,0.8466588020324708,0.999087643623352,0.8103245973587037,0.820090001821518,0.9921751976013183,,,,,,
8.179999999994275,107.12271096629011,14.55802378591623,105.35986223400074,78.10494529924523,119.55792049307003,86.2632588621249,15.586780275042164,0.10983038671144539,14.691255318257728,0.9730739593505859,0.8466698646545411,0.9990876674652099,0.8103213846683502,0.8201129019260407,0.9922020912170411,,,,,,
8.199999999994228,107.12379299519796,14.560457333598846,105.35925714543264,78.10222523706574,119.52665170115692,86.25367855119705,15.588994830378605,0.11188376415443949,14.678216360251064,0.9730670094490051,0.8466823637485504,0.9990876913070679,0.8103182494640351,0.8201345384120942,0.9922289729118348,,,,,,
8.219999999994181,107.12493398263084,14.562865743330939,105.3585804368117,78.09939452153692,119.49440883691602,86.24425042564705,15.59126543929179,0.11541263913045534,14.664500304252222,0.9730603694915771,0.8466957926750184,0.9990877151489258,0.8103151917457581,0.8201547145843506,0.992255687713623,,,,,,
8.239999999994135,107.12612247387924,14.565261205153666,105.35788132195275,78.09647450531124,119.46120433058526,86.23497640800149,15.593620325010965,0.12028784367309056,14.650113467421313,0.9730542063713074,0.8467099368572235,0.9990877389907837,0.8103121519088745,0.8201736569404603,0.9922823548316956,,,,,,
8.259999999994088,107.12734746781003,14.567653357724927,105.35720337970935,78.09348995384542,119.42705098313388,86.22585838936223,15.59608468273289,0.1263206836282755,14.635062408691741,0.9730487585067749,0.8467246413230897,0.9990877628326416,0.8103091657161713,0.8201910912990571,0.9923086881637573,,,,,,
8.279999999994041,107.1285986965606,14.570049538957418,105.35658525669814,78.09045982680482,119.39196196132748,86.21689822902074,15.598679188927294,0.13326119582029344,14.619353926035235,0.9730442762374878,0.8467396020889283,0.9990877866744995,0.8103062093257904,0.820207017660141,0.9923346638679504,,,,,,
8.299999999993995,107.1298668789178,14.57245504448111,105.35605969053063,78.0873968460286,119.35595079265192,86.20809775407902,15.601419702275278,0.14088997381584026,14.602995053638004,0.9730408668518067,0.8467546522617341,0.9990878105163574,0.8103033006191254,0.8202212035655976,0.9923600435256958,,,,,,
8.319999999993948,107.13114393128171,14.57487336412034,105.35565124072728,78.08431237524165,119.31903136009822,86.19945875907693,15.604318207987875,0.1490316049097523,14.585993058989498,0.9730637431144714,0.8467330157756806,0.9990878105163574,0.8102986633777619,0.8202312290668488,0.9923835515975952,,,,,,
8.339999999993902,107.1324231247752,14.577306415815158,105.35537590839311,78.0812162226043,119.28121789681043,86.19098300562635,15.60738311992009,0.15749591280904557,14.56835543988473,0.9730983734130859,0.846696025133133,0.9990877628326416,0.8102933526039124,0.8202381074428559,0.9924056529998779,,,,,,
8.359999999993855,107.1336991834892,14.57975480026481,105.35524254089327,78.07811281245894,119.24252498059846,86.18267222205188,15.610618771155796,0.16607079299560232,14.550089921341385,0.9731327891349792,0.8466611206531525,0.9990877389907837,0.8102882146835327,0.8202433228492737,0.9924269676208496,,,,,,
8.379999999993808,107.13496831936315,14.582218010632275,105.35525368421105,78.07500163265343,119.20296752831806,86.1745281030385,15.614025410359396,0.17456647112239676,14.53120445243296,0.973166823387146,0.846628624200821,0.9990877032279968,0.8102833092212678,0.8202464818954468,0.9924471616744995,,,,,,
8.399999999993762,107.1362282044169,14.584694618133751,105.35540575034794,78.07188041194438,119.16256079012008,86.16655230928595,15.617599864256208,0.1828280404905464,14.51170720303925,0.9732006788253784,0.8465981364250184,0.9990876674652099,0.8102786183357239,0.8202475965023042,0.9924661159515381,,,,,,
8.419999999993715,107.13747776198815,14.587182353916658,105.3556899423776,78.06874728618655,119.12132034357128,86.15874646717008,15.621335978110634,0.19070578175230435,14.491606560515386,0.9732344627380372,0.8465694725513458,0.9990876317024231,0.8102741777896881,0.8202464818954468,0.9924836397171021,,,,,,
8.439999999993669,107.13871655074682,14.58967800470691,105.35609444917881,78.06560145401367,119.07926208764889,86.15111216841123,15.625224356691884,0.19802282242864244,14.470911126280786,0.9732680678367615,0.8465426862239838,0.9990875959396363,0.8102699637413026,0.8202433407306672,0.9924997806549072,,,,,,
8.459999999993622,107.13994446814422,14.592177453490894,105.35660678861609,78.0624410113201,119.03640223661112,86.14365096974964,15.629251923693566,0.20459748704699415,14.44962971232934,0.9733019590377807,0.8465170860290527,0.9990875482559204,0.8102660059928894,0.8202377974987031,0.9925142049789428,,,,,,
8.479999999993575,107.14116176588023,14.594675877660354,105.35721443879008,78.05926386511501,118.99275731374647,86.13636439262807,15.633402449240917,0.21030376137650889,14.427771337662254,0.9733358383178711,0.8464928925037385,0.9990875005722046,0.8102622926235199,0.8202302396297455,0.9925269246101379,,,,,,
8.499999999993529,107.14236907703844,14.59716790083573,105.35790433218475,78.05607179195829,118.94834414500349,86.12925392288143,15.637657823877504,0.2150730056970649,14.405345224644972,0.9733700752258301,0.8464693486690522,0.9990874528884888,0.8102587997913361,0.8202207088470459,0.9925380229949952,,,,,,
8.519999999993482,107.14356739293329,14.599647701129525,105.35866342219269,78.05287056532137,118.9031798525042,86.12232101043394,15.641998722008593,0.21884520758736176,14.382360795289546,0.9734042167663575,0.8464467942714692,0.9990874052047729,0.8102555990219117,0.8202090978622437,0.9925470590591431,,,,,,
8.539999999993436,107.14475800200374,14.6021090926504,105.35948018041103,78.04966737864979,118.85728184794309,86.11556706900336,15.646404552735524,0.22155694756719724,14.358827667463945,0.9734386682510376,0.8464247524738312,0.9990873336791992,0.8102526068687439,0.8201958119869233,0.9925544619560241,,,,,,
8.559999999993389,107.1459424037798,14.604545606250145,105.36034529882859,78.04647053498952,118.81066782587462,86.1089934758128,15.65085367683777,0.22317186329842176,14.334755651029848,0.9734729766845703,0.8464033544063568,0.9990872859954834,0.8102498590946198,0.8201810002326966,0.9925601005554199,,,,,,
8.579999999993342,107.14712220338257,14.606950525726,105.36125141319388,78.04329170922698,118.76335575689164,86.10260157130979,15.655324093049348,0.22368716400622027,14.31015474391041,0.9735071897506714,0.8463824212551118,0.9990872144699097,0.8102473318576813,0.8201648771762848,0.9925641059875489,,,,,,
8.599999999993296,107.14829900471055,14.60931694029517,105.36219310243065,78.04014585951953,118.71536388069737,86.09639265889304,15.659793873237255,0.22310929469417962,14.285035128089486,0.973541259765625,0.8463618218898774,0.9990871548652649,0.8102450251579285,0.8201476275920868,0.9925664067268372,,,,,,
8.619999999993249,107.14947430497685,14.611637809700161,105.36316723609762,78.03704952557015,118.66671069907365,86.09036800464659,15.664241237354863,0.22144797800098362,14.259407165544026,0.9735749959945679,0.8463414788246155,0.9990870833396912,0.8102429151535034,0.8201295435428619,0.9925672769546509,,,,,,
8.639999999993202,107.1506494061211,14.613905988708607,105.36417292670205,78.03402064433165,118.61741496874815,86.08452883708168,15.668644707506164,0.21872485503405803,14.233281394111057,0.9736083030700684,0.8463213980197907,0.9990870118141174,0.8102410316467286,0.8201107859611512,0.9925665378570556,,,,,,
8.659999999993156,107.15182533824344,14.616114326884038,105.36521105664339,78.03107803638925,118.5674956941633,86.07887634688622,15.67298341258519,0.2149796839015056,14.206668523291029,0.9736409187316895,0.8463016450405121,0.9990869402885437,0.8102393090724945,0.8200916588306427,0.9925646662712098,,,,,,
8.67999999999311,107.15300280775107,14.618255767481003,105.36628362630384,78.02824126088372,118.5169721201497,86.07341168668196,15.677237448844268,0.21026807585262744,14.17957942998914,0.9736730098724365,0.8462819516658784,0.9990868687629699,0.8102377653121948,0.8200722873210907,0.9925615072250367,,,,,,
8.699999999993063,107.15418216748175,14.620323454410174,105.36739323547638,78.02552978251472,118.46586372450692,86.06813597078956,15.681388113922353,0.20465354556085505,14.152025154196188,0.973704195022583,0.8462627172470093,0.9990867972373962,0.8102364003658296,0.8200528740882874,0.9925572514533997,,,,,,
8.719999999993016,107.15536340611217,14.622310830605045,105.36854269698267,78.0229620088035,118.41419021049434,86.06305027500123,15.68541802397408,0.19820456136279882,14.12401689461079,0.9737342596054077,0.8462438642978669,0.9990867257118226,0.8102352023124695,0.820033746957779,0.9925520062446594,,,,,,
8.73999999999297,107.15654615891249,14.62421175593217,105.36973457419104,78.0205544829041,118.36197149923528,86.05815563636143,15.689311247345819,0.1909986729115779,14.09556600420467,0.9737630844116211,0.8462256193161011,0.9990866541862488,0.8102341771125794,0.820014786720276,0.9925458073616028,,,,,,
8.759999999992923,107.1577297352979,14.62602060033246,105.3709706439632,78.01832183341017,118.30922772203695,86.05345305295545,15.693053492255366,0.18312139206977315,14.066683985732556,0.9737906455993652,0.8462078869342804,0.9990865826606751,0.8102332830429078,0.8199965119361878,0.9925390005111694,,,,,,
8.779999999992876,107.15891315998553,14.62773237750673,105.37225150146699,78.01627588482896,118.25597921262948,86.04894348370576,15.696632234233613,0.1746641310301739,14.037382487188768,0.973816740512848,0.8461908102035522,0.9990865111351013,0.8102325379848481,0.8199789047241212,0.9925315737724304,,,,,,
8.79999999999283,107.16009521968822,14.629342828163512,105.37357624496367,78.01442564566281,118.2022464993269,86.04462784817657,15.70003682678309,0.16572239239989592,14.007673297211966,0.9738412261009216,0.8461746573448181,0.9990864396095276,0.8102319419384003,0.8199620068073273,0.9925236225128173,,,,,,
8.819999999992783,107.16127451911431,14.63084848849196,105.37494235677075,78.01277705963582,118.14805029711303,86.04050702638635,15.703258529546279,0.15639070007861694,13.977568340439959,0.9738640308380127,0.8461594820022583,0.9990863800048828,0.8102314949035645,0.8199458301067353,0.9925152063369751,,,,,,
8.839999999992736,107.16244953990606,14.632246737033777,105.37634574178365,78.01133283548754,118.09341149965547,86.03658185862824,15.706290469237363,0.1467612557372936,13.947079672816535,0.9738852024078369,0.8461451053619385,0.9990863084793091,0.8102311849594117,0.8199304282665253,0.9925064086914063,,,,,,
8.85999999999269,107.16361869556806,14.633535818791037,105.3777808256518,78.01009256399865,118.03835117125077,86.03285314529882,15.709127591268315,0.13692373716839418,13.916219476851875,0.9739046216011047,0.8461318373680116,0.9990862488746644,0.8102310359477998,0.8199156522750854,0.9924971461296082,,,,,,
8.879999999992643,107.16478037889091,14.634714881503633,105.37924067612238,78.00905269079888,117.98289053870363,86.02932164673489,15.71176662561977,0.12696743243522107,13.885000056838567,0.9739224195480347,0.8461195886135102,0.9990861892700196,0.8102310001850128,0.8199016571044923,0.9924876928329468,,,,,,
8.899999999992596,107.16593300363999,14.635783971302653,105.3807171248118,78.00820716066403,117.92705098314364,86.02598808305838,15.7142060843522,0.11698041712703895,13.853433834025076,0.9564659714698791,0.8511740684509278,0.9990716695785522,0.8103273510932922,0.8400707244873047,0.9884133815765381,,,,,,
8.91999999999255,107.16707673499927,14.636737602615193,105.38220106689748,78.00754783631906,117.87085403178244,86.02285313402952,15.716446176288,0.10704332724786475,13.821533341748502,0.9312864303588867,0.856453412771225,0.9990555882453919,0.8104170203208924,0.8734311223030091,0.9819842338562011,,,,,,
8.939999999992503,107.1682149906307,14.637569608093141,105.38368293124505,78.00706468133507,117.81432134961452,86.01991743890824,15.718488620976776,0.09722672255487816,13.789311220528493,0.9312786340713501,0.8563116014003754,0.9990538716316223,0.8104023933410645,0.87290358543396,0.9819555044174194,,,,,,
8.959999999992457,107.16934390700415,14.638291347805827,105.38515313904728,78.00674626321788,117.757474731065,86.01718159632384,15.720336468014132,0.08759344201817713,13.756780213124301,0.9309130907058716,0.8565367698669434,0.9990525484085083,0.8104104816913605,0.8722135901451111,0.9818675994873047,,,,,,
8.97999999999241,107.1704603792418,14.63890830256226,105.38660248481217,78.00658055126813,117.70033609158747,86.01464616415286,15.72199394507608,0.07819805250728509,13.72395315955687,0.9305479526519775,0.8567602634429932,0.9990512013435364,0.810418450832367,0.8715268790721894,0.9817806005477905,,,,,,
8.999999999992363,107.17166892252175,14.636182517141691,105.38927677912987,78.05098229400542,117.64292745921513,86.01231165940538,15.722693849212966,-0.10789959662896263,13.690842992097824,0.9301801919937134,0.8569853246212006,0.9990498781204223,0.8104265749454499,0.8708412170410157,0.9816927552223206,,,,,,
9.019999999992317,107.17367255576474,14.616518503710832,105.41532124576727,78.24601647099614,117.58527096606858,86.01017855811953,15.708213266323126,-1.7238954116893246,13.657462730227422,0.9322276949882508,0.8550771176815033,0.9990461826324463,0.8104243934154511,0.8692773938179017,0.9800190687179565,,,,,,
9.03999999999227,107.17786179099433,14.56944492646022,105.52367300228426,78.49503920816522,117.52738883982347,86.00824729526452,15.637682269428439,-5.537973098293032,13.623825475563258,0.9402813673019409,0.8473436236381531,0.9990353345870971,0.8102184891700746,0.8688134670257569,0.9758413195610046,,,,,,
9.059999999992224,107.18517616087495,14.506692779796932,105.72337847704594,78.5732090633519,117.46930339514131,86.00651826465183,15.495001124607668,-8.125266659344275,13.589944406761926,0.9481821775436401,0.8390985369682312,0.999022102355957,0.8098594725131989,0.872063946723938,0.9726667881011963,,,,,,
9.079999999992177,107.196371739505,14.442606697437762,105.90106461818499,78.64455882312069,117.4110370250667,86.00499181885499,15.341755548297938,-6.604189706585039,13.55583277439533,0.9469699740409852,0.8390471100807191,0.9990221261978149,0.8099565088748932,0.872967004776001,0.971184492111206,,,,,,
9.09999999999213,107.2122138674329,14.3840346742209,105.96311987733954,78.87739413681261,117.3526121923945,86.0036682691376,15.238956247632936,-3.8836101543886885,13.521503895803946,0.937111783027649,0.8471750378608705,0.9990382671356202,0.8104360282421113,0.8721502959728241,0.9736676692962647,,,,,,
9.119999999992084,107.23375818896154,14.330963757731285,105.95511227688553,79.12334927883951,117.29405142100985,86.00254788539,15.169087671432292,-3.5836552150697165,13.486971149928618,0.9320849180221558,0.8512591838836671,0.9990490913391114,0.81057168841362,0.8738830864429474,0.9772910594940185,,,,,,
9.139999999992037,107.26102305868184,14.275261825206648,105.96503800521751,79.27365903554748,117.23537728720488,86.00163089607406,15.082628433383611,-5.214553565502453,13.452247972123352,0.9324031949043274,0.8497487604618073,0.9990503430366516,0.8104224741458893,0.8781447887420655,0.9793890476226806,,,,,,
9.15999999999199,107.29288776415643,14.204056256176115,106.02224233832017,79.4456836855245,117.17661241097508,86.00091748817675,14.958309626943292,-7.234758963552103,13.417347848950733,0.9348689317703247,0.8464575409889221,0.9990492343902588,0.8102812826633454,0.8801209330558777,0.9799494743347168,,,,,,
9.179999999991944,107.32755034094369,14.113029991220102,106.12429883659021,79.6745444533081,117.11777944729889,86.00040780717191,14.792835877283993,-9.283530655401561,13.38228431296223,0.9394711971282959,0.8418910801410675,0.9990477085113525,0.8101112008094788,0.8853059768676758,0.9785522222518921,,,,,,
9.199999999991897,107.36331218794923,14.00866869110115,106.25507066688762,79.89026079850427,117.0589010774037,86.00010195699062,14.59182244340129,-10.605181713568504,13.347070937465212,0.9452513217926025,0.8359914124011993,0.9990382432937622,0.8099144518375397,0.8854546666145325,0.9761335134506226,,,,,,
9.21999999999185,107.39926076803269,13.89779588745894,106.37339142675437,80.11768110265407,117.00000000002197,86.0,14.377602623627268,-10.63862723934139,13.311721331278886,0.9439244866371155,0.8351583302021027,0.9990353107452392,0.8099638998508454,0.8875651717185974,0.9751362681388855,,,,,,
9.239999999991804,107.43513020025028,13.786171580706952,106.44869047035,80.36425418086037,116.94109892264021,86.00010195699052,14.169895143593187,-10.121378980705767,13.276249133480949,0.9384327411651612,0.8375547170639038,0.999042010307312,0.810124295949936,0.892089456319809,0.9769383907318115,,,,,,
9.259999999991757,107.47076061749652,13.679093673767799,106.48219642491341,80.57088014214914,116.88222055274501,86.0004078071717,13.972023586767905,-9.672868658212426,13.2406680081473,0.9579029560089112,0.8340681493282318,0.9990591049194336,0.8100908815860749,0.8547744393348694,0.9859468579292298,,,,,,
9.27999999999171,107.50612463605019,13.590366616607826,106.47579999143564,80.5876094015103,116.82338758906877,86.00091748817644,13.78662420536211,-8.512540686626547,13.204991639086433,0.9656585454940796,0.8321804881095887,0.9990687251091004,0.8100660860538483,0.8399547159671784,0.9896117568016052,,,,,,
9.299999999991664,107.54109808350408,13.543166349973092,106.36218836834588,80.39655104045174,116.76462271283891,86.00163089607365,13.656349319531428,-3.9724690873926254,13.169233724570965,0.9632670640945434,0.835164886713028,0.9990843892097473,0.8100587785243989,0.839613687992096,0.9924777984619141,,,,,,
9.319999999991618,107.57524949852316,13.519977057913174,106.08858176097162,80.44359533470123,116.70594857903386,86.00254788538948,13.625284907101065,0.11560891586861563,13.133407972068003,0.9595786094665527,0.8405818819999695,0.9991021394729614,0.8103756189346314,0.8367502868175507,0.9934521913528442,,,,,,
9.339999999991571,107.60797135350137,13.500763761054442,105.82017307771702,80.52932283764328,116.64738780764912,86.00366826913698,13.618532289124047,-1.693393684351787,13.097528092970556,0.9590952157974243,0.8437274217605591,0.9991106986999512,0.8105436682701112,0.8317106246948243,0.9942101955413818,,,,,,
9.359999999991524,107.63817418905026,13.483023916124289,105.70987544872602,80.30719309218517,116.58896297497681,86.00499181885425,13.548451469787343,-4.831956179555788,13.061607797331899,0.9602157235145569,0.841567611694336,0.9991096973419189,0.8101524710655212,0.8415001094341279,0.9947521924972534,,,,,,
9.379999999991478,107.66388292979751,13.469165608687343,105.66011300796941,80.05654711682152,116.53069660490209,86.006518264651,13.457813781398057,-3.473210796988743,13.02566078860509,0.9353611469268799,0.8409013688564301,0.9990819573402405,0.8099343895912171,0.8935836434364319,0.989435613155365,,,,,,
9.399999999991431,107.68325649848113,13.461832203628703,105.54013762760242,80.05662638266527,116.47261116021977,86.00824729526359,13.421064236819062,-0.43231987757769896,12.989700758389471,0.9362864971160889,0.8412841260433197,0.9990840911865234,0.8100176215171815,0.8867417275905609,0.9894023895263672,,,,,,
9.419999999991385,107.6951168187186,13.46330447690017,105.40035817660568,80.10071179707204,116.41472903397451,86.0101785581185,13.420741912511541,-0.0810117970013376,12.95374138118627,0.932366418838501,0.8455104410648346,0.9990872502326965,0.8103148818016053,0.8795678317546844,0.9888949155807495,,,,,,
9.439999999991338,107.69890647499457,13.475121103623023,105.32574858481274,79.96397894459469,116.35707254082777,86.01231165940423,13.4113757455994,-0.6538992258795719,12.917796309165304,0.9304491281509399,0.8466819882392884,0.9990825414657593,0.8103415250778199,0.8787611663341522,0.988760256767273,,,,,,
9.459999999991291,107.69456452949555,13.497920221026893,105.27622336090305,79.77643094908629,116.29966390845524,86.01464616415161,13.410184682598587,0.9148312697135534,12.881879166944866,0.9277048110961914,0.8476081430912018,0.9990815997123719,0.8102549433708192,0.8837072849273682,0.9898225665092468,,,,,,
9.479999999991245,107.68266521829261,13.533843290072726,105.18631260935805,79.67274422436819,116.2425252689775,86.01718159632249,13.454261283927755,3.4281314483156202,12.846003546386573,0.925709855556488,0.8494564294815063,0.9990853428840637,0.8102626442909241,0.883405601978302,0.9908883810043335,,,,,,
9.499999999991198,107.66508246958196,13.584984998748817,105.07156909589905,79.5723812515252,116.18567865042777,86.01991743890679,13.540244097142454,4.943591883097682,12.810183001407498,0.9130097389221191,0.856061863899231,0.9990739822387695,0.8104927599430085,0.8729185938835144,0.9908682823181152,,,,,,
9.519999999991152,107.64380445179034,13.64259578465365,104.97942925499983,79.46548871100445,116.1291459682596,86.02285313402795,13.643327681022297,5.17654833934401,12.774431042811269,0.9079231381416321,0.8598279893398285,0.9990681767463684,0.8106139779090882,0.868111264705658,0.9906889200210571,,,,,,
9.539999999991105,107.62065302964277,13.697017964031163,104.94174917724679,79.37458241836562,116.07294901689814,86.02598808305672,13.741660961914471,4.5749536779996065,12.738761133140343,0.9142718076705932,0.8571669340133667,0.999069344997406,0.8103823900222779,0.8717503309249879,0.9913578271865845,,,,,,
9.559999999991058,107.5971818794707,13.744662412008495,104.96213392533531,79.30028498871027,116.01710946133788,86.02932164673314,13.82581250295149,3.893894793988129,12.703186681551287,0.9257436275482178,0.8511587023735047,0.9990685701370239,0.8100910544395448,0.8737043619155884,0.991257119178772,,,,,,
9.579999999991012,107.57491028379206,13.786423553005664,105.01815669976843,79.25338024919155,115.96164882879044,86.03285314529695,13.901008465171918,3.717676316864522,12.667721038715072,0.9299336910247803,0.8480623245239258,0.999058210849762,0.809982568025589,0.8694702684879303,0.9902280807495117,,,,,,
9.599999999990965,107.55549996022145,13.82387626953511,105.08432012617946,79.24894660337807,115.90658850038544,86.03658185862626,13.976636108614125,3.8491189345962113,12.632377491744368,0.9296946287155151,0.8484836876392365,0.9990522503852844,0.8100243389606476,0.866362988948822,0.989486813545227,,,,,,
9.619999999990918,107.54117280325173,13.859877243929251,105.15250652015364,79.24299892314099,115.85194970292756,86.04050702638429,14.054160834066368,3.9102791048624703,12.597169259149702,0.9263697862625122,0.8512585282325745,0.9990494728088379,0.8101602256298066,0.8646808087825776,0.9889631032943725,,,,,,
9.639999999990872,107.53418199394335,13.899173963172878,105.21355345932562,79.19083112694024,115.79775350071334,86.04462784817441,14.136047830626813,4.384126486244145,12.562109485826575,0.9222415328025818,0.8544115900993348,0.9990480899810791,0.81024050116539,0.8649661362171174,0.9892147064208985,,,,,,
9.659999999990825,107.5355478773402,13.941467971578282,105.2488808753134,79.15135286055356,115.7440207874104,86.04894348370348,14.231734931223826,5.159330252120259,12.527211238075104,0.9181745767593384,0.857930076122284,0.9990482091903686,0.8103657722473145,0.8641878962516785,0.9893224477767945,,,,,,
9.679999999990779,107.54476850556007,13.984335854475075,105.26427125286239,79.13511065308018,115.69077227800258,86.05345305295309,14.338468715020372,5.357496232799846,12.492487498654548,0.9153936743736267,0.8607233285903931,0.9990480661392211,0.8104407072067261,0.8631342351436615,0.989526891708374,,,,,,
9.699999999990732,107.56068372654843,14.02236685934763,105.28807933884733,79.12773586452563,115.63802850080387,86.05815563635898,14.43917183429326,4.568233251226635,12.457951161874295,0.9152434825897217,0.8612348496913911,0.9990440845489502,0.8104558289051056,0.861436414718628,0.9890686750411988,,,,,,
9.719999999990685,107.58206602779391,14.052751675663009,105.34027138346923,79.10027959227823,115.58580978954441,86.06305027499867,14.518583924427064,3.3986188692964405,12.423615028723194,0.9179816722869873,0.8589193820953369,0.9990362882614136,0.8103678703308106,0.8600611329078675,0.9881306052207947,,,,,,
9.739999999990639,107.60802108911054,14.076080593260755,105.40944361770327,79.06905692827397,115.53413627553141,86.06813597078691,14.57874731770913,2.736634303725112,12.389491802039277,0.9203505158424378,0.8568794965744019,0.9990288734436035,0.8103001475334168,0.8586036324501038,0.9871051788330079,,,,,,
9.759999999990592,107.63807112626967,14.09405146517864,105.47145760796444,79.07049075271507,115.4830278798882,86.07341168667921,14.63153311353002,2.5732089908823235,12.355594081721556,0.9256587743759155,0.8529918611049653,0.9990298867225647,0.8103048563003541,0.8600057423114777,0.9846935987472534,,,,,,
9.779999999990546,107.67214025535591,14.108116407668147,105.52024804731457,79.09294095336912,115.43250430587416,86.07887634688336,14.680854298828153,2.3109315790798903,12.321934359985654,0.9208654284477233,0.85722496509552,0.999032199382782,0.8103909432888031,0.8600459933280945,0.9859825491905212,,,,,,
9.799999999990499,107.71032855805862,14.120606912248329,105.5634492188968,79.08436171834174,115.38258503128885,86.08452883707874,14.722906940692344,1.927352763543795,12.288525016665393,0.9181320071220398,0.8593720853328706,0.9990323781967163,0.8104363799095154,0.860517168045044,0.9864299058914184,,,,,,
9.819999999990452,107.75258946695803,14.134544243509628,105.59459813440868,79.04073987766841,115.33328930096289,86.09036800464355,14.7618612146128,2.072600607693888,12.255378314561721,0.915466570854187,0.860946011543274,0.9990330934524536,0.8103949964046478,0.8636203467845918,0.9875341892242432,,,,,,
9.839999999990406,107.79848057254809,14.14691246134618,105.60231999421839,79.05002797457635,115.28463611933867,86.0963926588899,14.806410749121385,2.278596200614882,12.222506394841012,0.9142902493476868,0.8619225502014161,0.9990336894989014,0.8104275703430176,0.8639193892478944,0.9876177787780762,,,,,,
9.85999999999036,107.84707807477496,14.152428220241257,105.60982354215415,79.1114721397554,115.2366442431439,86.10260157130655,14.845534665883307,1.4097904519247757,12.189921272484462,0.9158704042434692,0.8606349349021912,0.999031376838684,0.8104001104831696,0.8631271600723267,0.9871164321899414,,,,,,
9.879999999990313,107.89701958663235,14.147122000710919,105.65525339372874,79.16019058661828,115.18933217416041,86.10899347580947,14.85606747688829,-0.3937820083414868,12.157634831790151,0.9197706699371337,0.8568262934684754,0.9990254521369935,0.8102501749992371,0.8639027297496796,0.9863617658615113,,,,,,
9.899999999990266,107.94732786020465,14.133514973320237,105.73758468025159,79.16664383244641,115.14271815209142,86.11556706899995,14.834714773366887,-1.5082834498308941,12.125658821929697,0.9246222019195557,0.8520987033843994,0.9990183234214782,0.810051965713501,0.8651237726211548,0.9855534791946411,,,,,,
9.91999999999022,107.99752432701071,14.114716180523649,105.81433812970113,79.21304923004757,115.09682014752975,86.12232101043043,14.804522452129776,-1.3763179270847015,12.094004852561017,0.9257712841033936,0.8506861865520478,0.9990154147148133,0.8100468039512635,0.864760434627533,0.9846678256988526,,,,,,
9.939999999990173,108.04753491265278,14.09356949560982,105.86434389752057,79.31105683284257,115.0516558550299,86.12925392287784,14.780258219924379,-1.1268635778409763,12.06268438949892,0.9230516910552978,0.852728021144867,0.9990186214447021,0.8101685523986817,0.8644290685653687,0.9848180770874023,,,,,,
9.959999999990126,108.09741640576442,14.076153810346119,105.90150031750636,79.3382062106324,115.00724268628638,86.13636439262437,14.75684534341937,-1.1473794197142326,12.031708750445215,0.9197879076004029,0.8552184641361237,0.9990211129188538,0.8101904332637787,0.8658044397830964,0.9861074447631836,,,,,,
9.97999999999008,108.14714928580958,14.072707769169444,105.91143477830703,79.24063904752981,114.96359776342113,86.14365096974586,14.744509696629684,0.2228110720584567,12.001089100779812,0.9148592829704285,0.8585242986679078,0.9990244507789612,0.8102593362331391,0.867843908071518,0.9873822212219239,,,,,,
9.999999999990033,108.19643716248719,14.07784791654203,105.85718035599108,79.24080941912953,114.92073791238279,86.15111216840735,14.77006725644733,2.1432465196691224,11.970836449414634,0.9084508419036865,0.8642589867115021,0.9990320086479187,0.8104186952114105,0.8679741859436035,0.9889055252075195,,,,,,
10.019999999989986,108.24447594963803,14.081937083870598,105.78544459207401,79.32342637396009,114.87867965645977,86.15874646716613,14.813593442151669,1.724491997104831,11.940961644711614,0.9086231231689453,0.8649376392364503,0.9990340948104859,0.8104569613933563,0.8657746434211732,0.9890561461448669,,,,,,
10.03999999998994,108.29027214197346,14.080630242803286,105.77796334065101,79.30761544210263,114.83743920991037,83.5492512579881,14.827054441105926,-0.38432987170671284,13.48497784497426,0.9153857231140137,0.8586774408817291,0.9990249156951905,0.810178816318512,0.865579217672348,0.988567566871643,,,,,,
10.059999999989893,108.33315946405177,14.075596104470174,105.8261515888306,79.21519083094104,114.79703247171177,85.05235389661563,14.80870937821862,-1.0524249492161086,12.55703116392241,0.9204028487205506,0.8538445591926576,0.999013078212738,0.8099889636039734,0.8641766309738159,0.9874318242073059,,,,,,
10.079999999989846,108.37307628075258,14.068522555606997,105.86006790138224,79.220583755444,114.75747501943073,85.10467191248564,14.796824955316902,-0.0433544477377584,12.501796296534582,0.920440936088562,0.8536573350429535,0.999009644985199,0.809968227148056,0.8622745037078858,0.9874608278274536,,,,,,
10.0999999999898,108.41070248006024,14.060890736812778,105.86656059394701,79.30912673098129,114.71878210321809,85.15691819145532,14.802527596848993,0.3868881521739757,12.447124309688299,0.9185190796852112,0.855748724937439,0.9990107297897339,0.8101417899131775,0.8583596289157868,0.986885929107666,,,,,,
10.119999999989753,108.44729803127109,14.054200789744744,105.88434870858322,79.34179056160315,114.68096863992965,85.20905692653483,14.805284479812455,-0.1563690807478402,12.393045698192914,0.9156521320343017,0.8582085013389588,0.9990099906921387,0.8102063596248628,0.8576509237289429,0.9871474504470825,,,,,,
10.139999999989707,108.48381207535024,14.052601500543048,105.91766625462941,79.26986900767504,114.64404920737528,85.2610523844395,14.800859206063842,-0.013665358548013304,12.33959070871484,0.9129990816116333,0.8595801711082459,0.9990086913108825,0.8102117896080018,0.8596723437309266,0.9875010490417481,,,,,,
10.15999999998966,108.52034414192005,14.062618682809008,105.91746520095657,79.17511686684259,114.60803803869904,85.31286893007974,14.817682247906978,1.9052495616170484,12.286789321675688,0.9077574849128723,0.8636593341827393,0.999012553691864,0.8102898299694061,0.8606168389320374,0.9888380765914917,,,,,,
10.179999999989613,108.55651547769037,14.077961009894759,105.862038232472,79.21035662704381,114.57294901689194,85.36447105098345,14.873808310989899,3.3539379582874447,12.234671233270873,0.9033814072608948,0.8688850104808807,0.9990181446075439,0.8105224490165711,0.8568640291690827,0.989109992980957,,,,,,
10.199999999989567,108.59187190671683,14.092481185744695,105.81786325950408,79.24676087130779,114.53879566943986,85.41582338163457,14.934795209120093,2.409190569022627,12.183265837619764,0.9026374220848083,0.870383656024933,0.9990169405937195,0.8105338454246521,0.854857861995697,0.9893372774124145,,,,,,
10.21999999998952,108.6261114353977,14.103448759034025,105.83673197559538,79.17764953284022,114.50559116310838,85.46689072771075,14.966422427966052,0.9080885734886814,12.132602209058863,0.9056972622871399,0.8670285105705262,0.9990087032318116,0.81036234498024,0.8551861226558686,0.9889611721038818,,,,,,
10.239999999989474,108.65925725415693,14.111353045811505,105.8847574986948,79.10386456714839,114.47334829886675,85.51763809020386,14.982191228802687,0.9385635076395923,12.082709084589098,0.9097227573394776,0.8630119562149048,0.9989996671676635,0.8102355003356934,0.854113405942917,0.9879060983657837,,,,,,
10.259999999989427,108.69176195288614,14.117101127641227,105.91460423201046,79.1288836468972,114.44207950695294,85.56803068940656,15.0087390525005,1.6624514227598999,12.033614846488344,0.9109994411468506,0.8626097023487092,0.9989965200424195,0.8103383123874665,0.8497260034084321,0.9865030646324158,,,,,,
10.27999999998938,108.72465510101684,14.121723042058626,105.93547704704403,79.18328473493276,114.41179684208142,85.61803398874851,15.042572577968944,1.5562273089948901,11.985347505100286,0.9083729505538941,0.8656111299991608,0.9989959239959717,0.8104892194271088,0.846979308128357,0.9860288977622986,,,,,,
10.299999999989334,108.75926753060982,14.126158774905566,105.97286184018505,79.17930728448432,114.38251197879596,85.66761371846604,15.068128238123556,1.044275008361284,11.937934681810468,0.9058829545974731,0.8676419854164124,0.9989933967590332,0.8105839788913727,0.846369218826294,0.9854475855827332,,,,,,
10.319999999989287,108.79664429500295,14.132751409468309,106.01593314434156,79.12846210153153,114.35423620696885,85.716735899089,15.089502894301123,1.2766147775627155,11.891403592220371,0.9037259817123413,0.8689874827861787,0.9989919304847718,0.8106136798858643,0.8472695350646973,0.9854573011398315,,,,,,
10.33999999998924,108.83713501224159,14.144725094537414,106.03258114716502,79.0902182008708,114.32698042744836,85.76536686472849,15.125730273051612,2.4042515770056223,11.845781029530258,0.900846803188324,0.8716336250305177,0.9989935159683228,0.8106752932071686,0.8471058666706086,0.9861125230789185,,,,,,
10.359999999989194,108.880422425619,14.156714701994456,106.02127358957327,79.14037978240549,114.30075514785634,85.81347328614982,15.180888529650872,2.833452584050768,11.801093348141428,0.8980757534503937,0.8751038134098054,0.998995304107666,0.8108611881732941,0.8443750262260438,0.9857293725013733,,,,,,
10.379999999989147,108.92587154007595,14.162760231875515,106.03170894996407,79.19624534574189,114.27557047853729,85.86102219361472,15.226757033684972,1.5341266308004111,11.757366447488273,0.8986514508724213,0.8749489307403565,0.998992097377777,0.8108813226222993,0.8429817020893098,0.9849589824676513,,,,,,
10.3999999999891,108.97300302914554,14.162346968030679,106.09330344105658,79.17623348947646,114.25143612866064,85.90798099947713,15.241415474733303,0.10000832485065596,11.714625756110536,0.9018569111824036,0.8713403463363648,0.9989840984344482,0.8107237935066224,0.8434751510620118,0.9841341495513916,,,,,,
10.419999999989054,109.02164178275375,14.157352812958344,106.17112566774713,79.16172155026214,114.2283614024777,85.95431752051718,15.240530195335435,0.03680449360988218,11.672896215976039,0.9043791055679321,0.8686270236968995,0.9989779710769653,0.8106575727462769,0.8428717970848084,0.9829243183135986,,,,,,
10.439999999989007,109.07193539834958,14.1503733947597,106.2257424564286,79.21726897757694,114.20635519573464,85.99999999999788,15.247230914426636,0.607711593846338,11.632202267063814,0.9033313393592834,0.8699464440345764,0.998977792263031,0.8107715070247651,0.8409602463245393,0.9821612358093261,,,,,,
10.45999999998896,109.12436730271715,14.143237674216024,106.26289060780245,79.2846048525377,114.1854259922431,86.04499712942972,15.26053045273286,0.6096737124096654,11.592567832217707,0.8999754786491394,0.8734451770782471,0.9989793062210083,0.8109642982482911,0.8392923057079316,0.9815754652023315,,,,,,
10.479999999988914,109.17956610900539,14.13790524830243,106.30068287713615,79.2935604641743,114.1655818606094,86.0892780700278,15.27046066968358,0.4325599026371148,11.554016302280093,0.8987210810184479,0.8734624862670899,0.9989806890487671,0.810843962430954,0.8398919999599457,0.981984269618988,,,,,,
10.499999999988868,109.23779737222674,14.132083830605087,106.33352598462173,79.31200413678457,114.14683045112405,86.13281247384735,15.280125245157993,0.5460958211411782,11.51657052151539,0.8988208711147309,0.8726991415023804,0.9989802122116089,0.810766339302063,0.8407002031803131,0.9822491884231568,,,,,,
10.519999999988821,109.29861729616474,14.12226351896355,106.36217863140911,79.38127995526976,114.12917899281234,86.17557050458258,15.28972997315951,0.28724779311330517,11.480252773332737,0.898737531900406,0.8730361700057984,0.9989795804023742,0.8108237266540528,0.8403461635112763,0.9820297479629516,,,,,,
10.539999999988774,109.36110037602607,14.106220018761732,106.40762875611212,79.45665996399569,114.11263429064748,86.21752285801502,15.286564532918877,-0.6771788573879326,11.445084766317166,0.8990511298179626,0.8735770583152771,0.9989754438400269,0.8109887480735779,0.8392269670963288,0.9808268547058105,,,,,,
10.559999999988728,109.42443884712723,14.084741129488918,106.47783621351384,79.50157452758073,114.0972027229271,86.2586407820972,15.26352495102131,-1.5181391628554388,11.411087620578233,0.8998010516166687,0.8725469291210175,0.9989720344543457,0.8109926223754883,0.8388649106025696,0.9796954870224,,,,,,
10.579999999988681,109.48833553546262,14.0597964035377,106.55127775355692,79.55329664760221,114.08289023881427,86.29889609665786,15.231357132452636,-1.5792737533853667,11.37828185442508,0.9001369118690491,0.8717809557914734,0.9989701747894287,0.8109868466854095,0.8389330744743347,0.9791617393493652,,,,,,
10.599999999988635,109.55266303589305,14.033001557943042,106.60819112635096,79.64212078747113,114.06970235604412,86.33826121271518,15.202349840276078,-1.3439885634616087,11.346687371376614,0.8998953223228455,0.8718380331993103,0.9989705801010131,0.811017507314682,0.8385876715183258,0.9790005207061767,,,,,,
10.619999999988588,109.61742137689417,14.00701355757716,106.65311109648415,79.71321103038464,114.05764415879646,86.37670915138494,15.175615542391313,-1.3431108285538893,11.316323447515206,0.8996608853340149,0.8719051361083985,0.9989712238311768,0.8110424041748048,0.8383704543113709,0.9789466738700867,,,,,,
10.639999999988541,109.68249694124793,13.98561294282382,106.68744184065638,79.72963777102846,114.0467202957359,86.4142135623705,15.151384330314631,-0.9795418196494121,11.287208719192282,0.8991022229194642,0.8719466209411622,0.9989718675613404,0.8110022366046906,0.8392418086528779,0.9798463463783265,,,,,,
10.659999999988495,109.74777565327955,13.964892965649138,106.70113140558637,79.79501349970847,114.03693497821956,86.45074874202197,15.137308601878937,-0.5275159458593617,11.259361171093861,0.8986639678478241,0.8721989870071412,0.9989735245704651,0.8110129833221436,0.8393936812877656,0.9802594423294068,,,,,,
10.679999999988448,109.81282023810707,13.940231805645599,106.71555834503096,79.89760070591176,114.02829197867365,86.48628965095217,15.12284969138638,-1.1117064164771822,11.23279812467388,0.8983641743659974,0.8725145637989045,0.9989752292633056,0.8110315561294557,0.8393610656261444,0.980522358417511,,,,,,
10.699999999988401,109.87710931952999,13.911695501351618,106.7603588714065,79.94483551643032,114.020794629139,86.52081193119744,15.089493795721706,-2.1593182498300165,11.207536226962912,0.8985256612300873,0.872016042470932,0.9989739418029785,0.8110132634639741,0.8396286010742188,0.9803737878799439,,,,,,
10.719999999988355,109.94016254895055,13.881975089929385,106.81996982533182,79.95760761372432,114.01444581998658,86.55429192291133,15.043527494429773,-2.2210927347483684,11.18359143975976,0.8988037288188935,0.8712617993354798,0.9989721536636352,0.8110074102878571,0.8397225737571716,0.9798988938331604,,,,,,
10.739999999988308,110.00166054541494,13.85317469201956,106.85789517104945,80.01567345967763,114.00924799880316,86.58670668057987,15.006413525409116,-1.463378442256356,11.160979029213063,0.8982333421707154,0.8717116594314576,0.9989736557006836,0.8110434770584107,0.8393710255622864,0.9800881147384644,,,,,,
10.759999999988262,110.06146715899868,13.825978852626385,106.87299046668556,80.10422342392991,114.00520316944777,86.61803398874731,14.981800385304066,-1.1323537160366381,11.13971355579979,0.8830755710601806,0.8753160238265991,0.9989881873130798,0.8096640229225159,0.837581479549408,0.9895057439804077,,,,,,
10.779999999988215,110.1195527000674,13.800837824310397,106.88970328388838,80.15064526280409,114.00231289127912,86.64825237724148,14.957203265260253,-1.3486911942290005,11.119808864707483,0.88785799741745,0.8787059128284455,0.9989540457725525,0.811144232749939,0.8320109903812409,0.9814364314079285,,,,,,
10.799999999988168,110.17591984196673,13.778163022536377,106.91171421503165,80.15697586462635,114.00057827855446,86.67734113588833,14.930091600705888,-1.263042362137741,11.101278076626468,0.8895761072635651,0.8771355628967286,0.9989486575126648,0.8112329304218293,0.8312440395355225,0.9790297985076905,,,,,,
10.819999999988122,110.23058060629745,13.758867548457191,106.92296375393454,80.16525250183844,114.0,86.7052803287057,14.909999244628734,-0.6964044173788065,11.084133578958504,0.8883823037147522,0.8778934240341187,0.9989489436149597,0.811211782693863,0.8314664006233216,0.9800704717636108,,,,,,
10.839999999988075,110.28356478824787,13.744667064468475,106.9164303147618,80.17495573258142,114.00057827855315,86.73205080756644,14.902792882646063,-0.048635310041815205,11.06838701744758,0.8862103879451751,0.8801705837249756,0.9989509463310242,0.8112320423126221,0.8303004980087281,0.9811577320098877,,,,,,
10.859999999988029,110.33543172402752,13.735341755686495,106.89970336603169,80.1732933485092,114.00231289127653,86.75763422532154,14.90610174219668,0.33424197620849366,11.054049288238744,0.8841709196567535,0.8807661414146424,0.9989535212516785,0.8110261976718903,0.8296751379966736,0.9827178359031677,,,,,,
10.879999999987982,110.38818379924199,13.731790439137992,106.88131514713699,80.13372020891613,114.00520316944389,86.78201304837441,14.916006315469424,0.6918465652345034,11.041130530370133,0.882491409778595,0.8797983765602112,0.998954975605011,0.8105741024017334,0.8297897398471833,0.9849241971969604,,,,,,
10.899999999987935,110.44308298191775,13.730379522821876,106.85889857605164,80.12677039624234,114.00924799879799,86.80517056869746,14.934500685072479,1.0840456998834571,11.029640118703778,0.8814258456230164,0.8798480033874512,0.9989521026611328,0.8104327321052551,0.8290090799331665,0.9855228662490845,,,,,,
10.919999999987889,110.50057035314279,13.723237193984236,106.85050459569558,80.19113515381078,114.01444581998011,86.82709091528302,14.951624763076522,0.40256674564770367,11.019586657299591,0.8819091439247132,0.8814050376415253,0.998943567276001,0.8108146727085114,0.827136653661728,0.9833780288696289,,,,,,
10.939999999987842,110.56079977993328,13.71093459283908,106.88758780503498,80.20570378525596,114.02079462913125,86.84775906502047,14.946487850935865,-0.8502360952379567,11.010977973237534,0.8818432927131653,0.8802758634090424,0.9989403247833252,0.810630875825882,0.8272501707077027,0.9836700439453125,,,,,,
10.959999999987796,110.62398868384396,13.695682895707387,106.9518430207505,80.19645312434994,114.02829197866463,86.8671608529924,14.92514937890418,-1.0551594671233138,11.003821110892094,0.8842619597911835,0.881077539920807,0.9989260196685791,0.8112985968589783,0.8260844945907593,0.9789886116981507,,,,,,
10.979999999987749,110.69048453529346,13.679801651027892,107.00199458128287,80.2426741549797,114.03693497820926,86.88528298218245,14.91032672312436,-0.39183175175132245,10.998122326663257,0.8839121580123902,0.8805000424385071,0.9989273548126221,0.8111770272254945,0.8267592668533326,0.9800670146942139,,,,,,
10.999999999987702,110.76067114759708,13.665626793264362,107.03264035936496,80.31258362645707,114.04672029572431,86.9021130325885,14.907162809672581,-0.022740855382735143,10.99388708416765,0.8839368224143982,0.8813687860965729,0.9989270687103271,0.8113675892353058,0.8263358235359193,0.9794018626213074,,,,,,
11.019999999987656,110.83482799601326,13.658525337628252,107.05936523832473,80.29005283726332,114.05764415878362,86.91763946973468,14.90791596689094,0.21416280541094812,10.99112004989346,0.883910346031189,0.881192535161972,0.9989289522171021,0.8113247752189636,0.8268657684326173,0.9799387097358704,,,,,,
11.039999999987609,110.91306981763675,13.667433530177872,107.05888741229553,80.16089587201098,108.77649703782369,86.93185165257655,14.926681857100867,1.9525995297986647,7.807588310653853,0.8829902172088623,0.8793890893459321,0.9989401578903199,0.8108092963695527,0.8291577816009522,0.9833672523498536,,,,,,
11.059999999987562,110.99536925079983,13.684490961677783,106.99613993365334,80.16854868216757,112.08518929169452,86.9447398407939,14.988656291644142,3.9415601036308288,9.789001893258128,0.8828183889389039,0.882127332687378,0.9989514589309693,0.811074721813202,0.828384131193161,0.9831069469451904,,,,,,
11.079999999987516,111.08108469602765,13.691703191518414,106.94097389881327,80.31920819900614,112.17033993919144,86.95629520146629,15.059088080899237,2.420560563190987,9.833246847759348,0.8831715822219849,0.8843732714653015,0.99895761013031,0.8113655686378479,0.827299064397812,0.9819668412208558,,,,,,
11.09999999998747,111.16911895774611,13.688990204459655,106.99516455005947,80.28670744776358,112.25541331582323,86.96650981512673,15.073353344416681,-0.807889381923874,9.878251394987792,0.8847271919250489,0.8808067321777344,0.9989572525024414,0.8109679996967316,0.829532527923584,0.9826350688934327,,,,,,
11.119999999987423,111.25831776873324,13.6806062723154,107.1111360332981,80.18001094632301,112.34037082997456,86.97537668118925,15.04773563639189,-1.1409007009836343,9.923996542644936,0.8871038973331452,0.8791780889034272,0.9989437103271485,0.8111634492874146,0.8294987320899964,0.9797290205955506,,,,,,
11.139999999987376,111.34774940859735,13.669012964896357,107.18304014911045,80.25544697968968,112.42517394258847,86.98288972274675,15.041815003863999,0.5393080046336511,9.970462774720918,0.8869581401348114,0.8796027064323426,0.9989461898803711,0.8112167418003082,0.8297431170940399,0.9800826430320739,,,,,,
11.15999999998733,111.43680168817333,13.66043369194379,107.21442299419144,80.36319042749793,112.5097841846488,86.98904379073583,15.059231954698435,0.955130196928275,10.017630059500963,0.8866066694259643,0.8812077403068543,0.9989485502243042,0.8114099264144898,0.827901166677475,0.9791031360626221,,,,,,
11.179999999987283,111.52514593280017,13.666009029446597,107.24168397837772,80.2729958515022,112.5941631746307,86.9938346674657,15.081172571491653,1.4944222131239786,10.065477857934987,0.8861051082611084,0.8795622766017914,0.9989543199539185,0.8109906256198883,0.8304338216781617,0.9819900035858155,,,,,,
11.199999999987236,111.61263452751349,13.681379698721425,107.23238808519692,80.202415146206,112.67827263591165,86.99725906950877,15.127855144814431,3.2235059198889617,10.11398513236712,0.8863706588745117,0.8779730916023255,0.9989594459533692,0.810747390985489,0.8324709177017212,0.9834339857101441,,,,,,
11.21999999998719,111.69888369991226,13.699063457746686,107.18803685400401,80.24631644454998,112.76207441413477,86.99931464995093,15.203323405994853,3.9396084688365205,10.163130355621561,0.8848991811275483,0.8768582582473755,0.9989774584770202,0.8101903021335602,0.8352663338184357,0.9870705723762512,,,,,,
11.239999999987143,111.78308708871417,13.707053685917652,107.18156243048789,80.32681458864214,112.84553049451655,87.0,15.2666135789187,2.025682397603625,10.212891520440927,0.8853811085224151,0.877599847316742,0.9989771008491516,0.8102682530879974,0.8340831816196442,0.986474871635437,,,,,,
11.259999999987096,111.86433558243807,13.705433547141386,107.26115138807236,80.28729043031643,112.9286030190916,86.99931464995132,15.282449851192016,-0.182714622168933,10.26324614927309,0.886963838338852,0.875402843952179,0.9989731550216675,0.8101292312145234,0.8352567434310914,0.9860610365867615,,,,,,
11.27999999998705,111.94195332223038,13.696667540857547,107.3723529640601,80.26143137263759,113.01125430388585,86.99725906950954,15.274687525018402,-0.24327192733349273,10.314171304402183,0.8886734187602997,0.8744179606437683,0.9989646553993226,0.8102734684944153,0.835301172733307,0.9844784259796142,,,,,,
11.299999999987003,112.01560376760769,13.683733160747623,107.4536269235165,80.35980930203215,113.09344685601125,86.99383466746686,15.278738763609502,0.5827431334803539,10.365643598419219,0.888831353187561,0.8756360888481141,0.9989630460739136,0.8104912400245667,0.8342248201370239,0.9836207151412963,,,,,,
11.319999999986956,112.085230943607,13.669473173426923,107.5164004367171,80.47671118407115,113.17514339067338,86.98904379073737,15.290949982373341,0.46530653804440375,10.41763920502748,0.8889193892478943,0.8764506459236145,0.9989633560180664,0.8106111884117126,0.8336400866508484,0.9832434058189392,,,,,,
11.33999999998691,112.15114081408989,13.663673186098322,107.58504038003886,80.41022847719927,113.25630684808496,86.98288972274865,15.297215193024085,0.4701273024945306,10.4701338701778,0.8899578988552094,0.8747202277183533,0.9989630222320557,0.8105020999908448,0.8354264318943024,0.9834713816642762,,,,,,
11.359999999986863,112.2139120124466,13.68424972057826,107.5989704665369,80.1643926815349,113.3369004102772,86.97537668119153,15.333263230516595,3.71485820703817,10.52310292352821,0.8880127549171448,0.8712497591972351,0.9989825963974,0.8096006631851197,0.8409653186798096,0.988348925113678,,,,,,
11.379999999986817,112.27423566196713,13.721390746638646,107.48739910353392,80.14189805520365,113.41688751780133,86.9665098151294,15.450541867818236,7.533603864882234,10.57652129022268,0.8851865530014038,0.8739180088043214,0.9989985704421998,0.8094585180282593,0.8399373173713685,0.990173053741455,,,,,,
11.39999999998677,112.33238543087585,13.75657551805677,107.35503365532288,80.25117842220563,113.4962318863131,86.95629520146933,15.599686316078696,6.449941022886254,10.630363502983073,0.8863765358924866,0.8738509595394135,0.9990159034729004,0.8095695614814759,0.8440220296382904,0.9903077840805053,,,,,,
11.419999999986723,112.38816153889442,13.78170216717129,107.35011349667751,80.1459417162652,113.57489752303225,86.94473984079733,15.688016361990062,2.4385362539385973,10.68460371450836,0.8861009955406189,0.8744149744510651,0.9990013360977172,0.80935577750206,0.8379441022872925,0.9898489475250244,,,,,,
11.439999999986677,112.44114413730351,13.797504864775268,107.44402994862462,79.93556370453166,113.6528487430699,86.93185165258035,15.717121104595035,1.1540988676985349,10.739215710174964,0.8887720704078674,0.87089022397995,0.9989907145500183,0.8092230618000031,0.8395912170410157,0.9888509511947632,,,,,,
11.45999999998663,112.49097811770223,13.806575192984232,107.51666082911491,79.92483654750066,113.73005018561614,86.91763946973884,15.752964056169885,2.539551274142036,10.794172921031631,0.8887077808380127,0.871568512916565,0.9989906668663024,0.8092508614063263,0.8384006917476654,0.988601565361023,,,,,,
11.479999999986584,112.53785184059038,13.812058023470902,107.55064779569659,80.04918846710626,113.80646682998066,86.90211303259302,15.810356829383327,2.834308398903735,10.849448437082362,0.8879759132862092,0.8742038726806641,0.9989913463592529,0.8094228208065033,0.8351926028728486,0.987989854812622,,,,,,
11.499999999986537,112.58243733967632,13.817011972010404,107.60406428450501,80.0701835655289,113.88206401147916,86.88528298218733,15.856200011374549,1.7204083331221434,10.905015020850488,0.8895001769065857,0.8733141899108887,0.9989853024482727,0.8094760596752167,0.8350008666515351,0.9869104743003845,,,,,,
11.51999999998649,112.62534933351645,13.829274080627838,107.67530622555883,79.91459982427234,113.95680743715812,86.86716085299764,15.887983359724977,1.9297858251240836,10.960845121216707,0.8916801691055298,0.8692650675773621,0.9989838004112244,0.8091976702213288,0.8390936315059663,0.9873604416847229,,,,,,
11.539999999986444,112.66727903757102,13.862097942082185,107.6818698558008,79.70235359283929,114.03066320135109,86.84775906502608,15.955904576093163,5.249542232796288,11.016910887523903,0.8916532218456269,0.869439709186554,0.9989876389503479,0.8092235326766968,0.8400384604930878,0.9878116607666015,,,,,,
11.559999999986397,112.70877105574183,13.906390085468423,107.58421454026539,79.70704934596615,114.10359780105915,86.82709091528898,16.09432600281958,8.025680120260791,11.073184183941173,0.8895957052707673,0.8734923243522644,0.9989968538284302,0.8093913674354554,0.8367239296436311,0.9882225751876831,,,,,,
11.57999999998635,112.75014906643617,13.949990280548876,107.48973738311334,79.73581453561327,114.17557815114888,86.80517056870377,16.247114568117375,6.60772897421956,11.129636604079451,0.8894386410713196,0.8756047129631043,0.9989996910095215,0.8094944715499879,0.8342381238937379,0.9877926349639893,,,,,,
11.599999999986304,112.79143902267796,13.986257339173878,107.49660799745796,79.58731036973343,114.24657159936065,86.78201304838106,16.348277235757443,3.6570989755540984,11.186239485850756,0.8920292377471924,0.8730152606964112,0.998991322517395,0.8094109296798706,0.8349143028259278,0.986538028717041,,,,,,
11.619999999986257,112.83220052866541,14.01299931370713,107.56876372003353,79.42845590106775,114.31654594112052,86.75763422532853,16.408211674717744,2.7481928175171624,11.242963926562897,0.8942645490169525,0.8704337477684021,0.9989834308624268,0.8093193531036378,0.8359581291675569,0.9854644536972046,,,,,,
11.63999999998621,112.8717117048507,14.031968731892478,107.63328384930078,79.42512453820284,114.38546943414923,86.73205080757376,16.467791776399636,3.2216109030553737,11.299780798241592,0.8943029761314393,0.8712061166763306,0.9989830255508423,0.8093528211116792,0.8345557451248169,0.9849827885627747,,,,,,
11.659999999986164,112.90948023414698,14.045268552603803,107.68643333278287,79.49989467627762,114.45331081286125,86.70528032871334,16.53098924642921,2.8880579044895236,11.356660763171263,0.8942582011222839,0.8722468793392182,0.998982059955597,0.8093930363655091,0.8326598763465882,0.9842985391616821,,,,,,
11.679999999986117,112.94549995715342,14.056662395519908,107.75780548073286,79.48742507490161,114.52003930254779,86.6773411358963,16.57899867998976,1.9915525663228173,11.413574289646046,0.8960249960422516,0.8704473495483399,0.9989770293235779,0.8093372404575349,0.8334258079528809,0.9834147334098816,,,,,,
11.69999999998607,112.97991618299164,14.07143535319395,107.82940756407254,79.40083222950712,114.58562463333703,86.64825237724978,16.62057131989866,2.4450593294062086,11.47049166792215,0.898006021976471,0.8679823637008668,0.9989737033843994,0.8092652082443238,0.8357764005661011,0.9830801129341126,,,,,,
11.719999999986024,113.01261869309532,14.085460359146246,107.86365052500892,79.43688698431704,114.65003705392536,86.61803398875593,16.680597592468718,3.4055436462683124,11.527383026362504,0.8985559105873108,0.8677879214286804,0.9989760875701904,0.8092832565307617,0.8366216003894806,0.9832835674285889,,,,,,
11.739999999985978,113.0431963975938,14.093915250864397,107.88961284971138,79.53671721525036,114.71324734507336,86.58670668058879,16.74424709916046,2.626138180113367,11.584218347764615,0.8989439010620117,0.868287980556488,0.9989788055419921,0.8093299686908723,0.836440771818161,0.9832339525222779,,,,,,
11.759999999985931,113.07124789136307,14.096451403776655,107.9555695660789,79.5409392696164,114.77522683286048,86.55429192292054,16.77921380860907,0.9306841000570686,11.640967485862383,0.9004572153091431,0.8669425010681153,0.9989760041236877,0.8092969357967377,0.8373467206954956,0.9826151609420777,,,,,,
11.779999999985884,113.09646369826253,14.093732295449614,108.04616575580397,79.51307408864187,114.83594740169235,86.52081193120696,16.7898992565567,0.3874223572602548,11.697600181992236,0.9020413517951965,0.865073025226593,0.9989726305007934,0.8092385649681092,0.8390495657920838,0.9821687340736389,,,,,,
11.799999999985838,113.11842536209217,14.086001080392652,108.12071163118773,79.57271591941374,114.89538150705467,86.48628965096198,16.800390558221775,0.6610004776502314,11.754086081914139,0.9023385167121888,0.8649417161941528,0.9989740729331971,0.8092477440834046,0.8396400630474091,0.9823312401771546,,,,,,
11.819999999985791,113.13662540249761,14.074847119494496,108.17905013550802,79.6667994776574,114.95350218800829,86.45074874203205,16.812516175546996,0.42969841222767563,11.810394752777675,0.9021921753883362,0.865476679801941,0.9989763021469116,0.809279239177704,0.8394194960594178,0.9824966430664063,,,,,,
11.839999999985745,113.1507066251912,14.061632460755327,108.23978281878095,79.71501852518386,115.01028307941932,86.41421356238087,16.81502087258517,-0.1609008661442789,11.86649570022319,0.9028810739517212,0.8648028492927552,0.998975956439972,0.8092654645442963,0.8402945339679718,0.9824231863021851,,,,,,
11.859999999985698,113.16047321068459,14.047797707400068,108.29904315281418,79.72690991942972,115.06569842391919,86.37670915139556,16.809426514433532,-0.2788907680964533,11.922358385608305,0.9039722323417664,0.8635365843772889,0.9989758014678956,0.8092360734939575,0.8422533214092255,0.9825108051300049,,,,,,
11.879999999985651,113.16574791338552,14.035123783256607,108.33820036566416,79.74857142371431,115.1197230835888,86.33826121272605,16.807914173725106,0.16920568212561693,11.977952243349211,0.9042858600616456,0.8633038878440857,0.9989784121513366,0.8092466175556183,0.8434828758239746,0.9829345941543579,,,,,,
11.899999999985605,113.16637693596994,14.023170416177276,108.35439583137148,79.79641138170453,115.17233255136178,86.298896096669,16.814591873906192,0.4039264000230568,12.033246698366845,0.9040839910507202,0.8639047384262085,0.9989819526672363,0.8092864811420442,0.8435822784900666,0.9833179116249084,,,,,,
11.919999999985558,113.1623716473654,14.012323243017386,108.36420741862774,79.81312404154176,115.22350296214162,86.25864078210859,16.82079329055876,0.18420275047572054,12.088211183627504,0.9042408347129822,0.8640854716300965,0.9989840269088746,0.809309446811676,0.843869149684906,0.9834773421287537,,,,,,
11.939999999985512,113.15393116557351,14.002990957509159,108.37329395698836,79.79283417051091,115.27321110362755,86.21752285802664,16.823113064313457,0.11271831806682578,12.14281515776727,0.9046940922737122,0.8637558817863464,0.9989849090576172,0.8093110501766205,0.8446641385555268,0.9835621595382691,,,,,,
11.959999999985465,113.14129141994219,13.99465648671706,108.37314236709639,79.78357132546927,115.32143442684412,86.17557050459442,16.827287353720077,0.31612209231513366,12.197028122789824,0.9048616528511048,0.8638047754764557,0.9989867329597473,0.8093270123004914,0.8451382458209992,0.9837493896484375,,,,,,
11.979999999985418,113.12464887715736,13.987003515777381,108.36371694406803,79.78826029667513,115.36815105637025,86.13281247385942,16.834623828508672,0.3666947506908494,12.250819641826972,0.9048136234283447,0.8642511487007142,0.9989890456199646,0.8093581259250642,0.8450649321079254,0.9839134335517883,,,,,,
11.999999999985372,113.10426264814818,13.980035071579094,108.35395323196809,79.77870268980556,115.41333980026235,86.08927807004008,16.840360565229304,0.19402228048470704,12.304159356951082,0.9050455927848816,0.8643538951873779,0.9989901185035706,0.8093747854232789,0.8451360821723939,0.9839030742645264,,,,,,
12.019999999985325,113.08051118809259,13.97386226282197,108.34617989020101,79.75356130962741,115.45698015966765,86.0449971294422,16.843062515845688,0.11226030536526986,12.357017007028652,0.9055599570274353,0.8640457034111023,0.9989905476570129,0.8093768417835236,0.8457053601741791,0.9838581442832947,,,,,,
12.039999999985278,113.05381880615768,13.968582287136057,108.33525680997259,79.73301419956546,115.49905233812304,86.00000000001057,16.846147114950927,0.2126620381436348,12.409362445604067,0.9059737324714661,0.8638603031635285,0.9989915609359741,0.8093848288059236,0.8462841272354127,0.9839021444320679,,,,,,
12.059999999985232,113.02459372523998,13.964252831552873,108.31951639230634,79.72070904136112,115.53953725053522,85.95431752053005,16.851393378893295,0.292495377169068,12.461165658802642,0.9062346696853638,0.8639049410820008,0.9989929914474487,0.8094013869762421,0.8465948939323426,0.9839685440063477,,,,,,
12.079999999985185,112.99324990500287,13.960917012473297,108.30274254645197,79.70363570541144,115.57841653183833,85.90798099949018,16.85705793037088,0.2628949231873805,12.512396783241904,0.9065920352935791,0.8638378620147705,0.9989940285682678,0.8094135105609894,0.8469618618488313,0.9839794874191284,,,,,,
12.099999999985139,112.96021538864208,13.958594104256997,108.28702295564902,79.67819441503748,115.61567254532476,85.86102219362793,16.862010573305316,0.24551289512750615,12.563026123939963,0.9070794105529786,0.8635754466056824,0.9989947319030762,0.8094183862209321,0.8475690186023712,0.9839724898338318,,,,,,
12.119999999985092,112.92587656912835,13.95724082063845,108.27062317916918,79.65335422200275,115.65128839064565,85.8134732861632,16.867444889655104,0.3066990706159538,12.613024172210071,0.9075063943862915,0.8633685946464539,0.9989956617355347,0.8094252943992615,0.8481726408004762,0.9840058803558349,,,,,,
12.139999999985045,112.89053423715178,13.95675718577283,108.2526018393512,79.63312857224948,115.6852479114774,85.76536686474202,16.874240460483367,0.36357739756439683,12.662361623529996,0.9078181982040405,0.8633146762847901,0.9989968180656433,0.8094373524188996,0.8485831379890443,0.9840542554855347,,,,,,
12.159999999984999,112.85442063631142,13.95702397025235,108.23471008469207,79.61247464649017,115.71753570285063,85.71673589910267,16.881530634155034,0.3564447741653879,12.711009395375125,0.9081480503082275,0.863240659236908,0.9989977598190307,0.8094479382038117,0.8489535212516786,0.9840687274932861,,,,,,
12.179999999984952,112.81772470645812,13.957918996874364,108.21838792512095,79.58877058686672,115.74813711813817,85.66761371847986,16.888385779035517,0.33204894670248114,12.758938645004086,0.9085493564605713,0.8630553007125855,0.9989984393119812,0.8094538927078248,0.8494379103183747,0.984061598777771,,,,,,
12.199999999984906,112.78058437189561,13.959310972362521,108.20309239642296,79.56581173573191,115.77703827569937,85.61803398876243,16.89501443864372,0.33480053327652004,12.806120787185787,0.908940064907074,0.8628621459007264,0.9989991307258606,0.8094592452049256,0.8499535381793977,0.9840673446655274,,,,,,
12.219999999984859,112.74307804016473,13.961063275983316,108.18813552729158,79.54636149734117,115.80422606517699,85.5680306894206,16.901778219999542,0.3375699163144385,12.852527511856344,0.9092812061309815,0.862727165222168,0.9989999055862426,0.8094663977622987,0.8503979325294495,0.9840819358825683,,,,,,
12.239999999984812,112.70524380629726,13.963050863180337,108.17402007891822,79.52857142629985,115.82968815344458,85.51763809021801,16.908286423506773,0.3078657643920782,12.898130801695057,0.9096259236335754,0.8625840544700623,0.9990005970001221,0.8094728231430054,0.8508277237415314,0.9840843200683593,,,,,,
12.259999999984766,112.66710337442171,13.965167348401192,108.16134280246328,79.51066651101188,115.85341299020102,85.46689072772499,16.913982898866557,0.2619398163170817,12.942902949607937,0.9100040197372437,0.8623818933963776,0.999001145362854,0.8094766557216645,0.8513257622718812,0.9840786695480347,,,,,,
12.27999999998472,112.62866543077868,13.967318269063178,108.1497836844906,79.4939130122473,115.87538981321012,85.41582338164889,16.918834938614214,0.22521442096083719,12.986816576107682,0.9103788852691651,0.8621631681919099,0.9990016937255859,0.8094795644283295,0.8518650531768799,0.98408362865448,,,,,,
12.299999999984673,112.58992144277016,13.969417807167696,108.13876881450528,79.47974987337199,115.89560865318259,85.36447105099785,16.923009433936734,0.19083965231307679,13.029844646578916,0.9107214331626893,0.8619715332984925,0.9990022897720336,0.809483152627945,0.8523853182792664,0.9841015696525574,,,,,,
12.319999999984626,112.55085224284545,13.971393991838433,108.12825695446465,79.46746396779703,115.91406033829848,85.3128689300942,16.92636688511976,0.14216356775877978,13.071960488417567,0.911048698425293,0.8617873787879944,0.9990028858184814,0.8094866156578064,0.8528966069221497,0.9841227054595947,,,,,,
12.33999999998458,112.51143845574353,13.973191727997875,108.11839394364563,79.45591435683082,115.9307364983677,85.26105238445402,16.928627246309745,0.08351725671874333,13.113137808033198,0.9113782048225403,0.8615832686424256,0.9990034341812134,0.8094889342784882,0.8534386515617371,0.984146237373352,,,,,,
12.359999999984533,112.47166457030511,13.97475073650841,108.10895444624228,79.44532423264347,115.94562956862694,85.20905692654938,16.929734266804232,0.02826984825715923,13.153350707703268,0.9116965413093567,0.8613734960556031,0.9990039825439453,0.8094906628131867,0.8540056824684144,0.9841802239418029,,,,,,
12.379999999984486,112.43151757773242,13.976051070763464,108.0995292917444,79.43631004135145,115.9587327931714,85.15691819146993,16.929783359282304,-0.023473871480856452,13.192573702268295,0.9119873523712159,0.8611816048622132,0.999004578590393,0.80949267745018,0.854565441608429,0.9842267513275147,,,,,,
12.39999999998444,112.39097922147536,13.977079841361038,108.08993673989609,79.4285608011704,115.97004022801923,85.10467191250027,16.928766530026948,-0.07915030938248085,13.230781735656944,0.9122557401657104,0.8610032498836517,0.9990051746368408,0.8094947934150696,0.8551153659820557,0.9842811822891235,,,,,,
12.419999999984393,112.35004040326751,13.97782434756461,108.08014731720084,79.4213641202905,115.9795467438081,85.05235389663027,16.926595247991852,-0.13789594481078699,13.267950197230142,0.912511682510376,0.8608243703842163,0.9990057826042176,0.8094964802265168,0.8556734800338746,0.9843415021896362,,,,,,
12.439999999984346,112.30870567566542,13.978300302326046,108.07000119064787,79.41457361001491,115.9872480281219,85.00000000001465,16.923278092804136,-0.19276694159543684,13.30405493793344,0.9127513885498048,0.8606483459472657,0.9990063905715942,0.8094978630542755,0.8562402069568634,0.9844106078147888,,,,,,
12.4599999999843,112.26698276259566,13.978536978415312,108.0592347669163,79.40836263532013,115.99314058744696,84.94764610339901,16.918924285325534,-0.24187593673399146,13.339072286246768,0.9129663109779358,0.8604872047901154,0.9990070223808288,0.8094994008541108,0.8567987799644471,0.984489631652832,,,,,,
12.479999999984253,112.22488802612325,13.978570665965915,108.04768305915186,79.4025432446838,115.99722174875687,84.89532808752898,16.913620953014153,-0.2881638330672516,13.37297906392103,0.9131573081016541,0.860341501235962,0.9990076780319214,0.8095010995864869,0.8573426485061646,0.9845759034156799,,,,,,
12.499999999984206,112.18244924570027,13.97844670692463,108.03528970044482,79.39666753909826,115.99948966072503,84.84308180855928,16.907414337772213,-0.3318164255858576,13.405752601491006,0.9133296132087708,0.860204690694809,0.9990083336830139,0.8095026969909669,0.8578785777091981,0.9846676349639892,,,,,,
12.51999999998416,112.13970572278826,13.978217789043029,108.02197491460335,79.39051209357501,115.99994329456439,84.79094307347974,16.900387797709964,-0.3696260504192526,13.437370753553868,0.9134825706481934,0.8600767970085145,0.9990089893341064,0.8095041871070863,0.8584060788154603,0.9847649097442627,,,,,,
12.539999999984113,112.09670668842368,13.977941408419372,108.00761844878144,79.38407030542436,115.9985824444942,84.73894761557501,16.89267871291344,-0.400136284630685,13.46781191380327,0.9136125087738037,0.8599633097648621,0.999009656906128,0.8095057725906373,0.85891632437706,0.9848677635192871,,,,,,
12.559999999984067,112.0535099857524,13.977678087225518,107.99215132604432,79.37722768510395,115.99540772783338,84.68713106993472,16.884421976544367,-0.4246634813900425,13.497055029808568,0.9137198805809021,0.8598651766777039,0.9990103244781494,0.8095074713230134,0.8594032764434815,0.9849743127822876,,,,,,
12.57999999998402,112.01018157049683,13.977489943944267,107.97557974367872,79.3697380694614,115.99042058472038,84.63552894903094,16.875726968339016,-0.44389497815876156,13.525079617529059,0.9138071656227112,0.8597793757915497,0.9990109801292419,0.8095091581344604,0.8598677396774292,0.9850828289985657,,,,,,
12.599999999983973,111.9667946441793,13.977438753063542,107.95792575545745,79.36144856589765,115.98362327746004,84.58417661837976,16.866708418913408,-0.45681270693649056,13.551865775553402,0.9138753652572632,0.8597045421600342,0.9990116238594056,0.809510749578476,0.8603095173835755,0.9851923942565918,,,,,,
12.619999999983927,111.92342801375042,13.977583838478393,107.93920396124551,79.35234461362934,115.97501888949722,84.53310927230349,16.85750047416667,-0.46288722478402883,13.577394199054165,0.9139236688613892,0.8596423864364624,0.9990122556686402,0.8095123171806335,0.8607239365577698,0.9853024363517762,,,,,,
12.63999999998388,111.88016452219776,13.977980431547092,107.9194579287457,79.34240487881456,115.96461132401814,84.48236190981028,16.848232367237582,-0.4630408127412127,13.601646193447966,0.9139520049095154,0.8595934391021729,0.9990128517150879,0.8095138609409332,0.8611067414283753,0.9854117393493652,,,,,,
12.659999999983834,111.83708994512078,13.978678466074504,107.89877766233184,79.33155585393675,115.95240530217973,84.43196931060749,16.839011652054193,-0.45823475441732137,13.624603687751545,0.913962733745575,0.8595555245876313,0.9990134239196777,0.8095152735710145,0.8614580392837525,0.9855189085006714,,,,,,
12.679999999983787,111.79429188773145,13.97972137888824,107.87727321677883,79.31976659696966,115.93840636096806,84.38196601126542,16.82993497880092,-0.4486297364189581,13.646249247624468,0.9139567971229553,0.8595270335674287,0.9990139722824096,0.8095164835453034,0.861777698993683,0.9856229662895203,,,,,,
12.69999999998374,111.75185847045957,13.98114498043704,107.85505566858777,79.3070892755464,115.92262085068656,84.33238628154776,16.821097279197325,-0.4344294856351532,13.666566088089024,0.9139345169067383,0.8595079958438874,0.9990144610404968,0.8095174849033356,0.8620644330978394,0.9857236385345459,,,,,,
12.719999999983694,111.70987706692796,13.982976671895349,107.83224826697513,79.29359744872266,115.90505593207531,84.28326410092467,16.812582551927814,-0.4165187107736702,13.685538085918534,0.9138964056968689,0.8594980359077454,0.9990149140357971,0.8095182418823242,0.8623161137104035,0.9858200430870057,,,,,,
12.739999999983647,111.66844581631285,13.98519504339277,107.80899550050214,79.27934830557905,115.88571957306284,84.23463313528504,16.8044542820122,-0.3959260455952616,13.703149791684968,0.9138436079025268,0.8594956994056702,0.9990153074264526,0.8095186948776245,0.8625331401824952,0.98591148853302,,,,,,
12.7599999999836,111.6276541838435,13.987814310381133,107.78545095341023,79.2644167462178,115.86462054515158,84.18652671386356,16.79675908295841,-0.3732919073641596,13.719386441457193,0.9137772560119629,0.8594995439052582,0.9990156650543213,0.8095187842845917,0.8627169132232666,0.9859977245330811,,,,,,
12.779999999983554,111.58757689652138,13.990850201374977,107.76176406434428,79.24892065015892,115.84176841943885,84.1389778063985,16.7895327782006,-0.34914192196640875,13.734233968141389,0.9267867088317872,0.8534284174442291,0.9990284442901611,0.8097471058368684,0.8780434250831605,0.9832225680351258,,,,,,
12.799999999983507,111.54828593235534,13.99429996884339,107.73808129250403,79.23299531766911,115.81717356227523,84.09201900053591,16.782798349802594,-0.32425182276117204,13.747679012455336,0.9754027843475341,0.8412311673164368,0.9990718364715576,0.8098020851612091,0.8236716032028198,0.9926172494888306,,,,,,
12.81999999998346,111.50984990988634,13.99815063900523,107.71454980634216,79.21676728801938,115.79084713056201,84.0456824794957,16.776561925304534,-0.29946787288127347,13.759708933528263,0.9743675231933594,0.8423620522022248,0.9990760326385498,0.8098489880561829,0.8239282608032227,0.9930628776550293,,,,,,
12.839999999983414,111.47233304569001,14.002380919583958,107.69131178025458,79.20036362591907,115.7628010666902,84.0000000000148,16.770814753380296,-0.27540929313674944,13.770311819118604,0.9736297369003296,0.8430623114109039,0.9990787982940674,0.8098770976066589,0.8241649925708772,0.993356454372406,,,,,,
12.859999999983367,111.43579450516447,14.006962460512044,107.66849640293843,79.18392449958957,115.73304809312303,83.95500287058277,16.76553766217689,-0.25253572392816637,13.779476495441667,0.9733325004577636,0.8428264617919923,0.9990791320800781,0.8098645687103272,0.8245760619640351,0.9934717893600464,,,,,,
12.87999999998332,111.3999531212778,14.009670226989543,107.64706054854922,79.19941459704809,115.70160170662483,83.91072192998448,16.760168413521562,-0.3536890765121146,13.787192536600063,0.9734299898147583,0.8423627555370331,0.9990782141685486,0.8098436057567597,0.8247778296470643,0.9934369087219238,,,,,,
12.899999999983274,111.36266979654164,14.005500834717948,107.64034288440553,79.260923151726,115.66847617213836,83.86718752616471,16.745862420742107,-1.2089854801104338,13.79345027360921,0.9738366365432739,0.8412990570068359,0.9990756869316101,0.8097960770130158,0.8250841557979585,0.9932839393615722,,,,,,
12.919999999983228,111.31963097221708,13.997526003106362,107.66219299253385,79.26154460816481,115.63368651631399,83.82442949542927,16.71140830685881,-2.1056543240923955,13.798240803011314,0.9743800163269043,0.8398432433605194,0.9990721702575683,0.80972980260849,0.825534850358963,0.9930710554122925,,,,,,
12.939999999983181,111.26732200548985,13.989524296983362,107.68752355337202,79.23954086287155,115.59724852069313,83.7824771419966,16.669932759090074,-1.8330295042822387,13.801555995070679,0.9745433449745178,0.8391817510128021,0.9990707397460937,0.8096987366676331,0.825829041004181,0.9930062890052795,,,,,,
12.959999999983134,111.20362779987386,13.984317274120992,107.6836204696157,79.25777153249363,115.55917871454928,83.74135921791417,16.64287347818736,-0.8636136744472546,13.803388501543928,0.9742061853408813,0.8394039154052735,0.9990718841552735,0.8097075700759888,0.8260028839111329,0.9931451320648194,,,,,,
12.979999999983088,111.12759910446071,13.983839218979794,107.65175754811209,79.27687975967632,115.51949436738994,83.70110390335327,16.63267440241673,-0.25228783185358855,13.803731763018863,0.9733478307724,0.840866780281067,0.9990761518478394,0.8097728431224823,0.8258246719837189,0.9934756517410278,,,,,,
12.999999999983041,111.03920184159672,13.989241297581902,107.60931715561155,79.23778910766902,115.47821348112265,83.6617387872957,16.63048594224716,0.03588940769974249,13.802580015815732,0.9730847835540771,0.8416107535362244,0.9990778803825379,0.8098064959049225,0.8255762040615082,0.9935706377029419,,,,,,
13.019999999982995,110.93910397885189,14.005410543741784,107.55582490412611,79.09159792559268,115.43535478188886,83.62329084862569,16.637190443214084,0.8411172045377252,13.799928298445227,0.9729663372039795,0.8422500133514405,0.9990791082382202,0.8098357439041138,0.825270140171051,0.9936112403869629,,,,,,
13.039999999982948,110.82860807806821,14.041578535858266,107.45700461734239,78.85910467328581,115.39093771156922,83.58578643763985,16.67637607590691,3.3224110419540356,13.795772457617591,0.9723025321960449,0.8438937425613404,0.9990830421447754,0.8099062025547028,0.8248273372650147,0.9938428640365601,,,,,,
13.059999999982901,110.70951114551369,14.089631125357252,107.29173117076846,78.76209646517755,122.32065535069995,83.5492512579881,16.768361414770055,5.510581036340828,17.983833301050677,0.9713585138320923,0.846776157617569,0.9990898132324219,0.8100087881088257,0.8238826990127563,0.994172728061676,,,,,,
13.079999999982855,110.58369722326476,14.139563614606885,107.12879431586143,78.6969757436276,122.97629208822556,83.51371034905762,16.875904235573874,4.769800800420084,18.39936430635303,0.9711065053939819,0.8482415914535523,0.9990929365158081,0.8100616276264191,0.8230581283569336,0.9942964315414429,,,,,,
13.099999999982808,110.4531572225542,14.18881436802687,107.03655920153747,78.47985967471864,122.95259750371342,83.47918806881206,16.951727884905882,2.943509054021612,18.405873838766702,0.973927116394043,0.8448435187339783,0.9990860104560852,0.8099679231643677,0.8222719728946686,0.9937309741973877,,,,,,
13.119999999982761,110.319346946425,14.236601330273109,106.98669902621397,78.24301135806556,122.92892956623405,83.44570807709789,17.005804875823884,2.7846318574167306,18.41177277485234,0.9783731698989868,0.8388225257396699,0.9990766286849976,0.8097235918045045,0.8209022939205171,0.9928484916687011,,,,,,
13.139999999982715,110.18376844549267,14.282113294014508,106.92691856471838,78.14150643488962,122.90530158057844,83.41329331942904,17.069288206664506,3.51250338750692,18.41705531867699,0.9796908617019653,0.8376650631427766,0.9990753293037414,0.8096852600574493,0.8196345806121826,0.9926553845405579,,,,,,
13.159999999982668,110.04795797175193,14.324889435241033,106.86463549463369,78.10561800570677,122.88172682907891,83.3819660112613,17.138827426142935,3.2166158590465463,18.4217160997114,0.979517138004303,0.8393967807292939,0.9990769863128662,0.80977863073349,0.8182930707931519,0.9926851034164429,,,,,,
13.179999999982622,109.91333638080852,14.364623156002732,106.8310845497877,78.0196536394932,122.85821856414249,83.35174762276682,17.192648098507945,2.164600974045626,18.425750177494553,0.9797179937362671,0.8396927177906037,0.9990745067596436,0.8097952723503113,0.8179302036762238,0.9923659086227417,,,,,,
13.199999999982575,109.78118721301539,14.399421803158019,106.82208764684326,77.9343982377906,122.8347900008012,83.32265886411966,17.22912786804359,1.5794707277145814,18.42915304600125,0.9794189095497131,0.8400665402412415,0.9990719199180603,0.8098052799701692,0.8183830738067628,0.9920862197875977,,,,,,
13.219999999982528,109.65250305216304,14.42460134521014,106.82197956250158,77.95286091153865,122.81145430928328,83.29471967130195,17.25555352981732,0.9530690263989338,18.43192063770914,0.9802091360092163,0.8388165593147279,0.9990690350532532,0.8097505748271943,0.8182803750038148,0.9917699098587036,,,,,,
13.239999999982482,109.52789576230873,14.440176305658033,106.84199185662126,77.98998726714754,122.78822460760962,83.26794919244088,17.262219399807382,-0.34719329126802806,18.434049327361908,0.9812432289123535,0.8373936116695404,0.9990657448768616,0.809690409898758,0.8178837537765503,0.9913717150688172,,,,,,
13.259999999982435,109.40783215788628,14.450293929220969,106.88313496584765,77.9679604805379,122.76511395421956,83.24236577468544,17.24446459585847,-1.2411751275651,18.435535935425538,0.9813576698303222,0.8368954420089723,0.9990631580352783,0.8096615195274354,0.8183277130126954,0.9910945534706116,,,,,,
13.279999999982389,109.29278998280516,14.458498229543054,106.91250736083636,77.95262357202962,122.74213534063011,83.21798695163224,17.221086082830215,-0.9382500709090089,18.436377731234604,0.9810868501663208,0.8368812918663026,0.9990620136260986,0.8096530318260193,0.8189659714698792,0.990999960899353,,,,,,
13.299999999982342,109.18325369953523,14.46551076684599,106.90739183342964,77.99998452940999,122.71930168413293,83.19482943130885,17.20817191198761,-0.4465268513352131,18.436572435826072,0.9794609069824218,0.8392275273799896,0.9990658164024353,0.809752380847931,0.819597065448761,0.9914616942405701,,,,,,
13.319999999982295,109.07962911277109,14.471064411810994,106.88431433855123,78.04711410192897,122.69662582053292,83.17290908472295,17.197346403189748,-0.7726391985057475,18.436118224457974,0.9785053133964539,0.8405828297138215,0.9990681886672974,0.8098085701465607,0.8199261844158173,0.9917381048202515,,,,,,
13.339999999982249,108.9821691436268,14.474805169733598,106.86440538341509,78.04163569125258,122.67412049693256,83.15224093498513,17.174875915523394,-1.450272566601769,18.43501372881068,0.9785184502601624,0.8401587307453156,0.9990673065185547,0.8097850561141968,0.8203641176223755,0.9916776537895202,,,,,,
13.359999999982202,108.89095912796306,14.47629943198486,106.8437367808154,78.02280502093097,122.65179836456637,83.13283914701286,17.1421567791099,-1.7443619966109178,18.43325803886895,0.9788980484008789,0.8391388356685638,0.9990658521652221,0.8097359895706178,0.8207295417785645,0.9915597796440124,,,,,,
13.379999999982156,108.80594233894077,14.475609731771474,106.81110328342507,78.029386558033,122.62967197168896,83.11471701782244,17.106692540597653,-1.8067637063450646,18.430850704482655,0.9793336987495422,0.8383659958839417,0.999065613746643,0.8097026109695435,0.8206390976905823,0.9915514469146729,,,,,,
13.399999999982109,108.72696620699331,14.47345697119354,106.768298628455,78.04103409472634,122.60775375652113,83.09788696741603,17.06869686092527,-2.0258239576861024,18.42779173660472,0.9796571135520935,0.837922614812851,0.9990658283233642,0.8096853375434876,0.8204071998596192,0.9915771245956421,,,,,,
13.419999999982062,108.65382300759354,14.470455282668505,106.72174640755847,78.03520146536047,122.58605604025783,83.08236053026947,17.025158961675544,-2.314528145353887,18.424081608204983,0.9796959400177002,0.8377120018005372,0.9990657567977905,0.8096744120121002,0.8205381512641907,0.9915847182273865,,,,,,
13.439999999982016,108.5862435380842,14.467091039974788,106.67094666613717,78.01973170206348,122.56459102014188,83.06814834742724,16.977362765733186,-2.428665143480503,18.419721254858633,0.9795889377593994,0.837529718875885,0.999065637588501,0.8096619367599488,0.8209329366683961,0.9916085720062255,,,,,,
13.459999999981969,108.52388353138647,14.463731529743695,106.61252900456026,78.00983727241973,122.54337076260727,83.05526015920952,16.92898775782838,-2.4022374446130486,18.41471207500849,0.9795746803283691,0.8372626543045044,0.9990658760070801,0.809647136926651,0.8211971700191498,0.9916671991348267,,,,,,
13.479999999981922,108.46632507329004,14.460619100718075,106.54813617410494,78.00302562671686,122.52240719649623,83.04370479853675,16.88094357123561,-2.417595205858434,18.409055929900358,0.9796640753746033,0.8369460880756379,0.999066174030304,0.8096317768096924,0.82129824757576,0.9917244911193848,,,,,,
13.499999999981876,108.41308957983016,14.457912864021598,106.48265403413443,77.98964424775,122.50171210635337,83.03349018487594,16.831873951778448,-2.489291792782919,18.40275514319094,0.9797260999679566,0.8366409659385682,0.9990662932395935,0.8096161425113678,0.8214648842811585,0.9917627692222595,,,,,,
13.51999999998183,108.3636611167473,14.455710816703258,106.41830061280352,77.97136013833881,122.48129712580116,83.02462331881304,16.78178745790079,-2.5029919195118784,18.395812500228324,0.9797682046890259,0.8362982630729676,0.9990663051605224,0.8095977425575257,0.8217242538928986,0.9917966604232789,,,,,,
13.539999999981783,108.3175146334569,14.454056361623074,106.35468944117162,77.9565390731117,122.4611737310001,83.01711027725517,16.73231765076613,-2.4362641102870426,18.3882312470046,0.9798630475997925,0.8358961641788483,0.9990664482116699,0.8095771253108979,0.8219280362129212,0.991843068599701,,,,,,
13.559999999981736,108.27413708176276,14.4529534018729,106.29265809729773,77.94685513742378,122.44135323419749,83.0109562092657,16.684345198038848,-2.3659307286592703,18.38001508878141,0.9799859166145325,0.8355059862136841,0.999066686630249,0.8095577836036683,0.822053188085556,0.9918963193893433,,,,,,
13.57999999998169,108.23303982466152,14.452384783266956,106.23465318352959,77.93829189316772,122.42184677736832,83.00616533253545,16.637493042194848,-2.3206132211959507,18.371168188388342,0.980074667930603,0.8351651251316071,0.9990668892860413,0.8095403671264649,0.8222053229808808,0.991944420337677,,,,,,
13.599999999981643,108.1937699047441,14.452319534961616,106.18210869847393,77.93023075630491,122.40266532595184,83.002740930492,16.591662934238528,-2.2551344536149056,18.361695164195297,0.9801027178764343,0.8348558127880097,0.9990670204162597,0.8095234811306,0.8224166452884675,0.9919939279556275,,,,,,
13.619999999981596,108.15592284994254,14.452713840194496,106.13477644348599,77.92602707238179,122.38381966268749,83.00068535004945,16.547586857041978,-2.1470568904254677,18.351601087759477,0.9801011800765991,0.8345729589462281,0.9990672111511231,0.8095076382160187,0.8226247012615204,0.9920540571212768,,,,,,
13.63999999998155,108.11915197205677,14.453516002886133,106.09240940297383,77.92693911424827,122.3653203815533,83.0,16.505852714056992,-2.0276979373959985,18.34089148114824,0.9801089763641357,0.8343402683734894,0.9990675568580627,0.8094948053359986,0.8228032886981964,0.9921185970306396,,,,,,
13.659999999981503,108.08317365645544,14.454660271861814,106.05547009950655,77.93088542283108,122.34717788181074,83.0006853500483,16.466385557466143,-1.9207272817532186,18.329572313939355,0.9800977230072021,0.8341631591320038,0.9990679383277893,0.8094847440719605,0.8229821622371674,0.9921825647354126,,,,,,
13.679999999981456,108.04777090668831,14.456105987111508,106.02411371733656,77.9364207955081,122.32940236215863,83.0027409304897,16.429034475599988,-1.8122226932622547,18.317649999899896,0.9800574541091919,0.8340286195278168,0.9990683317184448,0.8094765424728394,0.8231809496879579,0.9922455787658692,,,,,,
13.69999999998141,108.01278532252086,14.457818998351001,105.9976121805359,77.94419292977207,122.31200381500017,83.00616533253199,16.394007466216635,-1.6882053359216214,18.305131393346116,0.9800100803375245,0.8339284420013429,0.9990687608718872,0.8094701707363129,0.8233754098415376,0.9923094749450684,,,,,,
13.719999999981363,107.97812112924657,14.459770191623408,105.97503285167012,77.95449406148616,122.29499202082567,83.01095620926111,16.361533683725497,-1.5601490820865236,18.29202378518589,0.9799706935882568,0.8338655829429626,0.9990692853927612,0.8094661176204682,0.8235412180423737,0.9923732042312622,,,,,,
13.739999999981316,107.9437429497025,14.461920453571302,105.95579576450098,77.96599483063187,122.27837654271458,83.01711027724943,16.331525493163106,-1.4427334057736778,18.278334898646403,0.9799243450164795,0.833839476108551,0.9990698099136353,0.8094640791416169,0.8236839950084687,0.9924347639083863,,,,,,
13.75999999998127,107.90966860140335,14.464270336652175,105.9393591705817,77.97730997998319,122.26216672095958,83.02462331880618,16.30376958096778,-1.3333656044315558,18.26407288468932,0.9798437118530273,0.833838838338852,0.9990702867507935,0.8094630241394043,0.8238105058670044,0.9924960255622863,,,,,,
13.779999999981223,107.87595111203146,14.46682061366719,105.92487168906604,77.98813509441541,122.24637166781604,83.03349018486793,16.27819015087468,-1.2245877969731047,18.249246317116413,0.9791340112686158,0.8355754256248474,0.9990753650665283,0.8095563054084778,0.8228073239326478,0.9929362535476685,,,,,,
13.799999999981177,107.84267727282113,14.469575238668074,105.91141288344733,77.99839569947216,122.2310002623796,83.04370479852761,16.254761269122074,-1.1196927720782517,18.233864187368425,0.9804505825042724,0.8336231529712678,0.9990715146064758,0.8094647228717804,0.8225757896900178,0.9925651311874389,,,,,,
13.81999999998113,107.80995778434527,14.47254051668734,105.89832772682664,78.007410305098,122.21606114559488,83.05526015919926,16.233323531130498,-1.0263089171242596,18.217935899020482,0.9808281183242797,0.8332249760627747,0.999069619178772,0.8094465196132661,0.8224014520645142,0.9923520565032959,,,,,,
13.839999999981083,107.77791701651128,14.475723329791489,105.88515968263813,78.01440022203073,122.20156271539797,83.06814834741586,16.213628398789037,-0.9448290080185916,18.201471261977396,0.9810644388198853,0.8334495663642884,0.9990694999694825,0.8094648659229279,0.8216481447219849,0.9922782182693481,,,,,,
13.859999999981037,107.74668397988866,14.47912901816473,105.87145300291307,78.01915695574976,122.18751312199561,83.08236053025699,16.19547916679479,-0.8712077235179041,18.18448048637245,0.9806251049041748,0.8345034241676331,0.9990709304809571,0.809519374370575,0.8213104903697968,0.9923828601837158,,,,,,
13.87999999998099,107.71638765799045,14.482778149518657,105.8567920665601,78.0215385320599,122.17392026328358,83.09788696740246,16.178734297175865,-0.8042210055990394,18.166974176173614,0.979923951625824,0.8359539210796356,0.9990729570388794,0.8095908045768738,0.8210547506809235,0.9925454378128051,,,,,,
13.899999999980944,107.68715165076763,14.4869307946928,105.84076442004348,78.01835350497811,122.16079178040697,83.11471701780778,16.163345294737685,-0.728622095699098,18.148963322501114,0.9795087575912476,0.837099701166153,0.9990745067596436,0.8096488475799561,0.8205922782421112,0.9926486730575561,,,,,,
13.919999999980897,107.65906470379875,14.491794421585542,105.82204933596141,78.0122652109556,122.14813505346473,83.13283914699711,16.149974343387186,-0.6054397073687763,18.130459296660597,0.9785864114761352,0.8387332618236543,0.9990764617919922,0.809722775220871,0.8206043720245362,0.9928132057189941,,,,,,
13.93999999998085,107.63218605883766,14.496438064395234,105.80093001733874,78.0159587992349,122.13595719736101,83.15224093496832,16.138515562919462,-0.5721417330644556,18.11147384289654,0.9778323650360108,0.8402944445610047,0.9990785837173461,0.8097947716712952,0.820345401763916,0.992978286743164,,,,,,
13.959999999980804,107.6065740513905,14.50038816116745,105.78236736016586,78.01760740329503,122.12426505780556,83.17290908470507,16.12580073876576,-0.7173537717170245,18.09201907087026,0.9780828356742859,0.8404488921165467,0.999078381061554,0.8098076462745667,0.8197845697402955,0.9929147839546204,,,,,,
13.979999999980757,107.58222278821742,14.504078077672434,105.76819548214283,78.00581741182694,122.11306520746545,83.19482943128993,16.11014926002189,-0.8155856108151204,18.07210744786768,0.9774834752082825,0.8409912467002869,0.9990786075592041,0.8098248720169068,0.8203447282314301,0.992961835861206,,,,,,
13.99999999998071,107.55909238554128,14.50807389512672,105.75273167557908,77.99305953301631,122.10236394227024,83.21798695161229,16.094742430306784,-0.6942375185733445,18.05175179074166,0.9772062540054322,0.8416959702968598,0.9990793228149414,0.8098574459552765,0.8201444804668427,0.9930037736892701,,,,,,
14.019999999980664,107.53721137898184,14.512562062829492,105.73161620516048,77.98991128506388,122.09216727787287,83.24236577466448,16.082701675601946,-0.5239599859009397,18.030965257594357,0.9763251781463623,0.8430308997631073,0.9990810275077819,0.8099121570587159,0.8203368961811066,0.9931595206260682,,,,,,
14.039999999980617,107.51660596564587,14.517646521607686,105.7078223835196,77.98500894312919,122.08248094626786,83.26794919241893,16.072849523127875,-0.4821337278528457,18.009761339204864,0.9752360105514526,0.8447031915187836,0.999083423614502,0.8099803388118745,0.8204965472221375,0.9933735847473144,,,,,,
14.05999999998057,107.49734438491546,14.523200441267667,105.68516660021932,77.97187799142142,122.07331039256921,87.44170719339309,16.06309300395492,-0.4911874915757632,15.495014925828912,0.9740038752555847,0.8469475030899049,0.9990857839584351,0.8100729644298554,0.8203934192657472,0.9935492038726806,,,,,,
14.079999999980524,107.47933836436599,14.528651674562424,105.66390695725035,77.96110347959937,122.0646607719494,85.96073261507884,16.05332467591376,-0.4863632608036528,16.380166048611024,0.9740508794784546,0.846773111820221,0.9990856170654296,0.81006498336792,0.8204785227775574,0.9935404658317566,,,,,,
14.099999999980477,107.46254513152573,14.53375114398752,105.64437308613725,77.9544398243057,122.0565369467415,85.92148036848205,16.0434338465532,-0.5093632296246752,16.39888023055762,0.9741803050041199,0.8467584908008576,0.9990854382514953,0.8100663006305695,0.8203047156333924,0.9935131788253784,,,,,,
14.11999999998043,107.44690306937984,14.538627596994345,105.62752887384748,77.94616434699888,122.04894348370576,85.88225839269789,16.032848186001974,-0.544026046460131,16.41789506381496,0.9742711186408997,0.847069811820984,0.9990854024887085,0.8100830733776093,0.8199222743511201,0.9934771060943604,,,,,,
14.139999999980384,107.43235864907305,14.54358960715009,105.61235518297644,77.93593436837051,122.04188465146248,85.84308180854468,16.022171929841836,-0.5092638450895899,16.437204024120053,0.9739643096923828,0.8468850374221802,0.9990862607955933,0.8100280106067658,0.8204083621501923,0.9935459613800048,,,,,,
14.159999999980338,107.41888009641346,14.548654499365867,105.59684945082212,77.93021887359251,122.03536441809244,85.80396571934133,16.012795248789512,-0.42917991308896924,16.4568004170482,0.9739341259002685,0.8470587253570557,0.9990853071212769,0.8100867211818695,0.8204041182994843,0.9934467554092408,,,,,,
14.179999999980291,107.40644678884969,14.55381386375144,105.58145205593117,77.92695565242835,122.02938644890625,85.76492520508486,16.004718921421993,-0.3879511694990455,16.47667738017244,0.9745426416397095,0.846262413263321,0.9990839958190918,0.810047048330307,0.820274817943573,0.9933733224868775,,,,,,
14.199999999980244,107.39501914774286,14.55904647217321,105.5678248640268,77.92151720844178,122.02395410438392,85.72597531663669,15.997032483100186,-0.3814567791132217,16.496827885319966,0.9743592500686645,0.8460056006908417,0.9990836262702942,0.8100381433963776,0.8207699000835419,0.9933343291282654,,,,,,
14.219999999980198,107.38453622303813,14.564311782435832,105.55609082027519,77.91497118299576,122.01907043828575,85.68713106992026,15.989610009510459,-0.35501939298629237,16.51724474092477,0.9744531154632569,0.8453320622444154,0.999083137512207,0.8100304067134858,0.8210822701454163,0.9931929349899292,,,,,,
14.239999999980151,107.37492531367675,14.569559217702754,105.54533390384006,77.91075020686363,122.01473819593575,85.6484074401321,15.982985836187098,-0.30700475600731547,16.537920594475864,0.9746902704238891,0.845084434747696,0.999082612991333,0.8100174963474274,0.820983248949051,0.9931581854820252,,,,,,
14.259999999980105,107.36611348775071,14.574743997751138,105.53549108872681,77.90867135137188,122.01095981267832,85.60981935596864,15.977216092021106,-0.2746536107412179,16.558847935060335,0.9744945883750915,0.8455049574375153,0.9990834355354309,0.8100086331367493,0.821027559041977,0.9933787107467651,,,,,,
14.279999999980058,107.35802264494293,14.579805669152108,105.52723211635016,77.9067584483723,122.00773741250926,85.57138169387088,15.971838131322784,-0.2653562135678107,16.580019096000285,0.9741069793701171,0.8459724664688111,0.9990839004516602,0.8100240468978882,0.8212261557579041,0.9934340834617614,,,,,,
14.299999999980011,107.35056357801157,14.584675733002316,105.52073400064447,77.90497405465348,122.00507280688173,85.53310927228925,15.966597510587123,-0.2574119673762188,16.601426257582972,0.9744083166122437,0.8453817963600159,0.9990834474563599,0.8099994122982026,0.8212818026542664,0.9934059381484985,,,,,,
14.319999999979965,107.34365341302609,14.589286078327788,105.5155795515175,77.9047761220169,122.00296749368803,85.49501684597084,15.96158635032155,-0.24371147448339825,16.623061449883124,0.9745205879211426,0.8450873672962189,0.9990832567214966,0.809986448287964,0.8213686108589173,0.9933989524841309,,,,,,
14.339999999979918,107.33721499965803,14.59356234911467,105.51156116084233,77.90660058624633,122.00142265641752,85.45711910027109,15.95678410238913,-0.2393293606538675,16.644916555676428,0.974634313583374,0.844801288843155,0.9990830659866333,0.8099739015102387,0.8214450418949127,0.9933925271034241,,,,,,
14.359999999979872,107.33117654661415,14.597457566935956,105.50886429268193,77.90925556276594,122.00043916349131,85.41943064549238,15.951904671845613,-0.2501997682478085,16.666983313443193,0.9747399806976318,0.8445246160030365,0.99908287525177,0.809961622953415,0.8215292811393738,0.9933846712112426,,,,,,
14.379999999979825,107.32548260364368,14.600989678378841,105.50739979677684,77.91181854434106,122.00001756777415,85.38196601125149,15.946790962530825,-0.25907529966650344,16.689253320461134,0.9748278021812439,0.8442627727985382,0.9990826725959778,0.8099497258663177,0.8216316878795624,0.9933772325515747,,,,,,
14.399999999979778,107.32009621365026,14.604201131335282,105.5065202852261,77.91494189583265,122.00015810626356,85.34473964087809,15.941646281300564,-0.25325019928667825,16.71171803598603,0.974893856048584,0.8440310418605805,0.9990825176239013,0.8099389970302582,0.8217398643493653,0.9933745622634887,,,,,,
14.419999999979732,107.31498535967512,14.60713060061074,105.5056543305357,77.9190278130156,122.00086069995666,85.30776588584656,15.936690821936178,-0.24295002794582113,16.734368784519262,0.9749440789222718,0.8438302040100099,0.9990824341773987,0.809929609298706,0.8218422532081604,0.9933767318725586,,,,,,
14.439999999979685,107.31012341716912,14.60981333523723,105.50472622404105,77.9231739175612,122.00212495389458,85.27105900024333,15.931875935302761,-0.23979553319568803,16.757196759160678,0.9749889612197876,0.8436409294605256,0.999082350730896,0.8099206984043121,0.8219431102275849,0.9933796405792237,,,,,,
14.459999999979638,107.30548913458621,14.612281928836788,105.50377455957128,77.92659728318094,122.00395015738444,85.23463313527151,15.927080583101247,-0.23930192443433282,16.78019302504582,0.9750371694564819,0.843444985151291,0.9990822553634644,0.8099114656448365,0.8220469415187837,0.993381118774414,,,,,,
14.479999999979592,107.30106580327154,14.614565451750767,105.50259995104817,77.92953896742591,122.0063352843989,85.19850233379547,15.92234102968923,-0.23369639197777353,16.803348522865907,0.9750923871994018,0.8432420790195465,0.9990821599960327,0.8099019765853882,0.8221460342407227,0.9933822393417359,,,,,,
14.499999999979545,107.29684061389317,14.616689254786223,105.50097356140265,77.93237612263883,122.00927899415292,85.16268052492697,15.917750039781033,-0.22561312166221334,16.826654072469367,0.9751545071601868,0.8430387794971467,0.999082064628601,0.8098925888538361,0.822233009338379,0.9933838248252869,,,,,,
14.519999999979499,107.2928038416863,14.618675945228967,105.49889608362693,77.93487229149459,122.01277963185748,85.1271815186552,15.913291252888117,-0.22100395709352014,16.850100376543303,0.9752219676971435,0.8428353607654572,0.9990819811820983,0.8098832547664643,0.8223116397857666,0.9933847188949585,,,,,,
14.539999999979452,107.28894784784339,14.62054621711058,105.49647589769148,77.936682021057,122.01683522964983,85.09201900052287,15.908892784849904,-0.21883185796451596,16.8736780243735,0.9752923011779785,0.8426298439502716,0.9990818738937378,0.8098738193511963,0.8223893105983735,0.9933841466903687,,,,,,
14.559999999979405,107.28526607624963,14.62231855152416,105.4937249164328,77.93792250887346,122.02144350769964,85.05720652635003,15.904552054680186,-0.21474740703209705,16.89737749568141,0.9753650903701783,0.8424221396446229,0.9990817666053772,0.8098642826080322,0.8224661588668823,0.9933828234672546,,,,,,
14.579999999979359,107.28175210517064,14.624008528357608,105.49060887313524,77.93888736538439,122.0266018754907,85.02275751700816,15.9003162159566,-0.2087777351262819,16.92118916453647,0.9754408240318299,0.8422144293785095,0.9990816593170166,0.8098547756671906,0.8225381433963777,0.9933813095092774,,,,,,
14.599999999979312,107.27839879619187,14.625628690425469,105.48718787221864,77.93960454809239,122.03230743327708,84.98868525324616,15.896193384921139,-0.20381947520303487,16.945103303342155,0.9755186676979065,0.8420080125331879,0.9990815401077271,0.8098453402519227,0.8226058959960938,0.9933793783187866,,,,,,
14.619999999979266,107.27519769539477,14.627188785074619,105.48359205884897,77.93996882882537,122.03855697371323,84.95500287057028,15.892154306044047,-0.2001367087522614,16.969110086894073,0.975596022605896,0.8418035447597504,0.9990814208984375,0.8098359644412995,0.8226737797260285,0.9933768033981323,,,,,,
14.639999999979219,107.27213881518594,14.628695834301245,105.47991298522041,77.94005708100133,122.04534698365697,84.92172335418023,15.888193459883695,-0.195695626251282,16.99319959650834,0.9756731152534485,0.8416001856327058,0.999081301689148,0.8098266124725342,0.8227421343326569,0.9933738231658935,,,,,,
14.659999999979172,107.269210747308,14.63015416129329,105.47619808587032,77.94006950132685,122.0526736461444,84.88885953396309,15.884335253819236,-0.19001345281597953,17.01736182421846,0.9757502317428589,0.8413986027240754,0.9990811824798584,0.8098173260688782,0.8228090047836304,0.9933708429336547,,,,,,
14.679999999979126,107.2664009294213,14.631565735182988,105.47251706739311,77.94009661946369,122.06053284253555,84.8564240795471,15.880592070944402,-0.18441817219798945,17.041586677038932,0.9758268594741821,0.8412001252174378,0.9990810632705689,0.8098081707954408,0.8228740632534027,0.993367862701416,,,,,,
14.69999999997908,107.2636959941369,14.632930726209505,105.46896690698478,77.94012362627633,122.0689201548297,84.82442949541742,15.87695418272701,-0.17941777635650755,17.065863981293553,0.9759021520614624,0.8410050570964813,0.9990809440612793,0.8097991466522217,0.8229388356208802,0.9933647394180298,,,,,,
14.719999999979033,107.26108223644565,14.6342479924579,105.46562034854915,77.94018623750097,122.07783086814887,84.79288811609527,15.873417072334215,-0.17418145313139702,17.09018348700676,0.9759751319885254,0.8408139646053314,0.9990808248519898,0.8097902655601502,0.8230042397975922,0.9933616161346436,,,,,,
14.739999999978986,107.25854617820377,14.635515473671857,105.46251093091387,77.94038325088897,122.08725997338827,84.76181210138277,15.86999158438834,-0.1682880701947774,17.114534872355815,0.976046335697174,0.8406267702579499,0.9990807056427002,0.8097815394401551,0.8230693399906159,0.9933586955070496,,,,,,
14.75999999997894,107.25607509546445,14.636730615589654,105.45966322429193,77.94076757958037,122.09720217003223,84.73121343167519,15.866686072657684,-0.1623070753261078,17.13890774818197,0.9761154413223266,0.8404446363449097,0.9990805983543396,0.8097730159759522,0.8231332659721375,0.9933560132980347,,,,,,
14.779999999978893,107.25365745649063,14.637890826108528,105.45710516143346,77.94132195944945,122.10765186913373,84.70110390334214,15.863496851293704,-0.15666334563245599,17.163291662558507,0.9761821269989014,0.8402675688266754,0.999080491065979,0.8097647130489349,0.8231967985630035,0.9933534622192383,,,,,,
14.799999999978846,107.25128328669257,14.638993831599374,105.4548483062026,77.94203093597999,122.11860319645626,84.67149512417997,15.860419094922248,-0.151088467348639,17.187676105413647,0.9762461185455322,0.8400958299636841,0.9990803837776184,0.8097566187381745,0.823260110616684,0.9933511137962341,,,,,,
14.8199999999788,107.24894446102428,14.640037898050416,105.45287774201873,77.94290786278115,122.13004999577596,84.64239850893667,15.857454655811836,-0.1453329714777213,17.212050513206112,0.9763076782226563,0.8399294376373292,0.9990802764892578,0.8097487509250642,0.823322629928589,0.9933489799499512,,,,,,
14.839999999978753,107.2466348922151,14.641021995571856,105.45116648355157,77.94395058614964,122.14198583234234,84.6138252749113,15.854605410307833,-0.13963296200822692,17.23640427365128,0.9763669729232788,0.839768397808075,0.9990801811218262,0.8097411155700684,0.823383891582489,0.9933470845222473,,,,,,
14.859999999978706,107.24435057926709,14.641945928035554,105.44968723347554,77.94512002344138,122.15440399649552,84.5857864376295,15.851866967367126,-0.13427351672112534,17.26072673049576,0.9764241695404052,0.8396127045154572,0.9990800857543946,0.8097337126731873,0.8234437048435211,0.9933453321456909,,,,,,
14.87999999997866,107.24208954464105,14.642810382250115,105.44840747364205,77.94637146401743,122.167297507438,84.55829280659677,15.849232494599388,-0.12920732165253554,17.285007188337957,0.9764792323112488,0.8394621014595032,0.9990800023078918,0.8097265303134918,0.8235024154186249,0.993343734741211,,,,,,
14.899999999978613,107.23985168443454,14.643616881088182,105.4472846399005,77.94767704151971,122.1806591171589,84.53135498113124,15.846697641579196,-0.12430517552303197,17.309234917492674,0.9765326499938964,0.8393163144588471,0.9990799188613891,0.8097195684909821,0.8235593974590302,0.9933421850204468,,,,,,
14.919999999978566,107.23763853889601,14.644367692760415,105.44627293437809,77.94901060693275,122.19448131450838,84.50498334627743,15.844258671901205,-0.11964771184037813,17.333399158897222,0.976584529876709,0.8391752302646638,0.9990798234939575,0.8097128212451935,0.8236144125461579,0.9933407068252563,,,,,,
14.93999999997852,107.23545298861633,14.64506571323821,105.44533140756661,77.95033397402248,122.20875632942001,84.47918806880256,15.84190904272683,-0.11538684335805972,17.357489129056837,0.9766351222991944,0.839038509130478,0.9990797519683838,0.8097062706947327,0.8236674427986146,0.9933392524719238,,,,,,
14.959999999978473,107.23329890326613,14.645714325157652,105.44442384955825,77.95160876684295,122.22347613727865,84.45397909327714,15.839640514646883,-0.1115250092747827,17.381494025026996,0.9766845941543579,0.838905942440033,0.9990796685218811,0.8096999168395996,0.823718398809433,0.9933377504348755,,,,,,
14.979999999978427,107.23118291499662,14.646309155814292,105.44351627295987,77.95281018176085,122.2386324634314,84.42936613824112,15.837445941617831,-0.10798159911443657,17.405403029430207,0.9767329931259155,0.8387772858142853,0.9990795850753784,0.8096937417984009,0.8237674057483674,0.9933362126350402,,,,,,
14.99999999997838,107.22911527290171,14.64684605927746,105.44257915233469,77.95392264823028,122.2542167878392,84.40535869245718,15.835319165326867,-0.1047528332822233,17.42920531550503,0.9767807722091675,0.838652104139328,0.9990795135498047,0.8096877336502075,0.8238141357898713,0.9933345794677735,,,,,,
15.019999999978333,107.22709765272454,14.647338575163936,105.44159128469181,77.95493143349371,122.27022034986632,84.38196601125269,15.833253387655743,-0.10188714103339284,17.452890052184678,0.9768276691436768,0.8385304987430573,0.9990794420242309,0.8096818923950195,0.8238588750362397,0.9933328628540039,,,,,,
15.039999999978287,107.22513254585759,14.647792480762966,105.44053988845704,77.95582526518677,122.28663415320507,84.35919711295153,15.831241321660299,-0.09937254430520019,17.47644640920284,0.9768739581108093,0.8384122133255005,0.9990793704986572,0.8096762120723725,0.8239013969898225,0.9933310508728027,,,,,,
15.05999999997824,107.22322252744297,14.648212426329623,105.43941838522066,77.95660274706533,122.30344897093303,84.33706077539745,15.82927661230998,-0.09713989000984725,17.499863562224245,0.9769193887710571,0.8382972121238709,0.9990792989730835,0.8096706867218018,0.8239422082901001,0.9933291435241699,,,,,,
15.079999999978194,107.22136965823418,14.648602292559719,105.43822582112634,77.95727099748198,122.32065535069995,84.31556553256995,15.827354157821365,-0.09514361424646849,17.523130697997438,0.9769641399383545,0.8381853878498078,0.9990792155265809,0.8096653163433075,0.8239809930324555,0.9933271646499634,,,,,,
15.099999999978147,107.21957518513962,14.648965296103436,105.43696754104438,77.95784007069885,122.33824362004123,84.2947196712943,15.825469361294205,-0.09337216415267882,17.546237019527158,0.9770078897476197,0.8380769729614258,0.9990791559219361,0.8096601009368897,0.824018144607544,0.9933251857757568,,,,,,
15.1199999999781,107.217839401265,14.64930403958507,105.43565442365801,77.958321943711,122.35620389181535,84.27453122804687,15.82361795606398,-0.09179648877401116,17.5691717512639,0.9770508050918579,0.8379716575145721,0.9990790843963623,0.8096550405025482,0.8240536034107209,0.9933231234550476,,,,,,
15.139999999978054,107.21616161451135,14.64962055916808,105.43430074283783,77.95873255310691,122.37452606976186,84.25500798585682,15.821796581181582,-0.09035899236741501,17.59192414430795,0.9770925641059875,0.837869793176651,0.9990790128707886,0.8096501350402833,0.8240876257419587,0.9933210611343384,,,,,,
15.159999999978007,107.21454018979415,14.649916380032966,105.43292262344966,77.9590910292117,122.3931998541768,84.23615747130566,15.820003012168296,-0.08900976504126608,17.614483481625353,0.977133059501648,0.8377714097499848,0.9990789413452148,0.8096453964710236,0.824120318889618,0.993319058418274,,,,,,
15.17999999997796,107.21297265117714,14.650192584154487,105.43153742509026,77.95941638641621,122.41221474770279,84.21798695162559,15.818235783014785,-0.08772134603848877,17.63683908327324,0.9771722316741943,0.8376766443252563,0.99907888174057,0.8096408247947693,0.8241515696048737,0.9933171153068543,,,,,,
15.199999999977914,107.21145582435183,14.650449893987794,105.43016286027742,77.95972581689296,122.43156006122996,84.20050343189783,15.816493922021786,-0.08646755115043006,17.658980311631826,0.9772099733352662,0.8375854790210724,0.9990788221359252,0.8096364259719849,0.8241815328598023,0.9933152556419372,,,,,,
15.219999999977867,107.20998600990406,14.650688766562064,105.42881554996934,77.96003514800259,122.4512249199048,84.18371365235205,15.814777095846843,-0.0852114274256251,17.680896576640418,0.9772459268569946,0.8374984741210938,0.9990787625312805,0.8096322178840638,0.8242104232311249,0.9933135747909546,,,,,,
15.23999999997782,107.20855917116592,14.650909473904612,105.42750989262825,77.96035885460604,122.47119826924337,84.1676240857679,15.813085695177955,-0.08392114309072303,17.70257734103484,0.9772803783416748,0.8374152600765229,0.9990787029266357,0.8096281886100769,0.8242379248142243,0.9933119773864746,,,,,,
15.259999999977774,107.20717112847318,14.651112190689052,105.4262576893684,77.96070842942578,122.49146888134554,84.15224093497953,15.811420576700382,-0.08258175147837071,17.724012125583613,0.9773128986358642,0.8373363137245179,0.9990786552429199,0.8096243619918824,0.8242643356323243,0.9933105945587158,,,,,,
15.279999999977727,107.2058177456153,14.65129708157124,105.42506791807311,77.96109142637815,122.51202536120668,84.13757013048443,15.809782806413354,-0.08118467205844468,17.745190514320104,0.9773436307907104,0.8372615456581116,0.9990786075592041,0.8096207320690155,0.824289357662201,0.9933093786239624,,,,,,
15.29999999997768,107.20449509769512,14.65146437219211,105.42394631784246,77.96151208302122,122.53285615312328,84.123617328157,15.808173648357547,-0.07971862754029502,17.76610215976807,0.977372407913208,0.8371911585330963,0.9990785717964172,0.8096173107624054,0.8243132054805756,0.9933083653450012,,,,,,
15.319999999977634,107.20319961614966,14.65161440781313,105.42289519818503,77.96197182322604,122.55394954718894,84.11038790706813,15.806594571820973,-0.07817603134933744,17.786736788157885,0.9773993849754333,0.8371251046657563,0.9990785360336304,0.8096140980720521,0.8243356049060822,0.9933075428009033,,,,,,
15.339999999977588,107.20192820664097,14.651747702441268,105.42191371044012,77.96246900384885,122.575293685877,84.0978869674115,15.805047106060393,-0.07655847321981425,17.80708420463065,0.9774246096611023,0.8370633602142334,0.9990784883499145,0.8096110939979554,0.8243564367294312,0.9933068990707398,,,,,,
15.359999999977541,107.20067832878858,14.651864957541484,105.42099829773508,77.96299909943197,122.59687657070621,84.08611932853731,15.803532680446382,-0.0748734254333826,17.82713429842765,0.9774477481842041,0.8370062112808228,0.9990784645080566,0.8096083045005799,0.8243759989738465,0.9933064937591553,,,,,,
15.379999999977494,107.19944804534077,14.651967078614952,105.42014311826466,77.96355526457356,122.6186860689856,84.07508952709435,15.802052564717169,-0.07312867725305054,17.846877048062304,0.9774691343307496,0.8369533598423005,0.9990784406661988,0.8096057295799256,0.8243939280509949,0.9933062553405761,,,,,,
15.399999999977448,107.19823603621265,14.652055169932403,105.41934047947882,77.96412923365546,122.64070992063478,84.06480181528103,15.800607877567735,-0.07133208597697584,17.866302526471948,0.9774888277053833,0.8369048535823822,0.9990784168243408,0.809603363275528,0.8244101464748383,0.9933061718940734,,,,,,
15.419999999977401,107.1970415819115,14.652130517353498,105.41858143163422,77.96471182663366,122.66293574507584,84.0552601592061,15.79919955177123,-0.06949467208910395,17.88540090614672,0.9775067806243897,0.8368606984615327,0.9990783929824829,0.8096012115478516,0.824424695968628,0.9933062672615052,,,,,,
15.439999999977355,107.19586451745721,14.65219455759742,105.41785643184201,77.96529334232812,122.68535104819316,84.0464682373596,15.797828270561295,-0.06762990702412758,17.90416246423298,0.9775232672691345,0.8368206977844239,0.999078369140625,0.8095992684364319,0.8244372367858888,0.9933064699172973,,,,,,
15.459999999977308,107.19470516496732,14.652248840071836,105.4171559240817,77.96586411394456,122.70794322935669,84.03842943919479,15.796494449136791,-0.0657506363323126,17.92257758760823,0.977537989616394,0.8367851197719575,0.999078369140625,0.8095975458621979,0.8244480669498444,0.993306827545166,,,,,,
15.479999999977261,107.19356425365298,14.652294991040083,105.41647080881258,77.9664150788645,122.7306995885055,84.03114686382136,15.795198271589424,-0.0638669991935323,17.940636777925274,0.977551257610321,0.836753535270691,0.999078345298767,0.8095960199832917,0.824457049369812,0.9933072805404664,,,,,,
15.499999999977215,107.1924428254296,14.65233466463979,105.41579284224962,77.9669383578672,122.75360733328696,84.02462331881075,15.793939737784108,-0.061987764472393944,17.958330656622522,0.9775629758834838,0.8367262065410614,0.999078345298767,0.8095947027206422,0.8244640827178955,0.9933078646659851,,,,,,
15.519999999977168,107.1913421353294,14.652369494170829,105.4151150286348,77.96742743965928,122.77665358624792,84.01886131911377,15.792718666791092,-0.06012225893722753,17.975649969897965,0.9775734901428222,0.8367026627063752,0.999078345298767,0.8095935821533203,0.8244690835475922,0.9933084964752197,,,,,,
15.539999999977121,107.19026355386525,14.65240105123291,105.41443191028114,77.96787724007713,122.79982539207364,84.01386308609095,15.791534700326043,-0.05827835719699463,17.992585593644133,0.9775823354721069,0.8366833925247192,0.999078345298767,0.8095926702022553,0.8244722902774811,0.9933092474937439,,,,,,
15.559999999977075,107.1892084734123,14.652430803976838,105.41373968015525,77.96828437618316,122.82310972487063,84.00963054665628,15.790387353512081,-0.05646086859064691,18.009128538341237,0.9775898933410645,0.8366679668426514,0.999078345298767,0.809591954946518,0.8244735956192017,0.9933100700378418,,,,,,
15.579999999977028,107.18817822899248,14.652460089453992,105.41303619386697,77.9686471862809,122.84649349548897,84.0061653325343,15.78927607106657,-0.05467217256470761,18.02526995390596,0.9775960683822632,0.8366564810276031,0.999078345298767,0.8095914363861084,0.8244730472564697,0.9933109641075134,,,,,,
15.599999999976982,107.18717403069532,14.652490089244752,105.41232090957239,77.9689656345904,122.8699635588804,84.00346877963098,15.788200264865369,-0.05291333403096166,18.041001134493275,0.9776008725166321,0.8366488277912141,0.999078369140625,0.8095911145210266,0.8244705736637116,0.9933119177818298,,,,,,
15.619999999976935,107.18619691012289,14.65252181666868,105.41159477125701,77.96924106622161,122.89350672148768,84.00154192751883,15.787159338636929,-0.05118396387554737,18.056313523248463,0.9776043891906738,0.8366450309753418,0.999078369140625,0.8095909833908081,0.8244662523269654,0.993312931060791,,,,,,
15.639999999976888,107.18524768159287,14.652556104544113,105.41086000162424,77.96947608082908,122.91710974866126,84.00038551903602,15.786152718777869,-0.04948232811058811,18.07119871700693,0.9776063680648803,0.836645257472992,0.9990783929824829,0.8095910549163818,0.8244601488113403,0.9933140277862549,,,,,,
15.659999999976842,107.18432692657804,14.652593611763418,105.41011984867112,77.96967417896619,122.94075937209911,84.0,15.785179877898448,-0.04780543315247717,18.08564847093916,0.9776069164276123,0.8366493642330171,0.9990784049034118,0.8095913231372833,0.8244523882865906,0.9933152198791504,,,,,,
15.679999999976795,107.18343498908897,14.652634831714078,105.40937828747656,77.96983954133643,122.96444229730537,84.00038551903573,15.784240362699949,-0.046148996940690475,18.099654703138093,0.9776060104370117,0.836657452583313,0.9990784168243408,0.8095917820930482,0.8244428157806397,0.9933165073394775,,,,,,
15.699999999976749,107.18257198544434,14.652680105371754,105.40863972696535,77.96997676329762,122.98814521106375,84.00154192751826,15.78333380890196,-0.04450860123711908,18.11320949914657,0.9776036500930786,0.8366693317890168,0.9990784406661988,0.8095924377441407,0.8244316279888153,0.9933178663253784,,,,,,
15.719999999976702,107.18173782542888,14.65272963812292,105.40790874861534,77.97009054442042,123.0118547889216,84.00346877963013,15.78245993485583,-0.04288043799855936,18.126305116422188,0.9775997400283813,0.8366852760314942,0.9990784645080566,0.8095932900905609,0.8244187772274018,0.9933193564414978,,,,,,
15.739999999976655,107.18093224385689,14.652783521599265,105.40718985076435,77.97018539966751,123.03555770268,84.00616533253314,15.781618529951261,-0.04126111831671199,18.138933988737048,0.9775942325592041,0.836705207824707,0.9990785002708436,0.8095943450927735,0.8244044125080109,0.9933209419250488,,,,,,
15.759999999976609,107.18015484075798,14.652841762329587,105.40648721026845,77.9702654233382,123.05924062788627,84.00963054665485,15.78080945336328,-0.03964693291333964,18.15108873050996,0.9775871515274048,0.8367291688919067,0.9990785360336304,0.8095955967903138,0.8243883788585663,0.9933226227760314,,,,,,
15.779999999976562,107.17940512430933,14.652904312167554,105.40580445727977,77.97033414892367,123.08289025132414,84.01386308608922,15.780032643854167,-0.03803372328885998,18.162762141068576,0.9775784730911254,0.8367571949958802,0.9990785598754883,0.8095970451831818,0.824370813369751,0.9933244466781617,,,,,,
15.799999999976515,107.17868255248929,14.652971094576136,105.40514451854764,77.97039445491454,123.10649327849777,84.01886131911175,15.779288119872621,-0.03641790520640881,18.173947208839042,0.9774210572242736,0.8371801018714905,0.9990796089172364,0.8096190869808197,0.8241032421588899,0.9934023857116699,,,,,,
15.819999999976469,107.17798657204469,14.653042025610802,105.40450955211561,77.9704484520755,123.13003644110508,84.02462331880847,15.778575955592899,-0.034797548632202704,18.184637115460834,0.9775289177894593,0.8373269438743591,0.9990801572799682,0.8096300721168519,0.8236600160598755,0.9934295415878296,,,,,,
15.839999999976422,107.177316655654,14.653117038736791,105.40390092793544,77.97049734713765,123.15350650449656,84.03114686381879,15.777896254241805,-0.033171364701126256,18.194825239824237,0.9780134677886962,0.8368331611156464,0.9990789413452148,0.8096101999282838,0.8233506977558136,0.9933036684989929,,,,,,
15.859999999976376,107.17667233411947,14.653196098996501,105.40331921563829,77.97054159856064,123.17689027511496,84.03842943919193,15.777249147096938,-0.03153795116108023,18.204505162028223,0.9783700823783874,0.8366180837154389,0.9990779161453247,0.8096036732196809,0.8229736089706421,0.993182110786438,,,,,,
15.879999999976329,107.17605322189893,14.65327921293835,105.40276423023218,77.9705810052801,123.200174607912,84.04646823735646,15.776634783481267,-0.029897112136718734,18.21367066725644,0.978488826751709,0.8368372619152069,0.9990776777267456,0.8096179723739625,0.8225288629531861,0.993124532699585,,,,,,
15.899999999976282,107.17545968694968,14.653370065342717,105.40223394253302,77.97056439147217,123.2233464137378,84.05526015920267,15.776054094714235,-0.028061266154933606,18.222315749568935,0.9782905578613281,0.837506639957428,0.9990782141685486,0.8096520721912385,0.8221744060516358,0.9931394934654236,,,,,,
15.919999999976236,107.17489399580614,14.653485696089971,105.40170088775125,77.9703528046254,123.24639266669884,84.06480181527733,15.775524217118045,-0.02445368405812896,18.230434615607457,0.977971887588501,0.8383798956871034,0.9990790963172913,0.8096950829029084,0.8218243062496186,0.9931839942932129,,,,,,
15.93999999997619,107.17435435850267,14.653638840638985,105.4010914712403,77.9700629221716,123.2693004114804,84.07508952709037,15.77509558985795,-0.018137890838594715,18.23802168821209,0.9775644779205322,0.8393653571605683,0.9990800857543946,0.8097420096397401,0.8215324342250825,0.9932403087615966,,,,,,
15.959999999976143,107.1738288933984,14.653810307054552,105.40039398958784,77.97004211631099,123.29205677062932,84.08611932853306,15.774788070398063,-0.013490715206709452,18.245071609946955,0.9770392179489136,0.840490597486496,0.9990812540054321,0.8097936928272248,0.8213149905204773,0.9933152318000793,,,,,,
15.979999999976096,107.17329961803286,14.653956463760142,105.3997801543273,77.97032348131344,123.31464895179295,84.09788696740698,15.774503336561663,-0.01645855921910142,18.25157924653307,0.976681137084961,0.8414342939853668,0.9990821719169617,0.8098378956317902,0.8209971547126771,0.9933634042739868,,,,,,
15.99999999997605,107.17274996871241,14.65403290286826,105.39948189466945,77.97072069958847,123.33706425491036,84.11038790706334,15.774081729039557,-0.02640378554899396,18.257539690186054,0.9763712406158447,0.8421716690063477,0.9990827322006226,0.8098737657070161,0.820807933807373,0.993376898765564,,,,,,
16.019999999976005,107.17217200707279,14.654013607908986,105.39956613003275,77.97125741024014,123.35929007935155,84.12361732815192,15.773442191155532,-0.037200203187313666,18.262948262856746,0.9761043429374695,0.8425580799579621,0.9990829229354858,0.8099277198314667,0.8206773042678833,0.9931737422943115,,,,,,
16.039999999975958,107.17156909200936,14.653896159881969,105.39991400003117,77.97212067746217,123.38131393100086,84.13757013047909,15.77261573060887,-0.04486653111891953,18.267800519372663,0.975779676437378,0.8431464970111847,0.9990833759307861,0.8099766910076142,0.8205284416675568,0.9930681228637696,,,,,,
16.05999999997591,107.17095660120937,14.65369986819324,105.40037249829344,77.97326109251287,123.40312342928038,84.15224093497392,15.771666936830464,-0.049587872953215616,18.272092250478423,0.975278115272522,0.8439693868160248,0.999084210395813,0.810029035806656,0.8204678177833558,0.9930329561233521,,,,,,
16.079999999975865,107.1703610260717,14.653461562280423,105.40082201692931,77.97436714402357,123.42470631410974,85.06567105753916,15.770652162866723,-0.05124681021238587,17.735920137313798,0.9745329856872559,0.845305871963501,0.9990856528282166,0.8100891828536988,0.8203899741172791,0.9931245565414428,,,,,,
16.099999999975818,107.16981423351035,14.65322337491785,105.40112749664827,77.97525092695696,123.44605045279796,86.05024431817965,15.769648342063666,-0.04830382589007603,17.156833751297768,0.9738781213760376,0.846567189693451,0.999086856842041,0.8101560294628144,0.8201770246028901,0.9931269407272338,,,,,,
16.11999999997577,107.16934924878156,14.652952919966447,105.40117915503208,77.97685022146369,123.46714384686378,86.10036171485098,15.76873202116857,-0.04494239372619116,17.139384730713257,0.9736578226089477,0.8471429705619813,0.999087142944336,0.8102234959602357,0.8197462975978852,0.9928731918334961,,,,,,
16.139999999975725,107.16899534712142,14.652411660723612,105.40138312710694,77.98105932044714,123.48797463878053,86.15022558912041,15.767663440778287,-0.06933827261124739,17.121930251450376,0.973904824256897,0.8471129655838013,0.9990867257118226,0.8102634727954865,0.819200623035431,0.9925676345825195,,,,,,
16.15999999997568,107.16877452555674,14.651423373111639,105.40288679884031,77.98593547003044,123.50853111864184,86.19970998051394,15.765666919428975,-0.13430264888482976,17.104539000124593,0.9741543889045715,0.8469780504703522,0.9990861177444458,0.8102978825569154,0.8187605857849122,0.9922402381896973,,,,,,
16.17999999997563,107.16870770117575,14.650189390627993,105.40592796576951,77.98739381840646,123.52880173074419,86.24868988716429,15.762405025317648,-0.1809510970672967,17.08727917974959,0.9743739128112793,0.8466981112957002,0.9990853667259216,0.8103446304798126,0.8183721899986267,0.9917588949203491,,,,,,
16.199999999975585,107.16882816927817,14.649136288766023,105.4083562378592,77.9866509231103,123.54877508008295,86.29704158157637,15.759066220355532,-0.1376199353304668,17.070218323806696,0.97456955909729,0.8465160310268403,0.9990847826004028,0.8103808879852296,0.8180259346961976,0.9913763999938965,,,,,,
16.21999999997554,107.1691802059414,14.648164236944728,105.4080260334988,77.99229331970758,123.56843993875799,86.34464292317375,15.757122825530233,-0.06674615581511115,17.05342311219525,0.9747207760810852,0.8463643431663513,0.9990843057632446,0.8104048550128937,0.8177922248840332,0.9910933256149292,,,,,,
16.239999999975492,107.16979066456584,14.646458586958774,105.40730274842385,78.0071608411992,123.58778525228536,86.39137366683634,15.755383825120092,-0.1415708011917359,17.036959189536475,0.974824047088623,0.8461366415023804,0.9990838050842286,0.8104346334934235,0.8176254034042358,0.9907327175140381,,,,,,
16.259999999975445,107.17064048963651,14.643285010902169,105.41168989552229,78.02263411294658,123.60680014581156,86.43711576664998,15.750292871904207,-0.38354339087450295,17.02089098629743,0.9749959826469421,0.8457983613014222,0.9990829825401306,0.8104603230953217,0.8174668967723847,0.9903109192848205,,,,,,
16.2799999999754,107.17166475759986,14.638228754408123,105.42292021291256,78.03840948760202,123.62547393022672,86.48175367410069,15.740066723037884,-0.627680759123079,17.00528154319395,0.9751789212226868,0.845485407114029,0.9990821480751038,0.8104716181755066,0.817365574836731,0.9899966597557068,,,,,,
16.299999999975352,107.17278677171623,14.630928726650824,105.4383143496586,78.0642379833702,123.64379610817343,86.5251746299602,15.725617653879194,-0.8117916469911098,16.990192339323652,0.9752514839172364,0.8453372120857239,0.9990817546844483,0.8104650795459748,0.8174025177955628,0.9899444103240966,,,,,,
16.319999999975305,107.17393782993389,14.62157200762233,105.45599403512719,78.09737142997004,123.66175637994779,86.5672689491256,15.70762750124077,-0.9865796075048046,16.975683124470084,0.9752791523933411,0.8452058196067811,0.9990814805030823,0.8104613900184632,0.817466026544571,0.9898918986320495,,,,,,
16.33999999997526,107.17505070424541,14.610719620743668,105.47484597733191,78.13032770122192,123.6793446492893,86.6079302976934,15.686411032595805,-1.1234366985683133,16.961811756008625,0.9752959251403809,0.8449861407279968,0.9990811109542846,0.8104732990264893,0.8175024867057801,0.989664101600647,,,,,,
16.359999999975212,107.17607815938275,14.598600235434056,105.49256114502778,78.1665183749738,123.69655102905645,86.6470559615682,15.663145175715515,-1.1975371731545525,16.948634040832992,0.9752537369728088,0.8447911262512208,0.9990808963775635,0.8104808568954468,0.817620038986206,0.9895009517669677,,,,,,
16.379999999975166,107.17698681023859,14.58517956054096,105.50821142319946,78.20801463565039,123.71336584678467,86.68454710592741,15.638376168457524,-1.2887771306021838,16.93620358270839,0.9751536846160889,0.8446676135063171,0.9990808963775635,0.8104875981807709,0.8177702724933624,0.9894031047821045,,,,,,
16.39999999997512,107.17774874619391,14.570858303367231,105.52298288302765,78.244651259542,123.72977965012367,86.72030902488662,15.61135312914701,-1.4080512145077093,16.924571635443325,0.9750311851501465,0.8445705235004426,0.9990809798240662,0.8104927957057954,0.8179417490959168,0.989340353012085,,,,,,
16.419999999975072,107.17835001839146,14.556607322572518,105.53537803228147,78.27003156995146,123.74578321215105,86.7542513807348,15.58289410705219,-1.4064339600176328,16.913786962257653,0.9748719930648804,0.8445305168628693,0.9990812301635742,0.8104956686496735,0.8181379795074464,0.9893427848815918,,,,,,
16.439999999975026,107.17880093702001,14.542942230226574,105.54065250006721,78.29575572993653,123.7613675365591,86.78628843213532,15.556157667851796,-1.257479320884879,16.90389570170807,0.9746480941772461,0.8446491837501526,0.9990818738937378,0.8105040788650513,0.8182840585708618,0.9894131422042847,,,,,,
16.45999999997498,107.17912182666537,14.529572314450052,105.5385875240619,78.32837613981424,123.77652386271212,86.8163392507159,15.532043546810078,-1.1853517245838223,16.89494124051618,0.9744047403335572,0.8448686003684998,0.9990827083587647,0.810517418384552,0.8183624207973481,0.9895066738128662,,,,,,
16.479999999974932,107.17931837152243,14.516280738912089,105.53515384184854,78.35439709899914,123.79124367057102,86.84432792550076,15.507518753086764,-1.2843143532764445,16.886964093626027,0.9742135167121887,0.8449906468391419,0.9990832805633545,0.8105223059654236,0.8184869647026063,0.9895958781242371,,,,,,
16.499999999974886,107.17937777417268,14.503187614611111,105.53326825896664,78.36795213868716,123.80551868548294,86.87018375466832,15.480850167981137,-1.3599227293035905,16.88000179180024,0.9740676641464233,0.8449860095977784,0.9990835428237915,0.8105213701725007,0.8186690866947175,0.9896450042724609,,,,,,
16.51999999997484,107.17928024802623,14.490536144622887,105.52946255881415,78.38019630519882,123.81934088283272,86.89384142415011,15.454188821087962,-1.2853648072313109,16.874088777044058,0.9738929867744446,0.8450526654720307,0.9990839958190918,0.810527914762497,0.8187968730926514,0.9896820545196533,,,,,,
16.539999999974793,107.17900712727345,14.478641447456475,105.52100352619965,78.39613243165621,123.83270249255389,86.91524117261983,15.429724655289311,-1.1659025770621807,16.86925630612711,0.9736855268478394,0.8452506840229035,0.999084722995758,0.810542917251587,0.8188309907913208,0.9897346496582031,,,,,,
16.559999999974746,107.17854025357873,14.467853661916191,105.50948393344576,78.40784225562942,123.84559600349667,86.93432894245561,15.40720981978181,-1.091432417030779,16.86553236245198,0.9734985828399658,0.8454271554946899,0.9990853786468505,0.8105538785457611,0.8188777804374695,0.9898009300231934,,,,,,
16.5799999999747,107.17785952936528,14.458382401553648,105.4966331530959,78.41159475451016,123.85801416765014,86.95105651629424,15.386129051113324,-1.008837649482407,16.862941576497143,0.9733281970024109,0.8455262660980225,0.9990858435630798,0.8105543911457063,0.8190158903598785,0.9899018764495849,,,,,,
16.599999999974653,107.17703500942788,14.450163100493425,105.48206620665589,78.41354632891534,123.86995000421682,86.96538163883248,15.36717376282093,-0.8834223822770936,16.861505155040504,0.9731406211853028,0.8456495344638825,0.9990863800048828,0.8105529844760895,0.8191715061664582,0.9900349736213684,,,,,,
16.619999999974606,107.17601166329023,14.442927726025394,105.46623007187729,78.41790054032978,123.88139680353683,86.97726812356753,15.350602154551696,-0.785142044949301,16.86124081934698,0.9729554891586304,0.8458244979381562,0.9990869998931885,0.8105570495128632,0.8192578852176666,0.9901506423950195,,,,,,
16.63999999997456,107.17475019863389,14.436442934531458,105.45166099426402,78.42107108455342,123.89234813085966,86.98668594420734,15.335281784394555,-0.7551249878307795,16.862162752480813,0.9728123426437378,0.8459589123725891,0.9990874767303467,0.8105610072612763,0.819319760799408,0.9902321338653565,,,,,,
16.659999999974513,107.17320879467538,14.43063459394479,105.43991730490943,78.42061105434351,123.90279782996147,86.99361131051963,15.320376642297687,-0.7286233305224297,16.86428155588043,0.9726990461349487,0.8460202515125275,0.9990877747535706,0.8105590760707856,0.8194280982017518,0.99031081199646,,,,,,
16.679999999974466,107.17143093153418,14.425532718265464,105.42993413252258,78.41986326404245,123.91274002660575,86.99802672842804,15.306524098993266,-0.6474514273986249,16.867604215309548,0.9725741028785706,0.8460861623287201,0.9990880966186524,0.8105552017688752,0.8195599019527435,0.9904091119766235,,,,,,
16.69999999997442,107.1693750107208,14.421256556893661,105.42028798734347,78.42079830790041,123.92216913184548,86.99992104420377,15.294685596687879,-0.5353166377404158,16.872134076274776,0.9724296808242798,0.8462030112743378,0.9990885257720947,0.8105529546737671,0.8196730375289918,0.9905257940292358,,,,,,
16.719999999974373,107.16702954328656,14.417938303371926,105.41090602427575,78.4212016977421,123.93107984516496,86.99928947264073,15.285064058210027,-0.4286848974322966,16.87787082897569,0.9722892284393311,0.8463265419006348,0.9990889668464661,0.8105492532253266,0.819786560535431,0.9906541585922242,,,,,,
16.739999999974327,107.16440492808923,14.415563022546051,105.40221006703187,78.42013132028539,123.93946715745943,86.99613360914351,15.277486556178731,-0.3300665943751224,16.884810502828998,0.9721598863601685,0.8464232683181763,0.9990893363952636,0.810541182756424,0.8199319422245026,0.9907962441444397,,,,,,
16.75999999997428,107.16152306012798,14.413962583191426,105.39445035374355,78.41901546238553,123.94732635385091,86.9904614256972,15.271789883795986,-0.2425357875003637,16.892945470584323,0.9720337629318238,0.8465136647224427,0.9990896701812744,0.8105305552482606,0.8200946688652039,0.9909506916999817,,,,,,
16.779999999974233,107.15841121932218,14.412984944227434,105.38802297273463,78.41781544021092,123.95465301633868,86.98228725072946,15.267641432473496,-0.17538651484889284,16.902264462024434,0.971915602684021,0.8466091632843018,0.9990900039672852,0.8105199813842774,0.8202449977397919,0.9911027431488038,,,,,,
16.799999999974187,107.1551013860304,14.412602374831252,105.38313095228368,78.41515706397678,123.96144302628275,86.97163173291567,15.264731650111964,-0.1140948241008979,16.91275258721833,0.9729963064193725,0.8447596430778503,0.9990853786468505,0.8106429278850555,0.8193324744701386,0.9888054966926575,,,,,,
16.81999999997414,107.1516327472198,14.412870904208356,105.37915038081184,78.41114100254441,123.96769256671924,86.9585217890186,15.263208885883756,-0.03421020538027052,16.924391369271685,0.9725341320037841,0.8454980432987214,0.9990872621536255,0.8105786323547364,0.8198265790939332,0.9899171113967895,,,,,,
16.839999999974093,107.14805290788847,14.413854480730482,105.37512871008013,78.40668161824276,123.97339812450595,86.94299053589434,15.263472982631473,0.061536847716336135,16.937158786494308,0.9719550609588623,0.8461978912353516,0.9990892887115479,0.8105192422866822,0.8204654633998871,0.9908944487571716,,,,,,
16.859999999974047,107.14441626231486,14.415601471373442,105.37069828471125,78.40121050355357,123.97855649229734,86.92507720683619,15.265635739503423,0.1529378329321681,16.951029323880864,0.9716706991195678,0.8465283453464508,0.9990902543067932,0.8104962766170503,0.8207506895065309,0.9912898063659668,,,,,,
16.879999999974,107.14078094544027,14.418131752275604,105.3659674682601,78.39357789450953,123.9831647703475,86.90482705246801,15.269525951892664,0.23515306811920478,16.965974033777076,0.9715045928955078,0.8465285241603852,0.9990904808044434,0.8104702591896058,0.8211308658123017,0.9915086507797242,,,,,,
16.899999999973954,107.13719529873158,14.419440841001418,105.36170110833058,78.41013102675652,123.98722036814019,86.8822912264372,15.274562019929563,0.20857439711888315,16.981960605580216,0.9715271949768066,0.8464253127574921,0.9990902662277221,0.8104618847370149,0.821228975057602,0.9915124654769898,,,,,,
16.919999999973907,107.13362699556271,14.41464618633638,105.37000742292003,78.46948713837166,123.99072100584509,86.85752665619619,15.272985149217988,-0.49411490709911116,16.998953444299858,0.9718086004257203,0.8457519829273225,0.9990887641906738,0.8104886591434479,0.8211445510387421,0.9909289240837097,,,,,,
16.93999999997386,107.12996882238112,14.404796508522672,105.40637212639844,78.49597724282494,123.99366471559945,86.83059589919861,15.25312689569158,-1.4253962099243564,17.016913757782145,0.9720779895782471,0.8448511004447937,0.9990867495536804,0.8104411900043488,0.8217488706111908,0.9907488822937012,,,,,,
16.959999999973814,107.12615178116695,14.391936923256598,105.45476879594807,78.51006204340594,123.99604984261425,86.80156698487396,15.221438950764648,-1.5906212870888599,17.0357996523786,0.9722150087356567,0.8441083669662476,0.9990852355957032,0.8104118466377259,0.8223055839538574,0.9905411958694458,,,,,,
16.979999999973767,107.12219998973178,14.377873559454985,105.48825533752616,78.560033353949,123.99787504610447,86.77051324277915,15.19333169559952,-1.203445925836502,17.05556623681934,0.972025203704834,0.8439132750034333,0.9990852832794189,0.8104293644428253,0.8225700616836549,0.9903500080108643,,,,,,
16.99999999997372,107.11821542988346,14.36408709428528,105.50460452639808,78.6225764443757,123.99913930004273,86.7375131173618,15.171519376245088,-1.0480397882902348,17.07616573402921,0.9714498281478882,0.8445848166942597,0.9990873217582703,0.8104039669036865,0.8230282366275787,0.9910410404205322,,,,,,
17.019999999973674,107.11433791560582,14.353990700540333,105.51489357796214,78.62126070353997,123.99984189373619,86.70264996980276,15.15023283940797,-1.007710240989613,17.097547600605406,0.9712527632713318,0.8445265114307404,0.9990875244140625,0.8103867471218109,0.8234632313251495,0.9911827445030212,,,,,,
17.039999999973627,107.11077526803558,14.353574273114246,105.50460814602023,78.5450089453549,123.99998243222593,86.66601186743844,15.1384786496017,0.030852349836376428,17.119658653655375,0.9706388950347901,0.8450910389423371,0.9990892887115479,0.810295307636261,0.8245769023895264,0.9922032952308655,,,,,,
17.05999999997358,107.10780620269387,14.35962857850918,105.44975292176103,78.53247238765981,123.99956083650912,86.62769136129516,15.153750441421304,1.361035314905137,17.1424432046751,0.9698794841766357,0.8463674783706665,0.9990926146507263,0.8103102385997772,0.8245137453079224,0.9927975177764893,,,,,,
17.079999999973534,107.10559368338119,14.366578553296696,105.38133512724445,78.56088776473274,126.5075931797104,86.58778525229721,15.182110388147654,1.1733559481974078,18.67424538595139,0.9694254159927368,0.8476249516010285,0.999095344543457,0.810323578119278,0.8240765690803529,0.9932855844497681,,,,,,
17.099999999973488,107.10408846641911,14.371837640099299,105.34935100555147,78.51985946620614,126.04435028067014,86.54639434673926,15.19355159190388,-0.02687895003929302,18.420631016564176,0.9694936156272889,0.8475029706954956,0.9990948915481568,0.8102228462696076,0.8248241901397706,0.9937856554985046,,,,,,
17.11999999997344,107.10311715069012,14.375623079403343,105.34872345449595,78.4368045113981,126.08869086806963,86.50362320164102,15.187193302814189,-0.3850938499316333,18.473001960508917,0.97040194272995,0.8459953546524048,0.9990924239158631,0.8101127088069916,0.8254897594451904,0.9938346147537231,,,,,,
17.139999999973394,107.10250092039777,14.378483861449068,105.34108866848717,78.41384400437651,126.1330120710464,86.45957986062699,15.184577621611691,0.16701451282329297,18.52612608566812,0.9714830875396728,0.8447278499603272,0.9990914583206176,0.8100623309612275,0.8250255584716797,0.9937625169754029,,,,,,
17.159999999973348,107.10210640011263,14.381052169518028,105.32071971731571,78.43898394004982,126.17730420268505,86.41437558099904,15.191140721419833,0.3599523134889803,18.57993068125255,0.9712594509124756,0.8453311979770661,0.9990930199623108,0.8100891351699829,0.8246426165103913,0.9938896179199219,,,,,,
17.1799999999733,107.1018395255439,14.38396910777636,105.30933792974835,78.43453980807521,126.22155758242411,86.36812455269066,15.195043774707193,0.005763124989405398,18.634341277215935,0.9708321452140808,0.8459237694740296,0.9990932226181031,0.8101226150989533,0.824695509672165,0.9938491463661194,,,,,,
17.199999999973254,107.10163510669214,14.387814288654287,105.30983593509099,78.3954660153214,126.26576253817173,86.32094360981341,15.193572717117174,-0.04895594363520769,18.68928181894316,0.9704379081726074,0.8460959851741792,0.9990925312042236,0.8101025223731995,0.8254290342330933,0.9939134836196899,,,,,,
17.219999999973208,107.10145235105735,14.393048975610405,105.30493825245208,78.37141651502219,126.30990940841973,86.27295193552374,15.196657044477698,0.3986274110775751,18.74467484595314,0.9699700117111206,0.8464790105819703,0.999092984199524,0.8101049780845643,0.825677752494812,0.9940454244613648,,,,,,
17.23999999997316,107.10125453537462,14.399932264777124,105.28923769729285,78.369289818622,126.35398854435518,86.22427076095599,15.208776188879474,0.7524640204633548,18.80044167416754,0.9699243545532227,0.8467169582843781,0.9990942120552063,0.8101032435894013,0.8256489634513855,0.9941787838935852,,,,,,
17.259999999973115,107.10099863992484,14.408539279237306,105.27377219803738,78.35395810391248,126.39799031196924,86.17502305898208,15.224354892705582,0.7717598562812237,18.85650258128813,0.9697951674461365,0.8471462905406952,0.9990948915481568,0.8101158499717713,0.8254145085811615,0.9942540407180787,,,,,,
17.279999999973068,107.10065921982361,14.418827355298102,105.26398034449346,78.31620981396924,126.44190509416289,86.12533323357127,15.239897436146219,0.8195283846275327,18.912776994817335,0.9695619344711304,0.8474734663963318,0.99909508228302,0.810106098651886,0.8256015956401825,0.994373369216919,,,,,,
17.29999999997302,107.10023922147298,14.430641219439968,105.25371719373011,78.2802591513449,126.48572329284873,86.07532680553506,15.258712899552139,1.0852445021391093,18.969183682249767,0.9701169490814209,0.8468426406383515,0.9990944385528564,0.8100636541843415,0.8255191147327423,0.994406795501709,,,,,,
17.319999999972975,107.09976614900637,14.443758308908503,105.23967790669735,78.25618686340573,126.52943533104882,86.02513009545059,15.283104539097776,1.3251393545503318,19.025640942957548,0.9703680515289307,0.846839302778244,0.9990948438644409,0.8100448608398438,0.8252105414867401,0.9945280075073242,,,,,,
17.339999999972928,107.09937087109661,14.457926098652838,105.22688477320405,78.22954658658608,126.57303165498784,85.97486990456403,15.310364094234911,1.37540852580068,19.082066801287343,0.9707652926445007,0.8466743528842926,0.9990947484970093,0.8100271344184876,0.8248241007328034,0.9945716142654419,,,,,,
17.35999999997288,107.09899631890454,14.472896396055681,105.2191256080714,78.19311030501957,126.61650273618119,85.92467319447954,15.337865080807319,1.385656666450995,19.1383792003843,0.9710983276367188,0.8464230120182038,0.9990941286087036,0.8100110292434692,0.8246354281902314,0.994550347328186,,,,,,
17.379999999972835,107.09873463532291,14.488421210829998,105.21406376233993,78.15739012725253,126.65983907351749,85.87466676644324,15.36645468777334,1.4860616171313614,19.19449619625627,0.9714501619338989,0.8460584998130799,0.9990934133529663,0.8099977254867554,0.8244737088680267,0.9944901943206788,,,,,,
17.39999999997279,107.09858919482988,14.504259252648502,105.20930624337771,78.12960274366756,126.70303119533523,85.82497694103233,15.39732299824265,1.5888382928539129,19.25033615159084,0.9718555927276611,0.8457061648368835,0.9990928769111633,0.8099861323833466,0.8241856575012207,0.9944381237030029,,,,,,
17.41999999997274,107.0985579020107,14.520190225338414,105.20646664165294,78.10417910106239,126.74606966149287,85.77572923905826,15.429321192689509,1.5951974763037087,19.305817928838543,0.9722508192062378,0.845395839214325,0.9990922689437867,0.80997633934021,0.8238805890083314,0.9943774104118347,,,,,,
17.439999999972695,107.0986617842589,14.536022604614926,105.20746386199029,78.07598913798702,126.78894506543209,85.72704806449033,15.460830091359783,1.5571769602193368,19.36086108207735,0.9725738048553467,0.8451122343540192,0.9990914821624756,0.8099664211273194,0.823691475391388,0.9943048477172851,,,,,,
17.45999999997265,107.09890943203975,14.551583654513978,105.21128655674217,78.04883072164343,126.83164803623376,85.67905639020044,15.491859780717297,1.5522975286955534,19.41538604717665,0.9728559494018555,0.8448374688625336,0.9990906953811646,0.8099562644958497,0.8235603392124177,0.9942343592643738,,,,,,
17.479999999972602,107.09930616838918,14.566707852061377,105.21624661839401,78.02707831807123,126.87416924066599,85.63187544732294,15.522978529613544,1.5548144466740839,19.46931432978317,0.9731445670127868,0.8445773005485535,0.9990900158882141,0.8099471151828767,0.8233880639076233,0.9941715121269226,,,,,,
17.499999999972555,107.09985575851418,14.58123772644881,105.22254887398083,78.00882911748498,126.91649938522406,85.58562441901428,15.553705956050853,1.5084388775084656,19.52256869065682,0.9734259366989135,0.8443411588668823,0.9990893602371216,0.8099390745162964,0.8232016384601594,0.9941081404685974,,,,,,
17.51999999997251,107.10055959260205,14.59503305743669,105.23106125861257,77.99091951306228,126.9586292181616,85.540420139386,15.583063841166044,1.4253796112846848,19.575073327891165,0.9736716985702515,0.8441183030605317,0.9990886449813843,0.8099309861660005,0.8230703353881836,0.9940398335456848,,,,,,
17.539999999972462,107.10141833255847,14.607974465493857,105.24138441200142,77.97434228851694,127.00054953151269,85.49637679837161,15.610773679955916,1.3482387863425298,19.626754055560962,0.9738903999328613,0.8438972413539887,0.999087905883789,0.8099225163459778,0.8229826033115387,0.9939726233482361,,,,,,
17.559999999972415,107.10243485980679,14.619964135671376,105.25246484063499,77.96139642174857,127.04225116310435,85.45360565327299,15.637036733278979,1.2765815954677953,19.67753847834832,0.974102771282196,0.8436838626861572,0.9990872502326965,0.8099144339561463,0.8228884637355804,0.9939112544059754,,,,,,
17.57999999997237,107.10362576335807,14.630892093399744,105.26400703597007,77.95157413976665,127.08372499855905,85.41221474771463,15.661690974670641,1.1842739958267963,19.727356161709206,0.9743033289909363,0.8434895396232606,0.9990866422653198,0.8099071741104127,0.8227900028228761,0.9938532948493958,,,,,,
17.599999999972322,107.10501141397503,14.640701065996923,105.27623224123246,77.9430481347325,127.12496197328676,85.37230863871622,15.684270068227566,1.072179863801649,19.776138797153116,0.9744758367538452,0.843313604593277,0.9990860462188721,0.8099003553390504,0.822721803188324,0.9937961339950562,,,,,,
17.619999999972276,107.10659001284229,14.649397727914735,105.28889007799057,77.935713931376,127.16595307446613,85.33398813257247,15.704598103346527,0.96231404513509,19.82382036222123,0.9746209621429444,0.8431500971317292,0.9990854501724243,0.8098937273025513,0.8226861119270326,0.9937423229217529,,,,,,
17.63999999997223,107.10836327879714,14.656991781837487,105.30132356320324,77.93054179126868,127.20668934301433,85.29735003020765,15.722820729388822,0.8604674457131333,19.870337274761695,0.9747506260871888,0.8429986953735352,0.9990849494934082,0.8098875343799592,0.8226578056812287,0.9936947345733642,,,,,,
17.659999999972182,107.11033495030088,14.663509144836008,105.31317926292793,77.92740534843155,127.24716187554516,85.26248688264808,15.73899348829437,0.7555544769692297,19.915628541115016,0.9748671650886536,0.8428634226322175,0.9990844964981079,0.8098820149898529,0.8226300179958344,0.993652606010437,,,,,,
17.679999999972136,107.11250797621383,14.668991988068575,105.32446702906735,77.92528249008862,127.28736182631502,85.22948675723018,15.753004019144146,0.6453313565388076,19.959635897837945,0.9749648332595825,0.8427435755729675,0.9990840792655945,0.8098770022392273,0.8226164817810059,0.9936141490936279,,,,,,
17.69999999997209,107.1148827839286,14.67349640980986,105.33508966566531,77.92380089580914,127.32728040915623,85.1984330151348,15.764840957839873,0.5399957423185107,20.00230394661058,0.9750438213348389,0.8426349878311158,0.9990836977958679,0.8098722815513612,0.8226209580898285,0.993579876422882,,,,,,
17.719999999972043,107.1174566098534,14.67708892225504,105.3447518198933,77.92330389631108,127.36690889939734,85.16940410080953,15.774674284935234,0.44482083870477124,20.04358028198861,0.9751111507415772,0.8425356149673462,0.9990833759307861,0.8098679125308991,0.8226310431957246,0.9935510396957398,,,,,,
17.739999999971996,107.12022299576473,14.679843592605405,105.35327845007497,77.92379859470965,127.40623863577001,85.14247334381135,15.78267205960313,0.3554929356926268,20.083415611680465,0.9751698255538941,0.84244704246521,0.9990831136703491,0.8098640143871307,0.8226399958133698,0.9935273408889771,,,,,,
17.75999999997195,107.12317111349549,14.681840000402728,105.36071874189903,77.92478651337457,127.44526102230206,85.11770877356967,15.788914652225621,0.2695444203347383,20.121763869048547,0.975217628479004,0.8423700094223023,0.999082887172699,0.8098605692386628,0.8226526618003845,0.9935075998306274,,,,,,
17.779999999971903,107.12628539747728,14.683161028179724,105.36713651749876,77.92597454307509,127.4839675301962,85.09517294753822,15.793503661441752,0.19102028589152617,20.158582317552554,0.9752545356750488,0.8423024117946625,0.9990826964378356,0.8098574697971345,0.8226719021797181,0.9934914827346801,,,,,,
17.799999999971856,107.1295457402099,14.683890371774769,105.37250658272727,77.92748237707592,127.52234969969405,85.07492279316936,15.796628013074274,0.12316695359465929,20.193831646873985,0.9752832174301147,0.8422438502311707,0.9990825414657593,0.8098547518253327,0.822692483663559,0.9934794664382934,,,,,,
17.81999999997181,107.13292793868288,14.684110526644597,105.37683890873367,77.92937524982418,127.56039914192523,85.05700946411052,15.798490257288417,0.06429907914348675,20.227476060481518,0.9746036767959595,0.8441034436225892,0.9990867495536804,0.8099437057971954,0.8217081010341645,0.9937891244888306,,,,,,
17.839999999971763,107.13640415305575,14.683901458724534,105.3802566894991,77.93145861272077,127.59810754074076,85.04147821098556,15.79924522025025,0.01235509332493286,20.25948335441848,0.9762943744659424,0.8415367424488068,0.9990819334983826,0.8098356544971467,0.8216136276721955,0.9933741331100464,,,,,,
17.859999999971716,107.1399435410612,14.683339489917556,105.38290995995614,77.93357110792594,127.63546665453063,85.02836826708779,15.799037339160247,-0.03164623633336615,20.289824987116152,0.9765915393829345,0.8412448406219483,0.9990800857543946,0.8098232746124268,0.8215493202209473,0.9931882977485657,,,,,,
17.87999999997167,107.14351319896188,14.682496182357026,105.38489986534107,77.93575837566598,127.67246831802522,85.01771274927329,15.79804238595099,-0.06629594741278072,20.31847614005893,0.9767678737640381,0.8415548026561738,0.9990800619125366,0.8098455488681794,0.8209410607814789,0.9931231737136841,,,,,,
17.899999999971623,107.14707924361377,14.681437503456248,105.38631820038249,77.9380867145952,127.70910444407978,85.00953857430481,15.796441977432917,-0.0925005095224997,20.34541576915063,0.97627032995224,0.8424591422080994,0.9990811109542846,0.8099062263965607,0.8207680642604829,0.993082070350647,,,,,,
17.919999999971576,107.15061144037224,14.680238558844172,105.38728983857932,77.94028390461368,127.74536702544204,85.00386639085778,15.794390402711054,-0.11114702699457948,20.37062664665465,0.9755086183547974,0.8438498198986054,0.9990827560424804,0.809963721036911,0.8207002699375153,0.993222999572754,,,,,,
17.93999999997153,107.15408485174206,14.678932560350297,105.387877918552,77.94294121265828,127.78124813650227,85.00071052735981,15.79206673246189,-0.12094187404935385,20.394095393604584,0.975271463394165,0.8444242179393768,0.999083423614502,0.810016143321991,0.8203817248344422,0.9931171298027038,,,,,,
17.959999999971483,107.1574433358174,14.677252483821697,105.38850063860903,77.94934376783588,127.81673993502555,85.00007895579604,15.789413680124747,-0.15251128305712916,20.415812502605643,0.974493145942688,0.8454835057258606,0.9990844607353211,0.8100740671157838,0.8205559372901917,0.9931177854537964,,,,,,
17.979999999971437,107.1606192244797,14.674907613277105,105.39073610231877,77.95815963374346,127.85183466386572,85.00197327157103,15.78555467769742,-0.241172088880759,20.435772350971924,0.9739825248718261,0.8464319288730622,0.9990856647491455,0.8101122319698334,0.8204760611057282,0.9932237386703491,,,,,,
17.99999999997139,107.16354960523232,14.672050420710947,105.39552453289116,77.96395245062344,127.88652465266082,85.00638868947873,15.779795819204402,-0.3245025246517145,20.45397320416856,0.9744086384773254,0.8460475862026215,0.9990849494934082,0.810108745098114,0.8201395332813264,0.993088173866272,,,,,,
18.019999999971343,107.16620171816365,14.669123433724515,105.40086037402143,77.96714685854687,127.92080231950959,85.01331405579029,15.773225002266303,-0.31301382611622397,20.470417209552462,0.9740639925003052,0.8457392811775208,0.9990841388702393,0.8102138698101045,0.8201821088790894,0.9922655105590821,,,,,,
18.039999999971297,107.16858405115698,14.666603951010227,105.40352445964389,77.97167394377423,127.9546601726285,85.02273187642938,15.767946687937986,-0.2074435330879852,20.485110380429777,0.973899507522583,0.8462474048137665,0.9990851402282714,0.8101566374301911,0.8204562246799469,0.9928661227226258,,,,,,
18.05999999997125,107.17073194256126,14.66433078817644,105.40305131209993,77.98145819527971,127.98809081198918,85.03461836116371,15.764647635550313,-0.14037337603509706,20.49806257047264,0.9738100886344909,0.846153873205185,0.9990852117538452,0.8101821541786194,0.8204563677310944,0.9926937818527222,,,,,,
18.079999999971204,107.17269555882504,14.66227855764526,105.40262430291396,77.98695529825949,128.02108693093587,85.04894348370122,15.761642810424494,-0.16789895379589742,20.509287438562165,0.9733973979949951,0.846732532978058,0.9990866184234619,0.8101303100585938,0.8209779858589172,0.9932856321334839,,,,,,
18.099999999971157,107.17452578634581,14.660546486028704,105.40336479659567,77.98575215632913,128.05364131778222,88.97145216186713,15.758169479393864,-0.16624629197155652,18.170675034732238,0.9733396291732788,0.847266709804535,0.9990872502326965,0.8101259410381317,0.8207469940185548,0.9934766888618469,,,,,,
18.11999999997111,107.17625674082817,14.658156358388949,105.40370949275987,77.99817279484009,128.0857468573877,86.90337324094921,15.755138118189246,-0.15888457226306077,19.433290752523824,0.9731722593307495,0.8472544372081757,0.999087393283844,0.810117655992508,0.8210321307182312,0.9935335874557495,,,,,,
18.139999999971064,107.17789293909081,14.653495197514099,105.40799941925177,78.0276741774914,128.11739653271246,86.80697215817142,15.749851794392457,-0.4213107997110497,19.51027394275994,0.973387086391449,0.8467564165592194,0.9990867137908935,0.8101327896118165,0.8209574222564697,0.9932857632637024,,,,,,
18.159999999971017,107.17940386548443,14.64755312762722,105.42242358047045,78.03581106402937,128.14858342635114,86.71102190086222,15.737723978974012,-0.7503549635152248,19.586707878978103,0.9734492778778077,0.8469976782798767,0.9990864157676697,0.8101053833961487,0.8209295868873596,0.9934500932693482,,,,,,
18.17999999997097,107.18078262907812,14.642406119538718,105.43791398502636,78.02602260733677,128.17930072204476,86.61574656529346,15.723276283050627,-0.5996179424745179,19.662453738233797,0.9734378337860108,0.8460738182067872,0.999085259437561,0.8100968897342682,0.8216085135936737,0.9931957244873046,,,,,,
18.199999999970924,107.18207953941292,14.63841215009052,105.44011415802548,78.03935314611569,128.20954170617037,86.52136867142598,15.715708767620944,-0.1683845277465183,19.73737370695332,0.9731670498847962,0.8462349593639374,0.9990861415863037,0.8101101577281953,0.8217588484287263,0.9932482719421387,,,,,,
18.219999999970877,107.18337679267218,14.635528046313771,105.43245237284825,78.06102104770075,128.23929976920851,86.42810864320391,15.714358868123563,-0.03582057751013102,19.811331294259315,0.9729984164237976,0.8466540336608888,0.9990866899490356,0.8100971102714539,0.8218064963817597,0.9934584140777588,,,,,,
18.23999999997083,107.18473808753461,14.634014236613902,105.42661554941833,78.05492968031791,128.26856840718773,86.33618429374442,15.712617360052546,-0.1328631054113107,19.884191642339452,0.9727126479148864,0.8465135991573334,0.9990866184234619,0.8100730121135712,0.8224736988544464,0.9935549855232239,,,,,,
18.259999999970784,107.1862017664371,14.634467376102702,105.4213675666111,78.02693877054065,128.29734122310612,86.24581031662503,15.710906410514008,0.02349559277948126,19.955821833135396,0.9724290370941162,0.8463945865631104,0.9990868330001831,0.8100638628005982,0.8230145931243897,0.9936022520065307,,,,,,
18.279999999970737,107.18779766305468,14.63617828881976,105.40811090732039,78.01835602546508,128.32561192832947,86.15719778445678,15.714846884744746,0.3516472093264149,20.026091190637548,0.9723114371299744,0.8468625247478485,0.9990875244140625,0.8100613713264466,0.82287095785141,0.9937695264816284,,,,,,
18.29999999997069,107.18952539513056,14.637649701127698,105.39189760551007,78.02949217135803,128.35337434396575,86.07055365591445,15.722346319034775,0.3144084735121492,20.0948715780813,0.9720080137252808,0.8473587274551392,0.9990898013114929,0.8100324392318726,0.8227480828762055,0.9940184116363525,,,,,,
18.319999999970644,107.19134017860341,14.638564722960927,105.38584241862556,78.02209869521388,128.3806224022155,85.98608029237495,15.725311889407896,-0.02017877883507918,20.16203768935229,0.9721791028976441,0.847262579202652,0.9990884184837341,0.8100610792636872,0.8227535247802735,0.9939297437667847,,,,,,
18.339999999970598,107.19317993909799,14.639092706991272,105.38896390884335,78.00129456081447,128.40735014769803,85.90397498529292,15.723223997880314,-0.12443989669658082,20.22746733392218,0.973132586479187,0.8456819415092469,0.9990864992141724,0.8099967002868653,0.8228013753890991,0.9937862277030944,,,,,,
18.35999999997055,107.1949972988692,14.639408469453992,105.3904055170192,77.99695626848376,128.43355173875315,85.82442949541742,15.72226609032714,0.04452463370651081,20.291041714650774,0.9734371781349183,0.84511598944664,0.9990860223770142,0.8099730849266052,0.8228536784648895,0.9937566995620728,,,,,,
18.379999999970504,107.19676561919908,14.639663421881872,105.38793210423698,78.00741025153313,128.4592214487178,85.74762960492583,15.724314049414163,0.12327030484363873,20.352645697807393,0.973529577255249,0.8449727058410645,0.9990862131118774,0.8099678039550782,0.822805416584015,0.9937760353088378,,,,,,
18.399999999970458,107.19847025277747,14.640015088258703,105.38755490146504,78.00992498569434,128.48435366717777,85.67375468352094,15.725976369934488,0.03214502947892599,20.412168074682707,0.973602557182312,0.8447756826877595,0.9990859985351562,0.8099589049816132,0.8228849828243257,0.993764591217041,,,,,,
18.41999999997041,107.20010703954172,14.640621456413285,105.39059105472244,78.00141568577301,128.5089429011938,85.6029772695047,15.726106506682251,0.0091419941168518,20.469501814181292,0.9736564636230469,0.8444725096225739,0.9990854978561401,0.8099439144134521,0.8231278598308563,0.9937375783920288,,,,,,
18.439999999970365,107.20167369080043,14.641561783088758,105.39232628203062,77.99662451871447,128.53298377650228,85.53546266680706,15.72737239696688,0.1304084326748055,20.524544305806838,0.9737201571464539,0.8442120254039764,0.9990853548049927,0.8099317014217378,0.8232776165008545,0.9937374234199524,,,,,,
18.459999999970318,107.2031587990709,14.642835589293862,105.39094759180603,77.99894385226841,128.55647103868978,85.47136855891092,15.731137533702755,0.22820859939080626,20.577197592473745,0.9738560557365418,0.8439951479434967,0.9990854620933532,0.809923267364502,0.8232320487499237,0.9937506318092346,,,,,,
18.47999999997027,107.20454072610059,14.644426572501247,105.3895158850324,77.99823685941878,128.57939955434142,85.41084464057509,15.735743432530375,0.22023164606359086,20.627368592603084,0.9740273118019104,0.8437573850154877,0.9990853786468505,0.8099140763282776,0.8231666564941407,0.9937443971633911,,,,,,
18.499999999970225,107.20580227951297,14.646300307757668,105.3898431368082,77.99093299032069,128.60176431216297,85.35403226821525,15.739932051315256,0.2080842942001614,20.674969310985574,0.974188756942749,0.8434786379337311,0.9990850448608398,0.8099022746086121,0.8231832981109619,0.9937209248542785,,,,,,
18.519999999970178,107.2069331967666,14.648407520344401,105.39025530036868,77.98388158190225,128.62356042407595,85.30106412975945,15.744526487628033,0.2592654436504849,20.719917037920467,0.9743643522262573,0.8431908190250397,0.9990847826004028,0.8098902881145478,0.8231773793697358,0.9937013745307922,,,,,,
18.53999999997013,107.20793032714428,14.650686348126085,105.38950885126488,77.98073779258519,128.64478312628611,85.25206393474937,15.750300135043815,0.3107542631634106,20.762134536166815,0.9745656609535217,0.8429403305053711,0.9990846395492554,0.8098808228969574,0.8230747997760773,0.993688416481018,,,,,,
18.559999999970085,107.20879471495657,14.653074439465957,105.38880266061967,77.97753920171779,128.66542778032462,85.20714612541089,15.756567030596882,0.3078002152211788,20.801550215271636,0.9747493505477905,0.8427423179149628,0.9990844607353211,0.8098736643791199,0.8229562997817994,0.9936701893806458,,,,,,
18.57999999997004,107.2095282550057,14.65551553717627,105.38930059791524,77.97157284170687,128.68548987406174,85.166415609369,15.762497470654315,0.28767314456646215,20.83809829286927,0.9748880386352539,0.8425785005092621,0.999084186553955,0.8098673284053803,0.8228949844837189,0.9936452507972717,,,,,,
18.59999999996999,107.21013343293437,14.657956276184986,105.39042687037949,77.96552689779628,128.7049650226931,85.12996751463116,15.768266041142807,0.2935927765668965,20.8717189425765,0.9750029921531678,0.8424381136894227,0.999083960056305,0.8098618030548096,0.8228500485420227,0.993623161315918,,,,,,
18.619999999969945,107.2106142822596,14.660344024231174,105.39137205590302,77.96184789193818,128.72384896969803,85.0978869674115,15.774285901954121,0.3058575612010976,20.902358428139223,0.9751158714294433,0.8423291623592377,0.9990838050842286,0.809857988357544,0.8227689445018769,0.9936067342758179,,,,,,
18.6399999999699,107.21097571979611,14.662630517632543,105.39246501423267,77.9591606919621,128.74213758776986,85.0702488933145,15.78031941100775,0.29285473263302403,20.929969223518643,0.9752109289169312,0.8422636032104492,0.9990836977958679,0.8098561406135559,0.8226739287376404,0.9935920715332032,,,,,,
18.659999999969852,107.21122263205906,14.664775315947681,105.39430506960072,77.9557313281207,128.759826879718,85.04711784234281,15.785898715074964,0.2651345220196367,20.954510118637614,0.9752822875976562,0.8422195255756378,0.9990835428237915,0.8098549365997315,0.8226046144962311,0.9935748696327209,,,,,,
18.679999999969805,107.21136076282995,14.666745209260508,105.39670636442798,77.95238055043767,128.77691297934155,85.0285478381378,15.790996073397078,0.2468750930731211,20.975946310541417,0.975340723991394,0.8421861588954926,0.999083399772644,0.8098540484905243,0.8225482285022736,0.9935580253601074,,,,,,
18.69999999996976,107.21139818905179,14.668513025617932,105.39916830842454,77.95045315015446,128.79339215227432,85.01458225180471,15.795818662479935,0.23486584565571678,20.994249479761077,0.9753942966461182,0.842173707485199,0.9990833044052124,0.8098542332649231,0.8224752247333527,0.9935446500778198,,,,,,
18.719999999969712,107.21134545610784,14.670058770665403,105.40166855968705,77.94954992855891,128.80926079680108,85.00525370061753,15.800320187497107,0.21306891851425533,21.0,0.9754351854324341,0.8421945750713349,0.9990832448005676,0.8098559617996216,0.8223893046379089,0.9935333967208863,,,,,,
18.739999999969665,107.21121483263254,14.671371006662694,105.40444255178856,77.94865260029167,128.82451544464465,85.00058397183979,15.804281901689942,0.18278392678801245,21.0,0.9754545211791992,0.8422486782073975,0.9990831971168518,0.809859037399292,0.8223097622394562,0.9935225963592529,,,,,,
18.75999999996962,107.21102007775592,14.67244630354398,105.40741326563564,77.94783915724669,128.83915276172394,85.00058397183943,15.80766052055483,0.15635218888300245,21.0,0.9754565715789795,0.8423293113708497,0.9990831613540649,0.8098631978034974,0.8222341001033784,0.9935134768486023,,,,,,
18.779999999969572,107.21077642149747,14.673287455089822,105.41027815300127,77.94773268714316,128.85316954888273,85.00525370061646,15.810575289456342,0.1354446492571249,21.0,0.975448751449585,0.8424351274967194,0.9990831851959229,0.8098685383796692,0.8221482038497925,0.9935073494911194,,,,,,
18.799999999969526,107.21049998652047,14.673902507730476,105.41292235523798,77.94825124096465,128.8665627425889,85.01458225180293,15.81306353238583,0.11261102374628458,21.0,0.9754313468933106,0.8425674080848694,0.9990832328796386,0.8098751068115235,0.822051364183426,0.9935034275054931,,,,,,
18.81999999996948,107.21020686356319,14.674304467116883,105.41541863432887,77.94883727607461,128.8793294156039,85.02854783813534,15.815055912440451,0.08649504922812602,21.0,0.9754040718078614,0.8427200138568879,0.9990833044052124,0.8098825514316559,0.8219524562358856,0.9935001134872437,,,,,,
18.839999999969432,107.20991253713919,14.674510436737991,105.41774739490184,77.94935919774422,128.89146677762253,85.04711784233966,15.816540037893523,0.06271850982732399,21.0,0.9753673315048218,0.8428889393806458,0.9990833759307861,0.8098906636238099,0.8218547523021699,0.9934975147247315,,,,,,
18.859999999969386,107.20963167276516,14.67454028765796,105.41976507660294,77.95007348674761,128.9029721758829,85.07024889331065,15.817596435700544,0.04348529435498898,21.0,0.9753224730491639,0.8430757999420166,0.9990834712982177,0.8098995625972748,0.8217530846595764,0.9934966206550598,,,,,,
18.87999999996934,107.20937777638748,14.674415743812146,105.42139628450748,77.95100089519342,128.91384309574613,85.09788696740698,15.818288231056004,0.025653382113417722,21.0,0.9752676725387573,0.8432862579822541,0.9990836024284363,0.8099095106124878,0.8216448485851289,0.9934978723526001,,,,,,
18.899999999969292,107.2091626568922,14.674159871681082,105.42268155070731,77.95187684845845,128.92407716124603,85.12996751462597,15.818620517442712,0.0076766769073986964,21.0,0.9751984596252441,0.8435251593589783,0.9990837574005127,0.8099206566810608,0.821533739566803,0.9935011982917785,,,,,,
18.919999999969246,107.20899602233013,14.673796361363381,105.42365110494366,77.95257884755299,128.93367213560833,85.16641560936314,15.818609670452705,-0.008184291286724033,20.987303674683723,0.975111210346222,0.8437974154949188,0.999083960056305,0.8099331974983216,0.8214211821556092,0.9935071706771851,,,,,,
18.9399999999692,107.20888530056489,14.673348522036983,105.42427554974748,77.953216592977,128.9426259217396,85.20714612540439,15.818318331772836,-0.020387994751691747,20.968199734340132,0.9750080943107605,0.8441009581089021,0.999084186553955,0.8099470376968384,0.8213053762912751,0.9935157537460327,,,,,,
18.959999999969153,107.20883557372562,14.672838520500362,105.42454584346814,77.95384758928672,128.95093656268548,85.25206393474225,15.817809936955062,-0.03021327848116111,20.946191769294995,0.9748921155929565,0.8444337666034699,0.9990844607353211,0.8099621176719666,0.8211836755275727,0.9935264587402344,,,,,,
18.979999999969106,107.20884957714635,14.672287073266949,105.42451547356183,77.95437727874811,128.9586022420586,85.30106412975172,15.817116983875772,-0.03887708679195532,20.92134175725521,0.9747642993927002,0.8447941899299622,0.999084746837616,0.809978348016739,0.8210566520690918,0.9935386896133422,,,,,,
18.99999999996906,107.20892787848857,14.671713356732964,105.4242471207251,77.95474060695992,128.96562128443534,85.35403226820692,15.816267204964968,-0.04568446062344112,20.893717492807266,0.9746238708496093,0.8451814234256745,0.9990850687026978,0.8099956572055818,0.8209268212318421,0.993552303314209,,,,,,
19.019999999969013,107.20906929735577,14.671134975367924,105.42377225596009,77.95499104415248,128.9719921557223,85.4108446405662,15.815308202793709,-0.04975875630521297,20.863392426947552,0.9744737267494201,0.8455903887748719,0.9990853905677796,0.8100138187408448,0.8207942545413971,0.9935670375823975,,,,,,
19.039999999968966,107.20927144881863,14.670568075351099,105.42311791756235,77.95518278094784,128.97771346349123,85.47136855890147,15.814292314961003,-0.05152295873096574,20.8304454935816,0.97431560754776,0.8460196852684021,0.9990857362747192,0.8100327849388123,0.8206578195095062,0.9935825943946839,,,,,,
19.05999999996892,107.20953123258103,14.670027486611076,105.42233334690013,77.95529187334716,128.9827839572837,85.53546266679709,15.81325761914083,-0.05169915449963798,20.79496092339821,0.9742117404937745,0.8462930500507355,0.9990859031677246,0.810060089826584,0.8204917013645172,0.993506395816803,,,,,,
19.079999999968873,107.20984524428627,14.669526750995242,105.42147135816174,77.9552847575841,128.98720252888415,85.60297726949423,15.812235568522713,-0.050182088712854,20.757028045553245,0.9741038799285888,0.8465725064277649,0.9990860939025878,0.810088610649109,0.8203226387500764,0.9934243440628052,,,,,,
19.099999999968826,107.21021016575764,14.669078032728216,105.42056530237194,77.95517900064723,128.99096821256234,85.67375468350998,15.811264251743749,-0.04660303224424899,20.716741077626846,0.9739912986755371,0.8468626201152802,0.9990862607955933,0.8101180911064149,0.8201507210731507,0.9933388352394104,,,,,,
19.11999999996878,107.21062312871064,14.668692032784104,105.41963757214607,77.95500242388259,128.99408018528416,85.74762960491441,15.810383813207093,-0.04118000389281846,20.67419890434476,0.9739104270935058,0.8471122860908509,0.9990864038467407,0.810146462917328,0.8199663043022156,0.9932456970214844,,,,,,
19.139999999968733,107.21108196777134,14.66837792510102,105.41871568007927,77.95474622970151,128.99653776689172,85.82442949540558,15.80962576648406,-0.03443415596963825,20.629504845581,0.9740885853767395,0.847052699327469,0.9990861177444458,0.8101763546466828,0.8195782601833344,0.9930255293846131,,,,,,
19.159999999968687,107.21158507121714,14.668139014854532,105.41782962352494,77.95444704847075,128.99834042025196,85.90397498528067,15.809012939935238,-0.026787598222831267,20.58276641418394,0.9742656469345092,0.8470208525657654,0.999085807800293,0.8102130651474,0.8191393792629242,0.992758572101593,,,,,,
19.17999999996864,107.21213027588954,14.66795808527414,105.41702969038244,77.9543103393979,128.99948775137395,85.98608029236233,15.808547227163558,-0.020253304026714592,20.53409506419128,0.9744460463523865,0.846986335515976,0.9990854978561401,0.8102503955364228,0.8187024354934693,0.9924766063690186,,,,,,
19.199999999968593,107.2127145503334,14.667799093558536,105.41643695731905,77.95447511646495,128.99997950949512,86.07055365590149,15.808173260999398,-0.018072524025914347,20.483605930022705,0.9746302366256714,0.8469471693038941,0.9990851640701294,0.8102882385253907,0.8182689487934113,0.9921784400939941,,,,,,
19.219999999968547,107.21333380921757,14.667613142823226,105.4162171943712,77.95501601545148,128.99981558713597,86.1571977844435,15.807785496479616,-0.021640917544527887,20.43141755725885,0.9748185873031616,0.846900463104248,0.9990848064422607,0.810326498746872,0.8178409278392792,0.991862416267395,,,,,,
19.2399999999685,107.21398042097836,14.66701518716943,105.41662976609284,77.96059906168114,128.99899602012368,86.24581031661147,15.807194639599658,-0.04833710697478163,20.377651625635895,0.9750101327896118,0.8468452036380768,0.9990844249725341,0.810365116596222,0.8174202859401704,0.991527545452118,,,,,,
19.259999999968453,107.2146287681741,14.664966794865599,105.4198236024098,77.97694052925213,128.99752098758415,86.33618429373061,15.804961409580237,-0.20280290399362103,20.32243266490245,0.9752391219139099,0.8467045068740845,0.9990838527679443,0.8104083836078644,0.8169852375984192,0.9910951852798462,,,,,,
19.279999999968407,107.21522671219654,14.661118493664382,105.42948520841293,77.99349606609735,128.99539081190292,86.42810864318989,15.798327814793977,-0.463347445888501,20.265887764202525,0.9754903078079223,0.8464504718780518,0.9990830421447754,0.8104440808296204,0.8166363716125489,0.99063481092453,,,,,,
19.29999999996836,107.21571321821204,14.655614553596653,105.44477538628524,78.0088862518136,128.99260595865474,86.52136867141176,15.786989730044144,-0.6461846500449387,20.208146275663317,0.9757359504699707,0.8461307525634766,0.9990821123123169,0.8104799211025239,0.8163326859474183,0.9901164293289184,,,,,,
19.319999999968314,107.21603698881094,14.648653153479257,105.460889229453,78.03264057100871,128.98916703650173,86.6157465652791,15.773329067979551,-0.7092719300801648,20.14933951287981,0.9759202241897583,0.8458970725536347,0.9990814685821533,0.8105227291584015,0.8160192310810089,0.9895819664001465,,,,,,
19.339999999968267,107.21615712249087,14.640362796077788,105.4757137761016,78.065626815273,128.98507479706038,86.71102190084774,15.758510568869522,-0.7852777130349953,20.089600445000418,0.9760496854782105,0.8457512438297272,0.9990810513496399,0.8105662703514099,0.8157223522663117,0.9890860795974732,,,,,,
19.35999999996822,107.21607437538587,14.630673005262599,105.49095409610496,78.10022880148398,128.9803301347373,86.80697215815684,15.74137692374469,-0.9381646562400298,20.02906338712805,0.9761728763580322,0.8455547273159028,0.9990805625915528,0.810603564977646,0.8154953181743623,0.9885953187942504,,,,,,
19.379999999968174,107.21578410751216,14.619360176674173,105.50784838399652,78.1353189322166,128.97493408653375,86.90337324093458,15.720823953370894,-1.1166610376794381,19.967863687759245,0.9762840270996094,0.8452989041805268,0.9990799903869629,0.8106352210044862,0.815342938899994,0.9881023168563843,,,,,,
19.399999999968127,107.21527488800885,14.606154687268862,105.52585636028037,78.17519768452298,128.96888783181896,86.99999999998535,15.696764348558174,-1.2901977086929695,19.906137413991313,0.9763624429702759,0.8450730443000793,0.9990795254707336,0.8106690526008606,0.8152015745639801,0.987601637840271,,,,,,
19.41999999996808,107.21453105276096,14.590827246003643,105.54465362083589,78.22153283160004,128.96219269207234,87.09662675903617,15.669044176710463,-1.4887068323219657,19.84402103523227,0.9764209032058716,0.8448846459388734,0.9990791797637939,0.8107089996337891,0.8150343537330628,0.9870555400848389,,,,,,
19.439999999968034,107.21353494715915,14.573340887612952,105.56473826220387,78.27074319830722,128.95485013059468,87.193027841814,15.637001043611605,-1.7168547392783924,19.78165110615218,0.976471996307373,0.8446744143962861,0.9990788102149963,0.8107492983341218,0.8148865699768066,0.9864712953567505,,,,,,
19.459999999967987,107.21227189476602,14.553897979488118,105.58558077118363,78.32032365999751,128.94686175218837,87.28897809912328,15.60056709886025,-1.9169663482486925,19.719163949615645,0.9764951944351197,0.8444449305534363,0.9990784645080566,0.8107851505279542,0.8148012280464173,0.9859084844589233,,,,,,
19.47999999996794,107.21073494590524,14.532739916503221,105.60513871944643,78.37261481250948,128.9382293028066,87.38425343469216,15.560729567393624,-2.0594858989002134,19.656695340336018,0.9764695167541504,0.8442534863948823,0.9990782618522644,0.810821157693863,0.8147489547729493,0.9853759050369263,,,,,,
19.499999999967894,107.20892388503607,14.510028976887357,105.62208995907392,78.42882820700378,128.9289546691718,87.4786313285598,15.518274085746187,-2.1890530220758344,19.594380189989263,0.9764002323150635,0.844118481874466,0.9990782499313354,0.8108596086502076,0.8147034883499146,0.9848653554916382,,,,,,
19.519999999967848,107.20683836771431,14.485816849219919,105.63697070348216,78.48672584610928,128.91903987836315,87.57189135678205,15.472961027289026,-2.3480425837828687,19.532352234522804,0.9763112306594849,0.8439889490604401,0.9990782976150513,0.8108973026275635,0.8146799981594086,0.9843626141548156,,,,,,
19.5399999999678,107.20446412848834,14.460003877671097,105.65083870008199,78.54553736258029,128.90848709737378,87.66381570624175,15.42418446270638,-2.5325035157690965,19.47074372438892,0.9762098789215088,0.8438342273235322,0.9990783095359802,0.8109327375888825,0.8146929800510407,0.98385648727417,,,,,,
19.559999999967754,107.20176412739444,14.432458829026048,105.66424708040293,78.60637946402849,128.89729863263696,87.7541896833614,15.37159214338385,-2.7276484216806667,19.409685118425653,0.9760868072509765,0.8436760723590851,0.999078369140625,0.8109680175781251,0.81473109126091,0.9833458065986633,,,,,,
19.579999999967708,107.19881124572656,14.403211172279146,105.67729804329856,78.66883093475398,128.88547692952199,87.84280221552994,15.315105333680533,-2.918537508473844,19.34930478209951,0.9759379863739014,0.8435326337814332,0.9990784883499145,0.8110047042369843,0.8147818505764008,0.9828306674957276,,,,,,
19.59999999996766,107.19564689131121,14.372472902236938,105.6895092789072,78.73198684943287,128.87302457179987,87.92944634407257,15.255042377165005,-3.08145158935913,19.289728690814368,0.9757620096206665,0.8434029161930084,0.9990787029266357,0.8110423266887665,0.8148492455482483,0.9823173761367798,,,,,,
19.619999999967614,107.19220967450373,14.34051540428639,105.69992788830739,78.79620574928695,128.85994428107847,88.01391970761242,15.192109409638576,-3.2065823945688736,19.231080138978324,0.9755500555038452,0.8432947218418122,0.9990790009498596,0.8110793113708497,0.814945411682129,0.9818401575088501,,,,,,
19.639999999967568,107.18843341588585,14.307517742315321,105.70800073778344,78.86193857689233,128.84623891620777,88.09602501469483,15.12690077819212,-3.3139517148872155,19.173479455507866,0.9753001689910888,0.8432120978832245,0.999079418182373,0.8111150085926057,0.8150730967521668,0.9814158320426941,,,,,,
19.65999999996752,107.18429365294496,14.273524356218198,105.7141260927207,78.92850834176879,128.83191147265498,88.17557050457073,15.059501429075153,-3.428169656348397,19.117043726432566,0.9749763131141662,0.8430317580699921,0.9990793228149414,0.8111380815505982,0.8153454303741455,0.9810728311538697,,,,,,
19.679999999967475,107.17977021300857,14.23856224630985,105.71911892642495,78.99519823332948,128.8169650818498,88.25237039506275,14.989716169490672,-3.5509034005435334,19.06188652524752,0.9745870351791381,0.8427414119243622,0.9990786790847779,0.8111490845680237,0.8157630920410157,0.9807874917984009,,,,,,
19.699999999967428,107.17482689559102,14.20264417035083,105.72346839987709,79.06244768497987,128.80140301050014,88.3262453164681,14.91749157363818,-3.670383162185958,19.008117651642802,0.9741748094558715,0.8424481630325318,0.9990780353546143,0.8111596703529358,0.8162128448486329,0.9805083751678467,,,,,,
19.71999999996738,107.16944607207104,14.165761220925368,105.72731267743058,79.13061252178659,128.78522865987802,88.39702273048482,14.84296310454136,-3.7805698074618785,18.955842879218597,0.9737360715866089,0.8421659231185914,0.9990774393081665,0.8111705958843232,0.8166889727115632,0.9802427172660828,,,,,,
19.739999999967335,107.16360093617632,14.128110259945883,105.73057083249222,79.19850524036634,128.76844556507626,88.46453733318296,14.766395501479714,-3.8713490025512263,18.905163712775057,0.973269009590149,0.8419006824493409,0.9990769386291504,0.8111812353134156,0.8171952068805695,0.9800078392028808,,,,,,
19.759999999967288,107.15726171524373,14.090070269695074,105.73262798970418,79.2645264959817,128.7510573942358,88.52863144107964,14.688388748074676,-3.920314977028708,18.85617715574218,0.9727695941925049,0.8416656970977784,0.9990765571594238,0.8111911952495575,0.8177330315113068,0.9798284530639648,,,,,,
19.77999999996724,107.15040787997346,14.052151627528211,105.73224149975067,79.32778223804449,128.73306794774402,88.58915535941601,14.609989855173408,-3.9094217187782085,18.808975488292443,0.9722319364547729,0.8414941251277924,0.9990764379501342,0.8112013757228852,0.8182877898216248,0.9797356724739075,,,,,,
19.799999999967195,107.1430327418972,14.014802710964712,105.72822951847111,79.3886876111551,128.71448115740404,88.64596773177644,14.532341730248518,-3.850545980498227,18.763646056652835,0.9716588258743286,0.8414058148860932,0.9990766048431396,0.811212968826294,0.8188374280929566,0.979735541343689,,,,,,
19.81999999996715,107.13513857158071,13.978255602253293,105.72057883557845,79.44765349354837,128.6953010855755,88.69893587023282,14.45600683450371,-3.785126779117268,18.720271074107934,0.9710654020309448,0.8413810729980469,0.9990769863128662,0.8112253367900849,0.8193770408630372,0.9798060417175293,,,,,,
19.8399999999671,107.12672008344629,13.942576091613635,105.71049590040688,79.50353889397475,128.67553192428662,88.74793606524351,14.38081370415685,-3.736553047320799,18.678927434157085,0.9704678654670715,0.8413845658302308,0.9990774869918824,0.8112362205982209,0.8199214756488801,0.9799298048019409,,,,,,
19.859999999967055,107.1178059797919,13.907744503098352,105.6990495204419,79.55520413210216,128.6551779943179,88.79285387458262,14.306555780677133,-3.685767890575217,18.639686536261333,0.9698718905448913,0.8413907289505005,0.9990779876708984,0.8112459123134613,0.8204748868942261,0.9800682902336121,,,,,,
19.87999999996701,107.1084301179006,13.874005628466204,105.68614508756399,79.60254762807538,128.63424374425801,88.83358439062516,14.233631566792909,-3.5982579199039444,18.602614124585894,0.969269871711731,0.8414297163486482,0.9990785956382752,0.8112562298774719,0.8210163176059724,0.9802344799041748,,,,,,
19.899999999966962,107.09861003829812,13.84180311679595,105.67080581604884,79.64524556423275,128.6127337495312,88.87003248536364,14.162994392295541,-3.455857252344384,18.56777014011331,0.9686593055725098,0.8415255725383759,0.9990793704986572,0.8112683951854707,0.8215246796607971,0.9804393529891968,,,,,,
19.919999999966915,107.08835752782554,13.811708152367961,105.65196940308483,79.68234835498046,128.59065271139747,88.90211303258397,14.095758786631531,-3.2595354120994666,18.535208586471725,0.9680434942245484,0.8416892230510712,0.9990803718566894,0.8112813532352448,0.821996808052063,0.9807078599929809,,,,,,
19.93999999996687,107.07772127845557,13.784107479509622,105.62905405474122,79.71325815852174,128.568005455925,88.92975110668166,14.03287180823888,-3.024520204180342,18.504977409790328,0.9674309253692627,0.8419138967990876,0.9990815639495849,0.8112939715385438,0.8224344670772553,0.981041693687439,,,,,,
19.959999999966822,107.06677176317453,13.759215174213647,105.60228450079308,79.73801549912857,128.54479693293538,88.95288215765402,13.974875973434361,-2.7747849140985563,18.477118392861133,0.966832947731018,0.8421915948390961,0.9990829229354858,0.8113059282302857,0.8228312969207764,0.981428074836731,,,,,,
19.979999999966775,107.05556006880855,13.737063075032722,105.57272357315776,79.75705633989722,128.5210322149218,88.97145216185973,13.921812935166377,-2.534327711702956,18.45166706385306,0.9662654399871826,0.842497581243515,0.9990843296051025,0.8113175332546234,0.8231802821159363,0.9818265438079834,,,,,,
19.99999999996673,107.0441254817145,13.717476277389368,105.5418805376942,79.77172125493414,128.49671649594026,88.98541774819353,13.873367311710547,-2.315135844560856,18.428652619790046,0.965739631652832,0.8428118646144868,0.9990857362747192,0.8113282859325409,0.8234843373298646,0.9822174906730652,,,,,,
20.019999999966682,107.03248381005645,13.700105542421458,105.51147215757611,79.7838010149547,128.47185509047455,88.99474629938142,13.828959991351423,-2.131836722465859,18.408097864970703,0.9652644395828247,0.8430905342102051,0.9990869641304017,0.8113381266593933,0.8237589001655579,0.9825537204742432,,,,,,
20.039999999966636,107.02068758964542,13.684707330253804,105.4830453018536,79.79306317285787,128.44645343227447,88.99941602815986,13.78792330158726,-1.973297723319955,18.390019164471504,0.9648330450057984,0.843342000246048,0.9990880966186524,0.8113445043563843,0.8240295469760895,0.9828822493553162,,,,,,
20.05999999996659,107.00879180981167,13.671141705173003,105.4570102008615,79.80027224702522,128.42051707316847,88.99941602816092,13.750071782503978,-1.809141930332976,18.374426412841153,0.9644364953041077,0.8435503780841828,0.9990890741348266,0.8113484799861909,0.8243066310882569,0.9831780552864074,,,,,,
20.079999999966542,106.99676936818601,13.65936438486695,105.43289272487712,79.80665039638593,128.39405168185007,88.9947462993846,13.715663595219832,-1.6298711848753238,18.361323018057227,0.9640582799911499,0.8437543153762818,0.999090039730072,0.8113503813743592,0.8245843946933746,0.9834824800491333,,,,,,
20.099999999966496,106.9846311847936,13.649409378592535,105.41029925884705,79.8118926032458,128.3670630426389,88.98541774819883,13.684908273338285,-1.4454245095146532,18.350705900781307,0.9636975526809692,0.8439588785171509,0.9990910053253174,0.8113499164581299,0.8248638689517975,0.9838035702705383,,,,,,
20.11999999996645,106.97248778862694,13.641364605955935,105.3890384025496,79.81472503346157,128.3395570542166,88.97145216186713,13.657871874315973,-1.256784177181858,18.3425655089128,0.9633542060852051,0.8441670119762421,0.9990920066833496,0.8113463222980499,0.8251510977745057,0.9841523885726928,,,,,,
20.139999999966403,106.96033854501965,13.635267644406829,105.36867050320308,79.81464286346575,128.31153972833744,88.95288215766351,13.634722602910283,-1.0557282290882228,18.336885847405537,0.9630250215530396,0.8443957269191742,0.9990930557250977,0.8113403499126435,0.8254335641860963,0.9845348119735717,,,,,,
20.159999999966356,106.94824619711872,13.631164547903289,105.34859404242945,79.81173529183923,128.2830171885145,88.9297511066932,13.615718326393647,-0.8437125669117354,18.33364452327635,0.9627100706100464,0.8446664810180664,0.9990942478179932,0.8113336682319642,0.8256838440895081,0.9849482893943786,,,,,,
20.17999999996631,106.93627860728832,13.629101492613993,105.32848500085564,79.80566837168756,128.2539956686812,88.90211303259754,13.600974899754238,-0.6312894774226644,18.33281280569826,0.9624172568321228,0.8449784100055695,0.9990955471992493,0.8113267421722412,0.825889003276825,0.9853814601898193,,,,,,
20.199999999966263,106.92450501107449,13.629099474927138,105.30830950740126,79.79578310737847,128.22448151182888,88.87003248537921,13.590436881775126,-0.4230196647198245,18.334355701036756,0.9621546864509583,0.845319277048111,0.9990969181060791,0.8113188683986664,0.8260538697242737,0.9858269691467285,,,,,,
20.219999999966216,106.9129955919585,13.631158861547112,105.28800158076601,79.7818950831232,128.19448116862048,88.8335843906427,13.584048209977883,-0.2157719332647606,18.338232042651903,0.9619244575500489,0.845682328939438,0.9990983247756958,0.8113098680973053,0.8261818528175354,0.9862789869308471,,,,,,
20.23999999996617,106.90181961605114,13.635256339834399,105.26740668050354,79.764240474164,128.16400119598057,88.79285387460209,13.581803560124772,-0.00906937989243984,18.344394595254737,0.961727523803711,0.8460669100284577,0.9990997791290284,0.8113002836704255,0.8262673914432526,0.9867295026779175,,,,,,
20.259999999966123,106.89105368544593,13.641331054183313,105.24647270864644,79.74285845026932,128.13304825566237,88.74793606526487,13.583655961509143,0.19335657009154136,18.352790173572615,0.9615665912628174,0.8464660882949829,0.9991012334823608,0.8112902402877809,0.8263106107711793,0.9871707320213318,,,,,,
20.279999999966076,106.88076910386107,13.649381157969069,105.22526568295862,79.71757374137573,128.10162911279167,88.698935870256,13.58950265180818,0.3906722652195626,18.363359775044398,0.9614443302154541,0.8468709349632264,0.9991026878356933,0.8112791657447815,0.8263193488121033,0.9876009464263916,,,,,,
20.29999999996603,106.87104684018196,13.659390414576514,105.20381703190583,79.68842097411368,128.06975063438827,88.64596773180139,13.599268541053831,0.585755443255602,18.376038726233713,0.9613589763641357,0.8472795784473419,0.999104118347168,0.8112668097019196,0.8262993693351746,0.988021731376648,,,,,,
20.319999999965983,106.86195069913597,13.671331498889176,105.18210875913373,79.65565692759547,128.0374197878651,88.58915535944269,13.61292522813749,0.7795710393943565,18.39075684261658,0.9613078117370606,0.8476959347724915,0.9991055607795716,0.8112534284591675,0.826249372959137,0.988434088230133,,,,,,
20.339999999965936,106.85346384093218,13.685173377358415,105.16019368396083,79.61945685251438,128.00464363950542,88.52863144110796,13.630428865020157,0.9700591817066577,18.407438601368103,0.9612903594970703,0.8481204211711884,0.9991069912910462,0.8112391352653504,0.8261686921119691,0.9888372659683228,,,,,,
20.35999999996589,106.84563427364131,13.700877991721852,105.13822261014313,79.57990765110429,127.97142935291839,88.46453733321289,13.651696351724832,1.1559375416200028,18.426003326742947,0.961306893825531,0.8485507547855378,0.9991084098815918,0.811223703622818,0.8260611057281495,0.9892316341400147,,,,,,
20.379999999965843,106.83853561891755,13.718389321739243,105.11636919763434,79.53723651899655,127.93778418747338,88.39702273051626,13.676638120003995,1.3375358451047545,18.446365387614495,0.9613991498947143,0.8489411473274231,0.9991097688674927,0.8112059473991394,0.8258634924888612,0.9896174430847168,,,,,,
20.399999999965797,106.83210582970646,13.737633680565052,105.09481177195121,79.49182434540052,127.90371549671337,88.32624531650099,13.705165167796018,1.514183364956511,18.46843440670942,0.96153724193573,0.8493207931518555,0.9991110801696778,0.8111867308616638,0.8256203174591065,0.9899941205978393,,,,,,
20.41999999996575,106.8263501799698,13.758525382439716,105.0737790460745,79.44403642823833,127.86923072674773,88.252370395097,13.737158040984646,1.6837542075346008,18.492115481046977,0.9615721821784973,0.8494698226451874,0.999111270904541,0.8111437559127808,0.8257257401943208,0.9904121637344361,,,,,,
20.439999999965703,106.82129090183477,13.780891716208618,105.0535462988329,79.39419453002157,127.83433741462477,88.17557050460627,13.77245788996196,1.8447626525035685,18.517309413066084,0.9616293907165527,0.8496036529541016,0.9991113901138305,0.8110987544059753,0.8258341729640961,0.990815031528473,,,,,,
20.459999999965657,106.81692559685193,13.804623519684002,105.03437777866097,79.34267789460279,127.79904318668447,88.09602501473158,13.810889614259507,1.9969222934778248,18.54391295189836,0.9617735385894776,0.8496461093425751,0.9991114377975464,0.8110450088977814,0.8260969996452332,0.9911967277526855,,,,,,
20.47999999996561,106.81322617783736,13.829619769621527,105.01650095636477,79.2899212928072,127.76335575689164,88.01391970765029,13.852272766676881,2.1397557799017104,18.571819044221474,0.9620997667312622,0.8494873642921448,0.9991113185882569,0.810978251695633,0.8264628469944001,0.9915547370910645,,,,,,
20.499999999965564,106.81016188568512,13.855754373684846,105.00012191916072,79.23631717575971,127.7272829251499,87.92944634411147,13.896410323577559,2.272181425046985,18.60091709410478,0.9625866293907166,0.8491675555706024,0.9991109251976014,0.8109071552753448,0.8265950500965119,0.9918969869613647,,,,,,
20.519999999965517,106.80770101058722,13.882895254298106,104.98542267313216,79.18215786551741,127.69083257559699,87.84280221556978,13.943086228585265,2.393616896122797,18.631093231238374,0.9630841255187989,0.8488434255123138,0.99911048412323,0.8108357131481171,0.8267216563224793,0.992223572731018,,,,,,
20.53999999996547,106.80581510175878,13.910917657688273,104.97251631467806,79.12764107690377,127.65401267488157,87.7541896834021,13.992089051327174,2.50517873169188,18.6622305869167,0.9635871648788452,0.8485186994075775,0.9991099953651428,0.8107641816139222,0.8268442749977112,0.9925352692604065,,,,,,
20.559999999965424,106.80447992782062,13.939704322667087,104.96141089061798,79.07301199668689,127.61683127042198,87.6638157062832,14.043237780565997,2.608324538586758,18.694209577130103,0.9640904545783997,0.8481986224651337,0.9991094708442688,0.8106930375099183,0.8269619166851044,0.9928321242332458,,,,,,
20.579999999965377,106.80368671926746,13.969021369370333,104.95205601023456,79.01850636868645,127.57929648864744,87.57189135682415,14.096363593538893,2.702666957881566,18.726908192100918,0.9645909309387207,0.8478861331939698,0.9991089344024658,0.8106225907802582,0.8270734548568726,0.9931144714355469,,,,,,
20.59999999996533,106.80344045479593,13.998819584783911,104.94440713178147,78.96424751908245,127.54141653322192,87.47863132860246,14.151275999506149,2.786786751030254,18.760202291585617,0.9650891780853271,0.8475797772407532,0.999108350276947,0.8105529069900513,0.827178293466568,0.9933822631835938,,,,,,
20.619999999965284,106.8036960330298,14.029007194152173,104.93842258331503,78.91030071294676,127.50319968325107,87.38425343473527,14.20776345682129,2.860200589446149,18.793965905250975,0.9655865430831909,0.847276383638382,0.9991077423095703,0.8104840517044067,0.8272757947444916,0.9936350464820862,,,,,,
20.639999999965237,106.80440973973909,14.059482566192633,104.93402984676683,78.8567801499962,127.46465429147278,87.28897809916675,14.265614932018524,2.923228604060347,18.828071537420605,0.9660839915275574,0.8469743788242341,0.9991071105003357,0.8104161381721497,0.8273642778396607,0.9938728213310242,,,,,,
20.65999999996519,106.80554141063045,14.090142440916434,104.93113149188997,78.80382851237277,127.42578878243161,87.19302784185773,14.324622327193934,2.9756987175491956,18.862390475477696,0.9665810227394104,0.8466735839843751,0.9991064548492432,0.8103494286537171,0.8274415791034699,0.9940952777862548,,,,,,
20.679999999965144,106.80705497082633,14.120884441166377,104.92963403152511,78.75154413289259,127.38661165063743,87.09662675908004,14.384568261084949,3.0170003508406915,18.8967931012013,0.9670768499374389,0.846374386548996,0.9991057634353637,0.8102841436862946,0.8275064051151276,0.9943024158477783,,,,,,
20.699999999965097,106.80892205081543,14.151598328917988,104.92944998298809,78.69999172030931,127.34713145870896,87.00000000002929,14.445227016476114,3.047027211810507,18.931149204306852,0.9675702691078186,0.8460761845111847,0.9991050362586975,0.8102204144001007,0.8275593996047974,0.994494366645813,,,,,,
20.71999999996505,106.81113557422333,14.18213788394396,104.93048148738222,78.6492564002587,127.30735683550218,86.90337324097847,14.50637716227364,3.0662199174288176,18.96532829745604,0.9680597066879273,0.8457794964313508,0.9991042852401734,0.8101583957672119,0.8276006758213044,0.9946716070175171,,,,,,
20.739999999965004,106.81367540303937,14.212434244868525,104.93262193484135,78.59944027026229,127.26729647422448,86.80697215820057,14.567805418582884,3.074776868816155,18.999199931998152,0.9685225248336792,0.8456054747104645,0.9991034984588623,0.8101236581802369,0.8273454070091248,0.9947297692298889,,,,,,
20.759999999964958,106.81651990730053,14.24241423214332,104.93579953187583,78.55054816997811,127.22695913053465,86.71102190089121,14.629284971505031,3.0709439411916337,19.03263401370291,0.9689815044403076,0.8454438328742981,0.9991026639938354,0.8100943505764008,0.8270367562770844,0.9947610020637512,,,,,,
20.77999999996491,106.81965426100955,14.272001729166975,104.94000035601783,78.50245843812216,127.18635362062919,86.61574656532221,14.690558716916193,3.054579310123403,19.06550111774505,0.9694339036941528,0.8452792942523957,0.9991018295288085,0.8100657403469086,0.826732623577118,0.9947874188423157,,,,,,
20.799999999964864,106.82307188493189,14.301094196236852,104.94515397730193,78.45525230512838,127.14548881931547,86.52136867145441,14.75140557873348,3.0287421862366615,19.097672802202514,0.9698749303817749,0.8451161146163941,0.9991009712219239,0.8100381016731263,0.8264349460601808,0.9948091864585876,,,,,,
20.819999999964818,106.82678168848531,14.32959232565756,104.95112876609264,78.40917537474454,127.104373658072,86.42810864323198,14.811654141144375,2.994666001082789,19.129021919333578,0.9703027367591858,0.8449559032917023,0.9991001129150391,0.810011661052704,0.8261435389518739,0.9948261976242065,,,,,,
20.83999999996477,106.83078974232724,14.35745362871944,104.95783381281706,78.36440702712126,127.0630171230964,86.33618429377206,14.87112821056712,2.9509524673857777,19.1594229239036,0.9707172155380249,0.8447986125946045,0.9990992426872254,0.8099864006042481,0.8258587300777436,0.9948386669158935,,,,,,
20.859999999964725,106.8350901198898,14.384603938001524,104.9652677596454,78.32116070656627,127.0214282533413,86.24581031665215,14.929612480024751,2.8952955426592215,19.188752177838563,0.9711215734481812,0.8446375727653503,0.9990983724594116,0.8099621772766114,0.8255821168422699,0.9948454856872558,,,,,,
20.879999999964678,106.83967916765654,14.410947924433065,104.97350902606081,78.27964338333304,126.97961613853882,86.15719778448334,14.986848789647286,2.82602994397396,19.216888250491536,0.9715208530426025,0.8444639503955842,0.999097490310669,0.8099386692047119,0.8253145217895508,0.9948458671569824,,,,,,
20.89999999996463,106.84460186286313,14.436380143051478,104.98265553564724,78.24006648443776,126.93758991721387,86.07055365594039,15.042564752155888,2.7434724229860756,19.243712213818256,0.9719399452209473,0.8442137300968171,0.9990965008735657,0.8099185287952424,0.825045394897461,0.9948125600814819,,,,,,
20.919999999964585,106.84991623543239,14.460784601820144,104.99276407579724,78.20268639818862,126.89535877468687,85.9860802924002,15.096509959710898,2.6492455271057125,19.2691079317698,0.9724007606506347,0.8438245952129364,0.999095368385315,0.8099047720432282,0.8247637867927552,0.9947158575057984,,,,,,
20.939999999964538,106.85556875761706,14.484063861015489,105.00384060649507,78.16774210338556,126.85293194106612,85.90397498531742,15.14846711837708,2.544893056043304,19.292962343224048,0.9728388786315918,0.8434491395950318,0.9990942597389221,0.8098913669586182,0.8245001912117005,0.9946195125579834,,,,,,
20.95999999996449,106.86146210298861,14.506148671497641,105.01585537287225,78.13537469346272,126.81031868923051,85.82442949544112,15.198247480229895,2.4318313064697916,19.315165737792434,0.9732494115829468,0.8430930495262147,0.9990931749343872,0.8098785221576691,0.8242571830749512,0.9945243954658508,,,,,,
20.979999999964445,106.86760269917608,14.526987156529922,105.0287405495626,78.10563845898139,126.7675283328028,85.74762960494867,15.245694914955553,2.311963193431652,19.335612023855422,0.9736295700073242,0.8427594304084778,0.9990921258926392,0.8098663628101349,0.8240364372730256,0.9944313764572144,,,,,,
20.9999999999644,106.87398793714775,14.54654151540185,105.04238111391659,78.07856384001336,126.724570224114,85.67375468354287,15.29069515007914,2.187427938802792,19.354198988197968,0.9739784717559814,0.8424505174160004,0.9990911245346069,0.8098549962043763,0.8238373279571534,0.9943413257598877,,,,,,
21.01999999996435,106.88060894002359,14.564782488388266,105.05663360664006,78.0542141559676,126.68145375215938,85.60297726952567,15.33316914646729,2.0593824809530705,19.3708285466361,0.9742964625358581,0.8421670854091645,0.9990901708602905,0.8098444938659668,0.823658323287964,0.9942548990249633,,,,,,
21.039999999964305,106.88745194424052,14.58168135906442,105.07137814237498,78.03264477286397,126.63818834054631,85.535462666827,15.373043283172013,1.9272681614390124,19.385406985046586,0.974586033821106,0.8419073402881623,0.9990892767906189,0.809834784269333,0.8234976887702943,0.9941723585128784,,,,,,
21.05999999996426,106.89450475356873,14.59719410164082,105.08654453375158,78.01377943880212,126.59478344543464,85.47136855892981,15.41022959726946,1.7906969254151859,19.397845190234158,0.974851131439209,0.8416666090488434,0.9990884304046631,0.8098257064819336,0.8233541190624237,0.9940935373306274,,,,,,
21.079999999964212,106.90176907727482,14.611260833489847,105.10206253631219,77.99751244209891,126.55124855347003,85.41084464059287,15.444652164679125,1.6513020326597478,19.40805887009461,0.9750933527946473,0.8414433777332306,0.9990876197814942,0.8098172068595887,0.8232266068458558,0.9940186023712159,,,,,,
21.099999999964165,106.90921697440183,14.62391368359458,105.11781445592565,77.98380206785741,126.5075931797104,85.35403226823189,15.476279065726,1.511471563442561,19.41596876255657,0.9753117322921753,0.8412405550479889,0.999086880683899,0.8098094165325165,0.8231141030788423,0.9939482569694519,,,,,,
21.11999999996412,106.91681822156472,14.635176759397858,105.13365291323476,77.97258710168852,126.46382686554641,85.30106412977491,15.50511797489721,1.372665073085086,19.42150083281186,0.9755047559738159,0.8410616636276246,0.9990861892700196,0.8098025143146516,0.823015457391739,0.9938831090927124,,,,,,
21.139999999964072,106.92454568435478,14.645083637364008,105.14943408499299,77.9637029077715,126.41995917661602,85.25206393476361,15.531198944815745,1.2358769056784245,19.42458645837058,0.9756716966629029,0.8409088551998138,0.9990855693817139,0.8097966074943543,0.8229303061962128,0.9938235640525818,,,,,,
21.159999999964025,106.93237419732777,14.653680565510824,105.16501442673126,77.95693003386678,126.37599970071383,85.20714612542388,15.554576898853343,1.1026758314672527,19.42516260150652,0.9758129119873047,0.8407824397087098,0.9990850210189819,0.8097917139530182,0.8228578865528107,0.9937698483467102,,,,,,
21.17999999996398,106.94027989620186,14.661026235264352,105.1802365607021,77.95206550215664,126.33195804569556,85.16641560938069,15.575342094610523,0.974865854148477,19.4231719686872,0.9759292602539062,0.8406829655170441,0.9990845322608948,0.8097878873348237,0.8227964103221894,0.9937222003936768,,,,,,
21.199999999963932,106.94823986473959,14.667190423064904,105.19494122190869,77.94890854295629,126.28784383737813,85.12996751464155,15.593615498935765,0.8536304522283584,19.41856315661366,0.97602219581604,0.8406103670597077,0.9990841150283813,0.8097851574420929,0.82274329662323,0.993680727481842,,,,,,
21.219999999963886,106.95623191613306,14.67225219252997,105.20898997513301,77.94722248668675,126.24366671743581,85.09788696742055,15.60953543456131,0.7396186513916638,19.411290784526148,0.9760934829711914,0.8405643045902252,0.9990837693214416,0.8097835242748261,0.8226962924003601,0.9936452746391297,,,,,,
21.23999999996384,106.96423443954711,14.676297904483473,105.22226989264266,77.9467539937174,126.19943634129298,85.07024889332219,15.62325306306924,0.633534029503232,19.401315612464128,0.9761446952819824,0.8405441582202912,0.9990834832191468,0.8097829937934876,0.8226533889770509,0.9936156392097473,,,,,,
21.259999999963792,106.97222627952215,14.679419141852257,105.23468661328539,77.94727471372542,126.15516237601373,85.04711784234914,15.634934871530369,0.5361478570770607,19.388604645201628,0.9761776089668274,0.840549123287201,0.9990832567214966,0.8097835421562195,0.8226126074790955,0.9935915231704712,,,,,,
21.279999999963746,106.98018663066888,14.681710646737395,105.2461662406937,77.94858411887822,126.11085449818913,85.02854783814273,15.644760005054621,0.44790204904200426,19.373131221612557,0.9761939287185669,0.840578705072403,0.9990831017494202,0.8097851753234864,0.8225718319416047,0.9935726404190064,,,,,,
21.2999999999637,106.988094946253,14.6832683759337,105.25666412259478,77.95048974337737,126.06652239182216,85.01458225180824,15.652912364393076,0.3688668341196389,19.354875089254506,0.976195216178894,0.8406322717666627,0.9990829944610595,0.8097878813743592,0.8225290834903718,0.9935585379600524,,,,,,
21.319999999963652,106.99593087070892,14.68418771991883,105.26616616177229,77.95280942098114,126.02217574621127,85.00525370061965,15.659575991885125,0.29903056265967953,19.333822463994302,0.9761827707290649,0.8407093107700349,0.9990829467773438,0.8097916424274445,0.8224832653999329,0.9935487985610962,,,,,,
21.339999999963606,107.00367421884016,14.684561889952125,105.27468242283459,77.95538972990823,125.97782425383265,85.0005839718405,15.664934899265619,0.23838544089964275,19.309966074533207,0.9761574268341064,0.8408099353313446,0.9990829467773438,0.8097964763641358,0.8224329769611359,0.9935430288314819,,,,,,
21.35999999996356,107.01130502195505,14.684480505393251,105.28224321407444,77.95810897916901,125.93347760822176,85.00058397183872,15.6691715896442,0.18675948171402318,19.283305191725113,0.9761203289031982,0.8409336984157563,0.9990829944610595,0.8098023653030396,0.822377222776413,0.9935407876968384,,,,,,
21.379999999963513,107.01880364212971,14.684028407375452,105.28889934054924,77.96086534226676,125.88914550185477,85.00525370061435,15.672462799092294,0.14375965125462797,19.25384564261661,0.9760723352432251,0.8410805523395539,0.9990830659866333,0.8098093152046204,0.8223150551319123,0.9935416579246521,,,,,,
21.399999999963466,107.02615095433191,14.683284714003332,105.294720008785,77.96357224855834,125.84483762403013,85.01458225179941,15.674976273447419,0.1089055828721281,19.221599809173494,0.9760137796401978,0.8412507116794586,0.9990831971168518,0.8098173379898072,0.82224600315094,0.9935453057289123,,,,,,
21.41999999996342,107.03332859221831,14.682322096552246,105.2997867288377,77.96616386528235,125.80056365875086,85.02854783813041,15.676870087622707,0.08170953020693165,19.186586611693716,0.9759454607963562,0.8414439260959625,0.9990833520889282,0.8098264157772065,0.8221695363521576,0.9935513019561768,,,,,,
21.439999999963373,107.04031924043643,14.68120627909187,105.30418789708501,77.96859566957203,125.75633328260797,85.04711784233334,15.678292040721916,0.06161804640493718,19.148831476943236,0.9758675813674926,0.8416605234146118,0.9990835428237915,0.8098365545272828,0.8220853865146638,0.9935593128204345,,,,,,
21.459999999963326,107.0471069732147,14.679995756805882,105.30801605840736,77.97083690321787,125.71215616266561,85.07024889330296,15.679377804846583,0.047975134556432854,19.10836629108614,0.9757805109024048,0.8419005811214447,0.9990837574005127,0.8098477542400361,0.8219934165477754,0.9935690760612488,,,,,,
21.47999999996328,107.05367761475698,14.678741708861791,105.31136516190658,77.97286516798106,125.6680419543481,85.09788696739793,15.680249371092483,0.04008245134667752,19.06522933751643,0.9756844520568848,0.8421643018722534,0.9990839958190918,0.8098600149154663,0.8218935310840607,0.9935802459716797,,,,,,
21.499999999963233,107.06001910194547,14.67748809221653,105.31432637984915,77.97466663423852,125.62400029932975,85.12996751461559,15.681014874240795,0.03725631023208671,19.019465219734066,0.9755795478820801,0.8424517810344696,0.9990842580795288,0.8098733365535736,0.8217858731746674,0.9935926079750061,,,,,,
21.519999999963186,107.06612182928797,14.67627189715383,105.31698434940293,77.97623566687982,125.58004082342748,85.16641560935145,15.681768879446455,0.03881847746597192,18.971124769442454,0.975465965270996,0.8427631199359894,0.9990845441818237,0.8098877012729645,0.8216705977916718,0.993605887889862,,,,,,
21.53999999996314,107.07197894844302,14.675123507476973,105.31941521473631,77.97757118285433,125.53617313449699,85.20714612539142,15.68259224806337,0.04407666394498189,18.92026494007964,0.9753438472747803,0.8430983543395997,0.9990848422050476,0.8099031090736389,0.821548068523407,0.9936199188232422,,,,,,
21.559999999963093,107.07758660648355,14.67406714998039,105.3216856039281,77.97867315173333,125.49240682033289,85.25206393472803,15.683552006475258,0.05234609828034919,18.86694868602895,0.9752132773399353,0.8434573709964752,0.9990851640701294,0.8099195241928101,0.8214185118675232,0.9936344861984253,,,,,,
21.579999999963047,107.08294410563624,14.673121413431414,105.32385147613164,77.97954207070465,125.44875144657316,85.30106412973628,15.684701865474715,0.06298375375206354,18.811244827788702,0.9750952959060669,0.8437819182872772,0.9990854263305664,0.8099395394325257,0.8212726891040802,0.9936179399490357,,,,,,
21.599999999963,107.08805397484672,14.672299798936695,105.32595729181112,77.98017953114469,125.40521655460842,85.3540322681903,15.686083153373179,0.07539261512030618,18.753227903412984,0.9750026941299439,0.8440363824367524,0.9990856051445007,0.8099646508693695,0.8211052775382996,0.9935513496398926,,,,,,
21.619999999962953,107.09292194763711,14.671611293373672,105.32803627434845,77.98058729448239,125.36181165949662,85.41084464054842,15.687725625287339,0.08901172254740986,18.69297800656816,0.9749047994613648,0.8443061411380768,0.9990857839584351,0.8099909663200379,0.8209316074848175,0.9934812784194946,,,,,,
21.639999999962907,107.09755684480861,14.671060940297462,105.33011142152235,77.98076620582955,125.3185462478834,85.47136855888259,15.689648219848577,0.10332310752662992,18.630580611580307,0.9748015642166138,0.8445907890796662,0.9990859746932983,0.8100185215473176,0.8207521438598633,0.993407130241394,,,,,,
21.65999999996286,107.10197036714158,14.670650402147757,105.33219657931492,77.9807164698007,125.27542977592863,85.53546266677715,15.691860091725761,0.11786855639084237,18.566126385879777,0.9746932983398438,0.8448895156383515,0.9990861654281616,0.8100472390651703,0.8205676555633545,0.993328857421875,,,,,,
21.679999999962813,107.10617670637899,14.670377017197783,105.33429808401148,77.98045911924845,125.23247166723968,85.60297726947327,15.694361556263008,0.13217723515185337,18.499710990278246,0.974580192565918,0.8452014565467835,0.9990863561630249,0.8100770890712738,0.8203788816928864,0.9932462215423584,,,,,,
21.699999999962767,107.11019163305309,14.670227044491018,105.33642714593967,77.98009723585395,125.18968131081179,85.67375468348806,15.69713832180597,0.1451004419599507,18.431434867541995,0.9744627714157105,0.8455254197120667,0.9990865468978882,0.8101079940795899,0.820186334848404,0.9931591272354126,,,,,,
21.71999999996272,107.11403133655816,14.670169175915749,105.33863361083606,77.97978379033258,125.147068058976,85.74762960489157,15.700140476753756,0.15426728775807652,18.36140301975272,0.9743236660957336,0.8459867238998413,0.9990866899490356,0.8101669430732727,0.8197624504566193,0.9929185748100281,,,,,,
21.739999999962674,107.11771176625003,14.670158045532595,105.34102055397406,77.97961427142343,125.10464122535507,85.82442949538188,15.703269389292132,0.1575617945489022,18.289724774973145,0.9741904973983765,0.846447902917862,0.9990868210792542,0.8102279484272004,0.8193301379680634,0.992654275894165,,,,,,
21.759999999962627,107.1212482164925,14.670139393983897,105.34369980965543,77.9796969339007,125.06241008282787,85.90397498525617,15.706401203356219,0.1546223669484199,18.2165135437599,0.9740584135055542,0.8469116747379304,0.9990869283676147,0.8102904081344605,0.8188992381095886,0.9923706531524659,,,,,,
21.77999999996258,107.12465510650786,14.67005441596016,105.3467472371735,77.98021786695604,125.02038386150271,85.98608029233709,15.7094160231021,0.14591706350205133,18.14188656608959,0.9740238070487977,0.8472298860549927,0.999086856842041,0.8103470742702484,0.8184629023075104,0.9920623540878296,,,,,,
21.799999999962534,107.12794591964895,14.669843317993745,105.35020803619939,77.98136760176646,124.97857174670001,86.07055365587556,15.712199370463205,0.1314256462262039,18.065964649286794,0.9742454886436462,0.847156298160553,0.9990864157676697,0.8103859007358551,0.8180095076560975,0.9917202234268189,,,,,,
21.819999999962487,107.13113248690959,14.669045672523621,105.35427259862074,77.98874075882908,124.93698287694468,86.15719778441694,15.714536919922368,0.08901345010618819,17.988871897563158,0.9734272956848145,0.8489255964756013,0.9990904927253723,0.8103041768074036,0.8184538424015045,0.9931306838989258,,,,,,
21.83999999996244,107.13421321299228,14.666467514072533,105.36147338940127,78.00830055755019,124.89562634196884,86.24581031658434,15.714690019671782,-0.10570560880004994,17.910735433797075,0.9751772165298462,0.8460478305816651,0.9990831851959229,0.8105327904224396,0.816712248325348,0.9898190975189209,,,,,,
21.859999999962394,107.13716295654567,14.661888165909085,105.37587670354311,78.0259546879241,124.85451118072513,86.33618429370298,15.709551881302367,-0.40591249906657645,17.831685114200955,0.9757720589637756,0.8454007387161255,0.9990810871124267,0.8105902671813965,0.8160828292369843,0.9887573480606079,,,,,,
21.879999999962347,107.13995333807596,14.65561893608755,105.39561672510641,78.04143216567687,124.81364637941115,86.42810864316182,15.699330753578836,-0.5842037350548251,17.75185323654,0.9757483243942261,0.8454661488533021,0.9990812301635742,0.8105842769145966,0.8161065757274628,0.988858699798584,,,,,,
21.8999999999623,107.14256921264459,14.647898455885578,105.41467858630959,78.06731032606505,124.77304086950544,86.52136867138333,15.687173477757176,-0.6228142208564881,17.671374242581564,0.9757480144500732,0.8456614136695862,0.9990816116333008,0.8106204450130463,0.8158144533634186,0.9886606693267822,,,,,,
21.919999999962254,107.14500854971969,14.639041304259022,105.43132231550747,78.10009302802607,124.73270352581534,86.61574656525035,15.674134607091082,-0.6935598408111491,17.5903844154674,0.9756811380386352,0.8456569015979767,0.9990817904472351,0.8106437742710114,0.8157677054405212,0.9884725689888001,,,,,,
21.939999999962208,107.1472814327182,14.628421634742553,105.44749454412768,78.14298279011375,124.69264316453736,86.71102190081875,15.658993903629185,-0.8515828012840889,17.509021572713134,0.9757710695266724,0.8455518066883088,0.9990814924240112,0.8106672167778015,0.8156034290790558,0.9881594896316528,,,,,,
21.95999999996216,107.14936728296516,14.612289452400997,105.46996858866574,78.22205602191836,124.65286854133029,86.80697215812769,15.637260495168135,-1.4155159904615107,17.42742475554966,0.9760535836219788,0.8448692500591278,0.9990799427032471,0.8107347905635834,0.815304732322693,0.9869339227676391,,,,,,
21.979999999962114,107.15114896630162,14.590341699425059,105.51117936503543,78.28960308945375,124.61338834940152,86.90337324090532,15.599870655522384,-2.3097282465403612,17.345733915329316,0.9763949513435364,0.8438128411769867,0.999077582359314,0.8107721269130708,0.8152910470962524,0.9855939626693726,,,,,,
21.999999999962068,107.15251370492454,14.566366006678765,105.5631969056594,78.31697511090456,124.57421121760704,86.99999999995606,15.549252047296912,-2.5804293527311897,17.264089597727004,0.9765059232711792,0.8432171940803528,0.9990763664245605,0.8107730865478516,0.8154753923416138,0.9850439310073853,,,,,,
22.01999999996202,107.15346203683262,14.542945218617605,105.5968430370328,78.36235318018214,124.53534570856556,87.09662675900691,15.502574554989351,-2.014344362830461,17.18263262547135,0.976560401916504,0.8426392018795014,0.999075448513031,0.8108650386333466,0.8152596652507782,0.983417010307312,,,,,,
22.039999999961974,107.15409126337246,14.520649358922547,105.60293811865033,78.44136830195336,124.49680031678696,87.19302784178485,15.467622028837607,-1.5850580424910872,17.101503780344483,0.9759976863861084,0.8434881210327149,0.9990780711174011,0.8108899474143982,0.8152983844280244,0.9841620445251464,,,,,,
22.059999999961928,107.15450598466252,14.498253366628957,105.60146978518064,78.51281888566665,124.45858346681577,87.28897809909431,15.434377574311272,-1.8442170073965343,17.020843485190714,0.9758214712142944,0.8436346173286439,0.9990787744522095,0.8109396815299988,0.8151644885540009,0.9837838411331177,,,,,,
22.07999999996188,107.1547331000438,14.472415358961317,105.61147591684332,78.57531680451771,124.4207035113899,87.38425343466342,15.391155711289754,-2.5107004440396206,16.940791486674605,0.9758665084838867,0.8433209717273713,0.9990781664848327,0.8109476208686829,0.8152396798133851,0.9833795666694641,,,,,,
22.099999999961835,107.15466300247773,14.441005826143124,105.63744703653076,78.64400330613562,122.06370412420533,87.47863132853136,15.33365464213815,-3.219938415707488,15.467041183559449,0.975940716266632,0.8427709937095642,0.9990771293640137,0.810972285270691,0.8153265297412873,0.9825098276138305,,,,,,
22.119999999961788,107.15416543053436,14.404461536842419,105.67311561432297,78.72492567675648,125.05385298139417,87.571891356754,15.2640543083453,-3.6994547448191506,17.208629809177623,0.9761420011520385,0.8422656416893006,0.9990760326385498,0.8110612034797668,0.8149464786052705,0.9806908369064331,,,,,,
22.13999999996174,107.15320432351423,14.362727165074658,105.71090883253117,78.83217015855605,125.1076886079035,87.66381570621412,15.186149697848487,-4.095713167870583,17.185731144240208,0.9759543061256408,0.8414188981056214,0.9990732669830322,0.8110857963562013,0.8153166770935059,0.9794273853302002,,,,,,
22.159999999961695,107.1517483865701,14.319007987394434,105.74908797970112,78.91874808859806,125.16148953023601,87.75418968333427,15.100711662318234,-4.385327631186509,17.163743688047422,0.975551438331604,0.8408985435962677,0.9990721821784974,0.8110618829727173,0.8160719752311707,0.9793745517730713,,,,,,
22.179999999961648,107.1497281718564,14.278705242938518,105.77417899634048,78.96117250125855,125.21523841028363,87.84280221550338,15.015812230029326,-3.958821027951899,17.14278391238218,0.9750864148139954,0.8406155824661256,0.9990718722343445,0.8110482692718506,0.8167543768882752,0.9794870138168335,,,,,,
22.1999999999616,107.14726779515601,14.241765672969418,105.76630620103491,79.03495248097802,125.26891792670968,87.92944634404664,14.945226713865129,-3.1472870927967924,17.122965825841472,0.974220085144043,0.8411324441432954,0.9990746259689331,0.8110505640506744,0.8174226045608521,0.9805362343788147,,,,,,
22.219999999961555,107.1444782877888,14.203834694704335,105.74038503541274,79.15611820040345,125.32251078053082,88.01391970758718,14.88351450859767,-3.2567049618067974,17.1044006865987,0.9735369205474853,0.8414268732070923,0.9990756750106812,0.811118358373642,0.8175458371639253,0.9802362203598023,,,,,,
22.23999999996151,107.14133489835154,14.15971403425785,105.73857072429395,79.2684489004788,125.37599970069203,88.09602501467033,14.806600755539616,-4.554033134248584,17.087196721616955,0.9732474565505982,0.840984970331192,0.9990746021270752,0.8111051976680757,0.8181325316429139,0.9800459861755371,,,,,,
22.25999999996146,107.13765116576013,14.109122759434205,105.77644301434525,79.33184395938916,125.42936744963237,88.17557050454704,14.702223825226957,-5.722122174823386,17.0714588529755,0.9731198906898498,0.8394089698791505,0.9990696430206298,0.81105996966362,0.819335687160492,0.9788159489631653,,,,,,
22.279999999961415,107.13323168414429,14.056861832267128,105.82026479054376,79.38191699934839,125.48259682883997,88.25237039503992,14.587052591636441,-5.5616405797768795,17.057288431955552,0.9725157976150512,0.8387456178665161,0.9990680336952209,0.8110455513000489,0.82046217918396,0.9784790277481079,,,,,,
22.29999999996137,107.12802740508275,14.007037285028439,105.83011553731953,79.47546690402602,125.53567068439467,88.32624531644618,14.485263303049106,-4.610141586893057,17.044782981513144,0.9716641068458557,0.8390760123729706,0.9990692019462586,0.8111328423023224,0.8205735206604005,0.9779709219932556,,,,,,
22.319999999961322,107.1221210908849,13.961613107097346,105.80915169416839,79.57487368378587,125.58857191249594,88.39702273046386,14.398843991054875,-4.151720461894711,17.034035947747064,0.9706983923912048,0.8397812843322754,0.9990719676017761,0.8112043201923371,0.8207212388515472,0.9782721161842346,,,,,,
22.339999999961275,107.1156399780318,13.923136136074824,105.7795513166677,79.6011695026533,125.64128346497488,88.46453733316302,14.317505893514923,-3.939173569054483,17.025136460949295,0.9699874639511108,0.8398727059364319,0.9990731239318847,0.8111917793750764,0.8215591549873352,0.978937315940857,,,,,,
22.35999999996123,107.10877358902982,13.88891563504,105.73894208504217,79.62510445733936,125.69378835478827,88.52863144106075,14.243709271802214,-3.434901712903274,17.018169106802432,0.969179630279541,0.8400866508483887,0.9990748167037964,0.8111780881881714,0.8224623203277588,0.9797924757003784,,,,,,
22.379999999961182,107.10157059639502,13.853411968938962,105.69281763667931,79.70434037604123,125.74606966149287,88.58915535939823,14.176098476430719,-3.497272510237563,17.01321370826533,0.9684003829956055,0.8405379354953766,0.9990765810012817,0.8112315237522125,0.8226392090320588,0.9799032568931579,,,,,,
22.399999999961135,107.09389027582813,13.815234210753193,105.67043913531805,79.76610335871598,125.7981105366982,88.6459677317598,14.09837675871296,-4.316362693181075,17.0103451186628,0.967976713180542,0.8405642509460449,0.9990767359733581,0.8112635374069215,0.8228263795375824,0.9796465635299683,,,,,,
22.41999999996109,107.08555165933694,13.775182484494078,105.67529928006019,79.7933058171973,125.84989420949633,88.69893587021737,14.006343081713421,-4.735345430126772,17.009633026469512,0.967718756198883,0.8397493958473206,0.9990741848945618,0.8112552404403687,0.8236507534980775,0.9788513422012329,,,,,,
22.439999999961042,107.07643776458137,13.734448776685158,105.67910505449227,79.84744382441815,125.90140399186632,88.74793606522928,13.914579699448263,-4.364153664405968,17.0111417722502,0.9671094179153442,0.8393971502780915,0.9990734219551086,0.811261135339737,0.8245064914226532,0.9785717010498047,,,,,,
22.459999999960996,107.0664696810358,13.694202307821564,105.6691667240342,79.9374147625511,125.9526232840524,88.79285387456964,13.83138810181633,-4.027224230255481,17.0149301781907,0.9662860751152038,0.8396025776863099,0.9990744829177857,0.8113014578819275,0.8249673902988435,0.9785827755928039,,,,,,
22.47999999996095,107.0556569872949,13.655637297329788,105.65868543473717,80.00930805674295,126.00353557991329,88.83358439061345,13.750681815177499,-4.073106396023895,17.02105139062408,0.9655943632125854,0.839504486322403,0.9990746021270752,0.8113148033618928,0.8257056713104248,0.9785487174987793,,,,,,
22.499999999960902,107.04413570913539,13.62196264697237,105.65151596363559,80.02058024861721,126.05412447224168,88.87003248535325,13.670145899650862,-3.8435081730703815,17.029552735926398,0.9649377584457397,0.8390981614589692,0.9990740299224854,0.8112847447395325,0.8270275235176087,0.9787590980529786,,,,,,
22.519999999960856,107.0321568261892,13.598284577371262,105.62123425644063,79.99560823157809,126.10437365805159,88.90211303257492,13.604718627049278,-2.5521133042973547,17.04047559012496,0.9639168024063111,0.8398586094379425,0.9990777492523193,0.811269897222519,0.8278917729854585,0.9803621649742127,,,,,,
22.53999999996081,107.01990220039822,13.58009468822704,105.55170456047793,80.04533756026272,126.15426694383225,88.92975110667396,13.566702066454516,-1.4710869876915333,17.053855262530018,0.9628346204757691,0.8411943197250367,0.999082350730896,0.8113637328147889,0.8273613691329956,0.9810235261917114,,,,,,
22.559999999960763,107.00749289145962,13.562630894534959,105.48825874438589,80.09980697556905,126.20378825076678,88.95288215764771,13.534342157222056,-1.9970471571188229,17.06972089366811,0.9622866630554199,0.8421181857585908,0.9990854024887085,0.8114165663719177,0.8268898904323578,0.9815405368804931,,,,,,
22.579999999960716,106.99490758948411,13.544821904036121,105.46884500894109,80.07651096305443,126.25292161991365,88.9714521618548,13.484757803778548,-2.8293696428255455,17.08809536776166,0.9622623920440674,0.841716754436493,0.9990846514701843,0.8113583743572236,0.8277387142181397,0.981888222694397,,,,,,
22.59999999996067,106.98207935764135,13.52699826159364,105.4655058760509,80.05258669702066,126.30165121734984,88.98541774819,13.42958536904568,-2.500921979064214,17.10899523996558,0.9619849681854248,0.8412086129188538,0.9990834593772888,0.8113268554210663,0.828712421655655,0.9818466186523438,,,,,,
22.619999999960623,106.9689824532991,13.509553988307845,105.44485851128844,80.09764660805052,126.34996133927345,88.9947462993793,13.387083871952292,-1.8244991001299167,17.132430678537045,0.9613127708435059,0.8418782949447632,0.9990856409072876,0.8113893687725068,0.8284202635288239,0.9819795608520507,,,,,,
22.639999999960576,106.95564517899805,13.493153515264066,105.42109765694012,80.15069296323203,126.39783641706448,88.99941602815915,13.351230438385924,-1.8799740939475456,17.158405422079618,0.960785698890686,0.8424552381038666,0.9990872263908386,0.8114441215991974,0.8281091392040253,0.9818577289581298,,,,,,
22.65999999996053,106.94213434230774,13.478530395087427,105.41380937130496,80.15422002057993,126.44526102230206,88.99941602816163,13.310779472208049,-2.095457653018646,17.18691675196774,0.9608071088790894,0.8418128430843353,0.9990856647491455,0.8114045977592469,0.8288940012454987,0.9818778157234191,,,,,,
22.679999999960483,106.92854628364547,13.466327711944817,105.40862911771234,80.1455009289004,126.49221987173651,88.99474629938672,13.27196275951758,-1.6826940363487133,17.21795548002219,0.9604058027267456,0.8414591550827026,0.9990853786468505,0.8113441586494446,0.8302366435527802,0.982423210144043,,,,,,
22.699999999960436,106.91499964726655,13.45700411459417,105.38754347014185,80.16315568926709,126.53869783221448,88.98541774820235,13.244900017797324,-1.0618563245741122,17.251505951470985,0.9597171902656555,0.842001885175705,0.999087643623352,0.8113552451133729,0.8305626869201661,0.983070182800293,,,,,,
22.71999999996039,106.90162416905794,13.450779202505926,105.35876222285138,80.17876242310766,126.58467992555595,88.97145216187207,13.226474633975991,-0.8534227067014288,17.287546063195183,0.9592252254486084,0.8426713407039643,0.9990898728370666,0.8113929808139801,0.830280613899231,0.9834288120269775,,,,,,
22.739999999960343,106.88854795099036,13.447689425702231,105.33528163944975,80.16221776285552,126.63015133338105,88.95288215766982,13.209698618620536,-0.7990878658042447,17.326047297222573,0.9590091943740845,0.8429089844226838,0.9990909337997437,0.8113825082778932,0.8304835140705109,0.9838534593582153,,,,,,
22.759999999960296,106.87588544121509,13.447584835395324,105.3121789274198,80.13410331976253,126.67509740188555,88.92975110670089,13.196546782638388,-0.46794676724709194,17.36697476939695,0.9587328433990479,0.8431834399700165,0.9990923404693604,0.8113522469997406,0.8309467613697052,0.984548830986023,,,,,,
22.77999999996025,106.86372525014411,13.450216877263253,105.28145614840756,80.11778505816442,126.71950364656327,88.9021130326066,13.191537976216988,-0.05702502072088419,17.410287293115204,0.9583794713020325,0.8438466012477875,0.999094796180725,0.8113565981388092,0.8308094143867493,0.9852255344390869,,,,,,
22.799999999960203,106.85213635572356,13.455392703085947,105.24826289596746,80.09982507378034,126.76335575687386,88.8700324853896,13.19255464149719,0.1183953696346702,17.455937457988878,0.9581201791763305,0.8445628523826599,0.9990970134735108,0.8113775908946992,0.8304446876049042,0.985658860206604,,,,,,
22.819999999960157,106.84117353639874,13.462995383359216,105.21974400726769,80.06460938456641,126.80663960085464,88.8335843906544,13.195691403655545,0.20928928327964993,17.503871723252274,0.9581376075744629,0.8448531627655029,0.9990980863571167,0.8113696992397309,0.8302670061588288,0.9860082864761353,,,,,,
22.83999999996011,106.83087667075671,13.472907813435686,105.19306737803507,80.02330100959809,126.84934122967475,88.79285387461508,13.202059685951857,0.45469419109886816,17.554030525704476,0.9588192582130433,0.8417864978313446,0.9990889072418213,0.8112791299819947,0.832242488861084,0.9842950105667114,,,,,,
22.859999999960063,106.82126952169914,13.485022093651482,105.16364176894419,79.98823999940483,126.89144688213044,88.74793606527909,13.214235939142116,0.7515453169387115,17.60634840193875,0.9582847952842712,0.8446709752082825,0.9990998268127441,0.811240178346634,0.8308006823062897,0.9875527620315552,,,,,,
22.879999999960017,106.81236334741888,13.499293378540889,105.13391373728284,79.9518361418199,126.93294298907973,88.69893587027146,13.231267547243807,0.9315863845428805,17.66075412457911,0.9577426671981811,0.8464558005332947,0.9991063833236694,0.8112251579761506,0.8301099240779877,0.9891672849655151,,,,,,
22.89999999995997,106.8041611808193,13.515715492407194,105.1074186701457,79.90545471618731,126.97381617781535,88.64596773181803,13.251243033404268,1.0745537418398539,17.717170852211584,0.9578757882118225,0.8468992292881012,0.9991098046302795,0.8111105144023896,0.830185079574585,0.9906053304672241,,,,,,
22.919999999959924,106.79665909690388,13.534248290224767,105.08247859540568,79.85502026361405,127.0140532763742,88.58915535946048,13.274882119260658,1.3039873322919349,17.775516292664882,0.9581050753593445,0.8469821274280549,0.9991110920906067,0.8110431551933289,0.8302260756492615,0.9912338614463806,,,,,,
22.939999999959877,106.78983747046195,13.55457762325618,105.05675282805278,79.809955421234,127.05364131778222,88.52863144112686,13.303533155663436,1.5478614133002768,17.83570287926462,0.958213210105896,0.8470028638839722,0.9991117238998413,0.8110072493553162,0.8302748739719391,0.9915457725524902,,,,,,
22.95999999995983,106.78364642914183,13.57568006849985,105.033496668631,79.77192044973154,127.09256754423323,88.46453733323283,13.33557527992393,1.6212269663377432,17.89763795965455,0.958721148967743,0.8468830525875092,0.9991133809089661,0.8109111547470094,0.8310295283794403,0.992137861251831,,,,,,
22.979999999959784,106.77803618554333,13.597760604489803,105.01781075338631,79.72213648242919,127.13081941120028,88.39702273053722,13.367837539957193,1.621260044234083,17.961223996748696,0.9595641613006591,0.8463207125663758,0.9991141080856323,0.8107873499393463,0.8329271078109741,0.992517638206482,,,,,,
22.999999999959737,106.77298307373488,13.621538149904628,105.00542799730457,79.66310735386293,127.16838459147827,88.3262453165229,13.401949825049385,1.8350585702326796,18.026358781350282,0.9603502988815308,0.8453731954097748,0.9991130948066711,0.8106791734695435,0.8342411816120148,0.9927247762680054,,,,,,
23.01999999995969,106.7685002195474,13.647635319978676,104.98801127031227,79.607201378138,127.20525097915662,88.25237039511984,13.442458114953503,2.2239066923480655,18.092935655945457,0.9600733518600464,0.8455989241600037,0.9991137027740479,0.810625296831131,0.834883612394333,0.9931719779968262,,,,,,
23.039999999959644,106.76471195137269,13.676609741090138,104.96472468706187,79.54965627547777,127.24140669352053,88.17557050462996,13.49047480930474,2.5577111264397914,18.16084374915433,0.9607855319976807,0.8459441184997559,0.9991148114204407,0.8104584813117981,0.835044264793396,0.9942239284515381,,,,,,
23.059999999959597,106.76162221381198,13.708703146680607,104.93972014772697,79.47871177222989,127.27684008287974,88.09602501475608,13.544211452485486,2.814480215601577,18.229968220296065,0.9611995220184326,0.8456244051456452,0.9991141796112061,0.8104677319526673,0.8346119523048401,0.9940588235855102,,,,,,
23.07999999995955,106.75922234911765,13.743957240178903,104.91366203392805,79.39589628655396,127.31153972832345,88.01391970767554,13.603449484118398,3.1241716440954916,18.300190513501803,0.9620824694633484,0.845318466424942,0.9991138458251954,0.810358864068985,0.8345400154590608,0.9945033311843872,,,,,,
23.099999999959504,106.7574448170873,13.78212310515275,104.88460585935182,79.3105982424425,127.34549444740017,87.9294463441374,13.669526786641518,3.4813667173683824,18.371388620786234,0.9635581731796264,0.844307142496109,0.9991120934486389,0.8103322744369508,0.8333770990371705,0.9942901372909546,,,,,,
23.119999999959457,106.75626768780441,13.822906200609335,104.85378618032333,79.22406760889966,127.37869329772153,84.01961362679302,13.742197409338512,3.7672886247315147,20.74191069951946,0.9653342485427856,0.8426399290561677,0.9991101741790771,0.810234010219574,0.8329050064086915,0.9942876815795898,,,,,,
23.13999999995941,106.75565578772434,13.865969330172327,104.82490591313784,79.13146580152882,127.41112558048849,86.03866334716153,13.819604850470343,3.9656964938967127,19.547570655060014,0.9655734777450562,0.8433448910713196,0.9991104364395141,0.8102342188358307,0.8319116592407227,0.9944391250610352,,,,,,
23.159999999959364,106.75556115863729,13.910989264965341,104.79932721801971,79.03393928096588,127.44278084393927,86.07731224395407,13.900854257649153,4.16462727207681,19.543366133244078,0.9659467101097107,0.84364572763443,0.9991105318069458,0.8101446568965912,0.8319046914577485,0.9949154734611512,,,,,,
23.179999999959318,106.75592917844874,13.957451909122765,104.77616130792369,78.93895022684693,127.47364888671758,86.11593224540943,13.986277352662825,4.373181939530781,19.53870571171764,0.966710376739502,0.8432001650333405,0.9991094946861268,0.8101466119289399,0.8310604572296143,0.9947428226470947,,,,,,
23.19999999995927,106.75673534810967,14.005229200117432,104.75596506124734,78.84290687000404,127.5037197611601,86.15450891735902,14.07543980193747,4.540676304877438,19.53359208773524,0.9675390243530273,0.8436628162860871,0.999109411239624,0.8100887477397919,0.8298577249050141,0.9950676441192627,,,,,,
23.219999999959224,106.75789142583517,14.054154807490383,104.73876989487911,78.74815951590011,127.53298377650228,86.19302784182858,14.168088219791656,4.720171402433487,19.528028103261203,0.9677113175392151,0.8444894134998322,0.9991091728210449,0.8100941836833955,0.8289509356021881,0.9951485633850098,,,,,,
23.239999999959178,106.75927701569209,14.101963864996847,104.72630200160398,78.67615584459156,127.56143150200131,86.2314746224269,14.262974687620337,4.711461115623259,19.522016743607455,0.9674205541610718,0.8455454349517822,0.9991095900535584,0.8101488947868347,0.8281959474086762,0.9951167821884155,,,,,,
23.25999999995913,106.76077726197374,14.147198851987222,104.72728555630107,78.6121584530198,127.58905376997538,86.26983488972641,14.354251594195473,4.380666856046739,19.515561136025937,0.9687159538269043,0.845231717824936,0.999107813835144,0.8101324439048767,0.8266928613185883,0.9949937462806702,,,,,,
23.279999999959085,106.7623143333949,14.189739030292424,104.74456218741221,78.54214088587943,127.61584167875796,86.30809430663378,14.438379607965482,4.0700385417698675,19.508664548255968,0.9697060346603393,0.8450149238109589,0.9991056084632873,0.8101067125797272,0.8257253050804139,0.9948857665061951,,,,,,
23.299999999959038,106.76381864467987,14.229631260402329,104.76905148525493,78.48551222791885,127.64178659556664,86.34623857374834,14.518766164775203,3.9974554043839747,19.50133038702748,0.9701324343681336,0.8448168575763703,0.9991041898727417,0.8101108133792878,0.8253210484981537,0.9947172999382019,,,,,,
23.31999999995899,106.7652672911287,14.267091754709266,104.79409666642682,78.44868781933572,127.66688015928507,86.38425343470654,14.598392105447173,3.9456563297373943,19.493562196520475,0.9705626249313355,0.844784140586853,0.9991024732589722,0.8101570367813111,0.8245119512081147,0.9943413972854614,,,,,,
23.339999999958945,106.76670743080368,14.302323724039947,104.8215325828508,78.41563876301986,127.69111428315746,86.42212468151011,14.675586786701999,3.755546973560766,19.485363656781693,0.9711850166320801,0.8445341885089874,0.9991005897521973,0.8102588057518005,0.8231409668922425,0.9935764312744141,,,,,,
23.359999999958898,106.768256718802,14.335500633451115,104.85274303899523,78.37715510386995,127.71448115739469,86.45983815983642,14.74855503026818,3.5551112060645074,19.47673858209883,0.9707372426986695,0.8457138240337372,0.9991003274917603,0.8102739751338959,0.8230561316013336,0.9937022089958191,,,,,,
23.37999999995885,106.77002349815334,14.366773338256747,104.88395649861191,78.34084500497205,127.73697325169107,86.49737977432858,14.818522038018301,3.45547823897066,19.46769091933321,0.9706456184387207,0.8463220536708832,0.999099588394165,0.8103117108345033,0.8226568222045899,0.9935393929481506,,,,,,
23.399999999958805,106.77210945575561,14.395933534109489,104.91208702378727,78.31566230532673,127.75858331765114,86.5347354938635,14.886777987830987,3.351456729847385,19.458224746211666,0.9706099271774292,0.8469425261020661,0.9990991115570068,0.8103549122810364,0.8221182048320771,0.9933696389198303,,,,,,
23.41999999995876,106.77461609238566,14.421997417873596,104.94009888172562,78.30232325918303,127.77930439112555,86.57189135679609,14.951202476836137,3.0496290237116965,19.44834426957804,0.9707502603530884,0.8473400831222535,0.9990983247756958,0.8103975236415863,0.821498441696167,0.9931203126907349,,,,,,
23.43999999995871,106.7777693395234,14.443940715121563,104.97385040690092,78.29362001983627,127.79912979445531,86.60883347617737,15.007462212496343,2.5555981951815476,19.438053823605387,0.9711203336715698,0.8472870647907258,0.9990968704223633,0.8104182481765747,0.8210163652896881,0.9928211808204651,,,,,,
23.459999999958665,106.78153671779168,14.461277210238798,105.01508435963464,78.28644673414782,127.81805313862384,86.6455480449447,15.053141786235042,2.02756601675933,19.427357867969366,0.9716348648071289,0.8468703866004944,0.9990949153900146,0.8104306995868683,0.8206209719181061,0.9924216985702514,,,,,,
23.47999999995862,106.78584574606391,14.475655767945236,105.05822928000158,78.27159122752956,127.83606832531588,86.68202134108216,15.090266129325066,1.743845544942958,19.416260985983726,0.9719689130783081,0.8466430664062501,0.9990934371948242,0.8104460895061494,0.8203139662742616,0.9920859813690186,,,,,,
23.499999999958572,106.79080454947632,14.488227660376463,105.09269342122997,78.26529015330951,127.85316954888275,86.71823973274907,15.124824148412028,1.7334494069565647,19.404767882698525,0.971669054031372,0.8473637819290162,0.9990932822227478,0.8105156123638153,0.8199394941329956,0.9917701244354248,,,,,,
23.519999999958525,106.79653079104764,14.499245425249937,105.11586098349564,78.27142453706463,127.86935129821329,86.75418968337497,15.159142293061665,1.6614263121022423,19.39288338296188,0.9713773965835572,0.8480962216854095,0.9990933656692504,0.8105795979499817,0.819570004940033,0.9915185928344726,,,,,,
23.53999999995848,106.80311126958614,14.508466502937608,105.13489126433016,78.2740631980877,127.88460835850996,86.78985775671882,15.18967583662498,1.362766576683385,19.380612429446217,0.9717082500457763,0.8478385090827942,0.999092411994934,0.8105813086032868,0.8193353712558746,0.9913105130195617,,,,,,
23.559999999958432,106.81057579363232,14.515487907621196,105.1549916789931,78.26867326323917,127.89893581296931,86.8252306218908,15.213331737299002,1.0122017267213446,19.367960080639424,0.9720592379570008,0.8474254667758943,0.9990911483764648,0.8105775356292725,0.8192038953304291,0.991055178642273,,,,,,
23.579999999958385,106.8188936426942,14.519907551685186,105.17488916309193,78.26814603086022,127.91232904436653,86.86029505833471,15.230718253751183,0.7365271427865391,19.354931508802153,0.9723559856414795,0.8470957100391389,0.9990901350975037,0.8105853140354157,0.8190115988254547,0.9907616376876831,,,,,,
23.59999999995834,106.82798939124919,14.521727499112545,105.1931681946175,78.27646486210337,127.92478373654338,86.89503796076914,15.242861665860106,0.47319616642473095,19.34153199789174,0.9726110935211182,0.8468836426734925,0.9990893959999084,0.8106068074703217,0.8187131524085999,0.990425968170166,,,,,,
23.619999999958292,106.83777013136043,14.521303225146427,105.21079267386588,78.28616302367013,127.93629587579917,86.92944634408555,15.249510174946458,0.1944722239329837,19.32776694145374,0.9728536367416382,0.846643477678299,0.9990886211395263,0.8106266856193542,0.818457692861557,0.990079140663147,,,,,,
23.639999999958246,106.84813585145011,14.51917415393059,105.2275258253131,78.29342084965974,127.94686175218426,86.96350734820138,15.251109348071095,-0.01621715755392998,19.313641840481914,0.9730481624603271,0.8463551640510559,0.9990878343582154,0.8106364727020264,0.818346381187439,0.9897878170013428,,,,,,
23.6599999999582,106.85897472393418,14.515766318135952,105.2409998046636,78.30320153801513,127.95647796069552,86.99720824286659,15.249570215504695,-0.12646404912933085,19.299162301247307,0.9731518507003785,0.8461433351039886,0.9990873336791992,0.8106435775756836,0.8183098316192627,0.9895802497863769,,,,,,
23.679999999958152,106.87016257046581,14.511159892523924,105.25055184826938,78.31921368573971,127.96514140237379,87.03053643242148,15.246070692665395,-0.23301889627967076,19.284334033097643,0.9731990575790406,0.8460251510143281,0.9990870833396912,0.8106566965579987,0.8182472944259644,0.9893898010253906,,,,,,
23.699999999958106,106.88155964673699,14.505214373623417,105.25892612509614,78.33774232246832,127.97284928530246,87.06347946050437,15.239720118411421,-0.41416575996727845,19.269162846227456,0.9732418298721314,0.8459006726741791,0.9990868330001831,0.8106695532798768,0.8181952297687531,0.9891958713531495,,,,,,
23.71999999995806,106.89301011357672,14.49774241622507,105.26891086305478,78.35607496531999,127.97959912550725,87.09602501470708,15.229280799410146,-0.628224496078562,19.253654649420156,0.9732861042022705,0.8457175612449647,0.9990864753723144,0.810677456855774,0.818205201625824,0.9890050888061523,,,,,,
23.739999999958012,106.90434863279428,14.48869239406746,105.28070403068567,78.37659265635226,127.98538874775672,87.12816093117671,15.21485382171836,-0.8052942217468165,19.23781544776277,0.9732969045639038,0.8455472052097321,0.9990861892700196,0.8106850564479828,0.818247950077057,0.9888319730758667,,,,,,
23.759999999957966,106.91541338848408,14.478319896546054,105.29305636274105,78.40036968825557,127.9902162862632,87.15987519916187,15.197437231384097,-0.9275246262648603,19.221651340334166,0.9732604026794434,0.8454483389854431,0.9990861177444458,0.8106964588165284,0.8182804226875305,0.9886823892593384,,,,,,
23.77999999995792,106.92606139418092,14.467113422902283,105.30475504262655,78.42525196203505,127.99408018528415,87.19115596550168,15.17810867884798,-0.99648814337341,19.20516851786781,0.9731876969337463,0.8454010426998139,0.9990862011909485,0.8107089102268219,0.8183175086975099,0.9885658025741577,,,,,,
23.799999999957873,106.93617774124675,14.455469523770185,105.31480698759543,78.45066239168416,127.99697919962347,87.22199153905582,15.15789202863595,-1.0195808911672792,19.188373260389874,0.9730823278427124,0.8453817009925843,0.9990863800048828,0.8107188761234284,0.8183899760246277,0.9884986877441406,,,,,,
23.819999999957826,106.94567248801063,14.443561075168743,105.32295162372284,78.47712359607674,127.99891239503278,87.25237039507417,15.137415364484017,-1.0291987053465477,19.17127193483346,0.9729457497596741,0.8453946471214295,0.9990866661071778,0.810726410150528,0.8184932589530945,0.9884835720062256,,,,,,
23.83999999995778,106.95445372032444,14.431438272946956,105.32999691543353,78.503469696544,127.99987914851252,87.28228117950407,15.116613339679946,-1.0537953159766658,19.15387099263012,0.9727962732315063,0.845429426431656,0.9990869998931885,0.8107336163520813,0.8186000287532806,0.9884891510009766,,,,,,
23.859999999957733,106.96255410145635,14.419154956988669,105.33681666262531,78.52816261797477,127.99987914851272,87.31171271323396,15.095238362996845,-1.0816070864856446,19.13617696727934,0.972649621963501,0.8454698920249939,0.9990873336791992,0.8107417821884155,0.8186941802501679,0.988488745689392,,,,,,
23.879999999957686,106.96991518941617,14.406819833155275,105.3433137636395,78.55151210930163,127.99891239503336,87.34065399627148,15.073519567987821,-1.084884249776577,19.118196471896997,0.9725020289421081,0.8455266773700715,0.9990877151489258,0.8107513129711151,0.8187709510326386,0.9884866714477539,,,,,,
23.89999999995764,106.97648593208304,14.39462734386933,105.34879880665984,78.57409426976257,127.99697919962445,87.36909421185482,15.052042659776353,-1.05860369660179,19.099936196743744,0.9723471164703369,0.8456144452095032,0.9990881443023681,0.8107622563838959,0.8188284814357758,0.9884937524795532,,,,,,
23.919999999957593,106.98237461940333,14.38283713277221,105.35277201929644,78.59474270713837,127.99408018528553,87.3970227304953,15.031319750538177,-1.0100073606987083,19.081402906734148,0.9721876502037048,0.8457259595394135,0.9990886211395263,0.8107734501361847,0.818874752521515,0.9885148525238037,,,,,,
23.939999999957546,106.98755616924497,14.371729130251929,105.35485774157793,78.6122229345436,127.99021628626498,87.42442911395027,15.011809994442658,-0.9365328996064112,19.06260343892762,0.9720281720161438,0.8458498239517213,0.9990891218185425,0.8107838571071625,0.8189177334308625,0.9885503053665161,,,,,,
23.9599999999575,106.9920554926006,14.361465315728257,105.3546888465579,78.62727603283007,127.98538874775889,87.45130311912433,14.993994768387264,-0.8436640353257295,19.043544700001974,0.9718714714050293,0.8459883213043213,0.9990896344184875,0.8107942461967469,0.8189482986927032,0.988593864440918,,,,,,
23.979999999957453,106.99591623354897,14.352037378907212,105.35252289353643,78.64087148437737,127.97959912550981,87.47763470189768,14.97800335345038,-0.7594329887922853,19.024233663710607,0.9717267036437989,0.846135824918747,0.9990901470184326,0.810805493593216,0.8189542174339295,0.9886313199996948,,,,,,
23.999999999957407,106.9991865614911,14.343358256074579,105.34942101201395,78.65233646751776,127.9728492853054,87.50341402088009,14.963428529452955,-0.7020663178658959,19.00467736832426,0.9716067433357238,0.8462685585021973,0.999090576171875,0.810816901922226,0.8189398467540742,0.9886502981185913,,,,,,
24.01999999995736,107.00191304946276,14.335364409530234,105.34626999225458,78.66104002340751,127.96514140237713,87.52863144108908,14.949847912592539,-0.655359670131891,18.984882914058183,0.9715134024620056,0.8463746964931489,0.9990909337997437,0.8108280122280122,0.8189133226871491,0.988647174835205,,,,,,
24.039999999957313,107.00413976327339,14.328046431563841,105.34306476469004,78.66793858664299,127.95647796069925,87.55327753755105,14.93730114061819,-0.5965970567804577,18.964857460485742,0.9714359045028687,0.8464709639549256,0.9990912437438965,0.8108396589756013,0.8188718616962434,0.9886284947395325,,,,,,
24.059999999957267,107.00590863493818,14.321431472198421,105.33944286896892,78.6741225983093,127.94686175218837,87.5773430988238,14.926058044054273,-0.5271581569187904,18.944608223939518,0.9713678240776062,0.846570760011673,0.9990915298461914,0.8108522713184357,0.8188120543956757,0.9886005163192749,,,,,,
24.07999999995722,107.00726230454123,14.31551546664408,105.33542162855773,78.67951408347456,127.93629587580368,87.60081913043926,14.916188560903203,-0.46125267631032807,18.924142474900556,0.9713122487068176,0.8466627061367036,0.9990917921066285,0.8108646094799042,0.8187450230121613,0.9885662794113159,,,,,,
24.099999999957173,107.00824746960524,14.310247542304412,105.33135410587555,78.68391701940698,127.92478373654826,87.62369685826526,14.90754094691199,-0.4052622500619704,18.90346753537694,0.971271300315857,0.8467329263687134,0.9990920066833496,0.8108754992485047,0.8186836004257203,0.988526713848114,,,,,,
24.119999999957127,107.00890434448316,14.305504315231596,105.32761637740717,78.68797793753389,127.9123290443718,87.64596773178475,14.899901332490577,-0.3610261843278438,18.882590776272654,0.9712429404258728,0.8467832207679749,0.9990921497344971,0.8108853578567505,0.8186265051364899,0.9884798765182495,,,,,,
24.13999999995708,107.00926635397366,14.301123977397443,105.32461358283635,78.69241640775853,127.89893581297497,87.66762342729159,14.892987765863417,-0.33347446985984996,18.861519614747504,0.9712268590927124,0.8468181252479554,0.9990922451019287,0.8108952283859253,0.8185652375221253,0.9884194612503052,,,,,,
24.159999999957034,107.00935936914321,14.296945617386646,105.32277071716204,78.69727692110264,127.884608358516,87.68865585100151,14.886446755611018,-0.3228683631905192,18.840261511569217,0.9712238669395447,0.8468342959880829,0.9990922927856445,0.8109050929546356,0.8185010254383087,0.988343071937561,,,,,,
24.179999999956987,107.0092113969092,14.29286220560814,105.32224613574294,78.70249972340314,127.8693512982197,87.70905714207719,14.880025063789601,-0.3195302283564736,18.818823968458563,0.9712297916412354,0.8468313753604889,0.9990922927856445,0.8109144151210785,0.8184416115283967,0.9882562398910523,,,,,,
24.19999999995694,107.00884563356723,14.288818779051589,105.32280501498968,78.70842005202229,127.85316954888954,87.72881967556614,14.873678797200439,-0.3146501806668176,18.79721452542857,0.9712367177009582,0.8468188166618348,0.9990922808647156,0.8109231352806092,0.8183905124664307,0.9881678342819213,,,,,,
24.219999999956894,107.00828368933682,14.284784420271817,105.32409900955064,78.71528597721056,127.83606832532304,87.74793606525063,14.867443175444091,-0.30934340495387486,18.775440758118535,0.9712406635284424,0.8468038737773895,0.9990922689437867,0.8109314739704132,0.8183463633060456,0.9880817294120788,,,,,,
24.239999999956847,107.00754741736253,14.280726270562615,105.3259438503036,78.72294295580836,127.81805313863137,87.76639916640819,14.861270524617918,-0.3091554153812448,18.753510275124153,0.9712422132492066,0.8467850744724275,0.9990922451019287,0.810939222574234,0.8183105826377869,0.9879987478256226,,,,,,
24.2599999999568,107.00665887089949,14.276586477477771,105.32830427923965,78.73126808254742,127.79912979446321,87.78420207848201,14.855022641089361,-0.3171320533228839,18.731430715324343,0.9712427377700805,0.8467589139938355,0.9990922212600708,0.8109462559223175,0.8182843387126923,0.9879173159599304,,,,,,
24.279999999956754,107.00563932373163,14.27228618962295,105.33118917025804,78.74033422421275,127.7793043911338,87.80133814765992,14.84852431598027,-0.33426078727302144,18.709209745205925,0.97124183177948,0.846726667881012,0.999092185497284,0.8109528481960298,0.8182658970355988,0.9878359913825989,,,,,,
24.299999999956707,107.00450839018706,14.267759630993748,105.334594803692,78.7500529528109,127.75858331765978,87.81780096936137,14.841597903046317,-0.3594033701982098,18.686855056187053,0.9712390065193176,0.8466904819011689,0.9990921497344971,0.8109593391418457,0.8182523012161256,0.9877530813217164,,,,,,
24.31999999995666,107.00328407332721,14.262984910035627,105.33840233571028,78.76014046523456,127.73697325170006,87.833584390631,14.834131681912138,-0.3870165574129989,18.664374361940293,0.9712329864501953,0.8466524124145508,0.9990921020507812,0.8109658181667329,0.8182433247566223,0.9876695394515991,,,,,,
24.339999999956614,107.00198357471304,14.257981893286537,105.34230066177402,78.77046880928448,127.71448115740404,87.8486825124384,14.826145556484267,-0.41064536881296143,18.641775395716376,0.9712210893630981,0.8466163575649261,0.9990920782089233,0.8109722554683686,0.8182397782802582,0.9875892162322998,,,,,,
24.359999999956568,107.00062392582937,14.252789401886037,105.3459110201136,78.78103892737825,127.69111428316717,87.86308969188279,14.817740574192866,-0.42930522784546854,18.61906590766942,0.9712011337280273,0.8465863525867463,0.9990920782089233,0.8109786033630372,0.8182419359683991,0.9875159740447998,,,,,,
24.37999999995652,106.9992217702419,14.247442428877546,105.34899638508607,78.79170530390498,127.66688015929513,87.87680054430213,14.808980194861636,-0.4469305380139902,18.59625366218467,0.9711737275123596,0.8465619027614594,0.9990921020507812,0.810984766483307,0.8182498633861542,0.9874503135681152,,,,,,
24.399999999956474,106.99779238499003,14.241960728905918,105.35150621086846,78.80222403346642,127.64178659557706,87.8898099452855,14.799849905022342,-0.4665050858867373,18.5733464352097,0.9711410999298096,0.846539705991745,0.9990921258926392,0.8109906494617463,0.8182637214660645,0.9873902797698975,,,,,,
24.419999999956428,106.9963484542451,14.236348232201019,105.35346960319652,78.81252123522202,127.61584167876872,87.9021130325885,14.790307114107264,-0.4880443007882819,18.550352011589837,0.97110435962677,0.8465187430381775,0.9990921735763549,0.8109963595867158,0.8182822346687317,0.9873338103294372,,,,,,
24.43999999995638,106.99489910243533,14.23060529682985,105.35492300275827,78.82264062226892,127.58905376998646,87.91370520795037,14.780321079621933,-0.5106611523036797,18.52727818240892,0.9710636377334595,0.8465000808238984,0.9990922212600708,0.8110021233558655,0.8183033227920533,0.9872794866561889,,,,,,
24.459999999956334,106.9934495582958,14.224746999104813,105.35589314734774,78.83251559198146,127.56143150201275,87.92458213881268,14.769884006577943,-0.5327302947522756,18.50413274233618,0.9710188508033752,0.8464841544628143,0.9990922927856445,0.8110079586505891,0.8183268070220948,0.9872275710105896,,,,,,
24.479999999956288,106.99200153132277,14.21881116811595,105.35635608386137,78.84202069028669,127.53298377651404,87.93473975993857,14.75903730302812,-0.5510313732929852,18.480923486980174,0.9709694147109985,0.8464712798595428,0.9990923643112183,0.8110136806964875,0.8183540999889374,0.9871801853179931,,,,,,
24.49999999995624,106.99055392947925,14.212847973704605,105.35622443226697,78.85116730844601,127.5037197611722,87.94417427493208,14.747884999798563,-0.5631696048866064,18.45765821025078,0.9709139108657837,0.8464630961418153,0.999092447757721,0.8110191822052002,0.8183863699436188,0.9871401071548462,,,,,,
24.519999999956195,106.98910333935841,14.206902664720104,105.35543863184779,78.86004303556248,127.47364888673002,87.95288215765719,14.73654357559603,-0.5704513035504403,18.43434470172989,0.9708520412445069,0.8464610695838929,0.9990925550460815,0.8110244452953339,0.8184231758117676,0.9871085405349731,,,,,,
24.539999999956148,106.98764393222984,14.201006262536263,105.35406255173106,78.86864054193384,127.44278084395202,87.96086015355553,14.725077317471042,-0.5761252877980191,18.410990744052068,0.9707855701446533,0.8464630782604218,0.9990926861763001,0.8110293865203858,0.8184644222259522,0.9870843887329102,,,,,,
24.5599999999561,106.9861663446722,14.195179323374347,105.35225457599249,78.87690729932135,127.41112558050155,87.96810528086293,14.713499550463602,-0.5815820224607666,18.387604110295676,0.9707156419754028,0.8464671969413757,0.9990928173065186,0.8110338926315308,0.8185105800628663,0.9870669960975647,,,,,,
24.579999999956055,106.98466330699375,14.189421813501875,105.35016556255808,78.88486613693826,127.37869329773491,87.97461483172373,14.701822751989981,-0.5857316298253186,18.36419256138565,0.9706427574157714,0.846472978591919,0.999092960357666,0.8110380411148072,0.8185609459877015,0.9870552301406861,,,,,,
24.599999999956008,106.98312664331209,14.183748775255314,105.34788302504884,78.89256128167499,127.34549444741387,87.98038637320289,14.690091105909444,-0.5867719819716879,18.340763843508565,0.9705666899681091,0.8464821219444275,0.9990931034088135,0.811041921377182,0.818614274263382,0.9870493650436402,,,,,,
24.61999999995596,106.98154376790558,14.178198688283864,105.34543128807013,78.89996045684448,127.31153972833745,87.98541774819529,14.678383789870935,-0.5830339444561472,18.31732568554109,0.9704869031906128,0.8464957833290101,0.9990932703018188,0.8110455036163331,0.8186706602573395,0.9870508193969727,,,,,,
24.639999999955915,106.97990934266245,14.172799774501602,105.34278484197644,78.90700632744729,127.27684008289404,87.98970707623197,14.666810161743024,-0.5732898428778953,18.29388579649237,0.9704033255577087,0.8465145766735077,0.9990934371948242,0.8110486388206483,0.8187306582927705,0.9870612859725952,,,,,,
24.65999999995587,106.97821681426862,14.167596338190235,105.33990376072074,78.91368105201843,127.24140669353513,87.99325275418286,14.655490755536253,-0.5578156173824578,18.270451862961615,0.9703159928321838,0.8465389966964723,0.9990936279296875,0.8110512971878052,0.8187940537929536,0.9870814800262451,,,,,,
24.67999999995582,106.97646027855646,14.162624705263854,105.3367863957612,78.91994713170408,127.20525097917151,87.9960534568561,14.644524139368373,-0.5383374534978107,18.24703154661125,0.9702258348464966,0.8465688586235047,0.9990938186645508,0.8110534429550171,0.8188602685928346,0.9871112823486328,,,,,,
24.699999999955775,106.97463562884865,14.157911405137398,105.33348144960163,78.92572937181093,127.16838459149345,87.99810813749316,14.633973319930806,-0.5163878053607505,18.223632481656896,0.9701344251632691,0.8466031789779663,0.999094033241272,0.8110551357269288,0.8189278244972229,0.9871487617492676,,,,,,
24.71999999995573,106.9727407898274,14.153478124994683,105.33004795143101,78.93095034492383,127.13081941121574,87.99941602816021,14.623883619351481,-0.49213455903934905,18.200262272374687,0.9700429916381836,0.846640831232071,0.9990942358970643,0.8110564053058624,0.8189959049224854,0.9871924042701721,,,,,,
24.739999999955682,106.97077582359123,14.149349161883695,105.32650971433405,78.93555096095308,127.09256754424898,87.99997664003502,14.614309017620709,-0.46469639502381943,18.176928490626963,0.9699521064758301,0.8466822504997253,0.9990944623947143,0.8110572814941407,0.8190634429454804,0.9872419834136963,,,,,,
24.759999999955635,106.96874310890631,14.145555435765408,105.32284370908067,78.9394755849614,127.05364131779824,87.99978976358973,14.605322960411767,-0.43317257602824366,18.15363867340694,0.9698620319366456,0.8467278718948364,0.9990946769714355,0.8110578238964081,0.8191295385360718,0.9872970342636108,,,,,,
24.77999999995559,106.9666475146671,14.1421328893215,105.31900045485096,78.94265500066618,127.01405327639048,87.99885546866916,14.597010952368393,-0.397312462890574,18.13040032040337,0.9697732925415039,0.8467776477336884,0.9990948915481568,0.8110580027103425,0.8191938817501069,0.9873576879501342,,,,,,
24.799999999955542,106.96449639893359,14.139116289912094,105.31493301856983,78.94502619630939,126.97381617783189,87.99717410446462,14.589455959104239,-0.35762263171168146,18.107220891585825,0.9696864485740662,0.846831101179123,0.9990951180458069,0.8110577523708344,0.8192565321922303,0.9874238729476928,,,,,,
24.819999999955495,106.96229931078331,14.136530955450423,105.31062354188498,78.94656755478836,126.93294298909653,87.99474629938354,14.582722638694264,-0.3154250314835734,18.08410780481138,0.9696025848388672,0.8468873858451844,0.999095344543457,0.8110571026802064,0.8193166077136994,0.9874943733215332,,,,,,
24.83999999995545,106.96006741460971,14.13439007508457,105.30610124619264,78.94726530789771,126.89144688214749,87.99157296081447,14.576844001188464,-0.2723991698832901,18.061068433453602,0.9695228934288025,0.8469452261924744,0.9990955591201782,0.8110560357570649,0.8193737745285035,0.9875679850578308,,,,,,
24.859999999955402,106.95781283733113,14.132698507489254,105.30142787864143,78.94709261697298,126.84934122969204,87.98765527478801,14.571825908717503,-0.22940514490045086,18.038110104054418,0.9694484233856201,0.8470030963420868,0.9990957617759705,0.8110545754432679,0.8194276571273804,0.9876432061195374,,,,,,
24.879999999955356,106.95554815221209,14.131457042536525,105.29665826009685,78.94605831964485,126.80663960087217,87.98299470553356,14.567668592345015,-0.1862446200537669,18.015240093999793,0.9693798303604126,0.8470604121685028,0.9990959644317627,0.8110527694225311,0.8194777131080628,0.987718915939331,,,,,,
24.89999999995531,106.95328605186413,14.130665782553335,105.29182234095059,78.94420492845721,126.76335575689164,87.97759299493198,14.564379301332968,-0.14257735432228638,17.992465629219765,0.9693169474601746,0.8471168398857117,0.9990961432456971,0.8110505998134614,0.8195243239402772,0.9877951622009278,,,,,,
24.919999999955262,106.95103915888363,14.130324535037085,105.2869373928603,78.94157341800896,126.71950364658127,87.97145216186466,14.5619680132435,-0.09850105000168921,17.96979388191372,0.9692599058151246,0.8471723318099976,0.9990963220596314,0.8110480725765229,0.8195674180984498,0.9878717422485351,,,,,,
24.939999999955216,106.94881986325717,14.130429545108646,105.28202567514273,78.93820675151294,126.67509740190377,87.96457450145891,14.560438167973224,-0.054550820909123346,17.947231968301537,0.9692087173461914,0.8472259819507599,0.9990964770317078,0.811045104265213,0.8196079850196839,0.9879489183425904,,,,,,
24.95999999995517,106.94664010086434,14.13097039201754,105.27712527782248,78.93416099001213,126.63015133339948,87.95696258423015,14.559779569233058,-0.011520551402772966,17.92478694640134,0.9691635012626648,0.8472772717475892,0.9990966200828553,0.8110416948795319,0.8196462869644165,0.988026237487793,,,,,,
24.979999999955123,106.94451107811251,14.131928522943626,105.27229252044414,78.92950979036459,126.5846799255746,87.94861925512123,14.559965198240695,0.029736528822717163,17.9024658138345,0.9691242098808288,0.847325736284256,0.9990967512130737,0.8110378086566925,0.8196829497814179,0.9881038069725037,,,,,,
24.999999999955076,106.94244301319138,14.133279081998664,105.26759619584564,78.92432551254295,126.53869783223334,87.9395476324391,14.560952592929416,0.0685957362926544,17.88027550565857,0.9690910100936889,0.847370445728302,0.9990968704223633,0.8110334873199463,0.8197179436683655,0.9881805419921875,,,,,,
25.01999999995503,106.9404450018461,14.134995528573281,105.26310032105906,78.91866461197266,126.49221987175557,87.92975110668935,14.562692703230566,0.10506800091916832,17.858222892228984,0.9690638065338135,0.8474113404750825,0.9990969657897949,0.8110287368297577,0.8197515547275543,0.9882565498352051,,,,,,
25.039999999954983,106.93852505375594,14.137052811695675,105.25884398611498,78.91258808558534,126.44526102232132,87.91923333930905,14.565142480601391,0.1396550503817735,17.836314777089814,0.9690418004989624,0.8474485874176025,0.9990970373153687,0.8110235452651978,0.819784563779831,0.9883321285247803,,,,,,
25.059999999954936,106.93669025391429,14.13942871232699,105.25483889400503,78.9061580160657,126.39783641708391,87.90799826129823,14.568268886060675,0.1727650606492318,17.81455789489464,0.9690244674682618,0.8474826097488404,0.9990971088409424,0.8110179066658021,0.819817304611206,0.9884078502655029,,,,,,
25.07999999995489,106.93494695417544,14.142102887000139,105.251083525201,78.89942118199757,126.34996133929306,87.89605007175074,14.572042936225017,0.20439272329545272,17.792958909357868,0.9690110802650451,0.8475139200687409,0.9990971684455872,0.811011826992035,0.8198502004146576,0.9884841203689575,,,,,,
25.099999999954843,106.93330092060253,14.145055691924542,105.24757540350429,78.89240311761249,126.30165121736964,87.88339323628482,14.576433364397664,0.2343745884801793,17.771524411237188,0.9690012693405151,0.8475425183773041,0.999097216129303,0.8110052704811097,0.8198839247226716,0.9885614395141602,,,,,,
25.119999999954796,106.9317574036539,14.148265938464581,105.24431355236955,78.88513767730281,126.25292161993362,87.87003248537403,14.581405247854121,0.26249546427329773,17.750260916347894,0.9689948201179505,0.847568553686142,0.9990972518920899,0.810998260974884,0.8199184596538545,0.9886396408081055,,,,,,
25.13999999995475,106.93032114060675,14.151711942620578,105.24129994258814,78.87764715614598,126.2037882507869,87.85597281257934,14.586919141742818,0.2885654332089929,17.72917486360942,0.9689914107322692,0.8475922882556916,0.9990972757339478,0.8109908163547517,0.8199539184570312,0.9887188911437989,,,,,,
25.159999999954703,106.92899636844326,14.155374079919056,105.238532969984,78.86993215334662,126.15426694385253,87.84121947268272,14.592934987852825,0.3127618164185155,17.708272613124915,0.9689907312393189,0.8476139664649964,0.9990972995758056,0.8109829664230347,0.8199902772903442,0.9887990951538086,,,,,,
25.179999999954656,106.92778688869042,14.15923676315037,105.2359949968175,78.86198981943188,126.104373658072,87.82577797972321,14.599420611105879,0.3356476983595843,17.687560444294242,0.9689924716949463,0.8476338624954224,0.9990973234176636,0.8109747231006623,0.820027631521225,0.9888803720474243,,,,,,
25.19999999995461,106.92669617058915,14.163288797748374,105.23365053288138,78.8538217881466,126.05412447226225,87.80965410493603,14.606355267974411,0.3577220592975192,17.66704455396102,0.9689960479736328,0.8476527690887452,0.9990973234176636,0.8109661281108856,0.8200659453868866,0.9889630556106568,,,,,,
25.219999999954563,106.92572743491304,14.167522572924854,105.23145801102929,78.84542004224735,126.003535579934,87.79285387459561,14.613725037705375,0.37916461719610095,17.646731054594234,0.9690011978149414,0.8476710915565491,0.9990973234176636,0.8109571516513825,0.8201053380966187,0.9890475749969483,,,,,,
25.239999999954517,106.92488525897019,14.171926319424482,105.22938142003169,78.8367692519257,125.95262328407323,87.77538356776324,14.621517001901337,0.3999254179458498,17.626625972504943,0.9690077781677247,0.8476888835430145,0.9990973234176636,0.8109478414058686,0.8201457977294923,0.9891336560249329,,,,,,
25.25999999995447,106.92417611174554,14.176487833085538,105.227394567748,78.82785214331933,125.90140399188726,87.75724971394037,14.629716722495425,0.41993506803130276,17.606735246098534,0.9690156936645508,0.8477064907550812,0.9990973234176636,0.8109381377696991,0.8201874554157258,0.9892218589782715,,,,,,
25.279999999954423,106.9236008108058,14.1812081021242,105.22547927057414,78.81866036634355,125.84989420951739,87.73845909062811,14.638309048432053,0.439189156025647,17.587064724163152,0.9690250158309937,0.8477235317230225,0.9990973114967346,0.8109281420707704,0.8202298343181611,0.9893112182617188,,,,,,
25.299999999954377,106.92316144724688,14.186078247414772,105.22362330312968,78.80918937616684,125.79811053671938,87.71901872079422,14.647279204933454,0.4577335180778862,17.56762016419454,0.9690356850624084,0.8477404952049256,0.9990972995758056,0.8109178245067596,0.820273107290268,0.9894020915031433,,,,,,
25.31999999995433,106.92286245400415,14.191087833848112,105.22181750130875,78.7994289683088,125.74606966151414,87.69893587024828,14.656614443439759,0.4757428593664547,17.54840723075805,0.9690475940704346,0.8477572798728943,0.9990972876548767,0.8109072148799896,0.8203170120716096,0.9894942760467529,,,,,,
25.339999999954284,106.92270276733883,14.196242252090151,105.22005081892229,78.78937306986658,125.69378835480964,87.67821804492603,14.66630716039171,0.49353142409110184,17.529431493888,0.9690607786178589,0.8477738916873933,0.9990972757339478,0.8108962893486024,0.8203618586063386,0.9895878672599793,,,,,,
25.359999999954237,106.92268094244335,14.201542943679856,105.21831107441689,78.77902807673033,125.64128346499633,87.65687298808413,14.676354994246605,0.511260875095053,17.510698427525032,0.9690749645233154,0.84779052734375,0.9990972518920899,0.810885089635849,0.8204074025154114,0.989682674407959,,,,,,
25.37999999995419,106.92279549276772,14.206990988327798,105.21659183076744,78.76839661617619,125.58857191251747,87.63490867740614,14.686756786496835,0.5289140282332974,17.492213407991628,0.9690900564193725,0.8478074729442597,0.9990972280502319,0.8108735740184785,0.820453941822052,0.9897791862487793,,,,,,
25.399999999954144,106.92304469652183,14.212585587104135,105.21489607724007,78.75749166149576,125.53567068441629,87.61233332202077,14.697509611681896,0.5463289401920226,17.473981712506564,0.969106388092041,0.8478241980075837,0.999097204208374,0.8108617842197419,0.8205012202262879,0.989876651763916,,,,,,
25.419999999954097,106.92342646259046,14.218324785678323,105.21323699484769,78.74631930259245,125.48259682886166,87.5891553594338,14.708607018323834,0.5633667695298835,17.456008517738244,0.9691236972808838,0.8478408813476563,0.9990971803665161,0.810849666595459,0.820549601316452,0.9899755477905273,,,,,,
25.43999999995405,106.92393829237876,14.224206107571721,105.21163090342581,78.73488772115891,125.42936744965411,87.56538345237458,14.720041891917765,0.5801031937166268,17.43829889839766,0.9691421747207641,0.8478573322296143,0.9990971565246582,0.8108372628688812,0.8205989658832551,0.9900754451751709,,,,,,
25.459999999954004,106.92457731935151,14.230227057722567,105.21009051941027,78.72321516626944,125.37599970071383,87.5410264855583,14.731809890322179,0.5966991472751356,17.420857825871074,0.9691617727279663,0.8478736221790314,0.9990971326828003,0.8108245730400085,0.820649152994156,0.9901762962341308,,,,,,
25.479999999953957,106.92534040214558,14.236385389821558,105.20862582639677,78.71131930801988,125.32251078055266,87.51609356236541,14.743908827871639,0.6131984674408215,17.403690166892982,0.9691823720932007,0.8478897333145142,0.9990970969200135,0.8108116149902345,0.8207002937793733,0.9902779459953308,,,,,,
25.49999999995391,106.92622424394888,14.242679606073184,105.20724597459777,78.69920602069081,125.26891792673155,87.49059400143918,14.756337172033653,0.6296519606512343,17.386800682259448,0.9692039966583252,0.8479057729244233,0.9990970611572265,0.8107983827590943,0.820752364397049,0.9903805136680603,,,,,,
25.519999999953864,106.92722551058449,14.249107677822474,105.20595817352711,78.68689005435276,125.21523841030555,87.46453733320291,14.769094279178319,0.6460653481400168,17.37019402558233,0.9692266464233399,0.8479215979576111,0.9990970253944397,0.8107848703861237,0.8208053767681123,0.9904838442802429,,,,,,
25.539999999953817,106.92834093047249,14.255667484199282,105.2047698775536,78.67437942140837,125.16148953025794,87.43793329629793,14.782178721207229,0.662375924205256,17.353874742084574,0.9692503213882446,0.8479373276233674,0.9990969896316528,0.8107710957527161,0.8208593130111694,0.9905878782272339,,,,,,
25.55999999995377,106.92956737885078,14.262356302797883,105.2036885950952,78.66168318411025,125.10768860792545,87.4107918339438,14.795587873694158,0.6785259870717395,17.33784726743688,0.969274926185608,0.8479528903961182,0.999096941947937,0.8107570469379426,0.8209142029285431,0.9906926393508911,,,,,,
25.579999999953724,106.93090194263989,14.269170703825745,105.20272138031406,78.64881224586156,125.05385298141613,87.38312309022206,14.809317820066205,0.6944410794058463,17.322115926636002,0.9693007230758667,0.8479682087898255,0.9990968942642212,0.810742747783661,0.8209698736667633,0.9907978415489197,,,,,,
25.599999999953678,106.93234197027822,14.276106782889167,105.20187487100667,78.63577463187488,125.00000000002197,87.35493740628486,14.823363026234757,0.7100435118317112,17.306684932924945,0.9693276166915894,0.8479831516742706,0.9990968465805053,0.8107282221317291,0.8210261881351472,0.9909031867980957,,,,,,
25.61999999995363,106.93388511130514,14.283160719770091,105.2011536819502,78.62257341968265,124.9461470186278,87.32624531649002,14.837717091117822,0.7253345093726329,17.291558386755263,0.9693557739257812,0.8479977786540985,0.9990967988967896,0.8107134640216828,0.821083152294159,0.9910086989402771,,,,,,
25.639999999953584,106.93552934950809,14.29032868062581,105.20055816998922,78.60921596630764,124.89231139211846,87.2970575444638,14.852374197062655,0.7403481139656534,17.27674027479167,0.9693851828575134,0.8480118215084076,0.9990967512130737,0.8106984972953797,0.8211406290531159,0.9911141157150268,,,,,,
25.659999999953538,106.93727383032808,14.297594584320136,105.20008609800831,78.59570993231826,124.83851046978593,87.26738499909294,14.867328476751391,0.7550382469233496,17.262234468959257,0.96941579580307,0.8480254530906678,0.9990966796875,0.8106833457946778,0.8211984634399414,0.9912192702293396,,,,,,
25.67999999995349,106.93912246922487,14.304953027593676,105.19973518672404,78.58205818754801,124.78476158973827,87.23723877044753,14.882572666057872,0.7693272850760787,17.248044725533283,0.9694475889205932,0.8480385899543763,0.9990966320037842,0.8106679797172547,0.8212569415569306,0.9913243293762207,,,,,,
25.699999999953445,106.94107373552721,14.312405885060404,105.19950344993278,78.56826886960138,124.73108207331221,87.20663012563607,14.898097965275864,0.783129677207271,17.234174684272013,0.9694807291030884,0.8480509161949158,0.9990965604782105,0.8106524646282196,0.821315622329712,0.9914286971092224,,,,,,
25.719999999953398,106.9431252017072,14.319942704393549,105.1993907615237,78.5543542518773,124.67748921949101,87.17557050459442,14.91389318688348,0.796290909440812,17.220627867592384,0.9695152521133423,0.8480624914169312,0.9990964889526367,0.8106367647647859,0.8213747382164002,0.9915325880050659,,,,,,
25.73999999995335,106.94528024595078,14.327547867054392,105.19939975219941,78.5403215800367,124.62400029932975,87.14407151581015,14.929944108343863,0.8086891862528394,17.207407679789057,0.9695511579513549,0.8480730712413789,0.999096417427063,0.8106209218502045,0.8214341163635255,0.9916356086730957,,,,,,
25.759999999953305,106.94753867451631,14.335223942576537,105.19953289496719,78.52618238178172,124.57063255038938,87.11214493198386,14.946235143062037,0.8203013427078025,17.194517406296576,0.9695883750915527,0.8480825185775758,0.9990963459014892,0.8106049418449403,0.8214938402175904,0.9917377233505249,,,,,,
25.779999999953258,106.94989775394298,14.342966553735367,105.19979116788824,78.5119517228263,124.5174031711817,87.07980268562919,14.962750411547495,0.8311087868019478,17.181960212994976,0.9696269512176514,0.848090797662735,0.9990962624549866,0.8105888366699219,0.8215538680553437,0.991838788986206,,,,,,
25.79999999995321,106.95235535629163,14.350770081352694,105.20017456190863,78.49764260386128,124.46432931562694,87.04705686461303,14.979473749039764,0.8411067571731301,17.16973914555891,0.9696667671203614,0.848097825050354,0.9990961790084839,0.8105726122856141,0.8216142952442169,0.9919387578964234,,,,,,
25.819999999953165,106.95490980431823,14.358627766311576,105.20068277623152,78.4832742080939,124.41142808752561,87.01391970763767,14.996388538473095,0.8502378385360608,17.15785712885025,0.969707727432251,0.8481036007404328,0.9990960836410523,0.8105562627315521,0.8216753900051117,0.9920377254486084,,,,,,
25.83999999995312,106.95755961009787,14.366532348425249,105.20131718078073,78.46886023209751,124.35871653504658,86.98040359966669,15.01347661110497,0.8584272690519268,17.146316966354327,0.9697497248649597,0.8481080174446106,0.9990959882736206,0.8105398118495941,0.8217369973659516,0.9921355009078979,,,,,,
25.85999999995307,106.96030331298547,14.374475949525038,105.2020797290463,78.45441664208504,124.3062116452331,86.946521067296,15.030718822779791,0.8656494807019951,17.13512133965983,0.9705402612686157,0.8463245868682862,0.999092411994934,0.8105341196060181,0.8219649016857148,0.991259241104126,,,,,,
25.879999999953025,106.96313938537804,14.38245030795977,105.2029719318273,78.43996144890829,124.2539303385284,86.91228477407215,15.048095726155848,0.8718944462051086,17.124272807982283,0.9697109937667847,0.8476269483566284,0.9990951418876648,0.8104513227939606,0.8227444231510163,0.9924916744232177,,,,,,
25.89999999995298,106.96606617900552,14.39044701425993,105.2039948560786,78.42551190170599,124.20188946332297,86.87770751575921,15.065587680438464,0.8771542898941448,17.113773807731388,0.9691701292991638,0.8483020722866059,0.9990969181060791,0.8103893339633942,0.8234135031700135,0.9932141304016113,,,,,,
25.919999999952932,106.96908190010824,14.398457907336224,105.2051487992589,78.41108113962257,124.15010579052475,86.8428022155565,15.083175136353118,0.8814544989991007,17.10362665212177,0.9687283277511597,0.8484891355037689,0.9990976810455322,0.8102823138237,0.8246785461902619,0.9939189553260803,,,,,,
25.939999999952885,106.97218460881987,14.406475411389133,105.20643170419348,78.39668045881164,124.09859600815463,86.8075819192685,15.10083974507686,0.8848865750707765,17.093833530827602,0.9689535617828369,0.8479475378990173,0.9990973234176636,0.8101933777332306,0.8253962576389313,0.9942438960075378,,,,,,
25.95999999995284,106.975366586683,14.413724052974851,105.20813707913209,78.39240952642464,124.04737671596844,86.77205979042903,15.118386456544748,0.8465975307834773,17.084396509680726,0.9695937633514404,0.8469686031341553,0.9990962028503418,0.810137677192688,0.8255366206169129,0.994240117073059,,,,,,
25.979999999952792,106.97858822982977,14.418344225220363,105.21499927552927,78.40493463951064,123.99646442010742,86.73624910538133,15.132822280465062,0.5485580002785231,17.075317530412335,0.9701425552368164,0.8460371851921082,0.9990949630737305,0.8100751280784607,0.8258485674858094,0.9942656993865967,,,,,,
25.999999999952745,106.98184112593744,14.420915829939833,105.23277277935975,78.40369391876752,123.94587552777888,86.70016324831617,15.1398018550018,0.17999795834061938,17.06659841043815,0.9713441967964173,0.8443646609783173,0.9990928173065186,0.8099827170372009,0.8258959710597993,0.994222617149353,,,,,,
26.0199999999527,106.98507126797578,14.422464527177304,105.25437959146416,78.39635844214288,123.89562634196884,86.66381570626939,15.1423707984858,0.1418036152819065,17.058240842687052,0.9720402240753174,0.8430773496627808,0.9990909576416016,0.8099197864532471,0.8262657225131989,0.9941266536712646,,,,,,
26.039999999952652,106.9882919415256,14.423958859636674,105.2685312618021,78.40132319572959,123.84573305618801,86.62722006408123,15.147151794061346,0.34645365019457613,17.050246395472875,0.9715831518173218,0.8433223247528077,0.9990915417671203,0.8099102556705475,0.8268814265727997,0.9942720890045166,,,,,,
26.059999999952606,106.99156769550088,14.426184717606388,105.27406134633591,78.40903203731614,123.79621174925335,86.590389999319,15.15564096152875,0.4767388812674154,17.04261651240954,0.9714594960212708,0.8439136028289795,0.9990925908088684,0.8098898768424988,0.8267133295536042,0.9945616483688354,,,,,,
26.07999999995256,106.99495252739777,14.429685305903455,105.27577460430956,78.40125771680357,123.7470783801063,86.55333927716512,15.165582155611736,0.5188777915042099,17.03535251236914,0.971295166015625,0.8437888443470002,0.9990925788879395,0.8098809480667115,0.8271495819091798,0.994580888748169,,,,,,
26.099999999952512,106.99848115471197,14.434781570384063,105.27391533792292,78.37991396864155,123.69834878266994,86.51608174527233,15.177069976275936,0.6535671859847986,17.028455589483023,0.9716104030609131,0.8432645976543427,0.9990921020507812,0.8098587512969971,0.8271955788135529,0.994554090499878,,,,,,
26.119999999952466,107.00215585376418,14.441592423105828,105.26549634092471,78.35717398569604,123.65003866074616,86.47863132858824,15.192368596795399,0.8786927790469917,17.02192681318554,0.9722107887268067,0.8424657762050629,0.9990912795066833,0.8098264515399933,0.8270520329475404,0.994495439529419,,,,,,
26.13999999995242,107.00595972261344,14.4500762691872,105.25136813617388,78.33364228630451,123.60216358295496,83.90834936262073,15.211777262557906,1.043462486927477,18.538379602710254,0.9731138229370118,0.8411546349525452,0.9990901589393616,0.8097717881202698,0.8269273638725281,0.9944236397743225,,,,,,
26.159999999952372,107.0098766713332,14.460119573987198,105.23563090028006,78.30205733054383,123.55473897771718,84.96603846850356,15.23348118556184,1.1196652977229207,17.873993227210583,0.9733638405799866,0.8410229742527009,0.9990901231765748,0.8097690165042878,0.8265968084335328,0.9944093465805054,,,,,,
26.179999999952326,107.01394485873072,14.471572601311712,105.22016443600617,78.26311944273225,123.50778012828255,84.93208673039867,15.256660020212832,1.2067970385606475,17.866173445892944,0.9737392663955688,0.8405489683151246,0.9990896463394165,0.8097497522830963,0.8264593362808228,0.9943729639053345,,,,,,
26.19999999995228,107.01807465477117,14.484224063404815,105.20424285629448,78.22455739415648,123.46130216780438,84.89815457625278,15.282035083174044,1.3320148944004075,17.858630997805523,0.9741841077804565,0.8398661553859711,0.9990890145301818,0.8097202479839325,0.8264362990856171,0.9943328857421875,,,,,,
26.219999999952233,107.02222097857074,14.497806394509603,105.18837108945182,78.1890427672458,123.4153200744627,84.86425179098599,15.309695531191013,1.422489736230202,17.851369005098654,0.9748433470726013,0.8393761396408081,0.999088454246521,0.8097046732902528,0.8257575869560242,0.9942663311958313,,,,,,
26.239999999952186,107.0263198923069,14.51201176710808,105.17492925873603,78.15369483283989,123.3698486666374,84.83038815104938,15.338467479638778,1.446115617693303,17.84439049894349,0.9751858949661255,0.8390862464904786,0.9990878105163574,0.8096941649913788,0.8254860520362854,0.9942031860351562,,,,,,
26.25999999995214,107.03028750165296,14.526518433474536,105.16546369699654,78.11835415456612,123.32490259813267,84.79657342160576,15.36739675881215,1.4473369768177797,17.837698418355902,0.9751159071922302,0.8392419636249543,0.9990879774093628,0.809701544046402,0.8254317283630371,0.9942111015319824,,,,,,
26.279999999952093,107.0340431730706,14.541019045611247,105.15980565160298,78.08669877267721,123.28049635345474,84.7628173537138,15.396416967941368,1.45469306626717,17.831295609050343,0.9756404399871826,0.8388661324977875,0.9990871906280517,0.8096894860267639,0.8249088823795319,0.9941264271736145,,,,,,
26.299999999952046,107.03751661512763,14.555232198466394,105.1577393463332,78.06068858459705,123.2366442431439,84.7291296815161,15.425462362061621,1.4440977275318185,17.825184822324037,0.9760024309158325,0.8386367201805115,0.9990864157676697,0.8096824586391449,0.8245417475700378,0.9940430879592895,,,,,,
26.319999999952,107.04064950776659,14.5689104582185,105.15979307758356,78.03899158914277,123.1933603991629,84.69552011943215,15.453925548245616,1.3968037903692883,17.81936871397205,0.9761681675910949,0.8384052097797394,0.9990859508514405,0.809672224521637,0.8245220422744751,0.9940054655075073,,,,,,
26.339999999951953,107.04339685815354,14.581843306114132,105.16621525827155,78.02066571751959,123.15065877034255,84.66199835935709,15.481211585425026,1.3310051976944934,17.813849843233342,0.9764959812164307,0.837993323802948,0.9990848302841187,0.8096541106700897,0.8244553148746491,0.9939081549644471,,,,,,
26.359999999951906,107.04573787537882,14.593864523462921,105.17636012495275,78.00661709213931,123.10855311788661,84.6285740678668,15.507176212455661,1.265733351714428,17.80863067176861,0.9769399881362915,0.8374385952949525,0.9990837812423706,0.8096303045749664,0.8242977619171143,0.9938164472579956,,,,,,
26.37999999995186,107.04768211037262,14.6048607453508,105.18934891271131,77.99731446491427,123.06705701093706,84.59525688343047,15.531811783268502,1.1959514928197879,17.80371356266991,0.9769581079483032,0.8374715805053712,0.9990833520889282,0.8096318542957306,0.8242762625217438,0.9937733769416809,,,,,,
26.399999999951813,107.04925781800632,14.614754699953636,105.20462547606719,77.99179665419489,123.02618382220119,84.56205641363105,15.554915531433778,1.111989901509714,17.799100779502776,0.9770760536193848,0.8373414874076843,0.9990828037261963,0.8096260607242585,0.8242479503154755,0.993721342086792,,,,,,
26.419999999951767,107.05052334557315,14.62346348162882,105.2216995276154,77.98887756418485,122.98594672364209,84.52898223239492,15.57622642167017,1.0185016484715292,17.79479448538089,0.9771636962890625,0.8372331500053406,0.9990822792053222,0.8096209585666657,0.8242519438266754,0.9936737775802612,,,,,,
26.43999999995172,107.05155022104167,14.63098242172622,105.23979990347401,77.98817179579103,122.9463586822338,84.4960438772309,15.595663468813889,0.9257469069424432,17.790796742073947,0.9772310495376587,0.8371363818645478,0.999081802368164,0.8096161723136902,0.8242784023284913,0.9936314582824707,,,,,,
26.459999999951673,107.05240444532429,14.637346204749942,105.25805617085567,77.98962653418097,122.9074324557825,84.46325084648005,15.613265159805431,0.8340781433865084,17.787109509148827,0.9772878170013428,0.8370471715927125,0.9990813732147217,0.8096116900444031,0.8243110716342926,0.9935947537422181,,,,,,
26.479999999951627,107.05315904772904,14.642596745216647,105.2758468981282,77.99257880100873,122.86918058881518,84.43061259657665,15.62899415247311,0.7378716339045713,17.783734643144534,0.9773371100425721,0.8369632661342621,0.9990810036659241,0.8096074163913727,0.824347847700119,0.9935622215270996,,,,,,
26.49999999995158,107.0538952488554,14.64679738296224,105.29274930076996,77.99606343002758,122.8316154085369,84.39813853932125,15.642758261317956,0.6386175573173657,17.78067389678119,0.977379322052002,0.8368802309036255,0.9990806579589844,0.8096030950546265,0.8243950963020326,0.993532681465149,,,,,,
26.519999999951533,107.05469545750127,14.650028099738677,105.3082976109891,77.99965756743335,122.79474902085828,84.36583803916662,15.654565402505913,0.5431249143439467,17.77792891820344,0.9774173855781555,0.836794376373291,0.9990803360939026,0.8095985651016235,0.8244511008262635,0.9935062527656555,,,,,,
26.539999999951487,107.0556375951349,14.652380120921725,105.32202316568011,78.00329595814671,122.75859330649408,84.33372041051737,15.664523143250783,0.4534304288968987,17.775501250258397,0.9774544477462769,0.8367050707340241,0.9990800499916077,0.8095938682556153,0.8245088875293732,0.9934834122657776,,,,,,
26.55999999995144,107.05679065407811,14.653951591692316,105.33365312788679,78.00669313150031,122.72315991713455,84.30179491504397,15.672723822567747,0.36703887215135267,17.773392329808686,0.977492380142212,0.8366113364696504,0.9990797996520996,0.8095889747142793,0.8245665848255158,0.9934634685516357,,,,,,
26.579999999951394,107.05821089811974,14.65484371889341,105.34311808804789,78.0094242372702,122.68846027169056,84.27007075901197,15.679225880448428,0.28395955036188314,17.771603487080665,0.9775317788124085,0.8365102708339691,0.9990795612335205,0.8095837116241456,0.82462797164917,0.9934455156326294,,,,,,
26.599999999951347,107.05993908986984,14.655157074394227,105.35041621670736,78.0113404816948,122.65450555261351,84.23855709062724,15.684126141573707,0.20739442819329845,17.77013594504806,0.9775733828544617,0.8364000082015992,0.9990793228149414,0.8095779836177827,0.8246936678886414,0.99342942237854,,,,,,
26.6199999999513,107.0619988655454,14.654988299516933,105.35558288307662,78.01256007860248,122.62130670229186,84.20726299739789,15.687576516784649,0.13894751237552364,17.768990818851517,0.9776187896728515,0.8362802803516388,0.9990791082382202,0.8095718145370484,0.8247604846954346,0.993415355682373,,,,,,
26.639999999951254,107.06439611329472,14.654427676312853,105.35876453482398,78.01316781914116,122.58887441952459,84.17619750351382,15.689730930034296,0.07756568342774826,17.76816911525392,0.9776681423187256,0.8361518442630769,0.999078917503357,0.8095652341842652,0.8248272776603699,0.993403148651123,,,,,,
26.659999999951207,107.06711927857437,14.653557585932413,105.36022583603796,78.01316693419162,122.55721915607347,84.14536956724432,15.690722351206304,0.02273833253539679,17.767671732132154,0.9777202606201172,0.8360157012939453,0.9990787386894227,0.8095582783222199,0.8248962581157685,0.9933924198150634,,,,,,
26.67999999995116,107.07014059306408,14.652451485972326,105.36027166842797,78.01266009985918,122.52635111329484,84.11478807835488,15.69069206253695,-0.02436953588087909,17.767499458005144,0.9777743697166443,0.8358722627162933,0.9990785598754883,0.809550940990448,0.8249685108661652,0.9933830976486206,,,,,,
26.699999999951114,107.07341812881813,14.651173301114353,105.35920240184575,78.01188077529505,122.496280238852,84.08446185554365,15.689804507983226,-0.06299738706813476,17.76765297159859,0.9778295755386353,0.8357235312461854,0.9990784049034118,0.8095433235168458,0.8250435054302216,0.9933754086494446,,,,,,
26.719999999951067,107.07689845061465,14.649777366321533,105.35733176252015,78.0110462426282,122.46701622350949,84.0543996438984,15.688224139921141,-0.09382968096981395,17.768132841446533,0.9778853535652161,0.8355712592601776,0.9990782618522644,0.8095355153083802,0.825120222568512,0.9933693408966064,,,,,,
26.73999999995102,107.08051964040258,14.648308890064254,105.3549904605713,78.01029340490386,122.43856849801011,84.0246101123748,15.68609766992356,-0.11767410216416492,17.76893952552989,0.9779402256011963,0.8354177296161652,0.9990781307220459,0.8095276176929475,0.8251993119716645,0.9933647871017456,,,,,,
26.759999999950974,107.08421455181633,14.646804711505917,105.35248716363313,78.00975067642447,122.41094623003572,83.99510185129644,15.68356355038976,-0.1345636989092911,17.770073370952268,0.9779930591583252,0.835264527797699,0.9990780115127563,0.8095196962356568,0.8252814054489136,0.9933616876602173,,,,,,
26.779999999950928,107.08791414005658,14.645294194645832,105.35007780551967,78.00957267103746,122.3841583212528,83.96588336987779,15.68076137060919,-0.14454610172459564,17.771534613652992,0.9780434131622314,0.8351131141185761,0.9990779042243958,0.809511822462082,0.8253657102584839,0.9933600187301636,,,,,,
26.79999999995088,107.09155066087625,14.64380025682282,105.34797016387675,78.00987983576555,122.35821340444376,83.93696309377034,15.677822722431598,-0.14838322681368246,17.77332337815766,0.9780909180641174,0.8349651038646698,0.9990778207778931,0.8095040977001191,0.8254510521888734,0.9933597803115845,,,,,,
26.819999999950834,107.09506056319891,14.642340505617604,105.34633216289292,78.0107165677303,122.33311984072499,83.90834936263299,15.674860311497635,-0.1470631757575609,17.775439677366375,0.9781351089477539,0.8348218858242036,0.9990777373313904,0.8094965755939484,0.825536847114563,0.9933607816696167,,,,,,
26.839999999950788,107.09838695924394,14.640928345423985,105.34528144449894,78.0120823662683,122.30888571685225,83.8800504277271,15.671970290180807,-0.14122411163549767,17.77788341237955,0.9781761646270752,0.8347125947475433,0.9990784764289856,0.8094920873641969,0.8254871487617493,0.9934365034103394,,,,,,
26.85999999995074,107.10148160629659,14.639573960523641,105.34487523739286,78.01396349711946,122.28551884261466,83.85207444953713,15.669238063463935,-0.13138963945412072,17.78065437236169,0.9786666870117188,0.8339281260967255,0.9990767359733581,0.8094534933567048,0.8255715906620026,0.9932891845703125,,,,,,
26.879999999950694,107.10430633250805,14.638285156952822,105.34511805065635,78.01631821643107,122.26302674831793,83.82442949541742,15.666736008626364,-0.11836437580162716,17.78375223444302,0.9779684543609619,0.8357470154762269,0.9990815162658692,0.8095517158508301,0.824345362186432,0.9936480522155762,,,,,,
26.899999999950648,107.10683386578886,14.637068062358619,105.34597555010632,78.01905932001434,122.24141668235748,83.79712353726583,15.664518441009033,-0.10308732844094581,17.787176563659127,0.9790789842605591,0.8344809591770173,0.9990792155265809,0.80949746966362,0.8237043797969819,0.9934235572814941,,,,,,
26.9199999999506,107.10904808215392,14.635927669897589,105.34738021560418,78.02207112203716,122.22069560888272,83.77016444922488,15.662622495300285,-0.08630668994758557,17.79092681292872,0.9799517512321472,0.8335866510868073,0.9990761280059814,0.8094584882259369,0.8231914579868317,0.9931064128875733,,,,,,
26.939999999950555,107.11094372308416,14.634871730820908,105.34923294573068,78.02518591484352,122.20087020555259,83.74356000541118,15.661073061275825,-0.06842730772991022,17.79500232306937,0.9804974317550659,0.8335229933261872,0.9990747094154357,0.8094642162322998,0.8222331643104553,0.9928992986679077,,,,,,
26.959999999950508,107.1125236927925,14.6339122042937,105.35139226603815,78.02826349648521,122.1819468613837,83.71731787767352,15.659897055247223,-0.04896860987571433,17.79940232285164,0.9803773283958435,0.8344388723373414,0.9990752339363098,0.8095162928104401,0.8214418292045593,0.9928743124008179,,,,,,
26.97999999995046,107.11379626504075,14.633051853412722,105.35371226916634,78.03125067681366,122.16393167469128,83.69144563338067,15.659109851572646,-0.029891148190737862,17.804125929091185,0.9795693039894104,0.8363484978675843,0.9990773439407349,0.8096119403839112,0.8209111571311951,0.9930042743682861,,,,,,
26.999999999950415,107.11478511751537,14.632396630901374,105.35602236719211,78.032712807258,122.14683045112405,83.66595073323911,15.658732457314226,-0.005185542604954325,17.8091721467792,0.979092288017273,0.8376996099948884,0.9990787267684936,0.8097191691398621,0.8201507091522218,0.9928376197814941,,,,,,
27.019999999950368,107.11550311353636,14.631835963451183,105.35781104548919,78.0360505603342,122.13064870179312,83.64084052914168,15.659008496857352,0.028648985247902912,17.81453986925105,0.9781809329986573,0.8394224226474762,0.9990804672241211,0.8098523497581482,0.8197531402111053,0.9926369190216064,,,,,,
27.03999999995032,107.1159439124855,14.630501134560644,105.36019723629984,78.04872879978963,122.11539164149607,83.61612226204748,15.659203861561943,-0.035411202580552546,17.82022787839306,0.977242910861969,0.8412494540214539,0.9990823268890381,0.8099902331829072,0.819288694858551,0.9924339056015015,,,,,,
27.059999999950275,107.11608190319953,14.62806771301224,105.36693531880648,78.06030477981884,122.10106418703634,83.59180305989383,15.65670169849472,-0.22202563652024485,17.826234844887516,0.9772297739982605,0.8421623826026917,0.9990824937820435,0.8101204931735992,0.8180355787277223,0.9917940616607666,,,,,,
27.07999999995023,107.11591458517863,14.625133701965986,105.3778225079731,78.06170158197267,122.08767095563874,83.56788993554082,15.650938239417458,-0.3188367916938557,17.83255932849582,0.976528549194336,0.8430568039417268,0.9990818977355957,0.8104056835174561,0.8170185983181,0.9897449731826782,,,,,,
27.09999999995018,107.11547953470513,14.622404179428178,105.38627672092103,78.06417646447157,122.07521626346151,83.54438978474904,15.645528300695055,-0.19559813930692335,17.83919977837967,0.9758142232894897,0.8446309685707093,0.9990829944610595,0.8105481743812561,0.8164248704910279,0.9892001152038574,,,,,,
27.119999999950135,107.11485158133308,14.619584809970984,105.38868918377308,78.0814278837403,121.1838493120595,83.52130938419104,15.6430045883208,-0.08829954480057042,17.317192179880685,0.9749943733215332,0.8461384117603302,0.9990840911865234,0.8107377231121063,0.8157685816287995,0.988169264793396,,,,,,
27.13999999995009,107.11411931531549,14.616120337016344,105.39071744708195,78.1010627610795,122.0163192374002,83.49865538949716,15.640284274318288,-0.22143805121629143,17.831286499874913,0.9750004172325134,0.8464402258396149,0.9990846037864685,0.810763692855835,0.8154772281646729,0.9881237983703614,,,,,,
27.159999999950042,107.11336207953411,14.611384840121872,105.39813753106891,78.11510281458251,122.03263412841233,88.0,15.633467237675564,-0.4609457836024896,15.134919049760523,0.9751936674118042,0.8467972338199616,0.9990848064422607,0.8107658088207246,0.8150918066501618,0.9882643938064575,,,,,,
27.179999999949995,107.11262719564559,14.60297434795469,105.41126666099456,78.15643838229597,122.04894032780595,88.0,15.62159403398982,-0.768593051210871,15.144722218976764,0.9753130793571472,0.8467007100582123,0.9990844368934632,0.8107751429080964,0.8149708569049836,0.9880752801895142,,,,,,
27.19999999994995,107.11190124907893,14.587262768091707,105.43748317807008,78.23892719638951,122.06523349266547,88.0,15.599228725960003,-1.5616021234758113,15.154517551925316,0.9758643746376038,0.8459728240966797,0.9990824341773987,0.8108967483043671,0.8141843140125276,0.9861636877059936,,,,,,
27.219999999949902,107.11110689217708,14.565092294223183,105.48705524259772,78.30387335612404,122.08150928354688,88.0,15.557938157881427,-2.516569422328686,15.164302439763802,0.9763586640357971,0.8453513145446778,0.9990804076194764,0.8108802258968354,0.8140583753585816,0.9856515407562256,,,,,,
27.239999999949855,107.11019247946328,14.538639069152193,105.54718040153224,78.35747046497954,122.09776336563344,88.0,15.50284589862486,-2.8584280890129263,15.174074276431735,0.976774001121521,0.8438405334949494,0.9990772247314453,0.8109624087810516,0.813976788520813,0.9832163572311401,,,,,,
27.25999999994981,107.1091837095348,14.51155085088513,105.59309017671613,78.41981328509503,122.11399140989028,88.0,15.448249403491886,-2.524421351681157,15.183830459344637,0.9767026424407959,0.8433096528053284,0.9990766525268555,0.8110514342784882,0.8139000117778779,0.981595253944397,,,,,,
27.279999999949762,107.10820040230243,14.486513790819732,105.6129098411868,78.48913517223544,122.13018909421726,88.0,15.40288801870067,-2.034964158964607,15.193568390087147,0.9765411138534545,0.8433322846889496,0.9990770816802979,0.8110813796520233,0.8139165878295899,0.9813067674636841,,,,,,
27.299999999949716,107.10740147594719,14.462330373347461,105.61411374682021,78.56826324470798,122.14635210460021,88.0,15.364427863309302,-1.916394772980793,15.203285475105126,0.9761609554290771,0.8431433320045472,0.9990775346755981,0.8110812425613404,0.8143900394439698,0.9813281536102295,,,,,,
27.31999999994967,107.10682523109149,14.434290236583724,105.61843062214831,78.66088447115091,122.16247613625983,88.0,15.320765142499575,-2.5738672465088483,15.21297912639637,0.9758780002593994,0.8424104988574982,0.9990764856338501,0.8111098051071167,0.8148780763149261,0.9802993774414063,,,,,,
27.339999999949622,107.10644555196117,14.400329049145984,105.64443263000675,78.73981818635788,122.17855689479822,88.0,15.259376026834099,-3.559121736752022,15.222646762199904,0.9757928848266602,0.841423398256302,0.9990736961364746,0.8110639393329621,0.815607750415802,0.9798544406890869,,,,,,
27.359999999949576,107.10609520106858,14.356941571332158,105.69020815179151,78.85526680706208,122.19459009734267,88.0,15.178956213585213,-4.482688251183646,15.23228580768361,0.9756112098693848,0.8405674397945404,0.9990710735321044,0.811049771308899,0.816221845149994,0.9791114091873169,,,,,,
27.37999999994953,107.10557820917921,14.30473894459608,105.7517357405981,78.98974088047191,122.21057147368626,88.0,15.079917830918346,-5.392901468550116,15.241893695629955,0.9753691196441651,0.8402943313121796,0.9990710973739624,0.8109835147857667,0.817020583152771,0.9799189567565918,,,,,,
27.399999999949483,107.10459806148893,14.249516261995765,105.81799564088806,79.08735260985442,122.22649676742525,88.0,14.967186222366431,-5.715438041192275,15.251467867119768,0.9748782157897949,0.8393783450126648,0.9990687370300293,0.810951441526413,0.8181848347187043,0.9795257329940796,,,,,,
27.419999999949436,107.10310624364222,14.195895724645393,105.85972358626555,79.18227866631285,122.24236173709266,88.0,14.85809392290042,-5.088501893134655,15.261005772213771,0.9740626454353333,0.8389619171619416,0.999068284034729,0.8109375834465027,0.819407457113266,0.9796417236328125,,,,,,
27.43999999994939,107.10122590631444,14.143375541888815,105.86454502638085,79.32090643782803,122.25816215728794,88.0,14.76278964887616,-4.573369016556985,15.270504870631676,0.9729990005493164,0.8392431437969208,0.9990702509880066,0.8109580218791962,0.820333367586136,0.9802281856536865,,,,,,
27.459999999949343,107.0990606618786,14.09116229232685,105.85844621274214,79.44142407250408,122.27389381980235,88.0,14.668989430599362,-4.921749970662841,15.279962632428816,0.972062635421753,0.8394429206848145,0.9990720510482788,0.8109497249126435,0.8213860392570496,0.9810400605201721,,,,,,
27.479999999949296,107.09662694299564,14.038896116362217,105.8619001619357,79.50738910078007,122.28955253473973,88.0,14.564977867111455,-5.409255147655731,15.289376538669899,0.9713089466094971,0.839002138376236,0.9990716695785522,0.8109090030193329,0.8228764951229096,0.9814412593841553,,,,,,
27.49999999994925,107.09388403520252,13.988183839257335,105.86248387375353,79.54936195457539,122.3051341316324,88.0,14.457352302337128,-5.223194021602346,15.298744082099908,0.9704100370407105,0.8389024794101716,0.9990723371505738,0.8108960628509522,0.824158000946045,0.981895899772644,,,,,,
27.519999999949203,107.09079474981748,13.94211596168913,105.8387594046192,79.5960428014152,122.32063446055201,88.0,14.359887642772742,-4.486232844494947,15.308062767811908,0.9693029165267945,0.8397756457328797,0.9990760326385498,0.8109449923038483,0.8245502173900605,0.9826637506484985,,,,,,
27.539999999949156,107.08738391695123,13.90127133271964,105.78930565487919,79.65048487093902,122.33604939321468,88.0,14.276719727529763,-3.9091752156037405,15.317330113911463,0.9682636260986328,0.8408716320991516,0.9990800857543946,0.8110184848308564,0.8244777500629425,0.9832690954208374,,,,,,
27.55999999994911,107.08369308600624,13.865109432019144,105.7324118848643,79.68082156254503,122.35137482408057,88.0,14.200340042234187,-3.7775535579892496,15.326543652177705,0.9674533247947693,0.8415241181850434,0.9990828037261963,0.8110434532165528,0.8248244524002075,0.9839085459709167,,,,,,
27.579999999949063,107.07967779516818,13.833245724053974,105.67923427920688,79.67815504448274,122.3666066714473,88.0,14.12569703288093,-3.6431735127346743,15.335700928720666,0.9667519330978394,0.8418478906154633,0.9990846633911132,0.8110304534435273,0.8255853176116944,0.9846171975135803,,,,,,
27.599999999949016,107.07522975218656,13.805430899967401,105.6245821344158,79.6727364831642,122.38174087853714,88.0,14.056646999638044,-3.2277935253233236,15.344799504634892,0.9660227537155152,0.8422629117965699,0.9990865111351013,0.8110493898391724,0.8260208249092102,0.9850179433822632,,,,,,
27.61999999994897,107.07024784879361,13.781402161601234,105.5653264182797,79.67898861687199,122.39677341457737,88.0,13.996587288729673,-2.80712208973584,15.353836956648951,0.9653340101242065,0.8429530680179597,0.9990888476371765,0.8111035585403443,0.8258973598480225,0.9852375984191895,,,,,,
27.639999999948923,107.06463616385483,13.761057125190046,105.50873465134495,79.67992838111304,122.41170027587383,88.0,13.942986611519974,-2.5753831046215137,15.362810877770865,0.9648333549499511,0.843454110622406,0.9990905046463012,0.8111446619033814,0.8257884919643402,0.985370683670044,,,,,,
27.659999999948877,107.05829341239566,13.744392832490322,105.45987156801257,79.66677293009604,122.42651748687729,88.0,13.893677250374042,-2.3306944475629106,15.371718877929165,0.9644229531288147,0.8437013030052185,0.9990915775299072,0.8111525714397431,0.8260378420352936,0.9856199979782104,,,,,,
27.67999999994883,107.05113945375247,13.731443359479705,105.41517160966033,79.6522094786193,122.44122110124226,88.0,13.850985408903247,-1.9148018303217875,15.38055858460947,0.9639616250991822,0.844032633304596,0.999092972278595,0.811158186197281,0.8263161897659302,0.9859732866287232,,,,,,
27.699999999948783,107.0431304883165,13.722252830924422,105.3713923046477,79.64361603667292,122.45580720287805,88.0,13.817326279533821,-1.4618630652611704,15.389327643486357,0.9634962558746338,0.844560992717743,0.999094820022583,0.8111813068389893,0.826312118768692,0.9862927913665771,,,,,,
27.719999999948737,107.03426547849442,13.716793500198657,105.33104772712477,79.63273974820886,122.47027190699173,88.0,13.791827523683905,-1.102586604604568,15.398023719050396,0.96314457654953,0.8450597703456879,0.9990964412689209,0.8112052977085114,0.8261873900890351,0.9865383386611939,,,,,,
27.73999999994869,107.02458539625908,13.714923693601804,105.2966792886648,79.61395108214384,122.48461136112282,88.0,13.773060290889878,-0.767909196292277,15.406644495230196,0.9628959894180298,0.8454561352729798,0.9990978002548218,0.8112146854400635,0.8261463522911072,0.9868179798126221,,,,,,
27.759999999948644,107.01416639201722,13.716396197123752,105.26682156385687,79.59294295256856,122.4988217461693,88.0,13.761493039597935,-0.38207958022813787,15.415187676009225,0.9626742005348206,0.8459027469158173,0.999099326133728,0.8112202823162079,0.8260833084583283,0.987158203125,,,,,,
27.779999999948597,107.0031069990443,13.720914871681765,105.2398177177047,79.57411701166097,122.51289927740483,88.0,13.757707996778972,-0.006451524835693568,15.423650986037359,0.9624882221221924,0.8464569985866547,0.9991010427474976,0.811234337091446,0.8258413016796112,0.9874753952026367,,,,,,
27.79999999994855,106.991525203117,13.728181437323968,105.21667141394069,79.55384022423881,122.5268402054867,88.0,13.760703511222394,0.2939827772834125,15.432032171236873,0.9624039888381958,0.846982765197754,0.9991025686264038,0.8112503111362458,0.825491350889206,0.9877192497253418,,,,,,
27.819999999948504,106.97956133938197,13.737900115211312,105.1983281580485,79.52914074991043,122.54064081745447,88.0,13.769210102090058,0.5559111165676197,15.440328999402766,0.9624234914779664,0.8473986089229584,0.9991037368774414,0.8112593710422517,0.8251602053642273,0.9879194259643554,,,,,,
27.839999999948457,106.96737307752952,13.749771020237146,105.18357821588573,79.50274764171729,122.55429743771879,88.0,13.782998751335144,0.8234736993187091,15.4485392607973,0.962497878074646,0.8477751135826112,0.9991047382354736,0.8112655282020569,0.8248234629631043,0.9881017923355102,,,,,,
27.85999999994841,106.95512799559478,13.763506878231121,105.17100998244177,79.47693834508915,122.56780642904036,88.0,13.802007459360464,1.0697299870941903,15.456660768738502,0.9626174807548523,0.8481563210487366,0.999105703830719,0.811274915933609,0.8244131207466125,0.9882436156272888,,,,,,
27.879999999948364,106.94299728432009,13.778851927592617,105.16061746196905,79.44977975641953,122.58116419349871,88.0,13.825414430175668,1.2622910969925678,15.46469136018258,0.9628062725067139,0.8484838545322418,0.9991064310073853,0.811284762620926,0.823961341381073,0.9883269309997559,,,,,,
27.899999999948317,106.93117345642693,13.795507640101036,105.15249684500624,79.41952035284146,122.5943671734504,88.0,13.85227167416846,1.4208518662157816,15.47262889630002,0.9630597829818726,0.8487225234508515,0.9991068840026855,0.8112907886505127,0.8235285758972168,0.9883696794509887,,,,,,
27.91999999994827,106.91982046857504,13.813271055426716,105.14573773683573,79.38749498566312,122.60741185247655,88.0,13.882200282217573,1.5704739319121204,15.480471263045203,0.9633486270904541,0.8489170014858246,0.9991071939468383,0.811294984817505,0.8231033205986024,0.9883906364440918,,,,,,
27.939999999948224,106.90907290655458,13.831944744253422,105.13942308521275,79.35509835819613,122.6202947563194,88.0,13.914945273850073,1.6981335688933188,15.488216371719481,0.9636624097824097,0.8490980267524719,0.9991074085235596,0.8113006234169007,0.8226527690887452,0.9883833885192871,,,,,,
27.959999999948177,106.89904778026764,13.851321387808772,105.13353427611224,79.32163053878593,122.63301245380764,88.0,13.949846728745293,1.785181558930335,15.495862159527459,0.964010500907898,0.849238282442093,0.9991074800491333,0.811306369304657,0.822192519903183,0.9883397340774536,,,,,,
27.97999999994813,106.88984010036258,13.871190215205267,105.12830031733853,79.28644497185661,122.64556155777021,88.0,13.986138413947065,1.8402811848764933,15.503406590126374,0.9643830776214599,0.8493035018444062,0.9991073131561279,0.8113086044788361,0.8217721939086915,0.988270616531372,,,,,,
27.999999999948084,106.88151902303281,13.891333218783709,105.12352772619111,79.25060021305241,122.65793872593845,88.0,14.023344822433138,1.8775447384007506,15.510847654168472,0.9647411823272705,0.8492712438106538,0.9991067528724671,0.8113040506839753,0.821446192264557,0.9881962895393371,,,,,,
28.019999999948038,106.87412612224618,13.911526374973114,105.11902600749178,79.21535848917591,122.67014066183629,88.0,14.061089547920426,1.8920644016002883,15.518183369836159,0.9651105165481567,0.8492213487625122,0.9991061449050903,0.8113006532192231,0.821113669872284,0.9880966782569885,,,,,,
28.03999999994799,106.86767567472957,13.931545805322726,105.11507648961874,79.18089108028116,122.68216411565815,88.0,14.098810868201912,1.8747374402196089,15.525411783369819,0.9654935836791992,0.8491432309150696,0.9991054773330689,0.8112979054450989,0.8207819044589997,0.9879682302474976,,,,,,
28.059999999947944,106.86215625456391,13.951141942009826,105.11210543907639,79.14725545250947,122.69400588513454,88.0,14.135899570872061,1.8306441794253243,15.53253096958817,0.9658863306045532,0.8490263223648071,0.9991047382354736,0.811294436454773,0.8204699099063874,0.9878166675567627,,,,,,
28.079999999947898,106.85755881909172,13.970049370620398,105.11028305295041,79.11532067153249,122.70566281638493,88.0,14.171924344583534,1.7692778479745832,15.539539032401038,0.9662762522697449,0.8488807737827302,0.9991039276123047,0.8112903594970704,0.8201826751232147,0.9876500844955445,,,,,,
28.09999999994785,106.85383506784692,13.988113144802806,105.10968789384093,79.08604860763158,122.71713180475767,88.0,14.206557475645774,1.6908172336019618,15.54643410531429,0.966655683517456,0.8487187504768372,0.9991031169891358,0.8112865567207337,0.8199146509170533,0.9874698996543885,,,,,,
28.119999999947805,106.85090706495829,14.005165841256193,105.11055452051016,79.05973981480697,122.72840979565697,88.0,14.23942220269224,1.592436435609928,15.553214351927018,0.9670233726501465,0.8485388278961182,0.9991023063659668,0.8112827956676484,0.8196689665317536,0.9872771620750427,,,,,,
28.139999999947758,106.84868952689614,14.021054231278528,105.11313018834866,79.03650082731598,122.73949378535639,88.0,14.270147773257959,1.4780664639312737,15.559877966420594,0.967375922203064,0.8483386337757111,0.999101459980011,0.811278384923935,0.8194545090198517,0.9870774865150451,,,,,,
28.15999999994771,106.84709313396814,14.035642643652938,105.11747184927896,79.01676406144325,122.75038082179883,88.0,14.298481593330335,1.3539795254421922,15.566423174039627,0.9677059412002563,0.8481262803077698,0.9991006255149841,0.8112733662128448,0.8192731857299805,0.9868781089782714,,,,,,
28.179999999947665,106.84602722442209,14.048814290281495,105.12352793810868,79.00096674083298,122.7610680053828,88.0,14.324251604305172,1.2215029428622652,15.57284823156466,0.9680090427398682,0.8479108333587647,0.9990998268127441,0.8112682342529297,0.8191209793090821,0.9866820812225342,,,,,,
28.199999999947618,106.84540109030459,14.059603872422274,105.13162861730473,79.00002875470435,122.77155248973466,88.0,14.347079758995983,1.034281706306474,15.579151427776434,0.9682851433753967,0.8476937413215637,0.999099051952362,0.8112630665302277,0.8189968287944794,0.9864901900291443,,,,,,
28.21999999994757,106.84510252511745,14.065793152498427,105.14717099207141,79.02191950555999,122.78183148246673,88.0,14.363512937631166,0.5531885274549815,15.585331083911658,0.9686456918716431,0.8472753524780274,0.9990978598594665,0.8112701296806336,0.81883282661438,0.9859946966171265,,,,,,
28.239999999947525,106.84498999856415,14.068043812717175,105.17680869718039,79.03179478806105,122.79190224592098,88.0,14.368541768417842,-0.013591545185873126,15.591385554110115,0.9689410209655762,0.8465869724750519,0.9990958571434021,0.8112410247325897,0.8190600633621217,0.9856614470481873,,,,,,
28.25999999994748,106.84495142088666,14.067988496225576,105.21132573860756,79.03419507175121,122.80176209789818,88.0,14.365979758150145,-0.15723807666849787,15.597313225853007,0.969098937511444,0.8458936989307404,0.9990938186645508,0.8112138211727142,0.8194043159484864,0.985332703590393,,,,,,
28.27999999994743,106.84494130197591,14.066651084631367,105.23564363543291,79.0566024868847,122.81140841237224,88.0,14.364368519596525,0.0013569868345288181,15.603112520392443,0.9690551280975341,0.8456575334072114,0.9990931153297424,0.8112148463726044,0.8195446848869324,0.9851352214813233,,,,,,
28.299999999947385,106.84496479014003,14.064426445416972,105.24988719900924,79.09018391728202,122.82083862018969,88.0,14.364661520751456,-0.02490370207244369,15.608781893171908,0.9689565181732178,0.8457111775875092,0.9990933179855347,0.8112196981906892,0.8195831239223481,0.9851599931716919,,,,,,
28.31999999994734,106.84504328238245,14.061184131211085,105.26370542640399,79.11206581826433,122.83005020975381,88.0,14.361830261688933,-0.27345398033186735,15.61431983423762,0.9689295530319214,0.8455158293247224,0.9990929126739502,0.8112025082111359,0.8198257803916932,0.9851954460144043,,,,,,
28.339999999947292,106.84518706722629,14.05612969999272,105.28001942327877,79.12943547422073,122.83904072769366,88.0,14.353868478322543,-0.5091236051368182,15.619724868640699,0.9688931822776794,0.8451650500297547,0.9990921020507812,0.8111764609813691,0.8202200710773468,0.9851999759674073,,,,,,
28.359999999947245,106.8453854840728,14.048974828113991,105.29625955053054,79.15352427543675,122.84780777951747,88.0,14.341921071350432,-0.6812489486958536,15.624995556830001,0.9687901020050049,0.8449870645999908,0.9990917205810547,0.8111663818359376,0.8204863011837006,0.9851950883865357,,,,,,
28.3799999999472,106.84561858042625,14.040001106198833,105.3113747555952,79.18171224506868,122.85634903025036,88.0,14.326560221717376,-0.856503122174054,15.630130495035502,0.9686780333518982,0.8448868691921234,0.9990914583206176,0.8111721873283386,0.8206040084362031,0.9850803732872009,,,,,,
28.399999999947152,106.84587420366198,14.0300973584378,105.32517852299188,79.20317250343406,122.86466220505622,88.0,14.307939017853904,-0.9857121056363254,15.63512831564218,0.9685731053352356,0.844726574420929,0.9990910291671753,0.81117342710495,0.8207791030406952,0.9849616289138794,,,,,,
28.419999999947105,106.84616224211531,14.020464691263626,105.33405475863194,79.21612108255121,122.87274508984365,88.0,14.288332315860925,-0.9426421861385634,15.639987687554285,0.9684087753295898,0.8446530759334565,0.9990910172462464,0.8111662268638611,0.8210423648357392,0.9850349664688111,,,,,,
28.43999999994706,106.84651568376869,14.011781278204365,105.33348118396279,79.22922606203723,122.88059553185555,88.0,14.271066956126267,-0.7807830833826654,15.644707316549813,0.9681674718856812,0.8447674453258515,0.9990915894508362,0.8111675620079041,0.8212290763854981,0.9852001428604126,,,,,,
28.459999999947012,106.84697194432955,14.004081721457505,105.32474994740917,79.24261794102233,122.88821144024254,88.0,14.256546092109316,-0.6954004580069775,15.649285945625223,0.9679248213768006,0.8449894845485688,0.9990924239158631,0.8111768543720246,0.8213008999824525,0.9853666424751282,,,,,,
28.479999999946966,106.84754975017692,13.997040664397971,105.3135886895833,79.24952617849944,122.8955907866198,88.0,14.242390187633927,-0.7338589164536157,15.653722355330224,0.9677528142929077,0.8451197028160096,0.999092960357666,0.8111807823181153,0.8213858127593995,0.9854894161224366,,,,,,
28.49999999994692,106.84823593677876,13.99008792767293,105.30349660721093,79.25258117211504,122.90273160560736,88.0,14.227009114653612,-0.8025329871590307,15.65801536409258,0.9676256895065307,0.8451309323310853,0.9990931034088135,0.8111799538135529,0.8215197980403901,0.9855488300323486,,,,,,
28.519999999946872,106.84898505568111,13.982965886904328,105.29482959447728,79.25633522519006,122.90963199535341,88.0,14.210430053563861,-0.8497684237378427,15.662163828532737,0.9674960613250733,0.8451480329036714,0.9990932464599609,0.8111831009387971,0.8216216862201691,0.9855700373649597,,,,,,
28.539999999946826,106.84973594801086,13.976184883299528,105.28674327508706,79.25739892852047,122.916290118041,88.0,14.193406624949255,-0.8374890553026099,15.666166643768427,0.9673612713813782,0.8452148199081422,0.9990935087203979,0.8111904323101045,0.8216704845428467,0.9855883479118347,,,,,,
28.55999999994678,106.85043655706104,13.97048028589686,105.27694763336646,79.25488753549038,122.9227042003774,88.0,14.177659186948889,-0.7197682967832205,15.670022743708866,0.9672186374664307,0.845312088727951,0.9990938663482666,0.8111984610557557,0.8217065453529359,0.9856268644332886,,,,,,
28.579999999946732,106.8510539567816,13.966203606629577,105.26340364445252,79.25281659596455,122.92887253406643,88.0,14.165023187270455,-0.543812649958462,15.673731101338756,0.9670569896697998,0.8454782485961915,0.9990944623947143,0.8112056255340576,0.821735280752182,0.9857374906539917,,,,,,
28.599999999946686,106.85156481627018,13.963199823305843,105.24744248700438,79.2518808596012,122.93479347626344,88.0,14.155524021913182,-0.42208413664394573,15.677290728991753,0.9669025778770447,0.8456789493560791,0.9990951776504516,0.8112110078334809,0.8217537879943848,0.9858921766281128,,,,,,
28.61999999994664,106.8519409047073,13.961022410867374,105.23285993902948,79.2493064168464,122.94046545001284,88.0,14.147513483730654,-0.3904568016981009,15.680700678613565,0.9667912483215332,0.8458117604255677,0.9990956664085389,0.8112130165100098,0.8217880070209503,0.9860126495361328,,,,,,
28.639999999946593,106.85214341187243,13.95923838270675,105.22206217094958,79.24524649169152,122.94588694466815,88.0,14.139716115150064,-0.38791911086292774,15.68396004201444,0.9667172193527221,0.8458700597286225,0.9990959167480469,0.8112128615379334,0.8218374729156495,0.986083698272705,,,,,,
28.659999999946546,106.85212840970203,13.95762677743928,105.21478414766585,79.24292480441586,122.95105651629424,88.0,14.132167174715164,-0.36207537230815473,15.687067951111022,0.9666539907455445,0.8459236025810242,0.9990961194038391,0.8112147867679597,0.8218611240386964,0.9861253499984741,,,,,,
28.6799999999465,106.85185800449682,13.956250280905204,105.20993075737682,79.24285410133321,122.95597278805204,88.0,14.125380230395848,-0.3134170251391016,15.6900235781576,0.9665920972824097,0.846000075340271,0.9990963697433471,0.8112193405628205,0.8218506217002869,0.9861569881439209,,,,,,
28.699999999946453,106.85131181086321,13.955436567023467,105.2065642322219,79.24185885447784,122.96063445056507,88.0,14.119808074748427,-0.23713511452526836,15.69282613596651,0.9665327548980713,0.8460868179798127,0.9990966558456421,0.8112223088741303,0.8218453705310822,0.9862125635147094,,,,,,
28.719999999946406,106.85049426800255,13.955499517925148,105.20327202851495,79.23931558794123,122.96504026226835,88.0,14.116206634308327,-0.11641128579964223,15.695474878117857,0.9664688110351562,0.8461939990520477,0.9990970373153687,0.811222904920578,0.821854329109192,0.9863101005554199,,,,,,
28.73999999994636,106.84943214494254,13.956440353114518,105.19899490257383,79.2378763054483,122.96918904973892,88.0,14.115219215887244,0.013015784388545401,15.697969099158236,0.9664015293121337,0.8463399112224579,0.9990975379943847,0.8112243711948395,0.8218407034873962,0.9864290475845336,,,,,,
28.759999999946313,106.84816318714418,13.957989820395523,105.19470157901254,79.23754188626522,122.97307970800847,88.0,14.116334379388684,0.08616300338938583,15.700308134788692,0.9663559436798096,0.8464888513088227,0.9990980148315429,0.8112266182899476,0.8217971205711365,0.9865347862243652,,,,,,
28.779999999946266,106.8467255022293,13.959839383860702,105.1923748730946,79.2358278086687,122.9767112008576,88.0,14.118260857211087,0.10090417385528322,15.702491362041602,0.9663499116897583,0.8465810775756837,0.9990983009338379,0.811226910352707,0.821756398677826,0.9866045355796814,,,,,,
28.79999999994622,106.8451546352585,13.961810037241944,105.19247766087979,79.23264605572079,122.98008256109176,88.0,14.120357790020643,0.11269000116374236,15.704518199446607,0.9663676977157593,0.8466273605823518,0.9990984439849854,0.8112261176109314,0.8217223703861237,0.9866429805755615,,,,,,
28.819999999946173,106.84348708710738,13.963930232247929,105.19370825007958,79.22960302850272,122.98319289079892,88.0,14.122977538497366,0.15432544566941472,15.706388107185468,0.9663869500160217,0.8466873526573182,0.9990985870361329,0.8112275004386902,0.821662712097168,0.9866691708564759,,,,,,
28.839999999946127,106.84176545657117,13.966389186092066,105.19464878048194,79.22646834075076,122.98604136158863,88.0,14.12667177333101,0.21719372110569535,15.708100587235847,0.9664067268371582,0.8467756748199463,0.9990988135337829,0.8112311124801637,0.8215711236000062,0.9866940140724182,,,,,,
28.85999999994608,106.8400404515977,13.969364936790369,105.19458394050375,79.22196031573075,122.98862721481278,88.0,14.13170820650039,0.2866734221908808,15.709655183503976,0.9664345145225525,0.8468667209148407,0.9990990400314331,0.8112341463565826,0.8214751601219178,0.9867243051528931,,,,,,
28.879999999946033,106.8383670448886,13.972863223045325,105.19334430389102,79.21625012506543,122.99094976176748,88.0,14.138101673428414,0.3501049086644249,15.711051481946058,0.9664715766906739,0.8469492793083191,0.9990992426872254,0.8112355887889863,0.8213870227336884,0.9867615938186646,,,,,,
28.899999999945987,106.8367962853071,13.976699530308528,105.19137329013658,79.21033324776273,122.99300838387666,88.0,14.145531751174996,0.3867061458854316,15.712289110678626,0.9665204644203186,0.8470195293426515,0.9990994095802307,0.8112367331981659,0.8212954163551331,0.9867889642715454,,,,,,
28.91999999994594,106.83536780968454,13.980624492167001,105.18967911444054,79.20418947407207,122.99480253285665,88.0,14.15330787720491,0.3851997974129652,15.713367740077512,0.9665885925292969,0.8470595717430115,0.9990994572639466,0.8112380802631378,0.8211972713470459,0.9867859721183777,,,,,,
28.939999999945893,106.83410730908992,13.984459941178242,105.18901292218126,79.19742039800643,122.9963317308624,88.0,14.160801299891702,0.3632682197763615,15.71428708286571,0.9666745662689209,0.8470591723918915,0.9990993738174438,0.8112390279769898,0.8211035311222077,0.9867513179779053,,,,,,
28.959999999945847,106.83302892850287,13.98814136703247,105.18920093927053,79.19062199524498,122.99759557061455,88.0,14.167882587179461,0.3470865705814981,15.715046894189825,0.9667654633522034,0.8470361411571503,0.9990992069244384,0.8112397968769074,0.8210169434547425,0.9866998076438904,,,,,,
28.9799999999458,106.83213941314378,13.991692644607449,105.1895793186323,79.18451809749645,122.99859371550805,88.0,14.174765216050877,0.34246861083252567,15.71564697168533,0.9668508768081665,0.8470130026340486,0.9990990638732911,0.8112409234046937,0.8209331691265107,0.9866459131240845,,,,,,
28.999999999945754,106.83144123312762,13.995166807508623,105.18974898359507,79.17889804323309,122.99932589970173,88.0,14.181597249589666,0.3403800355638142,15.716087155530435,0.966930603981018,0.8469900190830231,0.9990989089012146,0.8112417757511139,0.8208572745323182,0.9865963459014893,,,,,,
29.019999999945707,106.83093343826167,13.998557613791798,105.18970872057132,79.1736010801632,122.99979192818913,88.0,14.1883460809758,0.33302977741927287,15.716367328488658,0.9670072078704834,0.8469568252563477,0.9990987420082093,0.8112415313720703,0.8207978785037995,0.9865509510040283,,,,,,
29.03999999994566,106.83061010338568,14.0017489261352,105.18973467544113,79.16925807809552,122.99999167685046,88.0,14.19482895748862,0.31208593613586083,15.716487415940094,0.967081093788147,0.8469104290008546,0.999098539352417,0.8112403988838196,0.820754212141037,0.986505103111267,,,,,,
29.059999999945614,106.83045796399236,14.004563442769264,105.19038208269578,79.16630059317855,122.9999250924856,88.0,14.200679906437086,0.2691853784002018,15.716447385901201,0.9671536803245544,0.846847814321518,0.9990983009338379,0.811238843202591,0.8207225322723389,0.986451268196106,,,,,,
29.079999999945567,106.83045599880329,14.006865249067204,105.19220170111325,79.16440780398499,122.9995921928283,88.0,14.205482468108938,0.20974386000218898,15.716247249033394,0.9672252178192139,0.8467642605304718,0.999098002910614,0.8112368106842042,0.8207051753997803,0.9863861799240112,,,,,,
29.09999999994552,106.83057822735469,14.008617482780158,105.19520530908932,79.16340864403514,122.99899306654149,88.0,14.209088720516085,0.15285589768888622,15.715887058640174,0.9672897100448609,0.846667903661728,0.9990976810455322,0.8112343847751617,0.820703798532486,0.9863169312477111,,,,,,
29.119999999945474,106.83079815541224,14.009866785082494,105.1988307529541,79.16364899393463,122.9981278731936,88.0,14.211700307105415,0.1108127306713178,15.715366910652932,0.9673396348953247,0.8465781867504121,0.9990973711013794,0.8112321496009827,0.8207124948501587,0.9862548589706421,,,,,,
29.139999999945427,106.83109229745214,14.010691438675114,105.20250033505465,79.16519513010019,122.99699684321612,88.0,14.213591569662551,0.07914809326862743,15.714686943605422,0.967373538017273,0.8465040504932404,0.9990971326828003,0.8112302124500275,0.8207276821136475,0.9862064361572266,,,,,,
29.15999999994538,106.83144145970442,14.011150460550938,105.20600752308674,79.16757922053094,122.9956002778422,88.0,14.214871967049516,0.04854279092344529,15.713847338596821,0.9673954248428345,0.8464391529560089,0.999096941947937,0.8112279951572419,0.8207529664039612,0.9861717224121094,,,,,,
29.179999999945334,106.83183003707163,14.01125316545836,105.20940243157887,79.17052282399189,122.99393854902641,88.0,14.215513661923165,0.015006414211966584,15.712848319243541,0.9674083471298218,0.846377182006836,0.9990967512130737,0.811225289106369,0.8207898020744324,0.9861472129821778,,,,,,
29.199999999945287,106.83224440639772,14.01096981961687,105.21279742617041,79.17413512018511,122.9920120993457,88.0,14.215444646979867,-0.022674974354021014,15.711690151619639,0.9674134969711303,0.8463186144828797,0.9990966081619262,0.8112226247787476,0.8208326399326324,0.9861271858215332,,,,,,
29.21999999994524,106.83267180249427,14.010281936992058,105.2163021920356,79.17830686223121,122.9898214418815,88.0,14.214582804511533,-0.06369655081340973,15.710373144185965,0.9674123525619507,0.8462641775608063,0.9990964531898499,0.8112204253673554,0.820876431465149,0.9861073732376099,,,,,,
29.239999999945194,106.83310064624465,14.009227116051957,105.21988375526409,79.18260689149389,122.98736716008312,88.0,14.212920048117088,-0.10111923769676535,15.708897647708028,0.9674050211906433,0.8462142050266266,0.9990963220596314,0.8112186372280121,0.8209211885929109,0.9860886573791504,,,,,,
29.259999999945148,106.83352200673107,14.007899112972702,105.22322601251655,79.18679747382289,122.98464990761228,88.0,14.21062460686913,-0.1258599111610598,15.707264055162522,0.9673895001411438,0.8461747288703919,0.9990962266921997,0.811217212677002,0.8209666967391969,0.9860769987106324,,,,,,
29.2799999999451,106.8339308341757,14.006412582039088,105.22588577387612,79.19088677827624,122.9816704081691,88.0,14.207981352394583,-0.1365605443719011,15.705472801632734,0.9673643589019776,0.8461531162261964,0.9990961909294128,0.8112163662910462,0.82100909948349,0.9860763907432556,,,,,,
29.299999999945054,106.83432587960863,14.00486434521103,105.2276189832491,79.19473514151044,122.97842945529926,88.0,14.205210109258088,-0.1400440671091765,15.703524364192603,0.967332410812378,0.8461481034755707,0.9990962028503418,0.8112160205841065,0.8210466980934144,0.986085855960846,,,,,,
29.319999999945008,106.83470827975536,14.00330963890365,105.22848276852243,79.1980848821803,122.97492791218275,88.0,14.202382569670828,-0.1429130775799449,15.701419261779677,0.967298173904419,0.8461517870426178,0.9990962505340576,0.8112158536911012,0.8210811734199525,0.9861011028289794,,,,,,
29.33999999994496,106.83507956207482,14.001762923157866,105.22868355565856,79.20088104210647,122.97116671140391,88.0,14.199483109976727,-0.14727754008623806,15.699158055056934,0.9672641277313232,0.8461588084697724,0.9990962982177735,0.8112157821655274,0.8211131513118745,0.9861178636550904,,,,,,
29.359999999944915,106.83544003902213,14.000224428359601,105.22842606587864,79.20320714636058,122.96714685470305,88.0,14.19648582440743,-0.15240499927874662,15.696741346263405,0.9672311544418335,0.8461678266525269,0.9990963578224182,0.8112160265445709,0.8211405754089356,0.986132550239563,,,,,,
29.379999999944868,106.83578831829723,13.998713983479986,105.22783664205481,79.20502138665093,122.96286941270967,88.0,14.19340063669542,-0.155376864072949,15.694169779053809,0.9671994686126709,0.846179610490799,0.999096417427063,0.8112166702747345,0.8211621999740601,0.9861448287963868,,,,,,
29.39999999994482,106.83612195971021,13.997280632575281,105.2269058190549,79.20625612835998,122.95833552465734,88.0,14.1903149315264,-0.15180080263957357,15.691444038327141,0.9671683788299561,0.8461951673030854,0.9990964889526367,0.8112175941467286,0.8211791455745697,0.9861568570137024,,,,,,
29.419999999944775,106.83643845998814,13.99598247444202,105.22552725506092,79.20701054288294,122.95354639808025,88.0,14.187383972610379,-0.14011540456573526,15.688564850044209,0.9671370029449463,0.8462168395519257,0.9990965604782105,0.8112187385559082,0.8211918413639069,0.9861716032028198,,,,,,
29.439999999944728,106.8367356510106,13.994860255988504,105.2236641985211,79.20741491836965,122.94850330849155,88.0,14.1847395366454,-0.12408634814773957,15.685532981034317,0.9671058416366577,0.8462447941303254,0.999096667766571,0.811219984292984,0.8212004244327545,0.9861901044845581,,,,,,
29.45999999994468,106.83701132060321,13.993924111752854,105.22145788921088,79.20748163654979,122.94320759904377,88.0,14.182413906958264,-0.10891878057478689,15.682349238791048,0.9670770645141602,0.8462744474411011,0.9990967750549317,0.8112211704254151,0.8212063193321228,0.9862098932266236,,,,,,
29.479999999944635,106.8372625229703,13.993156109471723,105.21915402479198,79.20723924390954,122.93766068017096,88.0,14.180362014656115,-0.09675925624288864,15.679014471257162,0.9670521736145019,0.8463015854358673,0.9990968704223633,0.8112221479415894,0.821211063861847,0.9862285614013672,,,,,,
29.49999999994459,106.83748517324462,13.99252640639394,105.2169696931528,79.20682399877576,122.93186402921309,88.0,14.178528475640922,-0.08682891424906114,15.675529566598769,0.967031192779541,0.8463250398635864,0.999096953868866,0.811223042011261,0.8212142169475556,0.9862440586090088,,,,,,
29.51999999994454,106.83767429077257,13.992013117644841,105.21503242175406,79.20635595082405,122.92581919002262,88.0,14.176885276657979,-0.07740809045288762,15.671895452968815,0.9670135498046875,0.8463461816310883,0.9990970253944397,0.811223953962326,0.8212149441242218,0.9862565517425537,,,,,,
29.539999999944495,106.83782486575359,13.991613741090939,105.2133740520105,79.20584547177799,122.91952777255327,88.0,14.175442260317451,-0.06645962166119308,15.66811309825983,0.9669983625411988,0.8463661968708038,0.9990970849990845,0.8112248420715332,0.8212138533592225,0.9862675547599793,,,,,,
29.55999999994445,106.83793295315036,13.991339895016388,105.21194238585765,79.20529359866298,122.9129914524312,88.0,14.17424812386018,-0.052404905424157995,15.664183509846161,0.9669846296310425,0.846386331319809,0.9990971565246582,0.8112256348133088,0.8212119519710541,0.9862792253494262,,,,,,
29.579999999944402,106.83799643117256,13.991200516443671,105.21066163587406,79.20476852083505,122.90621197050886,88.0,14.17336197238816,-0.036044858184514236,15.660107734315716,0.9669721007347107,0.8464080810546876,0.9990972280502319,0.8112263262271882,0.8212089478969574,0.9862928867340088,,,,,,
29.599999999944355,106.83801511100106,13.991190193316944,105.20952116152097,79.20430605216261,122.8991911324012,88.0,14.172801504248444,-0.02037828470195191,15.655886857191142,0.9669613838195801,0.8464305102825165,0.9990972995758056,0.8112269222736359,0.8212044954299927,0.9863074779510498,,,,,,
29.61999999994431,106.83799036592491,13.991288488928346,105.20859056299985,79.20387272811142,122.89193080800484,88.0,14.1725260205159,-0.007735511013454043,15.651522002640785,0.9669535875320434,0.8464511930942535,0.9990973711013794,0.8112273812294006,0.8211990356445313,0.9863212823867797,,,,,,
29.639999999944262,106.83792468956445,13.991469278874412,105.20794549472691,79.2034412973528,122.88443293100005,88.0,14.172472537271094,0.0020307454303897477,15.647014333179236,0.9669489383697509,0.8464685678482056,0.9990974187850952,0.8112277090549469,0.8211929917335511,0.9863328695297241,,,,,,
29.659999999944215,106.8378215117165,13.991712463557915,105.20759694473692,79.20302592904758,122.87669949833571,88.0,14.172598836392165,0.010531945901880583,15.642365049357736,0.966947054862976,0.8464836061000824,0.999097466468811,0.8112280130386353,0.8211853325366975,0.9863419890403747,,,,,,
29.67999999994417,106.83768531657601,13.992011342768446,105.207485670382,79.20261793581359,122.86873256969751,88.0,14.172895050789766,0.019207619732036378,15.637575389444432,0.9669470310211181,0.846497768163681,0.9990975141525269,0.8112283766269685,0.8211757838726044,0.9863492965698242,,,,,,
29.699999999944122,106.83752186555463,13.992370737601917,105.20751379150215,79.20216721664555,122.8605342669593,88.0,14.173373357949412,0.028790149076357182,15.632646629094548,0.966948676109314,0.846511709690094,0.9990975499153137,0.8112287878990174,0.8211643159389497,0.986355459690094,,,,,,
29.719999999944076,106.83733822620513,13.992796516662873,105.20758277149504,79.20164748470508,122.85210677361805,88.0,14.174050863758717,0.03896317769558563,15.627580081010667,0.9669516563415528,0.8465259909629822,0.9990975856781006,0.8112291753292085,0.8211515128612519,0.9863617062568665,,,,,,
29.73999999994403,106.8371424068675,13.993286038393482,105.20763613763386,79.2010628477157,122.84345233421223,88.0,14.174925863210564,0.0482276708840675,15.622377094593116,0.9669561386108398,0.8465395987033845,0.9990976214408874,0.8112295627593995,0.8211374938488007,0.9863669872283936,,,,,,
29.759999999943982,106.83694268131626,13.993825853347207,105.20768004377281,79.20040707446208,122.83457325372407,88.0,14.17596261894578,0.05493832224879997,15.617039055580538,0.9669627904891968,0.8465514302253724,0.9990976452827454,0.8112299084663391,0.8211224377155304,0.9863706111907959,,,,,,
29.779999999943936,106.8367468824102,13.994396690662466,105.20775474033961,79.19966594393526,122.82547189696562,88.0,14.17710331282435,0.058687203799696504,15.611567385680846,0.9669718027114869,0.8465599954128266,0.9990976572036743,0.8112302303314209,0.82110675573349,0.9863712787628174,,,,,,
29.79999999994389,106.83656192996517,13.994980527983177,105.20788434645681,79.19885599297132,122.81615068794898,88.0,14.178296230686348,0.06035782505267789,15.60596354219259,0.9669828414916992,0.8465650439262391,0.9990976572036743,0.8112305402755737,0.8210908114910126,0.9863687038421631,,,,,,
29.819999999943843,106.8363936542846,13.995565322785565,105.20805726480832,79.19801415342688,122.80661210924056,88.0,14.179510761243117,0.0609867035792037,15.600229017616766,0.9669952154159546,0.8465674459934235,0.9990976572036743,0.81123086810112,0.8210746049880981,0.9863635063171386,,,,,,
29.839999999943796,106.83624682549473,13.996145914836355,105.20824161193842,79.19715650843767,122.79685870130008,88.0,14.180732798816736,0.06116028366511599,15.59436533925938,0.9670082807540894,0.8465676546096802,0.9990976452827454,0.8112311899662018,0.8210587203502655,0.9863563895225524,,,,,,
29.85999999994375,106.83612522041575,13.996718363316008,105.20840743078168,79.19630677934136,122.78689306180381,88.0,14.181954076357108,0.060845899395630176,15.588374068824638,0.9639577031135559,0.8516490697860718,0.9991106748580932,0.8109487354755402,0.8231472253799439,0.9921633124351501,,,,,,
29.879999999943703,106.83603157018625,13.997274800323439,105.20854838482147,79.19550139224555,122.77671784495274,88.0,14.183159235225899,0.05940886104103599,15.582256801998994,0.9672402381896973,0.8474701702594758,0.9991070032119751,0.8107620418071747,0.8227994024753571,0.991926908493042,,,,,,
29.899999999943656,106.83596739771454,13.997800901739783,105.2086914713766,79.19478348984127,122.76633576076576,88.0,14.184317488717593,0.05603966753896252,15.576015168026206,0.9724229335784912,0.8405464410781861,0.9990961194038391,0.8106776714324951,0.8211201727390289,0.9888601541519165,,,,,,
29.91999999994361,106.83593285991246,13.998278383985172,105.20888580932167,79.19418650299042,122.75574957435775,88.0,14.185385552652686,0.05040567804031876,15.569650829273368,0.973426079750061,0.839659982919693,0.999094557762146,0.8106448471546174,0.8205364942550659,0.9885517835617066,,,,,,
29.939999999943563,106.83592674533962,13.998690512461161,105.20917396957996,79.19373422545743,122.74496210520324,88.0,14.186322117414468,0.0430418529842602,15.563165480788179,0.9741156816482544,0.8392178773880006,0.999093759059906,0.8106548070907593,0.8198031067848206,0.9881367087364197,,,,,,
29.959999999943516,106.83596701765637,13.999329598810341,105.20945856730685,79.1896411665109,122.73397622638548,88.0,14.18716553486829,0.04996441015570579,15.556560849847521,0.9732907176017761,0.8404086709022522,0.9990952968597412,0.8106773018836976,0.820045018196106,0.9886664628982544,,,,,,
29.97999999994347,106.83613646198035,14.005448647132223,105.20591370109027,79.12373311962527,122.72279486383115,88.0,14.190139264907947,0.3973411135216267,15.549838695497375,0.9726565599441528,0.8416636466979981,0.9990972995758056,0.8106780469417573,0.8200700342655183,0.989453387260437,,,,,,
29.999999999943423,106.8365493724511,14.024789432217753,105.16943020045251,79.00343842304399,122.71142099553117,88.0,14.213022224738067,2.071467463981029,15.543000808084347,0.9300314545631408,0.8559344530105591,0.9990734815597534,0.8109803378582001,0.8613658905029298,0.9809920787811279,,,,,,
30.019999999943376,106.83728600072334,14.045990531993453,105.08680428163149,79.02964190305104,122.6998576507475,88.0,14.26843925758222,3.068447612542381,15.53604900877884,0.9221258044242859,0.862950485944748,0.9990695714950562,0.8113183915615082,0.8545939803123475,0.9806666612625122,,,,,,
30.03999999994333,106.83816735422454,14.061585522447483,105.03280845260369,79.06556047975374,122.68810790920641,88.0,14.3170842540718,1.4589800675405438,15.528985149090019,0.9208919644355774,0.8637571513652802,0.9990596771240234,0.8112753093242646,0.8505002856254578,0.9807240962982178,,,,,,
30.059999999943283,106.83880149830605,14.07096685201632,105.05652782805397,78.98387488796033,122.67617490027814,88.0,14.325441970174268,-0.3666762561257415,15.521811110372667,0.9254526138305664,0.8582947611808778,0.9990413904190063,0.8111119866371155,0.8474936485290527,0.9770131349563599,,,,,,
30.079999999943237,106.83883371383244,14.07575191449404,105.10515187828425,78.91820603049754,122.66406180214354,88.0,14.316970771074633,-0.16994198726600715,15.514528803326126,0.9284212470054627,0.8543670892715455,0.9990283012390136,0.8109735608100892,0.8456031441688538,0.9747053146362304,,,,,,
30.09999999994319,106.83848669516519,14.071827117141595,105.12669069514122,79.04380005242281,122.65177184094753,88.0,14.321475506650243,0.34303842092317016,15.507140167485417,0.924271821975708,0.8577873408794403,0.9990264654159546,0.8111537456512452,0.842674869298935,0.9745029807090759,,,,,,
30.119999999943143,106.83953701097919,14.046312150027374,105.17711634187678,79.31400723536234,122.63930828993993,88.0,14.308703797983643,-2.1768685456730203,15.499647170704666,0.9225107192993164,0.8593036472797394,0.9990216612815856,0.8114990770816803,0.8379784822463989,0.9686168670654297,,,,,,
30.139999999943097,106.84391846277303,14.00554685351488,105.33251055157898,79.39701679498599,116.8494126282195,88.0,14.228039396288795,-5.537289866080108,12.01880374753237,0.9250637054443359,0.8550218999385835,0.9990106582641601,0.8113116204738617,0.8400869846343995,0.966076135635376,,,,,,
30.15999999994305,106.85314283525275,13.958400323784193,105.51428332446929,79.42624409437414,115.95258417645111,88.0,14.113969559447037,-5.225329034998197,11.479636964495011,0.9238061428070068,0.852333676815033,0.9990013360977172,0.8113064348697663,0.8446561992168427,0.9621243476867676,,,,,,
30.179999999943004,106.86803778688397,13.900668401966653,105.6170442285367,79.72455968654768,115.90519500742684,86.5274601065295,14.026615342877847,-3.84087887481713,12.336427279217855,0.9206311106681824,0.853125023841858,0.999003791809082,0.8116047441959382,0.8455722510814667,0.9579341411590576,,,,,,
30.199999999942957,106.88883138679272,13.831409800875976,105.70168418724028,80.07103235341448,115.8578591324681,87.96935151524448,13.937117655916119,-5.608862499706009,11.441114600224939,0.9203484058380127,0.8526816725730897,0.9990065336227417,0.8117112696170807,0.8462008655071259,0.9562745690345764,,,,,,
30.21999999994291,106.91564847128255,13.753156314771312,105.84567079327749,80.23978165127762,115.81060316115689,87.93871022816892,13.798716596041695,-7.9800489025331105,11.43112597215136,0.9216451168060302,0.848954451084137,0.9989988803863525,0.8115065753459931,0.8512238740921021,0.9554927587509155,,,,,,
30.239999999942864,106.94842348127776,13.655741846114651,106.00645412790007,80.49915081705893,115.76345365815781,87.9080833347629,13.628628484019963,-8.913493529558519,11.421192698687399,0.9233378767967224,0.8438140690326691,0.9989922285079956,0.8112670242786408,0.8597797095775604,0.9548374056816101,,,,,,
30.259999999942817,106.98653019188794,13.536330965707325,106.15995764593795,80.90100234437314,115.71643712828498,87.87747802763577,13.438572386935025,-10.327847653431105,11.411326390190982,0.9241606831550598,0.8413108706474305,0.9989941000938416,0.8111497342586518,0.865133273601532,0.9566383361816406,,,,,,
30.27999999994277,107.02959713456424,13.393766983683102,106.34329631795099,81.32108762251225,115.6695800016024,87.84690149432737,13.206873249792407,-12.946610895889542,11.401538615128555,0.9287513017654419,0.8355715692043305,0.9989855766296387,0.8109239637851715,0.8698890507221222,0.9538914442062378,,,,,,
30.299999999942724,107.0768230456578,13.229989433343789,106.5668898111662,81.6967562472389,115.62290861856657,87.81636091562011,12.923508871671766,-15.141875321884296,11.391840892157692,0.9302272319793701,0.8310652315616608,0.9989747524261474,0.8107663035392761,0.8781332612037659,0.9501459956169128,,,,,,
30.319999999942677,107.12749607572792,13.055650106474985,106.77377493654222,82.04270226706385,115.57644921521924,87.78586346385264,12.615131089106661,-15.335604512231498,11.382244682238905,0.9292103290557862,0.8290641367435456,0.9989777565002441,0.8105872452259064,0.8897804081439972,0.954887866973877,,,,,,
30.33999999994263,107.18111702443102,12.882527845686083,106.8937055827205,82.40120043704445,115.5302279084391,87.75541630123539,12.319787191911235,-14.124145507839778,11.37276138078175,0.9273969054222106,0.8285467326641083,0.998985767364502,0.8106002748012543,0.8918285965919495,0.960192859172821,,,,,,
30.359999999942584,107.23727366190062,12.717083786570297,106.91911320149735,82.7349200147007,115.48427068126021,87.72502657816858,12.047161584316159,-13.298970210091914,11.36340230982957,0.926969027519226,0.8278090178966523,0.9989963889122009,0.8106225013732911,0.8919576466083526,0.9650798559188842,,,,,,
30.379999999942537,107.2953730106188,12.560763125406288,106.89112499110072,82.97278669480373,115.43860336826587,87.69470143156296,11.782498003246323,-13.216873920488176,11.354178710287965,0.9275740265846253,0.8263848543167115,0.999003005027771,0.8105642795562744,0.8944560468196869,0.9684686303138733,,,,,,
30.39999999994249,107.35395054186556,12.409589026734277,106.83148533264719,83.166699521171,115.39325164106582,87.66444798316375,11.519551980868414,-13.080752064485038,11.3451017342014,0.9298799395561218,0.8245535612106324,0.9990071058273315,0.8105043768882751,0.8926248490810395,0.971450662612915,,,,,,
30.419999999942444,107.41221403498203,12.25368096820174,106.7597023099754,83.4104506875254,115.34824099386513,87.63427333787813,11.253939391568377,-13.663466718124997,11.336182437082865,0.9327367067337036,0.8229892671108247,0.9990106344223022,0.8105236053466798,0.8866387784481049,0.9726687908172608,,,,,,
30.439999999942398,107.4680467308151,12.096379090323037,106.71474570955391,83.5905531966572,115.30359672913275,87.60418458210665,10.970895151514418,-14.503024298998179,11.327431770300993,0.9265937685966492,0.8233990788459778,0.9990298271179199,0.810355818271637,0.9104674935340882,0.9746284365653992,,,,,,
30.45999999994235,107.5191590241388,11.943941207487997,106.67167885904433,83.72633999303588,115.25934394337793,87.57418878207906,10.684678853120646,-13.822226518543726,11.318860573529523,0.9222606778144836,0.8231831312179566,0.9990418672561645,0.8102882087230683,0.9246807098388672,0.9758243918418884,,,,,,
30.479999999942304,107.56513055263729,11.802908905512117,106.57885633305298,83.88711998792101,115.21550751304227,87.54429298219476,10.424857421773112,-12.151215638556561,11.310479567263329,0.9202889204025269,0.8230970978736878,0.9990534782409668,0.81030632853508,0.9275312185287475,0.977338171005249,,,,,,
30.499999999942258,107.60465063576011,11.6788869128689,106.44604553571439,84.01542041540918,115.17211208051567,87.51450420336857,10.195095859849818,-10.917670274446616,11.302299345405867,0.9302243947982788,0.8222896575927735,0.999073576927185,0.8099474847316742,0.922048544883728,0.9807716488838196,,,,,,
30.51999999994221,107.63642893181033,11.576569391321762,106.30199225963555,84.0424790338313,115.12918204028374,87.48482944138175,9.9885589231224,-9.613347721118213,11.294330367932428,0.9420108199119568,0.8210046887397766,0.9990921974182129,0.8094925045967103,0.9164765119552613,0.983910059928894,,,,,,
30.539999999942165,107.659606518674,11.499100382744537,106.13088425974534,84.01275827545908,115.08674152521453,87.45527566523918,9.816842613284184,-7.443489499395462,11.286582953633495,0.9487667560577393,0.8207850337028504,0.9991026997566224,0.8090951025485993,0.9015162825584412,0.9869556427001953,,,,,,
30.559999999942118,107.67420985786458,11.448164756496018,105.92108582257436,83.96617335958483,115.04481439299245,87.42584981553267,9.691092834611615,-5.223409809051717,11.279067272942868,0.947751498222351,0.8217520952224732,0.9991018533706665,0.8088370442390442,0.8907942593097687,0.9876814723014832,,,,,,
30.57999999994207,107.68085868694237,11.424126804669726,105.70392859064434,83.87019357552506,115.00342421270675,87.39655880281097,9.603311569545122,-3.632271543424484,11.271793340854686,0.9434669494628907,0.8251944541931153,0.9990964293479919,0.8087382256984711,0.883651089668274,0.9872111439704895,,,,,,
30.599999999942025,107.68030607823327,11.426486374954328,105.50282982029086,83.71372631553268,114.96259425160233,87.36740950595693,9.5458355970614,-2.049334490679536,11.264771009933764,0.939876937866211,0.8298772931098939,0.9990977048873901,0.8086392223834992,0.8796602487564087,0.9879128694534302,,,,,,
30.619999999941978,107.6724721375492,11.454467093158277,105.30738532863126,83.53473450719507,114.9223474620002,87.3384087705719,9.524226956697134,-0.07361700857006932,11.25800996342354,0.9347874760627747,0.8345579981803894,0.9990942716598511,0.8085469186306,0.875288760662079,0.9880264401435852,,,,,,
30.63999999994193,107.65660849471891,11.506961771280148,105.11279218126913,83.34432765535666,114.88270646839499,87.30956340736819,9.542245456217472,1.8237605241409003,11.251519708455646,0.9344301342964172,0.8376360833644867,0.9990957498550415,0.8085948169231415,0.8732058107852936,0.9875987529754638,,,,,,
30.659999999941885,107.63207570603154,11.582334312326786,104.93138695754308,83.11742649474328,114.84369355473663,87.2808801905695,9.595568220356405,3.501028709885825,11.245309569365393,0.9339031219482422,0.8401113569736481,0.9990951180458069,0.8086821496486665,0.8708007276058197,0.9867994785308838,,,,,,
30.67999999994184,107.59874898315898,11.686582512617628,104.7606621258621,82.78224179769336,114.8053306519037,87.25236585632013,9.684831827970315,5.666832425521887,11.239388681117205,0.933469045162201,0.8417158365249634,0.9990922451019287,0.8087927043437958,0.8675589442253113,0.9859267711639405,,,,,,
30.69999999994179,107.5574189836089,11.833154114750958,104.54064780087614,82.33156744909523,114.76763932537497,87.22402710110286,9.83739133346085,9.856872428622772,11.233765982843988,0.9357708930969239,0.8447145700454712,0.9990891695022583,0.8089664280414581,0.8587779164314271,0.9855665326118469,,,,,,
30.719999999941745,107.50979999060193,12.012047272057888,104.24106933286491,81.94406406692475,114.73064076310662,87.1958705801665,10.07499876472116,13.467177754578545,11.22845021150438,0.9398774981498719,0.8466868221759797,0.9990941286087036,0.8092846870422363,0.8523278713226319,0.9836937308311462,,,,,,
30.7399999999417,107.45782152651566,12.203054575548798,103.97200203294304,81.59324293096635,114.69435576362147,87.16790290596278,10.35499489370325,13.987661055146914,11.223449895661794,0.9375886559486389,0.8484632849693299,0.9990904569625855,0.8096799552440643,0.8511949241161347,0.9815892219543457,,,,,,
30.759999999941652,107.40328534981454,12.369920268518854,103.85550126483834,81.36227538337451,114.65880472431725,87.14013064659348,10.613512098947883,11.46816797996916,11.218773349388982,0.9271038413047791,0.8460871517658234,0.9990732908248902,0.8099517881870271,0.8572974681854248,0.9779475450515747,,,,,,
30.779999999941605,107.34748178684583,12.502264124319526,103.93386786486822,81.17380554163574,114.62400763000034,87.112560324268,10.809829972751483,8.389915754605386,11.214428666301949,0.9114651799201966,0.8535548090934754,0.9990681171417236,0.8097356855869293,0.8672487735748291,0.981789481639862,,,,,,
30.79999999994156,107.29024071618613,12.607955702207372,104.11676668802575,81.05558132942745,114.58998404165136,87.08519841377156,10.96546012538924,7.601001557398466,11.210423713726794,0.9008002400398255,0.8590645790100098,0.9990648031234741,0.8095782399177551,0.8731455564498902,0.9843214988708496,,,,,,
30.819999999941512,107.23205253717548,12.69683031411258,104.2936506539392,81.08110119258603,114.55675308542916,87.05805134094467,11.123382184385175,8.169193674510652,11.206766127003096,0.9028167009353638,0.8569912612438202,0.9990693092346191,0.809502011537552,0.8736999392509461,0.9851194500923157,,,,,,
30.839999999941465,107.17323708625605,12.771046505896251,104.46013927070277,81.18908583701871,114.52433344191915,87.031125481174,11.283505340511521,7.55013257656841,11.2034633039274,0.9063510060310364,0.8562195658683778,0.9990684270858765,0.8097120940685273,0.8657820820808411,0.9848261594772338,,,,,,
30.85999999994142,107.11503234871408,12.827731098961966,104.66332450953762,81.28051006432301,114.49274333563207,87.00442715789524,11.4176572819082,5.806104770779878,11.200522399340006,0.9112186074256897,0.8530892968177796,0.999061107635498,0.8097227573394776,0.8581569552421571,0.9856528162956237,,,,,,
30.879999999941372,107.05947066117702,12.863715230530591,104.90156277109493,81.37502504005371,114.4620005247592,86.97796264110792,11.5173206039881,4.278683823041976,11.197950319858755,0.9185323834419251,0.8461128294467927,0.9990622520446777,0.8097315251827241,0.8675012826919556,0.9860537648200989,,,,,,
30.899999999941326,107.00975270072506,12.884318829770157,105.1346438284065,81.48101396975193,114.43212229118977,86.95173814590308,11.594674297602113,3.586980725516772,11.195753718762735,0.9217381715774536,0.8420021235942841,0.9990614056587219,0.8098107337951661,0.8773168444633485,0.9859718084335327,,,,,,
30.91999999994128,106.9696159921298,12.895641002517094,105.32773681924205,81.597334187982,114.40312543079594,86.92575983100356,11.663649335222553,3.322037639153208,11.193938991029228,0.9225764393806457,0.8410788476467133,0.9990595579147339,0.8099631667137146,0.8783956289291383,0.9852317810058594,,,,,,
30.939999999941232,106.94191023899795,12.91128353462666,105.47084439662117,81.59250001847933,114.37502624399121,86.9000337973177,11.728768592376333,3.40916625582322,11.192512268527025,0.9230180501937866,0.8411231279373169,0.9990555167198181,0.8101773917675019,0.8736629486083984,0.9846878290176392,,,,,,
30.959999999941186,106.92847794068109,12.955151768009305,105.50961370822084,81.3783655661655,114.34784052656715,86.87456608650658,11.818908525248736,6.089457308959168,11.191479415368871,0.9210053324699402,0.8453054189682008,0.9990453004837037,0.8103140711784363,0.8518436551094055,0.9868534445762634,,,,,,
30.97999999994114,106.93021566252698,13.02387081522884,105.38008804004264,81.21602593253796,114.32158356081392,86.84936267956509,11.977011398049061,9.402689378328033,11.19084602342624,0.9242932319641113,0.8478853642940521,0.9990604639053344,0.8105808198451996,0.8421312391757966,0.9871427536010742,,,,,,
30.999999999941092,106.94670944178567,13.11002492721913,105.17189414483663,81.01490713961337,114.29627010692944,86.82442949541742,12.17346740177179,9.731522816465187,11.190617408009015,0.929161787033081,0.8483594179153443,0.9990797400474548,0.8106064200401306,0.8404368102550507,0.9880384922027587,,,,,,
31.019999999941046,106.97639608880846,13.201598184004654,104.99625728999736,80.70184929055345,114.27191439472202,86.79977238952692,12.356472924318007,8.521040292190584,11.190798603712842,0.9242220997810364,0.8526815056800843,0.9990792751312256,0.8107182741165162,0.8416843056678772,0.9883065700531006,,,,,,
31.039999999941,107.01694319142494,13.27575260655253,104.87690410381502,80.50843445321235,114.24853011561113,86.77539715252105,12.510944748780602,6.752355818663413,11.191394360436785,0.9157083868980408,0.8577127218246461,0.999064588546753,0.810772830247879,0.8433754146099091,0.9868923187255859,,,,,,
31.059999999940953,107.06550563493046,13.327541619491607,104.83853573117443,80.38974953286625,114.22613041493089,86.75130950883138,12.619894251849999,4.0933911279642565,11.192409139573808,0.9111393332481384,0.85792635679245,0.9990552663803101,0.810419660806656,0.8487487256526948,0.9864823341369628,,,,,,
31.079999999940906,107.11929465677176,13.362101257906264,104.8760085001051,80.27107785926103,114.20472788454049,86.72751511534936,12.680132663198156,2.207025718369687,11.193847110376396,0.9199339628219605,0.8490920603275299,0.9990481734275818,0.8105569422245026,0.855300122499466,0.9831381559371948,,,,,,
31.09999999994086,107.17554713288091,13.3846384232947,104.93172122022314,80.22296999007827,114.18433455574574,86.70401956009768,12.719130873033047,1.8725643225553668,11.195712146499794,0.9255608797073365,0.8453369915485383,0.9990397691726685,0.8104737520217896,0.8553782939910889,0.9800159573554993,,,,,,
31.119999999940813,107.23175439366301,13.399655605260623,104.97387745388362,80.25625669564685,114.16496189253571,86.68082836091804,12.756438587927649,1.7811607882520124,11.198007822724815,0.9253316879272461,0.8451139509677887,0.9990320444107056,0.8106671512126923,0.8537859439849854,0.9788451194763184,,,,,,
31.139999999940766,107.28644306328827,13.415347738638273,105.01723992301439,80.23113514113939,114.14662078513841,86.65794696417528,12.787902270976307,1.4619280186553676,11.20073741186265,0.9254398584365845,0.8443257808685303,0.9990244507789612,0.8108215391635896,0.8533461332321167,0.9781482458114624,,,,,,
31.15999999994072,107.33952303696059,13.445267415276192,105.03907110996873,80.07811676885032,114.12932154389881,86.63538074347828,12.827628458212729,2.89636041765776,11.203903881843363,0.9204949736595154,0.8477802097797394,0.9990309715270996,0.8108741104602815,0.8568417549133301,0.9807202339172363,,,,,,
31.179999999940673,107.39154429175119,13.482449077137394,104.9880124473795,80.05543742159169,114.11307389348299,86.61313499841809,12.909208923808636,4.992016132794776,11.207509892990068,0.9131856560707092,0.8545507907867432,0.9990439176559448,0.8111494481563568,0.8570830225944519,0.9828565955162049,,,,,,
31.199999999940626,107.44212581649232,13.50803694170662,104.93612814746335,80.19615398408551,114.0978869674115,86.59121495332322,13.00261775591896,3.600391925426209,11.211557795480765,0.9125552892684937,0.8565649032592774,0.9990504264831543,0.8112277150154115,0.8559198379516602,0.9835395693778992,,,,,,
31.21999999994058,107.49001050262267,13.512018631816623,105.01466319486629,80.25701629753573,114.08376930292495,86.56962575603279,13.033771241625448,-0.5191535353136179,11.216049626999137,0.9207334280014038,0.8492247760295868,0.999038577079773,0.810819160938263,0.8579382002353668,0.9826615571975708,,,,,,
31.239999999940533,107.5338975225368,13.498576138458377,105.20526599501333,80.22447827882132,114.07072883618488,86.54837247668762,12.998412360960586,-2.3419169951618435,11.220987110576129,0.9295818686485291,0.8402837574481965,0.9990194082260132,0.8103210270404816,0.8621095776557923,0.9810421228408813,,,,,,
31.259999999940487,107.57302058782979,13.475594078215344,105.37213582172981,80.32808222620253,114.05877289781252,86.52746010653941,12.962372710386246,-1.0229382964053075,11.226371652623776,0.9308595895767212,0.8385634064674378,0.9990156650543213,0.8102483332157135,0.8628106057643891,0.980689537525177,,,,,,
31.27999999994044,107.60763959007913,13.447720154074707,105.4741929173149,80.57319853627388,114.04790820876784,86.50689355677869,12.951960241028841,-0.40056089041061277,11.2322043411624,0.9263842582702637,0.8421541512012483,0.9990222692489624,0.8105213522911072,0.8601832270622254,0.9806781530380249,,,,,,
31.299999999940393,107.63899164737514,13.418437201608285,105.58086285462618,80.7287113342536,114.0381408765715,86.48667765738136,12.933487192943598,-1.5452186749480887,11.23848594424268,0.9212623238563538,0.8453511774539948,0.9990253925323487,0.8106840252876282,0.8615813732147217,0.9811464786529541,,,,,,
31.319999999940347,107.66826925346896,13.396653697640646,105.70219762083008,80.69021836119953,114.02947639187151,86.46681715597443,12.898258799953041,-1.472956104673728,11.245216908563464,0.9172078132629394,0.84670170545578,0.9990270853042602,0.8106434106826783,0.8680337846279145,0.9828729629516602,,,,,,
31.3399999999403,107.69595295555737,13.39699317501693,105.73832694689924,80.58290787555777,114.02191962535665,86.44731671672102,12.898755502743153,1.9185481004779092,11.252397358286476,0.9114509463310242,0.851807177066803,0.9990421175956726,0.8106945097446442,0.8713107943534851,0.9867375135421753,,,,,,
31.359999999940253,107.722043427745,13.409629878789273,105.64426980275175,80.66596166958752,114.01547482501852,86.42818091922507,12.969285756919618,4.483287266080221,11.260027094048787,0.9104427456855774,0.8572359085083008,0.9990543127059937,0.8111281454563142,0.8556232213974,0.9875893115997314,,,,,,
31.379999999940207,107.74637112704436,13.423019919029356,105.5563194756131,80.72318524929494,114.01014561376346,86.40941425745575,13.046944791737799,2.708164621294266,11.268105592173722,0.9053814888000489,0.8603979229927063,0.9990524768829345,0.8113522648811341,0.8512416303157807,0.987136697769165,,,,,,
31.39999999994016,107.76892633812214,13.433477611509037,105.57099340620795,80.57333672881188,114.00593498737607,86.39102113869212,13.074394397596025,0.4229881784556857,11.276632004081002,0.9118574738502503,0.8559875130653382,0.9990537166595459,0.8107663094997406,0.8636301755905151,0.9886128425598144,,,,,,
31.419999999940114,107.79010689924145,13.441450201128134,105.60771533364024,80.43773144647467,114.00284531283503,86.3730058824881,13.085627036517153,1.1372699369898527,11.285605155896526,0.9171497344970704,0.8510506629943848,0.9990458250045776,0.8104901969432832,0.8651613831520081,0.988314437866211,,,,,,
31.439999999940067,107.81077329768387,13.448196815396493,105.58922125386101,80.47147371940315,114.00087832698263,86.35537271965804,13.123587312377644,2.419802386422726,11.295023548262293,0.9191231966018677,0.85066237449646,0.9990464210510254,0.8105164408683777,0.8610122680664063,0.9880675554275513,,,,,,
31.45999999994002,107.83217546205546,13.455564609613186,105.56245406860334,80.50464724435706,114.00003513554829,86.33812579128305,13.168457220317592,1.7974985153760796,11.304885356346816,0.9187401056289674,0.8522024273872376,0.9990455389022828,0.8106755495071412,0.8561399221420288,0.9870070934295654,,,,,,
31.479999999939974,107.85555299337452,13.469638550677761,105.57147529899086,80.36306077499502,114.00031621252711,86.32126914773862,13.195535231393926,1.2481075422308872,11.315188430056057,0.9172115683555603,0.8530570030212403,0.9990418672561645,0.8107054054737092,0.8568050920963288,0.9864469766616821,,,,,,
31.499999999939927,107.88224664097936,13.501410822310005,105.54811129436852,80.1316262635899,114.00172139991334,86.30480674774331,13.239682713958606,3.6286934280680923,11.325930294445108,0.9121576428413392,0.8563623785972596,0.9990451097488403,0.8106718838214875,0.8612789869308473,0.988430404663086,,,,,,
31.51999999993988,107.91280298063079,13.547200060200476,105.42681626497128,80.04735245480644,114.00424990778916,86.28874245742908,13.343895541379581,6.452813640150681,11.337108150330511,0.9035805940628052,0.8623636960983276,0.9990487813949585,0.8111174583435059,0.8578768610954285,0.9885179281234742,,,,,,
31.539999999939834,107.94679291278567,13.59766034415925,105.28765722266661,80.01115061842191,114.00790031476888,86.27308004943333,13.475062980842413,6.091473390303931,11.34871887510311,0.8961967766284943,0.8659699440002442,0.9990457057952881,0.8115038871765137,0.8568347692489624,0.9874983072280884,,,,,,
31.559999999939787,107.98322438822852,13.644260912365525,105.23394310170806,79.86589413448345,114.01267056879779,86.25782320201297,13.575474089679505,3.9709997676506186,11.360759023740982,0.9054690837860108,0.8625342130661011,0.9990462064743042,0.8109494328498841,0.8587741911411286,0.988744068145752,,,,,,
31.57999999993974,108.02097432943995,13.681561683444853,105.25320509286564,79.71781485222903,114.01855798830583,86.2429754981805,13.643017438563794,3.0707772574363412,11.37322483002238,0.9152823448181152,0.8561936855316162,0.9990375518798829,0.8104817986488343,0.8579138636589051,0.988690710067749,,,,,,
31.599999999939694,108.0591795010479,13.709155716068114,105.2874877349538,79.69281277132265,114.02555926371497,86.22854042486266,13.704978779152576,3.1305718356157137,11.386112207937746,0.9204075336456299,0.852404272556305,0.9990309953689576,0.8103458881378174,0.8559862613677979,0.9877379179000855,,,,,,
31.619999999939647,108.09774947440792,13.729562851656091,105.3313044498316,79.731116843234,114.03367045929964,86.21452137208145,13.764135053473494,2.654997162597456,11.3994167533006,0.9223524570465088,0.851641196012497,0.9990264177322388,0.8103949427604675,0.8521881580352784,0.9862982034683228,,,,,,
31.6399999999396,108.13768470865647,13.746969586473254,105.40155507368414,79.71759438047971,114.04288701539929,86.20092163215804,13.809501801572077,1.9881913900655726,11.413133745556276,0.92105792760849,0.8526453852653504,0.9990227699279786,0.8104931235313416,0.8513239622116089,0.9850076198577881,,,,,,
31.659999999939554,108.18044897667642,13.767763243632853,105.47210359274995,79.65174952627369,114.05320375098141,86.18774439893957,13.853031035894865,2.619144099085897,11.427258149787676,0.9166181445121765,0.8554747760295869,0.9990238785743714,0.8105351805686951,0.8545007944107056,0.9858405113220214,,,,,,
31.679999999939508,108.2262085847257,13.792194652309615,105.50210400218523,79.64761465122658,114.06461486655415,86.17499276704909,13.91881497022852,3.8919882732506106,11.441784618917197,0.9117006778717042,0.8595093369483948,0.9990292549133301,0.8106625974178314,0.855982506275177,0.9868007659912109,,,,,,
31.69999999993946,108.2738127208607,13.818830740173423,105.50865777727003,79.66853341113824,114.07711394742644,86.1626697311588,14.001161645679865,4.115515064253659,11.45670749610365,0.9092445850372315,0.8621180772781373,0.9990330219268799,0.810726547241211,0.8560134470462799,0.9875429987907409,,,,,,
31.719999999939414,108.32162478095839,13.843773744632193,105.53348079976939,79.65581798196418,114.09069396731392,86.15077818528677,14.077036864269452,3.399174372663506,11.472020817332925,0.9088236689567566,0.8626244425773621,0.999031937122345,0.8106951594352723,0.85648672580719,0.9877685070037842,,,,,,
31.739999999939368,108.3680245022356,13.861380819626767,105.58810147303146,79.65355225706068,114.10534729228878,86.13932092211726,14.136585068798242,2.5655057827426577,11.487718314201196,0.9107552289962769,0.8607505202293396,0.9990278482437134,0.8105849742889405,0.8573731541633607,0.9875304698944092,,,,,,
31.75999999993932,108.41185666948569,13.869524657599191,105.6660179106224,79.6878897613826,114.1210656850711,86.1283006323449,14.179762888621525,1.7588014331315993,11.50379341688916,0.9141560554504394,0.8577985763549805,0.9990232944488525,0.8104445576667786,0.8575886607170106,0.9871740579605103,,,,,,
31.779999999939275,108.45272921233764,13.870468063452249,105.75912463868184,79.73092960139189,114.1378403096594,86.11771990404281,14.208145226840584,1.1353922499031541,11.52023925732573,0.9167705655097962,0.8557123959064484,0.9990188360214234,0.8103768408298493,0.856536328792572,0.98645521402359,,,,,,
31.799999999939228,108.49097429353992,13.866826056375103,105.85301681710901,79.77892187034999,114.15566173629772,86.10758122205472,14.227885324425655,0.9029310373348558,11.537048672539704,0.9166161060333252,0.8558575868606568,0.9990168571472168,0.8104274213314057,0.8556855916976929,0.9856607437133789,,,,,,
31.81999999993918,108.52744074585277,13.86097705314883,105.93446447589142,79.83330549353285,114.17451994677656,86.0978869674115,14.246014480128276,0.9299234856419308,11.55421420819738,0.9140416622161865,0.8578256487846375,0.9990184545516968,0.8105123221874238,0.8564610719680786,0.9857074022293091,,,,,,
31.839999999939135,108.56296439721984,13.858345183457292,105.99838124510048,79.8366824675142,114.19440434006447,86.08863941677195,14.266024268001752,1.1704385955301146,11.571728122324455,0.9113573789596557,0.8598828315734863,0.9990211963653565,0.8105815529823304,0.8577727556228638,0.9861107349395752,,,,,,
31.859999999939088,108.59808254297727,13.868522505303082,106.02398875094774,79.74871809540771,114.21530373826747,86.07984074188813,14.30118334753512,2.564293243632063,11.589582389210229,0.9070438981056214,0.8634276509284974,0.9990260124206543,0.8106206953525543,0.8598302960395814,0.9876784801483154,,,,,,
31.87999999993904,108.6330248852667,13.88699579005705,105.98684210273117,79.73081399345335,114.23720639291251,86.07149300909532,14.370280646232532,4.145674733924022,11.60776870349179,0.9014847993850709,0.8690823614597321,0.9990332841873169,0.810816639661789,0.859244966506958,0.9885993242263794,,,,,,
31.899999999938995,108.66766196802246,13.904541340980918,105.93428690803519,79.76871798002767,114.26009999155193,86.06359817882681,14.452171166163204,3.6325096665312775,11.626278484416254,0.9007203817367554,0.8706707179546357,0.999036180973053,0.8108318865299226,0.8587764084339142,0.9891515612602234,,,,,,
31.91999999993895,108.70172871599846,13.916405959132772,105.93635589110488,79.7262373225872,114.28397166468469,86.05615810515341,14.505679891761977,1.7169777502894725,11.645102880278657,0.9049133181571961,0.8669033885002136,0.999030351638794,0.8106265783309937,0.8594409227371216,0.9889750242233276,,,,,,
31.9399999999389,108.73502923919426,13.923502431034791,105.98430046743304,79.62771544329931,114.30880799299104,86.0491745353481,14.529481201336823,0.9856895446029542,11.664232773033078,0.911434543132782,0.8608835935592651,0.999021029472351,0.8103868246078492,0.8594636142253876,0.9880355596542358,,,,,,
31.959999999938855,108.76786222403626,13.92731421717872,106.01984677470774,79.61198989415838,114.33459501487599,86.04264910947566,14.554585442945227,1.594831759717711,11.68365878307442,0.9135194540023804,0.8595288276672364,0.9990185737609864,0.8103764295578003,0.8576824426651002,0.9873207211494446,,,,,,
31.97999999993881,108.80109428196127,13.929301719490914,106.0328063871922,79.66306270841012,114.36131823431778,86.03658336000751,14.589604837467444,1.727107064524201,11.703371274188441,0.9123127341270447,0.8614128947257996,0.9990198016166687,0.8105178475379944,0.855068588256836,0.9866916298866272,,,,,,
31.999999999938762,108.83603882700613,13.930905642942212,106.05430232753577,79.66910609092771,114.38896262901676,86.03097871146183,14.618323683475037,1.1193242416243347,11.72336035866714,0.9106030821800232,0.8629922986030579,0.9990196228027344,0.8105977654457093,0.8549233317375183,0.9863200664520264,,,,,,
32.01999999993942,108.87372344520418,13.936171896998953,106.08603318255392,79.58788314886266,114.41751265884004,86.02583648006897,14.638580237971249,1.145286028893623,11.743615902586754,0.9093182802200318,0.8635424137115479,0.9990194320678711,0.8105921447277069,0.8571665525436402,0.9864200353622437,,,,,,
32.039999999940086,108.91434052760026,13.951639055427561,106.08503434421341,79.48141315053698,114.44695227455729,86.02115787346241,14.675664611216543,2.756289500233907,11.764127531245514,0.9061038136482239,0.8661750793457031,0.999023699760437,0.8105980575084687,0.8595131874084473,0.9878082036972046,,,,,,
32.05999999994075,108.95723071172719,13.971275672486824,106.03211487131962,79.49597709530579,114.47726492686279,86.0169439903951,14.746188783719631,3.970787408020403,11.784884634758093,0.9028355956077576,0.8702216148376465,0.999029564857483,0.8107773184776307,0.857546204328537,0.9881425261497497,,,,,,
32.079999999941414,109.00134406167662,13.987649478857586,105.99108357480918,79.53168198869432,114.50843357567838,86.01319582048143,14.817764643634632,2.8360677438726163,11.805876373803656,0.9028451204299927,0.8710479736328125,0.9990303754806519,0.8107952296733857,0.8566451907157898,0.988184905052185,,,,,,
32.09999999994208,109.0457483180452,13.997982874920302,106.01663261069996,79.4708444259291,114.54044069973263,86.00991424396483,14.85504047570256,1.0297196395262507,11.827091685524461,0.9073785305023193,0.8664939165115357,0.9990230560302734,0.8105614066123963,0.8582759618759156,0.9878206968307495,,,,,,
32.11999999994274,109.08967771911864,14.00325923749911,106.07709484498817,79.3997607973364,114.57326830641013,86.00710003151106,14.870044624744741,0.7662833403832279,11.848519289571495,0.9122700929641724,0.8617076873779297,0.9990160346031189,0.8103718459606171,0.859039568901062,0.9870513319969177,,,,,,
32.139999999943406,109.13281323244387,14.005858222979564,106.11966750533034,79.42061964937214,114.60689794186607,86.00475384402718,14.892372239717952,1.464469107893105,11.870147694294086,0.913205099105835,0.8613534450531006,0.9990157365798951,0.8103941857814789,0.8575034260749818,0.9866415500640869,,,,,,
32.15999999994407,109.17539868296815,14.007111188351487,106.14624242800002,79.48501478109745,114.64131070139989,86.00287623250641,14.92356938636798,1.4843273290776806,11.891965203069766,0.9112136363983154,0.8638030230998993,0.999017596244812,0.8105488061904907,0.8553453326225281,0.9861498236656189,,,,,,
32.179999999944734,109.218038104161,14.007976883065398,106.18509464397935,79.49739404001541,114.67648724008245,86.00146763789866,14.947748615548436,0.9439288756472803,11.91395992077106,0.9089549899101258,0.8656152129173279,0.9990180611610413,0.8106138825416566,0.8562400579452515,0.9860913276672363,,,,,,
32.1999999999454,109.26114045787001,14.01061716576839,106.23201669540268,79.4554327693038,114.71240778363071,86.000528391007,14.965662812833202,1.027190938053314,11.936119760365504,0.9073996305465698,0.866321349143982,0.9990188360214234,0.8105888783931733,0.8590944468975068,0.986604380607605,,,,,,
32.21999999994606,109.30448590062056,14.018106167823575,106.25563672728372,79.42127342798385,114.7490521395237,86.00005871241,14.995718800751238,2.0574101336724646,11.958432449645208,0.9060571908950806,0.8672917425632477,0.9990221381187439,0.8105460762977601,0.8607365369796753,0.9875869274139404,,,,,,
32.239999999946725,109.34726973342532,14.026811841682054,106.2500269216881,79.46046666217762,114.78639970835358,86.0000587124099,15.044550006442739,2.601866928805373,11.980885538082159,0.9054414153099061,0.8685957312583924,0.9990250468254089,0.8106098413467407,0.8592014729976655,0.9876911163330078,,,,,,
32.25999999994739,109.38869797903544,14.033102309185507,106.2558382771254,79.4926476259788,114.82442949540557,86.00052839100667,15.090128744973036,1.7869596681541613,12.003466403805586,0.9054814457893372,0.8685296058654786,0.9990266799926758,0.8105319082736969,0.8590401768684388,0.9878649353981018,,,,,,
32.27999999994805,109.42826645047057,14.035885329177667,106.29773697288779,79.46471207681871,114.86312012245992,86.00146763789809,15.115125685883712,0.8304078321191882,12.026162260697205,0.9062178492546081,0.8669195592403413,0.9990259170532226,0.8103493988513947,0.8607416450977325,0.9880453228950501,,,,,,
32.29999999994872,109.46589712712886,14.036191327896992,106.35119263556415,79.4392601393828,114.90244983980959,86.00287623250563,15.130405392774819,0.8571315933672929,12.048960165600562,0.908349072933197,0.8659957051277161,0.9990188956260682,0.8104633569717408,0.8608783245086671,0.9874300122261047,,,,,,
32.31999999994938,109.50189901020873,14.03497896192815,106.38880428777311,79.47150115271705,114.94239653848673,86.00475384402617,15.151926923881634,1.2539243387684518,12.071847025640427,0.9084732294082641,0.866309642791748,0.9990195035934448,0.8105004489421845,0.8597144961357117,0.9872312307357788,,,,,,
32.339999999950045,109.53673682545612,14.033141524146826,106.41798514705295,79.51339769994559,114.98293776269253,86.0071000315099,15.176825096060467,1.1437009460580645,12.094809605648699,0.907261621952057,0.8678595542907716,0.9990206718444824,0.8105916380882263,0.8585533857345582,0.9869545221328735,,,,,,
32.35999999995071,109.57089312860886,14.031459225105353,106.45339301677983,79.51512564333501,115.02405072241629,86.00991424396359,15.196400148042022,0.8517188534869149,12.117834535688832,0.907261335849762,0.8668889462947846,0.9990227818489075,0.8104298472404481,0.859690284729004,0.9871978282928466,,,,,,
32.37999999995137,109.60475644231431,14.030554349433512,106.48783629832168,79.50042551531314,115.06571230625102,86.01319582048012,15.213990792105333,0.9881204869567103,12.140908318682559,0.907709538936615,0.8658697664737702,0.999023723602295,0.8103167116641998,0.8613811731338501,0.9875276327133179,,,,,,
32.39999999995204,109.63850427166327,14.031911887268834,106.50816864130134,79.48919022685645,115.10789909438388,86.01694399039377,15.237785437213331,1.4125288303455026,12.164017338126346,0.9076403498649598,0.865809828042984,0.999026072025299,0.8102660119533539,0.8618943929672241,0.9878671407699585,,,,,,
32.4199999999527,109.67206593699375,14.03787830084317,106.51138425871808,79.46285493215997,115.1505873717616,86.02115787346108,15.27113026146875,1.92206512527224,12.187147865897572,0.9071026802062988,0.8660809099674225,0.9990297436714173,0.8101749241352082,0.8617945671081544,0.9883973360061645,,,,,,
32.439999999953365,109.70538809735308,14.046202080035847,106.50205331747165,79.44957861332227,115.19375314142167,86.02583648006767,15.31309271342687,2.190907366237332,12.21028607014484,0.9068925380706787,0.8663773238658905,0.9990315675735474,0.8101364493370057,0.8612776696681976,0.9885609149932861,,,,,,
32.45999999995403,109.73849626930715,14.054088185906492,106.49673896925286,79.43854210274705,115.23737213798209,86.03097871146059,15.354749012018758,1.8948503059424011,12.233418023258213,0.9069638729095459,0.8659611642360687,0.9990336537361145,0.8100182116031647,0.8617909908294679,0.9888903975486756,,,,,,
32.47999999995469,109.77134106362573,14.061219278262099,106.50710613546569,79.40021103959346,115.28141984128212,86.03658336000639,15.388200023307627,1.4962148278809977,12.25652970991478,0.9071934342384339,0.8652772605419159,0.9990345239639282,0.8098949134349823,0.8624601483345032,0.9891120433807373,,,,,,
32.49999999995536,109.80379484870137,14.06779631576108,106.52392570163735,79.36265122088543,115.32587149016597,86.04264910947467,15.417539986636728,1.5055215071061747,12.27960703519486,0.9076022386550904,0.8653409957885743,0.9990326642990113,0.8099375784397126,0.861714118719101,0.9887078881263733,,,,,,
32.51999999995602,109.83575730949998,14.074069209125618,106.53587150521152,79.35106348812363,115.37070209640228,86.04917453534728,15.449522912230226,1.6766265899215582,12.302635832764388,0.9078513145446777,0.8657368183135987,0.999031662940979,0.8099985361099243,0.8606504142284394,0.9883328676223755,,,,,,
32.539999999956684,109.86721211093456,14.080335960012127,106.54598212470798,79.3455912323197,115.41588645873108,86.05615810515278,15.483056977368761,1.6378463492316013,12.32560187311876,0.9081415176391602,0.8658584237098694,0.9990309834480285,0.8100191831588746,0.8600159406661988,0.9880706310272217,,,,,,
32.55999999995735,109.89817847985603,14.086867792565943,106.56047901919725,79.32481304210302,115.46139917703046,86.06359817882641,15.51447160187577,1.518792843650154,12.348490871883364,0.9086198329925538,0.865463125705719,0.9990301728248596,0.8099948048591614,0.8601824939250946,0.9879103899002075,,,,,,
32.57999999995801,109.92866467032647,14.093908503957577,106.57651719914458,79.2980345208699,115.50721466659515,86.07149300909519,15.545113746994181,1.5805811848141353,12.371288498166198,0.9090627551078797,0.8649702191352845,0.9990300893783569,0.8099507987499237,0.8607116222381592,0.9878939867019654,,,,,,
32.599999999958676,109.95864743953366,14.102194798452667,106.58835578534023,79.27217331971508,115.55330717251883,86.07984074188829,15.578589574735222,1.781975206855842,12.393980382957725,0.9093082189559937,0.8648536682128907,0.9990305662155151,0.8099309802055359,0.8607781529426575,0.9878834128379822,,,,,,
32.61999999995934,109.9881216583758,14.112589720625234,106.59375314963553,79.24406883068357,115.59965078417204,86.08863941677245,15.616907131930699,2.0461728383819153,12.416552127573091,0.909261155128479,0.8648381531238556,0.9990320920944213,0.8098733305931092,0.8607062458992005,0.9880706548690796,,,,,,
32.639999999960004,110.01697684278486,14.122954150204151,106.59594081513342,79.23610545261681,115.64621944976778,86.09788696741236,15.65888646867668,2.080804743795322,12.438989312132108,0.9094410300254822,0.8649571478366852,0.9990322113037109,0.8098733842372895,0.8602114915847778,0.9879439473152161,,,,,,
32.65999999996067,110.04507680668584,14.131381039967188,106.6071068747225,79.23259224389061,115.69298699100624,86.10758122205597,15.697155611833706,1.693628742113996,12.46127750407177,0.9098155856132507,0.8645828902721405,0.9990323424339295,0.80982164144516,0.8604142904281616,0.9879260301589966,,,,,,
32.67999999996133,110.07221525700596,14.137608075546307,106.63370277645326,79.21440582324543,115.73992711779087,86.11771990404448,15.726398532544701,1.2719413607115946,12.483402266686884,0.9103886723518372,0.8640550017356873,0.9990311384201049,0.8097902953624726,0.8606719970703125,0.987725305557251,,,,,,
32.699999999961996,110.09817569948315,14.142398130446331,106.66651770097464,79.19750126247526,115.78701344300718,86.12830063234703,15.750621532411483,1.2141328059838858,12.505349167693467,0.9109429836273194,0.8639292418956757,0.9990290641784668,0.8098324954509736,0.8603198170661926,0.9872690439224243,,,,,,
32.71999999996266,110.12280451750354,14.14643485016132,106.69431689195508,79.20112634981146,115.8342194973561,86.13932092211988,15.776321485606305,1.3529180698710115,12.527103787810347,0.911261260509491,0.8641137242317201,0.9990280628204345,0.8098829090595245,0.8597212433815002,0.9869135737419128,,,,,,
32.739999999963324,110.14603763228209,14.149986886820338,106.717760258891,79.21329654260651,115.88151874423353,86.1507781852899,15.80358143779068,1.3352901122746437,12.54865172935379,0.9115540623664856,0.8641767859458924,0.9990275502204895,0.8099067866802216,0.859373676776886,0.9866775631904602,,,,,,
32.75999999996399,110.16785399740469,14.153195369446447,106.7427674974084,79.21361554628643,115.92888459464776,86.16266973116248,15.828826252278764,1.1895993711321666,12.56997862484031,0.9119617223739624,0.8637954831123352,0.9990272998809815,0.8098796784877778,0.8597470700740815,0.9866100311279297,,,,,,
32.77999999996465,110.18823378192101,14.156148508077523,106.76875270440385,79.20616185727523,115.97629042216626,86.17499276705334,15.851929161240063,1.1474030749616562,12.591070145592745,0.9123676061630249,0.8633373737335206,0.9990273594856263,0.8098423480987549,0.860352098941803,0.9866209506988526,,,,,,
32.799999999965316,110.20713553072792,14.158468492334105,106.79141926854783,79.21035125881188,116.02370957788362,86.18774439894443,15.875317665519292,1.1810152580780082,12.6119120103445,0.9126250267028809,0.8632276237010956,0.999027681350708,0.8098352193832398,0.8604892253875733,0.9865859746932983,,,,,,
32.81999999996598,110.22449329005758,14.15892366899862,106.81317394712093,79.23176952769938,116.07111540540208,86.20092163216353,15.897643765805165,0.9982931937757942,12.632489993837208,0.9129549384117127,0.8633908629417419,0.9990270614624024,0.8098827123641968,0.8600549697875977,0.9862743616104126,,,,,,
32.83999999996664,110.24023167262088,14.157003581794765,106.8418513506909,79.24838032811843,116.11848125581625,86.2145213720876,15.913653705428477,0.5923538392853993,12.652789935406556,0.9134542226791382,0.8632372498512269,0.9990259170532226,0.8099092781543732,0.8599858105182648,0.9859401702880859,,,,,,
32.85999999996731,110.25428668511826,14.15325138614098,106.8771929993398,79.25300655277466,116.16578050269361,86.22854042486951,15.922335411136329,0.32755603082553414,12.672797747551591,0.9140169382095337,0.862886369228363,0.9990245580673218,0.8099245727062225,0.8602554023265839,0.9856332063674926,,,,,,
32.87999999996797,110.26662302453474,14.148737779678731,106.90946090885927,79.26071546619124,116.21298655704241,86.24297549818807,15.928934761126772,0.3736337150239761,12.69249942448235,0.9143918037414551,0.8628119707107544,0.9990237832069397,0.8099597334861756,0.8603073000907898,0.985377848148346,,,,,,
32.899999999968635,110.2772504561853,14.144328380429762,106.93205187578964,79.27787195078534,116.26007288225858,86.25782320202129,15.937888438690887,0.511488725531636,12.71188105064099,0.914555299282074,0.8630083322525025,0.9990239143371582,0.8100002348423004,0.8600991129875184,0.9852254033088684,,,,,,
32.9199999999693,110.28622449070672,14.140084807287822,106.94757840422439,79.29601201812781,116.30701300904305,86.27308004944243,15.948406431902564,0.5082411267550473,12.730928809191372,0.9147416114807129,0.8630882024765015,0.9990242481231689,0.8100208401679994,0.8600676178932191,0.9851449370384217,,,,,,
32.93999999996996,110.29360263632644,14.135112625963488,106.96227214768153,79.31170524895083,116.35378055028131,86.28874245743897,15.95702058491618,0.3296549606664596,12.749628990472218,0.9150961518287659,0.8629022002220155,0.9990243315696716,0.8100252985954285,0.8604142606258393,0.985067343711853,,,,,,
32.95999999997063,110.29938569051829,14.128587116183379,106.98005637531121,79.32615189652174,116.40034921587682,86.30480674775403,15.961061521510993,0.07158792895179819,12.767968000408946,0.9155300736427308,0.8626619219779968,0.9990241169929505,0.8100365459918977,0.8608376622200012,0.9849347114562989,,,,,,
32.97999999997129,110.30359836279244,14.12028642039447,107.00077841365734,79.34228487062309,116.44669282752979,86.3212691477502,15.960102853848065,-0.15626427838970341,12.78593236887929,0.915963864326477,0.862647557258606,0.9990232825279236,0.8100904047489167,0.8608487010002137,0.9846005201339721,,,,,,
32.999999999971955,110.30621236910109,14.110558596984255,107.02188648254052,79.36113047326035,116.4927853334532,86.3381257912955,15.955340526049515,-0.30597042443182315,12.803508758027792,0.9163744568824769,0.8628171801567078,0.9990220546722413,0.8101757943630219,0.8605431079864503,0.9841220736503601,,,,,,
33.01999999997262,110.30723586188165,14.100120965019022,107.04062345652021,79.37999486980604,116.53860082301757,86.35537271967138,15.94841626321561,-0.3730401745231602,12.820683970524268,0.9167194128036499,0.8629336476325989,0.9990212678909302,0.8102436363697052,0.860409837961197,0.983765697479248,,,,,,
33.03999999997328,110.30672528584608,14.0896605009513,107.0548475861663,79.3970006261855,116.58411354131663,86.37300588250238,15.940896137108748,-0.3700276368710077,12.837444957761658,0.9169918775558472,0.8629552066326142,0.9990211486816406,0.8102850198745728,0.860559344291687,0.9835993647575378,,,,,,
33.05999999997395,110.30473732306794,14.079469282391747,107.06372688172385,79.41337232084676,116.62929790364505,86.39102113870734,15.933765089210642,-0.3458848233829035,12.853778827988126,0.9172142267227174,0.8629650294780732,0.9990215063095093,0.8103154063224793,0.8608320951461792,0.9835425734519958,,,,,,
33.07999999997461,110.30141148301384,14.06924852962412,107.0686797147339,79.43193791711134,116.67412850988099,86.40941425747195,15.926677726493661,-0.3801103744668206,12.869672854368979,0.9174424529075623,0.863007652759552,0.9990219116210938,0.810350239276886,0.8610683917999268,0.9834731936454773,,,,,,
33.099999999975275,110.29676573327504,14.058062089078966,107.07346778109974,79.45608906291177,116.71858015876442,86.42818091924227,15.917640112896699,-0.5505231165344356,12.88511448297346,0.917764973640442,0.8630782186985017,0.9990217685699463,0.8104060351848603,0.8611805737018585,0.9832489013671875,,,,,,
33.11999999997594,110.29079075590423,14.044917958359362,107.08266351245484,79.4835727553866,116.76262786206401,86.44731671673924,15.903710638606274,-0.8562359799615498,12.900091340681797,0.9182110905647278,0.8631200432777405,0.9990208864212036,0.810482406616211,0.8612413287162781,0.9828478574752808,,,,,,
33.1399999999766,110.28348314648237,14.02989378646121,107.09754183942924,79.50744032857733,116.80624685862398,86.46681715599368,15.883532246194196,-1.1389509170817171,12.914591243007912,0.9186912417411804,0.8626824021339417,0.9990212202072144,0.810487174987793,0.8615171194076539,0.9825934410095215,,,,,,
33.159999999977266,110.27484439457314,14.013987569932425,107.11320784891424,79.52819471449179,116.84941262828355,86.48667765740169,15.859582841998913,-1.2152077894640925,12.92860220183314,0.9190754294395447,0.8623115658760071,0.9990218281745911,0.8104932725429536,0.861743438243866,0.982390308380127,,,,,,
33.17999999997793,110.26491513802526,13.998272157949607,107.12277259869944,79.55231474684783,116.89210090566075,86.5068935568001,15.836214015266643,-1.104952040577889,12.942112433046407,0.9192873954772949,0.8621424853801728,0.9990229845046997,0.8105052292346955,0.8618992805480957,0.9823180437088013,,,,,,
33.199999999978594,110.2537729839103,13.983136251791944,107.1244055264142,79.58104876048046,116.93428769379308,86.52746010656192,15.815311696535723,-1.0040818818711725,12.95511036408633,0.9194013357162476,0.8620810151100159,0.999024510383606,0.8105153024196625,0.8621449232101441,0.9823831439018249,,,,,,
33.21999999997926,110.24149714655712,13.96801290054292,107.1224993760165,79.61119180217025,116.97594927762724,86.54837247671125,15.794940050785526,-1.0646423845223678,12.967584641380878,0.9195804476737977,0.8619210243225098,0.9990259170532226,0.8105173707008362,0.862594485282898,0.9824739933013916,,,,,,
33.23999999997992,110.22812844355447,13.951994820304686,107.12295701360394,79.63924440416257,117.01706223735042,86.56962575605756,15.771671843069955,-1.276740273019656,12.979524137680123,0.919899046421051,0.8615882575511933,0.9990270256996154,0.8105147540569306,0.8631575167179109,0.9824789643287659,,,,,,
33.259999999980586,110.2136630075489,13.93492687068168,107.12767781306378,79.66226575525181,117.05760346155559,86.59121495334914,15.74397137252644,-1.4753007385217998,12.990917959277656,0.9202369451522827,0.8612299799919129,0.9990279912948609,0.810514360666275,0.8636453449726105,0.9824235916137696,,,,,,
33.27999999998125,110.19808689566099,13.91727568809083,107.13302988806507,79.6849171281891,117.09755016023351,86.61313499844519,15.71366359362432,-1.5294956951536052,13.00175545311664,0.9205036163330078,0.8609913349151612,0.999029016494751,0.8105265676975251,0.8638037323951722,0.9822931408882141,,,,,,
33.299999999981914,110.18141678767222,13.899913246136787,107.13445981503443,79.70828058793262,117.1368798775839,86.63538074350659,15.683602027991826,-1.4626021878003004,13.012026213775929,0.9206431388854981,0.8609072148799897,0.9990303039550781,0.8105440557003022,0.8638358235359193,0.9822274327278138,,,,,,
33.31999999998258,110.16371701406378,13.883773555529311,107.12989677435836,79.72694278774773,117.17557050463887,86.65794696420478,15.655549576005393,-1.335565442336418,13.021720090332398,0.9206773042678833,0.8608992815017701,0.9990317702293396,0.8105551719665528,0.8640329718589783,0.982320237159729,,,,,,
33.33999999998324,110.14508387331308,13.869300348263689,107.11904308248751,79.73992364379491,117.21360029169142,86.68082836094877,15.630360517164453,-1.1834027874765818,13.030827193095206,0.9206743240356445,0.8609064579010011,0.9990333080291748,0.8105607092380525,0.8643811583518982,0.9825068235397338,,,,,,
33.359999999983906,110.12561230216973,13.85622148870261,107.10322335354894,79.75147023550662,117.25094786052179,86.70401956012965,15.607924343013897,-1.074911344114275,13.039337900207975,0.9206778287887574,0.8609350204467774,0.9990349054336548,0.8105670154094696,0.8647069275379181,0.9826908588409424,,,,,,
33.37999999998457,110.10537366680062,13.843889096014733,107.08596816382023,79.76255951416141,117.28759221641518,86.72751511538259,15.586612957679213,-1.07584425128192,13.047242864115102,0.920736300945282,0.8609510242938996,0.9990363001823426,0.8105771601200105,0.8648761034011841,0.9827735424041748,,,,,,
33.39999999998523,110.08441472306434,13.83171294559293,107.07098962820739,79.77134665823922,117.32351275996379,86.75130950886587,15.564298378194053,-1.1620432479386396,13.054533017888055,0.920889961719513,0.8608878254890442,0.9990372896194458,0.8105903744697571,0.8648868083953858,0.9827049493789672,,,,,,
33.4199999999859,110.06277560334473,13.819697557113027,107.05906466837062,79.77567759704323,117.35868929864661,86.77539715255682,15.54030591343495,-1.2217486911784632,13.061199581407998,0.9210784792900085,0.860777235031128,0.9990380048751831,0.8106041133403779,0.8648363709449769,0.9825675368309021,,,,,,
33.43999999998656,110.04051568569415,13.808299042629207,107.04720556198461,79.77869936831438,117.3931020581806,86.79977238956398,15.516278665675415,-1.161851860163826,13.067234067401149,0.9212000370025635,0.8607299089431764,0.9990387916564941,0.8106196105480195,0.8647313714027405,0.9824585795402527,,,,,,
33.459999999987225,110.01772397159034,13.797632363333243,107.03259515323448,79.78709804423609,117.42673169363663,86.82442949545579,15.49412342441334,-1.059189710652857,13.072628287322818,0.9213024973869324,0.8607341766357423,0.9990396857261657,0.8106410145759583,0.8644989252090455,0.9823222875595092,,,,,,
33.47999999998789,109.99450657777334,13.787756412168546,107.01653758274891,79.7953023716995,117.45955930031414,86.84936267960477,15.473432527326931,-1.0216687001344906,13.07737435708706,0.9214183807373046,0.8607037544250489,0.9990405797958374,0.8106564283370972,0.8644201755523682,0.9822370648384094,,,,,,
33.49999999998855,109.97096946433476,13.778721198003106,107.00113902605526,79.79746982664115,117.4915664243683,86.87456608654757,15.453085842127443,-1.0087350911967568,13.081464702637973,0.921586275100708,0.8605788111686707,0.9990412831306458,0.8106649816036224,0.8645015299320221,0.9821594953536987,,,,,,
33.51999999998922,109.94720451630307,13.770525571873986,106.98579123156951,79.79723054027711,117.52273507318375,86.90003379736004,15.433435100906857,-0.9476360495822417,13.08489206535969,0.9217493057250976,0.8604634761810304,0.999042022228241,0.8106749176979066,0.8645538330078125,0.9820741653442383,,,,,,
33.53999999998988,109.9232854843357,13.763111235218359,106.9692806611789,79.79928380044419,117.553047725489,86.92575983104723,15.41530669029461,-0.8686795172677394,13.087649507321345,0.9218500137329102,0.8604532957077027,0.9990428686141968,0.8106906414031982,0.864444649219513,0.9819887638092041,,,,,,
33.559999999990545,109.89927237399239,13.756381546593335,106.95241209022485,79.80198587794209,117.58248734120592,86.9517381459481,15.398381042896297,-0.8325716740435818,13.0897304163541,0.92193763256073,0.8604746222496034,0.9990435838699341,0.8107087552547455,0.8642214059829713,0.9818669557571411,,,,,,
33.57999999999121,109.87523101615176,13.750169059297871,106.93668141527729,79.802580668131,117.61103737102877,86.9779626411543,15.381779691934623,-0.8289215223622834,13.091128510956949,0.9220526456832886,0.8604416966438294,0.9990440845489502,0.8107228815555573,0.8640577256679536,0.9817324876785278,,,,,,
33.59999999999187,109.85120821397902,13.744338613300567,106.92223250223768,79.80256178703279,117.63868176572724,87.00442715794297,15.365295518636465,-0.8165733252293301,13.091837845028312,0.9221802234649659,0.8603766560554504,0.9990445137023926,0.8107348740100861,0.8639405310153961,0.9815971612930298,,,,,,
33.61999999999254,109.82723265480512,13.73876014358052,106.90848781172004,79.80462676166309,117.66540498516842,87.03112548122311,15.349164088935181,-0.7981048463045275,13.091852812420381,0.9223033428192139,0.8603293657302857,0.9990449547767639,0.8107498109340668,0.8637478172779084,0.9814337968826294,,,,,,
33.6399999999932,109.80332127706276,13.733312905423645,106.89559249632296,79.80856466026407,117.69119200705268,87.05805134099514,15.333221328217787,-0.800834432193373,13.091168151313639,0.9224426746368408,0.8602782845497132,0.9990453243255615,0.8107673108577729,0.8634777665138245,0.9812204718589783,,,,,,
33.659999999993865,109.77948792371102,13.727887622167895,106.88412399448765,79.81292099004598,117.71602833535825,87.0851984138234,15.316989672351143,-0.8239477381659556,13.089778948408366,0.9226119875907898,0.8601833403110505,0.9990455865859985,0.8107832252979279,0.8632366418838502,0.9809824705123902,,,,,,
33.67999999999453,109.75574608593132,13.722381592878715,106.87408892976269,79.81806095469334,117.73990000849012,87.11256032432122,15.300266876272465,-0.8473978396777289,13.08768064293097,0.9227927565574646,0.860057020187378,0.9990458011627197,0.8107971727848053,0.8630501508712769,0.9807472348213195,,,,,,
33.69999999999519,109.73210701699121,13.71669848312661,106.8650707442775,79.82524377254488,117.76279360712856,87.14013064664809,15.283107627402318,-0.8693734992718359,13.084869030452268,0.92296462059021,0.859935474395752,0.9990460395812988,0.8108118236064912,0.8628562688827515,0.9805111408233642,,,,,,
33.719999999995856,109.70857888418175,13.710750436746578,106.85695573432237,79.83447108072053,117.78469626177254,87.16790290601877,15.265411630652071,-0.9028718021110105,13.081340266515358,0.9231329917907715,0.8598177909851075,0.9990462779998779,0.8108277797698975,0.8626324534416199,0.9802591562271118,,,,,,
33.73999999999652,109.68516598496666,13.703799526479598,106.85016866467538,79.85363612016971,117.80559565997437,87.19587058022387,15.246745281274798,-0.9850793225999622,13.077090870070826,0.9233084559440613,0.8596828699111939,0.9990464925765992,0.810843288898468,0.8624209880828858,0.979996919631958,,,,,,
33.759999999997184,109.66184941596,13.694105354700879,106.8487525498033,79.88942203239854,117.82548005326103,87.22402710116162,15.22439038524382,-1.294115883441147,13.072117726716908,0.9237232685089112,0.8593286395072938,0.9990464210510254,0.8108660936355592,0.8620798110961915,0.9794273853302002,,,,,,
33.77999999999785,109.63857411112366,13.681906221140189,106.85791661109016,79.91645890346913,117.84433826373852,87.25236585638025,15.194326071958075,-1.6905155303342074,13.066418091742747,0.9241642236709595,0.8588126420974732,0.9990461111068726,0.8108695924282074,0.8622051239013673,0.9789948701858521,,,,,,
33.79999999999851,109.6152866110925,13.668223081884122,106.87178648943507,79.93761924769198,117.86215969037539,87.28088019063102,15.158807496963945,-1.8009437485520634,13.059989592972293,0.9245615839958191,0.8583031296730042,0.9990458726882935,0.8108793556690217,0.8622316956520081,0.9785133123397827,,,,,,
33.819999999999176,109.59196489202128,13.653724448914131,106.8796279201783,79.97362105991445,117.87893431496215,87.30956340743109,15.123863926752579,-1.6870357354961256,13.052830233407494,0.9247612118721008,0.8580726981163025,0.9990464925765992,0.8109049141407013,0.8620214819908143,0.9781550288200378,,,,,,
33.83999999999984,109.56861310241737,13.638624683505533,106.88082291780675,80.01945875473214,117.89465270774284,87.33840877063616,15.090415435105475,-1.695887080835716,13.044938393668478,0.9248241305351257,0.857994282245636,0.9990475416183472,0.8109274566173554,0.8619217395782471,0.9780226230621338,,,,,,
33.860000000000504,109.54523603847497,13.622664462970233,106.88204631083278,80.05959563758233,117.90930603271597,87.36740950602257,15.05480365234996,-1.8831101308444569,13.036312834229342,0.924984359741211,0.8577245056629181,0.9990481853485107,0.8109355807304383,0.8621297717094422,0.9779010772705078,,,,,,
33.88000000000117,109.52179986406642,13.604927027409927,106.8864765612208,80.09952843483234,117.92288605260164,87.39655880287799,15.014801711861244,-2.1174972465921056,13.026952697447943,0.9252721905708313,0.8572779297828674,0.9990486621856689,0.8109392046928406,0.8625001549720764,0.977700138092041,,,,,,
33.90000000000183,109.49823029782492,13.584988276164395,106.89359776596217,80.14486733521824,117.93538513347201,87.42584981560104,14.97019408124758,-2.3410316428877525,13.016857509388132,0.9284716963768005,0.8545701622962952,0.9990532517433166,0.81092848777771,0.8654275834560394,0.976270341873169,,,,,,
33.920000000002496,109.4744367813566,13.562909592555032,106.90228640899394,80.19471738745554,117.94679624904276,87.4552756653089,14.921233442206299,-2.5513106736423805,13.006027181433183,0.9277459383010864,0.8550600171089173,0.9990564823150635,0.8108927369117738,0.8670548558235169,0.97795250415802,,,,,,
33.94000000000316,109.45035048087617,13.539472373939605,106.9109853377138,80.24121498461727,117.9571129846228,87.48482944145282,14.868552818656664,-2.696630028453732,12.994462011689144,0.9275172710418701,0.8550675392150879,0.9990591168403625,0.8108857393264771,0.8681499421596528,0.9786958456039428,,,,,,
33.960000000003824,109.42594313450769,13.515946856017731,106.91559348053563,80.28081173289776,117.96632954072024,87.51450420344098,14.814508979076797,-2.6769737481965543,12.982162686177041,0.9274564146995544,0.8546727418899537,0.9990618467330933,0.8108301222324372,0.8707058966159821,0.9798618078231811,,,,,,
33.98000000000449,109.40122679565789,13.493083754086983,106.91142462299419,80.32072378171034,117.97444073630265,87.5442929822685,14.762314515996998,-2.5383319654865977,12.969130279812987,0.9275714874267578,0.8543115139007569,0.9990646600723266,0.8108083009719849,0.8724583625793457,0.9805085897445679,,,,,,
34.00000000000515,109.3761644124677,13.469655037813776,106.89971666370731,80.37763740984228,117.98144201170942,87.57418878215411,14.712150213642552,-2.539045219830648,12.955366257175115,0.9277823090553283,0.8539315342903138,0.9990672707557678,0.8108017325401307,0.8735404372215272,0.9809427261352539,,,,,,
34.020000000005815,109.35048774585445,13.442725419954563,106.89342697791783,80.44990770991441,117.987329431215,87.60418458218302,14.657013595220494,-3.0545288554725634,12.9408724730569,0.9288410663604736,0.8528028488159181,0.9990691184997559,0.8107691645622254,0.8741563022136689,0.9812824845314025,,,,,,
34.04000000000648,109.32396561605304,13.413495179889429,106.9031972994119,80.48857339782802,117.99209968524139,87.63427333795579,14.589731642473083,-3.599439967407687,12.925651172805992,0.9304176330566406,0.8514206886291504,0.999070656299591,0.8107074439525604,0.8745713472366333,0.9819270968437195,,,,,,
34.06000000000714,109.29649332586942,13.383806125973406,106.91403058698984,80.51812389370666,117.99575009221847,87.6644479832427,14.517579242711808,-3.505785752189248,12.909704992448063,0.9635936737060546,0.8435619473457336,0.9990904569625855,0.8105538070201874,0.8317525207996369,0.9899666786193848,,,,,,
34.08000000000781,109.26808731345824,13.355429566186665,106.90728353342358,80.56775043970576,117.99827860009161,87.69470143164318,14.451853529943024,-3.067159514746304,12.89303695859548,0.9663528561592102,0.8428378820419312,0.9990948677062989,0.8105505764484406,0.8281079828739166,0.9910046100616455,,,,,,
34.10000000000847,109.23884686996304,13.32988854644206,106.88477546235737,80.61244267210861,117.99968378747504,87.72502657825005,14.39346087429769,-2.8142953587983897,12.875650488140256,0.9656388401985169,0.843509042263031,0.9990971803665161,0.8105187356472016,0.8285357058048248,0.9917795777320861,,,,,,
34.120000000009135,109.20889531077458,13.308366963559054,106.8553203824213,80.62247191166398,117.99996486445099,87.75541630131812,14.338750042931714,-2.633360667973177,12.857549387731268,0.9651666164398194,0.8433486700057984,0.9990978717803956,0.8105193197727204,0.8290256559848785,0.9918818235397339,,,,,,
34.1400000000098,109.17829198960149,13.29170342431573,106.81646057621687,80.60863110327382,117.9991216730137,87.7858634639366,14.289962788367294,-2.1965720931102695,12.83873785303578,0.9646193861961365,0.8435052454471589,0.9990991592407227,0.8104709625244141,0.8296795010566712,0.9924725532531739,,,,,,
34.16000000001046,109.14660557478985,13.28085075429851,106.76209554369078,80.58503973335347,117.99715468715826,87.81636091570527,14.252034206733079,-1.5867458373232293,12.819220467785119,0.9639849901199341,0.8439758121967316,0.999100923538208,0.8104907393455506,0.8298599898815155,0.9926834583282471,,,,,,
34.18000000001113,109.11196873058192,13.277883958173938,106.69253178737586,80.5329089681293,117.99406501261413,86.10483670859819,14.226843350677063,-0.9142023739122388,13.846318960407206,0.9632156372070313,0.8446984589099884,0.9991032481193542,0.8105015218257905,0.8300637066364289,0.993060576915741,,,,,,
34.20000000001179,109.07271483517968,13.284464519806619,106.60752030709877,80.44672158127355,117.98985438622356,86.96304850060963,14.216656433313494,-0.06966190280059295,13.327836835947124,0.9625301599502564,0.8457700550556183,0.9991058230400085,0.8105046391487122,0.830046945810318,0.9935360431671143,,,,,,
34.220000000012455,109.02785606450065,13.301430581984905,106.50496888057137,80.33721933906668,117.98452517496526,86.92614747252267,14.225094405777055,0.9230443167371349,13.346817584027306,0.9617969989776611,0.8469713211059571,0.9991086483001709,0.8104690492153168,0.830219703912735,0.9942337989807128,,,,,,
34.24000000001312,108.9769644371126,13.328862527374907,106.38780629638208,80.20868273460522,117.9780803746238,86.88934731810484,14.253229827285343,1.868737784986959,13.365067003493255,0.9610979557037354,0.8482406079769135,0.9991113901138305,0.8104817628860475,0.8300606310367584,0.9946160316467285,,,,,,
34.26000000001378,108.92005595199026,13.366268286691186,106.26394575505496,80.05725565041034,117.97052360810555,86.8526983019405,14.29892406143566,2.6828160797012397,13.382557053705277,0.9606211185455322,0.8499301552772522,0.9991142272949218,0.8104614973068238,0.8297005116939545,0.9951643466949462,,,,,,
34.28000000001445,108.85749079133402,13.41269408769576,106.13972695975266,79.88739071793732,117.9618591234021,86.8162504821774,14.360135026829555,3.433017502823375,13.399260193928619,0.9604537725448609,0.8512326240539552,0.999116039276123,0.8104444146156311,0.8292862594127656,0.9955156445503235,,,,,,
34.30000000001511,108.78988697905076,13.466889746881815,106.01847691820005,79.71093335759922,117.95209179120225,86.78005364215315,14.435952978034425,4.135594540495787,13.415149423003406,0.9603319287300109,0.8525721311569214,0.9991177558898926,0.8104561567306519,0.8286777675151825,0.995719599723816,,,,,,
34.320000000015774,108.71804231856223,13.527454724860036,105.90400805577178,79.53468523794436,117.941227102154,86.74415722239726,14.524744205852494,4.7183263650635885,13.430198318578569,0.9608752608299256,0.8534795999526978,0.9991190433502197,0.8104227244853974,0.8288735926151276,0.9958773374557495,,,,,,
34.34000000001644,108.64289494779311,13.592865696287115,105.80104194616345,79.35942531177335,117.92927116377798,86.70861025310128,14.623698814293144,5.155513912078663,13.444381075854576,0.9620734453201294,0.8536781549453736,0.99911869764328,0.8103787124156953,0.8279987752437592,0.9959686756134033,,,,,,
34.3600000000171,108.56550034027266,13.661634108706085,105.71257280597607,79.1880301894861,117.91623069703422,86.67346128714948,14.730268091651032,5.487392514789436,13.457672545780937,0.9614638566970826,0.8538979649543763,0.9991158485412598,0.8103606343269348,0.828702974319458,0.9957319259643554,,,,,,
34.380000000017766,108.48683776353599,13.732545413237705,105.63936387664029,79.0256860092206,117.90211303254392,86.6387583338014,14.842663931263777,5.737851804999564,13.470048272654296,0.9211086869239807,0.8629078507423401,0.9990894317626953,0.8104935944080354,0.878086668252945,0.9907286763191223,,,,,,
34.40000000001843,108.40784791371033,13.804415779975137,105.58154391012778,78.87557551844846,117.88692610646864,86.60454879311706,14.959113938399513,5.888405114330809,13.48148453106414,0.9228043913841247,0.8618952095508576,0.9990837335586548,0.810466891527176,0.875451922416687,0.9900108456611634,,,,,,
34.420000000019094,108.32942347832625,13.876055131001166,105.53935907310225,78.73778109311613,117.87067845604898,86.57087939121409,15.077438281037418,5.926048143972441,13.49195836213363,0.9228037118911743,0.8624460339546204,0.9990797281265259,0.8104584336280823,0.8739933967590332,0.9896647214889527,,,,,,
34.44000000001976,108.25274501420319,13.946380088324354,105.51238888930763,78.61219640733488,117.85337921480549,86.53779611644555,15.195528806342857,5.8696338649641415,13.501447609003836,0.9231071710586548,0.8626289725303651,0.9990753650665283,0.8104532480239869,0.8724921822547913,0.9891467213630676,,,,,,
34.46000000002042,108.17830550895034,14.01290956769798,105.49969444109372,78.52006779039316,117.83503810740424,86.5053441565853,15.311394325549559,5.659751415771079,13.509930951510686,0.9233465313911438,0.8628085494041443,0.9990710735321044,0.810450440645218,0.8711883902549744,0.988592267036438,,,,,,
34.480000000021086,108.10709240271738,14.066966869124974,105.51042288155158,78.53386783724183,117.81566544419026,86.473567837107,15.416614744263615,4.620605373474609,13.517387940004689,0.9247018456459045,0.8619192004203797,0.9990658521652221,0.8104420483112336,0.8696979641914369,0.9875557899475098,,,,,,
34.50000000002175,108.04188080411046,14.098618487529873,105.5805868019423,78.63153912627429,117.79527211539148,86.44251056064081,15.484099090987275,1.8944060069050823,13.523799028264634,0.9301895499229431,0.8570351481437684,0.9990563273429871,0.8103554487228394,0.8680335223674774,0.9848998665809632,,,,,,
34.520000000022414,107.98486282108061,14.112598890794569,105.72809979052262,78.64555892050838,117.77386958499704,86.41221474769065,15.493030715108661,-0.7046176062973657,13.529145605457579,0.9371965169906616,0.8500133097171784,0.999043881893158,0.810105848312378,0.8692899227142334,0.9822686433792114,,,,,,
34.54000000002308,107.93755751296256,14.118255282525238,105.88768678227106,78.63854911722925,117.75146988431274,86.38272177869283,15.473906034347195,-0.7656065568872021,13.533410027098398,0.938623058795929,0.8480554401874543,0.9990382552146911,0.810103464126587,0.8697796702384949,0.9800113201141357,,,,,,
34.56000000002374,107.90103309464672,14.120769371494104,105.98446339627114,78.74675066660174,117.72808560519775,86.35407193749542,15.471566832142846,0.49423466878577815,13.53657564496351,0.9333664894104003,0.8526760935783386,0.9990443110466003,0.8103994727134705,0.868949329853058,0.9795417308807373,,,,,,
34.580000000024405,107.87592632157238,14.12121088101424,106.02921193278502,78.89968111465167,117.70372989298619,86.32630435633531,15.484532480127811,0.49653569358756117,13.538626835914808,0.9284695267677308,0.8571032345294953,0.999051284790039,0.8105978190898896,0.8695931673049927,0.9805058479309082,,,,,,
34.60000000002507,107.86221069601869,14.116841321723674,106.07496955917131,78.98963365440638,117.67841643909757,86.29945696238832,15.482490782179267,-0.8060054859435443,13.539549029590773,0.9291586875915527,0.8557597935199738,0.9990509986877442,0.8104949712753297,0.8729081869125367,0.9810831785202027,,,,,,
34.62000000002573,107.85889254303657,14.101089093103983,106.14019932776831,79.07626124024195,117.65215947334018,86.27356642596523,15.451513855462586,-2.2789323687198166,13.539328734923497,0.930541169643402,0.8535498976707458,0.9990500688552857,0.8103799462318421,0.877017092704773,0.9811876058578491,,,,,,
34.6400000000264,107.86413985222431,14.069460486019324,106.22098547275542,79.22365607053385,117.62497375591194,86.2486681104245,15.3909084334645,-3.8210162817154742,13.537953565441782,0.9317105770111084,0.852046811580658,0.9990504264831543,0.8103616893291474,0.8786657512187959,0.9805861592292786,,,,,,
34.66000000002706,107.87595197060732,14.023568016630556,106.31853291016868,79.38035843918779,117.59687456910302,86.22479602387027,15.29769832972604,-5.452293533995081,13.535412263321629,0.9362772464752197,0.8479101777076722,0.9990468502044678,0.8102772295475007,0.8778212189674378,0.9786364078521729,,,,,,
34.680000000027725,107.89288486296078,13.970531110142195,106.41777867541819,79.49160365605594,117.567877708705,86.20198277270127,15.179120053042173,-6.177653457498853,13.531694722147506,0.9377573013305665,0.8460700035095216,0.999045467376709,0.8102598071098328,0.8783108592033386,0.9775349020957946,,,,,,
34.70000000002839,107.91406501587143,13.914364106879036,106.48214750177196,79.62802131334327,117.53799947513137,86.1802595170745,15.057929002981377,-5.8593064980260525,13.52679200834903,0.9348567008972168,0.8478035807609559,0.9990503311157226,0.8103886604309083,0.8796199798583985,0.9780533909797668,,,,,,
34.72000000002905,107.93872074466827,13.857538031820782,106.50307217838055,79.78611150266404,117.50725666425431,86.15965592834415,14.94365445266509,-5.6642849277729335,13.520696381279485,0.9532389640808105,0.8436845123767853,0.9990647673606873,0.8103241682052613,0.8521102666854858,0.9847574710845948,,,,,,
34.74000000002972,107.96596895412463,13.805436122030045,106.50079190523782,79.85275379407285,117.47566655796302,86.14020014853409,14.82888179237651,-5.7371706240189395,13.513401311904389,0.970816433429718,0.8389629483222962,0.9990806102752685,0.810208684206009,0.8279865086078644,0.990463936328888,,,,,,
34.76000000003038,107.99493025202929,13.766171366437241,106.46363593082516,79.81242463307198,117.44324691444882,86.12191875189927,14.723778664027593,-4.517722191263592,13.504901500070012,0.9697619438171386,0.8391787946224213,0.9990833282470704,0.8101441979408265,0.8292415022850037,0.991567587852478,,,,,,
34.780000000031045,108.02475724334816,13.731739239897154,106.36704263449704,79.88847529001869,117.41001595822246,86.10483670862853,14.649104888518883,-3.216510011211896,13.495192890323455,0.9681939125061035,0.8406369209289551,0.9990885853767395,0.8102255165576935,0.829435932636261,0.9920777916908264,,,,,,
34.80000000003171,108.05417749723294,13.694716418280864,106.26951763867915,80.0011375422923,117.37599236986932,86.08897735073823,14.578324569884792,-4.237967982715889,13.484272686258016,0.9670170187950134,0.8419330179691316,0.9990926742553711,0.8102852165699006,0.8294544517993927,0.9924992799758912,,,,,,
34.82000000003237,108.08178950888043,13.655772135799179,106.2338040271819,79.97941302804774,117.34119527554826,86.07436234020359,14.475371474118294,-5.859912899749677,13.47213936335924,0.9674395084381103,0.8406742870807649,0.9990917205810547,0.8101704001426697,0.8315906941890717,0.9926751375198364,,,,,,
34.84000000003304,108.10541269670229,13.618134518017536,106.22248969372575,79.9212766791192,117.30564423623993,86.06101163937102,14.358608089856412,-5.434009561759768,13.458792680328933,0.9683040380477905,0.8385569214820863,0.9990905284881592,0.8100488841533662,0.8356257855892182,0.9923458814620971,,,,,,
34.8600000000337,108.1227488604454,13.585634852629271,106.17258549787485,79.95275039235379,117.26935923675067,86.04894348369196,14.266480069430823,-3.7821382904056193,13.444233688866614,0.9306539535522461,0.8475944399833679,0.9990721702575683,0.8101449131965638,0.888648945093155,0.9875924825668335,,,,,,
34.880000000034364,108.13219041167471,13.561338741330706,106.09149494563445,80.00353668845185,117.23236067447826,86.03817435681543,14.201376216889502,-2.9188735073670378,13.42846474188974,0.9564363598823548,0.8423304319381715,0.9990894436836243,0.8102517306804657,0.8493457615375519,0.9904845952987671,,,,,,
34.90000000003503,108.13286229875688,13.547270917270378,106.01659840944946,79.96415873107199,117.1946693479455,86.02871896807338,14.14595703802447,-2.5809571110161182,13.411489500175858,0.9651184797286987,0.8416568100452424,0.9990998268127441,0.8102854430675507,0.8345280230045319,0.992800235748291,,,,,,
34.92000000003569,108.12449059907944,13.54447870891462,105.9431596030655,79.86737069195512,117.15630644510857,86.02059023238947,14.10371030756041,-1.4776739326754493,13.393312937412304,0.9638705492019654,0.8424478769302368,0.9991014480590821,0.8102280318737031,0.8340406477451325,0.9938510775566101,,,,,,
34.940000000036356,108.10726920388022,13.559466070507531,105.84435976572168,79.7131400039534,117.11729353144626,86.01379925263888,14.092007603841342,0.47952232392337846,13.373941343640759,0.9625321626663208,0.8440842628479004,0.9991063117980957,0.8102068662643434,0.8346769750118256,0.9946892261505127,,,,,,
34.96000000003702,108.08231874825081,13.601134233398497,105.69081799362473,79.5032057895029,117.07765253783714,86.00835530448309,14.132368185741248,3.6443754605600915,13.353382327086251,0.9527719616889954,0.8499603509902954,0.9991100430488586,0.8102570950984955,0.8424352765083314,0.9952371835708618,,,,,,
34.980000000037684,108.0522201501241,13.650231411867829,105.49612785720184,79.46866791390124,117.03740574823115,86.00426582370044,14.225149923583597,5.018721946228867,13.331644814362246,0.9170450091362,0.8614970326423645,0.9990957617759705,0.8106282770633698,0.8756084978580475,0.9920882940292358,,,,,,
35.00000000003835,108.01796623914043,13.701348254315997,105.36656803082843,79.3527300755539,116.99657578712292,86.00153639602978,14.312218793619966,3.474286790632194,13.308739049045549,0.9170565843582154,0.8616218209266663,0.9990947008132934,0.8104488670825959,0.8834787964820862,0.9923065662384033,,,,,,
35.02000000003901,107.97977139962617,13.753771940284198,105.32684542546019,79.10737992448858,116.95518560683347,86.000170749541,14.370569677143543,2.773799984854978,13.284676588616993,0.9244157671928406,0.8554883301258087,0.9990819096565247,0.8101856470108033,0.8814166307449341,0.9913190126419067,,,,,,
35.040000000039676,107.93796042745376,13.806956272101838,105.29809619652094,78.95087369707512,116.91325847460769,86.00017074954292,14.438276854232525,4.177935096570898,13.259470299765859,0.9290327191352844,0.8520493984222413,0.9990727186203003,0.810076767206192,0.8766921401023865,0.990347170829773,,,,,,
35.06000000004034,107.89339953822753,13.860431815550719,105.2487620830604,78.92702484318194,116.87081795953485,86.00153639603556,14.53429200252079,5.145966773610951,13.233134352058237,0.9282211661338806,0.8537991464138032,0.9990715146064758,0.8101623237133027,0.8723402619361877,0.9901510238647461,,,,,,
35.080000000041004,107.84766140742866,13.91205410356376,105.22433157408264,78.90262078608963,116.82788791929936,86.00426582371006,14.632671625431339,4.4818226827570875,13.205684209971775,0.9262413024902344,0.8559952974319458,0.9990670919418335,0.8102267861366272,0.8694295048713685,0.9898870706558227,,,,,,
35.10000000004167,107.80408085453215,13.956575081892927,105.25528870386904,78.84844578334845,116.78449248676928,86.00835530449653,14.710070802916693,3.3032528649062827,13.177136623300981,0.9258626461029053,0.855817723274231,0.9990598440170289,0.8102219164371491,0.8695054292678833,0.9890141487121582,,,,,,
35.12000000004233,107.76559772879553,13.993738565318639,105.32235597060968,78.8044149092842,116.7406560564302,86.01379925265614,14.770106824048096,2.845905356015118,13.147509615940084,0.9275496125221252,0.853953504562378,0.9990529537200927,0.8101369619369507,0.8699263989925385,0.9882201671600341,,,,,,
35.140000000042996,107.73371839646724,14.022839019626641,105.39402449993173,78.83899450524225,115.04041869597252,86.02059023241053,14.826467447439695,2.750394819005379,12.121256515995572,0.9287827014923096,0.8529712677001954,0.9990484595298768,0.8101338028907776,0.8682415664196015,0.9873556852340698,,,,,,
35.16000000004366,107.70900859236367,14.044395371321931,105.4710841717962,78.90533858967696,116.93556822420952,86.02871896809819,14.876128971985006,2.122139480518756,13.255719777321936,0.9295093178749084,0.8529296278953553,0.9990447044372559,0.8102581441402436,0.864554899930954,0.9853637337684631,,,,,,
35.18000000004432,107.69175125255366,14.061246799450268,105.56118257263554,78.92711941382991,116.8712033371629,86.03817435684397,14.911030732960805,1.4554365163468115,13.211339561079424,0.9281542539596558,0.8537010967731476,0.9990406513214112,0.8102987110614777,0.8643718004226685,0.9846372842788697,,,,,,
35.20000000004499,107.68220291015514,14.075048741915166,105.64433509049815,78.94194548550324,116.80697215816458,86.04894348372419,14.939482947598975,1.492547466081882,13.16624991927824,0.9248682856559753,0.8558466315269471,0.9990394353866577,0.8103591561317445,0.8654939889907838,0.9848174691200257,,,,,,
35.22000000004565,107.68039435347801,14.08482934442627,105.70320571795595,79.0067872883439,116.74294136771232,86.06101163940689,14.970999581402657,1.566125472046881,13.120499782895727,0.9226678848266602,0.8576802849769593,0.9990392923355103,0.8104479610919952,0.8646057724952698,0.9846883416175842,,,,,,
35.240000000046315,107.68595752789047,14.08949093868559,105.75329098561292,79.07936579854969,116.67917743827392,86.07436234024306,14.996745812954245,0.8882909773425142,13.074139024549726,0.9218768954277039,0.858275729417801,0.999038290977478,0.8104691803455353,0.8641554832458497,0.9846318602561951,,,,,,
35.26000000004698,107.69819832287266,14.087683044841675,105.81268742836012,79.12814017727578,116.61574656527999,86.08897735078124,15.004484172896886,-0.10819203016352234,13.027218403476269,0.9219152808189393,0.8580245733261109,0.9990346908569336,0.8105091750621796,0.8629915356636048,0.983528995513916,,,,,,
35.28000000004764,107.71623678000199,14.07710357107902,105.87910182013822,79.19279497248691,116.5527145984043,86.10483670867502,14.993227547066516,-0.9960469627575185,12.979789509241652,0.9232764124870301,0.8565101265907288,0.9990311145782471,0.8104842782020569,0.8628083586692811,0.9825234174728393,,,,,,
35.30000000004831,107.7392424405554,14.05937026048629,105.94548337495404,79.26351365699679,116.49014697320307,86.12191875194918,14.96576584948239,-1.7074168194912451,12.931904704252261,0.9240663051605225,0.855605947971344,0.9990285158157348,0.8104979276657105,0.8619784653186798,0.9815079092979431,,,,,,
35.32000000004897,107.76663704626668,14.036936492667207,106.00323087295587,79.33341063603123,116.42810864318417,86.14020014858734,14.926964644802524,-2.123631325227721,12.88361706512715,0.9243874788284302,0.8551034390926362,0.9990267872810363,0.8105310261249543,0.8609760582447052,0.9806225299835205,,,,,,
35.340000000049635,107.798046652672,14.011575267183538,106.04498529200684,79.4047584288067,116.36666401237676,86.15965592840068,14.882237931368724,-2.3297473902071975,12.834980323000174,0.9230783700942993,0.8560232043266297,0.9990268111228943,0.8106433391571045,0.8599403142929077,0.979663074016571,,,,,,
35.3600000000503,107.83312320160577,13.985800353271872,106.06952380699619,79.45707401365965,116.30587686847133,86.18025951713423,14.83431001914582,-2.431912720520299,12.786048802819831,0.9202621817588806,0.8580426096916199,0.9990294456481934,0.8107487082481385,0.86048481464386,0.9799420952796936,,,,,,
35.38000000005096,107.8714104074156,13.962607565813551,106.07370401206283,79.48063475172262,116.24581031659959,86.20198277276413,14.787459765094178,-2.1962110493908233,12.73687736171652,0.9188220858573913,0.8589152216911317,0.9990308284759521,0.8108021497726441,0.8606380522251129,0.9801545739173889,,,,,,
35.40000000005163,107.91226637837953,13.939307091157694,106.05585856743215,79.53783941868721,116.186526713823,86.22479602393615,14.745987872184704,-2.048344537905505,12.68752132650858,0.9179586291313172,0.8595393955707551,0.9990326166152954,0.8108582973480225,0.8601496577262879,0.9802563667297364,,,,,,
35.42000000005229,107.95483025285229,13.912331022619624,106.03877321669,79.61558346191532,116.12808760439782,86.24866811049333,14.699733967881638,-2.7159449569570513,12.638036430419195,0.9178726673126221,0.8595008909702302,0.9990333795547486,0.8108887732028962,0.8597274661064148,0.9801002502441406,,,,,,
35.440000000052954,107.99815409629483,13.88021155988875,106.04708465327577,79.66800998460697,116.07055365588405,86.2735664260369,14.634869501944939,-3.74009991171205,12.588478749078195,0.9203970670700073,0.856872820854187,0.9990302562713623,0.8107993841171265,0.8597683787345887,0.9794915676116943,,,,,,
35.46000000005362,108.04143401739002,13.84341844755601,106.07453011288224,79.71447658856742,116.01398459616435,86.29945696246274,14.553971645271426,-4.222742383448851,12.538904635883313,0.922955322265625,0.8541764378547669,0.999026870727539,0.8107347309589387,0.8594354391098022,0.9784266710281372,,,,,,
35.48000000005428,108.08415847979522,13.80377490224145,106.09942296422284,79.79232656099454,115.95843915143863,86.32630435641238,14.46991212363919,-4.137878571210146,12.489370656796993,0.923358702659607,0.8534808278083802,0.9990267157554626,0.8107507824897766,0.8588984191417695,0.9780406475067138,,,,,,
35.500000000054946,108.12619100868368,13.762975980831644,106.11584394070934,79.89251851546524,115.90397498525844,86.35407193757503,14.388159694066228,-4.075337802983556,12.439933524655444,0.9220930814743042,0.8542790412902832,0.9990284681320191,0.8108416914939881,0.8581359744071961,0.9778324484825134,,,,,,
35.52000000005561,108.16745111647991,13.722334982830702,106.13203773563485,79.97736776941132,115.85064863866457,86.38272177877488,14.305828364488075,-4.153654530985828,12.390650033067661,0.9203819632530212,0.8551957488059998,0.999030351638794,0.8109055936336518,0.8584894955158234,0.9781439781188965,,,,,,
35.540000000056274,108.20768826237472,13.684389863650285,106.14793494104937,80.02435343798064,115.79851547148984,86.41221474777502,14.223853091636423,-3.944241283924445,12.341576989983004,0.9187678694725037,0.8558601081371308,0.99903244972229,0.8109346449375153,0.8596657156944275,0.9788672447204589,,,,,,
35.56000000005694,108.24649925026681,13.652700345657143,106.14642591384374,80.05255704526118,115.74762960488835,86.4425105607274,14.153219442750549,-3.0332164469792606,12.29277115100642,0.9163860797882081,0.8573276519775391,0.9990360736846924,0.8109565675258636,0.8608391344547273,0.9805032730102539,,,,,,
35.5800000000576,108.28335564376843,13.623568424006438,106.1208149274945,80.13811537635557,115.69804386515047,86.47356783719566,14.100744728701947,-2.3837966889024886,12.244289152541096,0.9141064882278442,0.8592928409576417,0.9990401268005371,0.8110643327236176,0.859873378276825,0.9811901330947876,,,,,,
35.600000000058266,108.31773585063044,13.594044589078619,106.10444750389763,80.22086358847473,115.64980972886215,86.50534415667593,14.049914434611264,-2.841748239585649,12.19618744483876,0.9142248272895813,0.8590956807136536,0.9990409135818481,0.8110517263412476,0.8594574809074402,0.9816542387008667,,,,,,
35.62000000005893,108.34928173512417,13.564047572276548,106.11959220945221,80.24657192376269,115.60297726946538,86.53779611653802,13.986696004550819,-3.363175031019596,12.14852222503837,0.9157522678375244,0.8572223424911499,0.9990382194519043,0.810946798324585,0.8599219202995301,0.9818495273590088,,,,,,
35.640000000059594,108.37792030303287,13.534253756774845,106.14296954381449,80.27616951075544,115.55759510527533,86.5708793913083,13.921761926694145,-2.9999017432387354,12.101349370273965,0.9168346881866455,0.8558673560619354,0.9990363836288452,0.8108989000320435,0.8595815420150758,0.9817711472511291,,,,,,
35.66000000006026,108.40389963681093,13.50541043627979,106.15177617109006,80.351463831991,115.513710349008,86.60454879321284,13.868167391307065,-2.414043524682946,12.054724370932952,0.9162105083465576,0.856406730413437,0.9990376234054565,0.8109496533870697,0.8582309365272522,0.9819261431694031,,,,,,
35.68000000006092,108.42774201875969,13.478591434843597,106.15602514332144,80.42247180159117,115.47136855887106,86.63875833389865,13.82169647325223,-2.302892728773362,12.008702264145928,0.9148511528968811,0.8575808644294739,0.9990386486053466,0.8110308706760407,0.8568366050720215,0.9819310069084167,,,,,,
35.700000000061586,108.45012890371974,13.454824882507486,106.16700127277441,80.45121107352604,115.43061369126832,86.67346128724805,13.775848173201984,-2.2228608974996487,11.963337567589356,0.9134485602378846,0.8583974123001099,0.9990387439727784,0.8110691964626313,0.8567825555801392,0.982096540927887,,,,,,
35.72000000006225,108.4716243240874,13.43485972073374,106.17348962907272,80.46626792553134,115.39148805516717,86.70861025320104,13.736092476499369,-1.6833974939996896,11.918684213682095,0.9119813680648804,0.8592409372329712,0.9990397453308105,0.811090350151062,0.85724396109581,0.9826419353485107,,,,,,
35.74000000006291,108.49253783850719,13.419182515297976,106.16421974989467,80.49242701561164,115.35403226817623,86.74415722249807,13.709302077731587,-1.0268449086432794,11.874795484256712,0.9107472777366639,0.8602957785129548,0.9990415096282959,0.8111338376998902,0.8566559493541718,0.98312908411026,,,,,,
35.76000000006358,108.51298956060643,13.407979738895033,106.14617414823746,80.50847095988028,115.31828521437886,86.78005364225488,13.692845394728193,-0.6690617237189725,11.831723945786159,0.9098738312721253,0.8612523198127747,0.9990423440933227,0.8111851036548615,0.855332362651825,0.9832879066467285,,,,,,
35.78000000006424,108.53311556338831,13.401216299134884,106.12872904255356,80.49547383770452,115.28428400396636,86.81625048227991,13.681817813237133,-0.41715797126534376,11.789521385245997,0.9090175628662109,0.8620428562164307,0.9990421295166015,0.8112132370471955,0.8544891834259034,0.9834334015846252,,,,,,
35.800000000064905,108.55315840798012,13.398667068692973,106.10919184236784,80.46978437481854,115.25206393471265,86.85269830204366,13.677452955839064,0.009627293940728431,11.748238746691761,0.9081900596618653,0.8627629160881043,0.9990418195724488,0.8112256705760956,0.8539421916007996,0.9837043285369873,,,,,,
35.82000000006557,108.57345617707671,13.400009102051468,106.08329282312668,80.4479060809735,115.22165845533046,86.8893473182085,13.68241896239377,0.4671234353165076,11.707926068630538,0.9077189207077027,0.8633819699287415,0.999041485786438,0.811244559288025,0.8528217971324921,0.9838416934013366,,,,,,
35.84000000006623,108.59440717718451,13.404938043063622,106.05539262489728,80.42110839952046,115.19309913074714,86.92614747262668,13.694878520255811,0.749692257787501,11.668632422265116,0.9074900627136231,0.8639131188392639,0.9990404963493347,0.8112731099128724,0.8512744247913361,0.9836955904960633,,,,,,
35.8600000000669,108.61641103096682,13.413157806407916,106.0308230362153,80.38030124419714,115.16641560933608,86.96304850071385,13.711923774913856,0.9611192207977788,11.630405850688085,0.9071308135986328,0.8644724905490876,0.9990389823913575,0.811301052570343,0.8499974071979524,0.9834443211555481,,,,,,
35.88000000006756,108.63981706180537,13.424310232417282,106.00844693779942,80.33458909193737,115.14163559213776,87.0000000001043,13.733915303721005,1.2511937304709129,11.593293309102734,0.906621778011322,0.8651110887527467,0.9990375638008118,0.8113266348838807,0.8490010917186738,0.9832473874092102,,,,,,
35.900000000068225,108.66491495072998,13.437988466974563,105.98619198621726,80.29329134621217,115.11878480410236,87.03695149949459,13.76200164309404,1.544734017130223,11.557340606145985,0.9061968803405762,0.8657569169998169,0.9990362524986267,0.8113560318946839,0.8478669822216034,0.9830148935317993,,,,,,
35.92000000006889,108.69192456871446,13.45378368125846,105.96648239272709,80.25244108671706,115.09788696738391,87.07385252758132,13.794936694132241,1.7303298834840943,11.522592346388201,0.9058728575706482,0.8663605153560638,0.9990346670150757,0.8113888800144196,0.846618127822876,0.9826541423797608,,,,,,
35.94000000006955,108.72096160893236,13.471266575558753,105.95231545607992,80.2077572424518,115.07896377671345,87.11065268199881,13.830817404166154,1.8570455379561934,11.48909187408281,0.9054827332496643,0.8669644951820374,0.9990328311920166,0.8114194869995117,0.8455651044845581,0.9822494745254516,,,,,,
35.96000000007022,108.75202992493121,13.489763830326595,105.94342286438841,80.16676616204701,115.06203487687708,87.14730169816265,13.86932447801895,1.9910969923788777,11.456881218238074,0.905014967918396,0.8675957679748536,0.9990310668945312,0.8114470899105073,0.8447055101394654,0.9818859457969665,,,,,,
35.98000000007088,108.78505303306314,13.507738144541406,105.94039186870674,80.14287061259543,115.04711784232207,87.18374951792511,13.90969399309868,2.008477049059649,11.426001039081264,0.9047410488128662,0.8680827736854554,0.9990292429924011,0.8114749848842622,0.8437855839729309,0.9814204931259155,,,,,,
36.000000000071545,108.8198988114124,13.523583855566377,105.94907956921833,80.13208887267513,115.03422815891219,87.21994635794859,13.947911149363861,1.7758795871442492,11.396490575984483,0.9050154805183411,0.8680424213409424,0.9990267753601074,0.8114908814430237,0.8428691744804383,0.9807011604309082,,,,,,
36.02000000007221,108.85638015017439,13.536454998854069,105.97372801297512,80.12547921826702,115.02337920785139,87.25584277770356,13.98009450133883,1.4486788812315066,11.368387596919838,0.9055141806602478,0.8676582276821136,0.9990238428115845,0.8114912271499635,0.8422281920909882,0.9798975706100463,,,,,,
36.04000000007287,108.89427839296832,13.545916800866594,106.01055392474979,80.13083715059912,115.01458225179229,87.29138974699848,14.00657156429869,1.2172612053958092,11.341728349509445,0.9057930231094361,0.8674110531806947,0.9990212917327881,0.8115052223205567,0.8416866004467011,0.9790257930755615,,,,,,
36.060000000073536,108.9333768795168,13.551917925799541,106.054035709005,80.1541527143914,115.00784642314406,87.32653871294909,14.029091987856836,1.0311960137160086,11.316547513734765,0.9056450724601746,0.8675596356391907,0.9990196228027344,0.8115379393100739,0.841208690404892,0.978258490562439,,,,,,
36.0800000000742,108.9734871255126,13.55472077179155,106.10265434864887,80.18731191671972,115.0031787145918,87.36124166629584,14.047514784766905,0.8043245858474958,11.292878156367383,0.9051266789436341,0.8680062174797059,0.9990185499191284,0.8115812242031097,0.8408845663070679,0.9776044726371765,,,,,,
36.100000000074864,109.01442684927137,13.55422722289759,106.15584495535067,80.22772092919632,115.00058397183713,87.39545120697873,14.061163070599475,0.5576833313707356,11.270751687181559,0.9048996090888978,0.8681016445159913,0.9990174770355225,0.8116050183773041,0.8408131301403046,0.9770294666290283,,,,,,
36.12000000007553,109.05595145856428,13.549640972005088,106.2129300468142,80.28243894428468,115.00006488856779,87.42912060888011,14.069443376750344,0.2517973474186178,11.250197817007091,0.9054343819618226,0.8674677610397339,0.9990162253379822,0.8115972697734833,0.8409015774726868,0.9764601945877075,,,,,,
36.14000000007619,109.09773437529225,13.540142210239665,106.27569577244924,80.35006104598878,115.00162200366117,87.46220388364694,14.070331148436907,-0.1843850554281606,11.231244517678618,0.905998945236206,0.866792905330658,0.9990152478218078,0.8115906596183777,0.8410529971122742,0.975892698764801,,,,,,
36.160000000076856,109.13942320271545,13.525429291217463,106.34576502714042,80.42338790582009,115.00525370062492,87.49465584350534,14.061637272993625,-0.6813163759091189,11.21391798393567,0.9066364884376527,0.8660152673721314,0.9990142822265625,0.8115866780281067,0.8412169754505158,0.9752172708511353,,,,,,
36.18000000007752,109.18072796735636,13.506018979098094,106.41998375822227,80.49922394223356,115.01095620927508,87.52643216298168,14.04380684477307,-1.0734946252363666,11.198242597325272,0.9072295308113099,0.8651977419853211,0.9990135192871094,0.8115804553031922,0.8415246546268463,0.9746217250823974,,,,,,
36.200000000078184,109.2214732807904,13.482964449432702,106.49149896660836,80.57968806310909,115.01872360965002,87.55748943944576,14.019851429018095,-1.298860744814883,11.184240892156843,0.9075050473213196,0.8642994940280915,0.9990124821662902,0.8115581095218659,0.8423436760902405,0.9743504524230957,,,,,,
36.22000000007885,109.261545780458,13.457279583430132,106.5554625323244,80.66394786166987,115.02854783815614,87.58778525239372,13.992372402367705,-1.4465861998959864,11.171933523556508,0.9076719760894776,0.863588845729828,0.9990122437477111,0.8115426182746888,0.8431371033191681,0.9742629528045654,,,,,,
36.24000000007951,109.30079922182928,13.429559610222947,106.6115662024377,80.74690742122486,115.040418695939,87.61727822138921,13.9618361339678,-1.6136500264350406,11.16133923766592,0.9078103542327881,0.862944895029068,0.9990125179290772,0.8115260004997253,0.8440239310264588,0.9743331670761108,,,,,,
36.260000000080176,109.33903292201647,13.39991133574005,106.66149948366056,80.82661797432998,115.054323859471,87.6459280625842,13.927620341487778,-1.8126840011857983,11.152474844027648,0.9079607605934144,0.8622902691364289,0.9990130424499511,0.8115055978298188,0.8450483322143555,0.9745038151741028,,,,,,
36.28000000008084,109.37598788424812,13.368057254001549,106.70685739831265,80.90626802004108,115.07024889334492,87.67369564374177,13.889097330037483,-2.046069160420124,11.1453551901972,0.9081246972084046,0.8616222620010376,0.9990136981010437,0.8114882767200471,0.8460889279842377,0.9746418476104737,,,,,,
36.3000000000815,109.41136629447796,13.33430519079629,106.74904726806066,80.98097280033909,115.08817726525977,87.7005430376861,13.845698299939123,-2.2844168216936027,11.139993138618667,0.9082768559455872,0.8609792709350587,0.9990144014358521,0.8114757776260376,0.8470782339572906,0.9747365713119507,,,,,,
36.32000000008217,109.44489033567082,13.30015411868368,106.78608654947647,81.04199963680281,115.10809036318348,87.72643357410645,13.798768520920383,-2.367523764417687,11.136399545798678,0.9083459854125977,0.8604637145996095,0.9990154027938842,0.8114664137363434,0.8480092108249665,0.9749273300170899,,,,,,
36.34000000008283,109.4763822705034,13.267370185261008,106.81125030722534,81.09234858264992,115.12996751467469,87.75133188964432,13.752750997898803,-2.196950373970372,11.134583243810429,0.9082872271537781,0.8601939082145691,0.9990171194076538,0.8114661872386932,0.8487859010696411,0.9752710103988648,,,,,,
36.360000000083495,109.50574492061598,13.237019607262482,106.82002002567859,81.13824250437007,115.15378600834349,87.77520397619561,13.711664771766657,-1.9151679870809304,11.134551024156835,0.9081122398376466,0.8602396488189697,0.9990197777748108,0.8114751636981965,0.8493793487548829,0.9758214712142944,,,,,,
36.38000000008416,109.53297316896082,13.209084336729362,106.81627646398728,81.1780870061974,115.17952111742885,87.79801722736157,13.675250365521773,-1.7565243423446086,11.136307624019153,0.907981276512146,0.860331690311432,0.9990225553512573,0.8114851653575897,0.849920815229416,0.976355504989624,,,,,,
36.40000000008482,109.55805201858556,13.183425729611155,106.80786859666959,81.20186804379092,115.20714612546833,87.81974048298522,13.640595931754484,-1.7120510779873603,11.139855714914404,0.9079455494880676,0.8603204369544983,0.9990249872207642,0.8114848732948303,0.8505980014801026,0.9768678426742554,,,,,,
36.42000000008549,109.58096377213943,13.159938502550936,106.79712564643701,81.21382801097532,115.23663235403322,87.84034407171238,13.607248460673345,-1.603359959703505,11.145195893782223,0.9079442501068116,0.8602782487869263,0.999027156829834,0.8114850878715516,0.8512229561805725,0.9772857904434205,,,,,,
36.44000000008615,109.60170838779659,13.138564185365608,106.78230841388213,81.22525158452476,115.26794919250065,87.85979985151917,13.57700672000521,-1.4180732152590942,11.152326676518726,0.9079130411148072,0.8603646039962769,0.9990293979644775,0.8114985167980194,0.8515453457832337,0.9775879144668579,,,,,,
36.460000000086815,109.62032182199876,13.119325741161244,106.7645795870821,81.23596643573498,115.30106412983146,87.87808124815062,13.550245775388003,-1.2690826262735115,11.16124449397217,0.9078900814056396,0.8605153441429139,0.9990315437316895,0.8115170061588288,0.8516924381256104,0.9778144836425782,,,,,,
36.48000000008748,109.63688491067533,13.10235164008723,106.74711772090814,81.23930512570351,115.33594278832095,87.89516329141796,13.526018283500346,-1.1500953240999656,11.171943690411982,0.9079481482505799,0.8605402886867524,0.9990332841873169,0.8115258157253266,0.8519835591316224,0.9780136585235596,,,,,,
36.50000000008814,109.6515132534215,13.087837466224434,106.73012964009895,81.23604928427294,115.37254895928751,87.91102264930478,13.504710184554659,-0.9651783757024692,11.184416524480106,0.9080522656440735,0.8604928374290467,0.9990350008010864,0.8115253806114198,0.8524666786193849,0.9782801151275635,,,,,,
36.52000000008881,109.66434211363185,13.075995447047845,106.71169611525252,81.23114385614352,115.41084464066212,87.92563765983587,13.487893257575704,-0.7110516522305077,11.198653172630252,0.9081441879272462,0.86052525639534,0.999036991596222,0.8115276992321014,0.8529005765914918,0.9785857558250427,,,,,,
36.54000000008947,109.67551903604232,13.067000279100698,106.69174435337942,81.22397449595218,115.4507900764394,87.93898836066485,13.476230466528026,-0.4598006652589564,11.2146417350577,0.9082332134246827,0.8606464743614197,0.999039101600647,0.811534458398819,0.8531990587711334,0.978874933719635,,,,,,
36.560000000090135,109.68520238306327,13.060946470793034,106.67180812096586,81.21081874902605,115.49234379794977,87.95105651634027,13.469371976897675,-0.2257948250740701,11.232368244119623,0.9083543062210083,0.8607755064964295,0.9990411281585694,0.8115380585193634,0.8534951448440552,0.9791657447814941,,,,,,
36.5800000000908,109.69355474736024,13.057831255555346,106.65233191633801,81.19207554613004,115.53546266690935,87.96182564321312,13.467342543096763,0.027823031199466417,11.25181667524221,0.9084893345832825,0.8609315752983093,0.9990431666374207,0.811537390947342,0.8538231492042542,0.9795052409172058,,,,,,
36.60000000009146,109.70073027805617,13.057565516036655,106.6328225070186,81.17069885411127,115.58010192020326,87.97128103195143,13.47059887514465,0.29711649729435136,11.272968960308386,0.9086114048957825,0.8611756563186646,0.9990453243255615,0.8115385115146637,0.854058176279068,0.9798625469207763,,,,,,
36.620000000092126,109.70686767941893,13.060009532123637,106.61368204261647,81.14687575697327,115.6262152163557,87.97940976763158,13.479070332583932,0.5444547608360234,11.295805003516598,0.9087398171424866,0.8614830017089844,0.9990474462509156,0.8115425825119019,0.8541590690612794,0.9801812767982483,,,,,,
36.64000000009279,109.71209117373955,13.064998510103361,106.59594874808745,81.11912244846161,115.6737546836385,87.98620074737839,13.492195352386014,0.7656492081070017,11.320302699698178,0.9089112997055054,0.8617780327796937,0.9990493535995484,0.8115451693534852,0.8542205572128296,0.980453085899353,,,,,,
36.660000000093454,109.71651180932477,13.072349933393907,106.57988032893607,81.08803331740953,115.72267096976842,87.99164469553037,13.509679823640267,0.9832881256379891,11.346437955077796,0.9091265439987183,0.8620491623878479,0.9990511178970337,0.8115448832511902,0.8542925834655762,0.9807024002075195,,,,,,
36.68000000009412,109.72022636675855,13.081873442204907,106.56511868600111,81.05533884687065,115.77291329314126,87.99573417630918,13.531507711037591,1.197326707208594,11.374184710458252,0.9093701601028442,0.8623261332511902,0.9990528225898743,0.8115443348884583,0.8543317914009094,0.9809284806251526,,,,,,
36.70000000009478,109.72331876853616,13.093388182130576,106.55170048191219,81.02112473902243,115.82442949555005,87.998463603976,13.55742648256861,1.3902486114789834,11.403514966808313,0.9096480488777161,0.8625992178916931,0.9990544199943543,0.8115439832210541,0.854327005147934,0.9811144948005677,,,,,,
36.720000000095446,109.7258642145866,13.106727869614724,106.53992794181457,80.98457414192232,115.87716609633209,87.99982925046093,13.586974919092745,1.5622770511960562,11.434398813228796,0.9099730491638184,0.8628375053405762,0.9990558624267578,0.8115416646003724,0.854327791929245,0.9812655210494995,,,,,,
36.74000000009611,109.7279302961517,13.121729819387467,106.52967698503991,80.94602636142201,115.93106834788904,87.99982925045515,13.619866471287555,1.7259841496240171,11.466804457269461,0.9103389978408813,0.8630455255508424,0.9990572214126587,0.8115369856357575,0.8543537735939026,0.9813999891281128,,,,,,
36.760000000096774,109.72957289816688,13.138224089174155,106.5205719898513,80.90644962900483,115.98608029252219,87.99846360395867,13.655951333078582,1.8798426969395745,11.500698257566299,0.9107332825660706,0.8632453799247742,0.9990585327148438,0.8115315318107605,0.854376918077469,0.9815204381942749,,,,,,
36.78000000009744,109.73083292896884,13.156031598638876,106.51256013559379,80.86597274901992,116.04214482052393,87.99573417628032,13.69491543715097,2.012460879777385,11.536044758765684,0.9111564517021179,0.8634340167045593,0.9990597724914551,0.8115255832672119,0.8543892264366151,0.981619119644165,,,,,,
36.8000000000981,109.73173544719839,13.174964068684655,106.50582369436808,80.82432236802116,116.09920372946534,87.99164469549001,13.736296929596138,2.1224526497783596,11.572806728699355,0.9115464687347412,0.8635022044181824,0.9990605473518371,0.811510306596756,0.854631668329239,0.9817274332046508,,,,,,
36.820000000098766,109.73228881614853,13.194821614261336,106.50037621750934,80.7819257718133,116.1571977846179,87.98620074732659,13.779704395335786,2.215741035798162,11.610945197770835,0.9119210600852966,0.8634711027145386,0.9990609407424926,0.8114878296852113,0.8550544440746308,0.9818389892578125,,,,,,
36.84000000009943,109.73248326295112,13.215393489291552,106.49612332270269,80.73958672731517,116.21606678044714,87.97940976756843,13.824809964899602,2.2913406549316475,11.650419500511745,0.9123254179954529,0.8634169042110443,0.9990612983703613,0.8114647567272186,0.8554858565330505,0.981931185722351,,,,,,
36.860000000100094,109.732290942174,13.236464304919966,106.49314099926978,80.69765336953563,116.27574960311385,87.971281031877,13.871200406871123,2.3435674555663812,11.691187319263054,0.9127604484558106,0.8633377969264985,0.9990616202354431,0.8114412069320679,0.855925190448761,0.9820025086402893,,,,,,
36.88000000010076,109.73166806826922,13.257820555507372,106.49160776267843,80.65622255358466,116.3361842939185,87.9618256431275,13.918396962247753,2.372615434115911,11.733204729934108,0.9132312893867492,0.8632225215435029,0.9990618824958801,0.8114166796207428,0.8563882470130921,0.9820536732673645,,,,,,
36.90000000010142,109.73055925268379,13.27925614615873,106.49157356271755,80.61569736863794,116.39730811362251,87.9510565162436,13.965982386382302,2.3831295982114664,11.776426249789381,0.9195924639701843,0.857726263999939,0.9990678310394288,0.8113070070743561,0.8632388591766358,0.9802280902862549,,,,,,
36.920000000102085,109.72890717935186,13.30058246247796,106.49297036459487,80.57657005372471,116.45905760757994,87.93898836055725,14.013611700683667,2.376996154544651,11.820804887210318,0.9198613643646241,0.858526623249054,0.9990767002105713,0.8111831605434419,0.8673270702362061,0.9830530643463135,,,,,,
36.94000000010275,109.72665865894454,13.321634302551614,106.49573804587988,80.53904050132404,116.52136867161182,87.92563765971748,14.060949801812477,2.354097542946453,11.866292193377223,0.9198412775993348,0.8587338626384735,0.9990817904472351,0.8110504150390625,0.8705661118030549,0.9853529930114746,,,,,,
36.96000000010341,109.72377594619664,13.342170765396096,106.49981089493336,80.5031572486384,116.5841766185549,87.91102264917576,14.107676609900828,2.316393059683251,11.912838315813467,0.9208249449729919,0.8576597690582276,0.9990849137306214,0.8108407557010651,0.8739912331104279,0.987579607963562,,,,,,
36.98000000010408,109.72025180920913,13.362070602124975,106.50505075015663,80.46906368445552,116.6474162454154,87.8951632912785,14.153527477122497,2.266895741697282,11.960392053732097,0.9221381664276123,0.8564599871635438,0.9990869402885437,0.8106907188892365,0.8765186905860901,0.9887541651725769,,,,,,
37.00000000010474,109.71588241680703,13.379435505086528,106.51200754690373,80.45951099646824,116.71102190105842,87.87808124800091,14.19787261129912,2.112779114456128,12.008900915122393,0.9238049030303955,0.8552150130271912,0.9990881323814392,0.8105894684791566,0.8777248561382294,0.9893600463867187,,,,,,
37.020000000105405,109.70990415392691,13.389855276864843,106.53206377944433,80.4889773687465,116.7749275543626,87.85979985135941,14.23365935770515,1.3562370473651022,12.058311175511847,0.9618935346603393,0.8462217688560486,0.9991076946258545,0.8103480219841004,0.8312370777130127,0.9946808338165283,,,,,,
37.04000000010607,109.7015825248612,13.395008241410277,106.57821562747657,80.48619577741637,116.83906686276912,87.84034407154279,14.251218075774442,0.4828502828086771,12.108567938336574,0.96243234872818,0.845300942659378,0.9991057395935059,0.8102355301380157,0.8319511532783509,0.994930875301361,,,,,,
37.06000000010673,109.69046380129106,13.397801411681098,106.63079322993124,80.46928860428497,116.90337324115411,87.81974048280603,14.258880847915997,0.4409303028311665,12.159615196851373,0.9631732940673828,0.843824851512909,0.9991032600402832,0.8101415097713471,0.8332329213619233,0.994893741607666,,,,,,
37.0800000001074,109.67631065545247,13.401062664520987,106.66126880784726,80.47816893312697,116.9677799309529,87.79801722717303,14.272764056818962,0.9669304125058964,12.211395897508304,0.962750780582428,0.8437959849834442,0.9991033792495727,0.8101184666156769,0.833263909816742,0.9951114535331727,,,,,,
37.10000000010806,109.6590275436931,13.40716766659778,106.66785676901596,80.48505761881881,117.0322200694642,87.77520397599797,14.296112955899948,1.3125112445799005,12.263852004730971,0.9622369527816772,0.8452027201652528,0.9991055011749268,0.810091519355774,0.8326620519161225,0.9956018209457398,,,,,,
37.120000000108725,109.63806463630686,13.418114349457905,106.66177272922616,80.44394201796065,117.09662675926256,87.75133188943785,14.324320673752982,1.5360833210240472,12.316924567009547,0.9621196269989014,0.8451911151409149,0.9991055846214294,0.8100785434246064,0.8327709257602692,0.9956732511520385,,,,,,
37.14000000010939,109.61113814600735,13.436083542605573,106.63940917392091,80.35647306792801,117.16093313764668,87.72643357389143,14.360455021723212,2.167646889183178,12.370553784240027,0.9618627309799195,0.8458956360816956,0.9991064667701721,0.8100499093532563,0.8324576258659363,0.9959517359733582,,,,,,
37.16000000011005,109.57637479121466,13.462481310321488,106.5886352983861,80.25556652835957,117.22507244605191,87.70054303746284,14.413527195580505,3.1552700986698325,12.42467907622947,0.9615585088729859,0.8468227326869965,0.999108076095581,0.8100728571414948,0.8320307731628418,0.9960663795471192,,,,,,
37.18000000011072,109.5327759282226,13.497791077184756,106.51184602309189,80.14060787594374,117.28897809935435,84.19375314120796,14.485516748034454,3.989487884043798,14.571355432074878,0.9614288330078125,0.847663164138794,0.9991103887557984,0.8100790560245514,0.8325372993946076,0.9961611747741699,,,,,,
37.20000000011138,109.4800739072425,13.541822423797639,106.4228689146504,79.98986839549225,117.35258375499524,85.04741582355057,14.571287922801359,4.566648077706479,14.096378858056866,0.9613582253456116,0.8491632461547852,0.9991124749183655,0.8101010084152223,0.8318416774272919,0.9963092565536499,,,,,,
37.220000000112044,109.41857331813866,13.593912268082127,106.3286654646823,79.8084838160624,117.41582338185314,85.09480499257653,14.668383839250971,5.162221409814196,14.10590803874027,0.9615960955619812,0.8501146852970124,0.9991137266159058,0.8101097643375397,0.8315596342086793,0.9963624238967895,,,,,,
37.24000000011271,109.34900386929482,13.652916976042615,106.2290002640888,79.62106947179949,117.47863132879321,85.14214086753694,14.778201333439336,5.810506581299642,14.115209736584205,0.9620253801345825,0.8506237149238587,0.9991148471832275,0.81012242436409,0.8318807125091553,0.9962940692901612,,,,,,
37.26000000011337,109.27245686266372,13.717414415162624,106.12807731064964,79.43533222376234,117.54094239282168,85.18939683884982,14.899589950476987,6.284440729064416,14.124260749508455,0.963655436038971,0.8506643056869507,0.9991148233413696,0.8101365089416505,0.8300008594989777,0.996174430847168,,,,,,
37.280000000114036,109.19016086110295,13.785996228596176,106.03473901465698,79.24477550136778,117.60269188677525,85.23654634185054,15.027927736240166,6.519197796476799,14.133038158542366,0.965350329875946,0.8503768205642701,0.9991132736206054,0.8101438939571382,0.8277513980865479,0.9960181951522827,,,,,,
37.3000000001147,109.10340148605582,13.857226622190623,105.95404022472972,79.05288085877939,117.663815706475,85.28356287172502,15.159720248192107,6.654086296077465,14.141519359219568,0.966166615486145,0.8508579671382904,0.9991124153137207,0.8101766347885132,0.8261097311973572,0.9959049940109252,,,,,,
37.320000000115364,109.01350025807925,13.929648138827769,105.8860988640549,78.87265278892737,117.72425039727499,85.33041999840923,15.293839244031503,6.745228829665112,14.149682092629007,0.9678355932235718,0.8506087720394135,0.9991103529930114,0.8101861000061036,0.8240359902381897,0.9956995129585267,,,,,,
37.34000000011603,108.92198226312232,14.001746497189425,105.83151463013515,78.70980968009779,117.78393321993664,85.37709138144668,15.428662841808054,6.708815594919522,14.157504476085997,0.9692975521087647,0.8504916548728944,0.9991079568862915,0.8101990997791291,0.822239524126053,0.9954641819000244,,,,,,
37.36000000011669,108.83012904615624,14.072242990052633,105.79266740953541,78.56132492210605,117.8428022157604,85.42355078479557,15.561070550721514,6.508616334152182,14.164965033386878,0.9703302383422852,0.8503754615783692,0.999105715751648,0.8102063834667206,0.8210804045200348,0.9952513217926026,,,,,,
37.380000000117356,108.73876009700903,14.140041612963694,105.77031830019536,78.42675706904912,117.90079627090711,85.46977209157727,15.688374535466165,6.21239625426823,14.172042724611941,0.9714523792266846,0.8499689400196075,0.999102520942688,0.8102003753185273,0.8201251566410065,0.9949650406837464,,,,,,
37.40000000011802,108.64877587241524,14.204268679130964,105.76253307969166,78.31045942205392,117.95785517984227,85.51572931875769,15.809279488427125,5.870177028422686,14.178716975441297,0.972687554359436,0.8492781698703766,0.9990992784500122,0.8101832032203675,0.8192091882228851,0.9946661233901978,,,,,,
37.420000000118684,108.56100610481231,14.261566461570652,105.76797460610125,78.24887516889923,118.0139197078374,85.56139663175352,15.922146601421446,5.325647888464493,14.184967705949084,0.9732080221176147,0.8495284914970398,0.9990968942642212,0.81020045876503,0.8185277283191681,0.9944180727005005,,,,,,
37.44000000011935,108.47605871300577,14.305190433201494,105.80052659036176,78.26497034936624,118.06893165246353,85.60674835895504,16.015422696026974,3.820424518166466,14.190775358841897,0.9743774652481079,0.8485529303550721,0.9990927815437317,0.810168069601059,0.8179563820362091,0.9940332412719727,,,,,,
37.46000000012001,108.39427146776376,14.337238755173269,105.87776756132112,78.23890588240172,118.12283390401312,85.65175900615716,16.072654943545924,2.014877373994989,14.196120927108172,0.9763076543807984,0.8457645595073701,0.9990861177444458,0.8100572645664216,0.8177381992340088,0.9934373378753663,,,,,,
37.480000000120675,108.31594998214857,14.362810535207617,105.97089092642712,78.18426025610356,118.17557050478744,85.69640327089093,16.10553518763917,1.5486404605456594,14.20098598104535,0.9768290996551514,0.8447272956371308,0.9990819454193115,0.8100304543972016,0.8179736018180848,0.9929324388504028,,,,,,
37.50000000012134,108.2414862750225,14.38484183446173,106.03296966459203,78.19649736414637,118.22708670718815,85.74065605664711,16.14170393402691,2.096949715853844,14.20535269463295,0.9754580497741699,0.8468589782714844,0.9990831851959229,0.8101716697216035,0.8180393040180207,0.9926810503005982,,,,,,
37.520000000122,108.17128235631834,14.404370248440232,106.0612435321781,78.25030823516887,118.2773290305526,85.78449248698408,16.185352032974826,2.0990915709307623,14.209203871220062,0.9756309032440186,0.8469985008239747,0.9990831613540649,0.810212802886963,0.8175051033496857,0.9924440503120422,,,,,,
37.54000000012267,108.10567735083129,14.421722497953139,106.08327810424676,78.25689824348976,118.32624531667375,85.82788791951194,16.22049528663401,1.3700472061119888,14.212522968496302,0.9759993076324462,0.8464178264141083,0.9990814685821533,0.8101906299591065,0.8175199389457704,0.9922513008117676,,,,,,
37.56000000012333,108.04489355613215,14.436387358959061,106.10572300075783,78.22467517040582,118.37378478394747,85.87081795974507,16.241705037761964,0.8339819566461512,14.215294122716735,0.9763447046279907,0.8455562710762025,0.9990792751312256,0.8101402699947358,0.8178909957408905,0.9921176671981812,,,,,,
37.580000000123995,107.98901032655681,14.447234126878328,106.11602450094277,78.21872567110042,118.41989808009052,85.91325847481544,16.256176179519176,0.6172240671327779,14.217502172151217,0.9765048146247863,0.8453457295894623,0.999078631401062,0.8101517379283906,0.8177438914775849,0.9919061183929443,,,,,,
37.60000000012466,107.93800271986825,14.453987081118237,106.1144877871545,78.23508184093453,118.46453733337475,85.95518560703863,16.264584792436146,0.15933639494589447,14.219132679730237,0.9766770720481872,0.8455080568790436,0.9990786790847779,0.8102133333683015,0.817076188325882,0.9915128707885742,,,,,,
37.62000000012532,107.89177080589084,14.457651256781952,106.11120260331181,78.22890983540894,118.50765620232434,85.99657578732538,16.26121026301163,-0.4814222158561168,14.220171954859584,0.976996123790741,0.8452551722526551,0.9990776777267456,0.8102525472640991,0.8166080117225647,0.9910175561904907,,,,,,
37.64000000012599,107.85014442972354,14.459295044926007,106.10402256389254,78.20575089621758,118.54920992382444,86.0374057484308,16.247551009576476,-0.812721634776111,14.220607074377615,0.9772584438323975,0.8447416126728058,0.9990762948989869,0.8102582275867463,0.8165420413017274,0.9906315088272095,,,,,,
37.66000000012665,107.81288353220874,14.459505695046598,106.08356375709789,78.196848691836,118.58915535959117,86.07765253803386,16.230688515816176,-0.8607729519194346,14.220425902629366,0.9773177623748779,0.8445390343666077,0.9990758895874023,0.8102767288684846,0.8164776742458344,0.9903608560562134,,,,,,
37.680000000127315,107.77968694839161,14.4585580520379,106.05085700039707,78.19956486681463,118.62745104095495,86.11729353163994,16.212278405807513,-1.0205556156649729,14.219617110633042,0.977322769165039,0.8445477902889252,0.999075973033905,0.8103183865547181,0.8162359595298767,0.9900320649147034,,,,,,
37.70000000012798,107.75019070417295,14.45630877719969,106.01525630735375,78.19556448347919,118.66405721191047,86.15630644529911,16.18851278650574,-1.3734120179665292,14.218170194315256,0.9774112224578857,0.8443298041820526,0.9990754842758178,0.8103508651256561,0.8160712063312531,0.9896100997924805,,,,,,
37.72000000012864,107.72396802156179,14.452087703490701,105.9821096169366,78.18985895421281,118.69893587038865,86.19466934813278,16.15734472078032,-1.733789680893731,14.216075491792424,0.9774978756904602,0.8439292430877686,0.9990746736526489,0.8103640079498291,0.8161127865314484,0.9892282485961914,,,,,,
37.74000000012931,107.70053640189253,14.445248170153148,105.95207318147511,78.19634195146662,118.73205080770794,86.23236067466217,16.11945240529496,-2.0536506662577665,14.21332419967688,0.9774954795837403,0.8436280965805054,0.9990741968154907,0.8103803515434266,0.8161896705627442,0.9888985395431519,,,,,,
37.76000000012997,107.67938264829317,14.435917934976985,105.92629196592068,78.21130062087109,118.76336764616362,86.26935923693114,16.075216563380373,-2.364642169956166,14.209908388387138,0.9774386167526246,0.8434317886829377,0.9990740418434143,0.8104065895080567,0.8162211060523987,0.9885569095611573,,,,,,
37.780000000130634,107.66000347709681,14.42477495977201,105.90489907079962,78.22786633370139,118.79285387471656,86.30564423641681,16.02550624869962,-2.581948762796447,14.205821016443057,0.9773499488830566,0.8432229042053223,0.9990739226341248,0.8104290008544922,0.8163186490535737,0.9882451057434082,,,,,,
37.8000000001313,107.6419367251052,14.412204443358709,105.88533848075336,78.25295110774205,118.82047888274388,86.34119527572149,15.9728793708372,-2.666411511738064,14.201055943727496,0.977180540561676,0.8430522680282593,0.9990740180015564,0.8104426980018616,0.8165398180484772,0.988065505027771,,,,,,
37.82000000013196,107.62476668031385,14.39816191284105,105.86695808479676,78.29085421328357,118.84621399181694,86.37599237003879,15.918845011593879,-2.7488441572429227,14.19560794369757,0.9769221186637879,0.8429793119430542,0.9990744590759277,0.8104525566101075,0.8168356001377106,0.9880210280418396,,,,,,
37.840000000132626,107.60813021175296,14.38269582957694,105.85271924579924,78.33205670929368,118.87003248547325,86.41001595838807,15.862430274155571,-2.897680175017889,14.189472714529323,0.976630425453186,0.8429227590560914,0.9990749716758728,0.8104585230350495,0.8171861112117768,0.9880362033843995,,,,,,
37.86000000013329,107.59171738662006,14.366074236255079,105.84381261233987,78.37134708877734,118.89190963695181,86.44324691461048,15.803256612219602,-3.0013310922076846,14.182646889181225,0.9763208389282226,0.8428542137145997,0.9990754961967468,0.8104610085487366,0.8175887048244477,0.9880815982818604,,,,,,
37.880000000133954,107.57528676560253,14.348510707942323,105.8375518358752,78.41535595552396,118.91182273486272,86.47566655812065,15.74316227231113,-2.99372054364425,14.17512804436273,0.9759562015533447,0.8428806066513062,0.9990762829780578,0.8104661464691163,0.8179898858070374,0.9881852388381958,,,,,,
37.90000000013462,107.55866206911853,14.330313020737341,105.831862519845,78.46510928865209,118.92975110676466,86.5072566644078,15.683722103250794,-2.951082029479349,14.16691470839567,0.9758803725242615,0.8419971227645875,0.9990749835968018,0.8104923188686372,0.81847283244133,0.9873371005058289,,,,,,
37.92000000013528,107.5417290962483,14.312133641658452,105.82677665725707,78.51081237609485,118.94567614062557,86.53799947528064,15.625162341865986,-2.8965968598999963,14.15800636795717,0.9751787185668945,0.842438703775406,0.999077033996582,0.8104480266571046,0.8193552196025848,0.9883319735527039,,,,,,
37.940000000135946,107.52444024205657,14.294796963614761,105.82072571043643,78.54805191370701,118.95958130414444,86.56787770884998,15.568541505991538,-2.7430963993737945,14.148403473694216,0.9742395877838135,0.8432166814804077,0.9990800380706787,0.810395473241806,0.8203928291797639,0.9895958662033081,,,,,,
37.96000000013661,107.506811058302,14.27888766685022,105.81027920108299,78.58212756945892,118.97145216191409,86.59687456924361,15.516185123771585,-2.4829269230610542,14.138107444701319,0.9732115030288696,0.8439183413982392,0.9990829348564148,0.810310572385788,0.821850198507309,0.9909425735473633,,,,,,
37.980000000137274,107.48890315454426,14.264677495066259,105.79449219238576,78.61410813288312,118.98127639040693,86.62497375604806,15.469145713298989,-2.23148865301639,14.127120671853532,0.9723175644874573,0.8445014774799348,0.9990853548049927,0.8102462589740753,0.8231092095375061,0.9918956756591797,,,,,,
38.00000000013794,107.47081034582827,14.251465893430838,105.77592528762095,78.64873738632,118.98904379076852,86.65215947347177,15.426281663827417,-2.08693249224651,14.115446519988996,0.971587872505188,0.8448860406875611,0.9990871667861938,0.8102040469646454,0.8241511166095734,0.9924956083297729,,,,,,
38.0200000001386,107.45261313917568,14.237233801377501,105.7611611902297,78.69242835911977,118.99474629940529,86.67841643922456,15.383622688050886,-2.227612712110389,14.103089328935933,0.9711552381515502,0.8448032915592194,0.9990879535675049,0.8101529300212861,0.8249602496623993,0.9929431557655335,,,,,,
38.040000000139266,107.43437086009774,14.222365647846765,105.75625997883505,78.71801411361585,118.99837799635563,86.7037298931085,15.33667714174252,-2.4362774728914394,14.090054413380525,0.9708906888961792,0.8445574998855592,0.9990882873535156,0.8100893616676331,0.8256307601928712,0.9933856844902038,,,,,,
38.06000000013993,107.41616146339778,14.207866597911812,105.75431528433573,78.73410760742746,118.99993511143558,86.7280856053153,15.288483026599714,-2.319271475235686,14.07634806157332,0.9706558465957642,0.844273567199707,0.9990883588790893,0.8100665748119354,0.8260381281375886,0.9935230255126953,,,,,,
38.08000000014059,107.39810989720982,14.194844294243609,105.74422355650378,78.75745567486541,118.9994160281528,86.75146988442548,15.245607260198433,-1.9551810981995745,14.06197753287324,0.9702661275863648,0.8442339062690736,0.9990893483161927,0.8100518465042115,0.8266258120536805,0.9937053442001342,,,,,,
38.10000000014126,107.38037952020167,14.184327552350616,105.72428825110742,78.77777000156115,118.99682128538468,86.7738695851049,15.209895444454984,-1.6351786525970495,14.046951054129341,0.969810175895691,0.8449164569377899,0.9990912437438965,0.8100314378738404,0.8268703758716583,0.9941100597381591,,,,,,
38.12000000014192,107.36314719612291,14.177137620981885,105.69836484956781,78.77734737888035,118.99215357681902,86.7952721154944,15.179808980522784,-1.3671135113144088,14.031277814901983,0.9694921612739563,0.8450297713279724,0.9990922093391419,0.8100185334682465,0.8272920370101929,0.9942821025848388,,,,,,
38.140000000142585,107.34657875573723,14.173844007220982,105.66624571341792,78.75797394120038,118.98541774815743,86.81566544428817,15.156001598172757,-0.9886334989741361,14.014967961526036,0.9692755460739135,0.8452068328857423,0.9990933179855347,0.8099914193153381,0.8278729617595673,0.9944944620132447,,,,,,
38.16000000014325,107.3308130923967,14.174761765418792,105.6251831022775,78.73073747492583,118.97662079208501,86.83503810749711,15.140939335391284,-0.5143798778197152,13.998032590020628,0.9692209482192993,0.8452318727970124,0.9990944385528564,0.8099757015705109,0.828710526227951,0.994551169872284,,,,,,
38.18000000014391,107.31595178937137,14.17993542228548,105.57646498541331,78.6964164809881,118.96577184101096,85.0,15.135024664503336,-0.09509711290012925,15.094721925847214,0.9700928330421448,0.8441031634807588,0.9990940570831299,0.8099280416965485,0.8284544348716736,0.9945483207702637,,,,,,
38.20000000014458,107.30205451056217,14.189203722710158,105.52474973216351,78.64921083472872,118.95288215758792,85.0,15.136493639414345,0.232910261413177,15.086972741338329,0.9705989599227905,0.8436954855918884,0.9990942001342773,0.8099033772945404,0.8280448496341706,0.994604516029358,,,,,,
38.22000000014524,107.28913887785333,14.202280365643412,105.47286450268962,78.59078503935206,118.93796512301982,85.0,15.14431295490853,0.553661897104088,15.07800472797448,0.9709818124771118,0.8435176551342011,0.9990944504737854,0.8098676621913911,0.8277525544166565,0.9947563171386719,,,,,,
38.240000000145905,107.27718453952686,14.218750743491228,105.42124732974462,78.52931987829795,118.92103622317049,85.0,15.158764589999366,0.8893520199640375,15.067827195745068,0.9715729594230652,0.842839139699936,0.9990941643714905,0.8098395347595215,0.8274554014205933,0.9947464942932129,,,,,,
38.26000000014657,107.26614507344902,14.238087802601799,105.37133237739346,78.46842762621357,118.90211303248718,85.0,15.179533118215787,1.1737324490160865,15.056450710280757,0.9723787546157837,0.8422121345996857,0.9990937829017639,0.8098198235034944,0.8266840577125549,0.9946975946426392,,,,,,
38.28000000014723,107.25593301114401,14.25972073390182,105.32610466912497,78.4068697944106,118.88121519575601,85.0,15.205150356791867,1.3763783650146701,15.043887081884975,0.973000419139862,0.841781634092331,0.9990932226181031,0.8098070025444031,0.8260574102401734,0.9946351051330566,,,,,,
38.3000000001479,107.24640555263028,14.28305767598425,105.28769756200188,78.3456907501822,118.85836440770805,85.0,15.234289064752083,1.533406046473664,15.030149353273227,0.9732168197631836,0.8417788207530976,0.9990931749343872,0.8098103880882264,0.8256630837917328,0.9946144223213196,,,,,,
38.32000000014856,107.23740306855626,14.307503211181794,105.25659544456218,78.2889242392839,118.83358439049732,85.0,15.266352305750717,1.6685256181651402,15.015251786033055,0.9737275838851929,0.8415588855743409,0.9990926742553711,0.8098068535327911,0.8250088334083557,0.9945493936538696,,,,,,
38.340000000149224,107.22876943590316,14.332508491254194,105.23299620763042,78.23882290068062,118.80690086907403,85.0,15.300765176063484,1.7641923597866334,14.999209845818584,0.9742329478263855,0.8413679480552674,0.9990919589996338,0.8098045229911804,0.8243610680103303,0.9944638729095459,,,,,,
38.36000000014989,107.22036268625367,14.357529458650383,105.2174424505652,78.19501675489863,118.77834154447866,85.0,15.336559790869082,1.806993199448158,14.982040186295137,0.9745665669441224,0.8412039399147034,0.999091374874115,0.8098008811473847,0.8239863872528077,0.9943989515304565,,,,,,
38.38000000015055,107.21206791657225,14.38207761497429,105.21008350137917,78.15722908112028,118.74793606508462,85.0,15.37278376149166,1.8105937097554419,14.963760631850505,0.9749444246292114,0.8409178137779236,0.9990903496742248,0.8097910165786744,0.8237026393413545,0.9943020820617676,,,,,,
38.400000000151216,107.20379442692844,14.40577309436817,105.21024371208092,78.12630890925504,118.71571599581927,85.0,15.408826119770811,1.7898574168285024,14.944390159090876,0.9754345297813416,0.8404652953147889,0.9990891933441162,0.8097742021083832,0.8233893096446991,0.994194221496582,,,,,,
38.42000000015188,107.19548169886102,14.428293537648871,105.21691582032797,78.1025887454365,118.68171478539534,85.0,15.444205306730169,1.7431555017044835,14.923948877140582,0.9756470799446106,0.8403931260108948,0.9990884065628052,0.8097730636596681,0.8231596946716309,0.9941132426261902,,,,,,
38.440000000152544,107.18710946677353,14.449382062014823,105.22917152263346,78.0851909100058,118.6459677315868,85.0,15.478350751243184,1.6666725474760058,14.902458006766192,0.9758111715316773,0.8403641164302826,0.9990876674652099,0.8097734391689301,0.8229697525501252,0.9940369844436645,,,,,,
38.46000000015321,107.17873161028004,14.468844952465243,105.24599662066714,78.07300985966951,118.6085119445849,85.0,15.510717030129257,1.5670192984450135,14.879939858346479,0.975925064086914,0.8403757929801942,0.9990869998931885,0.8097751438617706,0.8228259205818177,0.9939659833908081,,,,,,
38.48000000015387,107.17044977457452,14.486543115349143,105.2661071617498,78.06541029956934,118.56938630847309,85.0,15.54094303512141,1.4537722407845544,14.856417808711342,0.9759990215301514,0.8404175937175751,0.9990863800048828,0.8097778201103211,0.8227185249328614,0.9939014673233032,,,,,,
38.500000000154536,107.16232324247599,14.502401532489515,105.28814170595116,78.06185067587843,118.52863144085994,85.0,15.568794171676416,1.3293157396001973,14.83191627687349,0.9760444760322571,0.8404818415641785,0.9990858316421509,0.8097812652587891,0.8226335883140564,0.9938438892364502,,,,,,
38.5200000001552,107.15436048796396,14.516402555581454,105.31092902763231,78.06134857605876,118.48628965071288,85.0,15.59403073699998,1.1923382968940646,14.806460698678329,0.9760669231414795,0.8405629515647889,0.9990853548049927,0.809785270690918,0.8225673258304597,0.993792462348938,,,,,,
38.540000000155864,107.14667939151755,14.528580402901609,105.33347483421079,78.06275312577192,118.4424048944357,85.0,15.616426344134775,1.0462927946934084,14.78007750039811,0.9760706543922424,0.8406534731388092,0.9990849256515503,0.809789502620697,0.8225208520889282,0.9937463998794556,,,,,,
38.56000000015653,107.13941053560853,14.539006635138785,105.35482799188044,78.06529469285263,118.3970227302361,85.0,15.635868210252307,0.8979632031008735,14.75279407129802,0.9760612487792969,0.8407463133335114,0.9990845441818237,0.8097936809062958,0.8224906504154206,0.9937057375907898,,,,,,
38.58000000015719,107.13268025160309,14.547783348743595,105.37412805186328,78.06848378937424,118.3501902708301,85.0,15.652354048065334,0.750883731023193,14.72463873520239,0.9760444641113282,0.840837049484253,0.9990842342376709,0.8097976803779603,0.8224701821804047,0.993670642375946,,,,,,
38.600000000157856,107.12660552012377,14.55503571666589,105.39074983758307,78.07175441030974,118.30195613453287,85.0,15.665914106492172,0.6054586457641902,14.695640721090903,0.976024055480957,0.8409217417240143,0.9990839481353759,0.8098013579845429,0.8224570631980896,0.9936404705047608,,,,,,
38.62000000015852,107.12128774670231,14.560904702044242,105.4043178945422,78.07452699959141,118.25237039478641,85.0,15.676595005989409,0.46350595279331347,14.665830132754962,0.9760025143623352,0.8409956455230714,0.9990837097167968,0.8098044991493225,0.822452449798584,0.9936144590377808,,,,,,
38.64000000015918,107.11680721089257,14.565540092608083,105.41462148071415,78.07648339830024,118.20148452817666,85.0,15.684502402044567,0.3287058229587155,14.635237917545972,0.9759825348854065,0.8410544812679291,0.9990834951400757,0.8098069131374359,0.8224559843540192,0.9935923099517823,,,,,,
38.66000000015985,107.11321884401013,14.569094207305902,105.4215917061309,78.0775619276469,118.14935136099403,85.0,15.689807735256366,0.20350193979248718,14.603895834247897,0.9759662508964538,0.8410967946052552,0.9990833163261413,0.8098085761070252,0.8224651038646699,0.9935739517211915,,,,,,
38.68000000016051,107.11054950289986,14.571716710295426,105.42534072444168,78.0777584946091,118.09602501439261,85.0,15.692709843348453,0.08841669108872405,14.571836420107395,0.9759547591209412,0.8411217868328095,0.9990831613540649,0.8098094582557679,0.8224788963794709,0.9935591101646424,,,,,,
38.700000000161175,107.10879683167734,14.573550608163968,105.42615315313485,78.07708685426707,118.04156084820525,85.0,15.6934160625435,-0.01587879996303245,14.539092957055853,0.975947380065918,0.8411302149295807,0.9990830421447754,0.8098095774650574,0.8224984169006349,0.9935474395751953,,,,,,
38.72000000016184,107.10792976700931,14.57472921349755,105.42441895428588,78.07568388903772,117.98601540347272,85.0,15.69215708560922,-0.10783508364903127,14.505699437158302,0.9759431481361389,0.8411230981349945,0.9990829348564148,0.8098089814186097,0.8225244700908662,0.9935388445854187,,,,,,
38.7400000001625,107.1078905797226,14.575374000377614,105.42058560686228,78.07381549698916,117.92944634374658,85.0,15.689192429576078,-0.1863716740990976,14.471690527325155,0.975941276550293,0.8411025166511537,0.9990828514099122,0.8098077535629273,0.8225564539432526,0.9935333967208863,,,,,,
38.76000000016317,107.10859819703006,14.575593399291174,105.41514961260549,78.07176612072753,117.87191239522674,85.0,15.684791338877593,-0.25154690363383947,14.43710153332334,0.9759402513504029,0.8410716533660889,0.9990828037261963,0.8098060369491578,0.8225939273834229,0.9935310840606689,,,,,,
38.78000000016383,107.10995251730338,14.575482452752128,105.40863876066574,78.06978200730286,117.81347328579591,85.0,15.679217264358371,-0.3036988514622531,14.401968363124219,0.9759384632110596,0.841033560037613,0.9990827798843384,0.8098039627075195,0.8226370751857758,0.9935317277908325,,,,,,
38.800000000164495,107.11183943949236,14.575123110918247,105.40156794027132,78.06810327980826,117.75418968301405,85.0,15.672730032008094,-0.34286059136967345,14.366327489626357,0.9759339928627014,0.8409916758537292,0.9990827798843384,0.8098016798496247,0.8226860404014588,0.993535327911377,,,,,,
38.82000000016516,107.11413631163232,14.574584988519103,105.39440244537927,78.06697331598707,117.69412313113745,85.0,15.665588081392796,-0.3692610282648459,14.330215912791793,0.9759258508682251,0.8409487664699555,0.9990828037261963,0.8097993075847626,0.8227400124073029,0.9935417652130127,,,,,,
38.84000000016582,107.11671745966753,14.573926494554184,105.38754679896566,78.06658907788514,117.63333598722755,85.0,15.658039000305743,-0.3837592589356125,14.293671121235171,0.9759129524230957,0.8409081757068635,0.9990828514099122,0.8097970128059387,0.8227975904941559,0.9935509204864502,,,,,,
38.86000000016649,107.11945947710528,14.573196223750603,105.38133913386727,78.06706647073347,117.57189135641609,85.0,15.650309330403806,-0.38750766274250525,14.256731053305558,0.93379887342453,0.8517282366752625,0.9990496635437012,0.8099979877471924,0.8758246004581451,0.9854415655136108,,,,,,
38.88000000016715,107.12224603011838,14.57243444153724,105.3760369490521,78.06845576690824,117.50985302639356,85.0,15.64260334757472,-0.3815579905667926,14.21943405770143,0.9343447685241699,0.8500699281692505,0.9990331292152405,0.809892201423645,0.8694216847419739,0.984790563583374,,,,,,
38.900000000167815,107.12497198050517,14.571674525464543,105.37180663223302,78.07076007631605,117.44728540118912,85.0,15.635104531184412,-0.36699006875154866,14.181818853659628,0.9353870511054992,0.8484319150447845,0.9990192174911499,0.8097996830940247,0.8650240421295167,0.9838419198989868,,,,,,
38.92000000016848,107.12754667282691,14.570944313785674,105.36872783928133,78.0739263251122,117.38425343431062,85.0,15.627972337242237,-0.3451373325159535,14.14392449075958,0.9347947001457214,0.848264890909195,0.9990089297294616,0.8097666025161744,0.8617278337478638,0.9833315134048461,,,,,,
38.94000000016914,107.1298962775444,14.570267276936068,105.36680473459435,78.07783755556065,117.32082256131432,85.0,15.621337822234334,-0.3174613986359101,14.105790308384755,0.9330880403518677,0.8491788923740388,0.9990009188652038,0.8097772598266602,0.8584945559501649,0.9831804871559143,,,,,,
38.960000000169806,107.13235037706518,14.563063750420172,105.36851604925154,78.17160618035183,117.25705863187397,85.0,15.613746549295731,-0.6421415595696518,14.067455894883064,0.9300628662109375,0.8510879755020142,0.9989945411682128,0.8098225951194764,0.8556141257286072,0.9834330081939697,,,,,,
38.98000000017047,107.13641414252072,14.532262236969714,105.41466727890855,78.42720623265458,117.1930278414202,85.0,15.579040097062721,-3.28404938289984,14.02896104646894,0.9305988550186157,0.8499357044696808,0.9989839315414428,0.8097557723522186,0.8531867623329163,0.9827015280723572,,,,,,
39.000000000171134,107.14307833502495,14.482038309949958,105.56062712377708,78.56030604111038,117.12879666242081,85.0,15.475932335115829,-6.777625936304362,13.99034572590957,0.9324034690856934,0.8474940776824952,0.9989758491516113,0.8095327198505402,0.8585322141647339,0.9805698871612549,,,,,,
39.0200000001718,107.15285909916223,14.423689521949251,105.74706596339517,78.60675788740019,117.06443177537354,85.0,15.330275684858826,-7.126297893850906,13.951650021038237,0.930073356628418,0.8458703398704529,0.9989652395248413,0.8094435751438142,0.8605680942535401,0.9791023254394531,,,,,,
39.04000000017246,107.16630180862424,14.365269827218818,105.86141548713911,78.78410329101095,116.99999999958284,85.0,15.208576735938298,-4.943207519149647,13.912914103137826,0.9287142038345337,0.8467315256595612,0.9989588856697083,0.8096346318721772,0.8531184136867523,0.9802671432495117,,,,,,
39.060000000173126,107.18448809852852,14.310601187367679,105.89324517159919,79.03921471200233,116.93556822379257,85.0,15.124242688597258,-3.8699362632600325,13.874178185237671,0.918677544593811,0.8542100965976716,0.9989663243293763,0.8100562989711761,0.8491002440452576,0.9816186428070068,,,,,,
39.08000000017379,107.20796624019398,14.260217191143804,105.91104109594762,79.17781988728655,116.8712033367466,85.0,15.041371144813132,-4.536778018818042,13.835482480367126,0.9117031574249268,0.8585595607757569,0.9989701271057129,0.8101795434951783,0.8507854104042054,0.9834519863128662,,,,,,
39.100000000174454,107.23692867823003,14.212558789358184,105.93592266941481,79.21506602020216,116.80697215774937,85.0,14.946399241475866,-4.77446948870204,13.796867159809054,0.9083966016769409,0.8592247486114503,0.9989707827568054,0.8101048648357392,0.8547550797462464,0.9853464961051941,,,,,,
39.12000000017512,107.27115153763772,14.160738780997582,105.94291422927115,79.33744575399301,116.74294136729863,85.0,14.853679196483071,-4.58587811058789,13.758372311396748,0.9080962538719177,0.8585896253585816,0.9989719867706299,0.8100733697414398,0.8550286531448364,0.9861364603042603,,,,,,
39.14000000017578,107.31014033262986,14.101982273798157,105.94931439170013,79.50618163186115,113.47863132919825,85.0,14.75486282499262,-5.494340533913685,11.795892710522441,0.9107390403747558,0.856448268890381,0.9989706635475158,0.8100539326667786,0.8521705031394959,0.9857604026794433,,,,,,
39.160000000176446,107.35336238396295,14.03890240927539,105.98488730392314,79.59974583851947,112.90337324094578,85.0,14.63185128787037,-6.685741717473324,11.450051705759797,0.9136232018470765,0.8540374040603638,0.9989670395851136,0.8100722312927247,0.8497294127941132,0.9841927766799927,,,,,,
39.18000000017711,107.40093784789127,13.974653882173897,106.02631319514497,79.66512368173973,112.80697215816458,85.0,14.49629726432784,-6.636130238871911,11.392096071566918,0.9144576668739319,0.852818238735199,0.9989656686782837,0.8101378440856934,0.8489945590496064,0.9827314376831054,,,,,,
39.20000000017777,107.45347883360351,13.912177862846507,106.03551660698143,79.77481644928201,112.71102190085203,85.0,14.371868428621116,-5.793426082393275,11.334411470387273,0.9121749758720398,0.8541650176048279,0.9989707946777344,0.810243171453476,0.8493639945983887,0.9831347465515137,,,,,,
39.22000000017844,107.51162267479788,13.854320280725988,106.01492914560319,79.88627348961853,112.61574656527999,85.0,14.261734202431247,-5.315607523496023,11.277132627279777,0.910232973098755,0.8556562781333924,0.9989753842353821,0.8103769719600677,0.8483106136322022,0.9831872105598449,,,,,,
39.2400000001791,107.57554987807681,13.809890924962875,105.98267003627238,79.85245817146495,112.5213686714093,85.0,14.15911016496364,-4.716896900402044,11.220393319636532,0.9090046286582947,0.8560140252113343,0.9989782094955444,0.810383015871048,0.8493608415126801,0.9840125203132629,,,,,,
39.260000000179765,107.64489858865632,13.794343729516015,105.89566887334128,79.66240989089933,112.42810864318417,85.0,14.091731716885565,-1.5752911078367704,11.164326064739605,0.9021709680557252,0.8607454657554627,0.9989859580993652,0.8103900074958802,0.8524759769439698,0.9874003410339356,,,,,,
39.28000000018043,107.7191169661514,13.7944652677703,105.70652142542949,79.67385858195078,112.33618429372176,85.0,14.096674338088349,1.5542059853659351,11.109061810260695,0.8939208090305328,0.8688223123550416,0.9989985704421998,0.8106815993785859,0.850582379102707,0.989128851890564,,,,,,
39.30000000018109,107.79696417007173,13.79423307237877,105.52761075570082,79.76014517501734,112.24581031659959,85.0,14.12178185847341,0.22060080620353756,11.054729628426841,0.8954540729522705,0.8685054957866669,0.9990009784698486,0.8106376528739929,0.8490626215934753,0.9897631645202637,,,,,,
39.32000000018176,107.8769116479295,13.791606115905946,105.47874905303742,79.62431212892672,112.15719778442875,85.0,14.095706615382372,-2.5288340713396336,11.00145641456622,0.904993987083435,0.8591790437698364,0.998985743522644,0.8101178050041199,0.8503900170326233,0.9898275375366211,,,,,,
39.34000000018242,107.95767848890716,13.78709886456089,105.49652302514433,79.4658006944517,112.07055365588405,85.0,14.043951424543264,-2.066629082202448,10.949366590738261,0.9135495066642761,0.8512892603874207,0.9989707946777344,0.8098073601722717,0.8497982859611511,0.9886428833007812,,,,,,
39.360000000183085,108.0382800099161,13.78147826980828,105.4799128682635,79.51712069769721,111.9860802923424,85.0,14.02304345578501,-0.15948838047266573,10.898581815140101,0.9133323550224305,0.8519732117652894,0.9989698052406311,0.8098636329174043,0.8469007134437562,0.9886974573135376,,,,,,
39.38000000018375,108.11873858766268,13.776188263377394,105.45565173825455,79.63430369655406,111.90397498525844,85.0,14.023395435965854,-0.17802483399655325,10.849220697968295,0.9106065988540649,0.8550002098083497,0.9989686012268066,0.8100585520267487,0.8428295731544495,0.9882417678833008,,,,,,
39.40000000018441,108.19986724554151,13.77276792213738,105.48477281675682,79.62919499717161,111.82442949538131,85.0,14.009897370983252,-1.0509240558757613,10.801398524399186,0.9084576368331909,0.8559775829315186,0.9989624500274659,0.8100940942764283,0.8429558336734773,0.9878558397293091,,,,,,
39.42000000018508,108.28199327228234,13.772485127067007,105.54010214835758,79.58009347267596,111.74762960488835,85.0,13.992793118335037,-0.35039168566864326,10.755226985334982,0.9058927178382874,0.8565617799758911,0.9989590167999267,0.8100334703922272,0.8461779654026031,0.9885806083679199,,,,,,
39.44000000018574,108.36408896975222,13.77886987571693,105.56620020708235,79.58182677080626,111.67375468348239,85.0,14.002620051948883,1.3648547663592616,10.71081391654457,0.9035144448280334,0.8581872761249543,0.9989596605300903,0.8100464463233948,0.846836256980896,0.9895106434822083,,,,,,
39.460000000186405,108.44438665914298,13.79829048810405,105.55671360174813,79.56157071259766,111.60297726946538,85.0,14.046274150430975,2.932483843457226,10.668263046807994,0.9001631617546082,0.8615279316902161,0.9989591598510742,0.8101163148880005,0.8451321303844452,0.9904578685760498,,,,,,
39.48000000018707,108.52155344054229,13.826185739751372,105.5313504245322,79.54054415467066,111.5354626667673,85.0,14.115413311600527,3.818736087626209,10.627673755653156,0.8972479939460755,0.86437007188797,0.9989646911621094,0.8103891313076019,0.848992109298706,0.9905705571174621,,,,,,
39.50000000018773,108.5948890580256,13.854302769565887,105.5228993785406,79.53408042657085,111.47136855887106,85.0,14.191511791984016,3.61628794515205,10.58914084125027,0.8962546110153199,0.8650487124919892,0.9989639043807983,0.8103961527347565,0.8523933172225953,0.991129469871521,,,,,,
39.520000000188396,108.66415110600768,13.878374275501377,105.5571936363041,79.51011521394504,111.41084464053547,85.0,14.25605073579065,2.8412505358801345,10.552754299006352,0.8983105421066284,0.8630773186683656,0.9989495038986206,0.8101027429103852,0.8486794292926789,0.9914997339248657,,,,,,
39.54000000018906,108.72949069326256,13.89885465890561,105.62425616504255,79.47534212167123,111.35403226817623,85.0,14.308954171270612,2.5888174949341742,10.518599111376819,0.9014070630073547,0.8606966435909271,0.9989312291145325,0.8098585784435273,0.8416916310787201,0.9910398483276367,,,,,,
39.560000000189724,108.79150526906962,13.91688495483875,105.69381055756826,79.48011514631789,111.3010641297214,85.0,14.363813874762428,2.9338458370596197,10.486755049384968,0.9021037697792054,0.8603850662708283,0.9989243984222412,0.8098509848117829,0.8398177087306977,0.9906442642211915,,,,,,
39.58000000019039,108.85126982384668,13.933597703070403,105.75638008235761,79.5139856291654,111.25206393471265,85.0,14.425056840087374,3.1203477604655596,10.457296486313094,0.8994549632072449,0.8629819750785828,0.99892258644104,0.8099629342556001,0.8383526146411896,0.9903539657592774,,,,,,
39.60000000019105,108.910203443131,13.94994685143913,105.82113366677414,79.52824442850172,111.20714612537589,85.0,14.486454863611241,3.0070436503663456,10.430292224000233,0.8967407643795013,0.8653037846088409,0.998921012878418,0.8100413441658021,0.8379881739616395,0.9902189016342163,,,,,,
39.620000000191716,108.96941145611758,13.966745638570321,105.88711536904651,79.5159666399414,111.16641560933608,85.0,14.546698955456007,3.079545164385868,10.40580533215227,0.895025509595871,0.8666377425193788,0.9989197134971619,0.8100894510746003,0.8380203306674958,0.9900254726409912,,,,,,
39.64000000019238,109.02955460403663,13.986496740653818,105.94132083333854,79.48050458662848,111.12996751460072,85.0,14.612149385456112,3.5425445773641613,10.383893001039716,0.8935281574726105,0.8680752515792847,0.9989199638366699,0.8101466715335847,0.8377592027187348,0.98989177942276,,,,,,
39.660000000193044,109.0907794221815,14.013374954602913,105.96875905364762,79.41737609658388,111.09788696738391,85.0,14.692058342060388,4.503599473957891,10.364606407927223,0.8917048156261445,0.870213532447815,0.9989232063293457,0.8103002071380616,0.8379743993282318,0.9896740674972534,,,,,,
39.68000000019371,109.15323774885455,14.043511922829275,105.96715765664744,79.39603628819074,111.07024889329014,85.0,14.790172841543082,5.140767484111694,10.347990597546648,0.890054726600647,0.8724926948547364,0.9989307165145874,0.8105713129043579,0.840041345357895,0.9891728520393371,,,,,,
39.70000000019437,109.21710458618757,14.071927635341664,105.96909923048555,79.38349406554691,111.04711784232207,85.0,14.889188044186097,4.577178766394465,10.334084376893035,0.889691162109375,0.8735336303710938,0.9989300966262817,0.8106126725673676,0.8385458648204804,0.9887824535369873,,,,,,
39.720000000195036,109.2827945246506,14.096627016637946,106.0026462465282,79.32477628751808,111.02854783812103,85.0,14.970414999235771,3.59722097916392,10.322920224589076,0.890341591835022,0.8732434093952179,0.9989182233810425,0.8103895485401154,0.833430027961731,0.9885509014129639,,,,,,
39.7400000001957,109.35071726908423,14.117521108992038,106.05441515040269,79.26285080674629,111.01458225179229,85.0,15.037944002806114,3.2878254977260073,10.314524215029781,0.8932333409786225,0.8706758916378021,0.9989119410514832,0.8102944850921632,0.8329334616661073,0.9878275394439697,,,,,,
39.760000000196364,109.42129574449167,14.135115802448412,106.10036065845735,79.25052139294283,111.00525370060981,85.0,15.104753465931022,3.384157296760217,10.308915957484498,0.8936229169368745,0.8708249568939209,0.9989104032516479,0.8103103578090668,0.8320804297924043,0.987337851524353,,,,,,
39.78000000019703,109.49498641273318,14.149690706064138,106.14204556656263,79.26530700800309,111.00058397183713,85.0,15.170729617059713,3.127892961639487,10.306108550298585,0.8922592461109161,0.8725974857807159,0.9989112854003906,0.8103877544403076,0.8314110457897187,0.9869332790374756,,,,,,
39.80000000019769,109.57219163898667,14.161017292937961,106.19329104412664,79.26693279800094,111.00058397184218,85.0,15.22761435204184,2.5525306601622506,10.30610855030162,0.8910312175750733,0.8737784206867218,0.9989121437072754,0.8104320645332337,0.8316727936267854,0.9865561366081238,,,,,,
39.820000000198355,109.653071677285,14.169233388388047,106.2539056151173,79.2581196962582,111.00525370062492,85.0,15.274307604589623,2.179868546189871,10.308915957493578,0.8904536843299866,0.8740787625312806,0.9989134311676026,0.8104368031024933,0.832567584514618,0.9863116979598999,,,,,,
39.84000000019902,109.73739134727974,14.174537258978056,106.31271119625417,79.2698853731528,111.01458225181743,85.0,15.316892655738396,2.0943328220202857,10.314524215044894,0.8900415539741516,0.874432522058487,0.998915684223175,0.8104478359222412,0.8331956028938294,0.9862055540084839,,,,,,
39.86000000019968,109.82441306811272,14.176248175690358,106.36810960240025,79.31033594801262,111.02854783815614,85.0,15.356858985130662,1.842450009493482,10.32292022461019,0.889561676979065,0.8750769913196564,0.9989184141159058,0.8104745090007782,0.8334616303443909,0.9861149549484253,,,,,,
39.88000000020035,109.91329085188865,14.174482611700675,106.42962760840562,79.34502471824327,111.04711784236707,85.0,15.388695662942954,1.3296039904568044,10.334084376920092,0.8892537474632264,0.8753987789154053,0.9989205837249756,0.8104856610298157,0.833981740474701,0.9859953045845031,,,,,,
39.90000000020101,110.00338721571357,14.17001728055402,106.49787049775198,79.36558808647698,111.07024889334492,85.0,15.411320917100898,0.9940208915405302,10.347990597579585,0.8888840675354004,0.8755452811717988,0.9989225745201111,0.8104854881763459,0.8348713099956513,0.9859524250030518,,,,,,
39.920000000201675,110.09427798288324,14.163624061067486,106.5624109982788,79.3960433099402,111.09788696744836,85.0,15.430721275504693,0.9797738394668064,10.364606407965969,0.8883127629756927,0.8759770750999452,0.9989254474639893,0.8104980528354645,0.8356355488300324,0.9860557794570923,,,,,,
39.94000000020234,110.18568118535181,14.156086138457066,106.61838786220663,79.4379202182949,111.12996751467469,85.0,15.450657771279529,0.996922803867093,10.383893001084186,0.8874966204166412,0.8768520832061768,0.9989291667938233,0.810531508922577,0.8360855221748352,0.9862201690673829,,,,,,
39.960000000203,110.27733014561893,14.148340280123556,106.66941492703192,79.47001822404671,111.16641560941937,85.0,15.469983664040951,0.9334652698597853,10.405805332202341,0.8865596532821656,0.8778408885002137,0.9989328861236573,0.8105689883232117,0.8365629196166993,0.9863605737686157,,,,,,
39.98000000020367,110.36913403169372,14.14091622514376,106.71679402973857,79.48961135589938,111.20714612546833,85.0,15.48855243992811,0.9457921117982403,10.430292224055808,0.8856746613979339,0.8742549419403076,0.9989519596099854,0.8098937153816224,0.8384209752082825,0.9879598140716552,,,,,,
40.00000000020433,110.46091108917422,14.133856615050979,106.75823982120296,79.50996380535935,111.25206393481402,85.0,15.50844223822363,1.04591132528518,10.457296486374034,0.8850212156772613,0.8711927771568299,0.9989688515663147,0.809344470500946,0.8400714159011842,0.9892323255538941,,,,,,
