curr_time,press_pos,press_neg,act_pos_press,act_neg_press,ref_act_pos,ref_act_neg,displacement,displacement_vel,ref_displacement,ctrl_ch_pos,ctrl_ch_neg,ctrl_act_pos_in,ctrl_act_pos_out,ctrl_act_neg_in,ctrl_act_neg_out,flowrate1,flowrate2,flowrate3,flowrate4,flowrate5,flowrate6
0.019999999999999934,137.64414008456174,39.02215224941,107.88166094603757,93.77038391190818,113.0,86.98743396011665,5.323891630608528,0.0,15.247860710055967,0.8574762344360352,0.9600489377975464,0.9780831217765809,0.8339365065097809,0.8365147709846497,1.0,,,,,,
0.019999999999999934,137.64414008456174,39.02215224941,107.88166094603757,93.77038391190818,113.0,86.98743396011665,5.323891630608528,0.0,15.247860710055967,0.8572888255119324,0.9604801654815673,0.9783672094345093,0.834155035018921,0.8363194167613983,0.984629129897803,,,,,,
0.019999999999999934,137.64414008456174,39.02215224941,107.88166094603757,93.77038391190818,113.0,86.98743396011665,5.323891630608528,0.0,15.247860710055967,0.8579114317893982,0.9611046791076661,0.9786965370178222,0.8350822329521179,0.8365799844264985,0.9850802534259856,,,,,,
0.019999999999999934,137.64414008456174,39.02215224941,107.88166094603757,93.77038391190818,113.0,86.98743396011665,5.323891630608528,0.0,15.247860710055967,0.8575485467910767,0.9621011853218079,0.9793412208557128,0.8356732487678529,0.8361676037311554,0.9858919253572822,,,,,,
0.019999999999999934,137.64414008456174,39.02215224941,107.88166094603757,93.77038391190818,113.0,86.98743396011665,5.323891630608528,0.0,15.247860710055967,0.8589246273040771,0.9624961376190185,0.9796739339828491,0.837343728542328,0.8371010541915894,0.9862175811082124,,,,,,
0.04000000000000012,138.64143102140613,37.01887040122837,108.95831220394996,91.7422472863992,113.0,86.98743396011665,4.588461112080257,0.0,15.247860710055967,0.8607863426208496,0.9622955799102784,0.9797069191932678,0.839050018787384,0.8385504066944123,0.9861229883506895,,,,,,
0.06000000000000069,139.63889312491068,35.31782005451477,108.4936075950756,91.32586149362369,113.0,86.98743396011665,4.255825854370288,0.0,15.247860710055967,0.8642540097236634,0.9611272573471069,0.9792552709579467,0.8422633707523346,0.8414350211620332,0.984051501750946,,,,,,
0.08000000000000126,140.56654321813602,34.1591894769999,106.16473412147643,91.43150979118117,113.0,86.98743396011665,4.585174779103009,0.0,15.247860710055967,0.8621237695217133,0.9618213891983032,0.9796945214271545,0.84029301404953,0.8398172855377197,0.9844186782836915,,,,,,
0.10000000000000184,141.40973354497706,33.50007136267645,105.64578905565197,87.73181534925234,113.0,86.98743396011665,4.6317631349715445,0.0,15.247860710055967,0.8571643173694611,0.9622094392776489,0.979589867591858,0.8357562065124512,0.8360364198684693,0.9867885541170835,,,,,,
0.12000000000000241,142.17333593607358,33.25185490136889,103.42130721658103,86.06028400421945,113.0,86.98743396011665,5.356373237179968,0.0,15.247860710055967,0.8574913382530213,0.9620528101921082,0.9798839449882507,0.8359009325504303,0.8366621911525727,0.984549605846405,,,,,,
0.1400000000000009,142.86671118816858,33.33580056423028,101.61761250445403,84.04123234048481,113.0,86.98743396011665,6.342482965555764,0.0,15.247860710055967,0.8567240595817567,0.9616214275360108,0.9795380473136902,0.8346741855144502,0.8456138297915459,0.9841774463653564,,,,,,
0.1599999999999987,143.49639485710094,33.617186564363905,101.10438340693537,81.32796681376664,113.0,86.98743396011665,7.208195969939428,0.0,15.247860710055967,0.8605723798274995,0.9611652374267579,0.9807173490524292,0.8367754399776459,0.8612525254487992,0.9835947153973393,,,,,,
0.1799999999999965,144.06825633789316,33.81708898836753,100.82130846913157,81.662192488837,113.0,86.98743396011665,8.238048976250017,0.0,15.247860710055967,0.8614176332950593,0.9619788885116577,0.9816699028015137,0.8380649864673615,0.8700033098459244,0.984103238384705,,,,,,
0.1999999999999943,144.5854578158495,33.91427719438014,101.82797886522818,82.38752867375987,113.0,86.98743396011665,8.926798984400373,0.0,15.247860710055967,0.8635028362274171,0.962454104423523,0.9825120091438293,0.8402591943740845,0.8442025899887086,0.9843231437611394,,,,,,
0.2199999999999921,145.05172336700963,33.96035456706472,103.98412692334664,82.3551411009408,113.0,86.80029001948559,9.134719778385355,0.0,15.370207720961549,0.8660135269165039,0.9622718811035156,0.9826814889907837,0.842568576335907,0.8465700328350068,0.984166943829041,,,,,,
0.2399999999999899,145.47258122718932,34.05847278994317,105.71513297985024,83.02700954701315,113.0,86.78799289007794,9.44960682667027,0.0,15.378247078370986,0.8667140603065491,0.9618980884552002,0.9820728182792664,0.8434620022773743,0.8474158139899374,0.984111475746613,,,,,,
0.2599999999999877,145.85595500008623,34.224583698315044,106.62603595752891,84.49558788583512,113.0,86.78799289007794,10.09690165912526,0.0,15.378247078370986,0.8685810565948486,0.9601839542388916,0.9806010723114014,0.8453692436218262,0.8470264911651612,0.9833562133717351,,,,,,
0.2799999999999855,146.20955786430946,34.42877939908742,107.61024838523842,84.98194660526578,113.0,86.78799289007794,10.731399229634942,0.0,15.378247078370986,0.8709053754806519,0.9581017971038819,0.9788540840148926,0.8477908492088319,0.8484932482242584,0.9823792097973637,,,,,,
0.2999999999999833,146.54001378616837,34.65116044301448,108.71501886874903,84.60547265330122,113.0,86.78799289007794,11.292233368160938,0.0,15.378247078370986,0.8752138555049896,0.9554633378982544,0.9770984530448914,0.8520310163497925,0.8521293997764587,0.9809866187977605,,,,,,
0.3199999999999811,146.85257660028174,34.87743613016613,109.41524991336118,84.71934649912332,113.0,86.78799289007794,12.017687530425661,0.0,15.378247078370986,0.8763110697269441,0.954701566696167,0.976530909538269,0.8531592905521393,0.8573563046753407,0.9805908320355229,,,,,,
0.3399999999999789,147.15111393445105,35.09166677157754,109.85606364016431,85.0686237378928,113.0,86.78799289007794,12.879456618757924,0.0,15.378247078370986,0.8796605110168457,0.9520196199417115,0.9727929115295411,0.8564089059829713,0.8554957866668702,0.9792463181423955,,,,,,
0.35999999999997667,147.43957177756087,35.275389723671,110.42254407316176,84.89691970466674,113.0,86.77572923905062,13.684927436139281,0.0,15.386264548992386,0.8819725096225739,0.9498342990875244,0.9679453134536743,0.8584568798542023,0.8569783687591553,0.9781878350186162,,,,,,
0.37999999999997447,147.71943999090155,35.39880052151712,111.07781757545577,84.68801675993639,113.0,86.76350100297627,14.414972334412264,0.0,15.394258866774194,0.8836647868156433,0.9488319635391236,0.9661577343940735,0.8600145280361176,0.8606534723192454,0.9776254532742314,,,,,,
0.39999999999997227,147.99156895256985,35.461153587787216,111.68827768336408,84.74579006023183,113.0,86.75131011283514,15.11818737456569,0.0,15.40222876932095,0.8831344425678254,0.9453817009925842,0.9580921173095703,0.860799252986908,0.8611677546054125,0.975600230495911,,,,,,
0.41999999999997006,148.25593861350907,35.47670976806926,112.26586781483473,84.76427726889139,113.0,86.73915849371011,15.777783872411483,0.0,15.410172998092651,0.8830635070800782,0.943665337562561,0.9545167446136474,0.8615397393703461,0.859308797121048,0.974451195995789,,,,,,
0.43999999999996786,148.51244436042174,35.460713798203685,112.81398212551403,84.55451291089264,113.0,86.72704806448267,16.379758281497246,0.0,15.418090298603499,0.8833645343780517,0.942057728767395,0.9514469385147095,0.8625970959663392,0.8607371584745125,0.973297893803101,,,,,,
0.45999999999996566,148.76141809211603,35.41717014286095,113.25582089330014,84.34807872298813,113.0,86.71498073753003,16.960112819927172,0.0,15.425979420619942,0.8834864377975464,0.9396757841110229,0.9467703580856324,0.863981831073761,0.8645963549613953,0.971498167316895,,,,,,
0.47999999999996346,149.00369445726494,35.34535714773678,113.57076954162751,84.21202500421042,113.0,86.70295841842297,17.530357717049146,0.0,15.433839118358176,0.883749270439148,0.9375215172767639,0.9434118628501892,0.8656984090805054,0.8667789863422514,0.9695886013912969,,,,,,
0.49999999999996125,149.24074904314926,35.24489185596594,113.81213421700517,83.9731904152326,113.0,86.69098300562506,18.055084497265764,0.0,15.441668150680805,0.8850863516330719,0.9364637851715087,0.9438248157501221,0.8680457592010499,0.8694184692576528,0.9682574747013859,,,,,,
0.519999999999959,149.47637904977478,35.11042979943001,113.99807180856702,83.6303372898271,113.0,86.6790563901928,18.50927974846749,0.0,15.44946528129287,0.8866148948669433,0.9351423025131226,0.9441090822219849,0.8708355188369752,0.874453141912818,0.9665887353825383,,,,,,
0.5399999999999568,149.71366777813242,34.93946198919645,114.10782450250439,83.27848124437915,113.0,86.66718045547702,18.893795532169364,0.0,15.457229278937067,0.8880057871341706,0.9335145950317383,0.943649435043335,0.8736831963062287,0.8795808963477612,0.9646230338024907,,,,,,
0.5599999999999546,149.95565768695485,34.73206722615109,114.128156331929,82.96139765948523,113.0,86.6553570768255,19.211108626649548,0.0,15.464958917588156,0.8899365544319153,0.9327231764793396,0.9455293893814087,0.8767059862613679,0.8841976128518582,0.9632173417019658,,,,,,
0.5799999999999524,150.20517051257661,34.48639133602683,114.0675821474355,82.66469023741915,113.0,86.64358812128675,19.45227822607305,0.0,15.472652976646604,0.8923409283161163,0.9327065229415894,0.9493654370307922,0.879862654209137,0.8887331441044808,0.9623777506756597,,,,,,
0.5999999999999502,150.46418896163613,34.2015688372277,113.94258701443873,82.35649430650814,113.0,86.63187544731534,19.60563904687067,0.0,15.480310241131267,0.8942764222621918,0.9322130918502808,0.9523685932159424,0.8828215420246125,0.8930094011127949,0.9603061077999883,,,,,,
0.619999999999948,150.7326086403922,33.88180426389985,113.76115890288965,82.047519687295,113.0,86.6202209044782,19.671651911020017,0.0,15.48792950187135,0.8963163375854493,0.9319236040115356,0.9560538053512573,0.8859978973865509,0.8979539699852467,0.9581664560246281,,,,,,
0.6399999999999458,151.00853316823682,33.53078394047261,113.52466011816665,81.80704665193635,113.0,86.6086263331628,19.6621754333772,0.0,15.495509555697229,0.8985608339309693,0.9321390271186829,0.959982180595398,0.8891726672649384,0.9029856234788894,0.9567867396282963,,,,,,
0.6599999999999436,151.288446464298,33.151726454739524,113.24855857507254,81.6423763421666,113.0,86.59709356428635,19.58394615882299,0.0,15.50304920563054,0.9008464336395264,0.932832932472229,0.9638401508331299,0.8919345617294312,0.906792140007019,0.9562795279431157,,,,,,
0.6799999999999414,151.56951501013035,32.75177248870255,112.96070207757279,81.48842760765795,113.0,86.58562441900673,19.43866241712484,0.0,15.510547261073167,0.9025683522224427,0.9333201169967651,0.9667482376098633,0.8942016899585724,0.9098209468647838,0.9557969329762273,,,,,,
0.6999999999999392,151.8454140260577,32.340185900477906,112.67612123540763,81.36897278104314,113.0,86.57422070843494,19.24039805247064,0.0,15.518002537995237,0.9037873148918152,0.933769142627716,0.969166922569275,0.8959445655345917,0.9126867104321719,0.9553919670986943,,,,,,
0.719999999999937,152.10848112343794,31.922006030738167,112.40557819777055,81.38673781895517,113.0,86.56288423334908,19.008652015792006,0.0,15.525413859122082,0.9048918724060059,0.9340953588485718,0.9712118625640869,0.8976104736328125,0.9151250587776304,0.9548455832409672,,,,,,
0.7399999999999348,152.35259598841915,31.499200359991363,112.18577395693347,81.50135661969676,113.0,86.55161678390998,18.745259568591987,0.0,15.532780054120195,0.9080743432044983,0.9409937500953675,0.9781831264495849,0.8960801959037781,0.9138449202291667,0.9651985047268681,,,,,,
0.7599999999999326,152.57001213362858,31.078620164714316,112.05250131897952,81.61353779702274,113.0,86.54042013937853,18.449231037760466,0.0,15.540099959781987,0.9084209442138672,0.943258273601532,0.9789213538169861,0.8941323101520539,0.9109941335394979,0.9677640316891484,,,,,,
0.7799999999999304,152.7542451331358,30.669488349949088,111.99835550786227,81.75446832212504,113.0,86.5292960678347,18.14503800515918,0.0,15.547372420209499,0.9082995891571045,0.9451937317848206,0.9794721126556396,0.8918975293636322,0.9084473907016218,0.96993697861908,,,,,,
0.7999999999999282,152.89874632032877,30.278613602637712,111.99603903406847,82.01659910564237,113.0,86.5182463258983,17.86817899238783,0.0,15.554596286996937,0.9080563187599182,0.9466269254684448,0.9798315763473511,0.8900103151798249,0.9059482693672181,0.9715351698803716,,,,,,
0.819999999999926,152.99854109600832,29.910327805587492,112.05004822083646,82.37523041540362,113.0,86.50727265845173,17.63015380900054,0.0,15.561770419411985,0.9075921058654786,0.9476729035377502,0.9800057053565979,0.8882333934307098,0.903583574295044,0.9727427838253788,,,,,,
0.8399999999999238,153.05000094875325,29.56823316641674,112.19029319285717,82.7342528240345,113.0,86.49637679836427,17.421011680755836,0.0,15.568893684575958,0.9069141149520874,0.9483654737472534,0.9801667213439942,0.8867713391780854,0.9014830589294434,0.9735057828831486,,,,,,
0.8599999999999216,153.04967978097395,29.2615978916738,112.42624047878061,83.05817806025105,113.0,86.48556046621852,17.24135244546634,0.0,15.575964957642732,0.9059346199035645,0.9487928986549378,0.9802632212638855,0.8853494107723237,0.8992421329021454,0.9739877818035894,,,,,,
0.8799999999999194,152.99715564927874,28.999543077221126,112.72500225959615,83.41103449255363,113.0,86.47482537003873,17.11288345321916,0.0,15.582983121976305,0.9049297690391541,0.9491109490394593,0.9803035259246826,0.8840167284011841,0.8971139967441559,0.9743608830380254,,,,,,
0.8999999999999172,152.8943095957675,28.789186600928744,113.05597806947512,83.80162989133028,113.0,86.46417320502103,17.0525798967863,0.0,15.589947069327174,0.9033467888832093,0.9493041396141052,0.9802151441574096,0.8822372972965241,0.8942069232463837,0.9746480105328373,,,,,,
0.919999999999915,152.74404781033743,28.63503453921621,113.41284828249974,84.15567595545184,113.0,86.45360565326575,17.059084282803585,0.0,15.596855700007321,0.9018940925598145,0.9493478775024414,0.9800917863845825,0.8807035088539124,0.8914974331855774,0.9748138068127445,,,,,,
0.9399999999999128,152.55132991816416,28.538740513173174,113.78781447549196,84.42767782900346,113.0,86.44312438351184,17.12801352123562,0.0,15.603707923063872,0.9008327484130859,0.9493909358978272,0.9800048232078552,0.8795820832252503,0.8895309805870056,0.9749422190594487,,,,,,
0.9599999999999106,152.32244675603354,28.49919014024834,114.15837050813961,84.63485429370597,113.0,86.43273105087327,17.26225262729974,0.0,15.610502656451384,0.8995890140533448,0.9494452238082886,0.9796380758285522,0.8781017780303956,0.8870160996913911,0.9751960752415471,,,,,,
0.9799999999999084,152.06449501030997,28.512937651568468,114.50608108744241,84.78532263518278,113.0,86.42242729657777,17.462773038967736,0.0,15.61723882720268,0.8983345925807953,0.9495550513267517,0.9791103363037109,0.8764775037765503,0.884379780292511,0.9755509493756108,,,,,,
0.9999999999999062,151.78491552521012,28.57483820424488,114.82729016789385,84.85134718884855,113.0,86.41221474770755,17.72187962920288,0.0,15.623915371598315,0.8971083641052247,0.9496410012245178,0.978560209274292,0.8749062299728394,0.8818028092384339,0.9758843896794133,,,,,,
1.019999999999904,151.49122118971604,28.67856821303095,115.12126818243874,84.8167528365533,119.42705098312474,86.40209501694251,18.029670406753894,0.0,19.83227281495249,0.8963761866092682,0.9495880961418152,0.9780569911003113,0.8739874362945557,0.8803361032158137,0.9760346887516789,,,,,,
1.039999999999902,151.19066619283498,28.8170555634263,115.38263815670473,84.69696245368537,117.05543671487739,86.39206970230542,18.379434256010693,0.0,18.288363092374496,0.8958428502082825,0.9493648648262024,0.9771093726158142,0.8733062863349915,0.8801167120225728,0.976054036419373,,,,,,
1.0599999999998997,150.88994635198344,28.98294647794659,115.60816219324525,84.50713548626565,117.11085449816743,86.3821403869097,18.76425218404499,0.0,18.331084337682228,0.8954421520233155,0.9489451766014099,0.9761838436126709,0.8730226874351502,0.8803718701004982,0.975841200153809,,,,,,
1.0799999999998975,150.59572612306994,29.168692506861785,115.80066989280697,84.24663965291853,117.1662344247479,86.37230863870933,19.17389566167623,0.0,18.373717048411088,0.8954610288143158,0.9485468149185181,0.975728964805603,0.873314368724823,0.8814366046339274,0.975521719257813,,,,,,
1.0999999999998953,150.31365359449154,29.367126818211716,115.96416236127119,83.91844227166607,117.2215575824246,86.36257601025135,19.5973258198523,0.0,18.41624784555499,0.8953031063079834,0.9479395270347595,0.9748385190963745,0.8735081374645234,0.8822903096675873,0.9750792382168584,,,,,,
1.119999999999893,150.04758724761535,29.57254980747212,116.10045893640874,83.53927286103387,117.27680507838987,86.35294403843059,20.02522257427444,0.0,18.45866337301476,0.8958555102348328,0.947633957862854,0.9750210404396057,0.8744498848915101,0.8844364143908025,0.9746901152539067,,,,,,
1.1399999999998909,149.80120298005602,29.7787908463693,116.21133022098783,83.12730571674228,117.33195804567447,86.34341424424707,20.44897270030108,0.0,18.500950301974665,0.8966195404529572,0.9470711469650268,0.9751057982444763,0.875851857662201,0.8870701227337122,0.9740305302548222,,,,,,
1.1599999999998887,149.5773780524714,29.975003963713625,116.30093915567664,82.74907393228045,117.38699764959057,86.33398813256578,20.85854843643723,0.0,18.54309533527168,0.897706800699234,0.9464075088500976,0.975395119190216,0.8777676403522492,0.8903166465461254,0.9731872675823979,,,,,,
1.1799999999998865,149.37790364898774,30.14627384937068,116.39029368382583,82.47571156187159,117.44190509416386,86.32466719187902,21.231122250726724,0.0,18.58508521175585,0.8988664865493775,0.9460492849349975,0.9761082887649536,0.8795920372009278,0.8928574904799461,0.9725643513607792,,,,,,
1.1999999999998843,149.20323763951635,30.288268944984427,116.50912164484942,82.1574576300747,117.49666162855233,86.31545289407134,21.533995751779937,0.0,18.62690671064034,0.8999976038932801,0.9458777904510498,0.9769849300384521,0.881264466047287,0.8944903153926135,0.9720991013455205,,,,,,
1.219999999999882,149.0529007466321,30.403055666249962,116.64350988837919,81.81572523245775,117.55124855344965,86.30634669418723,21.765872722178155,0.0,18.66854665583957,0.9014118552207947,0.9456581950187684,0.9777557849884033,0.8832178235054017,0.8981472507119179,0.9716048119473271,,,,,,
1.2399999999998799,148.92546998426002,30.493781622675208,116.75375423207542,81.57676317261267,117.60564722747097,86.29735003020119,21.952508411009813,0.0,18.709991920294268,0.9025156497955322,0.9455597043037415,0.9782588005065918,0.884611850976944,0.9007754091173411,0.9713366387295537,,,,,,
1.2599999999998777,148.81875903977263,30.5620882255055,116.82614075360745,81.449259091442,117.65983907351894,86.28846432279076,22.1079292999934,0.0,18.75122943028176,0.9039888381958008,0.9454907417297364,0.9785655021667481,0.8862834930419922,0.9026947759091855,0.9710949776577763,,,,,,
1.2799999999998755,148.72985537445072,30.60933927533591,116.877073717207,81.34063716143532,117.71380558512777,86.27969097511213,22.225624557734502,0.0,18.792246169710104,0.9050048708915711,0.9455046415328979,0.978676974773407,0.8873393058776856,0.9035081207752228,0.971006142895203,,,,,,
1.2999999999998733,148.65520548457152,30.638263426785798,116.9196749518947,81.21107560042645,117.76752833278323,86.27103137257863,22.301401310831917,0.0,18.833029184394668,0.9061186432838441,0.9454109907150269,0.9788330554962158,0.8887069404125214,0.9056955639272929,0.9707445500302129,,,,,,
1.319999999999871,148.59089198182852,30.65234083671214,116.94985950248486,81.10995964044326,117.82098897021616,86.26248688264187,22.345605841234605,0.0,18.87356558631568,0.9071365594863892,0.945124876499176,0.9790760159492493,0.8903912723064423,0.9086549023166299,0.9701712010311894,,,,,,
1.3399999999998689,148.5328899215449,30.65478495413985,116.96330662810136,81.06630579150297,117.87416924066788,86.25405885457586,22.370779506848297,0.0,18.913842557855368,0.9079961776733398,0.9448522090911865,0.9792703628540039,0.8918521404266357,0.9107270151376724,0.9696465371060186,,,,,,
1.3599999999998666,148.47737058097977,30.64904672073504,116.96613747672323,81.04408517375788,117.92705098312474,86.24574861926394,22.381500423835526,0.0,18.953847356013227,0.9086872696876526,0.9445602774620057,0.9794038534164429,0.8931077897548676,0.9121251014992595,0.9691396592068486,,,,,,
1.3799999999998644,148.4208605927208,30.63828797983339,116.96531619109616,81.01957489919405,117.97961613852014,86.2375574889886,22.380089049392346,0.0,18.993567316597975,0.9092228531837464,0.9442331075668335,0.9794767618179321,0.8941906154155731,0.9135560832917691,0.9686305401730351,,,,,,
1.3999999999998622,148.36043419769342,30.62493863019755,116.96188716640319,81.00981831967658,118.03184675590168,86.22948675722425,22.371894435990093,0.0,19.03298985839492,0.9096222758293152,0.9438007593154907,0.9795172452926636,0.895229983329773,0.9150720182806253,0.9679937599110418,,,,,,
1.41999999999986,148.29371299135218,30.60947007838588,116.95776242143111,81.04538779214914,118.08372499856135,86.22153769843302,22.360500375950505,0.0,19.07210248730709,0.9099136590957642,0.943376088142395,0.9796548843383789,0.8962041139602661,0.916282413341105,0.9672577140736394,,,,,,
1.4399999999998578,148.21881871472542,30.590610404735695,116.96262221168716,81.10957733553026,118.13523315012681,86.21371156786343,22.341753624033508,0.0,19.110892800469106,0.9101370453834534,0.9429141998291015,0.9798365354537963,0.8971936762332916,0.9171091977506877,0.9663858769345097,,,,,,
1.4599999999998556,148.13435709198924,30.567239789943667,116.98532658513801,81.17815526818083,118.1863536206115,86.2060096013522,22.309739700457566,0.0,19.14934849033202,0.9101882100105286,0.9425937294960022,0.9798901319503784,0.8977068722248077,0.9174302046187223,0.9658460734295659,,,,,,
1.4799999999998534,148.03942088828092,30.538736412601022,117.02453222575767,81.26125410343491,118.23706895242158,86.19843301512917,22.26483458689473,0.0,19.18745734871801,0.9099975347518922,0.9426043391227722,0.9796396732330322,0.8972725510597229,0.9167888724245131,0.9661492107319646,,,,,,
1.4999999999998512,147.93358041421365,30.504508256293818,117.0729727041244,81.38101261417285,118.28736182631769,86.1909830056251,22.2116665546824,0.0,19.22520727084351,0.9098250031471252,0.942610788345337,0.9795132398605346,0.8969735443592072,0.9161766999401152,0.966287612717133,,,,,,
1.519999999999849,147.81683143667664,30.4635355805795,117.1270455601509,81.53798061271944,118.33721506732948,86.18366074928286,22.15202776955749,0.0,19.262586259309373,0.9095890641212464,0.9427173376083374,0.9793742179870606,0.8964698135852814,0.9150482747703791,0.9665772793698124,,,,,,
1.5399999999998468,147.68949386287048,30.414642001881106,117.1883634925474,81.71556511797996,118.3866116506208,86.17646740237161,22.0832850366226,0.0,19.299582428056766,0.9092711925506592,0.9429436206817627,0.9791950941085815,0.8956931889057159,0.9135300282388926,0.9670745490002446,,,,,,
1.5599999999998446,147.552129966462,30.357138517930167,117.25801709459203,81.89908585200628,118.43553470730372,86.16940410080423,22.002598768542192,0.0,19.336184006287493,0.9088777661323547,0.9432904362678528,0.97908034324646,0.8947229146957397,0.9119089614599943,0.9676711914944462,,,,,,
1.5799999999998424,147.405555154436,30.29238555586956,117.33132331073078,82.07497620104283,118.4839675301992,86.1624719599579,21.91135357906752,0.0,19.372379342347344,0.908429479598999,0.9437527418136596,0.9790749549865723,0.8936188638210297,0.9102578869089485,0.9683155177044682,,,,,,
1.5999999999998402,147.25089166437135,30.222887257126814,117.39774233981444,82.25533096402832,118.53189357954257,86.15567207449803,21.816025796084237,0.0,19.40815690757127,0.9079588651657104,0.9442928552627563,0.979086971282959,0.8924008369445801,0.9085923254489899,0.969043743412476,,,,,,
1.619999999999838,147.08948447064614,30.151475581120444,117.44933765185347,82.43709002030205,118.57929648863191,86.14900551820536,21.722268292977503,0.0,19.443505300089058,0.9074590086936951,0.9449036478996277,0.9791123747825623,0.8910665392875672,0.9066468238830566,0.9698462603497319,,,,,,
1.6399999999998358,146.92282868543165,30.080943098236556,117.48393667921333,82.59606270997425,118.6261600694172,86.14247334380639,21.63210475797113,0.0,19.478413248590147,0.9069523692131043,0.945561158657074,0.979151439666748,0.8896718680858612,0.9046825885772706,0.9706877706455999,,,,,,
1.6599999999998336,146.75253748357065,30.013342285841485,117.50000308942691,82.71804626825197,118.67246831802849,86.1360765828072,21.547430734579823,0.0,19.512869616046384,0.906467342376709,0.9462435841560364,0.9792068481445313,0.8882785141468048,0.9029013687744737,0.9715356467175298,,,,,,
1.6799999999998314,146.5802355543811,29.950623604233947,117.49417537259363,82.80483830357316,118.71820542024135,86.12981624533052,21.472125536870678,0.0,19.5468634033916,0.9060421466827393,0.9467921733856202,0.9793715476989746,0.8872816145420075,0.9018690769560636,0.9721255777287297,,,,,,
1.6999999999998292,146.4074937857289,29.894669390652396,117.46419295707898,82.85749402574112,118.76335575687725,86.12369331995617,21.41012852773911,0.0,19.580383753156486,0.905673348903656,0.9473119854927063,0.9795705437660217,0.8864242851734162,0.9010400195606053,0.9726481078076177,,,,,,
1.719999999999827,146.2357877736929,29.847350642211545,117.410978176816,82.87010309679798,118.8079039091376,86.11770877356508,21.363637445215616,0.0,19.61341995305774,0.9053678512573242,0.9478352069854736,0.9797771215438843,0.8856294572353364,0.9003190886229276,0.9731625912594609,,,,,,
1.7399999999998248,146.0664633455638,29.81041219814267,117.33722208229788,82.8385085708923,118.85183466386921,86.1118635511865,21.333757611244092,0.0,19.645961439540294,0.9051409602165222,0.9483487010002136,0.9799866437911987,0.8849245846271515,0.8998184381052852,0.9736558316159062,,,,,,
1.7599999999998226,145.9007267432301,29.785399945987606,117.24566572368214,82.7655859669143,118.89513301875958,86.10615857584878,21.32157136150347,0.0,19.677997801271317,0.9050048589706421,0.9488375663757325,0.9801934480667114,0.8843356132507324,0.8995586277917028,0.9741137621807866,,,,,,
1.7799999999998204,145.73962521394213,29.77355160953496,117.13937408147092,82.65700244449475,118.93778418746018,86.10059474843366,21.32786390695589,0.0,19.7095187825849,0.9047806024551391,0.9491858959197998,0.9803129196166992,0.8838108897209168,0.8993998654186726,0.9744290945935064,,,,,,
1.7999999999998182,145.5840123737127,29.775605330856173,117.02262730890132,82.51747139279955,118.979773604636,86.09517294753402,21.352345976905088,0.0,19.74051428687622,0.9044851899147034,0.9494039654731751,0.9803533315658569,0.8833573400974274,0.8993218865245581,0.9746140597271733,,,,,,
1.819999999999816,145.4345435969028,29.79175041764219,116.90071490148874,82.35105852121151,119.02108693093949,86.08989402931505,21.393583867093867,0.0,19.770974379944068,0.9043205976486206,0.9495921850204467,0.9803967714309693,0.8830604612827301,0.8994388200342656,0.9747647879528814,,,,,,
1.8399999999998138,145.2916673553679,29.821759128119492,116.77888850351398,82.16362572302191,119.0617100579076,86.08475882737912,21.449584971575348,0.0,19.800889293280648,0.9042877078056336,0.9497468590736389,0.9804420590400695,0.8829232215881347,0.8997563328593969,0.9748788950848393,,,,,,
1.8599999999998116,145.1556386711782,29.865025622431897,116.66173746567789,81.96273854359329,119.10162911277969,86.07976815263417,21.51819740877412,0.0,19.830249427307397,0.9043872117996216,0.9498643040657043,0.9804880380630493,0.8829486906528473,0.9002549968659878,0.9749539492535405,,,,,,
1.8799999999998094,145.02651843963227,29.920658260784595,116.55319762174963,81.75563570726405,119.14083046323508,86.07492279316558,21.59707778770333,0.0,19.85904535455597,0.904615604877472,0.9499398469924927,0.9805328845977783,0.8831365525722504,0.9009082399308682,0.9749871013569645,,,,,,
1.8999999999998072,144.90433990400965,29.987383633262397,116.45653105990638,81.54853960915652,119.17930072204848,86.07022351411179,21.68362276104739,0.0,19.887267822793078,0.9049601078033448,0.9499727725982666,0.9805751323699952,0.8834744095802307,0.9016933776438236,0.974979042808991,,,,,,
1.919999999999805,144.7891513186382,30.063578179914085,116.37418574804406,81.34692162529863,119.21702675166179,86.06567105754343,21.775058803887067,0.0,19.914907758088326,0.9054020047187805,0.9499665141105652,0.9806141495704651,0.8839410185813904,0.9025860585272313,0.9749338863301091,,,,,,
1.9399999999998028,144.6807452586007,30.147393745299695,116.30773862217036,81.15556689334643,119.25399566867044,86.06126614234616,21.868606903398806,0.0,19.94195626782385,0.9059230327606201,0.9499253034591675,0.9806495904922485,0.8845150947570801,0.9035596825182438,0.9748561976361089,,,,,,
1.9599999999998006,144.57869071964615,30.23689193527218,116.2579023552434,80.9785880486127,119.29019484822312,86.05700946410717,21.96163850982841,0.0,19.968404643644845,0.9065049171447754,0.949853241443634,0.9806810736656189,0.8851753592491151,0.9045880608260631,0.9747503636288457,,,,,,
1.9799999999997984,144.48265951347838,30.330137684117908,116.22460746865418,80.81930315759128,119.3256119283332,86.05290169500529,22.05177652557934,0.0,19.994244364350042,0.907126796245575,0.9497557640075683,0.9807084202766418,0.8858966946601868,0.9056393202394247,0.9746220586705021,,,,,,
1.9999999999997962,144.39229525559372,30.42503683644335,116.20713025492093,80.68012595130843,119.36023481410027,86.04894348370487,22.136948562148163,0.0,20.01946709872096,0.9077670216560364,0.9496395587921143,0.980731749534607,0.8866520643234254,0.9066824037581682,0.9744779227185063,,,,,,
2.0199999999998384,144.30708871689222,30.519877540647403,116.20428452543067,80.56544668970794,119.39405168184054,86.04513545525339,22.215371233387156,0.0,20.044064708289145,0.9084165096282959,0.949395501613617,0.9808252096176148,0.8877096772193909,0.9080938756465912,0.9741325257229618,,,,,,
2.0399999999998806,144.22639157515067,30.613126846573223,116.21501614393361,80.47211950018023,119.42705098312466,86.04147821098266,22.2851655018622,0.0,20.068029250040468,0.9090399503707886,0.9491332292556762,0.9809235811233521,0.8887794137001038,0.9094513155519962,0.9737597701954656,,,,,,
2.059999999999923,144.1495223727043,30.70311084904312,116.23720583822494,80.39559198825617,119.45922144872148,86.03797232841394,22.345350489924936,0.0,20.09135297905548,0.9096292972564698,0.9488777995109559,0.9810137748718262,0.8897973835468292,0.9107454210519791,0.9733986614155583,,,,,,
2.079999999999965,144.07589320538477,30.788743769468528,116.26714182634561,80.34353861632103,119.49055209244648,86.03461836116675,22.39652787269518,0.0,20.11402835108495,0.9101771116256714,0.9486340284347534,0.9810953140258789,0.8907492637634278,0.9119736034423113,0.9730553744244389,,,,,,
2.100000000000007,144.00488891211083,30.869056593925187,116.3025363388871,80.31844816723873,119.5210322149135,86.0314168388714,22.4386283534943,0.0,20.13604802505978,0.9104389667510987,0.9484678506851196,0.9811152577400207,0.891230046749115,0.912374914996326,0.972857141296845,,,,,,
2.1200000000000494,143.93544254719106,30.941209589866435,116.34372618293882,80.34661597844256,119.55065140718867,86.02836826708536,22.469691345805334,0.0,20.157404865534442,0.9104640603065491,0.9482774019241333,0.9810646653175354,0.8914633512496949,0.9123828567564488,0.9726615784573369,,,,,,
2.1400000000000916,143.866941215223,30.99904461775737,116.39917880979316,80.44168526619623,119.57939955434495,86.02547312721344,22.48102646631099,0.0,20.178091945063017,0.9104531407356262,0.9481276154518128,0.9810173392295838,0.8916158497333527,0.9120285885408521,0.9725080249714665,,,,,,
2.160000000000134,143.79835249968627,31.042826042198094,116.47788752542024,80.494912648607,119.60726683891642,86.02273187643183,22.462108933130455,0.0,20.198102546507123,0.9104491472244263,0.9480726480484009,0.9809999704360962,0.8916717648506165,0.9114225424826146,0.9724515555310063,,,,,,
2.180000000000176,143.72879621090485,31.075505587671422,116.5629967318199,80.53460767043353,119.63424374425092,86.02014494761578,22.422985026824314,0.0,20.217430165274973,0.9104461550712586,0.9480316162109375,0.9809870004653931,0.8917134582996369,0.9118971634656191,0.9724093912052922,,,,,,
2.2000000000002182,143.6576472571911,31.09944499132131,116.62883523066809,80.63432022130702,119.66032105776002,86.01771274927134,22.383803639356387,0.0,20.236068511490693,0.9104451656341553,0.9480179071426391,0.9809826612472534,0.8917273879051208,0.9120622459799052,0.9723952887463383,,,,,,
2.2200000000002604,143.58451723884588,31.116557209016914,116.67103192901787,80.76294319827265,119.68548987406503,86.01543566547082,22.350420234022486,0.0,20.254011512093342,0.9104488968849183,0.9480692625045777,0.9809988975524903,0.8916751921176911,0.9114098276942969,0.9724480865406804,,,,,,
2.2400000000003026,143.50927629323323,31.128372947051712,116.7003897467015,80.85866627061249,119.70974159803822,86.01331405579215,22.31639292887419,0.0,20.271253312864665,0.9104550242424011,0.9481534123420715,0.9810254812240601,0.8915896117687225,0.9110274343751371,0.9725345013546758,,,,,,
2.260000000000345,143.43200719369133,31.136134497553027,116.7219648421808,80.91949450616714,119.7330679477381,86.0113482552621,22.27859096831422,0.0,20.28778828038524,0.9104618191719055,0.9482466816902161,0.981054961681366,0.8914946556091309,0.9112592168152333,0.9726301072048955,,,,,,
2.280000000000387,143.35294245772158,31.140989564435724,116.73253057475925,80.97641739853249,119.75546095723762,86.00953857430336,22.240346274268802,0.0,20.303611003918018,0.910470199584961,0.948361599445343,0.9810912609100342,0.8913775265216828,0.9114945724606515,0.9727476952481083,,,,,,
2.3000000000004293,143.27241514022253,31.14394335390701,116.73064067357808,81.03818336073594,119.77691297934452,86.00788529868554,22.204198210980397,0.0,20.318716297218838,0.9103706240653991,0.9484940052032471,0.9811034083366394,0.8911131739616395,0.9112124375998975,0.9728975651669316,,,,,,
2.3200000000004715,143.19081689936027,31.146017819087145,116.7197845721137,81.08751503961572,119.79741668821292,86.00638868948,22.168923582193486,0.0,20.333099200273256,0.9100682973861695,0.9486421704292297,0.9810635566711425,0.8905802786350251,0.9104337763041258,0.9730972645687871,,,,,,
2.3400000000005137,143.1085646081139,31.14830824740096,116.70264057148822,81.11605959425842,119.81696508184507,86.00504898301871,22.133618056297554,0.0,20.34675498095903,0.9097578525543213,0.9488012313842773,0.9810253858566285,0.8900303065776826,0.9098155545070767,0.9733056900906376,,,,,,
2.360000000000556,143.02607830776674,31.15170610847801,116.67833864334528,81.13529799909153,119.83555148448241,86.00386639085683,22.10012683750325,0.0,20.35967913663373,0.909480619430542,0.9489456534385681,0.980992341041565,0.8895385801792145,0.909367105551064,0.9734923479962163,,,,,,
2.380000000000598,142.94376247803777,31.156781323068287,116.64635779742235,81.1530423639402,119.85316954888545,86.00284109973938,22.07030197988969,0.0,20.37186739564703,0.9092056393623352,0.9491069793701172,0.9809667110443115,0.889042317867279,0.9088245218619705,0.9736883280682378,,,,,,
2.4000000000006403,142.8619946118724,31.163947411957007,116.60902790994797,81.16280240532184,119.86981325850134,86.00197327157173,22.04381543046706,0.0,20.38331571877709,0.9089328765869141,0.9492735505104065,0.9809439897537231,0.8885473191738129,0.9082145638763904,0.9738859293865971,,,,,,
2.4200000000006825,142.78114807303382,31.173450512483367,116.56901130546058,81.16089615063358,119.8854769295185,86.00126304339398,22.019783216765276,0.0,20.394020300590494,0.9086611151695252,0.9494414687156677,0.9809222936630249,0.8880537509918213,0.9076750073581934,0.9740830061840825,,,,,,
2.4400000000007247,142.7016261929985,31.185281401920626,116.52741387487967,81.15241634847173,119.90015521280765,86.00071052735942,21.99826628694694,0.0,20.40397757072531,0.9083977580070496,0.9496112108230591,0.9809041857719422,0.88757244348526,0.9071997940540314,0.9742774961399846,,,,,,
2.460000000000767,142.62384554248376,31.199405025921884,116.48478214820527,81.13971738826105,119.91384309574845,86.0003158107167,21.97963923608431,0.0,20.413184195096978,0.9081690788269043,0.9497656941413879,0.9808914065361023,0.8871513843536377,0.9067614022642374,0.9744500754284673,,,,,,
2.480000000000809,142.5482079552653,31.21574317388143,116.44178717553388,81.12235618005408,119.92653590394143,86.00007895579618,21.964067530620262,0.0,20.421637077026354,0.9079918503761292,0.9498898029327393,0.9808833360671997,0.8868231415748596,0.9064225381240248,0.9745860932278447,,,,,,
2.5000000000008513,142.475095232803,31.234071333400486,116.39902618298231,81.099681423204,119.93822930280423,86.0,21.951638564463018,0.0,20.429333358289803,0.9078557133674622,0.9499880313873291,0.9808783531188965,0.8865696966648102,0.906185162998736,0.9746920702862554,,,,,,
2.5200000000008935,142.404884073437,31.25427508281298,116.35676928122501,81.07215937773906,119.94891929905185,86.00007895579618,21.942574889981184,0.0,20.436270420090757,0.9077527403831482,0.9500677585601807,0.9808767795562744,0.8863753557205201,0.9060347732156515,0.9747754691052251,,,,,,
2.5400000000009357,142.3378458173939,31.27608438458391,116.3151276266851,81.04052755197165,119.95860224206035,86.0003158107167,21.937138514460354,0.0,20.442445883952523,0.9076845288276673,0.9501296520233155,0.9808793544769288,0.8862420320510864,0.9059651870280504,0.9748364088940434,,,,,,
2.560000000000978,142.27419035285283,31.299265036360076,116.2743227436976,81.00494167553609,119.96727482511359,86.00071052735942,21.935428830617933,0.0,20.447857612532076,0.9076544404029846,0.9501710057258606,0.9808860778808594,0.8861761033535004,0.9059809546917678,0.9748721836018376,,,,,,
2.58000000000102,142.21406844698708,31.323648662387466,116.2346998303029,80.96546763455797,119.97493408653237,86.00126304339399,21.937352478040864,0.0,20.452503710354385,0.9076598286628723,0.9501922130584717,0.980896246433258,0.8861733675003052,0.9060805473476649,0.9748839614796452,,,,,,
2.6000000000010624,142.1575766526463,31.349040359668997,116.19661588509992,80.92275224671035,119.98157741068596,86.00197327157174,21.942696842169553,0.0,20.456382524467266,0.9076969861984253,0.9501957178115845,0.9809096097946167,0.8862270474433899,0.9062563467770816,0.9748744843411259,,,,,,
2.6200000000011046,142.10477329892828,31.375202996671128,116.16043295047137,80.87781447015134,119.98720252888523,86.00284109973941,21.951137415738412,0.0,20.459492645016265,0.9077645540237427,0.9501832962036133,0.9809264183044434,0.8863342761993408,0.9064999237656594,0.974845278065186,,,,,,
2.6400000000011468,142.05559649461597,31.402037028028342,116.12656459081504,80.831640684789,119.99180752015748,86.00386639085686,21.96220496581646,0.0,20.46183290573965,0.9078622937202454,0.950154447555542,0.98094642162323,0.8864949762821198,0.9068064872175455,0.9747960446286015,,,,,,
2.660000000001189,142.01028322864744,31.42935803260501,116.09544880057197,80.78522773177771,119.9953908119024,86.00504898301874,21.97530756651805,0.0,20.463402384383073,0.9079877018928528,0.9501096487045289,0.9809689879417419,0.8867052495479584,0.9071692436933517,0.9747278092312627,,,,,,
2.680000000001231,141.9683052949362,31.45690975202985,116.06747676411446,80.73975455564835,119.99795118042913,86.00638868948003,21.989793088790925,0.0,20.464200403034003,0.9081345319747925,0.950052547454834,0.9809935808181762,0.8869540214538575,0.907573326304555,0.9746447441983037,,,,,,
2.7000000000012734,141.92936511992764,31.484448162772924,116.04296167368341,80.69649535234511,119.99948775137419,86.00788529868557,22.00498847951778,0.0,20.46422652837563,0.9082987070083618,0.9499851822853088,0.9810196757316589,0.8872341752052307,0.9080066755414009,0.9745493529248052,,,,,,
2.7200000000013156,141.8932279736982,31.511703745844336,116.02214494116356,80.656634703601,120.0,86.0095385743034,22.020211881668626,0.0,20.463480571860195,0.908475935459137,0.949909222126007,0.9810465812683106,0.8875385105609894,0.9084571171551943,0.9744439957547002,,,,,,
2.740000000001358,141.85961326020598,31.538383003571184,116.00519310081435,80.62121105643645,119.99948775137412,86.01134825526215,22.034790544671054,0.0,20.461962589801818,0.9086622357368469,0.9498261451721192,0.9810736179351807,0.8878603756427765,0.908915587514639,0.9743307946133427,,,,,,
2.7600000000014,141.82820938787384,31.564179923691007,115.99217823191442,80.59116150342122,119.99795118042898,86.01331405579221,22.048090879994028,0.0,20.45967288338853,0.9088527202606201,0.9497379779815673,0.9811000347137451,0.8881914258003235,0.9093708384782077,0.9742125628399663,,,,,,
2.780000000001442,141.7986857021809,31.588786332720577,115.98306804605124,80.56730520513422,119.99539081190217,86.01543566547087,22.05954045909927,0.0,20.456611998613774,0.9090427756309509,0.9496465921401978,0.9811250686645507,0.8885237693786622,0.9098121121525765,0.9740919945645146,,,,,,
2.8000000000014844,141.77070256912205,31.611903289572005,115.97773576252074,80.55026714846436,119.99180752015718,86.01771274927141,22.068636129259346,0.0,20.452780726127145,0.9091696381568909,0.9495676279067993,0.9811347961425781,0.8887548863887788,0.9100759744644166,0.9739996073651127,,,,,,
2.8200000000015266,141.74391975881412,31.63325203038929,115.97596917329406,80.54045506504852,119.98720252888486,86.02014494761586,22.074951184422336,0.0,20.448180101004663,0.9092512607574463,0.9494974613189697,0.9811335444450379,0.8889134883880615,0.9102116700261832,0.9739274619030767,,,,,,
2.840000000001569,141.7180026089661,31.652583412362617,115.97747337821608,80.53808326598107,119.98157741068553,86.02273187643192,22.078145951848597,0.0,20.44281140243841,0.9093347787857056,0.9494255781173706,0.9811322569847107,0.8890758574008942,0.9103462770581245,0.9738534567761234,,,,,,
2.860000000001611,141.6926293110131,31.669685534169552,115.98187721687611,80.54318356321706,119.97493408653187,86.02547312721356,22.0779745863682,0.0,20.436676153345754,0.9094183444976807,0.9493535757064819,0.9811309695243835,0.8892383933067322,0.910477152466774,0.9737792132305912,,,,,,
2.8800000000016532,141.66749801402898,31.684389799653516,115.98874704511402,80.55559146437687,119.96727482511301,86.02836826708547,22.074284708368808,0.0,20.429776119898396,0.9095006465911866,0.9492825984954834,0.9811297059059143,0.8893985390663147,0.9106035731732846,0.9737059233593754,,,,,,
2.9000000000016954,141.6423363791299,31.696578713109655,115.99759862776052,80.5748437916637,119.95860224205971,86.03141683887152,22.067015983666227,0.0,20.422113310971106,0.9095805048942566,0.9492136478424072,0.981128478050232,0.8895540297031402,0.9107249122112989,0.9736346123623661,,,,,,
2.9200000000017377,141.6169203808257,31.7062019071709,116.00787377481262,80.60002047523172,119.94891929905113,86.0346183611669,22.056224353109716,0.0,20.413689977510554,0.9096567153930665,0.9491477847099304,0.9811273097991944,0.88970245718956,0.9108413316309453,0.9735664246487431,,,,,,
2.94000000000178,141.59108371628827,31.713280728810624,116.01888503096556,80.63009648384694,119.93822930280345,86.0379723284141,22.04213917995955,0.0,20.40450861182449,0.9097284555435181,0.9490857124328613,0.9811262011528015,0.8898422718048096,0.9109563156962395,0.9735020754742436,,,,,,
2.960000000001822,141.56471224129575,31.717896769115754,116.02984579356456,80.66416862063416,119.92653590394058,86.04147821098283,22.025161374275516,0.0,20.394571946791153,0.9097952365875245,0.9490278959274292,0.9811251640319825,0.889972460269928,0.9110696393996477,0.9734420535969548,,,,,,
2.9800000000018643,141.5377357370044,31.720178627095674,116.0400064909502,80.70117080821636,119.91384309574752,86.04513545525357,22.00576949971586,0.0,20.383882954989716,0.9098565101623536,0.9489747881889343,0.9811242341995239,0.8900919675827027,0.9111790880560875,0.9733868716168217,,,,,,
3.0000000000019065,141.51012011918462,31.72029014883922,116.04875343403343,80.7398252075529,119.90015521280665,86.04894348370509,21.984437068335918,0.0,20.37244484775146,0.9099122881889343,0.9489264130592346,0.9811233758926392,0.8902007758617402,0.91128667332232,0.9733365414547734,,,,,,
3.0200000000019487,141.48186024062184,31.718420047436844,116.05560933194415,80.778933566024,119.88547692951745,86.05290169500552,21.961618003299062,0.0,20.360261074132552,0.9099624752998352,0.9488828420639038,0.9811225891113281,0.890298730134964,0.9113945737481117,0.9732911942410283,,,,,,
3.040000000001991,141.45297344056453,31.714772968472754,116.06020993710591,80.81755882120196,119.86981325850022,86.05700946410741,21.937752359921316,0.0,20.347335319808277,0.9100073456764222,0.9488438844680787,0.9811219096183776,0.8903863310813904,0.911502581462264,0.9732505915570073,,,,,,
3.060000000002033,141.4234938775639,31.709561847491386,116.0623117772102,80.85496398634437,119.85316954888424,86.06126614234643,21.913249037037165,0.0,20.333671505889413,0.9100473999977112,0.9488090753555298,0.9811212897300721,0.8904645323753357,0.9116096202284097,0.973214304249268,,,,,,
3.0800000000020753,141.39346764532678,31.703001493512836,116.06180590948318,80.89052882645548,119.83555148448113,86.0656710575437,21.88846123142087,0.0,20.319273787661107,0.9100405454635621,0.9487884521484375,0.9811111450195312,0.8904645502567291,0.9116030611097813,0.9732030032086186,,,,,,
3.1000000000021175,141.3629486834227,31.695303363812304,116.05870498787596,80.92377817764692,119.81696508184373,86.07022351411209,21.86368089806147,0.0,20.304146553244394,0.9099856615066528,0.9487816214561462,0.9810909152030944,0.8903849005699158,0.9114783052355051,0.9732168314862065,,,,,,
3.1200000000021597,141.33199541264787,31.686671262913315,116.05311431990536,80.95443393007238,119.79741668821153,86.0749227931659,21.8391471430425,0.0,20.28829442218128,0.9099289774894714,0.9487767815589905,0.9810708642005921,0.8903015315532684,0.9113550987094641,0.9732325671124272,,,,,,
3.140000000002202,141.30066805529603,31.677297976097726,116.04521142222448,80.98239135802802,119.77691297934301,86.0797681526345,21.815050530309612,0.0,20.271722243943344,0.9098724722862244,0.9487732529640198,0.9810513615608215,0.890217787027359,0.911236459389329,0.9732491014408879,,,,,,
3.160000000002244,141.26902653025587,31.667362644746248,116.03523437562345,81.00765913109636,119.75546095723598,86.08475882737947,21.791531730104243,0.0,20.25443509636477,0.909818720817566,0.9487697005271911,0.9810327291488647,0.8901382446289062,0.9111272983253003,0.9732646940159612,,,,,,
3.1800000000022863,141.23713117129887,31.65703133021989,116.02346484855599,81.03024972425732,119.73306794773636,86.08989402931542,21.768685033944653,0.0,20.236438284000123,0.9097694873809815,0.9487651228904724,0.9810151338577271,0.8900660991668702,0.9110301729291678,0.9732780931401066,,,,,,
3.2000000000023285,141.20505201433642,31.646466886359462,116.01018024956285,81.05000557808735,119.70974159803635,86.09517294753442,21.74658811078848,0.0,20.217737336407353,0.9097268939018249,0.9487582206726074,0.9809987545013428,0.8900051712989807,0.9109504345804453,0.9732877371716313,,,,,,
3.2200000000023707,141.17287540952884,31.635834820816957,115.99557043919697,81.06680514732369,119.68548987406302,86.10059474843409,21.72536564614379,0.0,20.19833800635691,0.9096934080123902,0.9487475633621216,0.980983829498291,0.8899598896503449,0.9108955051749945,0.9732918975758367,,,,,,
3.240000000002413,141.14069948684352,31.625295934632746,115.97972085829596,81.08076767106259,119.66032105775788,86.10615857584922,21.705211589711055,0.0,20.17824626796708,0.9096708774566651,0.9487319469451905,0.9809705138206481,0.889933705329895,0.9108695268630982,0.973289143841248,,,,,,
3.260000000002455,141.1086276257927,31.6149976161083,115.96270339858339,81.09197244445797,119.63424374424865,86.11186355118697,21.686326199386468,0.0,20.157468314766703,0.909661328792572,0.9487100839614868,0.9809589385986328,0.8899302601814271,0.9108747608959675,0.9732779620098881,,,,,,
3.2800000000024974,141.07676249602116,31.60506669760645,115.9446516224492,81.1003405478345,119.607266838914,86.11770877356558,21.668852887711747,0.0,20.13601055768551,0.9096659183502197,0.9486810445785523,0.9809491395950317,0.8899518311023712,0.9109140876680613,0.9732573626446538,,,,,,
3.3000000000025396,141.04520084639356,31.59560395370046,115.92575174294583,81.10584546184984,119.57939955434239,86.1236933199567,21.6528739748662,0.0,20.113879622972874,0.9096861004829407,0.9486439824104309,0.9809412479400634,0.8900009751319885,0.9109927419573068,0.9732262847828679,,,,,,
3.3200000000025818,141.01402902749234,31.586679960493623,115.9062109280781,81.10866822975264,119.55065140718597,86.12981624533107,21.63842716896994,0.0,20.091082350045802,0.9096829652786255,0.9485771656036377,0.9809191465377808,0.890062689781189,0.9110905215144157,0.97316362838028,,,,,,
3.340000000002624,140.98331920042867,31.578332215720035,115.88625853606729,81.10913308716322,119.52103221491066,86.13607658280777,21.625499968303817,0.0,20.067625789266685,0.9096625447273254,0.9484837293624878,0.9808852195739746,0.8901394844055176,0.911208725348115,0.973072325985413,,,,,,
3.360000000002666,140.95312631048495,31.57056364750847,115.86615950226627,81.10761182331284,119.49055209244348,86.142473343807,21.614013834906846,0.0,20.04351719965158,0.9096500515937805,0.9483766913414001,0.9808496236801147,0.8902421474456788,0.9113592717796565,0.9729648945736699,,,,,,
3.3800000000027084,140.92348580888722,31.563342404751378,115.8462060165465,81.10453705314131,119.45922144871834,86.14900551820598,21.6038240404692,0.0,20.018764046510057,0.909644913673401,0.9482564091682434,0.9808122873306274,0.8903694868087769,0.9115399792790413,0.9728417036938481,,,,,,
3.4000000000027506,140.89441214258164,31.5566029568743,115.8266948217387,81.10044665592511,119.42705098312136,86.15567207449868,21.594732345094872,0.0,19.993373999016914,0.9096466898918152,0.9481230616569519,0.9807731509208679,0.8905206382274627,0.9117488235235215,0.9727029917645268,,,,,,
3.420000000002793,140.86590039265673,31.55024430975809,115.8079093463684,81.0959782958679,119.39405168183708,86.16247195995858,21.586495648708095,0.0,19.96735492771702,0.9096543788909912,0.9479777336120605,0.9807322502136231,0.8906929433345795,0.9119806822389365,0.9725499747204595,,,,,,
3.440000000002835,140.8379367768336,31.544116631877095,115.790104668879,81.09183240737718,119.36023481409666,86.16940410080494,21.57882422639847,0.0,19.94071490196386,0.9096667289733887,0.947821319103241,0.9806894421577453,0.8908837139606476,0.9122303660959006,0.9723837731289677,,,,,,
3.460000000002877,140.81050555773487,31.53801642211508,115.77350655003903,81.08869343110756,119.32561192832942,86.17646740237235,21.57137617268511,0.0,19.913462187292758,0.9096825361251831,0.9476551294326783,0.9806447982788086,0.8910897552967072,0.9124926995486021,0.9722059367108159,,,,,,
3.4800000000029194,140.7835877473602,31.531696640682355,115.75830875893134,81.0872046270793,119.29019484821919,86.18366074928363,21.563764957150966,0.0,19.885605242729586,0.9097001433372498,0.9474806785583496,0.980598247051239,0.8913071036338807,0.9127619031816722,0.9720183728146367,,,,,,
3.5000000000029616,140.7571586938194,31.52487973519822,115.7446557770782,81.08800761512585,119.25399566866633,86.1909830056259,21.555582049080193,0.0,19.857152718035863,0.9097180604934693,0.9472997665405274,0.9805498838424682,0.8915316879749299,0.9130323577672244,0.9718232510495,,,,,,
3.520000000003004,140.7311863852934,31.517270077119818,115.73263163500302,81.09173596570719,119.21702675165751,86.19843301513,21.54641744280316,0.0,19.828113450891202,0.9097347974777222,0.9471140146255493,0.9804997205734253,0.8917596459388734,0.9132985722273589,0.9716225979733281,,,,,,
3.540000000003046,140.70563050040164,31.508565893635687,115.72226281445604,81.0989550732159,119.17930072204405,86.20600960135307,21.53587060636884,0.0,19.798496464014065,0.9097486734390259,0.9469253063201905,0.9804478168487549,0.8919865608215333,0.9135542135685683,0.97141882161377,,,,,,
3.5600000000030882,140.6804407761802,31.497795115264285,115.71378001842075,81.12356775749278,119.14083046323046,86.21371156786432,21.52336380053219,0.0,19.76831096222168,0.9097578644752503,0.946735942363739,0.9803942918777466,0.8922074437141418,0.913792970776558,0.9712147710728459,,,,,,
3.5800000000031305,140.6555371391697,31.48278203913604,115.7109608715031,81.17199339416837,119.1016291127749,86.22153769843395,21.505475689295338,0.0,19.737566329430216,0.9097407102584839,0.9465635061264038,0.980337655544281,0.8923733294010162,0.9138068929314613,0.9710349438595586,,,,,,
3.6000000000031727,140.63079222719517,31.46292425506273,115.7183304990986,81.20441123602082,119.06171005790264,86.22948675722522,21.47755549011558,0.0,19.706272125596136,0.909688401222229,0.9464209079742432,0.9802789926528931,0.8924581587314606,0.9136339902877808,0.9708957431721501,,,,,,
3.620000000003215,140.60605943842344,31.438756913772433,115.73000335999181,81.23055208120454,119.02108693093435,86.23755748898958,21.442658205712775,0.0,19.67443808359985,0.9096452593803406,0.9462720870971679,0.9802212357521057,0.8925620794296265,0.913890890777111,0.9707471487927251,,,,,,
3.640000000003257,140.58120332627968,31.410833725540257,115.73605838230701,81.27981175943565,118.97977360463067,86.24574861926496,21.40797321976125,0.0,19.642074106072556,0.9095880389213562,0.9461286306381226,0.9801606297492981,0.8926406264305115,0.9140123337507248,0.9706077216076665,,,,,,
3.6600000000032993,140.55610747326912,31.379581206547485,115.7351376592223,81.34324767505524,118.93778418745468,86.25405885457691,21.37518164494001,0.0,19.609190262167502,0.9095154643058777,0.9460044384002686,0.9801009058952331,0.8926769495010376,0.9137760385870933,0.9704928276943974,,,,,,
3.6800000000033415,140.53067389800123,31.345467683869813,115.73215797891451,81.39580470954478,118.8951330187539,86.26248688264296,21.341048055193433,0.0,19.575796784276598,0.9094280362129211,0.9458920121192932,0.9800399541854858,0.8926799893379211,0.9135774780064821,0.9703943965840154,,,,,,
3.7000000000033837,140.50482805361642,31.309054156121817,115.72887979658704,81.43575280238828,118.85183466386334,86.27103137257976,21.30418350280605,0.0,19.541904064693586,0.9093391537666321,0.9457805156707764,0.9799787044525147,0.8926798820495606,0.9136268403381109,0.9702972529339604,,,,,,
3.720000000003426,140.4785245319012,31.270919118565438,115.7227948043026,81.47722123290878,118.80790390913155,86.2796909751133,21.266454268280658,0.0,19.507522652224804,0.90924711227417,0.9456738233566284,0.9799177885055542,0.8926701188087464,0.9136827573180198,0.9702060339855961,,,,,,
3.740000000003468,140.45174325284992,31.231509413376287,115.71250841710622,81.52464749575286,118.76335575687102,86.28846432279195,21.229259437960575,0.0,19.472663248748724,0.9091490030288697,0.9455783247947693,0.9798582196235657,0.8926397919654846,0.9135693807154894,0.9701285002636724,,,,,,
3.7600000000035103,140.42448539440457,31.19123214213714,115.69957217335568,81.56878122844859,118.71820542023494,86.29735003020242,21.191870830180108,0.0,19.437336705725397,0.9090460538864136,0.9454900026321411,0.9797991514205933,0.8925949931144714,0.913390226662159,0.9700599787640385,,,,,,
3.7800000000035525,140.39677093572058,31.150510180437383,115.68517596412745,81.6045322136372,118.6724683180219,86.30634669418849,21.153657425853932,0.0,19.40155402065697,0.9089426279067994,0.9454053163528442,0.9797409057617188,0.8925455391407013,0.9132988333702088,0.9699955103802494,,,,,,
3.8000000000035947,140.36863651784097,31.109685383959743,115.66840109672884,81.63726744924924,118.6261600694104,86.31545289407265,21.11555074103945,0.0,19.36532633350043,0.9088446736335755,0.9453107833862304,0.9796813130378723,0.8925141513347626,0.9132841229438782,0.9699188230442815,,,,,,
3.820000000003637,140.3401280178607,31.06896060180069,115.64838601252886,81.671066756325,118.57929648862495,86.32466719188035,21.078619436842942,0.0,19.3286649230339,0.9087563514709472,0.9452273845672607,0.979628038406372,0.8924838006496429,0.9132250759750605,0.9698516486096196,,,,,,
3.840000000003679,140.311287462887,31.028482264064372,115.62593042735254,81.7023592018038,118.53189357953542,86.33398813256716,21.04276637632186,0.0,19.291581203177465,0.9086702704429627,0.9451472043991089,0.9795763492584229,0.8924529492855072,0.9131261497735977,0.969787323276978,,,,,,
3.8600000000037213,140.28210779229136,30.988412698859467,115.60214328780445,81.72761478967497,118.48396753019185,86.34341424424849,21.00755567509378,0.0,19.25408671926999,0.9085844159126282,0.9450682282447815,0.9795250058174133,0.8924210548400879,0.9130624637007714,0.9697242377209477,,,,,,
3.8800000000037635,140.25268290240206,30.948946317420447,115.57706527747938,81.74889632923444,118.4355347072962,86.35294403843203,20.973264487921465,0.0,19.216193144303098,0.9085050582885742,0.944991385936737,0.9794763088226318,0.8923956513404846,0.9130475409328938,0.9696617005276493,,,,,,
3.9000000000038058,140.22342110451527,30.910024008553645,115.5504046130463,81.76937230111616,118.38661165061309,86.36257601025282,20.940450768779364,0.0,19.177912275113393,0.9084357500076294,0.9449083089828492,0.9794288396835327,0.8923906087875366,0.9130434136837721,0.969589602749329,,,,,,
3.920000000003848,140.19422333578174,30.871531363089474,115.5226623131818,81.78866689524364,118.3372150673216,86.37230863871085,20.909098270512022,0.0,19.13925602853462,0.9083736062049866,0.9448104739189148,0.97937912940979,0.8924111247062684,0.913041565194726,0.9694993613171391,,,,,,
3.94000000000389,140.16509174045135,30.833455488206916,115.49477075280302,81.80447223570378,118.28736182630962,86.38214038691126,20.878781071089872,0.0,19.100236437510496,0.9083160400390625,0.9447005271911622,0.979327118396759,0.8924507915973664,0.9130687706172467,0.9693945167469792,,,,,,
3.9600000000039324,140.13604671515554,30.795808411881254,115.46706421838898,81.81740189053458,118.23706895241334,86.39206970230703,20.84941145098304,0.0,19.06086564717004,0.9082649350166321,0.9445820450782776,0.9792745232582092,0.8925082802772523,0.9131444837898016,0.9692784188198857,,,,,,
3.9800000000039746,140.107105947264,30.75859613387161,115.43938947841995,81.82966769921173,118.18635362060307,86.40209501694414,20.821238070111516,0.0,19.021155910866256,0.9082212448120117,0.9444558620452881,0.9792219161987304,0.8925839722156524,0.9132408358156682,0.9691516278195195,,,,,,
4.000000000004016,140.07827787565165,30.72180851624714,115.41186734293653,81.84182572030092,118.1352331501182,86.41221474770923,20.79431088592069,0.0,18.981119586179904,0.9081842541694641,0.9443197846412659,0.9791683673858642,0.8926791965961457,0.9133422497659922,0.9690118787693791,,,,,,
4.02000000000397,140.04955840346665,30.68538176663981,115.38500355326762,81.8535781443153,118.08372499855255,86.42242729657947,20.768345967177154,0.0,18.940769130889365,0.9081517219543457,0.944173002243042,0.979112958908081,0.8927917420864105,0.9134605269879102,0.968858802120667,,,,,,
4.040000000003923,140.0209247622419,30.64919460297424,115.35932154363732,81.86548429233879,118.03184675589272,86.43273105087502,20.74295225048862,0.0,18.90011709890811,0.9081223487854004,0.9440176367759705,0.9790558815002441,0.8929175138473511,0.9135993000119925,0.9686949727940373,,,,,,
4.0600000000038765,139.99234254287282,30.612892353467082,115.33519786814631,81.87843125042201,117.979616138511,86.44312438351362,20.717753840174936,0.0,18.859176136191127,0.9080954790115356,0.9438562154769897,0.9789977073669434,0.8930528819561004,0.913744729757309,0.9685233471798711,,,,,,
4.08000000000383,139.96382123940805,30.57619101378233,115.31286738566115,81.8929271731957,117.92705098311544,86.45360565326757,20.692402826440183,0.0,18.81795897661163,0.9080702662467957,0.9436885476112366,0.9789381146430969,0.8931968986988068,0.9138920988887549,0.9683438418316654,,,,,,
4.100000000003783,139.93533279072622,30.538865267010966,115.29239769842381,81.90937362268603,117.87416924065839,86.46417320502289,20.666616620590407,0.0,18.776478437809388,0.9080448627471924,0.9435152411460876,0.9788766860961914,0.8933463335037232,0.9140397414565087,0.9681576250004582,,,,,,
4.120000000003737,139.90682711348057,30.500697399597758,115.2737114980821,81.92831930102977,117.8209889702065,86.47482537004062,20.6401832418769,0.0,18.734747417012258,0.9080179095268249,0.9433382987976074,0.9788135528564453,0.8934971809387208,0.914183247461915,0.9679672477650456,,,,,,
4.14000000000369,139.87824354271518,30.46147699993161,115.25670067958124,81.95008351734825,117.7675283327734,86.48556046622045,20.612893062121024,0.0,18.692778886831967,0.9079884648323059,0.9431603431701661,0.9787492275238037,0.8936453819274902,0.9143156185746193,0.9677759049343877,,,,,,
4.1600000000036434,139.8495153264125,30.42101872952532,115.24127064185572,81.97456169971919,117.7138055851178,86.49637679836624,20.58451021699262,0.0,18.65058589103595,0.9079561591148376,0.9429827094078064,0.9786839962005616,0.8937890410423279,0.9144370704889297,0.9675851700711064,,,,,,
4.180000000003597,139.82057231780234,30.37917721843212,115.22725786040088,82.00163208370313,117.65983907350878,86.50727265845374,20.554838291444835,0.0,18.608181540296318,0.9079198837280273,0.9428061246871948,0.9786176919937134,0.893925815820694,0.9145478650927544,0.9673962352680974,,,,,,
4.20000000000355,139.79134341123645,30.335843205230386,115.21439020526358,82.03141391837465,117.60564722746065,86.51824632590035,20.523765534222612,0.0,18.56557900791764,0.9078787207603455,0.9426324486732482,0.9785505771636963,0.8940525770187379,0.9146445721387864,0.9672114727902226,,,,,,
4.220000000003504,139.76175888133736,30.29094095331591,115.2023715377301,82.06388379391049,117.55124855343918,86.52929606783678,20.491219236965822,0.0,18.522791525544697,0.9078322887420655,0.9424638390541077,0.9784831762313843,0.8941664874553681,0.9147208973765374,0.9670335052418523,,,,,,
4.240000000003457,139.7317524121143,30.244435086173716,115.19093722981859,82.09865382675085,117.4966616285417,86.54042013938066,20.457130743878047,0.0,18.47983237885196,0.9077804803848267,0.9423010587692261,0.9784156918525696,0.8942666530609131,0.9147773757576942,0.9668632982182317,,,,,,
4.26000000000341,139.70126281331733,30.196337280786643,115.17980067795416,82.13527547676149,117.44190509415309,86.55161678391215,20.42147785957467,0.0,18.436714903215897,0.9077232718467713,0.9421443581581116,0.9783481597900391,0.8943527996540069,0.9148174516856671,0.9667012093472295,,,,,,
4.280000000003364,139.67023546396095,30.146701932476258,115.16861520169994,82.17349167110166,117.38699764957964,86.56288423335128,20.384323408548486,0.0,18.393452479371817,0.907660961151123,0.9419942975044251,0.9782808899879456,0.8944248080253602,0.9148418489843607,0.9665478346752934,,,,,,
4.300000000003317,139.6386234632127,30.095618947296188,115.1570364749027,82.21301276320898,117.33195804566338,86.57422070843718,20.34578110425174,0.0,18.350058529056557,0.9075937390327454,0.9418519258499145,0.9782142162322998,0.8944818496704102,0.9148480970412493,0.966404402058106,,,,,,
4.320000000003271,139.60638822043293,30.04321382717867,115.14478321389666,82.2532955824141,117.27680507837866,86.58562441900901,20.30597343327271,0.0,18.30654651063856,0.9075222253799439,0.9417176246643066,0.9781484842300415,0.8945243954658508,0.9148374479264021,0.9662712452816777,,,,,,
4.340000000003224,139.57349919463724,29.98964831834796,115.13160815136298,82.29374923863557,117.22155758241348,86.59709356428861,20.26504984420754,0.0,18.26292991473685,0.9074469327926636,0.9415914416313171,0.9780838966369629,0.8945531904697418,0.9148137409240008,0.9661483047413639,,,,,,
4.360000000003177,139.53993158908455,29.935112128645585,115.11726093172926,82.33398667049532,117.16623442473688,86.60862633316506,20.223214819295592,0.0,18.219222259829586,0.9073415994644165,0.941444742679596,0.9779054403305054,0.8945278227329254,0.9147169131785632,0.9660258887219243,,,,,,
4.380000000003131,139.50564984473763,29.879813824634795,115.10152876852143,82.3736952317482,117.11085449815653,86.62022090448045,20.18070060796325,0.0,18.17543708785546,0.907223927974701,0.941293740272522,0.9776730537414551,0.8944734334945679,0.9145841393619776,0.9659095166134648,,,,,,
4.400000000003084,139.47066857420006,29.823975850566665,115.08428875228044,82.41243881090612,117.0554367148666,86.63187544731755,20.137724258278475,0.0,18.131587959807526,0.9071081638336181,0.9411517143249511,0.977448046207428,0.8944141685962678,0.9144502721726895,0.9658019302296452,,,,,,
4.4200000000030375,139.4351573082362,29.767793021577905,115.06548769770508,82.44975321107279,116.99999999998934,86.64358812128897,20.094491874295397,0.0,18.08768845132187,0.9069931507110596,0.9410159111022949,0.9772272706031799,0.8943506479263306,0.914316700771451,0.9657006619381718,,,,,,
4.440000000002991,139.39904297990577,29.71147845527613,115.04509381160909,82.4853484890269,116.94456328511208,86.65535707682768,20.05122674611125,0.0,18.043752148262453,0.9068798542022706,0.9408853411674499,0.9770108580589294,0.8942852199077607,0.9141869373619557,0.965604305069428,,,,,,
4.460000000002944,139.36232529375064,29.655229534814712,115.02306561962068,82.51919439180914,116.88914550182217,86.6671804554792,20.00816068400821,0.0,17.99979264230351,0.9067691326141357,0.9407588481903076,0.9767987728118896,0.894220244884491,0.9140626035630703,0.9655112860607915,,,,,,
4.480000000002898,139.32503494061243,29.599160176135225,114.9993012656415,82.55124514844782,116.83376557524184,86.67905639019496,19.965462876210033,0.0,17.95582352651109,0.9066618323326111,0.9406355142593383,0.9765911102294922,0.8941578090190888,0.9139441758394241,0.9654203055310063,,,,,,
4.500000000002851,139.28726759040012,29.543379924154575,114.97366589901414,82.58082076602929,116.77844241756527,86.6909830056272,19.92319214845931,0.0,17.911858390925097,0.9065582990646363,0.940514886379242,0.9763879179954529,0.8940988302230836,0.9138331770896911,0.9653307555126958,,,,,,
4.520000000002804,139.2493698992303,29.487688717651068,114.9459230803187,82.60727868348935,116.72319492160013,86.7029584184251,19.881395656100956,0.0,17.8679108181434,0.9064607858657837,0.940396511554718,0.9761910915374756,0.8940472722053528,0.9137420278042555,0.9652412054943852,,,,,,
4.540000000002758,139.21145469238022,29.432072989582622,114.9157204313705,82.63061532932582,116.66804195431568,86.71498073753213,19.8401822203567,0.0,17.823994378909465,0.9063708543777466,0.9402805685997009,0.9760024070739746,0.8940053284168243,0.9136743068695069,0.9651513336109929,,,,,,
4.560000000002711,139.17366924934848,29.376578582286342,114.88279041427504,82.65092230084421,116.61300235039973,86.72704806448476,19.79962801687957,0.0,17.780122627704838,0.9062899708747864,0.9401676774024963,0.9758240580558777,0.8939748287200928,0.9136267241090537,0.9650611637043767,,,,,,
4.580000000002665,139.13614295870502,29.321307413350258,114.84710293185316,82.66802293018054,116.55809490582656,86.73915849371217,19.759682372083592,0.0,17.736309098348247,0.906219494342804,0.9400579690933227,0.9756576538085937,0.8939577579498291,0.9136014990508556,0.964970302383881,,,,,,
4.600000000002618,139.09903105902856,29.266191299515494,114.80879839499353,82.68185934501679,116.50333837143825,86.75131011283719,19.720209806997868,0.0,17.69256729960251,0.9061601877212525,0.9399511694908143,0.9755039215087891,0.8939555168151856,0.9136037517338992,0.9648781655239873,,,,,,
4.620000000002571,139.0624915269645,29.211200230672773,114.76807378325947,82.69279681011757,116.44875144654108,86.7635010029783,19.681070301376927,0.0,17.648910710790766,0.9061123013496399,0.939847445487976,0.9753634691238403,0.8939683914184571,0.9136324774473906,0.9647847769665532,,,,,,
4.640000000002525,139.02662905870378,29.156357757823994,114.72518299437466,82.70141143655347,116.39435277251992,86.77572923905262,19.642124994417784,0.0,17.605352777423708,0.9060753464698792,0.9397460699081421,0.9752353429794312,0.8939962327480316,0.9136831253767014,0.964689576427918,,,,,,
4.660000000002478,138.99151212927453,29.101681132216743,114.68047899260426,82.70816925923073,116.34016092647211,86.78799289007992,19.603206156865085,0.0,17.561906906838917,0.90604807138443,0.9396465301513672,0.9751179933547973,0.8940375030040741,0.9137508187443019,0.9645924208569341,,,,,,
4.6800000000024315,138.95717644115973,29.047187576408703,114.63438032535427,82.7135027196774,116.28619441486343,86.80029001948755,19.564134201263382,0.0,17.51858646385408,0.9060293316841126,0.9395473957061767,0.9750091552734375,0.8940916478633881,0.9138349071145058,0.9644922731327824,,,,,,
4.700000000002385,138.9236253462267,28.99289593120691,114.5873084332147,82.71801032724693,116.23247166720815,86.81261868541621,19.524757915879636,0.0,17.475404766435325,0.9060170292854309,0.9394475102424622,0.9749057173728943,0.8941563963890076,0.9139317195862532,0.964388620655518,,,,,,
4.720000000002338,138.89083030230418,28.938826326253295,114.5396867385745,82.72236227996528,116.17901102977537,86.82497694102663,19.48495391379395,0.0,17.43237508138223,0.905937647819519,0.9385008811950684,0.9742070198059082,0.8948798596858979,0.9147797390818596,0.9629469273495488,,,,,,
4.740000000002292,138.85873206250605,28.885001469980544,114.49196593713737,82.7271105978388,116.1258307593238,86.837362834807,19.44460286613325,0.0,17.389510620030876,0.9058081030845643,0.9375296115875245,0.9736749053001403,0.8956499040126801,0.91568165384233,0.9611738679814152,,,,,,
4.760000000002245,138.82724266014023,28.83144507459451,114.44460289845303,82.73273294565257,116.07294901686711,86.8497744108811,19.40359250257773,0.0,17.346824533976413,0.9056689143180847,0.9366493463516236,0.9732135772705078,0.8963357090950013,0.9164704356342555,0.959497058193665,,,,,,
4.7800000000021985,138.79624654746485,28.77817846013302,114.39801724912547,82.73972818761445,116.02038386147187,86.8622097093172,19.36183655022765,0.0,17.304329910816538,0.9055981278419495,0.9358488202095032,0.9728810310363769,0.897055059671402,0.9173351388424635,0.9578771708416752,,,,,,
4.800000000002152,138.76557745591637,28.725214302657466,114.35257725878232,82.74859236599718,115.96815324409052,86.8746667664375,19.319274773938865,0.0,17.262039769917383,0.9055881142616272,0.9351658463478089,0.9726786851882935,0.8977562487125397,0.9182058408856392,0.9564107058453374,,,,,,
4.820000000002105,138.7352105565957,28.670648684741817,114.30891086314776,82.7837557210053,115.91627500143102,86.8871436151283,19.27547918352023,0.0,17.219967058203,0.9055919528007508,0.9345722317695617,0.9725233554840088,0.898385512828827,0.9189882051199675,0.9550990221905522,,,,,,
4.840000000002059,138.7051304748835,28.606773301644836,114.27543170734154,82.88861784498857,115.86476684986572,86.89963828515054,19.223754559971876,0.0,17.17812464597018,0.9055516719818115,0.9340638637542724,0.9723179817199707,0.8988429188728333,0.9192799087613821,0.9540096757817083,,,,,,
4.860000000002012,138.67528513406558,28.525467603817464,114.27285598034328,83.02900800694822,115.8136463793812,86.91214880345099,19.14698945624957,0.0,17.136525322729707,0.9054930567741394,0.93375563621521,0.9721359729766845,0.8990570425987244,0.9188109684735537,0.9533828137326055,,,,,,
4.880000000001965,138.64546992677805,28.422367351273255,114.3102263007456,83.16833684900313,115.76293104757129,86.92467319447377,19.03366183194749,0.0,17.095181793075543,0.9053837537765503,0.9336217164993286,0.971915888786316,0.8989973664283752,0.9183074332773685,0.9532082913327031,,,,,,
4.900000000001919,138.6151847868819,28.29666837352939,114.37004876905831,83.33859145829642,115.71263817367534,86.93720948047236,18.890378825746417,0.0,17.054106672583348,0.9052220106124879,0.9335307359695435,0.9716173887252808,0.8987976670265198,0.9179648667573929,0.9531931040692143,,,,,,
4.920000000001872,138.58386490188096,28.149836816599514,114.42933614719388,83.56463279491503,115.66278493266374,86.94975568182187,18.730056042299843,0.0,17.013312483739654,0.9051044464111329,0.9336837291717529,0.9714600086212158,0.898425054550171,0.9171069830656052,0.9536774275708012,,,,,,
4.940000000001826,138.550955232116,27.985149930068435,114.48010567828221,83.81324266198872,115.61338834937258,86.96230981733169,18.55780178399732,0.0,16.97281165190298,0.9049960494041444,0.9340416431427002,0.9713751912117005,0.8978557467460633,0.9157486815005541,0.9546058295178227,,,,,,
4.960000000001779,138.51594715114217,27.807098157716375,114.52201545347027,84.0393431797469,115.56446529268985,86.97486990455825,18.37429932753661,0.0,16.932616501298504,0.9048970222473145,0.9346130967140198,0.9713667154312133,0.8970794796943665,0.9144628409296275,0.9559815285610966,,,,,,
4.980000000001732,138.47845011532755,27.621783560287557,114.54730216613106,84.23085516264175,115.51603246979455,86.98743396011821,18.185506878412493,0.0,16.892739251047136,0.9047902226448059,0.935323977470398,0.9713852405548096,0.8961403489112855,0.9134199099615217,0.9576405880856328,,,,,,
5.000000000001686,138.43819324625915,27.436014470397467,114.54232045083695,84.40083694991982,115.46810642045133,88.0,18.002406313243625,0.0,16.199433142560935,0.9047444105148316,0.9360688209533692,0.9715184926986694,0.8952723741531372,0.9228297024965286,0.9592680809902958,,,,,,
5.020000000001639,138.39505920894814,27.255166843504995,114.50146309889251,84.55685430907029,115.42070351136216,88.0,17.832183641443333,0.0,16.168443070343088,0.9047549605369568,0.9369497179985047,0.9718788146972657,0.894406920671463,0.9118258088827134,0.9610038993763738,,,,,,
5.0400000000015925,138.3491487894893,27.082046025593375,114.43362658510661,84.68452102251429,115.37383993057706,88.0,17.67324688554339,0.0,16.137805588787153,0.9047744154930115,0.9378139853477478,0.9724085450172424,0.8936563193798065,0.9110352396965027,0.9625274298596196,,,,,,
5.060000000001546,138.30065436665538,26.918567320386508,114.35107184927605,84.76139336839493,115.32753168196592,88.0,17.52119289936457,0.0,16.107531160565,0.9048380374908448,0.9387012839317321,0.9730010032653809,0.8929495036602021,0.9104725539684296,0.9640267250942998,,,,,,
5.080000000001499,138.24967157227513,26.766975174258828,114.25551035508654,84.79815814305023,115.28179457975324,88.0,17.377712036814394,0.0,16.07763012436615,0.9046496272087098,0.9393417358398437,0.9734074831008911,0.8921204328536988,0.9098925136029721,0.9648123262333683,,,,,,
5.100000000001453,138.19641345533995,26.629580179844908,114.14289366771398,84.82032341195976,115.23664424311751,88.0,17.248552741899434,0.0,16.048112691367066,0.9045339345932008,0.9400529384613037,0.9739657163619995,0.8913447916507721,0.9093275915831328,0.965618061821442,,,,,,
5.120000000001406,138.1408584791259,26.509289459004826,114.01700543092817,84.83120469912386,115.19209609085733,88.0,17.135220017324123,0.0,16.018988941744073,0.9044230937957763,0.9407033324241638,0.974466347694397,0.8906250655651092,0.90857615172863,0.9663484452175908,,,,,,
5.1400000000013595,138.08351321881005,26.408708928859635,113.88728073984629,84.79470975244357,115.1481653361259,88.0,17.035446733467047,0.0,15.990268821230991,0.9043416619300843,0.94122234582901,0.9748696684837341,0.890059769153595,0.9079908680170775,0.9669228671002201,,,,,,
5.160000000001313,138.02476265091013,26.330268199598738,113.75246718154096,84.71941938155557,115.10486698123569,88.0,16.953159240701414,0.0,15.961962137722654,0.9043217182159424,0.9417245149612427,0.9753149628639222,0.8896020650863647,0.9079440336674452,0.9674521682667546,,,,,,
5.180000000001266,137.96437701839898,26.275947731963505,113.60642152696273,84.63102675106606,115.06221581253526,88.0,16.89591855056436,0.0,15.934078557925567,0.9043512344360352,0.9421167731285095,0.9757034301757812,0.8893128454685212,0.9080488115549088,0.9678462860989384,,,,,,
5.20000000000122,137.90241882934674,26.246845929232098,113.4524683523803,84.52561289608704,115.02022639535961,88.0,16.865913686966735,0.0,15.906627604056666,0.9044474244117737,0.9423918724060059,0.9760460019111633,0.8892256915569305,0.9081810228526592,0.968094014923554,,,,,,
5.220000000001173,137.83906419708893,26.243230599974147,113.3002606730196,84.38793917686833,114.97891306905628,88.0,16.860750922518815,0.0,15.879618650591564,0.9045771837234498,0.9425225853919983,0.9762874841690063,0.8893136382102966,0.9085823856294155,0.9681811092304997,,,,,,
5.240000000001126,137.77455833534734,26.2645933318255,113.15478949561812,84.22445602800545,114.93828994208832,88.0,16.879673306535327,0.0,15.853060921063115,0.904681670665741,0.9426063060760498,0.9764613509178162,0.8894029140472413,0.9091261103749275,0.9682291624951176,,,,,,
5.26000000000108,137.70920207482794,26.30967941269218,113.01699773435219,84.05258125026342,114.8983708872164,88.0,16.923649564630285,0.0,15.82696348491164,0.9048266291618348,0.9425297498703002,0.9765298008918762,0.8896923840045929,0.9098710350692273,0.9680982110905461,,,,,,
5.280000000001033,137.64331538982339,26.376625315308974,112.89059598517254,83.87687044824389,114.85916953676117,88.0,16.991390736805805,0.0,15.801335254387656,0.9050047397613525,0.9422932744026185,0.9764874458312989,0.8901705086231232,0.910684771835804,0.9677899120259099,,,,,,
5.300000000000987,137.5772205797633,26.463048139118655,112.78149057467776,83.69422990931095,114.82069927794791,88.0,17.079217460362564,0.0,15.776184981508422,0.9052053213119508,0.9418889880180359,0.9763176798820495,0.8908270835876465,0.9116745740175247,0.967297076981049,,,,,,
5.32000000000094,137.51149882215083,26.56584504351594,112.692980026905,83.5096170379098,114.78297324833476,88.0,17.183848740135357,0.0,15.751521255069079,0.9054231524467469,0.941339635848999,0.9760352492332458,0.8916334509849548,0.9128796026110649,0.9666411278652959,,,,,,
5.340000000000893,137.4468740505565,26.681616390099283,112.62560526962164,83.33323204424978,114.74600433132628,88.0,17.302812769969886,0.0,15.727352497709628,0.9056552410125732,0.9406574845314026,0.9756470441818237,0.8925731897354127,0.9141960449516774,0.9658312676358036,,,,,,
5.360000000000847,137.38307875473436,26.807124869744378,112.58014164087075,83.1695114315845,114.70980515177374,88.0,17.432799228297295,0.0,15.703686963038543,0.9059037685394288,0.9398749828338623,0.9751827359199524,0.893620651960373,0.9155403859913349,0.9648962257313543,,,,,,
5.3800000000008,137.32041457234504,26.937541798653015,112.55822226566242,83.03837768500739,114.6743880716638,88.0,17.569157484174518,0.0,15.680532732814243,0.9060660243034363,0.9389109015464783,0.974583101272583,0.8947087347507477,0.9168456465005875,0.9635766504216008,,,,,,
5.4000000000007535,137.2591562246735,27.064002813000915,112.56813124621004,82.97319228089553,114.63976518589688,88.0,17.70194371790959,0.0,15.657897714185136,0.9059475183486939,0.93764408826828,0.9739269733428955,0.895780611038208,0.9178264826536179,0.9612640855717473,,,,,,
5.420000000000707,137.1994644510345,27.179597128143538,112.62434143739905,82.92805938699955,114.60594831815675,88.0,17.815021673141374,0.0,15.635789636989358,0.9057588458061219,0.9363892078399658,0.9732885122299194,0.8967753350734711,0.9183301150798798,0.9588528750347904,,,,,,
5.44000000000066,137.1414490954841,27.27948317377005,112.72232343216139,82.89438693798196,114.57294901687277,88.0,17.902458689253272,0.0,15.614216051115012,0.9055607080459595,0.9351596117019654,0.9726318836212158,0.8977129638195038,0.9192083582282067,0.9564279077458195,,,,,,
5.460000000000614,137.08522570508333,27.360300991221294,112.83932036359475,82.91666861408132,114.54077855127608,88.0,17.971056809841958,0.0,15.5931843239219,0.9053390502929688,0.9339917540550232,0.971942687034607,0.8985312938690185,0.9200052816420794,0.9540958044934087,,,,,,
5.480000000000567,137.03076420013898,27.418778066609974,112.96158351964463,83.00450873834993,114.50944790755122,88.0,18.024105409486516,0.0,15.572701637725608,0.9051034927368165,0.9329478979110718,0.9712528705596923,0.8991856455802918,0.9201324038207531,0.9520043132710271,,,,,,
5.5000000000005205,136.9780541977267,27.450255664917503,113.09229618710263,83.14148342803216,114.47896778508434,88.0,18.05457364383137,0.0,15.552774987344705,0.9048622846603394,0.9320800065994262,0.9705912709236145,0.8996409893035889,0.919899669662118,0.9502869961666874,,,,,,
5.520000000000474,136.9270840990156,27.447896608882978,113.2406922858112,83.32964357971359,114.44934859280929,88.0,18.05068294086172,0.0,15.533411177712022,0.9046182513237,0.931446087360382,0.969980776309967,0.8998468220233917,0.9195104837417603,0.9490999696659855,,,,,,
5.540000000000427,136.87775660878484,27.406667125199263,113.41275203430018,83.556592730631,114.42060044565314,88.0,18.00192100444438,0.0,15.514616821550835,0.9043551445007324,0.9311100482940674,0.9694127917289734,0.8997117400169373,0.9186575077474117,0.9486342904972844,,,,,,
5.560000000000381,136.82986557047246,27.32492819440219,113.60222039154712,83.8168092197775,114.3927331610818,88.0,17.905855474782296,0.0,15.496398337116542,0.904089641571045,0.9310914278030396,0.9689253091812133,0.8992483139038087,0.9175114575773478,0.9489233134198003,,,,,,
5.580000000000334,136.78313221683385,27.204151085649062,113.79221580849773,84.1143922110229,114.3657562557474,88.0,17.76857694054367,0.0,15.478761946004884,0.9038176774978638,0.9313791751861572,0.96851087808609,0.8984606325626373,0.9160048069432378,0.9499376652645879,,,,,,
5.600000000000287,136.73724244175548,27.04854347272331,113.96599205699574,84.43503009792501,114.33967894223841,88.0,17.59849963494039,0.0,15.461713671027269,0.9035515069961548,0.9319732546806335,0.9681954145431518,0.8973694264888764,0.9140695387497545,0.9516376374172978,,,,,,
5.620000000000241,136.69185489556784,26.864500819920654,114.11119001482393,84.74617102390164,114.31451012593352,88.0,17.403365186838588,0.0,15.445259334154002,0.9032959938049316,0.9328062415122986,0.9679710984230041,0.8960496366024018,0.9119851946830749,0.9538265107083135,,,,,,
5.640000000000194,136.64678931774478,26.66055230921168,114.21554024229869,85.01903588473527,114.29025840196043,88.0,17.192611620863087,0.0,15.429404554526034,0.9031097054481506,0.9338891744613648,0.9679540872573853,0.8945922613143921,0.910086932964623,0.9564204094815068,,,,,,
5.660000000000148,136.60190011214564,26.446633430298142,114.26493878777983,85.25055035623971,114.26693205226064,88.0,16.97866698270147,0.0,15.414154746536077,0.903006374835968,0.9351487159729004,0.9684587001800538,0.8932424426078797,0.9086840556934476,0.9589730618405156,,,,,,
5.680000000000101,136.55718281956612,26.229679287785466,114.25401001215468,85.46059376295027,114.24453904276123,88.0,16.770559402534623,0.0,15.399515117979607,0.9029772758483887,0.9365586161613464,0.9693105220794678,0.89194033741951,0.9074310993775726,0.9615414975094609,,,,,,
5.700000000000054,136.51247853353922,26.015012911900957,114.19554574702738,85.61613530945473,114.22308702065443,88.0,16.567117935729105,0.0,15.385490668276361,0.902978527545929,0.9380880832672119,0.9703213453292847,0.8905758440494538,0.9059280812740326,0.9641195652890019,,,,,,
5.720000000000008,136.46912681179742,25.807796744698745,114.1014525066818,85.69467861825633,114.20258331178611,88.0,16.367174931630526,0.0,15.372086186763052,0.9026832580566406,0.9393330574035644,0.9712713837623597,0.8890897452831269,0.9045263819396496,0.9655656454968267,,,,,,
5.739999999999961,136.42666753491875,25.613822759705354,113.96934172711926,85.71859667314807,114.18303491815409,88.0,16.17809629316328,0.0,15.359306251057848,0.902897572517395,0.9413992643356324,0.9735929489135742,0.887709003686905,0.9038599014282227,0.9676265714573674,,,,,,
5.7599999999999145,136.38487723607545,25.43923856064827,113.7960222521917,85.70439139939111,114.1644485155169,88.0,16.008889308094215,0.0,15.34715522549709,0.9031835794448853,0.9438527584075928,0.976712965965271,0.8865144550800323,0.9033890508115292,0.96974965314148,,,,,,
5.779999999999868,136.34353405843882,25.28992652290089,113.5888964641876,85.63876567986144,114.14683045111396,88.0,15.863358224695226,0.0,15.335637259644855,0.9033155083656311,0.9459568381309509,0.9787115931510926,0.8851655542850495,0.9024774793535472,0.97160512189148,,,,,,
5.799999999999821,136.3023705401446,25.171084480383367,113.35812219637539,85.5120460429413,114.13018674149816,88.0,15.743787471452382,0.0,15.324756286875946,0.9030709862709045,0.9476215839385986,0.9794523239135742,0.8834244787693024,0.9010041404515505,0.9731823800015263,,,,,,
5.819999999999775,136.2608213118699,25.087477731337653,113.10877995130295,85.3379113320652,114.1145230704811,88.0,15.655269791874925,0.0,15.314516023032596,0.9031694650650025,0.9490889310836792,0.9801291942596435,0.8821978688240052,0.900438355654478,0.9745076058316045,,,,,,
5.839999999999728,136.21928161985988,25.04258227282409,112.84654771121481,85.13248210187506,114.09984478719205,88.0,15.602756165005356,0.0,15.30491996515552,0.9022905588150024,0.9497797012329101,0.980265474319458,0.8808284103870392,0.8995674028992653,0.9750857232022099,,,,,,
5.8599999999996815,136.17701598431475,25.039083235950727,112.58457028355198,84.89610637721101,114.08615690425134,88.0,15.587547899063924,0.0,15.295971390289697,0.901641845703125,0.9503594398498535,0.9803877353668213,0.8797757267951966,0.8989500895142556,0.9755559800076299,,,,,,
5.879999999999635,136.1326347655342,25.07916530578853,112.33766321480641,84.6313677638815,114.07346409605842,88.0,15.60985063494794,0.0,15.287673354365236,0.9012460350990296,0.9508283853530883,0.9804991722106934,0.8790576875209809,0.8987681359052658,0.9759216783451847,,,,,,
5.899999999999588,136.08504864751822,25.163971654658166,112.11476243137494,84.35426826283839,114.06177069719568,88.0,15.671553546223311,0.0,15.280028691153817,0.901075029373169,0.9511772632598877,0.980593740940094,0.8786499798297882,0.8989399544894695,0.9761811850476079,,,,,,
5.919999999999542,136.03393358113905,25.293145732626066,111.9212126103278,84.07820867442726,114.05108070094812,88.0,15.77408443517378,0.0,15.273040011300914,0.9011078953742981,0.9513903856277466,0.9806642413139344,0.8785411477088929,0.8992819264531136,0.976327097218018,,,,,,
5.939999999999495,135.9799464326114,25.464329674237852,111.76281821482733,83.8043741588259,114.04139775793965,88.0,15.915933056339535,0.0,15.26670970143429,0.901398503780365,0.9514602184295654,0.9807130813598632,0.8787917971611023,0.8999147258698941,0.9763503907131963,,,,,,
5.959999999999448,135.92304268645387,25.674014829072814,111.64353334208054,83.53264337693646,114.03272517488645,88.0,16.093722000789413,0.0,15.261039923348978,0.9019305467605591,0.9513989925384522,0.9807426452636718,0.879378491640091,0.9009358689188958,0.9762610552716069,,,,,,
5.979999999999402,135.8643841285777,25.91743559248725,111.56371009994088,83.2676885655813,114.0250659134677,88.0,16.303749668092426,0.0,15.256032613269,0.9026401042938232,0.9512222528457641,0.980752170085907,0.8802273452281952,0.9022467836737633,0.9760747788357549,,,,,,
5.999999999999355,135.8053906244057,26.188707211231574,111.52191203104691,83.01362810289969,114.01842258931413,88.0,16.54164554803113,0.0,15.251689481186148,0.9034705996513367,0.9509488224983216,0.9807426452636718,0.8812694370746613,0.9037017375230789,0.9758085368084721,,,,,,
6.019999999999309,135.74835725760397,26.48082746469649,111.51658606247598,82.77048241628525,115.03737575305001,88.0,16.80181923935864,0.0,15.917839148738775,0.9044521450996399,0.9505723476409912,0.9807152032852173,0.8825421214103699,0.9053606890141964,0.9754535792279058,,,,,,
6.039999999999262,135.69477293647859,26.78769619785656,111.5458404876018,82.54498720171422,116.01994529736325,88.0,17.077897550069544,0.0,16.5602027024195,0.9056066513061524,0.9501059770584106,0.9806764483451843,0.8840618669986725,0.9073132306337357,0.9750151751446537,,,,,,
6.059999999999215,135.64507593105498,27.102773898434346,111.60822866656305,82.3313051825101,116.03988265940102,88.0,17.362514492531393,0.0,16.57323692966959,0.9068738460540772,0.9495709061622619,0.9806278705596924,0.8857537746429444,0.9093866541981698,0.9745118258404546,,,,,,
6.079999999999169,135.60051588702896,27.41691153515149,111.70044591480125,82.16469843009199,116.0598041539449,88.0,17.649039108957027,0.0,16.586260783404832,0.9082010865211487,0.9489519000053406,0.980583393573761,0.887634664773941,0.9117585606873035,0.9739016530918889,,,,,,
6.099999999999122,135.56168016350546,27.715745022628106,111.83082862095632,82.09561002323558,116.07970185513946,88.0,17.92308565600256,0.0,16.599269082026943,0.9086106061935425,0.9476212620735168,0.9803061246871948,0.8896691858768463,0.9139567241072655,0.9724378464627079,,,,,,
6.1199999999990755,135.52862915169976,27.992570481216628,112.01690138644422,82.00530648957225,116.09956784659559,88.0,18.161573051499833,0.0,16.61225665012633,0.9088979601860047,0.9463926315307617,0.9800246238708497,0.8914106369018555,0.9151902191340924,0.9710705159115605,,,,,,
6.139999999999029,135.50121849266927,28.24642505258823,112.23765876811919,81.88745550965211,116.11939422453997,88.0,18.365714121443478,0.0,16.62521832054109,0.9092573761940003,0.9452194571495056,0.9797845363616944,0.8931765198707581,0.917686901241541,0.9697087166714482,,,,,,
6.159999999998982,135.4795210565317,28.47670311988377,112.44827578002408,81.8396518612449,116.13917310095974,88.0,18.557918491113302,0.0,16.638148936412858,0.9096335053443909,0.944084644317627,0.979563546180725,0.8949119567871094,0.9202177934348583,0.9683510063099675,,,,,,
6.179999999998936,135.46218139047667,28.682759364196933,112.6350626871112,81.86818602818197,116.15889660674074,88.0,18.745471647634723,0.0,16.65104335323847,0.909988009929657,0.943047022819519,0.9796653985977173,0.8967157363891601,0.9218717485666275,0.9667731640744023,,,,,,
6.199999999998889,135.44828861980002,28.86298288745203,112.81611928797989,81.8946133665709,116.17855689479822,88.0,18.913979627154905,0.0,16.663896440916673,0.9101746678352356,0.9420992732048035,0.9798517227172852,0.8982919096946717,0.9229944422841072,0.9651455519604497,,,,,,
6.2199999999988425,135.43724362823954,29.013282609340028,113.00354806867206,81.92075667899074,116.19814614319894,88.0,19.050837428886734,0.0,16.676703085789242,0.9101574778556824,0.9414685130119324,0.979802918434143,0.8990341007709504,0.9238391552120447,0.9642409203457646,,,,,,
6.239999999998796,135.42876540913076,29.13049115739643,113.19485445977953,81.98113694005664,116.21765655827306,88.0,19.15294998845529,0.0,16.6894581926754,0.910144054889679,0.9409731149673461,0.979764723777771,0.8996138155460358,0.9244878388941288,0.9635217783856206,,,,,,
6.259999999998749,135.42191350001175,29.213525874134856,113.38478332215897,82.08454041114776,116.23708037771496,88.0,19.220124912871515,0.0,16.702156686899002,0.910135018825531,0.9406381726264954,0.979738962650299,0.9000041842460632,0.9245784964412451,0.9630313036846928,,,,,,
6.279999999998703,135.4160141154974,29.26282843849519,113.57036237719133,82.22379409856903,116.25640987367144,88.0,19.251764953218643,0.0,16.714793516307495,0.9101295351982117,0.9404346585273743,0.9797233462333679,0.9002407431602478,0.9244062144309282,0.9627316115307621,,,,,,
6.299999999998656,135.41016821769355,29.279312826972895,113.74981644955459,82.40133430903794,116.27563735581637,88.0,19.247606731106288,0.0,16.72736365328195,0.9101278066635132,0.94037024974823,0.9797184109687805,0.900315523147583,0.924123477190733,0.9626364944386296,,,,,,
6.319999999998609,135.40369339195107,29.26538181051084,113.92275608736462,82.60248977264793,116.29475517441024,88.0,19.207469709914196,0.0,16.739862096737337,0.9101285934448242,0.9403996944427491,0.979720664024353,0.9002813458442688,0.9236906446516514,0.9626799939083867,,,,,,
6.339999999998563,135.39600875145283,29.226837469796866,114.0845451580313,82.79679268013481,116.31375572334366,88.0,19.134906088941424,0.0,16.752283874112173,0.9101336359977722,0.9405867576599121,0.9797350168228149,0.900063979625702,0.923201734572649,0.9629557249951176,,,,,,
6.359999999998516,135.3866936347461,29.170466898901445,114.22173326114977,82.99438776021965,116.33263144316354,88.0,19.040934026824463,0.0,16.764624043346966,0.9101415157318116,0.9408793210983276,0.9797574996948242,0.8997232615947723,0.922884824872017,0.9633847830700688,,,,,,
6.37999999999847,135.37550293721227,29.102631379118375,114.32403608633211,83.20198648206853,116.35137482408057,88.0,18.93640078561713,0.0,16.776877694850352,0.9101519703865052,0.9412656664848328,0.9797872543334961,0.8992718160152435,0.9223446853458881,0.9639473555493169,,,,,,
6.399999999998423,135.3623433764143,29.028989669258582,114.39287699588034,83.39451103241726,116.36997840895705,88.0,18.825358795019845,0.0,16.789039953452427,0.9101649999618531,0.9417448043823242,0.9798242688179016,0.8987095713615417,0.9216136239469052,0.9646386740612798,,,,,,
6.419999999998376,135.34716719943313,28.954525231846166,114.43337884836292,83.5505736467842,116.38843479627384,88.0,18.709334643445263,0.0,16.801105980344403,0.9101798295974731,0.9422878861427307,0.979866373538971,0.8980690777301789,0.9210493009537458,0.9654136774945072,,,,,,
6.43999999999833,135.33035762949777,28.882766116403694,114.44632796397504,83.68095475120495,116.40673664307491,88.0,18.592611800845933,0.0,16.813070975003654,0.9099153280258179,0.9430286884307861,0.9796172499656677,0.8966212987899781,0.9196103472262621,0.9667933342861943,,,,,,
6.459999999998283,135.31208691270044,28.814946889581094,114.43331204253447,83.80057863530338,116.42487666788891,88.0,18.479172245209156,0.0,16.82493017710372,0.909603476524353,0.9436423659324646,0.9794874072074891,0.8953898370265961,0.9182178117334843,0.967797064583283,,,,,,
6.4799999999982365,135.29246282593263,28.752087305858385,114.40168542795718,83.89724470977933,116.44284765362609,88.0,18.36903317169587,0.0,16.83667886840816,0.9092724442481995,0.9442644596099854,0.9795020818710327,0.8942249119281769,0.9167622439563274,0.9686517117428594,,,,,,
6.49999999999819,135.27157947487063,28.695484386938414,114.357787055446,83.96239332600126,116.46064245044964,88.0,18.262171259344374,0.0,16.848312374647755,0.9089468955993653,0.9448887825012207,0.9795863389968872,0.8931091606616974,0.9155001148581505,0.9694302914547734,,,,,,
6.519999999998143,135.24982917071762,28.64631782377351,114.30217844237495,84.00502153953903,116.4782539786203,88.0,18.161887316483632,0.0,16.859826067380173,0.9086381793022156,0.9455065608024598,0.979675030708313,0.8920206904411316,0.9143672168254853,0.970186197559815,,,,,,
6.539999999998097,135.22736847604986,28.606006461683133,114.2340854123132,84.0311931187642,116.49567523131304,88.0,18.072335059070742,0.0,16.871215365831407,0.9083575487136841,0.9461066246032714,0.9797682285308837,0.8909870982170105,0.9132266361266375,0.9709051130223088,,,,,,
6.55999999999805,135.2044811835501,28.576240724607956,114.15501797544745,84.03224074500909,116.51289927740483,88.0,17.99600462431092,0.0,16.88247573871831,0.9081139326095581,0.9466882228851319,0.9798683881759643,0.8900214433670044,0.9121293015778065,0.971585190098267,,,,,,
6.5799999999980034,135.18157339484685,28.558590587876193,114.06626861381466,84.00235649675487,116.5299192642321,88.0,17.935149220289375,0.0,16.893602706051304,0.9079166650772095,0.9472278833389283,0.9799710631370544,0.8891622543334962,0.9112764470279217,0.9722009179997257,,,,,,
6.599999999997957,135.1591123089407,28.55432180549377,113.96752324159401,83.94465144494205,116.54672842031721,88.0,17.892870754598736,0.0,16.904591840916815,0.9077728271484375,0.9477149724960328,0.9800749301910401,0.8884311139583588,0.9106717504560947,0.9727418063092046,,,,,,
6.61999999999791,135.13758699515003,28.564327890620827,113.85929718974437,83.86181965266519,116.56332005806247,88.0,17.87169680177516,0.0,16.915438771238556,0.9076927423477174,0.9481380462646485,0.9801793813705444,0.8878549993038177,0.9102655529975892,0.9731959937023931,,,,,,
6.639999999997864,135.11748503826584,28.589110521729577,113.74438019408416,83.75214922049732,116.5796875764108,88.0,17.87245327261755,0.0,16.926139181516913,0.907682228088379,0.9484663486480713,0.9802861094474793,0.8874895811080933,0.9101356081664562,0.9735266087460331,,,,,,
6.659999999997817,135.09927284789254,28.628778044356235,113.62626311755075,83.6155022223624,116.59582446347207,88.0,17.895005759858634,0.0,16.936688814545956,0.9077409505844116,0.9486867427825928,0.9803898334503174,0.8873486995697022,0.9103422224521637,0.9737235544133,,,,,,
6.67999999999777,135.08337798671337,28.683036879707156,113.50775003949573,83.45646032910147,116.61172429911379,88.0,17.93909980115839,0.0,16.94708347310714,0.9078640818595887,0.9488301157951355,0.9804653525352478,0.8873465478420258,0.9107502222061158,0.9738434312748723,,,,,,
6.699999999997724,135.07020845589145,28.751040017847362,113.39156133335952,83.2805122166643,116.62738075751547,88.0,18.004022206594076,0.0,16.957319021639215,0.9080536961555481,0.948889970779419,0.9805196523666382,0.887505054473877,0.9113425835967064,0.973874008457642,,,,,,
6.719999999997677,135.06012251401313,28.831908459118182,113.28105450530387,83.09120055314187,116.6427876096853,88.0,18.088086610538397,0.0,16.967391387883545,0.90830979347229,0.9488207340240479,0.9805767297744751,0.8879281699657441,0.9122483111917973,0.9737430451321416,,,,,,
6.7399999999976306,135.05357354468742,28.924346007666788,113.17967438666783,82.89209808285793,116.65793872593845,88.0,18.188895583837546,0.0,16.977296564504304,0.9086193561553956,0.9486543297767639,0.9806206583976745,0.8885327875614166,0.9133680507540703,0.9734997866558842,,,,,,
6.759999999997584,135.0504859667274,29.02675835554427,113.09023899440703,82.6887202018444,116.67282807833578,88.0,18.303807822358706,0.0,16.98703061068283,0.9082073330879211,0.949210786819458,0.9806843042373657,0.8874890983104706,0.9123106271028519,0.9740811822819524,,,,,,
6.779999999997537,135.05093171595496,29.137300418485523,113.01507402682326,82.48706911176019,116.68744974308204,88.0,18.42991664047598,0.0,16.996589653685426,0.9077799558639527,0.9495536088943481,0.9807064771652222,0.8867235660552979,0.9115700080990792,0.9744142649578862,,,,,,
6.799999999997491,135.05500640082823,29.253897473568312,112.9563142059817,82.29186909390127,116.7017979028827,88.0,18.563879223217562,0.0,17.005969890404216,0.9075990200042725,0.949761712551117,0.9807538747787475,0.8863919317722321,0.9113557718694211,0.9745822785305791,,,,,,
6.819999999997444,135.06238482851725,29.374373901437245,112.91566757078591,82.10743223233386,116.71586684925842,88.0,18.70209614259111,0.0,17.015167588870195,0.9075067400932312,0.9498842120170593,0.9807831406593323,0.8862117648124695,0.9112275600433349,0.9746795890736394,,,,,,
6.8399999999973975,135.07287374691833,29.49513334903907,112.89463232638528,81.96079562745346,116.72965098481615,88.0,18.840647666094092,0.0,17.024179089738023,0.9075382709503174,0.9499117732048035,0.9807945489883423,0.8862265288829804,0.9112513139843941,0.9746966002392583,,,,,,
6.859999999997351,135.08620516558236,29.61046972547671,112.90178712711044,81.86985775924974,116.7431448254761,88.0,18.97022545537987,0.0,17.033000807741896,0.9076623558998108,0.9498756647109985,0.9807948350906373,0.8863821744918824,0.9111473821103573,0.9746589062619023,,,,,,
6.879999999997304,135.10222344417363,29.719629518765416,112.94671966000153,81.76327687977974,116.75634300265357,88.0,19.07926475719382,0.0,17.04162923312196,0.9078221678733825,0.9498053073883057,0.9807950019836426,0.8866121947765351,0.9109357878565788,0.9745861170697026,,,,,,
6.899999999997258,135.12087591116952,29.823298574884696,113.01548779850312,81.66502499255989,116.76924026539494,88.0,19.171837700760186,0.0,17.050060933020713,0.9080505728721618,0.9496459484100341,0.9808057546615601,0.8870345711708069,0.9116607382893562,0.9744112608837895,,,,,,
6.919999999997211,135.14204353753524,29.922297181372468,113.08664841493531,81.61884287863937,116.78183148246673,88.0,19.25965745248959,0.0,17.058292552848755,0.9083365440368653,0.9494474411010743,0.980819821357727,0.8875634789466859,0.9122773870825768,0.9741918204235844,,,,,,
6.939999999997164,135.16612163427746,30.017230385032416,113.15537498557174,81.60142937924275,116.79411164439706,88.0,19.345218729858242,0.0,17.066320817619424,0.9085274815559388,0.9493058681488037,0.9808257818222046,0.887921541929245,0.9122222170233727,0.9740387318539433,,,,,,
6.959999999997118,135.19275617260323,30.10847025306349,113.2264575827804,81.57228151691727,116.80607586546877,88.0,19.424379642575456,0.0,17.074142533251795,0.9087072491645813,0.9491207718849182,0.9808111429214478,0.8882850289344788,0.912330586463213,0.973860502045136,,,,,,
6.979999999997071,135.22162397822896,30.196248498891183,113.29815155483332,81.53280951610142,116.81771938566315,88.0,19.49707286563315,0.0,17.08175458784142,0.9089040756225586,0.9489046335220337,0.9807900428771973,0.8886899948120117,0.9128717072308064,0.9736556885647587,,,,,,
6.999999999997025,135.2526991315476,30.281187986843086,113.36359968167494,81.49322732259155,116.82903757255377,88.0,19.56736131123234,0.0,17.08915395289844,0.9089739322662354,0.9485302209854126,0.9806910157203674,0.8891519069671631,0.9134726941585541,0.9732874153065495,,,,,,
7.019999999996978,135.28590290857804,30.36397366449847,113.417786859799,81.45375920164405,116.84002592314951,87.98526198121881,19.638949046023008,0.0,17.105972795037307,0.90897136926651,0.9480571985244751,0.9805481910705567,0.8896755814552307,0.9139409236609936,0.9728009818005375,,,,,,
7.039999999996931,135.32109647847707,30.441985042257308,113.46197186869786,81.43823785299459,116.85068006568609,86.03350875373789,19.71172508077067,0.0,18.388914017131427,0.9088986873626709,0.9476664185523986,0.9804084420204162,0.890010392665863,0.9066256403923035,0.9724132893490605,,,,,,
7.059999999996885,135.3580574076346,30.51276592593936,113.50702557554995,81.42590600159137,116.8609957613654,86.06700810060198,19.778304426201966,0.0,18.373757499561204,0.9088027715682984,0.9472377896308899,0.9802497744560241,0.8903534948825836,0.9144679486751557,0.9719891426968388,,,,,,
7.079999999996838,135.39648908647666,30.575176727640226,113.56040479895431,81.40027068276697,116.87096890604191,86.1004886363593,19.83232789286567,0.0,18.35838933416281,0.9087016582489014,0.9468756914138794,0.9801091194152832,0.8906143188476563,0.9146732062101365,0.9716335533070378,,,,,,
7.0999999999967915,135.4360609346776,30.628722055155045,113.61803997272116,81.38490153484571,116.88059553185555,86.13394096205766,19.875175083680777,0.0,18.342813071560876,0.908578073978424,0.9465373754501343,0.9799682378768921,0.8908169746398926,0.9149631433188915,0.9713069556164555,,,,,,
7.119999999996745,135.47647679176637,30.67253469906155,113.67429582149865,81.4024680688987,116.8898718088103,86.16735568666424,19.91007235581517,0.0,18.327032347332548,0.9085705518722534,0.9462604641914367,0.979882025718689,0.8911092102527619,0.915208138525486,0.9710141656803899,,,,,,
7.139999999996698,135.51748833111802,30.705844245865766,113.73089789017965,81.43516328865,116.89879404629802,86.20072342970197,19.93541269625115,0.0,18.31105088128009,0.9085171461105347,0.9459244608879089,0.9797633647918701,0.8914023876190186,0.9151837594807148,0.9706684945034795,,,,,,
7.159999999996652,135.55887276377558,30.728646101118965,113.78964244839452,81.45813277888998,116.90735869456675,86.23403482388281,19.949168425173323,0.0,18.2948724766693,0.908491575717926,0.9456846237182617,0.9796825051307678,0.891627985239029,0.9152812741696835,0.9704172490048222,,,,,,
7.179999999996605,135.60046006063249,30.74125286462177,113.84525602630112,81.49012890904832,116.91556234613297,86.26728051773753,19.954427225422783,0.0,18.27850101943356,0.9084504246711731,0.9456382751464844,0.9796553730964661,0.8916222035884858,0.9153598740696908,0.9703781006741338,,,,,,
7.1999999999965585,135.64212517997964,30.744359527769742,113.8934559531157,81.53844938290888,116.92340173713734,86.30045117824082,19.954356875427862,0.0,18.261940477343945,0.9084370851516724,0.9455659031867981,0.9796291589736938,0.8916824638843537,0.915344474464655,0.9703035233425907,,,,,,
7.219999999996512,135.68377568259797,30.73897851468836,113.93528432157622,81.58871267743382,116.93087374864318,86.33353749343144,19.948732758353604,0.0,18.245194899145194,0.9084171772003174,0.9455571889877319,0.9796201825141907,0.8916647911071778,0.9151608377695084,0.9702993748593144,,,,,,
7.239999999996465,135.725323429402,30.72618992781946,113.9722149330821,81.63422953771936,116.93797540787742,86.36653017502627,19.936937204471295,0.0,18.228268413657997,0.9083626747131348,0.945592212677002,0.9796134948730468,0.8915526330471039,0.9149880014359951,0.9703515646862797,,,,,,
7.259999999996419,135.76668601077952,30.706809195363572,114.00357611370755,81.68192488338462,116.94470388941322,86.3994199610279,19.919893389852835,0.0,18.21116522884746,0.9083108305931091,0.9456518650054931,0.9796151518821716,0.8914174675941468,0.9148591518402099,0.9704294798779302,,,,,,
7.279999999996372,135.8077673876724,30.682151488040738,114.02894746134147,81.72825489098061,116.95105651629424,86.43219761832461,19.898586637943776,0.0,18.19388963085831,0.9083969712257386,0.9455613851547241,0.9796150207519532,0.8916327297687531,0.915160521119833,0.9703092453884892,,,,,,
7.299999999996325,135.84847876704694,30.654274414905554,114.04768925966722,81.76538345747942,116.95703076109955,86.4648539452825,19.874389261097647,0.0,18.176445983016446,0.908477532863617,0.9454913258552551,0.9796193599700928,0.8918182969093323,0.9154596969485284,0.9702122447895818,,,,,,
7.319999999996279,135.8887492397082,30.62501637306624,114.05791010432618,81.7992661588784,116.96262424694919,86.49737977432858,19.84986892914566,0.0,18.15883872479769,0.9085538864135743,0.9454275369644165,0.9796242952346802,0.8919913411140442,0.9158217132091523,0.9701229689526372,,,,,,
7.339999999996232,135.92851419411673,30.595920091347704,114.05947561477703,81.8304265269654,116.96783474844989,86.52976597452435,19.82669339730741,0.0,18.141072370763457,0.9086196184158325,0.9453807234764099,0.979630994796753,0.8921315848827363,0.9160793848335743,0.9700547573971562,,,,,,
7.359999999996186,135.96772765405683,30.56830727237144,114.05449553345959,81.85263583929775,116.97266019258039,86.56200345412923,19.804979461972337,0.0,18.123151509463764,0.9086866259574891,0.9453466176986695,0.9796419620513916,0.8922598242759705,0.9163200676441193,0.9699998972821049,,,,,,
7.379999999996139,136.0063564795891,30.54287954098272,114.04481268376375,81.86914475608435,116.97709865951623,86.59408316315273,19.784842077813824,0.0,18.10508080230787,0.9087590694427491,0.9453184485435486,0.979656457901001,0.8923890829086304,0.9166301287710666,0.9699500081944279,,,,,,
7.399999999996092,136.04434831044432,30.519151559385897,114.032544657522,81.89042549702262,116.98114838339356,86.62599609589515,19.76599995357261,0.0,18.08686498240269,0.9088271737098694,0.9452842354774476,0.9796677350997924,0.8925189733505249,0.9169058308005333,0.9698946116375737,,,,,,
7.419999999996046,136.08161384923147,30.496445535803275,114.02175232611594,81.9116443777647,116.98480775301164,86.65773329347569,19.746435594160232,0.0,18.068508853359216,0.9088812351226807,0.9452566266059875,0.9796765565872192,0.8926225900650024,0.9170353680849076,0.9698500988888554,,,,,,
7.439999999995999,136.11803067987455,30.47434619061104,114.01500715903155,81.92814258649551,116.98807531247398,86.68928584634749,19.72464635010429,0.0,18.050017288067483,0.9089315652847291,0.9452306032180786,0.9796846747398377,0.8927194178104401,0.9172027446329594,0.969808280270081,,,,,,
7.4599999999959525,136.15345935504263,30.452694462064315,114.01111310731662,81.94584213657397,116.99094976176748,86.72064489679879,19.70155254563041,0.0,18.03139522744002,0.908978283405304,0.9451974749565124,0.9796895027160645,0.8928189933300018,0.9174174778163433,0.9697596190380864,,,,,,
7.479999999995906,136.18775794981065,30.43146418774958,114.00801385834494,81.97013149088171,116.99342995727967,86.75180164143951,19.67883109011147,0.0,18.012647679124363,0.9090192079544067,0.9451566457748413,0.9796901702880859,0.8929190039634705,0.917568738758564,0.9697040436672978,,,,,,
7.499999999995859,136.22079211263681,30.410675787640354,114.00567358795075,81.9981222571677,116.9955149122537,86.78274733367267,19.656851372035053,0.0,17.993779716184818,0.9090538620948792,0.9451130628585815,0.979688024520874,0.8930134057998658,0.9176531538367272,0.9696470973896794,,,,,,
7.519999999995813,136.252443737291,30.390345692419128,114.00515800901721,82.02534988987989,116.99720379718092,86.81347328614982,19.63507028453463,0.0,17.974796475753863,0.9090847492218018,0.945069694519043,0.9796847701072693,0.8931024074554443,0.9177567534148693,0.9695913432049565,,,,,,
7.539999999995766,136.28261773861752,30.37051259491857,114.0066709493678,82.05193912166769,116.99849594013095,86.84397087320973,19.613357794218402,0.0,17.955703157653556,0.909110939502716,0.9450223445892334,0.9796788215637207,0.8931892871856689,0.9178987450897694,0.9695324299740605,,,,,,
7.5599999999957195,136.31124503649204,30.3512046651039,114.00958893210107,82.08071570688301,116.99939082701897,86.87423153329996,19.592101586712374,0.0,17.93650502298723,0.9091327548027038,0.9449742078781128,0.9796712398529053,0.8932710349559784,0.9180304341018201,0.9694737551617436,,,,,,
7.579999999995673,136.33828319124615,30.332401475771313,114.01369691854961,82.11207867196016,116.99988810181021,86.90424677138036,19.571399057620955,0.0,17.917207392701844,0.9091500043869019,0.9449253559112549,0.979662013053894,0.8933472812175751,0.918123497068882,0.9694154737400822,,,,,,
7.599999999995626,136.3637153107001,30.314045752989486,114.01934403654157,82.14395847717351,116.99998756666172,86.9340081613077,19.550881336701092,0.0,17.89781564612166,0.9091621160507203,0.9448745250701904,0.9796505570411682,0.8934186041355133,0.9182024471461773,0.969356357853394,,,,,,
7.61999999999558,136.38754777738265,30.296075274908734,114.02654655220914,82.1754438112974,116.9996891820009,86.96350734820138,19.530309097025878,0.0,17.87833521945306,0.9091695189476013,0.9448182225227356,0.9796359539031982,0.8934893786907196,0.9182973019778728,0.969292425911408,,,,,,
7.639999999995533,136.40980727573455,30.27843135129427,114.0346927101272,82.20756125438905,116.99899306654149,86.99273605078865,19.509850823768474,0.0,17.85877160426167,0.9091751337051391,0.944761848449707,0.9796207666397094,0.8935577392578126,0.9183971509337425,0.9692288515972904,,,,,,
7.659999999995486,136.43053777333162,30.261048702801965,114.04317484732074,82.24078517042841,116.99789949723608,87.02168606372958,19.489709478538252,0.0,17.839130345921483,0.9091794848442077,0.9447072982788086,0.9796057224273682,0.8936223745346069,0.9184813439846039,0.9691675541806035,,,,,,
7.67999999999544,136.4497968392167,30.243871820525115,114.051782221953,82.27391879723162,116.9964089091661,87.0503492599204,19.469837398028865,0.0,17.819417042037003,0.90918128490448,0.94465571641922,0.9795907735824585,0.8936803162097932,0.9185509629547596,0.9691101668286137,,,,,,
7.699999999995393,136.4676518980092,30.22685632635788,114.06036190606291,82.30600582467918,116.99452189536868,87.07871759277513,19.450142152374315,0.0,17.799637340838434,0.909181272983551,0.9446096420288086,0.9795768857002258,0.8937298178672791,0.9186217367649079,0.9690593121456914,,,,,,
7.719999999995347,136.48417597679887,30.2099501521637,114.06855617417605,82.33739514788341,116.99223920660066,87.10678309848441,19.430684807239416,0.0,17.77979693955075,0.9091813683509827,0.944569718837738,0.979564881324768,0.893772852420807,0.9186949044466018,0.9690151570248418,,,,,,
7.7399999999953,136.4994395340302,30.193083532623213,114.07605945071964,82.36845870266451,116.98956175103996,87.1345378982512,19.411527687460346,0.0,17.759901582736752,0.9091824650764465,0.9445334911346436,0.9795543193817139,0.8938132524490356,0.918762669712305,0.9689748166012577,,,,,,
7.759999999995253,136.5134677397532,30.17620383700127,114.08282430983724,82.3985406668312,116.98649059392419,87.16197420050257,19.392582305769228,0.0,17.739957060614863,0.9091843128204345,0.9444992303848266,0.9795446038246155,0.8938525676727295,0.9188258565962315,0.9689364073681646,,,,,,
7.779999999995207,136.5264372595957,30.15930394809566,114.08882524081871,82.42701899065015,116.98302695712691,87.18908430307704,19.37375532638319,0.0,17.71996920735215,0.9091871738433838,0.9444667100906372,0.979535722732544,0.8938913822174073,0.9188960522413254,0.9688996193814091,,,,,,
7.79999999999516,136.5386077615069,30.142396415654016,114.09385569660685,82.4540171800189,116.97917221867147,87.21586059538679,19.355103594248206,0.0,17.699943899332872,0.9091920137405396,0.9444361686706543,0.9795280575752259,0.8939307808876038,0.9189747385680676,0.9688644526409916,,,,,,
7.8199999999951135,136.54992400539095,30.125529379810178,114.09767372600432,82.47970185162394,116.97492791218275,87.24229556055417,19.33675920323756,0.0,17.679887053403334,0.9091993808746338,0.944407057762146,0.979521644115448,0.8939720809459687,0.9190564535558223,0.9688301680493169,,,,,,
7.839999999995067,136.56040617543357,30.108823751285307,114.10018310357736,82.50386448372794,116.97029572627702,87.26838177752191,19.31880572598763,0.0,17.659804625093393,0.909209406375885,0.9443782210350037,0.9795161724090576,0.8940167188644409,0.9191424556076526,0.9687954304623417,,,,,,
7.85999999999502,136.57013773160818,30.09225953064466,114.1014197056421,82.52636215172723,116.96527750389008,87.29411192313638,19.301270897797345,0.0,17.639702606815316,0.9092222690582276,0.944348680973053,0.9795113801956177,0.8940659940242768,0.9192379832267761,0.9687591193127446,,,,,,
7.879999999994974,136.57918871669446,30.075903527104987,114.10148883199608,82.54734187110012,116.9598752415441,87.31947877420353,19.284156020571416,0.0,17.61958702604034,0.9092377066612244,0.944318437576294,0.9795072197914123,0.8941195368766784,0.9193420335650444,0.9687212822842411,,,,,,
7.899999999994927,136.58761092565825,30.059806991544587,114.10055958413625,82.56700044348935,116.95409108855323,87.34447520951649,19.267430259216567,0.0,17.599463943453806,0.9092558264732361,0.9442872285842896,0.9795036077499389,0.894177782535553,0.9194518558681011,0.9686816094326787,,,,,,
7.9199999999948805,136.59544492224282,30.044005839454368,114.09884612375788,82.58547528609239,116.94792734616854,87.36909421185482,19.25103353913814,0.0,17.5793394510891,0.9092761635780334,0.9442538619041443,0.9795000791549683,0.8942413628101349,0.9195675857365131,0.9686388848233036,,,,,,
7.939999999994834,136.60272184340573,30.02852143026945,114.09655393319355,82.6029958697995,116.94138646666241,87.39332886995439,19.23490657132502,0.0,17.559219670441255,0.9092981815338135,0.9442178726196289,0.9794963002204895,0.8943100392818452,0.9196889758110046,0.9685927508282475,,,,,,
7.959999999994787,136.60946411828877,30.013356481703084,114.09386428144995,82.6199166690735,116.93447105235292,87.41717238044758,19.21899951294971,0.0,17.53911075056072,0.9093214511871338,0.9441789746284485,0.9794920444488525,0.8943835318088532,0.9198143966495991,0.968542992870789,,,,,,
7.979999999994741,136.61568601223968,29.998494362794908,114.09096693494168,82.636544950371,116.9271838545685,87.4406180497732,19.203246782009384,0.0,17.519018866127844,0.9093453288078308,0.9441373586654663,0.9794871807098389,0.8944607615470886,0.9199407622218132,0.9684899924206547,,,,,,
7.999999999994694,136.62139424257765,29.983905114946708,114.0880652114477,82.65306734917843,116.91952777255327,87.46365929605557,19.187557364661853,0.0,17.49895021550879,0.9093693494796753,0.9440927743911743,0.9794814586639404,0.894541347026825,0.9200678609311581,0.9684335945057683,,,,,,
8.019999999994647,136.62658876932173,29.9695492870365,114.08533359222024,82.66970561387993,116.91150585231358,87.48628965095217,19.171839298096298,0.0,17.4789110187935,0.90939279794693,0.9440455913543702,0.9794747948646545,0.8946239113807678,0.9201945416629315,0.9683743832516484,,,,,,
8.0399999999946,136.63126380723432,29.955376986436125,114.08290083841445,82.6867713804423,116.90312128540621,87.50850276146959,19.156011665800143,0.0,17.458907515816318,0.9094149947166443,0.9439964056015014,0.9794671297073364,0.8947068870067597,0.920318341255188,0.9683132288861088,,,,,,
8.059999999994554,136.63540881464445,29.941330562144213,114.08087799233765,82.70450504042635,116.89437740766846,87.53029239174694,19.13998633345653,0.0,17.438945964159803,0.9094353318214417,0.9439457654953003,0.9794584274291992,0.8947888493537903,0.920436305552721,0.9682508824276738,,,,,,
8.079999999994508,136.63900912142415,29.927352359141462,114.07936489952142,82.7230241155034,116.88527769789108,87.55165242480642,19.123661838982247,0.0,17.419032637142774,0.9094531178474426,0.9438941001892089,0.9794486045837403,0.8948683917522431,0.9205466724932194,0.9681880352902226,,,,,,
8.099999999994461,136.64204481248487,29.913420762101836,114.07841883109576,82.74242417731712,116.87582577643418,87.57257686427063,19.10694483708329,0.0,17.39917382179265,0.9094680070877076,0.9438418865203857,0.9794376969337464,0.8949445366859436,0.9206496939063072,0.9681253312039189,,,,,,
8.119999999994414,136.64448459084014,29.899402032512423,114.07803814088818,82.76282857028508,116.86602540378688,87.5930598360458,19.08976578305521,0.0,17.379375816803442,0.909479284286499,0.9437898516654968,0.9794256806373596,0.8950154840946197,0.920742703974247,0.9680637715267949,,,,,,
8.139999999994368,136.64634682972118,29.885196157108833,114.07818226083538,82.78428072457449,116.8558804790711,87.61309558997088,19.072071206112177,0.0,17.359644930479472,0.9094865322113037,0.9437373399734497,0.9794233798980713,0.8950893163681031,0.9208367988467216,0.9679916856694035,,,,,,
8.159999999994321,136.64763360405362,29.870758890139683,114.0787836881443,82.8067071357497,116.84539503849041,87.6326785014318,19.053819782165725,0.0,17.33998747866595,0.9094895839691163,0.9436868906021119,0.9794196367263794,0.8951546311378479,0.9209171131253242,0.9679237482952885,,,,,,
8.179999999994275,136.64833942185214,29.85605922539243,114.0797373536681,82.82999961851773,116.83457325372407,87.6518030729404,19.03499412100565,0.0,17.320409782666836,0.9094886183738708,0.943639051914215,0.9794136047363281,0.8952103912830353,0.9209838882088661,0.9678615687298588,,,,,,
8.199999999994228,136.6484599072808,29.8410804382158,114.08090126458781,82.85404857719756,116.82341943026742,87.6704639356778,19.015606636774773,0.0,17.30091816715083,0.909483528137207,0.9435944199562073,0.9794053077697754,0.8952557027339936,0.9210361838340759,0.9678059933590702,,,,,,
8.219999999994181,136.64799451429084,29.825820127554145,114.08211836149894,82.8786912283928,116.81193800571884,87.68865585100151,18.995690490059186,0.0,17.28151895804623,0.9094745278358459,0.9435536623001098,0.9793949365615845,0.8952901184558869,0.9210736811161041,0.9677578089642338,,,,,,
8.239999999994135,136.64694701974972,29.81027773157622,114.08323902221032,82.9039076469217,116.8001335480143,87.70637371191616,18.975289898886693,0.0,17.26221848042521,0.9094618558883667,0.943517017364502,0.9793826699256897,0.8953137278556824,0.9210974179208279,0.9677172301220708,,,,,,
8.259999999994088,136.64532380324897,29.79443527748073,114.08419936039398,82.92977540951068,116.78801075360992,87.72361254450705,18.954414128366437,0.0,17.243023056378448,0.9094453573226929,0.9434848308563233,0.9793684482574463,0.8953258812427521,0.9211048536002636,0.967684781353455,,,,,,
8.279999999994041,136.6431337711622,29.77830745224566,114.08502489357511,82.95563003402702,116.77557444561353,87.74036750933662,18.93302340646973,0.0,17.223939002880677,0.9094249725341798,0.9434576153755188,0.9793522953987122,0.8953258752822876,0.9210943460464478,0.9676612136769108,,,,,,
8.299999999993995,136.64038951728105,29.761956095886855,114.08559385934447,82.98097999682838,116.7628295718657,87.75663390280293,18.9111837837611,0.0,17.204972629648047,0.9094016313552856,0.9434347987174988,0.9793347358703614,0.8953158915042877,0.921076825261116,0.9676452038693242,,,,,,
8.319999999993948,136.63710870177988,29.745474756371163,114.08557460167134,83.00589235547547,116.74978120297128,87.77240715846008,18.889131122506484,0.0,17.186130236987957,0.9093759179115296,0.9434163331985473,0.9793161153793335,0.8952969014644623,0.9210516437888145,0.9676363585400395,,,,,,
8.339999999993902,136.63331489801885,29.728973301404928,114.0846616136441,83.03022224302143,116.73643453028201,87.78768284830022,18.867129180257887,0.0,17.167418113642047,0.9093481063842773,0.9434015035629273,0.9792965412139892,0.8952701985836029,0.9210155241191387,0.9676335928845219,,,,,,
8.359999999993855,136.62903778417743,29.712568592029545,114.08271727524917,83.05335164517818,116.72279486383115,87.80245668399655,18.845363525168267,0.0,17.14884253462332,0.9093189120292664,0.9433898210525513,0.979276442527771,0.8952375769615174,0.9209729231894016,0.9676357863354497,,,,,,
8.379999999993808,136.6243129533346,29.69637957330729,114.07966867588713,83.07473526613614,116.70886763022081,87.81672451810724,18.823993457703732,0.0,17.13040975904792,0.9092893481254578,0.9433805108070373,0.9792563438415527,0.8952015161514283,0.9209322564303875,0.9676413176464849,,,,,,
8.399999999993762,136.61918144767964,29.680523039256087,114.07540822836805,83.09420818328338,116.69465837046297,87.83048234523966,18.80321622687252,0.0,17.112126027962525,0.9092600226402283,0.9433727502822876,0.9792365550994873,0.8951639950275422,0.9208958327770234,0.9676487563061528,,,,,,
8.419999999993715,136.6136888607102,29.66510613864567,114.06985036531027,83.11172778390761,116.68017273777501,87.84372630317488,18.783232628044317,0.0,17.093997562168006,0.9092316865921021,0.9433657646179199,0.9792181015014648,0.895127546787262,0.9208634659647942,0.9676560042309574,,,,,,
8.439999999993669,136.60788413068437,29.65022310508559,114.0630114518081,83.1270834518527,116.66541649533046,87.85645267395186,18.76418762013035,0.0,17.076030560040174,0.9092045903205872,0.9433578133583069,0.979206919670105,0.8950988709926605,0.9208428643643856,0.9676546929287724,,,,,,
8.459999999993622,136.60181823898907,29.635951204582106,114.05497747793615,83.14008376502254,116.65039551396619,87.86865788491122,18.746180178312915,0.0,17.058231195348462,0.9091796875,0.9433489322662354,0.9791961669921875,0.895074200630188,0.9208307676017284,0.9676517126965336,,,,,,
8.479999999993575,136.5955427492728,29.622346109540157,114.04584413107756,83.1507806728002,116.63511576984659,87.88033850969816,18.729297702997954,0.0,17.040605615073172,0.9091574549674988,0.9433381080627441,0.979185688495636,0.8950552225112915,0.9208292938768864,0.9676458118367008,,,,,,
8.499999999993529,136.5891081710549,29.609438494717722,114.03573249808828,83.1593628126134,116.61958334208602,87.89149126922436,18.713604444770606,0.0,17.0231599372223,0.9091383695602417,0.9433250308036805,0.9791755437850952,0.8950429737567902,0.920837526768446,0.9676364419865422,,,,,,
8.519999999993482,136.58256228225778,29.5972334107845,114.02482834564607,83.16598408102733,116.60380441033011,87.9021130325885,18.699110379529483,0.0,17.00590024864849,0.9091225862503052,0.9433087110519409,0.9791654825210572,0.8950386762619019,0.9208554245531559,0.9676224706578068,,,,,,
8.539999999993436,136.575948141962,29.58570263347682,114.0133721379594,83.17094625520616,116.58778525229721,87.91220081795521,18.685771276999706,0.0,16.988832602867106,0.9091098785400391,0.9432889938354492,0.9791553974151611,0.8950421929359437,0.9208831116557121,0.9676038024830632,,,,,,
8.559999999993389,136.56930150449654,29.5747760708014,114.00166515836867,83.17472154847242,116.57153224128078,87.92175179339213,18.673481699398682,0.0,16.97196301787616,0.9090999841690064,0.9432656407356262,0.9791451215744018,0.8950534224510193,0.920918770879507,0.9675802109646611,,,,,,
8.579999999993342,136.56264968433513,29.564372335801888,113.99005522685913,83.17745699661742,116.55505184361373,87.93076327766497,18.66207395174625,0.0,16.95529747397885,0.909092390537262,0.9432385206222534,0.979134464263916,0.8950717687606812,0.9209593042731286,0.9675517199444584,,,,,,
8.599999999993296,136.5560114969703,29.554409110900203,113.97880507975083,83.17941462333633,116.53835061609574,87.93923274099011,18.651400038913124,0.0,16.938841911609583,0.9090866565704346,0.9432074785232544,0.9791232109069824,0.8950968205928803,0.9210073202848434,0.9675182459759526,,,,,,
8.619999999993249,136.5493976875958,29.54479989574537,113.96805159806298,83.1811410507566,116.52143520338466,87.9471578057449,18.641368144904924,0.0,16.922602229164248,0.9090822577476502,0.9431723117828369,0.9791111469268798,0.8951280772686004,0.9210607722401619,0.9674797175335698,,,,,,
8.639999999993202,136.54281154013856,29.535450027754564,113.95791693244135,83.18307071413021,116.50431233535285,87.95453624713505,18.631876761875304,0.0,16.906584280835588,0.9090782523155213,0.943133270740509,0.9790980339050293,0.8951639473438263,0.9211138233542442,0.9674366352963262,,,,,,
8.659999999993156,136.53624956163463,29.526259300047577,113.94856921805447,83.18535576803528,116.48698882440972,87.96136599381921,18.62276951822381,0.0,16.890793874454452,0.9090740919113159,0.9430909395217896,0.9790842533111572,0.8952033519744873,0.9211664400994778,0.9673894880223088,,,,,,
8.67999999999311,136.52970231374064,29.51712550594786,113.94015405071593,83.188157216866,116.46947156279136,87.9676451284905,18.61387452206686,0.0,16.875236769337683,0.9090688347816468,0.9430449962615967,0.9790755987167359,0.8952496409416199,0.9212253607809544,0.9673319933819584,,,,,,
8.699999999993063,136.52315542667358,29.507947374212915,113.93273889115663,83.19178083846923,116.45176751981836,87.97337188841468,18.605045006269556,0.0,16.859918674143582,0.9090617299079895,0.9429970383644104,0.9790655136108398,0.8952953636646271,0.9212804853916168,0.9672728774952702,,,,,,
8.719999999993016,136.51659072384783,29.498626896461204,113.92634427825438,83.19649874232869,116.43388373912322,87.978544665925,18.596146249007074,0.0,16.84484524473573,0.9090523362159729,0.9429478883743286,0.9790538191795349,0.8953388154506684,0.9213276885449886,0.9672135470318608,,,,,,
8.73999999999297,136.50998740828615,29.489071630131946,113.92098030628101,83.20241818476677,116.41582733584778,87.98316200887365,18.58703469292495,0.0,16.830022082055738,0.9090397477149964,0.9428984761238098,0.979040002822876,0.8953774869441986,0.9213638931512833,0.9671557305264287,,,,,,
8.759999999992923,136.5033232873043,29.47919799611926,113.91662720214548,83.2095659256126,116.39760549381263,87.98722262103925,18.577572561074287,0.0,16.815454730006245,0.9080508351325989,0.9456593036651612,0.9795346260070801,0.8910557746887208,0.9157974973320961,0.9705057857441716,,,,,,
8.779999999992876,136.49657558703117,29.468926658514164,113.91321089988266,83.21811553309571,116.37922546265887,87.99072536249082,18.567651305660103,0.0,16.801148673344397,0.9070984125137329,0.9481110811233521,0.9800708055496216,0.8871987462043762,0.9107584558427334,0.9732539771008305,,,,,,
8.79999999999283,136.48972086126687,29.4581744482178,113.91066281336374,83.22827002264978,116.36069455496383,87.99366924990781,18.55716289233628,0.0,16.78710933558702,0.9056197166442871,0.9495052337646485,0.9804908990859985,0.8844778120517731,0.9072623752057553,0.9745814679074101,,,,,,
8.819999999992783,136.48273596071678,29.446885932737935,113.90894780281279,83.23969952646908,116.34202014333178,87.9960534568561,18.545979217744293,0.0,16.773342076928163,0.9033175110816956,0.9503572702407836,0.9805429935455322,0.8815073728561401,0.903257566690445,0.9754032967495732,,,,,,
8.839999999992736,136.47559971971276,29.435044882023686,113.90792171249441,83.25208953651176,116.32320965746067,87.99787731402002,18.534046873428828,0.0,16.759852192169816,0.9011368989944458,0.9510491847991943,0.9805589199066163,0.8787987589836121,0.8994456239044667,0.976086151401978,,,,,,
8.85999999999269,136.46831525812885,29.423358536068413,113.9074898363228,83.25797091348609,116.30427058118615,87.99914030939024,18.52155423584935,0.0,16.746644908666536,0.8991633594036103,0.9516292095184327,0.9805604934692382,0.8764029800891877,0.8960065379738807,0.9766619680332951,,,,,,
8.879999999992643,136.460998443754,29.415270045726867,113.90573250774517,83.23725605081094,116.28521044950418,87.99984208840755,18.51101009477895,0.0,16.733725384285005,0.8973942637443543,0.9521509289741517,0.9805636882781983,0.8742750525474549,0.893026677519083,0.9771719453739933,,,,,,
8.899999999992596,136.45395255041447,29.41571317680486,113.89462699428985,83.19064426543692,116.26603684557313,87.9999824540623,18.510140133843993,0.0,16.721098705379042,0.8959404408931733,0.9525396823883057,0.9805542230606079,0.8725680470466615,0.890802813321352,0.9775588033604435,,,,,,
8.91999999999255,136.4478523963207,29.42924156791846,113.86593801089171,83.12620403228698,116.24675739769683,87.99956136694985,18.52798837948595,0.0,16.70876988478108,0.8945770561695099,0.9528615593910217,0.9805319547653198,0.8710079550743104,0.8887352779507637,0.9778892157482915,,,,,,
8.939999999992503,136.4439128713393,29.459195667793374,113.8190069903033,83.03450459561765,116.22737977628957,87.99857894528147,18.568996581233648,0.0,16.69674385981082,0.8930458068847656,0.9532713413238525,0.9803032279014587,0.8691222071647644,0.8862322010099888,0.978356110851746,,,,,,
8.959999999992457,136.4437651236871,29.507577290921976,113.7584381644903,82.90246832664394,116.20791169082445,87.99703546485125,18.633510332312916,0.0,16.685025490301825,0.8914735972881317,0.9534693479537963,0.9800532579421997,0.8675334095954895,0.8842239804565907,0.9785976765560918,,,,,,
8.97999999999241,136.44925548908355,29.57513581973732,113.68797057840382,82.7326760522231,116.18836088676605,87.9949313589587,18.721469079741002,0.0,16.673619556646884,0.8901165544986726,0.9535635232925415,0.9797518730163575,0.8661875188350678,0.8826120585203171,0.9787739155697637,,,,,,
8.999999999992363,136.46226022640593,29.66153005599305,113.61030115818906,82.5361053498914,116.16873514248897,87.99226721828703,18.832768328432163,0.0,16.662530757862964,0.8892078399658203,0.9535317182540893,0.9794435262680053,0.865309476852417,0.881576556712389,0.9788533924031071,,,,,,
9.019999999992317,136.4845263236379,29.76548821197327,113.5299146794338,82.31836952444031,116.14904226618307,87.98904379073737,18.96542872125521,0.0,16.65176370967645,0.888750284910202,0.9534375429153442,0.9792002439498901,0.8648833870887757,0.8810890957713128,0.9788620827603154,,,,,,
9.03999999999227,136.5176134256045,29.885047360900558,113.4525913317482,82.08140832899868,116.129290092747,82.95404166737414,19.11564059598625,0.0,19.93052784304272,0.8880986332893371,0.9533651828765869,0.9789184331893921,0.8642669200897217,0.8689740955829621,0.9788992999005132,,,,,,
9.059999999992224,136.56298595859752,30.01745558470759,113.38269688317085,81.83124634719653,116.10948648067102,82.96935511408445,19.279394386003897,0.0,19.90756975441955,0.8878085434436799,0.9531803369522095,0.9786200761795044,0.8640209913253785,0.879052983224392,0.9788549659657292,,,,,,
9.079999999992177,136.62208020406624,30.159935869519394,113.32273514848985,81.57759274818649,116.08963930891052,82.93873901381788,19.45305293477823,0.0,19.914610036936477,0.887539279460907,0.9530172228813172,0.9783499121665955,0.8637913584709168,0.8781982339918614,0.978817331593018,,,,,,
9.09999999999213,136.69588267614108,30.309745461240656,113.27471373225475,81.32749278086304,116.06975647375127,82.90818045781006,19.632668522763105,0.0,19.921589384120683,0.8873720765113831,0.9527985692024231,0.9780463695526123,0.8636700630187989,0.8778132155537606,0.9787472365307621,,,,,,
9.119999999992084,136.7855963836823,30.463910137245897,113.24056660242253,81.08505811990025,116.04984588566789,82.87770815061769,19.813821030067498,0.0,19.928494201656598,0.8876015722751618,0.9526085376739502,0.9779022336006165,0.8639252305030823,0.8779967501759529,0.9786478994297795,,,,,,
9.139999999992037,136.8909237307698,30.619417717783882,113.22216644258432,80.87338603586998,116.02991546617665,82.84735071578147,19.991715832589602,0.0,19.93531095541214,0.8881292700767517,0.9522807836532593,0.9776961445808411,0.8644934892654419,0.87846489995718,0.9784625051426701,,,,,,
9.15999999999199,137.0114285552469,30.773182516395863,113.22264738181954,80.67657265485344,116.0099731446838,82.81713666893907,20.15923755175301,0.0,19.942026186955964,0.8887093365192413,0.9519893884658813,0.9775493144989014,0.8651076555252075,0.8788154698908329,0.9782855627941899,,,,,,
9.179999999991944,137.1466050869589,30.92137796570903,113.24196377894111,80.48690700493822,115.99002685533085,82.78709439103953,20.312121585674593,0.0,19.9486265290063,0.8889452040195466,0.9518485307693482,0.9774637818336487,0.865362012386322,0.878938388824463,0.9782044289517217,,,,,,
9.199999999991897,137.2956017219601,31.06084042351145,113.27350229643389,80.32602283764527,115.97008453383799,82.75725210168429,20.45180269226278,0.0,19.95509872079589,0.8894461810588837,0.9516552686691284,0.9774049758911133,0.8658842563629151,0.8794987991452218,0.9780743239331059,,,,,,
9.21999999999185,137.45728954855565,31.189386909223966,113.31232220684406,80.20044745040214,115.95015411434673,82.72763783261959,20.57960174822833,0.0,19.9614296233374,0.889877325296402,0.9515011429786682,0.9773687362670899,0.8663326978683472,0.8797692142426968,0.9779669521260075,,,,,,
9.239999999991804,137.63021878147003,31.30354456366018,113.35929910303665,80.14104437789574,115.93024352626334,82.69827940140549,20.693281593132767,0.0,19.967606234573914,0.8901950597763062,0.9513587355613708,0.9773088216781616,0.8666690945625306,0.8798041589558125,0.9778759835171513,,,,,,
9.259999999991757,137.81254496277197,31.397138253632622,113.42791362033249,80.16227362387767,115.91036069110407,82.66920438528595,20.780896120171043,0.0,19.97361570439912,0.8903637588024139,0.9512560844421387,0.9772457242012024,0.8668528556823731,0.8793246544897557,0.9778166649746709,,,,,,
9.27999999999171,138.00214501930543,31.472784001792068,113.53141479351163,80.12430003885227,115.89051351934353,82.64044009528475,20.82858625979675,0.0,19.979445349531936,0.8910553634166718,0.9510480880737304,0.97723388671875,0.867569375038147,0.8793997153639794,0.9776591775822453,,,,,,
9.299999999991664,138.1969260051644,31.536291109774332,113.64428729643008,80.06087584398583,115.87070990726752,82.61201355055142,20.85155245765197,0.0,19.98508266823061,0.891754698753357,0.9508463978767395,0.97723228931427,0.868295168876648,0.8809078380465508,0.9775027869152837,,,,,,
9.319999999991618,138.394944081827,31.59145663483276,113.72890855196103,80.07882677469702,115.85095773383141,82.58395145298138,20.87892947871891,0.0,19.990515354831146,0.8923769772052765,0.9506494522094726,0.9772110700607299,0.8689465522766113,0.8819710187613964,0.9773559687542729,,,,,,
9.339999999991571,138.59445095427026,31.64023751062655,113.78317279343038,80.14227615158038,115.83126485752547,82.556280162134,20.917245718699267,0.0,19.995731314095547,0.8928215324878693,0.9504244446754455,0.9769345283508301,0.8693959355354309,0.8816594637930394,0.9772186277317815,,,,,,
9.359999999991524,138.79392889445558,31.683915270819416,113.82908361812686,80.15843357032735,115.81163911324833,82.52902567047234,20.9539506980661,0.0,20.00071867535503,0.8931107223033905,0.9501651048660278,0.9765721201896668,0.8697654604911804,0.881603553891182,0.9770415661740117,,,,,,
9.379999999991478,138.9920850391884,31.723190726880265,113.87563945722322,80.13219495911997,115.79208830918988,82.50221357894762,20.983654039025517,0.0,20.00546580643407,0.8933878540992737,0.9499055027961731,0.9762083768844605,0.8701297640800476,0.882480277121067,0.9768617508816533,,,,,,
9.399999999991431,139.18771922078264,31.757848006878902,113.91726078870104,80.12507839418113,115.77262022372469,82.47586907295154,21.01162190468071,0.0,20.00996132734085,0.8936238646507263,0.9496558427810669,0.9758283019065856,0.8704418897628785,0.883241181075573,0.9766950009274297,,,,,,
9.419999999991385,139.3797051843292,31.78757824424532,113.95406655360392,80.14262365879812,115.75324260231737,82.45001689865886,21.039557896502398,0.0,20.014194123710336,0.8937780559062958,0.949428379535675,0.9754234075546264,0.8706490278244019,0.8832327470183373,0.9765563366818242,,,,,,
9.439999999991338,139.5670531949917,31.81247152367386,113.99317450183759,80.15201517351323,115.73396315444099,82.42468133978255,21.06336725031346,0.0,20.01815335998619,0.8938782811164856,0.9492162585258483,0.9750015258789062,0.8707867205142975,0.8830648928880692,0.9764366267132573,,,,,,
9.459999999991291,139.74902741735573,31.832707666687213,114.03624594731495,80.15088275270809,115.71478955050986,82.39988619476347,21.081839035259513,0.0,20.021828492328044,0.8937540173530579,0.9489192366600037,0.9744808554649353,0.8708071470260621,0.883072041720152,0.9762439606594853,,,,,,
9.479999999991245,139.9251899498025,31.84818651070048,114.07857587519128,80.16139389013927,115.69572941882781,82.37565475441569,21.098096983494063,0.0,20.025209281230893,0.8935983538627624,0.9485993385314941,0.973916745185852,0.8708134889602661,0.8830815680325032,0.9760341880726628,,,,,,
9.499999999991198,140.09536235003404,31.858769697964625,114.11789087083287,80.18681691255533,115.67679034255319,82.35200978004885,21.113591217772555,0.0,20.028285803843747,0.8934684157371521,0.9483548164367676,0.973468017578125,0.8708033204078675,0.8828687481582165,0.975876247684937,,,,,,
9.519999999991152,140.259587330686,31.864566092348422,114.1561005214363,80.2081210317912,115.65797985668198,82.32897348208763,21.126525831101354,0.0,20.031048465974923,0.8933266341686249,0.9481521010398865,0.973055362701416,0.8707496881484986,0.8825663715600968,0.9757537243771367,,,,,,
9.539999999991105,140.41810601768805,31.86592291941776,114.19294784121472,80.22046018882706,115.63930544504983,82.30656749920905,21.136240395726833,0.0,20.033488013771354,0.8931683301925659,0.9479831576347351,0.9726644039154053,0.8706519544124603,0.8823975533246994,0.9756617186474614,,,,,,
9.559999999991058,140.571342401615,31.863131676751184,114.22497127132833,80.23543189054779,115.62077453735469,82.2848128780164,21.144465568723316,0.0,20.035595545060414,0.893021833896637,0.9478675842285156,0.9723527193069458,0.8705347657203675,0.8822677358984947,0.9756085274624638,,,,,,
9.579999999991012,140.71990993148543,31.85608461908427,114.25027525585722,80.2578058269066,115.60239450620081,82.26373005326971,21.151938189278866,0.0,20.037362520341894,0.8928952932357789,0.947779381275177,0.9720967411994934,0.8704259395599365,0.8820446170866489,0.9755717156338506,,,,,,
9.599999999990965,140.8645741817031,31.84458214535812,114.27019149775062,80.2770723364273,115.58417266416554,82.24333882869068,21.156871309761197,0.0,20.038780773419415,0.8927701592445374,0.9476852416992188,0.9718324780464173,0.8703227996826173,0.881779682636261,0.975529920856934,,,,,,
9.619999999990918,141.00614292108233,31.828897638332503,114.28547636475024,80.28592937565571,115.56611626088998,82.22365835836051,21.15775315622371,0.0,20.03984252165969,0.8926474750041962,0.947592306137085,0.97157062292099,0.8702220439910889,0.881624934077263,0.9754884956288151,,,,,,
9.639999999990872,141.14542029124155,31.80953835711347,114.29404613447431,80.29024595477003,115.5482324801947,82.20470712872788,21.155413058560026,0.0,20.040540375869334,0.8925441145896912,0.9475282788276672,0.971367883682251,0.8701279222965241,0.8815664112567901,0.9754647968220524,,,,,,
9.659999999990825,141.28317344744417,31.78724374976448,114.2937046551388,80.29498284666138,115.53052843722158,82.18650294124406,21.151327180720283,0.0,20.040867349778818,0.8924660742282867,0.9474974989891052,0.9712379574775696,0.8700455069541931,0.8814807429909707,0.975460684101563,,,,,,
9.679999999990779,141.42007473024893,31.762879205526623,114.28458787095954,80.29638326062965,115.51301117560307,82.16906289564153,21.145744123338552,0.0,20.040816869123567,0.8924059510231018,0.9474847197532654,0.9711524486541748,0.8699749708175659,0.8813708409667015,0.9754660842823796,,,,,,
9.699999999990732,141.5566861532548,31.737260377295886,114.26807330954459,80.29151896313113,115.4956876646598,82.15240337387165,21.138254769192766,0.0,20.04038278031276,0.8923598527908325,0.9474842429161072,0.9710994839668274,0.8699148833751679,0.881320383399725,0.9754775283741765,,,,,,
9.719999999990685,141.69346170145477,31.71096773720446,114.24531366443054,80.2832746555572,115.47856479662784,82.13654002471667,21.128758595487763,0.0,20.03955935867668,0.8923283219337463,0.9474977135658265,0.9710820913314819,0.8698648929595948,0.8813216954469681,0.9754961607861332,,,,,,
9.739999999990639,141.83074595786047,31.684391825534437,114.21752740897844,80.2742052406464,115.46164938391661,82.12148774909025,21.11722929697661,0.0,20.038341316283933,0.8923100054264069,0.9475237607955933,0.9710968971252442,0.8698240995407105,0.881314056366682,0.9755212424206547,,,,,,
9.759999999990592,141.9687597768045,31.657908342845733,114.18630381338427,80.26354850973303,115.44494815639845,82.10726068604073,21.10347046025431,0.0,20.036723809320012,0.8923990368843079,0.9497573256492615,0.9749812960624695,0.8689050316810608,0.8808853968977929,0.9770054457592778,,,,,,
9.779999999990546,142.10759112037448,31.631932639334114,114.15296599752935,80.25135136385931,115.42846775873123,82.09387219946979,21.08759159932927,0.0,20.03470244501968,0.8910570681095124,0.9510250091552734,0.9772077798843384,0.8675752401351929,0.8799349397420884,0.9776496169972233,,,,,,
9.799999999990499,142.24720177068713,31.60685001547257,114.11834105175524,80.2400011139191,115.41221474771463,82.08133486557941,21.07021103930832,0.0,20.032273288145294,0.8893623471260071,0.9518404841423035,0.9775914430618287,0.8657691061496735,0.8781178921461106,0.9781576989102178,,,,,,
9.819999999990452,142.38743851261566,31.582978116743117,114.0833885759109,80.23095523777907,115.39619558968157,82.06966046105863,21.05197276821425,0.0,20.02943286700445,0.8879826009273529,0.9525475025177002,0.9779556035995484,0.8643036544322968,0.8766790047287941,0.97858434895752,,,,,,
9.839999999990406,142.52802628622308,31.56058522641292,114.04948816038281,80.2236653634867,115.38041665792547,82.05885995202141,21.03323985328894,0.0,20.026178178999988,0.8869197130203247,0.9531357288360596,0.9782869815826416,0.8631748020648957,0.8756098128855229,0.9789276359486394,,,,,,
9.85999999999036,142.6683415157941,31.54023636104606,114.01933545686948,80.21686984197491,115.36488423016472,82.04894348370576,21.014368081664127,0.0,20.02250669570666,0.8860645413398743,0.9536456346511841,0.9785956144332886,0.8622650146484375,0.8747957892715932,0.9792165158200078,,,,,,
9.879999999990313,142.80760500279126,31.523757383990375,113.99950496994265,80.20935958059614,115.34960448604494,82.03992037094406,20.996569540365986,0.0,20.01841636746831,0.8852950155735017,0.954084837436676,0.9788510084152222,0.8614537715911865,0.8740613363683224,0.979467236797791,,,,,,
9.899999999990266,142.9443483752079,31.513377572122128,113.99524883918667,80.20777394947662,115.33458350468047,82.03179908941341,20.982911285196298,0.0,20.01390562751078,0.8847314178943634,0.9544707536697388,0.9791105508804321,0.8608503818511963,0.873604740202427,0.979675280849915,,,,,,
9.91999999999022,143.07793783802418,31.511132772969816,114.00846139935301,80.21795109043227,115.31982726223572,82.02458726767405,20.977118921428435,0.0,20.008973395565647,0.8840872049331665,0.9548173189163208,0.9793004751205444,0.8601801991462708,0.8729224465787411,0.9798750040936284,,,,,,
9.939999999990173,143.20845954614109,31.518550850980784,114.0400321212879,80.23716782048317,115.30534162954756,82.01829168000376,20.981671260318038,0.0,20.0036190810004,0.8835449516773224,0.9550583839416504,0.9794035911560058,0.859627252817154,0.8722334757447243,0.9800226328778081,,,,,,
9.959999999990126,143.33646004328708,31.536576348925962,114.09023964188394,80.2592921119161,115.29113236978952,82.01291824003448,20.997716015248283,0.0,19.997842585451526,0.8831846296787262,0.9552470445632935,0.9795042276382446,0.8592557132244111,0.8717951819300652,0.9801315663265996,,,,,,
9.97999999999008,143.46271427826633,31.565683941980907,114.15787690414969,80.28131591570691,115.27720513617896,82.00847199519755,21.026013670128073,0.0,19.991644304956992,0.8829200863838196,0.9553676962852478,0.9795581340789795,0.8589866757392883,0.8714965149760246,0.9802044032025151,,,,,,
9.999999999990033,143.58814894175856,31.605754842275736,114.24049837078081,80.30238109475484,115.2635654697279,82.00495712198241,21.067136860122734,0.0,19.985025131585545,0.8826614677906036,0.9554481744766236,0.9795688629150391,0.8587308168411255,0.8711982868611813,0.9802609322476201,,,,,,
10.019999999989986,143.7137141549561,31.656308727765634,114.33549003075473,80.32034247377864,115.25021879703841,82.00237692201358,21.12101608828158,0.0,19.977986454560117,0.8823380589485169,0.9554810047149658,0.9795060634613038,0.8584236025810242,0.8707659147679806,0.9803051588940435,,,,,,
10.03999999998994,143.84033935883608,31.71655312920856,114.44040649111687,80.33201216119504,119.0,82.00073381894933,21.186843508538395,0.0,22.430513364772168,0.8822182357311249,0.9554343819618225,0.9794164180755616,0.858320450782776,0.8705843642354012,0.9802986977505498,,,,,,
10.059999999989893,143.96891005513268,31.78538431402074,114.55269155439393,80.33546536722659,119.0,82.000029356205,21.263425061684163,0.0,22.430973913538917,0.8822479903697967,0.955330491065979,0.9793081641197204,0.8583667159080506,0.870604806393385,0.9802554486203008,,,,,,
10.079999999989846,144.10019136468455,31.86147640112315,114.66971923900361,80.3302617987423,119.0,82.00026419550333,21.34939165553512,0.0,22.43082038526492,0.8823962807655334,0.9551696062088013,0.9791719794273377,0.858533525466919,0.8707684829831124,0.9801784513401799,,,,,,
10.0999999999898,144.23479784224904,31.94335602819315,114.7890922756621,80.31624870551884,119.0,82.00143811625281,21.44314519314522,0.0,22.43005292416383,0.8826590478420258,0.9549965620040893,0.9790575981140137,0.8588094532489777,0.8710983879864216,0.9800853846478276,,,,,,
10.119999999989753,144.37340787946977,32.02948052286083,114.90878602150424,80.2932078618243,119.0,82.00355001575491,21.542846727534062,0.0,22.428672251134593,0.8827991127967835,0.9547932147979736,0.9788697123527527,0.8589765310287476,0.8712195917963982,0.9799924252438359,,,,,,
10.139999999989707,144.51650216500497,32.11826405403411,115.02703272956998,80.26147948215086,119.0,82.00659791023988,21.64656273694056,0.0,22.426679663084276,0.8829749703407288,0.9546353578567505,0.9787446737289429,0.859169101715088,0.8714426934719086,0.9799135325360112,,,,,,
10.15999999998966,144.66390032877285,32.208158314381606,115.14228314979287,80.22223306130716,119.0,82.01057893673014,21.752394556411137,0.0,22.42407703170985,0.8832851171493531,0.9544494271278381,0.9786300659179688,0.8594927072525025,0.8718389555811883,0.9798102734494023,,,,,,
10.179999999989613,144.8156599355739,32.29769548491884,115.25329106491922,80.17696865616311,119.0,82.01548935572963,21.858493408711343,0.0,22.420866801740047,0.8837500154972077,0.9542356610298157,0.9785329580307007,0.8599673449993134,0.8724318340420724,0.9796805141377263,,,,,,
10.199999999989567,144.97163393768807,32.38519104887894,115.35919714337206,80.12721487441793,119.0,82.02132455473632,21.963064951003773,0.0,22.417051988638956,0.8841026663780213,0.9540752530097961,0.9784614324569703,0.8603279769420624,0.8728952564299107,0.9795825002598576,,,,,,
10.21999999998952,145.13147303776498,32.468231888713,115.4594691341226,80.07463753905105,119.0,82.02807905257498,22.064440501772065,0.0,22.412636175773518,0.8843715906143189,0.9539541363716125,0.9784083485603332,0.8606032848358155,0.8732570379972459,0.97950808982132,,,,,,
10.239999999989474,145.29469543817922,32.544990715790355,115.55373397562519,80.02101598921061,119.0,82.03574650454573,22.161165003227083,0.0,22.407623511047532,0.8848299384117126,0.9538128733634949,0.9783930063247681,0.8610618948936463,0.8738705702126026,0.9794066307949834,,,,,,
10.259999999989427,145.4607065583368,32.61451643325905,115.64182152699546,79.96812759055197,119.0,82.04431970838382,22.252045604600188,0.0,22.402018703005453,0.8851612269878387,0.9536797881126404,0.9783464074134827,0.8613997101783752,0.8742839321494102,0.9793209193157963,,,,,,
10.27999999998938,145.628797768768,32.676485952949996,115.72377148142942,79.91769839727016,119.0,82.053790611025,22.336165366454157,0.0,22.39582701640947,0.8857816934585572,0.953549599647522,0.9783959865570069,0.8620128035545349,0.8751233436167241,0.9792070267605595,,,,,,
10.299999999989334,145.7981586894644,32.73097667289896,115.79983170069794,79.8712354904748,119.0,82.06415031616987,22.4128711192314,0.0,22.389054267294192,0.8864116311073303,0.9534224271774292,0.9784518480300903,0.8626366496086121,0.8759664177894593,0.9790930388378911,,,,,,
10.319999999989287,145.96795079667203,32.778392975430855,115.8704284177129,79.82983337197219,119.0,82.07538909264059,22.481769679697923,0.0,22.38170681750345,0.8870458006858826,0.9532981634140014,0.9785121440887451,0.8632663369178772,0.8768073208630085,0.9789794323849492,,,,,,
10.33999999998924,146.1373556942307,32.819351275573446,115.93608164131673,79.79437556631193,119.0,82.08749638352155,22.542754022412954,0.0,22.37379156871444,0.8876770079135895,0.9531758666038513,0.9785735249519348,0.8638951182365417,0.8776378370821476,0.9788665769505315,,,,,,
10.359999999989194,146.30556340801826,32.85449947369273,115.99734948435444,79.76565030381313,119.0,82.10046081607582,22.595996773072414,0.0,22.3653159559548,0.8882993340492249,0.953054404258728,0.9786328077316284,0.8645174741744995,0.8784494854509831,0.9787546275067143,,,,,,
10.379999999989147,146.47180300842635,32.88443725455527,116.05481993562006,79.74406052515165,119.0,82.11427021242794,22.641882802684663,0.0,22.356287940618614,0.8889065980911255,0.9529328584671021,0.9786870956420899,0.865127456188202,0.8792321480810643,0.9786438343930058,,,,,,
10.3999999999891,146.63528036260053,32.90967833630391,116.10919186038701,79.72968648220105,119.0,82.12891160100288,22.680945865882332,0.0,22.346716002988085,0.8894938707351685,0.9528106212615967,0.9787342309951782,0.8657202482223512,0.8799810461699963,0.9785344956326298,,,,,,
10.419999999989054,146.79518864833202,32.93064656334835,116.16120990413494,79.72239160388531,119.0,82.14437122871075,22.713836364740956,0.0,22.336609134267714,0.8900569200515748,0.9526871681213379,0.9787723779678345,0.866291606426239,0.8806919515132905,0.9784268496441655,,,,,,
10.439999999989007,146.9507397971758,32.9476905983854,116.21157717445806,79.72189723026511,119.0,82.16063457386534,22.741298166533635,0.0,22.32597682813865,0.8905924141407013,0.9525623559951782,0.9788004636764527,0.8668380498886109,0.881360848248005,0.9783211825299076,,,,,,
10.45999999998896,147.1011919628187,32.961103673019785,116.26090678305772,79.72775876799689,119.0,82.17768635982485,22.76413174027166,0.0,22.314829071840943,0.8910981059074402,0.9524363994598388,0.9788180351257324,0.8673571109771729,0.8819854654371738,0.9782178280758671,,,,,,
10.479999999988914,147.2458728370266,32.97114180559987,116.30969998125774,79.73933710433073,119.0,82.1955105693417,22.783150175281833,0.0,22.303176336792248,0.8915724039077759,0.9523098707199097,0.9788253784179688,0.8678468406200409,0.8825652919709682,0.9781172392773442,,,,,,
10.499999999988868,147.3841986011007,32.97803790283348,116.358330273643,79.75583950931825,119.0,82.214090459608,22.799144057834273,0.0,22.291029568751725,0.8920145988464355,0.9521836042404175,0.9788231730461121,0.8683061480522156,0.8831014759838581,0.9780198214459233,,,,,,
10.519999999988821,147.5156881067825,32.98201117145442,116.4070321606773,79.77638906385036,119.0,82.23340857798252,22.812857202563553,0.0,22.27840017753835,0.8924253821372986,0.9520584583282471,0.9788126349449158,0.868735295534134,0.8835972502827645,0.9779259202885442,,,,,,
10.539999999988774,147.63997219233136,32.98327217889836,116.45590190373255,79.80006911813419,119.0,82.25344677838447,22.824966616394065,0.0,22.265300026313366,0.8928060233592987,0.9519353866577148,0.9787951946258545,0.8691351532936097,0.8840563148260117,0.9778357861447148,,,,,,
10.559999999988728,147.75679815905593,32.98202493371432,116.50491034463911,79.82594804288762,119.0,82.27418623833877,22.836064917086553,0.0,22.251741420436797,0.8931478500366211,0.951811158657074,0.9787808895111084,0.869515097141266,0.8845002166926861,0.9777400610852055,,,,,,
10.579999999988681,147.86602961710406,32.978467399092125,116.55392129402291,79.85311053118495,119.0,82.29560747665641,22.84664854944893,0.0,22.237737095908724,0.8934329509735107,0.9516778349876404,0.9787875771522522,0.8698934674263001,0.8849687173962594,0.9776193974423222,,,,,,
10.599999999988635,147.96764217838333,32.972791532576366,116.60271167596649,79.88069597299842,119.0,82.31769037173379,22.857113305930767,0.0,22.223300207405963,0.8936975300312042,0.9515503883361817,0.97878999710083,0.8702460825443268,0.8854092784225941,0.9775054572033696,,,,,,
10.619999999988588,148.06171562917302,32.9651833581689,116.65099311972436,79.90792891389259,119.0,82.34041418045352,22.867755209359384,0.0,22.208444315925455,0.8939454615116119,0.9514291644096374,0.978790545463562,0.8705774903297425,0.885829983651638,0.9773975608753972,,,,,,
10.639999999988541,148.1484231405814,32.95582307259029,116.69843503136366,79.93413633884226,119.0,82.36375755766903,22.87877464556661,0.0,22.193183376046083,0.8941795647144318,0.9513144016265869,0.9787908911705017,0.870890998840332,0.8862359888851643,0.9772952435421758,,,,,,
10.659999999988495,148.22801822855294,32.94488289691112,116.7446917017922,79.95877027642463,119.0,82.38769857625473,22.890283197333098,0.0,22.177531722820667,0.8944029152393341,0.9512060642242431,0.9787926197052002,0.8711903333663941,0.886632912606001,0.9771978495526128,,,,,,
10.679999999988448,148.30082085295996,32.932513279645306,116.78944617771715,79.98146925442869,119.0,82.41221474770279,22.902311104749288,0.0,22.161504058310644,0.8946186125278474,0.9511040210723877,0.9787971496582031,0.8714792966842652,0.8870258942246437,0.9771046278881841,,,,,,
10.699999999988401,148.36720267136397,32.91882667801023,116.83246404030963,80.00207109291793,119.0,82.43728304324723,22.91480987945807,0.0,22.145115437776,0.8948293387889862,0.951007890701294,0.9788054585456848,0.8717612504959107,0.8874184057116509,0.9770148394512944,,,,,,
10.719999999988355,148.42756890052553,32.90391677154877,116.8735967093689,80.02049539381235,119.0,82.4628799154956,22.92765891689216,0.0,22.12838125553339,0.8950373888015747,0.9509172439575195,0.9788182973861694,0.8720391154289246,0.8878129668533802,0.9769277928280644,,,,,,
10.739999999988308,148.48233926102074,32.88787667887518,116.91275288909867,80.03677636982354,119.0,82.48898132054767,22.94069313120198,0.0,22.111317230495832,0.8952446222305298,0.9508315205574036,0.9788359999656677,0.872315275669098,0.8882121436297894,0.9768428442883306,,,,,,
10.759999999988262,148.53192684319063,32.87080808168611,116.9498722092807,80.05108830767121,119.0,82.5155627405806,22.953733823725614,0.0,22.09393939140743,0.8954529762268066,0.9507499814033509,0.9788587689399719,0.8725923359394074,0.8886183217167855,0.9767592308926396,,,,,,
10.779999999988215,148.5766845043045,32.8528248010252,116.98492149899258,80.06367919961298,119.0,82.54259920687927,22.966603324137026,0.0,22.076264061787157,0.8956632792949677,0.9506720185279847,0.978886353969574,0.8728714466094971,0.8890312060713769,0.9766764996456914,,,,,,
10.799999999988168,148.6170835000473,32.83405888141469,117.01790149977239,80.07480500675318,119.0,82.57006532329012,22.97912949862091,0.0,22.058307844595614,0.8958765864372253,0.9505968570709229,0.978918480873108,0.8731541037559509,0.889451476931572,0.9765940783428959,,,,,,
10.819999999988122,148.65374601062018,32.81462527361486,117.04884722735777,80.08472273012575,119.0,82.59793529007655,22.991152387944904,0.0,22.040087606639425,0.8960933744907379,0.950523829460144,0.9789546847343444,0.8734410583972931,0.8898796647787094,0.976511561672669,,,,,,
10.839999999988075,148.68683038016616,32.79463286911668,117.07782295872501,80.09370281250943,119.0,82.62618292815327,23.002533011776602,0.0,22.02162046272776,0.8963241457939148,0.9504502534866333,0.978997528553009,0.8737460851669312,0.890335438400507,0.9764253018307499,,,,,,
10.859999999988029,148.7165660053508,32.77419790168143,117.104918800168,80.10202029827651,119.0,82.65478170367722,23.01315849769391,0.0,22.002923759595852,0.8965479612350464,0.9503796935081482,0.9790399312973023,0.874042171239853,0.8907773241400719,0.9763417838024907,,,,,,
10.879999999987982,148.74322106603944,32.75329038581263,117.13024918650872,80.10993487219189,119.0,82.68370475297152,23.0229426316981,0.0,21.984015059610694,0.8967747926712036,0.9503097534179688,0.9790844798088074,0.8743423581123353,0.8912241265177727,0.9762576101231388,,,,,,
10.899999999987935,148.76700403436297,32.73199320746774,117.15394951500785,80.11768121392036,119.0,82.71292490775932,23.03182500302929,0.0,21.964912124274235,0.8970041632652282,0.9502400636672974,0.9791305661201477,0.8746461153030396,0.8916746333241463,0.9761727092671209,,,,,,
10.919999999987889,148.78806938906536,32.710374426439515,117.17617005172511,80.12547018589142,119.0,82.7424147206838,23.039770325709632,0.0,21.94563289753941,0.897235256433487,0.9501704454421998,0.9791775941848755,0.874952495098114,0.8921273022890092,0.9760872242855839,,,,,,
10.939999999987842,148.80652669660603,32.688487382281586,117.19707018869912,80.13349242617518,119.0,82.77214649109025,23.04676690957718,0.0,21.926195488954903,0.8974672257900238,0.9501007795333862,0.979224967956543,0.8752604365348816,0.8925801619887352,0.9760012743878178,,,,,,
10.959999999987796,148.82244438607373,32.66637016765025,117.21681526600051,80.141914544342,119.0,82.80209229104615,23.052822972713873,0.0,21.90661815665429,0.8976991057395936,0.950031065940857,0.9792721986770629,0.8755687355995179,0.8930314041674138,0.9759150860714726,,,,,,
10.979999999987749,148.83585787804128,32.644053124603985,117.23556677736804,80.15085576779839,119.0,82.83222399157465,23.057962563009614,0.0,21.886919290205647,0.8979300975799561,0.9499613046646118,0.979318904876709,0.8758763611316681,0.8934793196618557,0.9758288619923405,,,,,,
10.999999999987702,148.84677543778528,32.621563330043685,117.25347328189571,80.16040490001072,119.0,82.86251328907704,23.06222410840572,0.0,21.867117393337644,0.8981589853763581,0.9498917698860169,0.9793647289276123,0.8761817038059235,0.8939221367239952,0.9757430193829351,,,,,,
11.019999999987656,148.85518248650843,32.598934439382276,117.27066485846986,80.17062529161225,119.0,82.89293173191903,23.065658031557703,0.0,21.847231066558535,0.898385202884674,0.9498225331306458,0.9794094562530518,0.8764840304851532,0.8943588219583035,0.9756577370571904,,,,,,
11.039999999987609,148.8610344144947,32.576238292220346,117.28725141511731,80.18154616234892,119.0,82.92345074715638,23.068322068878334,0.0,21.827278989684014,0.8986077785491944,0.9497539520263671,0.9794529438018799,0.8767820000648499,0.894787971675396,0.9755733845639043,,,,,,
11.059999999987562,148.8643042095935,32.553314001430344,117.30332152987842,80.19316213997708,119.0,82.95404166737414,23.070276937099873,0.0,21.80727990429085,0.8988261103630066,0.9496860861778259,0.9794950127601624,0.8770748019218445,0.8952081389725208,0.9754901764797979,,,,,,
11.079999999987516,148.8649925682867,32.53017114458819,117.31894059537467,80.20544179899949,119.0,82.98467575761492,23.071583728067544,0.0,21.787252596112275,0.8990395128726959,0.9496193528175354,0.979535698890686,0.8773614645004273,0.8956191807985306,0.9754084585118108,,,,,,
11.09999999998747,148.86307119690056,32.50681601279496,117.33414991588738,80.21833431773541,119.0,83.01532424237044,23.072302039253323,0.0,21.76721587739203,0.8992478251457214,0.9495538949966431,0.9795750856399537,0.8776417076587677,0.8960206605494022,0.9753283617901616,,,,,,
11.119999999987423,148.85850852800132,32.483255488562435,117.34896762507508,80.23177126997544,119.0,83.04595833261124,23.072488003748045,0.0,21.747188569213446,0.8994501113891602,0.9494901180267334,0.9796130895614624,0.8779142260551454,0.8964111030101777,0.9752502797055058,,,,,,
11.139999999987376,148.85127868003988,32.4594987868257,117.363390744994,80.24566937114362,119.0,83.07654925282901,23.072192589517055,0.0,21.72718948382027,0.8996465563774109,0.949428141117096,0.9796499490737915,0.8781791985034944,0.8967913150787353,0.9751742718624883,,,,,,
11.15999999998733,148.84136551123936,32.4355585503797,117.37739766125412,80.25993512160481,119.0,83.1070682680664,23.07146058900484,0.0,21.707237406945723,0.8998368859291077,0.9493682146072387,0.9796857833862305,0.8784361839294434,0.8971611134707927,0.9751005170750432,,,,,,
11.179999999987283,148.8287648579029,32.41145129503619,117.39095089274737,80.27446988059744,119.0,83.13748671090846,23.070330197476252,0.0,21.687351080166565,0.9000211119651794,0.9493104934692382,0.9797207355499268,0.8786851584911347,0.897520349919796,0.9750290868687443,,,,,,
11.199999999987236,148.81348577304055,32.38719776521267,117.4040004867209,80.28917343041675,119.0,83.16777600841091,23.068832869228395,0.0,21.667549183298526,0.9001990556716919,0.9492551922798157,0.9797549247741699,0.8789257764816285,0.8978692315518856,0.9749601719784551,,,,,,
11.21999999998719,148.7955510099893,32.36282292895293,117.41648774858788,80.30394702502309,119.0,83.1979077089395,23.06699339569148,0.0,21.647850316849826,0.9003709077835084,0.9492023468017579,0.9797884941101074,0.8791582822799683,0.8982079893350602,0.9748937127995305,,,,,,
11.239999999987143,148.77499702229957,32.338355946726416,117.42834880679234,80.31869591605002,119.0,83.22785350889549,23.064830283047478,0.0,21.62827298454915,0.9005280375480652,0.9491474032402039,0.9798178911209107,0.8793793797492981,0.898532846570015,0.9748254654812627,,,,,,
11.259999999987096,148.75187336854782,32.313829737051826,117.43951804861881,80.33333269798345,119.0,83.25758527930205,23.062356437774785,0.0,21.608835575964576,0.9006229519844056,0.9490654468536377,0.9798230171203614,0.8795701980590821,0.8988185957074165,0.9747323153424077,,,,,,
11.27999999998705,148.72624170908074,32.28928042324592,117.4499313596736,80.34777938221954,119.0,83.28707509222666,23.059579947680195,0.0,21.589556349229667,0.9007165312767029,0.9489886641502381,0.979830002784729,0.8797548115253448,0.8990974508225918,0.974643862049561,,,,,,
11.299999999987003,148.69817449624176,32.26474668405452,117.45952903331813,80.3619685059424,119.0,83.3162952470146,23.056504875228143,0.0,21.570453413893116,0.9008037805557251,0.9489194989204407,0.9798216581344604,0.8799153208732605,0.8993468724191189,0.9745689986157231,,,,,,
11.319999999986956,148.66775348374583,32.240269115870696,117.46825812923859,80.3758438369907,119.0,83.34521829630904,23.053132119325884,0.0,21.551544713907866,0.900886368751526,0.9488578319549561,0.9798015594482422,0.880055594444275,0.8995721861720085,0.9745063422131353,,,,,,
11.33999999998691,148.63506876301537,32.21588696742211,117.4760731529671,80.38936666511162,119.0,83.37381707183314,23.049460261985733,0.0,21.532848010775854,0.900968074798584,0.9488008856773377,0.9797835350036621,0.8801907360553742,0.8997918009757996,0.9744479296612554,,,,,,
11.359999999986863,148.60022369968968,32.1916149335746,117.48292850790392,80.40255298290852,119.0,83.40206470991005,23.045484405075154,0.0,21.51438086686407,0.9010452032089233,0.948744535446167,0.9797653436660767,0.880320680141449,0.9000025853514672,0.9743903992581181,,,,,,
11.379999999986817,148.5633470240115,32.167404587200494,117.48877165601678,80.41547365937666,119.0,83.42993467669665,23.041184660636137,0.0,21.49616062890777,0.9011247992515564,0.9486966609954834,0.9797512531280518,0.8804455578327179,0.9002095773816109,0.9743401763844304,,,,,,
11.39999999998677,148.52458666900017,32.14318363694042,117.49356580341761,80.42810470430203,119.0,83.45740079310771,23.036511436383325,0.0,21.47820441171609,0.9012031435966492,0.9486535072326661,0.9797392368316651,0.8805649280548096,0.9004087939858437,0.9742942688870244,,,,,,
11.419999999986723,148.4841044721669,32.11889986569325,117.49726323738712,80.44036147988278,119.0,83.48443725940659,23.03139912857852,0.0,21.460529082095672,0.9012802004814148,0.9486150741577148,0.9797292351722717,0.8806787729263306,0.9006013229489327,0.9742526648449712,,,,,,
11.439999999986677,148.44207132742062,32.09454143439564,117.4997741037681,80.45220777999617,119.0,83.51101867943974,23.025794594464788,0.0,21.443151243007133,0.9013561010360718,0.948581600189209,0.9797214031219482,0.8807869791984558,0.9007876679301262,0.9742156026768498,,,,,,
11.45999999998663,148.39866001020562,32.0701331531477,117.50098322144736,80.46365305686338,119.0,83.53712008449205,23.019665770953882,0.0,21.426087217969418,0.9014308333396912,0.9485532402992248,0.9797157764434814,0.8808894336223603,0.9009671464562417,0.9741832135128788,,,,,,
11.479999999986584,148.35403948673402,32.04572356760771,117.50078666541414,80.47467256378107,119.0,83.56271695674066,23.0129899203913,0.0,21.40935303572665,0.901504397392273,0.948530089855194,0.979712438583374,0.8809860050678253,0.9011393338441849,0.9741556284832769,,,,,,
11.499999999986537,148.30836886267096,32.02138418723878,117.49911673547156,80.48518963442284,119.0,83.58778525228536,23.005746693240816,0.0,21.39296441519184,0.9015768051147461,0.9485123991966248,0.9797114968299866,0.8810764908790589,0.901304280012846,0.9741330502438359,,,,,,
11.51999999998649,148.26179382434432,31.997201125589772,117.49593963692774,80.4951527813147,119.0,83.61230142373368,22.997925938426008,0.0,21.37693675068164,0.9016479134559632,0.9484998345375061,0.9797127604484558,0.8811610519886017,0.901462510228157,0.9741152165341191,,,,,,
11.539999999986444,148.21444469630657,31.973266287346014,117.49125039048745,80.50455991659878,119.0,83.63624244231967,22.98953447845464,0.0,21.361285097456037,0.9017176866531372,0.9484924793243408,0.9797162652015686,0.8812395870685578,0.9016137301921845,0.9741021750378422,,,,,,
11.559999999986397,148.16643542823905,31.94967162242859,117.48507618706867,80.51342186111711,119.0,83.65958581953548,22.98059355199764,0.0,21.34602415757647,0.9017858386039734,0.9484899044036865,0.9797218084335327,0.8813121378421783,0.901757251471281,0.9740936158108525,,,,,,
11.57999999998635,148.1178633985786,31.926505939576174,117.47747831317643,80.52174156156806,119.0,83.68230962825551,22.9711344793725,0.0,21.33116826609577,0.901852011680603,0.9484916687011719,0.9797291398048401,0.8813787579536438,0.9018929094076157,0.9740891693043523,,,,,,
11.599999999986304,148.0688098996271,31.903853600650482,117.46854667071929,80.52952592779805,119.0,83.7043925233332,22.961198473563435,0.0,21.3167313775928,0.9019159555435181,0.9484974265098571,0.9797380685806274,0.8814395070075989,0.9020201854407788,0.9740885136532598,,,,,,
11.619999999986257,148.01934119701062,31.881794396002782,117.45839164235741,80.53679559199077,119.0,83.72581376165115,22.95083789949085,0.0,21.302727053064523,0.9019774436950684,0.9485065460205078,0.979748272895813,0.8814947009086609,0.9021397866308689,0.9740911362576299,,,,,,
11.63999999998621,147.96951012484058,31.8604033034577,117.44713800443309,80.54357744120465,119.0,83.74655322160578,22.940115225021483,0.0,21.28916844718774,0.902036190032959,0.9485189557075501,0.9797597169876099,0.8815441012382508,0.9022505767643452,0.9740969775128179,,,,,,
11.659999999986164,147.91935800849316,31.839750471286344,117.43492067469053,80.54989293111991,119.0,83.76659142200809,22.92910015824797,0.0,21.276068295962524,0.9020918846130371,0.9485338568687439,0.9797719955444336,0.8815881192684174,0.9023531042039394,0.9741053460049443,,,,,,
11.679999999986117,147.86891682258937,31.819900559170268,117.42187973556584,80.55575696899245,119.0,83.78590954038295,22.917867267533893,0.0,21.263438904748927,0.9021444320678711,0.9485511064529419,0.9797850251197815,0.8816267609596252,0.9024470150470734,0.9741161463665776,,,,,,
11.69999999998607,147.81821145697344,31.80091166209604,117.40815497311819,80.56118145319071,119.0,83.8044894306496,22.906494314526967,0.0,21.251292136708173,0.902193558216095,0.9485705375671387,0.979798698425293,0.8816599130630494,0.9025322996079922,0.9741291997837834,,,,,,
11.719999999986024,147.76726192837452,31.78283421337353,117.3938816008425,80.5661751022938,119.0,83.82231364016681,22.895060254743722,0.0,21.239639401659247,0.9022393465042114,0.9485918998718261,0.9798129439353943,0.88168785572052,0.9026091657578945,0.9741443274426274,,,,,,
11.739999999985978,147.71608543931208,31.765709918492853,117.37918739039522,80.57074114755746,119.0,83.8393654261267,22.883642745511825,0.0,21.228491645361288,0.9022817134857178,0.9486149191856384,0.9798275709152222,0.8817107677459717,0.9026778481900692,0.9741612551617436,,,,,,
11.759999999985931,147.6646982007904,31.749571430613564,117.36419056559183,80.57487659836866,119.0,83.85562877128167,22.872315887112002,0.0,21.21785933923197,0.9023205399513244,0.9486395955085755,0.9798426151275634,0.8817285299301147,0.9027383260428906,0.974179994862061,,,,,,
11.779999999985884,147.61311702400366,31.734441767616303,117.34899771648028,80.57857582001272,119.0,83.87108839898993,22.861148616781946,0.0,21.20775247051135,0.9023560881614685,0.9486658930778503,0.9798580884933472,0.8817414283752442,0.9027908138930798,0.9742004869389348,,,,,,
11.799999999985838,147.56136057509278,31.72033462772962,117.33370266364297,80.58183115738944,119.0,83.88572978756527,22.85020332587305,0.0,21.198180532880563,0.9023882269859315,0.9486936807632447,0.9798738718032837,0.8817494511604309,0.902835538238287,0.9742226241040044,,,,,,
11.819999999985791,147.50945031210534,31.707255354023136,117.31838614779065,80.58463297367308,119.0,83.89953918391778,22.839534739857353,0.0,21.189152517544116,0.9024171829223633,0.9487230181694031,0.9798900485038757,0.8817527770996094,0.9028727583587169,0.9742464659619146,,,,,,
11.839999999985745,147.45741108652985,31.69520197257528,117.30311584710876,80.58697120176876,119.0,83.91250361647246,22.82918931975999,0.0,21.180676904784207,0.9024429678916931,0.9487538933753967,0.9799066066741944,0.8817514181137085,0.9029026657342911,0.9742719529080205,,,,,,
11.859999999985698,147.4052714870027,31.684166205113264,117.2879466906833,80.58883697383295,119.0,83.92461090735382,22.819205074328693,0.0,21.172761655994936,0.9024657964706421,0.9487864732742309,0.9799236536026001,0.88174546957016,0.902925281226635,0.9742992279934697,,,,,,
11.879999999985651,147.3530639254348,31.674134816420995,117.27292179485843,80.5902225123138,119.0,83.93584968382497,22.809611598780368,0.0,21.165414206203916,0.9024858713150025,0.948820698261261,0.9799411773681641,0.8817351460456848,0.9029410593211651,0.9743282435345464,,,,,,
11.899999999985605,147.30082447195215,31.66509094959582,117.25807360747801,80.59112160716899,119.0,83.94620938897027,22.800430457886836,0.0,21.158641457088358,0.9025032043457032,0.9488566517829895,0.9799591898918152,0.8817204177379608,0.9029501400887966,0.9743590472149662,,,,,,
11.919999999985558,147.24859256239634,31.657015189500285,117.24342503117666,80.59153050281176,119.0,83.95568029161187,22.79167589225906,0.0,21.152449770492094,0.9025180339813232,0.9488944053649903,0.9799777746200562,0.8817014515399934,0.9029527880251408,0.9743916628765874,,,,,,
11.939999999985512,147.19641054718724,31.649886606076418,117.22899079088488,80.59144783678208,119.0,83.9642534954504,22.78335566395694,0.0,21.146844962449737,0.9025304675102234,0.9489338755607605,0.9799969077110291,0.88167844414711,0.9029491282999516,0.9744260428356938,,,,,,
11.959999999985465,147.14432315466595,31.6436836758934,117.21477887956267,80.59087442120708,119.0,83.97192094742157,22.77547199547271,0.0,21.141832297723475,0.9025404930114747,0.9489751935005188,0.9800166368484498,0.881651246547699,0.9029391705989838,0.9744622586178593,,,,,,
11.979999999985418,147.0923768684665,31.63838519267656,117.20079198607792,80.58981282335301,119.0,83.97867544526066,22.768022613230002,0.0,21.137416484857745,0.9025482773780823,0.9490182399749756,0.9800369262695312,0.8816201567649842,0.9029231823980809,0.9745002148556523,,,,,,
11.999999999985372,147.04061928411892,31.63397078120242,117.18702872325309,80.58826768686737,119.0,83.9845106442678,22.761001870623588,0.0,21.13360167175637,0.9025538921356201,0.9490630388259887,0.9800577878952026,0.8815852165222168,0.9029014140367508,0.9745399115490727,,,,,,
12.019999999985325,146.98909849644784,31.630421286558192,117.17348483591846,80.58624532958386,119.0,83.98942106326773,22.754401775217723,0.0,21.130391441786276,0.9025573372840882,0.9491095662117004,0.9800792217254639,0.8815464437007904,0.9028737366199494,0.9745813248562627,,,,,,
12.039999999985278,146.93786249597142,31.627718997178285,117.16015440530231,80.58375322357911,119.0,83.99340208975845,22.748212874989285,0.0,21.127788810411555,0.9025179743766785,0.9491361379623413,0.9800840139389038,0.8814879059791565,0.9028192453086377,0.9746042607235722,,,,,,
12.059999999985232,146.8869586314056,31.625847589163584,117.14703085773223,80.58079981545511,119.0,83.99644998424385,22.74242503286231,0.0,21.125796222360947,0.9024737119674683,0.9491633415222168,0.9800884008407593,0.8814241766929627,0.9027571022510529,0.9746279118466191,,,,,,
12.079999999985185,146.8364331591741,31.624792124351927,117.13410781962942,80.57739418732628,119.0,83.9985618837464,22.73702808011138,0.0,21.124415549331413,0.9024262309074402,0.9491913080215454,0.98009272813797,0.8813566267490387,0.9026891060173512,0.9746523974346928,,,,,,
12.099999999985139,146.78633086403352,31.624538797281854,117.12137973611324,80.5735461624405,119.0,83.99973580449632,22.732012345971995,0.0,21.123648088230038,0.9023752808570862,0.9492201566696167,0.9800970077514648,0.881284910440445,0.9026147142052651,0.974677812855225,,,,,,
12.119999999985092,146.73669475877182,31.625074723875848,117.10884239031377,80.56926594293371,119.0,83.99997064379511,22.72736901004487,0.0,21.123494559955745,0.9023209691047669,0.9492497205734253,0.9801011800765991,0.881209272146225,0.9025341838598252,0.9747040508198552,,,,,,
12.139999999985045,146.68756881111906,31.626376343955858,117.09648841543799,80.5645871008324,119.0,83.99926618105124,22.72308997847779,0.0,21.123955108722196,0.9022632837295532,0.949280035495758,0.9801053047180176,0.8811296582221986,0.9024474717676639,0.9747311232495122,,,,,,
12.159999999984999,146.6390077958328,31.62837685210834,117.0842987575582,80.55958588809816,119.0,83.99762307798743,22.719161218113005,0.0,21.125029301922304,0.902202308177948,0.9493110299110412,0.9801093101501465,0.8810462057590485,0.9023543149232864,0.9747589705395512,,,,,,
12.179999999984952,146.5910757544127,31.63098479689532,117.07226080295554,80.55428551939474,119.0,83.99504287801905,22.715550206146908,0.0,21.126716130534575,0.902137815952301,0.9493427515029907,0.9801132202148437,0.8809586644172669,0.9022542491555214,0.9747876284527592,,,,,,
12.199999999984906,146.54384153378112,31.634107204043364,117.06036973144171,80.5486850359605,119.0,83.99152800480435,22.712209120956906,0.0,21.12901401007094,0.9020696640014648,0.9493752956390381,0.9801170587539673,0.8808668255805969,0.9021472610533238,0.9748172161984258,,,,,,
12.219999999984859,146.4973753619672,31.63766313411522,117.04861609828835,80.54282313385292,119.0,83.98708175996786,22.709089214458615,0.0,21.131920782065073,0.9019977569580079,0.9494087338447571,0.9801208257675171,0.8807705521583558,0.9020334161818028,0.9748477576184087,,,,,,
12.239999999984812,146.45174638711106,31.641589263581157,117.03698335542852,80.53676703094526,119.0,83.98170831999903,22.706147803685433,0.0,21.13543371609997,0.9019218325614929,0.9494431853294373,0.9801245212554932,0.8806694865226746,0.9019120521843433,0.9748793838429265,,,,,,
12.259999999984766,146.40702094673986,31.645840309251497,117.02545521103984,80.53056943387948,119.0,83.97541273232918,22.703346385902343,0.0,21.139549512372632,0.9018419981002808,0.9494785785675048,0.9801281690597534,0.8805638074874879,0.9017831839621068,0.9749120114254766,,,,,,
12.27999999998472,146.36326139527628,31.6503864751912,117.01401971107643,80.52426114570684,119.0,83.96820091059026,22.700649631124453,0.0,21.144264304793726,0.9017578005790711,0.9495150804519653,0.9801317453384399,0.8804529309272766,0.901645851135254,0.9749458072590642,,,,,,
12.299999999984673,146.32052538497493,31.655209870005166,117.00266742788695,80.51786900670403,119.0,83.96007962906003,22.698028228314268,0.0,21.149573664619084,0.9016692757606507,0.9495527029037476,0.9801352858543396,0.8803368985652924,0.9015006110072136,0.9749807713436894,,,,,,
12.319999999984626,146.27886548532817,31.660301070387835,116.99138990078399,80.51142166757053,119.0,83.95105651629878,22.695461270358653,0.0,21.15547260460977,0.90157630443573,0.9495914340019226,0.9801387548446655,0.88021559715271,0.9013470478355885,0.9750169036793522,,,,,,
12.33999999998458,146.23832907022685,31.66565632678614,116.98018094876944,80.50494056561807,119.0,83.94114004798355,22.692935874677996,0.0,21.161955583716743,0.9014788150787354,0.9496311902999878,0.9801421403884888,0.8800890266895295,0.9011851750314236,0.9750541565823369,,,,,,
12.359999999984533,146.19895843260386,31.671275561620835,116.96903819841482,80.49843468103167,119.0,83.93033953894674,22.690445947558057,0.0,21.16901651228572,0.9013769388198852,0.9496740341186524,0.980146074295044,0.8799559593200684,0.9010160706937314,0.9750939605641179,,,,,,
12.379999999984486,146.16079104453868,31.6771609168726,116.95796291125505,80.49190496422108,119.0,83.91866513442638,22.68799180188814,0.0,21.176648757777357,0.9012704610824586,0.9497155904769897,0.9801491856575012,0.8798190712928773,0.9008378759026527,0.9751332400250249,,,,,,
12.39999999998444,146.12386000299014,31.683316092383926,116.94695919472228,80.48534812137243,119.0,83.90612780053641,22.68558002825847,0.0,21.184845150997415,0.9011595129966736,0.9497579336166382,0.9801521301269531,0.8796771287918091,0.9006515391170978,0.9751734612393193,,,,,,
12.419999999984393,146.08819454910716,31.689745995382378,116.93603379029396,80.47875673098824,119.0,83.89273931396588,22.68322276198658,0.0,21.19359799283098,0.9010442852973938,0.949800968170166,0.9801548957824707,0.8795304059982301,0.9004574425518513,0.9752144930767827,,,,,,
12.439999999984346,146.0538206488555,31.696456445859795,116.92519619186609,80.47211845261451,119.0,83.87851225091674,22.6809364761398,0.0,21.202899061474493,0.9009247660636902,0.9498446941375732,0.9801574945449829,0.8793789029121399,0.9002558015286922,0.9752563832211308,,,,,,
12.4599999999843,146.02076155778124,31.703454876190218,116.91445867175568,80.46541460210373,119.0,83.86345997529072,22.678740875801363,0.0,21.212739620158683,0.9008010625839233,0.9498889565467834,0.980159866809845,0.879222846031189,0.9000467501580716,0.9752989886212162,,,,,,
12.479999999984253,145.98903833766505,31.710751822404344,116.90383549384335,80.4586216214711,119.0,83.84759662613611,22.67665861276796,0.0,21.223110425355333,0.9006733655929565,0.9499337673187256,0.9801620483398438,0.8790624201297761,0.8998307473957539,0.975342309277039,,,,,,
12.499999999984206,145.95867058835702,31.718355478568476,116.89334085666965,80.4517249190452,119.0,83.83093710436663,22.67471503205735,0.0,21.23400173545995,0.9005416393280029,0.9499790787696838,0.9801640033721923,0.8788976430892945,0.8996077656745911,0.9753862855839543,,,,,,
12.51999999998416,145.92967691633436,31.7262710378917,116.8829904420311,80.44470908616444,119.0,83.81349705876447,22.67293571003765,0.0,21.245403319942387,0.9004063010215759,0.9500248670578003,0.9801657915115356,0.8787289619445802,0.8993783600628377,0.9754308817791753,,,,,,
12.539999999984113,145.90207522539617,31.73450143135747,116.8728027199519,80.43755449110199,119.0,83.795292871281,22.671344206124523,0.0,21.257304468956647,0.9002674341201783,0.9500709533691406,0.9801673650741577,0.8785565733909607,0.8991428501904011,0.9754759667324834,,,,,,
12.559999999984067,145.87588295288128,31.743047976087432,116.86279790528272,80.43024453422973,119.0,83.77634164164871,22.669961733571633,0.0,21.26969400340098,0.9001250863075256,0.9501174688339233,0.9801687359809875,0.8783804655075074,0.8989014446735383,0.9755216119694523,,,,,,
12.57999999998402,145.85111725179033,31.751910692407254,116.85299652884777,80.42277032249864,119.0,83.7566611713189,22.668807395077792,0.0,21.28256028541871,0.8999797999858856,0.9501641988754272,0.9801699161529541,0.8782013416290284,0.8986548908054829,0.97556761483429,,,,,,
12.599999999983973,145.82779510122577,31.761088576165733,116.84341921499599,80.41512807287164,119.0,83.73626994674021,22.66789773096132,0.0,21.29589122933009,0.8998315930366516,0.9502112150192261,0.9801709055900574,0.8780191779136658,0.8984033919870854,0.9756140349316411,,,,,,
12.619999999983927,145.8059333766263,31.770579764390288,116.83408704617855,80.4073164659813,119.0,83.71518712199384,22.66724607803886,0.0,21.309674312984665,0.8996805965900422,0.950258445739746,0.9801717281341553,0.8778341531753541,0.8981469862163067,0.9756608007359319,,,,,,
12.63999999998388,145.78554881372406,31.780381555358588,116.82502182518269,80.3993378490483,119.0,83.6934325008015,22.66686252143935,0.0,21.323896589523727,0.8995271265506745,0.9503058433532715,0.9801723718643188,0.8776466429233551,0.8978863634169102,0.9757078407215886,,,,,,
12.659999999983834,145.7666579478758,31.790490250693896,116.81624504062873,80.39119997507586,119.0,83.67102651792322,22.666754283452036,0.0,21.338544699541693,0.8993714928627015,0.9503533363342285,0.980172848701477,0.8774570047855378,0.8976218871772289,0.9757551072048954,,,,,,
12.679999999983787,145.74927702310848,31.800901232967174,116.80777712768761,80.38291468350783,119.0,83.64799021996231,22.666925949142037,0.0,21.353604883634986,0.8992138624191285,0.9504008054733276,0.980173134803772,0.8772655129432678,0.8973538987338543,0.975802457134705,,,,,,
12.69999999998374,145.73342181116377,31.81160883275648,116.79963719754153,80.3744962622357,119.0,83.62434524559575,22.667379513196774,0.0,21.369062995326622,0.8990543484687805,0.9504482746124268,0.9801732778549195,0.8770722508430482,0.897082631289959,0.9758499143528752,,,,,,
12.719999999983694,145.71910744246793,31.822606416076546,116.79184283897801,80.36596024883156,119.0,83.60011380524826,22.668114518191704,0.0,21.384904514354467,0.8988932132720947,0.95049569606781,0.9801732420921325,0.8768775284290314,0.8968083791434766,0.9758974430966191,,,,,,
12.739999999983647,145.70634824399824,31.833886461908886,116.78440980961643,80.35732356999836,119.0,83.57531866022943,22.66912842535627,0.0,21.401114560310507,0.8987304687500001,0.9505430340766907,0.9801730394363404,0.8766814053058625,0.8965313538908959,0.975944971840363,,,,,,
12.7599999999836,145.69515755172168,31.84544061029714,116.77735179765112,80.34860450113834,119.0,83.54998310135338,22.670417033704684,0.0,21.417677906618458,0.8985666871070862,0.9505901098251343,0.9801726579666138,0.8764845430850983,0.8962523557245732,0.9759923694538883,,,,,,
12.779999999983554,145.68554750921857,31.857259649983625,116.77068043035102,80.33982186181763,119.0,83.52413092706092,22.671974779643183,0.0,21.434578994836578,0.8984016656875611,0.9506369829177856,0.9801721096038818,0.8762867450714111,0.8959712326526642,0.9760396597790532,,,,,,
12.799999999983507,145.67752889559674,31.869333465642775,116.76440541202172,80.3309943693147,119.0,83.49778642106509,22.673794962371318,0.0,21.45180194927211,0.8982357919216156,0.9506835460662841,0.9801713943481445,0.8760884404182434,0.8956884160637856,0.9760867712902837,,,,,,
12.81999999998346,145.671110984071,31.881651185331553,116.7585346928382,80.32214003308938,119.0,83.47097432954058,22.67586999157255,0.0,21.469330591893872,0.8980672001838684,0.9507308840751648,0.9801641821861267,0.8758828520774842,0.89539562612772,0.9761370299267582,,,,,,
12.839999999983414,145.66630142982135,31.894201361648303,116.7530744967649,80.31327617115043,119.0,83.44371983787913,22.67819171723356,0.0,21.48714845752866,0.8978900671005249,0.9507827997207642,0.9801286697387696,0.8756471455097199,0.8950644224882126,0.9762019989895634,,,,,,
12.859999999983367,145.66311801927145,31.90685407096811,116.74802936044821,80.30441955330161,119.0,83.41604854703193,22.680751745703457,0.0,21.50523880932759,0.8977126359939576,0.9508344888687134,0.9800927400588989,0.8754113733768464,0.8947328455746174,0.9762667773175053,,,,,,
12.87999999998332,145.66159558499382,31.919663268898454,116.74340232678821,80.29558611318852,119.0,83.38798644946206,22.683541621248622,0.0,21.5235846544874,0.897534590959549,0.9508858919143677,0.9800562024116516,0.875175154209137,0.8943998843431473,0.9763314602780155,,,,,,
12.899999999983274,145.66172240654262,31.93263502169444,116.73919529046441,80.28679023664843,119.0,83.35955990472891,22.686552917337217,0.0,21.54216876021237,0.8973561346530915,0.9509368896484375,0.9800190091133117,0.8749387681484223,0.8940659195184708,0.9763959286618047,,,,,,
12.919999999983228,145.66349063718712,31.945765726182753,116.73540693518146,80.27804043406547,119.0,83.33079561472788,22.689777422018974,0.0,21.560973669901568,0.897177642583847,0.9509873867034913,0.9799812793731689,0.8747027158737183,0.8937317907810212,0.976460063259583,,,,,,
12.939999999983181,145.6669012553587,31.95905419969935,116.7320150807746,80.26931212231422,119.0,83.30172059860847,22.693208002885477,0.0,21.57998171954638,0.8969988763332367,0.9510374307632447,0.9799429059028626,0.8744666934013368,0.8933970078825951,0.9765239236759953,,,,,,
12.959999999983134,145.67196900561206,31.972511214804484,116.72894461032995,80.26052694085749,119.0,83.2723621673945,22.696841731737987,0.0,21.599175054322775,0.8968202710151673,0.9510869264602662,0.9799040198326111,0.874231255054474,0.8930628359317779,0.9765873787808232,,,,,,
12.979999999983088,145.67871960095172,31.986154229503505,116.72608106489344,80.2516053525342,119.0,83.24274789832992,22.700681488185165,0.0,21.618535645362954,0.8966420292854309,0.9511358499526977,0.9798647046089173,0.8739966750144958,0.8927301675081253,0.9766503689694218,,,,,,
12.999999999983041,145.68718575566146,32.000000929822654,116.72329954426154,80.24246026579503,119.0,83.21290560897478,22.704729516957308,0.0,21.638045306690323,0.8964644253253937,0.9511842727661133,0.9798251390457153,0.8737632751464844,0.8923999793827534,0.9767128703999333,,,,,,
13.019999999982995,145.6974038222918,32.01406521992845,116.72048727761369,80.2329928475623,119.0,83.18286333107534,22.708980469311463,0.0,21.657685712302158,0.8962878108024598,0.951232123374939,0.9797854423522949,0.8735315084457398,0.8920725442469121,0.9767747519421391,,,,,,
13.039999999982948,145.70941088721648,32.028355272839526,116.71755276142567,80.22312127196834,119.0,83.152649284233,22.71342111326151,0.0,21.67743841338378,0.8961123406887055,0.9512795209884644,0.9797457933425904,0.8733015418052674,0.8917490229010582,0.976836073200684,,,,,,
13.059999999982901,145.72324244340706,32.04287319774029,116.71442744220411,80.2128033223552,119.0,83.12229184939683,22.718033443643847,0.0,21.69728485563802,0.8959385871887208,0.9513263583183289,0.9797064185142517,0.8730741202831269,0.8914300508797169,0.9768966195988469,,,,,,
13.079999999982855,145.73893048082107,32.05761547749133,116.71106731631978,80.20203301044954,119.0,83.09181954220453,22.72279613120951,0.0,21.71720639671385,0.8957666695117951,0.9513726949691772,0.9796673774719238,0.8728493511676789,0.8911155946552753,0.9769564149784855,,,,,,
13.099999999982808,145.75650200045007,32.07257387555774,116.70745428849217,80.19082879337581,119.0,83.06126098619673,22.72768448822109,0.0,21.737184323717727,0.8955968201160431,0.9514185190200806,0.9796288132667541,0.8726275324821473,0.8908059388399124,0.9770153878140263,,,,,,
13.119999999982761,145.77597790980087,32.087736573073734,116.70359470252576,80.17923031859289,119.0,83.03064488593019,22.732671382209563,0.0,21.757199870791098,0.8954290390014649,0.9514637947082519,0.9795906782150269,0.8724086582660675,0.8905005887150764,0.9770735381054692,,,,,,
13.139999999982715,145.7973722669191,32.103089153896704,116.6995154356617,80.16729916474192,119.0,83.00000000001465,22.737729290203497,0.0,21.77723423673779,0.8952639043331146,0.9515083312988282,0.9795531034469604,0.8721934795379639,0.8902004569768905,0.9771306631970219,,,,,,
13.159999999982668,145.8206918357994,32.11861553506901,116.69525986158716,80.15511422518394,119.0,82.96935511409909,22.742832074458185,0.0,21.797268602684497,0.8951011955738067,0.9515522122383118,0.9795159935951233,0.8719817042350769,0.8899050131440163,0.9771868465351872,,,,,,
13.179999999982622,145.84593584725965,32.13429851375684,116.6908844311705,80.14276410281207,119.0,82.9387390138325,22.747955985975548,0.0,21.817284149757896,0.8949413418769837,0.9515951156616211,0.9794792890548706,0.8717739224433899,0.8896145664155484,0.977241849701386,,,,,,
13.199999999982575,145.8731219357911,32.15003612776816,116.68645517981338,80.13034068631063,119.0,82.90818045782464,22.753080395281767,0.0,21.83726207676181,0.8947840213775635,0.9516371726989746,0.9794429540634155,0.8715696811676026,0.8893285065889359,0.9772958157467656,,,,,,
13.219999999982528,145.9022349301762,32.16585663530349,116.68204397097645,80.11793560568626,119.0,82.87770815063223,22.75818862326023,0.0,21.857183617837716,0.8946295917034149,0.9516780614852905,0.9794068336486816,0.87136949300766,0.8890470653772354,0.977348530094605,,,,,,
13.239999999982482,145.9332432892659,32.18175609713152,116.67772484520682,80.10563719146886,119.0,82.84735071579595,22.763268640802963,0.0,21.87703006009203,0.894478040933609,0.9517178297042846,0.9793709635734558,0.8711733222007751,0.8887704201042652,0.9774000165867619,,,,,,
13.259999999982435,145.9661128157276,32.19772271435663,116.67357107263503,80.09352705186288,119.0,82.81713666895347,22.768313325931352,0.0,21.896782761173746,0.8943292737007141,0.9517562389373779,0.9793350696563721,0.8709810853004456,0.8884980894625187,0.9774502156185918,,,,,,
13.279999999982389,146.00080581025784,32.213742010483,116.66965268939066,80.08167657934251,119.0,82.78709439105384,22.773320321241624,0.0,21.9164231667857,0.8941834926605224,0.9517933130264282,0.9792992353439331,0.8707930386066437,0.8882304608821869,0.9774990675854497,,,,,,
13.299999999982342,146.03728078747164,32.229797807053096,116.66603437172961,80.07014555490312,119.0,82.7572521016985,22.778291726685406,0.0,21.935932828113202,0.8940301418304444,0.9518309831619263,0.9792600870132446,0.8705957055091859,0.8879472695291043,0.9775498269009404,,,,,,
13.319999999982295,146.0754927993731,32.24587283213492,116.66277374972333,80.05898106234908,119.0,82.72763783263368,22.783233656147956,0.0,21.955293419153534,0.8938900113105774,0.9518651485443115,0.9792240023612976,0.8704156279563904,0.8876886397600174,0.9775960085797124,,,,,,
13.339999999982249,146.1153939714449,32.2619488744847,116.65992014631759,80.04821770856574,119.0,82.69827940141946,22.788155662229894,0.0,21.974486753930098,0.8937525510787964,0.9518978476524353,0.9791876912117005,0.8702393174171448,0.8874342449009419,0.9776409027981572,,,,,,
13.359999999982202,146.15693412736766,32.27800705479288,116.6575139712024,80.03787755815304,119.0,82.66920438529976,22.793069975670875,0.0,21.993494803575096,0.8936177849769592,0.9519290208816529,0.9791511178016663,0.8700668334960938,0.88718431442976,0.9776844857144169,,,,,,
13.379999999982156,146.20006147345578,32.29402795192368,116.65558638178638,80.02797082486188,119.0,82.64044009529842,22.797990674771157,0.0,22.0122997132645,0.8934858322143555,0.951958703994751,0.9791143655776977,0.869898271560669,0.8869390971958637,0.9777267334866337,,,,,,
13.399999999982109,146.24472402235457,32.30999296074565,116.65415827181072,80.01849306507724,119.0,82.61201355056492,22.802932906289087,0.0,22.03088381898969,0.8933565378189087,0.9519869804382324,0.979077410697937,0.869733452796936,0.8866985455155373,0.9777677295613103,,,,,,
13.419999999982062,146.29087223270415,32.32588651619117,116.6532374411022,80.00942510834273,119.0,82.5839514529947,22.807912787004778,0.0,22.049229664149735,0.8932301461696625,0.9520137548446655,0.9790403366088867,0.8695726573467255,0.8864631429314613,0.9778073904919438,,,,,,
13.439999999982016,146.33845640713167,32.34169151196271,116.65282382917397,80.00075332971552,119.0,82.55628016214712,22.812947051803743,0.0,22.067320015948912,0.893106609582901,0.9520391225814819,0.9790031671524048,0.8694158077239991,0.8862330950796604,0.9778457520413213,,,,,,
13.459999999981969,146.38742636333174,32.357389255960925,116.65291357717506,79.99245613180759,119.0,82.52902567048525,22.818050509937617,0.0,22.08513788158397,0.8929700374603272,0.9520564079284668,0.9789785146713257,0.8692753195762635,0.8860350258648396,0.9778680203366094,,,,,,
13.479999999981922,146.43773190044746,32.37296060368056,116.65350020149776,79.98450310770743,119.0,82.50221357896032,22.82323471458171,0.0,22.102666524206015,0.8928359985351563,0.9520720481872559,0.9789543867111206,0.8691394567489624,0.8858439393341542,0.9778884528088383,,,,,,
13.499999999981876,146.48932313673802,32.38838689672301,116.65457353391179,79.97686559095345,119.0,82.47586907296402,22.82850884582399,0.0,22.119889478641852,0.8927055537700653,0.9520865678787231,0.9789301156997681,0.8690074563026429,0.8856578871607781,0.9779080508160405,,,,,,
13.51999999998183,146.54215078982097,32.40365064964294,116.65611935912699,79.96951969637811,119.0,82.45001689867108,22.833880474663033,0.0,22.136790566860284,0.8925790548324585,0.9520999431610108,0.9789057493209838,0.8688796877861024,0.8854777611792087,0.977926742832642,,,,,,
13.539999999981783,146.59616632717308,32.41873577617181,116.65812076565079,79.96244258449329,119.0,82.42468133979453,22.839355209426003,0.0,22.153353913168566,0.8924568474292756,0.9521121263504029,0.9788813948631286,0.8687564611434937,0.885303794592619,0.9779445050167851,,,,,,
13.559999999981736,146.65132233578944,32.4336239868515,116.66056445379739,79.95562949313884,119.0,82.39988619477518,22.844936033364306,0.0,22.16956395912495,0.892339164018631,0.9521231532096863,0.9788571357727051,0.8686380028724671,0.8851365193724633,0.9779613135266118,,,,,,
13.57999999998169,146.7075734179239,32.44828395448543,116.66345993268935,79.94912200860651,119.0,82.37565475442713,22.850620130559015,0.0,22.185405478153154,0.8922261238098145,0.952133059501648,0.9788330435752869,0.8685244202613831,0.8849758550524712,0.977977168362122,,,,,,
13.599999999981643,146.76487568596073,32.46267707588612,116.66684058999515,79.94295086728462,119.0,82.35200978005999,22.856394207454745,0.0,22.20086358984517,0.8921178221702576,0.9521417856216431,0.9788090944290161,0.8684158146381379,0.8848214976489545,0.977992033760529,,,,,,
13.619999999981596,146.82318590322834,32.476765528504615,116.6707492093225,79.93714302971307,119.0,82.32897348209849,22.86223875860646,0.0,22.215923773938847,0.8920143067836762,0.9521493554115296,0.9787853240966797,0.8683122038841248,0.8846735306084156,0.9780059216427617,,,,,,
13.63999999998155,146.88246076832624,32.49051689751481,116.67522149900293,79.93174595947865,119.0,82.3065674992196,22.868136866110603,0.0,22.23057188395721,0.8919158339500427,0.9521556854248047,0.9787617206573487,0.8682138562202454,0.8845324285328389,0.9780187962460332,,,,,,
13.659999999981503,146.94265634430445,32.503905975578945,116.68027997058783,79.92681114742584,119.0,82.28481287802663,22.874077361314463,0.0,22.244794160496692,0.8918223559856415,0.9521607518196106,0.9787382483482361,0.8681207239627838,0.8843978047370911,0.9780305979656987,,,,,,
13.679999999981456,147.003727625766,32.51691485264092,116.68593564849101,79.92236709080309,119.0,82.26373005327962,22.880052819179994,0.0,22.258577244151684,0.8917341947555543,0.9521644830703735,0.9787149429321289,0.8680331230163575,0.8842700727283955,0.9780413268017583,,,,,,
13.69999999998141,147.06562824090676,32.529532043249475,116.69218932335644,79.91841707325617,119.0,82.24333882870026,22.88605832116611,0.0,22.2719081880635,0.8916510462760926,0.9521669387817383,0.9786917328834533,0.8679507374763489,0.8841488800942898,0.9780509827542119,,,,,,
13.719999999981363,147.12831027791552,32.54175111423916,116.6990307739755,79.9149515360628,119.0,82.22365835836975,22.892092337243437,0.0,22.284774470081686,0.8915731847286225,0.9521680474281311,0.9786686658859253,0.8678738474845886,0.8840348415076733,0.9780595658230595,,,,,,
13.739999999981316,147.1917241920074,32.55356930555515,116.70643926866362,79.91195281073794,119.0,82.20470712873676,22.898157138535677,0.0,22.297164004526472,0.8915007710456848,0.9521677017211914,0.978645658493042,0.8678026258945466,0.8839284911751747,0.9780669806408696,,,,,,
13.75999999998127,147.25581875078177,32.56498624550156,116.71438616757372,79.90939235836272,119.0,82.18650294125257,22.904257684243376,0.0,22.30906515354121,0.8914338707923889,0.952165937423706,0.9786227941513062,0.867737102508545,0.8838298857212067,0.978073239128571,,,,,,
13.779999999981223,147.32054104799096,32.57600293855764,116.72283773239532,79.90723111198034,119.0,82.16906289564967,22.910400226904063,0.0,22.320466738024127,0.8907236337661744,0.9523620367050171,0.9786186575889587,0.8670035004615784,0.8829142861068249,0.9782265780377202,,,,,,
13.799999999981177,147.3858365301889,32.58662105637982,116.73175703299931,79.90542456360885,119.0,82.15240337387942,22.916591566643195,0.0,22.331358048129246,0.8900418639183044,0.9525498390197754,0.9786145329475403,0.8663021564483643,0.8820400826632977,0.9783730147290044,,,,,,
13.81999999998113,147.45164914039663,32.596842604241445,116.74110533755315,79.90392739182955,119.0,82.13654002472406,22.922838627242445,0.0,22.34172885332639,0.8894556224346161,0.9527147054672241,0.9786149740219117,0.865700626373291,0.8812968254089356,0.9784998534130864,,,,,,
13.839999999981083,147.51792144171512,32.606669640312624,116.75084366128864,79.90269531514318,119.0,82.12148774909724,22.929147856132843,0.0,22.3515694120111,0.8888746798038483,0.9528564095497132,0.9785912752151489,0.8651104927062989,0.8805423870682717,0.9786164400982671,,,,,,
13.859999999981037,147.58459473542203,32.616103994679854,116.76093420945365,79.90168620420602,119.0,82.10726068604733,22.935524522998577,0.0,22.360870480655123,0.888332462310791,0.9529683113098144,0.9785462856292725,0.8645651817321778,0.8798223607242108,0.9787167904782109,,,,,,
13.87999999998099,147.65165032186462,32.625181912885864,116.77134635178044,79.90067639248454,119.0,82.09387219947598,22.941974554714978,0.0,22.36962332248922,0.8878502786159516,0.953058660030365,0.9784958124160766,0.864083343744278,0.8791772216558457,0.9788021443295293,,,,,,
13.899999999980944,147.71925142298258,32.634084703484646,116.78202814770943,79.89908515298258,119.0,82.08133486558519,22.948549549530995,0.0,22.377819715709812,0.8874252080917359,0.9531379580497742,0.9784507989883423,0.8636597454547883,0.8786141559481622,0.9788770792889409,,,,,,
13.919999999980897,147.7877200873751,32.6430988967965,116.7928215883116,79.89670468905797,119.0,82.069660461064,22.955422813687466,0.0,22.38545196120199,0.8870219051837921,0.953196358680725,0.9783888101577759,0.8632618427276612,0.8780718699097634,0.9789413569378667,,,,,,
13.93999999998085,147.8574667659009,32.652547620745054,116.80351952843007,79.89351802151585,119.0,82.05885995202635,22.962846480616815,0.0,22.392512889771517,0.8866847455501556,0.9532411813735961,0.978332233428955,0.8629306316375733,0.8776219487190247,0.9789934156346135,,,,,,
13.959999999980804,147.92895348047696,32.66273903651797,116.81396211513203,79.88924135472057,119.0,82.04894348371027,22.97103629157652,0.0,22.398995868879044,0.8863228321075439,0.9532981395721436,0.9782814383506775,0.8625742197036743,0.8771478801965714,0.979052746098023,,,,,,
13.979999999980757,148.00265743487168,32.67392737757703,116.82405512931943,79.88345829339346,119.0,82.03992037094817,22.980121072624943,0.0,22.404894808870292,0.8859813809394836,0.9533288598060607,0.9782068848609924,0.8622427821159363,0.8766841381788254,0.9790994999813847,,,,,,
13.99999999998071,148.07902978294823,32.68629227471128,116.8337453127881,79.87593477142686,119.0,82.03179908941706,22.990159677241188,0.0,22.410204168696225,0.8856676936149598,0.9533418893814087,0.9781205892562866,0.8619415819644929,0.8762517839670182,0.9791363952565006,,,,,,
14.019999999980664,148.15846381860385,32.69993316447343,116.84301374936231,79.86666666766972,119.0,82.02458726767728,23.001157794185822,0.0,22.414918961117884,0.8854292094707489,0.9533332228660584,0.9780332565307617,0.8617162764072419,0.8759166680276395,0.9791571019100956,,,,,,
14.039999999980617,148.24128103032427,32.71486757908838,116.85187341781982,79.85576778725427,119.0,82.01829168000654,23.013064317377307,0.0,22.41903475739112,0.8852627873420715,0.9533168554306031,0.9779601097106934,0.8615610599517822,0.8756846874952317,0.9791674731182866,,,,,,
14.05999999998057,148.32771587465933,32.73104079767845,116.86039147228422,79.84339115192451,119.0,81.0,23.02576868989133,0.0,23.084751974089208,0.8850401341915131,0.9533101558685303,0.9778795719146729,0.8613509178161621,0.8650411061942578,0.9791873572277836,,,,,,
14.079999999980524,148.4179250861222,32.748347186187196,116.86867440907398,79.82973903368791,119.0,81.0,23.039119755152583,0.0,23.084751974089208,0.884872454404831,0.9532859802246094,0.9777963876724243,0.8611962258815766,0.8749697618186474,0.9791947958874516,,,,,,
14.099999999980477,148.51199695400692,32.76663288637664,116.8768077946886,79.81515815512434,119.0,81.0,23.052953058835485,0.0,23.084751974089208,0.8846936106681824,0.9532709717750549,0.9777199745178222,0.8610294699668884,0.8747062616050244,0.9792069790768437,,,,,,
14.11999999998043,148.60995140209516,32.78569994502771,116.88485144247785,79.80004865491183,119.0,81.0,23.06709376247712,0.0,23.084751974089208,0.8845234334468842,0.9532485246658325,0.9776374340057373,0.8608723878860474,0.8744461171329022,0.9792153594898991,,,,,,
14.139999999980384,148.71172626281253,32.80531256826124,116.892874837333,79.78477820616679,119.0,81.0,23.08134730817205,0.0,23.084751974089208,0.8844244122505188,0.9532347917556763,0.9775884628295899,0.8607811808586121,0.8742974422872067,0.9792199728894048,,,,,,
14.159999999980338,148.81717400231736,32.82521421093971,116.90098072205679,79.76966727946467,119.0,81.0,23.09550452685579,0.0,23.084751974089208,0.8843802273273468,0.9531958103179932,0.9775278925895691,0.8607463121414185,0.8742038488388062,0.9792091010021977,,,,,,
14.179999999980291,148.92609185609206,32.84515042233135,116.90927018685622,79.75502417571059,119.0,81.0,23.109367086103067,0.0,23.084751974089208,0.8843528389930725,0.9531645536422729,0.9774819374084472,0.8607259511947633,0.8741395168006421,0.9791996000218205,,,,,,
14.199999999980244,149.03823056733722,32.86487648441743,116.91781861940977,79.7412095073498,119.0,81.0,23.122770497442986,0.0,23.084751974089208,0.8842571377754211,0.9531634330749512,0.9774486780166626,0.8606357097625733,0.873998336493969,0.9792088506626897,,,,,,
14.219999999980198,149.1533106578097,32.884171923984304,116.92668834805608,79.72851479807395,119.0,81.0,23.135584668906496,0.0,23.084751974089208,0.8842170655727387,0.953152060508728,0.9774218559265136,0.8605998635292054,0.8739271804690362,0.9792084334301763,,,,,,
14.239999999980151,149.27103090897236,32.90284672613852,116.93593832488972,79.71714610650535,119.0,81.0,23.14771157292084,0.0,23.084751974089208,0.8841729104518891,0.9531466722488403,0.9774007081985474,0.8605591118335725,0.8738524466753006,0.9792107937741094,,,,,,
14.259999999980105,149.39105425956132,32.920745114446255,116.94565484239382,79.70727977612916,119.0,81.0,23.15908871512152,0.0,23.084751974089208,0.8841185688972474,0.9531411767005921,0.9773760318756104,0.8605087757110597,0.8737601436674596,0.9792141435551457,,,,,,
14.279999999980058,149.51300792155322,32.937736789695144,116.9559286671152,79.69909753351838,119.0,81.0,23.16969044504437,0.0,23.084751974089208,0.8840678989887237,0.9531383037567138,0.9773556590080261,0.8604614555835725,0.8736738234758378,0.9792181489872747,,,,,,
14.299999999980011,149.63649780193367,32.95372881340174,116.96686794126752,79.69267481079292,119.0,81.0,23.179520264247092,0.0,23.084751974089208,0.884166157245636,0.9531069874763489,0.977351450920105,0.8605597376823426,0.8737812653183937,0.9791958806919865,,,,,,
14.319999999979965,149.7611296085878,32.96870569788528,116.97859222422382,79.68798503820885,119.0,81.0,23.188616018696713,0.0,23.084751974089208,0.8842595040798188,0.9530754208564758,0.97734534740448,0.8606534838676453,0.873880048841238,0.9791740057873539,,,,,,
14.339999999979918,149.88653149716075,32.98261583380148,116.99120554395536,79.68504273849847,119.0,81.0,23.197062571760032,0.0,23.084751974089208,0.8843480527400971,0.9530435800552368,0.9773372769355774,0.8607427954673768,0.8739713527262212,0.97915248851059,,,,,,
14.359999999979872,150.01237364835956,32.995434813739145,117.00479256979686,79.6838202016604,119.0,81.0,23.204981829331164,0.0,23.084751974089208,0.8844313621520996,0.9530113697052002,0.9773270487785339,0.8608272612094879,0.8740542076528073,0.9791313527035527,,,,,,
14.379999999979825,150.13834081285108,33.007214400485644,117.01941715536857,79.68418649101639,119.0,81.0,23.212513680227037,0.0,23.084751974089208,0.8845093965530396,0.9529787302017212,0.97731454372406,0.860906857252121,0.8741286277770997,0.979110574524384,,,,,,
14.399999999979778,150.26413814256495,33.01802325701317,117.03512816694226,79.68597635238996,119.0,81.0,23.21980582563848,0.0,23.084751974089208,0.8845819771289826,0.9529456496238708,0.977299690246582,0.8609814047813416,0.8741955474019051,0.9790901658940129,,,,,,
14.419999999979732,150.38946098696124,33.02792469260983,117.05197712784475,79.68908120751408,119.0,81.0,23.227004108755235,0.0,23.084751974089208,0.8846493244171143,0.9529121160507202,0.9772825479507447,0.8610511064529419,0.8742556177079678,0.9790701029705815,,,,,,
14.439999999979685,150.51400303172193,33.03697386941124,117.07001709335222,79.69334453114936,119.0,81.0,23.23423630358152,0.0,23.084751974089208,0.8847114145755768,0.9528782367706299,0.9772632360458374,0.8611159086227418,0.8743082202970982,0.9790504334378056,,,,,,
14.459999999979638,150.63747184323628,33.04522012606482,117.08928454765127,79.6985736469995,119.0,81.0,23.241609395269766,0.0,23.084751974089208,0.8847687125205994,0.9528439998626709,0.9772418856620788,0.8611762762069702,0.8743546888232232,0.9790310976910405,,,,,,
14.479999999979592,150.7596003018459,33.052708990675264,117.1097774655999,79.70459668367086,119.0,81.0,23.249217552923714,0.0,23.084751974089208,0.8848213732242585,0.9528096199035645,0.9772188186645507,0.8612322688102723,0.8743958473205566,0.9790121672558598,,,,,,
14.499999999979545,150.88015440892121,33.059484242931404,117.13144862455304,79.7112558801145,119.0,81.0,23.257144174946426,0.0,23.084751974089208,0.8848699510097504,0.9527751684188843,0.9771942853927612,0.8612844288349152,0.874432248622179,0.9789936182904058,,,,,,
14.519999999979499,150.99893775029804,33.065591159422645,117.15421263408693,79.71837367436723,119.0,81.0,23.265456550784606,0.0,23.084751974089208,0.8849151551723481,0.9527407169342041,0.9771686315536499,0.8613334059715272,0.8744651384651662,0.9789754269528202,,,,,,
14.539999999979452,151.1157922239333,33.07108873344286,117.1779538501224,79.72575258213323,119.0,81.0,23.274202091786083,0.0,23.084751974089208,0.8849572658538819,0.9527065873146057,0.9771422863006591,0.8613793969154359,0.8744953289628029,0.9789576647686772,,,,,,
14.559999999979405,151.23058795942075,33.07604158399319,117.20253112050915,79.73319983530564,119.0,81.0,23.283409215958205,0.0,23.084751974089208,0.8849970698356628,0.9526727795600891,0.977115535736084,0.8614231586456299,0.8745242819190026,0.9789402363705448,,,,,,
14.579999999979359,151.34326427818786,33.08034879808495,117.22778356301434,79.74054132878892,119.0,81.0,23.29308915130368,0.0,23.084751974089208,0.885035115480423,0.9526394724845886,0.9770887851715088,0.8614651620388032,0.8745529346168042,0.9789232013630681,,,,,,
14.599999999979312,151.45381670703142,33.084044860312346,117.25353929187645,79.74762056498007,119.0,81.0,23.30323637086515,0.0,23.084751974089208,0.8850722551345825,0.9526067852973938,0.977062463760376,0.86150621175766,0.8745825819671155,0.978906500141602,,,,,,
14.619999999979266,151.56224840930156,33.08716053774156,117.27962433170856,79.7542992645265,119.0,81.0,23.313829078552075,0.0,23.084751974089208,0.8851089715957642,0.9525748014450073,0.9770368337631226,0.8615467429161072,0.8746138155460358,0.9788900969433598,,,,,,
14.639999999979219,151.6685832754971,33.08972486543998,117.30586965574943,79.76046420406065,119.0,81.0,23.324831109574752,0.0,23.084751974089208,0.88514603972435,0.9525435566902161,0.9770121693611145,0.8615874767303467,0.8746477030217648,0.9788739560055546,,,,,,
14.659999999979172,151.77286537085442,33.0917657600859,117.3321167475747,79.76603276888592,119.0,81.0,23.336194718546157,0.0,23.084751974089208,0.8851837635040284,0.9525131225585938,0.976988697052002,0.8616287112236023,0.8746846660971642,0.9788580654072575,,,,,,
14.679999999979126,151.8751548422798,33.093310195906085,117.35822235489323,79.7709534855561,119.0,81.0,23.347863300288804,0.0,23.084751974089208,0.8852227985858917,0.9524834394454956,0.9769665479660035,0.8616710662841798,0.8747252255678177,0.9788423297810368,,,,,,
14.69999999997908,151.97552307222114,33.09438430604835,117.38406247748622,79.77520350024066,119.0,81.0,23.35977388892189,0.0,23.084751974089208,0.8852637052536011,0.9524544239044189,0.9769458293914794,0.8617150902748109,0.8747697561979294,0.9788266656803899,,,,,,
14.719999999979033,152.07404788489129,33.09501345915681,117.4095349991141,79.778786845644,119.0,81.0,23.371859782399948,0.0,23.084751974089208,0.8853065490722657,0.9524260759353638,0.976926589012146,0.8617608547210693,0.8748182781040669,0.9788110611843877,,,,,,
14.739999999978986,152.17080920361892,33.095222313146365,117.43456075890182,79.78173262381544,119.0,81.0,23.384053266289943,0.0,23.084751974089208,0.8853516101837159,0.9523983120918273,0.9769087553024292,0.8618086338043214,0.8748707167804242,0.9787954447674565,,,,,,
14.75999999997894,152.26588525941816,33.09503485014033,117.45908353798167,79.7840914645834,119.0,81.0,23.396288103180424,0.0,23.084751974089208,0.8853990435600281,0.9523710489273072,0.9768923401832581,0.8618585944175721,0.8749270915985108,0.9787797806668095,,,,,,
14.779999999978893,152.35934948490106,33.094474406583224,117.4830691856139,79.78593078119874,119.0,81.0,23.408501629790916,0.0,23.084751974089208,0.8854488730430603,0.9523441314697265,0.9768771529197693,0.8619107842445374,0.8749869965016842,0.978764021198731,,,,,,
14.799999999978846,152.45126804562938,33.09356363942618,117.50650387991352,79.78733024476936,119.0,81.0,23.420636494391555,0.0,23.084751974089208,0.8855009913444519,0.9523175001144409,0.9768630981445312,0.8619651317596436,0.87504997625947,0.9787481067585759,,,,,,
14.8199999999788,152.5416980205416,33.09232444842139,117.5293917329702,79.78837730297327,119.0,81.0,23.432642014195178,0.0,23.084751974089208,0.8855552852153779,0.9522910475730896,0.9768499732017517,0.86202152967453,0.8751158826053143,0.9787320492672734,,,,,,
14.839999999978753,152.6306862973163,33.09077791647584,117.55175191665995,79.78916261145054,119.0,81.0,23.444475123851216,0.0,23.084751974089208,0.8856115639209747,0.9522646903991699,0.9768376469612121,0.8620798230171204,0.8751839682459832,0.9787158248829655,,,,,,
14.859999999978706,152.7182690792947,33.088944238466276,117.57361543528806,79.78977597649498,119.0,81.0,23.456100933281753,0.0,23.084751974089208,0.8856695652008056,0.9522383093833924,0.9768259048461914,0.8621397793293,0.8752537913620473,0.9786993978428654,,,,,,
14.87999999997866,152.80447191566714,33.0868426378031,117.59502185916843,79.79030270714257,119.0,81.0,23.46749289968431,0.0,23.084751974089208,0.8857289731502533,0.952211880683899,0.976814579963684,0.8622011065483094,0.875324846059084,0.9786828039097599,,,,,,
14.899999999978613,152.88931022143322,33.08449126123917,117.61601601296162,79.79082060131584,119.0,81.0,23.478632645054795,0.0,23.084751974089208,0.8857895314693451,0.9521853685379028,0.9768035292625428,0.8622635781764985,0.8753967985510827,0.9786660430836491,,,,,,
14.919999999978566,152.9727901909163,33.08190709647778,117.63664490370135,79.79139753153532,119.0,81.0,23.489509451779075,0.0,23.084751974089208,0.8858508467674255,0.9521587133407593,0.9767925977706909,0.8623268127441407,0.8754690639674664,0.9786491511273198,,,,,,
14.93999999997852,153.0549100075922,33.07910591456174,117.65695492502624,79.79208958421435,119.0,81.0,23.500119503414187,0.0,23.084751974089208,0.8859124898910523,0.9521319150924683,0.9767816066741943,0.862390410900116,0.8755408428609371,0.9786321757244878,,,,,,
14.959999999978473,153.1356612510388,33.076102229989296,117.67698946243462,79.79294018432589,119.0,81.0,23.510464961560423,0.0,23.084751974089208,0.8859743118286133,0.9521049976348877,0.9767705082893372,0.8624542117118836,0.8756123170256616,0.9786151049542241,,,,,,
14.979999999978427,153.2150304342161,33.07290927282397,117.69678690424543,79.79397987880488,119.0,81.0,23.52055291798474,0.0,23.084751974089208,0.8860357999801636,0.9520779848098755,0.9767592191696167,0.8625177502632142,0.8756828375160695,0.9785980222630315,,,,,,
14.99999999997838,153.29300057960702,33.06953901872243,117.7163791768284,79.79522641403742,119.0,81.0,23.53039425738874,0.0,23.084751974089208,0.8860967218875885,0.9520509362220764,0.9767476677894592,0.8625807702541352,0.8757519759237766,0.9785809872555546,,,,,,
15.019999999978333,153.36955274527193,33.06600225704836,117.73579078537942,79.79668551321475,119.0,81.0,23.540002520372386,0.0,23.084751974089208,0.8861568093299866,0.9520238876342774,0.9767358541488648,0.8626430153846741,0.8758198536932469,0.9785640356945805,,,,,,
15.039999999978287,153.44466747578124,33.06230868348571,117.75503826850714,79.79835209844533,119.0,81.0,23.54939282800817,0.0,23.084751974089208,0.8862158179283143,0.951996922492981,0.9767237782478333,0.8627042412757874,0.8758860044181347,0.9785472152638249,,,,,,
15.05999999997824,153.5183261151942,33.05846703441831,117.77413003753541,79.80021183060636,119.0,81.0,23.558580895383542,0.0,23.084751974089208,0.8862736940383912,0.9519700884819031,0.9767114639282226,0.8627643644809724,0.8759505309164525,0.9785305617260747,,,,,,
15.079999999978194,153.59051185869922,33.054485259853905,117.79306671954853,79.80224287718302,119.0,81.0,23.56758214190149,0.0,23.084751974089208,0.8863301873207092,0.9519434690475463,0.9766989469528198,0.8628231644630433,0.8760134719312191,0.9785141108441167,,,,,,
15.099999999978147,153.66121054406665,33.050370751113675,117.81184184220126,79.80441752854016,119.0,81.0,23.57641092792647,0.0,23.084751974089208,0.8863852858543396,0.9519171476364136,0.9766863107681274,0.8628805875778198,0.8760745570063592,0.9784979460644536,,,,,,
15.1199999999781,153.73041096409708,33.04613064811532,117.83044271517997,79.80670409539924,119.0,81.0,23.585079981370434,0.0,23.084751974089208,0.8864389657974243,0.9518911361694335,0.9766735672950745,0.8629366159439087,0.8761342391371727,0.9784820435452275,,,,,,
15.139999999978054,153.79810403609844,33.04177231650344,117.84885152010065,79.80906888420424,119.0,81.0,23.593600008535663,0.0,23.084751974089208,0.8864909589290619,0.951865553855896,0.9766607761383057,0.8629909634590149,0.8761920735239983,0.9784664628910832,,,,,,
15.159999999978007,153.86427572220626,33.03730468549303,117.86704655252238,79.8114778575029,119.0,81.0,23.601979444369807,0.0,23.084751974089208,0.8865415811538696,0.9518404722213745,0.9766480922698975,0.8630439341068268,0.8762485139071942,0.9784512279438786,,,,,,
15.17999999997796,153.92891642503585,33.03274191835208,117.88500351330653,79.81389806267609,119.0,81.0,23.610224330931228,0.0,23.084751974089208,0.8865907490253448,0.951815915107727,0.9766355514526367,0.8630954265594483,0.8763036355376244,0.9784363506245427,,,,,,
15.199999999977914,153.9921617209969,33.028074755546655,117.90269680626929,79.81629881142166,119.0,81.0,23.61833832666269,0.0,23.084751974089208,0.8866385459899903,0.9517918586730957,0.9766231417655945,0.8631455302238464,0.8763575412333012,0.9784218070912175,,,,,,
15.219999999977867,154.05396488896085,33.0233023057391,117.92010096714299,79.81865270718801,119.0,81.0,23.626322859653946,0.0,23.084751974089208,0.8866850554943085,0.951768445968628,0.976611065864563,0.8631942987442017,0.8764103353023529,0.9784076450276189,,,,,,
15.23999999997782,154.11432851860684,33.01842972080835,117.93719176663909,79.8209367786344,119.0,81.0,23.634177419294314,0.0,23.084751974089208,0.8867303788661957,0.951745581626892,0.9765992403030396,0.863241845369339,0.876462272554636,0.9783938286709599,,,,,,
15.259999999977774,154.17327015374747,33.01346403063971,117.95394710659093,79.82313281685212,119.0,81.0,23.641899889326524,0.0,23.084751974089208,0.8867745757102966,0.9517233490943908,0.9765877723693848,0.8632882118225098,0.8765131682157516,0.9783803699421696,,,,,,
15.279999999977727,154.2308131566537,33.0084131323921,117.97034786281533,79.82522739683787,119.0,81.0,23.649486899939212,0.0,23.084751974089208,0.8868176937103271,0.9517017364501953,0.9765766859054565,0.8633334398269654,0.8765633411705495,0.978367268841248,,,,,,
15.29999999997768,154.28698395831339,33.00328552904103,117.98637842564558,79.82721195034709,119.0,81.0,23.656934220552046,0.0,23.084751974089208,0.8868600010871888,0.9516807079315186,0.9765660405158997,0.8633778095245361,0.8766130417585374,0.9783544896054082,,,,,,
15.319999999977634,154.34181091292487,32.998090223743205,118.00202699082625,79.82908259563871,119.0,81.0,23.66423714750282,0.0,23.084751974089208,0.8869013965129853,0.9516602754592896,0.9765557765960693,0.8634212017059326,0.8766619227826595,0.9783420203137212,,,,,,
15.339999999977588,154.39532353145947,32.99283668623003,118.01728584383987,79.83083952644444,119.0,81.0,23.671390850972678,0.0,23.084751974089208,0.8869421124458313,0.9516403675079346,0.9765459060668945,0.863463854789734,0.8767103098332882,0.978329849045258,,,,,,
15.359999999977541,154.44755185957376,32.987534774095764,118.03215128514185,79.83248661017544,119.0,81.0,23.678390710839146,0.0,23.084751974089208,0.8869821190834045,0.9516209840774537,0.9765364408493042,0.863505744934082,0.8767583005130292,0.9783179400372319,,,,,,
15.379999999977494,154.49852591313552,32.98219467708825,118.04662347514457,79.83403072783905,119.0,81.0,23.685232606896637,0.0,23.084751974089208,0.8870213627815247,0.9516021251678467,0.9765273332595825,0.8635468184947968,0.876805491745472,0.9783063290524296,,,,,,
15.399999999977448,154.5482751437866,32.97682686145849,118.06070617036801,79.83548107922226,119.0,81.0,23.691913155781563,0.0,23.084751974089208,0.8870601773262025,0.9515836954116821,0.9765185832977294,0.8635874152183534,0.876852460205555,0.9782949326443486,,,,,,
15.419999999977401,154.5968278720623,32.9714420170226,118.07440635661813,79.83684861441131,119.0,81.0,23.698429896593808,0.0,23.084751974089208,0.8870983242988587,0.9515657186508178,0.9765101671218872,0.8636272907257081,0.8768987216055394,0.9782837746548466,,,,,,
15.439999999977355,154.6442106700321,32.96605106428984,118.08773370928265,79.83814533480795,119.0,81.0,23.70478140630298,0.0,23.084751974089208,0.8871358633041382,0.9515481472015381,0.9765020132064819,0.8636665284633637,0.8769443877041341,0.9782728431629948,,,,,,
15.459999999977308,154.69044727348583,32.96066529194556,118.10070003687764,79.83938357913094,119.0,81.0,23.710967341956042,0.0,23.084751974089208,0.8871729135513305,0.951530933380127,0.9764941215515137,0.8637052416801453,0.8769895106554032,0.9782621024060063,,,,,,
15.479999999977261,154.73555525056048,32.95529702420685,118.1133187262771,79.84057542410594,119.0,81.0,23.716988428591694,0.0,23.084751974089208,0.8872073888778687,0.9515124201774597,0.9764781594276428,0.8637406468391419,0.8770298376679421,0.9782511828350835,,,,,,
15.499999999977215,154.77951436017207,32.94996471114744,118.12560412556739,79.84173215243955,119.0,81.0,23.722846413974285,0.0,23.084751974089208,0.8872345924377442,0.9514878988265991,0.9764310836791992,0.8637661397457124,0.877055323123932,0.9782389281201176,,,,,,
15.519999999977168,154.82247024851688,32.944673275835136,118.1375709432762,79.8428640596217,119.0,81.0,23.72854398750855,0.0,23.084751974089208,0.8872620344161988,0.9514646172523499,0.9763872146606445,0.863791960477829,0.8770819522440434,0.9782271025585942,,,,,,
15.539999999977121,154.86443088024131,32.93941406288365,118.1492338675625,79.84397994387875,119.0,81.0,23.7340846365316,0.0,23.084751974089208,0.8872889280319214,0.9514416694641114,0.976343822479248,0.8638172686100006,0.8771080523729324,0.978215467731934,,,,,,
15.559999999977075,154.9053869754221,32.934190753480536,118.16060727055293,79.84508697879014,119.0,81.0,23.73947250330373,0.0,23.084751974089208,0.8873152256011964,0.9514191627502442,0.9763012409210206,0.8638420104980469,0.8771334864199162,0.978204059402924,,,,,,
15.579999999977028,154.94534960663955,32.92901019409007,118.1717015092134,79.84619114252672,119.0,81.0,23.74471222360115,0.0,23.084751974089208,0.8873408913612366,0.9513970613479614,0.9762592315673828,0.8638661503791809,0.8771582141518594,0.9781928894924932,,,,,,
15.599999999976982,154.98433963707546,32.92387863281059,118.18250041859336,79.84729470302759,119.0,81.0,23.749807797741727,0.0,23.084751974089208,0.8873660683631898,0.9513753652572632,0.9762179374694824,0.8638898372650147,0.8771824680268765,0.9781818983959966,,,,,,
15.619999999976935,155.02239126499495,32.91879945137928,118.19293160852983,79.84837489462728,119.0,81.0,23.754757374204154,0.0,23.084751974089208,0.887390524148941,0.951354193687439,0.9761775493621826,0.8639128386974335,0.8772060856223107,0.9781711934017949,,,,,,
15.639999999976888,155.05954759461824,32.91377774146883,118.20289712042917,79.84936122839065,119.0,81.0,23.75954588534259,0.0,23.084751974089208,0.8874143183231354,0.9513335824012756,0.9761381626129151,0.8639352202415467,0.8772294804453851,0.9781607745098881,,,,,,
15.659999999976842,155.09585384205738,32.90884969746876,118.21229649741602,79.85017111258144,119.0,81.0,23.764145839729792,0.0,23.084751974089208,0.8874376356601715,0.9513137578964234,0.9761005163192749,0.863957178592682,0.8772534400224686,0.97815071324585,,,,,,
15.679999999976795,155.1313494675787,32.9039394651213,118.22103578808138,79.85075216929825,119.0,81.0,23.76852430466376,0.0,23.084751974089208,0.8874604165554046,0.9512949705123901,0.976065194606781,0.8639786839485168,0.8772782407701016,0.9781410811352543,,,,,,
15.699999999976749,155.16611804171671,32.89900306438049,118.2290345152913,79.85108554621046,119.0,81.0,23.772647691146137,0.0,23.084751974089208,0.887482738494873,0.9512774705886841,0.9760328769683838,0.8639998316764832,0.8773041538894177,0.9781319973873905,,,,,,
15.719999999976702,155.20022319808757,32.89403691942607,118.23623298740853,79.85117014176215,119.0,81.0,23.77648289518052,0.0,23.084751974089208,0.8875046789646149,0.9512614488601685,0.97600417137146,0.8640207171440125,0.8773309312760831,0.9781235096859746,,,,,,
15.739999999976655,155.2337157403251,32.88903736213396,118.24259619075703,79.85101719932541,119.0,81.0,23.779998377010948,0.0,23.084751974089208,0.8875262260437012,0.9512470006942749,0.9759793043136596,0.8640413165092469,0.8773582994937897,0.9781156776356511,,,,,,
15.759999999976609,155.26663913668193,32.884001919636184,118.24811349933177,79.85065477306128,119.0,81.0,23.783166638839553,0.0,23.084751974089208,0.8875472903251648,0.9512341260910034,0.9759582638740539,0.8640615701675416,0.8773863904178143,0.9781084893154912,,,,,,
15.779999999976562,155.29903041127787,32.87892990820723,118.25279758409648,79.85012748593954,119.0,81.0,23.78596657919954,0.0,23.084751974089208,0.887567788362503,0.951222825050354,0.9759409189224243,0.864081358909607,0.8774146430194378,0.9781019566464237,,,,,,
15.799999999976515,155.33091993714066,32.87382284142377,118.25668371471114,79.84949013574311,119.0,81.0,23.78838473561823,0.0,23.084751974089208,0.8909558296203614,0.9495736598968506,0.9735939264297485,0.8674021065235138,0.881195878982544,0.9770953772473149,,,,,,
15.819999999976469,155.36233105236258,32.8686847682101,118.25982882039615,79.84880221388626,119.0,81.0,23.79041597971967,0.0,23.084751974089208,0.8925920367240906,0.9470834732055664,0.9708156704902648,0.8704780578613281,0.8849132873117924,0.9751024840283208,,,,,,
15.839999999976422,155.39327979014953,32.863522511486835,118.26230948536052,79.84812602041983,119.0,81.0,23.792064278790487,0.0,23.084751974089208,0.8932172179222108,0.9444063782691956,0.9677970170974731,0.8730184793472291,0.8880160339176655,0.9727722285198979,,,,,,
15.859999999976376,155.42377490698533,32.85834575734593,118.26421875573135,79.84752501340026,119.0,81.0,23.79334330770998,0.0,23.084751974089208,0.8942139029502869,0.9420525312423706,0.9656266927719116,0.87584468126297,0.8916986286640167,0.9705000517773442,,,,,,
15.879999999976329,155.45381826988427,32.85316696318917,118.2656622640954,79.84706037915612,119.0,81.0,23.794276454289573,0.0,23.084751974089208,0.8953277111053467,0.9400340914726257,0.9642200946807862,0.87868891954422,0.895606616139412,0.9683742640423588,,,,,,
15.899999999976282,155.48331890103847,32.8463066330855,118.26614360989971,79.86880804381813,119.0,81.0,23.7945950913087,0.0,23.084751974089208,0.8963721930980683,0.9382732629776,0.9631697773933411,0.8813117265701295,0.8992824397981167,0.9664183614659123,,,,,,
15.919999999976236,155.51190241101506,32.82963494275476,118.2666822609704,79.96191679928542,119.0,81.0,23.78899593801591,0.0,23.084751974089208,0.8972206115722656,0.9366636753082276,0.9620866537094116,0.8835733711719513,0.902207899838686,0.9646066544461064,,,,,,
15.93999999997619,155.53941167764523,32.790294338476066,118.27596427576304,80.12036999428659,119.0,81.0,23.76099619844618,0.0,23.084751974089208,0.8983376145362855,0.9356279134750366,0.9621795892715455,0.8857973098754883,0.904673907160759,0.9631435749935917,,,,,,
15.959999999976143,155.56602831424354,32.71626642977881,118.30091226472572,80.294989165615,119.0,81.0,23.69133227328222,0.0,23.084751974089208,0.8987864375114442,0.9344484448432923,0.9619386434555054,0.8874350309371949,0.9062883257865906,0.9607922909664921,,,,,,
15.979999999976096,155.59190851090452,32.599768471619846,118.33182943389828,80.47612196949478,119.0,81.0,23.574270801380912,0.0,23.084751974089208,0.899160236120224,0.9330896258354187,0.9615548133850098,0.8892080783843994,0.90855348482728,0.9580730913090519,,,,,,
15.99999999997605,155.6167717987478,32.43821551856032,118.34504949205584,80.69218512275738,119.0,81.0,23.419695281583756,0.0,23.084751974089208,0.9002750158309937,0.93286612033844,0.9630417704582215,0.8910574316978455,0.9112709350883961,0.9567929623532109,,,,,,
16.019999999976005,155.63987333430623,32.23302333674476,118.31991593731459,80.94620591026238,119.0,81.0,23.240417398909827,0.0,23.084751974089208,0.901693332195282,0.9333606958389282,0.9653936862945557,0.8927371144294739,0.9136089608073235,0.9566098807263188,,,,,,
16.039999999975958,155.66000627833313,31.98863256850373,118.24892256075071,81.2016362135174,119.0,81.0,23.04290709627026,0.0,23.084751974089208,0.9028164863586426,0.9345828056335449,0.9678309917449951,0.8934422433376312,0.9147383764386178,0.9580644724774174,,,,,,
16.05999999997591,155.6763546836803,31.71122288398223,118.13439860922931,81.44937548059832,119.0,81.0,22.82949318161449,0.0,23.084751974089208,0.9039122939109803,0.9360127091407776,0.9702263832092285,0.8939098119735718,0.9179764583706856,0.9619606621563435,,,,,,
16.079999999975865,155.68737180145087,31.40323909878701,117.986284243505,81.74034441870052,119.0,87.0,22.598484977851196,0.0,19.16219876206368,0.9051380872726441,0.937247371673584,0.9725320219993592,0.8947472393512726,0.9769314169883728,0.961103367805481,,,,,,
16.099999999975818,155.6913343804441,31.06715076996465,117.82741905620401,82.031946633304,119.0,87.0,22.3386402838314,0.0,19.16219876206368,0.9064300060272217,0.9391412138938904,0.9751278519630432,0.8950767636299134,0.919669545441866,0.9637356119346805,,,,,,
16.11999999997577,155.68587454647664,30.714396822287146,117.67398007929742,82.22077018113812,119.0,87.0,22.04556056246528,0.0,19.16219876206368,0.9073069572448731,0.9405775547027588,0.97714262008667,0.8952133595943451,0.9203932181000709,0.965107973117847,,,,,,
16.139999999975725,155.66781238351814,30.35870329222233,117.50968859659977,82.37062130760887,119.0,87.0,21.743635488594624,0.0,19.16219876206368,0.9080572009086609,0.9417806029319763,0.9783479452133179,0.8951895296573639,0.9219465032219887,0.9661879615974612,,,,,,
16.15999999997568,155.6339043481717,30.009502368073665,117.31707206022216,82.60375161931519,119.0,87.0,21.46307467720105,0.0,19.16219876206368,0.9082373261451722,0.9426834344863891,0.9786851406097412,0.8944886803627015,0.9216984048485756,0.9671675520134159,,,,,,
16.17999999997563,155.5804618134312,29.68146351238355,117.1177937126765,82.80855940664462,119.0,87.0,21.206371276402713,0.0,19.16219876206368,0.9083627223968506,0.9439469695091247,0.9791124820709228,0.8933208048343658,0.9196497984230518,0.9685510473442264,,,,,,
16.199999999975585,155.50609364383172,29.395831008377034,116.9394374721745,82.95869083265936,119.0,87.0,20.969021671456247,0.0,19.16219876206368,0.9083681821823121,0.9449315428733825,0.9794142484664917,0.8922735095024109,0.9187548890709877,0.9696339445305057,,,,,,
16.21999999997554,155.4083685778355,29.15583598590549,116.79537057748176,83.0952407651053,119.0,87.0,20.754374580383615,0.0,19.16219876206368,0.908336067199707,0.9452924013137818,0.9795138120651246,0.8918406724929809,0.9187819503247738,0.9700351672363468,,,,,,
16.239999999975492,155.28524369664987,28.96145818073044,116.69174544876012,83.22776872155642,119.0,87.0,20.5680172946204,0.0,19.16219876206368,0.9080880641937256,0.9457344889640809,0.9795694351196289,0.8910249173641205,0.9178005263209343,0.9705776052665896,,,,,,
16.259999999975445,155.1359685736067,28.81179866905299,116.6297435265813,83.36434737168457,119.0,87.0,20.415284980302495,0.0,19.16219876206368,0.9077418804168701,0.9459309339523315,0.9795191764831543,0.8903416991233826,0.9167896628379822,0.9708780842018314,,,,,,
16.2799999999754,154.9610894496105,28.705061387280182,116.60856022193104,83.49515506439442,119.0,87.0,20.298794859336102,0.0,19.16219876206368,0.9074003100395203,0.9459503173828125,0.9794159412384034,0.8898575484752655,0.9159210093319416,0.9709871964645572,,,,,,
16.299999999975352,154.7621804330879,28.639335821953694,116.62452085076208,83.60528639307901,119.0,87.0,20.219839637145554,0.0,19.16219876206368,0.9069860458374024,0.9457490801811218,0.9792205810546875,0.8895145058631897,0.9152497924864292,0.9708802299690433,,,,,,
16.319999999975305,154.54158404147577,28.612131770178475,116.66927145645593,83.69354505470668,119.0,87.0,20.180521705806125,0.0,19.16219876206368,0.9061304807662964,0.945925521850586,0.9789982557296752,0.8881685733795166,0.9132494539022445,0.9712875204277225,,,,,,
16.33999999997526,154.30224769472576,28.620014944146483,116.73334659500469,83.76078860021671,119.0,87.0,20.18205375341624,0.0,19.16219876206368,0.905360746383667,0.9458272695541382,0.9788619160652161,0.8874274730682373,0.9120908640325069,0.9712795691681094,,,,,,
16.359999999975212,154.0475008290903,28.65890370389223,116.8101413985452,83.7962901658808,119.0,87.0,20.222553563282045,0.0,19.16219876206368,0.9046566247940063,0.945683228969574,0.9787233591079711,0.8868143618106842,0.9111186325550079,0.9712125854683109,,,,,,
16.379999999975166,153.78099761545414,28.72384284697574,116.89435259482701,83.79115489999178,119.0,87.0,20.298332322101146,0.0,19.16219876206368,0.9040408372879029,0.9454894065856934,0.9785702586174011,0.8863392412662506,0.9104712881147862,0.9710892992210575,,,,,,
16.39999999997512,153.5064910625239,28.810189317546563,116.98005992018359,83.74681900781592,119.0,87.0,20.405653814992966,0.0,19.16219876206368,0.9035670757293701,0.9453191518783569,0.9784421682357788,0.8859927356243134,0.9101645179092884,0.9709741907310672,,,,,,
16.419999999975072,153.2276394935594,28.913607117353912,117.06205557637782,83.66643227926514,119.0,87.0,20.540275006191802,0.0,19.16219876206368,0.9031959891319276,0.9450750112533569,0.9780986309051514,0.8857477843761444,0.9100366495549679,0.9708075361442752,,,,,,
16.439999999975026,152.94803729157653,29.029065256645147,117.13717157141758,83.54813311980587,119.0,87.0,20.69685379364692,0.0,19.16219876206368,0.9031556129455567,0.9447576999664307,0.9777233600616455,0.8859025835990906,0.910556873679161,0.9705410795402714,,,,,,
16.45999999997498,152.671064514824,29.15176028072615,117.20322748490045,83.39473801455678,119.0,87.0,20.869864429870393,0.0,19.16219876206368,0.9031185388565064,0.9445045948028564,0.9774181485176087,0.8860196828842163,0.9110670298337936,0.9703286485862919,,,,,,
16.479999999974932,152.39974749675054,29.276616688630153,117.25868834123582,83.21360537704702,119.0,87.0,21.053998813873584,0.0,19.16219876206368,0.9032714247703553,0.9442913651466369,0.9772643566131591,0.8863416910171509,0.9119165435433388,0.9701172070694156,,,,,,
16.499999999974886,152.137104528172,29.396868882561336,117.30332151478244,83.01176414526044,119.0,87.0,21.243746654663433,0.0,19.16219876206368,0.9036034941673279,0.9441183805465698,0.9772586822509766,0.8868560433387757,0.9130369126796722,0.9699087219429202,,,,,,
16.51999999997484,151.88533265359658,29.507035746677488,117.33806760127565,82.79538564026998,119.0,87.0,21.43337721002016,0.0,19.16219876206368,0.9039114117622375,0.9440138697624206,0.9773168087005615,0.8872978508472443,0.9139974474906921,0.9697634892654605,,,,,,
16.539999999974793,151.64526583535908,29.60193824445974,117.3648796292689,82.62075845046029,119.0,87.0,21.616763471166443,0.0,19.16219876206368,0.904553782939911,0.9439136743545532,0.9775697708129882,0.888145935535431,0.9155793249607086,0.9695625262451358,,,,,,
16.559999999974746,151.41773832822085,29.673962550469103,117.3986933516088,82.52537375037436,119.0,87.0,21.777787914653405,0.0,19.16219876206368,0.905242645740509,0.9437597513198852,0.977981960773468,0.8892713248729706,0.9169931411743164,0.9692041473579593,,,,,,
16.5799999999747,151.20295990794224,29.724709211000555,117.45793012743563,82.36418654874704,119.0,87.0,21.895476540416446,0.0,19.16219876206368,0.905833113193512,0.9435995101928711,0.9781679630279541,0.8902517318725586,0.9178080797195435,0.9688626723480411,,,,,,
16.599999999974653,151.00065335432194,29.759554621557402,117.52311965702557,82.17462349730786,119.0,87.0,21.977805334798934,0.0,19.16219876206368,0.9065353631973266,0.943390429019928,0.9783378958702087,0.8914243936538696,0.9203889459371567,0.9684390382957645,,,,,,
16.619999999974606,150.81017127963398,29.782786149965737,117.55977171336134,82.07236885592461,119.0,87.0,22.049797380612294,0.0,19.16219876206368,0.9072397470474244,0.943172836303711,0.9785051107406616,0.8926117420196533,0.9226134806871414,0.9680009918403811,,,,,,
16.63999999997456,150.63055895572955,29.797380276414394,117.56388092880105,82.03106227614946,119.0,87.0,22.118072063545647,0.0,19.16219876206368,0.9079187631607056,0.9430048346519471,0.9786784291267395,0.8937146544456482,0.9235429912805557,0.9676214652252384,,,,,,
16.659999999974513,150.46051647745043,29.805248102880547,117.55480545912695,81.97266467232487,119.0,87.0,22.171591587356815,0.0,19.16219876206368,0.9085466504096985,0.9428523898124694,0.9788387775421142,0.8947333991527557,0.9245838388800621,0.96727075149538,,,,,,
16.679999999974466,150.29847545617437,29.80690744363856,117.54480630781363,81.9029442405187,119.0,87.0,22.203271820095935,0.0,19.16219876206368,0.9091323256492615,0.9426565647125245,0.979072630405426,0.8958123683929443,0.9264577642083168,0.966778238315601,,,,,,
16.69999999997442,150.1427625730003,29.802598624761114,117.53443721164865,81.8683470453823,119.0,87.0,22.21467757203038,0.0,19.16219876206368,0.9096335530281067,0.9424435257911682,0.9793720960617065,0.8968655824661255,0.9281974628567695,0.9661819892120548,,,,,,
16.719999999974373,149.9915769396818,29.7922467281442,117.52498705529459,81.88370057552282,119.0,87.0,22.207125227903372,0.0,19.16219876206368,0.910166609287262,0.9420798182487488,0.979840362071991,0.8982982456684113,0.9298606976866722,0.9651302414131351,,,,,,
16.739999999974327,149.84314449142053,29.776072028273127,117.52192480249346,81.92832546452723,119.0,87.0,22.17838779861437,0.0,19.16219876206368,0.9101723074913025,0.9420130610466003,0.9798450469970703,0.898393613100052,0.929487231373787,0.9650234537315555,,,,,,
16.75999999997428,149.695792877172,29.754810247300647,117.52754733809077,81.99106505203117,119.0,87.0,22.128030654986794,0.0,19.16219876206368,0.9101703643798829,0.9419418454170227,0.979839539527893,0.898477578163147,0.9292969532310963,0.9649217205238528,,,,,,
16.779999999974233,149.54801636859892,29.729142496860103,117.53830806478521,82.08864964153668,119.0,87.0,22.060039387575994,0.0,19.16219876206368,0.9101674556732178,0.9418353915214539,0.9798312783241272,0.8986029744148255,0.9292592354118824,0.9647693948936649,,,,,,
16.799999999974187,149.39849636693287,29.699025192600693,117.5519988089929,82.23595675909263,119.0,87.0,21.977730237499433,0.0,19.16219876206368,0.9101667046546936,0.9418078184127807,0.9798291563987732,0.8986354172229767,0.9289461858570576,0.9647298889351077,,,,,,
16.81999999997414,149.24608874830335,29.6635501968151,117.57291944322097,82.42877055251773,119.0,87.0,21.879315153126168,0.0,19.16219876206368,0.9093930840492249,0.9448722839355469,0.9797232151031494,0.8937368988990784,0.9223967671394349,0.9692920046043583,,,,,,
16.839999999974093,149.08981763980864,29.621783220418177,117.60842019797809,82.64142922185727,119.0,87.0,21.75985290592625,0.0,19.16219876206368,0.9077777624130249,0.9486420631408692,0.9803735136985778,0.8874288201332092,0.9136048182845116,0.973679943580646,,,,,,
16.859999999974047,148.92906537063297,29.576466512333326,117.6568323866737,82.82741717047911,119.0,87.0,21.620248359986995,0.0,19.16219876206368,0.904328191280365,0.9502815961837768,0.9806129574775696,0.882608187198639,0.9069944933056832,0.9752585249138065,,,,,,
16.879999999974,148.7636265700926,29.530656267745545,117.70014665196503,83.02292534325336,119.0,87.0,21.474201757327656,0.0,19.16219876206368,0.9006290674209595,0.9515780687332154,0.9806795716285706,0.8779264986515045,0.9008226782083512,0.976500304241199,,,,,,
16.899999999973954,148.59365721677563,29.485998856896042,117.72410554299165,83.25164526339557,119.0,87.0,21.334275718534887,0.0,19.16219876206368,0.89702867269516,0.9526509761810302,0.9806907415390015,0.8735777974128723,0.8944709233939648,0.9775439815712161,,,,,,
16.919999999973907,148.4196245997417,29.44424696284569,117.73186112395798,83.4577796216494,119.0,87.0,21.20091040903539,0.0,19.16219876206368,0.8936692714691162,0.9535447716712951,0.9806703567504883,0.8696686029434204,0.888355727493763,0.9784205990028567,,,,,,
16.93999999997386,148.24239897721347,29.409678645279953,117.72810553539729,83.57918419716344,119.0,87.0,21.073734422912054,0.0,19.16219876206368,0.8903604269027711,0.9542309045791626,0.9805360794067383,0.8663003623485566,0.8839119464159012,0.9790188746643252,,,,,,
16.959999999973814,148.0633672284937,29.388813926196995,117.70188555257629,83.62563025378974,119.0,87.0,20.965001914891282,0.0,19.16219876206368,0.8869734168052673,0.9548221826553345,0.9801788568496704,0.862917995452881,0.880033078789711,0.9795928793144413,,,,,,
16.979999999973767,147.8848422301488,29.387616893287955,117.63700608793316,83.6323740136426,119.0,87.0,20.892408355041034,0.0,19.16219876206368,0.8840662240982056,0.955306613445282,0.9798396825790405,0.8600718915462494,0.8768032751977444,0.980069525737781,,,,,,
16.99999999997372,147.71004034861002,29.410513216585276,117.53190265568543,83.58400857607232,119.0,87.0,20.86396529741985,0.0,19.16219876206368,0.8812942802906036,0.9558179616928101,0.9795633792877197,0.8573949694633485,0.8735428050160409,0.9805377321434208,,,,,,
17.019999999973674,147.54280463880357,29.460231038672145,117.39724163994022,83.44727568925347,119.0,87.0,20.87789711997836,0.0,19.16219876206368,0.8787586510181428,0.9562087535858155,0.9792151689529419,0.8549991965293885,0.8707586348056794,0.9809319572639652,,,,,,
17.039999999973627,147.3872985778955,29.537815388143972,117.24191325322111,83.22564538695346,119.0,87.0,20.93186768854859,0.0,19.16219876206368,0.8766162812709809,0.9564462304115295,0.9788029909133911,0.8530199408531189,0.8688189014792442,0.9812272505951114,,,,,,
17.05999999997358,147.24781738708927,29.64269290389619,117.07062266884869,82.94632422834671,119.0,87.0,21.0251353415879,0.0,19.16219876206368,0.8751248002052308,0.956520938873291,0.9783995389938355,0.8516727268695832,0.8676865726709366,0.9813978510093875,,,,,,
17.079999999973534,147.1286753475013,29.772869620719966,116.88997527664407,82.62364390479813,119.0,87.0,21.154312711763666,0.0,19.16219876206368,0.8743797361850739,0.9565102338790894,0.9781315088272095,0.8510231435298921,0.8673044502735139,0.9814645605278202,,,,,,
17.099999999973488,147.03379033858616,29.925620100950823,116.70945329605057,82.26011989532198,119.0,81.93262387531664,21.31235198520934,0.0,22.475040844466715,0.8738822758197785,0.9565358877182006,0.9779750108718872,0.8506229877471925,0.8511472940444946,0.9885710336267948,,,,,,
17.11999999997344,146.96655429532353,30.097465009316746,116.5371904508583,81.86585872510956,119.0,80.071792405269,21.491544060627593,0.0,23.69157592111231,0.8736749768257142,0.9564532518386841,0.9777886390686035,0.8504873514175415,0.862807933986187,0.9969297423958778,,,,,,
17.139999999973394,146.92977149004696,30.284325186678224,116.37822747591896,81.45959761937429,119.0,80.14349227352243,21.685146433792063,0.0,23.64470149635909,0.8736334681510926,0.9563421487808228,0.9776282906532288,0.8504913866519929,0.8626913651823997,0.9813005208969117,,,,,,
17.159999999973348,146.92547990765493,30.482191762593295,116.23629189801807,81.05680694363521,119.0,80.21500718702055,21.886459373984426,0.0,23.597947987417463,0.8737467169761658,0.9561758518218995,0.9774555683135986,0.8506352484226227,0.8627297446131706,0.9812268733978271,,,,,,
17.1799999999733,146.95510047788255,30.686905060007643,116.11489992141873,80.66677945166461,119.0,80.28624496642158,22.088243739356404,0.0,23.551375657349613,0.8741886973381043,0.9559819340705872,0.9773749351501465,0.8510475397109986,0.8631507858633996,0.9811122298240662,,,,,,
17.199999999973254,147.01844666515922,30.89449432398534,116.01656640353359,80.29385742233904,119.0,80.35711378959645,22.28366459437893,0.0,23.505044535686768,0.8750209331512452,0.9556466579437256,0.9772624850273133,0.8518170535564423,0.8639650747179985,0.9809069871902466,,,,,,
17.219999999973208,147.11417944649543,31.103053591301606,115.94057020948485,79.95421798033125,119.0,80.42752230998325,22.46743109347882,0.0,23.459014341053905,0.8760295391082764,0.9552761554718018,0.9771734237670898,0.8527429938316345,0.8663439720869065,0.9806707739830017,,,,,,
17.23999999997316,147.24036991454255,31.306714270034522,115.88592828364543,79.71932271631213,119.0,80.49737977432858,22.634902876610123,0.0,23.413344404195282,0.8767654716968537,0.9550584554672241,0.9771771430969238,0.8534045517444611,0.8699635118246078,0.9807142471661792,,,,,,
17.259999999973115,147.39444455949806,31.488474280261297,115.87411390735785,79.71524469311677,119.0,80.56659613966421,22.7650118397756,0.0,23.368093591499942,0.8776071429252625,0.9548846244812011,0.9772615194320678,0.8541808366775513,0.8699838638305665,0.9805662607541308,,,,,,
17.279999999973068,147.5729719968554,31.647353322035887,115.94190665414452,79.61487188535463,119.0,80.63508218936826,22.81954849038024,0.0,23.323320229125684,0.878075009584427,0.9548146009445191,0.9773371696472168,0.8546176195144654,0.868288816511631,0.9804936026921496,,,,,,
17.29999999997302,147.77237496734006,31.788091832647417,116.05830334403521,79.4377689602944,119.0,80.70274964816112,22.813621124037923,0.0,23.27908202781943,0.8786349058151246,0.9547360181808472,0.977433443069458,0.8551410794258119,0.8700107738375664,0.9804085349431262,,,,,,
17.319999999972975,147.98814758155154,31.91362025042539,116.15108245175384,79.42553687609661,119.0,80.76951129588818,22.804102870394026,0.0,23.23543600853078,0.8791146993637086,0.954649829864502,0.977492606639862,0.8555943131446839,0.8714335784316063,0.9803282713284716,,,,,,
17.339999999972928,148.21625012543697,32.02531622579531,116.19780300174196,79.54708571830808,119.0,80.83528107994243,22.8158684188312,0.0,23.19243842891474,0.8801424741744995,0.9544624567031861,0.977614963054657,0.8565701723098755,0.8711107015609741,0.9801547860493883,,,,,,
17.35999999997288,148.4527033216647,32.12518478756304,116.22681847915153,79.60746586282194,119.0,80.8999742261823,22.832837384290812,0.0,23.150144710818207,0.8812518239021302,0.9542286157608032,0.9777079343795776,0.8576358675956727,0.8711588174104691,0.979954514442943,,,,,,
17.379999999972835,148.6936158712197,32.21487345804595,116.25706132978938,79.58265391573711,119.0,80.96350734820138,22.842763288600334,0.0,23.10860936884388,0.8823657393455505,0.9539648771286011,0.9777661561965942,0.8587183117866517,0.8731595471501351,0.979741177498363,,,,,,
17.39999999997279,148.9356890630253,32.29551667110155,116.28376678620135,79.56724352456283,119.0,81.02579855480965,22.851519523539995,0.0,23.067885940083507,0.8834387421607971,0.9536796569824219,0.977785301208496,0.859773451089859,0.8753476828336716,0.9795224284520373,,,,,,
17.41999999997274,149.17606069803043,32.36814230199664,116.3043512378955,79.59071558988973,119.0,81.08676755558736,22.864120281659982,0.0,23.028026915111077,0.8843693971633911,0.9534141063690186,0.9777807354927063,0.8606973946094514,0.8764032319188119,0.9793245767941698,,,,,,
17.439999999972695,149.41229715728196,32.43395117121812,116.32719469592193,79.61232399219955,119.0,81.14633576437551,22.8763435575897,0.0,22.989083670324984,0.885211455821991,0.9531528115272522,0.9777523279190063,0.8615415692329407,0.8770332425832749,0.9791364287724719,,,,,,
17.45999999997265,149.64224530125787,32.49374657875415,116.35865660266506,79.61908209445225,119.0,81.20442640056976,22.88427697822999,0.0,22.951106401726257,0.8859387397766113,0.9529183268547058,0.9777179002761841,0.8622756779193879,0.8779277160763741,0.978969738422893,,,,,,
17.479999999972602,149.86400332531306,32.5477663436882,116.39747648367654,79.63392364856153,119.0,81.26096458808696,22.889530316008614,0.0,22.9141440602183,0.8866631031036377,0.9526657462120056,0.9776618719100952,0.8630134046077729,0.878937104344368,0.9787954663624987,,,,,,
17.499999999972555,150.07593942231856,32.59592776104708,116.44126737564696,79.6675777787529,119.0,81.3158774518769,22.89465606047863,0.0,22.878244288511514,0.8872848510742187,0.9524742603302002,0.9776435613632202,0.863644576072693,0.8796206444501877,0.9786553954472765,,,,,,
17.51999999997251,150.27672041639502,32.638151669092046,116.49043465050686,79.70803942645907,119.0,81.36909421185482,22.899755101699295,0.0,22.84345335971402,0.8877983272075654,0.9523196816444397,0.9776327848434448,0.8641669392585755,0.8800648286938668,0.9785407637944445,,,,,,
17.539999999972462,150.46535006378218,32.67451647832112,116.54529592301297,79.7460085161438,119.0,81.42054627413353,22.904498525679603,0.0,22.8098161176879,0.8881700158119202,0.9521951913833618,0.9776105046272278,0.8645483016967774,0.8804396569728852,0.978452536999248,,,,,,
17.559999999972415,150.6411817982155,32.705180030783644,116.6039337806167,79.78589224942418,119.0,81.47016731943775,22.910040859398414,0.0,22.777375919247547,0.8884135782718658,0.9521126985549927,0.9775949239730835,0.8647988080978394,0.8807510241866112,0.9783942555775866,,,,,,
17.57999999997237,150.80390752955046,32.73036622334133,116.66414600883233,79.83312581589693,119.0,81.5178933885865,22.91755304593503,0.0,22.74617457827475,0.8886142253875733,0.9520512342453002,0.9775896310806275,0.8650042712688446,0.8809716112911702,0.9783487891545519,,,,,,
17.599999999972322,150.95351339823057,32.75035826086056,116.72563424901895,79.8782097686088,119.0,81.56366296493346,22.926655288753576,0.0,22.716252311822615,0.8888304471969605,0.951976990699768,0.9775747299194336,0.8652274012565613,0.8811473749577999,0.9782965158810839,,,,,,
17.619999999972276,151.090242903955,32.76564991681262,116.78797712833023,79.9165532971509,119.0,81.60741705365899,22.93699121351333,0.0,22.687647688277682,0.8890546917915344,0.9518903493881226,0.9775481700897217,0.8654608368873596,0.8814182974398136,0.978238353668712,,,,,,
17.63999999997223,151.2145752626046,32.77688769512558,116.84950076895848,79.95123316071694,119.0,81.64909925781173,22.949194329525678,0.0,22.660397577647082,0.8892543971538543,0.9518098115921021,0.9775206565856933,0.865669596195221,0.8817040085792541,0.9781851147999987,,,,,,
17.659999999972182,151.32721221352529,32.7848051913766,116.90868045849949,79.98335297308724,119.0,81.68865585100151,22.9639001934994,0.0,22.634537104034848,0.8894338607788086,0.951741623878479,0.9775007963180542,0.8658566415309906,0.8819392584264278,0.9781389212002978,,,,,,
17.679999999972136,151.42904732407527,32.79018490118213,116.96497735005363,80.0100574511972,119.0,81.72603584665025,22.98103534251076,0.0,22.61009960036861,0.8896075427532196,0.9516793251037597,0.9774859189987183,0.8660371720790864,0.8821604266762734,0.9780956482281908,,,,,,
17.69999999997209,151.52110656056632,32.79371179774529,117.01827456870254,80.03041588583227,119.0,81.7611910637111,23.000204729044768,0.0,22.58711656543503,0.8897765636444092,0.9516216397285462,0.977474844455719,0.8662125051021576,0.8824076622724534,0.9780546759953722,,,,,,
17.719999999972043,151.6044792833835,32.79582418370033,117.06850863857707,80.04639477256066,119.0,81.79407618877164,23.020975551266464,0.0,22.565617623279344,0.8899320542812348,0.9515727281570434,0.9774694919586182,0.8663731932640076,0.8826522618532181,0.978018639027141,,,,,,
17.739999999971996,151.680260211359,32.796738355076435,117.11589623319355,80.05886100747026,119.0,81.82464883446072,23.042684141948612,0.0,22.545630485021377,0.8900721430778503,0.9515343904495239,0.9774712800979615,0.8665170431137086,0.8828639045357705,0.9779884433140978,,,,,,
17.75999999997195,151.7495085757853,32.796577401542656,117.16079641541505,80.0671537062224,119.0,81.8528695940837,23.064531622187197,0.0,22.527180913137222,0.8902024984359741,0.9515037894248962,0.9774787902832032,0.8666500926017762,0.8830592349171639,0.977962384163402,,,,,,
17.779999999971903,151.81321665370712,32.79544207499967,117.20323479455404,80.0718104664395,119.0,81.87870209241589,23.086009308076093,0.0,22.510292688252626,0.8903239846229554,0.9514792919158935,0.9774904370307922,0.8667734384536744,0.883253513276577,0.9779397105565295,,,,,,
17.799999999971856,151.87228562696302,32.79341233698554,117.2429129527055,80.07456125564701,119.0,81.9021130325885,23.106969871535952,0.0,22.494987578490857,0.8907856702804565,0.9512688517570496,0.9773997068405151,0.8672642827033997,0.883792994916439,0.977805814682506,,,,,,
17.81999999997181,151.92751060122043,32.79055719887423,117.27964720324951,80.07613487126073,119.0,81.92307223900664,23.127308564273516,0.0,22.48128531141469,0.8917771697044373,0.9507628202438354,0.9771432638168335,0.8683325588703156,0.8848598510026932,0.9774948453297838,,,,,,
17.839999999971763,151.9795752903007,32.786963189675646,117.31352420711946,80.07608197490929,119.0,81.94155269624434,23.146817133382626,0.0,22.46920354859845,0.8924722790718079,0.9500952959060669,0.9759039878845215,0.8690075278282166,0.8853646561503411,0.9771575545659289,,,,,,
17.859999999971716,152.02905325394323,32.78274355619478,117.34468908325717,80.07435428458213,119.0,81.95753058386612,23.16533470669567,0.0,22.45875786286309,0.8930319607257843,0.9495018482208252,0.9749116182327271,0.8696958184242249,0.8860332027077675,0.9767873143544421,,,,,,
17.87999999997167,152.07641275852276,32.77802380455615,117.37323700348303,80.07167002976296,119.0,81.97098530713035,23.182836465570038,0.0,22.449961718203586,0.8932667016983032,0.9489223957061768,0.9739832043647766,0.8701654136180879,0.8864610001444817,0.9763960456242785,,,,,,
17.899999999971623,152.12200726552183,32.772742369254324,117.39932639581227,80.07088895547027,119.0,81.98189952353498,23.19930210309197,0.0,22.442826452434467,0.8931103587150574,0.9482960820198059,0.9730112552642822,0.8703713715076447,0.8865582570433617,0.9759492968907579,,,,,,
17.919999999971576,152.16599467312332,32.76596386743719,117.42365020110995,80.079018821064,119.0,81.99025916517115,23.214116005945655,0.0,22.437361262575905,0.8929588556289673,0.9477876663208008,0.9721777319908143,0.8705040335655213,0.8865525603294373,0.975590500771068,,,,,,
17.93999999997153,152.20832657866598,32.755685947682394,117.4477941313883,80.0976224986661,119.0,81.9960534568561,23.22513403644405,0.0,22.433573192999205,0.8927966237068177,0.9473811745643616,0.9714528083801269,0.8705546200275421,0.886381334066391,0.9753127788892015,,,,,,
17.959999999971483,152.24903790720208,32.73969027126399,117.47197426485928,80.11881238541113,119.0,81.99927493002185,23.229500446880465,0.0,22.43146712634691,0.8926112711429596,0.9470524549484253,0.9707951545715332,0.8705233335494995,0.8860895715653897,0.9751015042653307,,,,,,
17.979999999971437,152.28826363838743,32.716231617602666,117.49323345767371,80.14166019665838,119.0,81.99991943234181,23.225972869671764,0.0,22.43104577723936,0.8924914002418518,0.9468310832977295,0.9703519821166993,0.8705082654953004,0.8859396897256374,0.9749576544156298,,,,,,
17.99999999997139,152.32627643758957,32.68412414885923,117.50650545573873,80.17118716849444,119.0,81.99798613308296,23.215031951187818,0.0,22.432309688775625,0.8923829376697541,0.9467449426651001,0.9701061248779297,0.870421040058136,0.8857313014566899,0.974917778908275,,,,,,
18.019999999971343,152.3635274449883,32.64271943279781,117.50754725630755,80.20554313062993,119.0,81.99347752417665,23.196944720758548,0.0,22.435257231833493,0.89224294424057,0.9467623472213745,0.9699665784835816,0.870226001739502,0.8853361487388611,0.9749681686749682,,,,,,
18.039999999971297,152.4008106494328,32.59236238727424,117.49379574544137,80.23317288144872,119.0,81.98639941700654,23.171307851696287,0.0,22.439884607169358,0.8921368598937989,0.9468991160392761,0.9700335264205933,0.8699991345405579,0.8849493205547333,0.975103816925548,,,,,,
18.05999999997125,152.43872011259603,32.53429392352583,117.46259203756308,80.25007777031256,119.0,81.97676093491808,23.138697582864904,0.0,22.446185850315217,0.8921082139015198,0.9471350908279419,0.9703291773796081,0.869810152053833,0.8847737453877926,0.9752969598164782,,,,,,
18.079999999971204,152.47784609800175,32.4702612068876,117.41138224339751,80.25986870395606,118.25292161993362,81.96457450145891,23.100775987874933,0.0,21.96574372270591,0.8921591997146606,0.9474978923797608,0.9708896040916443,0.8696434617042542,0.8847196437418461,0.9755681251874193,,,,,,
18.099999999971157,152.51863760981107,32.40237123713695,117.33988972529818,80.26166965017119,117.05385298139417,81.94985582436551,23.058705968984736,0.0,21.191464431800494,0.8922318458557129,0.9480001211166382,0.9716567754745483,0.869413983821869,0.8845804877579212,0.9759408449521288,,,,,,
18.11999999997111,152.56151968595273,32.33312608699859,117.25028115335577,80.25026992692628,117.1076886079035,81.93262387531665,23.012851034130932,0.0,21.2379254895966,0.8923393905162812,0.948616111278534,0.9726002931594848,0.8691542506217957,0.884444534778595,0.976390061317943,,,,,,
18.139999999971064,152.60684074353904,32.264766449940275,117.14545323536825,80.22576987884362,117.16148953023601,81.9129008654798,22.963923877750048,0.0,21.28599241231188,0.8923342943191529,0.9492332816123963,0.9735713839530945,0.8688242912292481,0.8842939615249634,0.9768233632436022,,,,,,
18.159999999971017,152.65453894890578,32.1992805118619,117.02869540133575,80.19608039560894,117.21523841028363,81.89071221688204,22.913248114743542,0.0,21.335637245128755,0.8919487178325654,0.9496695280075074,0.9744737386703491,0.868432354927063,0.8841237008571625,0.9770501231541857,,,,,,
18.17999999997097,152.70430098449458,32.13752556998518,116.9052161010662,80.16737568936146,117.26891792670968,81.86608652964215,22.861454819868097,0.0,21.386829966488442,0.8916001558303833,0.9501116514205933,0.975432276725769,0.8681072354316712,0.8839922517538071,0.9772608732571826,,,,,,
18.199999999970924,152.7555720622406,32.08003652047621,116.7821881424537,80.13680315862838,117.32251078053082,81.83905554510652,22.808147631159354,0.0,21.43953851584047,0.8912016212940216,0.9505275845527649,0.9762707829475403,0.8677293539047242,0.8837014228105545,0.9774663304677234,,,,,,
18.219999999970877,152.80749902184905,32.02765929374455,116.66613760412052,80.10627605522714,117.37599970069203,81.80965410493603,22.75373506376219,0.0,21.49372882403465,0.8907204270362854,0.9509336948394775,0.9769898056983948,0.8672609746456147,0.8833082363009453,0.9776767944684253,,,,,,
18.23999999997083,152.85896574404285,31.981430232708178,116.56188455176336,80.08269536720411,117.42936744963237,81.77792010619676,22.700183554988357,0.0,21.549364846319584,0.890092259645462,0.9512036800384521,0.9770946860313415,0.8665965676307679,0.8825737297534942,0.9778526400914416,,,,,,
18.259999999970784,152.90877238697738,31.942382229705665,116.47343516501516,80.0704683377377,117.48259682883997,81.74389445251248,22.650012365319224,0.0,21.606408597908832,0.8895375430583954,0.9514369487762451,0.9771817088127136,0.866012728214264,0.8818501442670822,0.9780052518239245,,,,,,
18.279999999970737,152.95583890824906,31.911330964095505,116.40461418408502,80.06974469522574,117.53567068439467,81.70762100134183,22.60533857927076,0.0,21.664820192072384,0.8889798283576965,0.9516394853591919,0.9772323131561279,0.8654333531856537,0.8810482554137707,0.9781452750554308,,,,,,
18.29999999997069,152.99925535400445,31.888833678369554,116.3587269575805,80.07916867163244,117.58857191249594,81.66914650744813,22.567847362594566,0.0,21.724557880707803,0.8883920788764954,0.9518224000930786,0.9772503852844239,0.8648302555084229,0.8801798216998578,0.9782800888409838,,,,,,
18.319999999970644,153.03834497920582,31.875193730815482,116.33774653671489,80.09834435777938,117.64128346497488,81.62852056263468,22.539132152168246,0.0,21.785578097342253,0.88779376745224,0.9519759178161621,0.9772308111190796,0.8642242789268494,0.879281522333622,0.9784037923207507,,,,,,
18.339999999970598,153.07275934018494,31.87046745823415,116.34195980398623,80.1269244674063,117.69378835478827,81.58579553182328,22.520674943242575,0.0,21.847835502513536,0.8871033668518067,0.9521025061607361,0.9771488428115844,0.8635366559028625,0.8782221101224423,0.9785258983960375,,,,,,
18.35999999997055,153.10261494249022,31.874434282665206,116.36976949549158,80.16295369790565,117.74606966149287,81.5410264855583,22.51351892424795,0.0,21.91128303147504,0.8864141941070557,0.9522038698196411,0.9770370602607727,0.8628574073314668,0.8771469496190548,0.978637466370128,,,,,,
18.379999999970504,153.12841927916054,31.8866283688751,116.41839161358331,80.20273459138254,117.7981105366982,81.49427112902342,22.51803907686998,0.0,21.975871944166478,0.8857251286506653,0.952284574508667,0.9768999576568603,0.8621845901012422,0.8760756507515908,0.9787405108800158,,,,,,
18.399999999970458,153.15097641776643,31.90639441694471,116.48430279762013,80.24227027696583,117.84989420949633,81.4455897276623,22.534027756223118,0.0,22.041551877389768,0.885039883852005,0.952350664138794,0.9767455577850341,0.8615206241607667,0.8750381164252758,0.9788371657719835,,,,,,
18.41999999997041,153.1713117271736,31.93294520883771,116.56349040770142,80.27831631250011,117.90140399186632,81.39504502949931,22.56088888638269,0.0,22.1082708991258,0.8843607664108276,0.9524100065231323,0.9765838146209717,0.8608662247657777,0.8740491166710854,0.9789302920689806,,,,,,
18.439999999970365,153.19060831813113,31.965407762779705,116.65177176328552,80.30827711656117,117.9526232840524,81.34270218426032,22.5977173648799,0.0,22.17597556492596,0.883691143989563,0.95246901512146,0.9764235496520997,0.8602233648300172,0.8731129251420499,0.9790221547475084,,,,,,
18.459999999970318,153.2101673598973,32.0028637843897,116.74510220243255,80.32986003697202,118.00353557991329,81.28862865939769,22.643306081266594,0.0,22.24461097630866,0.8830318808555603,0.9525341510772705,0.976272988319397,0.8595916390419007,0.8722302950918674,0.979115161835216,,,,,,
18.47999999997027,153.231345056268,32.04438270402998,116.83978689171215,80.3412544330388,118.05412447224168,81.23289415312803,22.69620240733603,0.0,22.31412084108937,0.88238445520401,0.9526107549667359,0.9761394262313843,0.8589714288711549,0.8714058004319668,0.9792112564435229,,,,,,
18.499999999970225,153.25549108550965,32.089050310060415,116.93258171631746,80.3414281199759,118.10437365805159,81.17557050459442,22.754812164558984,0.0,22.38444753556951,0.8817536294460296,0.9527016162872315,0.9760283470153809,0.8583665847778321,0.8706437103450299,0.979311010777019,,,,,,
18.519999999970178,153.28389606486797,32.13599446756629,117.02076828252325,80.33012792823789,118.15426694383225,81.11673160126918,22.81748594257654,0.0,22.4555321685075,0.8811444818973542,0.9528075933456421,0.9759429693222046,0.8577815294265747,0.8699442759156227,0.979414222179912,,,,,,
18.53999999997013,153.31774791723248,32.1844083432345,117.10222116868331,80.30770165579904,118.20378825076678,81.0564532837164,22.88257455848757,0.0,22.527314646792814,0.8805611491203309,0.9529281258583069,0.9758844375610352,0.8572200298309327,0.8693042889237405,0.9795201873173938,,,,,,
18.559999999970085,153.35811276906693,32.23351454395385,117.17543064559038,80.2749930302158,118.25292161991365,80.99481324783704,22.948483134585757,0.0,22.599733742741584,0.8800656378269196,0.9530727148056031,0.9758826613426208,0.8567485749721527,0.8688330151140691,0.9796258544316515,,,,,,
18.57999999997004,153.4059244888747,32.2826007064639,117.23947611598643,80.23330362237144,118.30165121734984,80.93189094472261,23.013733595720872,0.0,22.67272716293052,0.8796331942081452,0.953234052658081,0.9759220123291016,0.856339955329895,0.8684732124209404,0.9797310923924669,,,,,,
18.59999999996999,153.46187890887077,32.331237323187075,117.29397708202526,80.184303545372,118.34996133927345,80.86776747824642,23.077019549225486,0.0,22.74623161848338,0.8792175173759461,0.9534008026123046,0.9759753704071045,0.8559442162513733,0.8681283295154572,0.9798365926137194,,,,,,
18.619999999969945,153.5264846257666,32.37905623753763,117.33903699746892,80.12988415057404,118.39783641706448,80.8025255005246,23.137242801956614,0.0,22.820182896722855,0.8788200855255127,0.9535704612731933,0.9760400533676148,0.8555633068084717,0.8677946887910366,0.9799412226071581,,,,,,
18.6399999999699,153.6000671170594,32.425793772867934,117.3751768440938,80.0720212491475,118.44526102230206,80.73624910538133,23.193535186699247,0.0,22.894515934098585,0.8784413158893586,0.9537403106689453,0.9761126160621643,0.8551983892917634,0.8674681514501572,0.9800438975682482,,,,,,
18.659999999969852,153.68276508411608,32.471291701226505,117.40326726207087,80.0126663778031,118.49221987173651,80.66902371995599,23.24527100484307,0.0,22.96916489030058,0.8780804038047791,0.9539080619812011,0.9761896729469299,0.8548494637012483,0.8671450890600682,0.9801437949528917,,,,,,
18.679999999969805,153.77451479524282,32.515492324492136,117.42448081271523,79.95369226878273,118.53869783221448,80.60093599459151,23.292071954252776,0.0,23.044063223465447,0.8777357637882233,0.9540717482566834,0.9762680053710937,0.8545157790184021,0.8668222889304161,0.9802403544774279,,,,,,
18.69999999996976,153.87505675139963,32.55842548409329,117.44021028787358,79.8968249807273,118.58467992555595,80.53207369114625,23.333802301049403,0.0,23.119143766381928,0.8774053573608399,0.9542296648025512,0.9763444781303405,0.8541962087154389,0.8664961904287338,0.9803331231465563,,,,,,
18.719999999969712,153.9839710463234,32.60018873475767,117.45195931538773,79.84356248017706,118.63015133338105,80.4625255698731,23.37055176996818,0.0,23.19433880360027,0.8770867943763734,0.9543803215026856,0.9764161825180053,0.8538892149925232,0.866164093464613,0.9804217671742663,,,,,,
18.739999999969665,154.10071666769488,32.640926910127924,117.4612327197094,79.79510003829687,118.67509740188555,80.39238127501164,23.402605794430517,0.0,23.26958014934932,0.8767774879932404,0.9545227885246277,0.9764808654785156,0.853592985868454,0.8658244229853154,0.980506215034984,,,,,,
18.75999999996962,154.22466831961535,32.68081311986569,117.46945913165834,79.75228173359835,118.71950364656327,80.3217312192411,23.430406687467606,0.0,23.344799226163836,0.8764747202396393,0.9546563267707825,0.9765364170074463,0.8533055186271667,0.8654757492244244,0.9805864190449938,,,,,,
18.779999999969572,154.35515025193266,32.72003200979745,117.47793181318117,79.71559755894907,118.76335575687386,80.25066646714255,23.454513047136572,0.0,23.41992714412365,0.8761756956577301,0.954780888557434,0.9765816926956177,0.8530245423316956,0.8651180647313595,0.9806626891484485,,,,,,
18.799999999969526,154.49146661641785,32.75876575844743,117.48776483641225,79.68521163345628,118.80663960085464,80.17927861782104,23.47556091232734,0.0,23.49489478060553,0.8758781015872956,0.9548965930938721,0.9766159057617188,0.8527481615543366,0.8647521741688252,0.9807352876057849,,,,,,
18.81999999996948,154.63292789984808,32.797152817034245,117.49986534493995,79.66099940375254,118.84934122967475,80.10765968683863,23.494226694472058,0.0,23.569632860447854,0.8755793452262879,0.9550041198730469,0.9766388535499573,0.852474057674408,0.8643784895539284,0.9808047150960192,,,,,,
18.839999999969432,154.77889648000357,32.83529503244545,117.51492109642531,79.6425882458999,118.89144688213044,80.03590198761076,23.5111924510169,0.0,23.64407203642758,0.8752777814865113,0.9551042556762696,0.9766509771347046,0.8522006452083588,0.8639982640743256,0.9808714961400256,,,,,,
18.859999999969386,154.9287624270267,32.87335718032261,117.53340051250272,79.62940521372768,118.93294298907973,79.96409801241853,23.527115420649466,0.0,23.718142969948744,0.8749718725681306,0.9551981091499329,0.9766530275344849,0.851926338672638,0.8636130787432195,0.9809361552586779,,,,,,
18.87999999996934,155.0819641847241,32.911439819068505,117.55556216891974,79.62073087423914,118.97381617781535,79.89234031319062,23.542603270850176,0.0,23.791776411841184,0.8746607542037964,0.9552868485450745,0.9766461968421936,0.8516500711441041,0.8632246591150761,0.9809992527356372,,,,,,
18.899999999969292,155.23801461394694,32.94960640016638,117.58147255804897,79.61575187515142,119.0140532763742,79.82072138220813,23.55819517925789,0.0,23.864903283168143,0.8743437170982361,0.9553716778755188,0.9766317367553711,0.8513709127902985,0.8628345154225827,0.9810613250127063,,,,,,
18.919999999969246,155.39650640726674,32.98788807609817,117.61103028590044,79.61360922175145,119.05364131778222,79.7493335328865,23.574348463791953,0.0,23.937454755941314,0.8740210294723512,0.9554537057876586,0.9766111850738526,0.8510887265205384,0.8624447852373124,0.9811227774014697,,,,,,
18.9399999999692,155.55711361527423,33.02628752882826,117.64399471529528,79.61344113808114,119.09256754423323,79.6782687807878,23.591430542567103,0.0,24.009362333641977,0.8736932933330537,0.9555338859558106,0.9765860080718994,0.8508036851882935,0.8620576150715351,0.9811839198460802,,,,,,
18.959999999969153,155.7195903030597,33.06478337760477,117.68001633139667,79.61442089736717,119.13081941120028,79.60761872501708,23.609715971087216,0.0,24.08055793144711,0.8733615159988404,0.9556130170822144,0.9765576601028443,0.8505163311958314,0.8617342330515385,0.9813043547794222,,,,,,
18.979999999969106,155.88376662892057,33.10333514202482,117.71867065952043,79.61578868286556,119.16838459147827,79.5374744301554,23.629387976045926,0.0,24.150973956059563,0.8730274558067322,0.9556915879249572,0.9765275239944458,0.8502279162406922,0.8620256401598454,0.9820328500121832,,,,,,
18.99999999996906,156.04954259122812,33.14188846852919,117.75948924327814,79.61687745268385,119.20525097915662,79.46792630888197,23.650543962983203,0.0,24.220543385042042,0.8726929306983948,0.955769944190979,0.976496696472168,0.849939775466919,0.8616707541048527,0.9821064748801291,,,,,,
19.019999999969013,156.21688002873358,33.18038030045975,117.8019881524327,79.61712986093005,119.24140669352053,79.39906400543641,23.673204019064443,0.0,24.289199845555224,0.872360098361969,0.9558480978012085,0.9764661431312561,0.8496535778045655,0.8613187529146672,0.9821721042506397,,,,,,
19.039999999968966,156.38579325108367,33.21874367482918,117.84569355766106,79.61610933322532,119.27684008287974,79.33097628007161,23.697321483390077,0.0,24.35687769240075,0.8720311522483826,0.9559260249137879,0.976436710357666,0.8493710279464722,0.8609722055494786,0.9822308161295951,,,,,,
19.05999999996892,156.5563388145627,33.25691508929538,117.89016204741921,79.61342655774091,119.31153972832345,79.2637508946459,23.722795634105537,0.0,24.423512085271195,0.8717084050178528,0.9560033798217773,0.976408863067627,0.8490940511226654,0.8606336273252965,0.982283410616219,,,,,,
19.079999999968873,156.7286050416332,33.294880955976126,117.93496682807103,79.60787871186774,119.34549444740017,79.19747449950223,23.749510678555925,0.0,24.489039065109537,0.8713945150375366,0.9560795545578002,0.9763829231262207,0.8488248765468598,0.8603057719767094,0.982329364027828,,,,,,
19.099999999968826,156.90270269477338,33.33275108558463,117.97949368211783,79.59777565201604,119.37869329772153,79.13223252177997,23.777543559070796,0.0,24.553395629482363,0.8710933566093445,0.9561535239219665,0.9763590812683105,0.8485668003559113,0.8599925197660924,0.9823599373921752,,,,,,
19.11999999996878,157.07875690061303,33.37061595915554,118.02289706558066,79.58453917760804,119.41112558048849,79.06810905530331,23.807267841383446,0.0,24.616519806871544,0.8708103716373444,0.9562235832214355,0.9763373374938965,0.8483245313167572,0.8596991993486882,0.9823686980642379,,,,,,
19.139999999968733,157.2568974911721,33.4085143865188,118.06471684230416,79.56873480277993,119.44278084393927,79.00518675218837,23.838861859707613,0.0,24.678350729791205,0.8705455780029298,0.956289529800415,0.9763173818588257,0.8480980813503266,0.8594255842268468,0.9823867741972208,,,,,,
19.159999999968687,157.43724882515934,33.44644247236637,118.10511438451334,79.54942394728492,119.47364888671758,78.94354671630846,23.872048916476285,0.0,24.73882870663772,0.870301377773285,0.9563505172729492,0.9762991428375244,0.8478894948959351,0.8591738916933537,0.982405343092978,,,,,,
19.17999999996864,157.61992058393957,33.484362087208986,118.1444850196955,79.52642985913607,119.5037197611601,78.88326839875512,23.906364076350386,0.0,24.79789529218226,0.8701163291931153,0.9564084410667419,0.9762966752052307,0.8477299690246582,0.8589853920042515,0.9824070487637073,,,,,,
19.199999999968593,157.80499988276677,33.522207652366994,118.18314536363557,79.50094923063094,119.53298377650228,78.82442949542927,23.941415009734882,0.0,24.85549335661728,0.8700523734092713,0.9564672112464905,0.9763336420059204,0.8476693034172058,0.8589265443384648,0.9823961303569376,,,,,,
19.219999999968547,157.99254434894291,33.55989020915232,118.2213767541789,79.4744102104395,119.56143150200131,78.76710584689503,23.97686278197789,0.0,24.911567153069623,0.8699980616569519,0.9565183043479919,0.9763656735420227,0.8476178526878357,0.8588762737810612,0.9823918139562011,,,,,,
19.2399999999685,158.1825761619635,33.597301720993556,118.25953914567302,79.44772463397234,119.58905376997538,78.71137134062471,24.012323638066942,0.0,24.966062383495693,0.8699527263641358,0.9565621137619018,0.9763930678367615,0.8475749671459198,0.8588340200483799,0.9823967979289592,,,,,,
19.259999999968453,158.37507842127016,33.63432506907561,118.29803159251655,79.4215102011942,119.61584167875796,78.65729781576138,24.04738808740432,0.0,25.01892626287515,0.8699167907238007,0.9565986275672913,0.9764157772064209,0.8475410521030426,0.8588000692427159,0.9824061194434762,,,,,,
19.279999999968407,158.56998965766687,33.670841129529435,118.33718512671294,79.39655272020126,119.64178659556664,78.60495497052166,24.081712175031086,0.0,25.070107581622693,0.8698903679847718,0.9566279768943786,0.9764338731765747,0.8475162208080292,0.8587744511663914,0.9824169658590108,,,,,,
19.29999999996836,158.76718123617022,33.70673232221127,118.37726445565922,79.37374865477177,119.66688015928507,78.55441027235794,24.115051206331568,0.0,25.119556766139002,0.8698737621307373,0.9566502332687378,0.9764473676681519,0.8475007653236389,0.8587573625147343,0.9824314246419817,,,,,,
19.319999999968314,158.96642764803968,33.741887816015854,118.41854929933221,79.35376471517708,119.69111428315746,78.50572887099605,24.147230264717972,0.0,25.16722593742471,0.8698665618896485,0.9566659092903137,0.976456618309021,0.8474943101406098,0.8587483800947666,0.9824508513789624,,,,,,
19.339999999968267,159.16742422051686,33.77620894478718,118.46131098985822,79.33695766648684,119.71448115739469,78.45897351446037,24.178131907945133,0.0,25.213068967683487,0.8698695659637452,0.956674861907959,0.9764614582061768,0.8474976062774658,0.8587480880320073,0.9824730504769832,,,,,,
19.35999999996822,159.3698138386186,33.809614300825935,118.50574417583549,79.32353317822584,119.73697325169107,78.41420446819457,24.207718618465293,0.0,25.257041534842934,0.8698830962181092,0.9566770911216735,0.9764618635177612,0.8475109934806824,0.8587566949427128,0.9824950462672859,,,,,,
19.379999999968174,159.573209346581,33.842044600894894,118.55192969965357,79.31359906212508,119.75858331765114,78.37147943738232,24.236044303662997,0.0,25.299101174924644,0.8699076473712921,0.9566724538803101,0.9764577627182007,0.8475349485874176,0.8587745882570744,0.9825152519159019,,,,,,
19.399999999968127,159.7772102185872,33.873493030546676,118.59984574114651,79.30707376530955,119.77930439112555,78.330853492568,24.263233502496888,0.0,25.339207332197418,0.8699436902999879,0.9566607713699341,0.9764489889144897,0.8475699365139008,0.8588021256029607,0.9825327506288886,,,,,,
19.41999999996808,159.98141071902714,33.903859584254974,118.64939295700088,79.30364295002188,119.79912979445531,78.29237899867341,24.28945185147844,0.0,25.377321407050438,0.869991147518158,0.9566421747207642,0.97643563747406,0.8476158976554871,0.8588392354547978,0.9825456197373569,,,,,,
19.439999999968034,160.18546855265265,33.933084287842284,118.70040729083297,79.30283886686058,119.81805313862384,78.25610554750186,24.314890086410117,0.0,25.41340680152623,0.870049524307251,0.9566169738769531,0.9764178991317749,0.8476723551750184,0.858885506540537,0.9825516318902373,,,,,,
19.459999999967987,160.3890495712666,33.961163167969836,118.75266764658338,79.30413920435743,119.83606832531588,78.22207989381666,24.339756021813436,0.0,25.44742896245594,0.8701179504394532,0.9565856218338012,0.976396107673645,0.8477384924888611,0.8589402355253697,0.9825495109893382,,,,,,
19.47999999996794,160.59184114047022,33.988102351103315,118.80591331523924,79.30700247432223,119.85316954888275,78.19034589507645,24.364260985280616,0.0,25.479355422142707,0.8701957941055298,0.9565483570098877,0.97637038230896,0.8478137195110321,0.8590029396116734,0.9825385370291769,,,,,,
19.499999999967894,160.79356153497926,34.013915310697826,118.85986810281771,79.31087390463126,119.86935129821329,78.16094445490499,24.388601278896495,0.0,25.509155836541943,0.8702824652194977,0.9565053939819336,0.976340901851654,0.8478974580764771,0.8590731658041477,0.9825188896618784,,,,,,
19.519999999967848,160.9939624321582,34.03861937438077,118.91425915060802,79.31521706061551,119.88460835850996,78.1339134703684,24.412943740485986,0.0,25.53680202089045,0.8703769505023957,0.9564571261405945,0.9763079643249511,0.8479887545108795,0.8591501273214818,0.9824903540313243,,,,,,
19.5399999999678,161.1928285107973,34.06223212325286,118.968827984558,79.31956380136683,119.89893581296931,78.10928778312751,24.437418237205566,0.0,25.56226798273957,0.8704785346984864,0.9564038276672363,0.9762717366218567,0.8480869293212892,0.8592332936823368,0.9824530240148306,,,,,,
19.559999999967754,161.38997560052505,34.08476806429406,119.0233390469184,79.32354400978929,119.91232904436653,78.08709913452874,24.462113006385074,0.0,25.58552995235093,0.8705866575241089,0.9563456177711487,0.9762323379516602,0.8481914401054382,0.8593222357332707,0.9824080113321543,,,,,,
19.579999999967708,161.58524803128356,34.10623600893735,119.07758786569578,79.3268891144722,119.92478373654338,78.0673761246909,24.48707060101477,0.0,25.606566410416487,0.8707006454467774,0.9562827110290527,0.9761898994445801,0.8483016550540925,0.8594164766371251,0.9823558500036598,,,,,,
19.59999999996766,161.77851550274738,34.12663731418136,119.1314057500057,79.32943072782074,119.93629587579917,78.05014417564101,24.51228649545531,0.0,25.62535811306819,0.8708202481269837,0.9562150955200195,0.9761444449424743,0.848417329788208,0.8595158316195012,0.9822977906093001,,,,,,
19.619999999967614,161.96966970660446,34.14596507713842,119.18465933694043,79.331101942675,119.94686175218426,78.03542549854657,24.53771205830149,0.0,25.64188811414581,0.8709451198577881,0.9561428666114807,0.9760960340499878,0.8485381424427033,0.8596200682222843,0.9822347973007709,,,,,,
19.639999999967568,162.15862094963376,34.16420420941631,119.23724680472382,79.33193489853534,119.95647796069552,78.02323906508637,24.563260762545884,0.0,25.656141784695112,0.8710752367973328,0.9560658931732178,0.9760445833206177,0.8486640870571137,0.8597291983664036,0.9821678600274026,,,,,,
19.65999999996752,162.34529484514263,34.1813323677828,119.28909309730086,79.33204560648555,119.96514140237379,78.01360058299687,24.5888154634184,0.0,25.668106829672027,0.8712106406688691,0.9559841156005859,0.9759900689125061,0.8487952053546906,0.8598432876169682,0.9820979005657137,,,,,,
19.679999999967475,162.52962906746043,34.19732190796419,119.34014457568209,79.33161144556514,119.97284928530246,78.00652247582572,24.614236181082592,0.0,25.67777330183187,0.8713513612747192,0.9558974385261536,0.9759324312210083,0.8489315450191498,0.859962383657694,0.9820258847437799,,,,,,
19.699999999967428,162.71156998497085,34.21214337409623,119.39036264790235,79.33085247621489,119.97959912550725,78.00201386691835,24.639368764661167,0.0,25.685133612786426,0.8714975476264955,0.955805778503418,0.9758715867996216,0.8490732610225677,0.8600866295397283,0.9819521644618362,,,,,,
19.71999999996738,162.89106770590286,34.225774684611416,119.4397170149623,79.33001242644568,119.98538874775672,78.00008056765846,24.66405385694371,0.0,25.690182541215215,0.8716494321823121,0.9557090282440186,0.9758074522018433,0.8492205917835236,0.86021621003747,0.9818772975821048,,,,,,
19.739999999967335,163.06806459076813,34.23822379314495,119.48817955037629,79.32933999897732,119.9902162862632,78.00072506997736,24.688135273912238,0.0,25.69291723822082,0.8717692494392395,0.9555721521377564,0.9755511164665223,0.8493260324001313,0.8602803744375707,0.9817939870525152,,,,,,
19.759999999967288,163.24255840181667,34.24933162086943,119.53571930632211,79.32907112538686,119.99408018528415,78.00394654314206,24.711467151956285,0.0,25.6933372298218,0.8718879103660584,0.9554283142089843,0.9752731680870056,0.8494293391704559,0.860340640693903,0.9817098855040968,,,,,,
19.77999999996724,163.41454028472913,34.25904400006686,119.58229892640483,79.32941397183754,119.99697919962347,78.00974083482596,24.733919623963647,0.0,25.69144441658052,0.8720124483108521,0.9552795171737671,0.9749904274940491,0.8495384454727173,0.8604064442217351,0.9816249957773835,,,,,,
19.799999999967195,163.58398595838173,34.26732807293004,119.62787239029525,79.33053847461409,119.99891239503278,78.0181004764611,24.755383028872703,0.0,25.687243070366346,0.8721429824829102,0.9551251888275146,0.9747007012367248,0.8496533572673798,0.860477463155985,0.9815390889067203,,,,,,
19.81999999996715,163.75086665340027,34.27415564262346,119.67238406077088,79.33257106149487,119.99987914851252,78.02901469286468,24.775770549634387,0.0,25.680739828259117,0.8722792744636536,0.9549654483795166,0.974403691291809,0.8497738659381867,0.8605534233152867,0.9814515983685851,,,,,,
19.8399999999671,163.91516777422535,34.279500074609,119.7156842309888,79.33559593677964,119.99987914851272,78.04246941612787,24.795018176004824,0.0,25.67194368360042,0.8724213600158692,0.9548000574111939,0.9740982294082642,0.8498999297618867,0.8606341160833836,0.9813624187372625,,,,,,
19.859999999967055,164.076947028174,34.283322664260325,119.75727376333565,79.33956461096967,119.99891239503336,78.05844730374862,24.8130642934985,0.0,25.66086597420478,0.8725687384605408,0.9546294689178467,0.9737847089767456,0.8500311255455018,0.8607191838324071,0.9812711139209569,,,,,,
19.87999999996701,164.23633369833877,34.28557514948874,119.79641846303042,79.34411116998481,119.99697919962445,78.07692776098531,24.82980056303108,0.0,25.64752036774575,0.8727209448814393,0.9544542789459228,0.9734645128250122,0.8501670598983765,0.8608084596693516,0.9811767909210175,,,,,,
19.899999999966962,164.3935060050185,34.286206210749526,119.83231321840827,79.34867915829749,119.99408018528553,78.09788696740246,24.845053779196757,0.0,25.63192284433576,0.8728771209716797,0.9542757511138916,0.9731408596038819,0.850307059288025,0.8609017528593541,0.9810766698326916,,,,,,
19.919999999966915,164.54867047154684,34.2851661100324,119.86416152727699,79.3527956633453,119.99021628626498,78.12129790757406,24.85861268307548,0.0,25.61409167632232,0.8730363428592682,0.9540954828262329,0.9728183746337891,0.8504504442214966,0.8609990872442723,0.9809693705756217,,,,,,
19.93999999996687,164.70204471683567,34.28240965984226,119.89122337239803,79.35617246470119,119.98538874775889,78.14713040590527,24.87025762900435,0.0,25.594047405326158,0.8731977343559265,0.9539148807525635,0.9725013017654419,0.8505965232849122,0.8611004032194615,0.980856370460242,,,,,,
19.959999999966822,164.8538425277925,34.277713563825294,119.9128597941317,79.35864789812162,119.97959912550981,78.17535116552729,24.87977087613555,0.0,25.57181281655104,0.8733604431152344,0.9537353634834289,0.9721938371658325,0.8507446587085724,0.861205617338419,0.9807398424483835,,,,,,
19.979999999966775,165.00425131738183,34.27038810911799,119.92856526048476,79.36014171211363,119.9728492853054,78.20592381121541,24.886939478585155,0.0,25.547412910397956,0.8735234916210175,0.9535584092140198,0.971900200843811,0.850894045829773,0.861314532905817,0.9806219623424113,,,,,,
19.99999999996673,165.15339827908656,34.26007376051634,119.93798050460808,79.36067281760513,119.96514140237713,78.23880893627502,24.891563155042263,0.0,25.52087487141985,0.8738498449325562,0.9533977150917053,0.9716972470283508,0.8511789798736573,0.8616067983210087,0.9804958190536126,,,,,,
20.019999999966682,165.30156899486275,34.24678058356753,119.9408964900499,79.36038002927249,119.95647796069925,78.27396415333496,24.893464078654706,0.0,25.492228034656733,0.8741858363151551,0.9532405257225036,0.9715124368667603,0.8514730513095856,0.8619132436811925,0.9803697978844866,,,,,,
20.039999999966636,165.44879673632545,34.230721516930195,119.93725974956892,79.35950080269097,119.94686175218837,78.31134414898278,24.89249231958638,0.0,25.461503849394113,0.874529230594635,0.9530882358551025,0.9713503599166871,0.8517745733261108,0.8622325576841832,0.9802455810131505,,,,,,
20.05999999996659,165.5950999675118,34.21221298069776,119.92717539405574,79.35833500447791,119.93629587580368,78.3509007421717,24.88852915006543,0.0,25.42873584039068,0.874879264831543,0.9529398918151856,0.9712074279785157,0.8520828485488892,0.8625632978975774,0.9801241213921458,,,,,,
20.079999999966542,165.74070660561546,34.19157817489337,119.91090159951476,79.35722799926143,119.92478373654826,78.39258294632359,24.88149357323836,0.0,25.39395956662503,0.8752352118492127,0.9527945518493652,0.9710798978805542,0.8523972153663636,0.8629040338099003,0.9800058038439602,,,,,,
20.099999999966496,165.88551398630085,34.169103073426896,119.88887026513846,79.35657634526002,119.9123290443718,78.4363370350483,24.871352150259465,0.0,25.35721257761371,0.8755963385105133,0.9526509404182434,0.9709630250930786,0.8527169942855836,0.8632531382143498,0.9798907759599388,,,,,,
20.11999999996645,166.02936803382875,34.14504920940257,119.86177128354895,79.3568611490712,119.89893581297497,78.48210661139443,24.858132015797022,0.0,25.31853436735627,0.8759617269039155,0.9525077223777771,0.9708515167236328,0.8530413031578065,0.863608679920435,0.9797792740631849,,,,,,
20.139999999966403,166.17201854731366,34.119637825053736,119.83048522019158,79.35863647272338,119.884608358516,78.5298326805424,24.841937834031366,0.0,25.27796632596596,0.8763306975364685,0.9523631811141968,0.9707391262054443,0.8533694684505463,0.8639687396585942,0.9796719133388251,,,,,,
20.159999999966356,166.31312822876856,34.09305004610537,119.79600085792359,79.36246283129618,119.8693512982197,78.57945372584587,24.822959667564806,0.0,25.235551689047536,0.8767020761966706,0.952215576171875,0.9706190586090088,0.8537003636360169,0.8643308021128178,0.9795686260797083,,,,,,
20.17999999996631,166.45229041885892,34.065449277364365,119.75934968892992,79.36881787455042,119.85316954888954,78.63090578812384,24.801466613139414,0.0,25.1913354848867,0.8770746767520905,0.9520634412765503,0.9704851746559143,0.8540328443050385,0.8646924234926701,0.9794696882832795,,,,,,
20.199999999966263,166.5890450464571,34.036927793216634,119.72154805908069,79.37804250227622,119.83606832532304,78.68412254810104,24.777793257474617,0.0,25.14536447951795,0.8774473309516907,0.9519053220748901,0.9703315734863281,0.8543657839298249,0.865051231533289,0.979373695841059,,,,,,
20.219999999966216,166.72293112997818,34.007549507006004,119.68354301895023,79.39032599793744,119.81805313863137,78.73903541189031,24.752324442193796,0.0,25.097687119741156,0.8778193354606629,0.9517399549484253,0.9701531648635864,0.8546984672546387,0.8654054857790471,0.9792790082283318,,,,,,
20.23999999996617,166.85348582792952,33.97732090463187,119.6461643906786,79.40570153083728,119.79912979446321,78.79557359940686,24.725478260694373,0.0,25.048353474158784,0.8781899571418763,0.9515667200088501,0.9699471235275269,0.8550301969051362,0.8657538510859013,0.9791842221282423,,,,,,
20.259999999966123,166.9802773525496,33.946283908750864,119.61008504132602,79.42404135552982,119.7793043911338,78.85366423560049,24.697686569333847,0.0,24.997415172308887,0.878558760881424,0.9513851881027222,0.9697112321853638,0.8553605318069458,0.866095457226038,0.9790874355938286,,,,,,
20.279999999966076,167.10289369492523,33.91448353446027,119.57578967624727,79.44506042760233,119.75858331765978,78.91323244438806,24.669374257403703,0.0,24.944925341971153,0.8789256513118744,0.9511957049369812,0.9694461941719055,0.855689400434494,0.8664303578436375,0.9789873557165265,,,,,,
20.29999999996603,167.22096759170827,33.881952820016124,119.54355327245621,79.46833128019537,119.73697325170006,78.9742014451652,24.64093894257103,0.0,24.890938544725355,0.8792907357215882,0.9509988307952881,0.9691536903381348,0.8560169100761414,0.8667590536177159,0.9788824688643217,,,,,,
20.319999999965983,167.33419375444424,33.848712912231434,119.51342985733704,79.49331169859256,119.71448115740404,79.03649265177296,24.612731919867755,0.0,24.835510709844314,0.8796543478965759,0.9507955551147461,0.9688369989395141,0.8563434183597565,0.8670825637876988,0.9787717890692875,,,,,,
20.339999999965936,167.44233942837923,33.81477323940568,119.48525368564083,79.5193740820166,119.69111428316717,79.10002577379154,24.585040244143777,0.0,24.77869906660484,0.8800168037414551,0.9505874991416932,0.9685015678405762,0.8566692829132081,0.8674023367464543,0.9786543328082189,,,,,,
20.35999999996589,167.5452493657687,33.780135233382175,119.45865390244181,79.54583680127884,119.66688015929513,79.16471892003095,24.558070945456993,0.0,24.72056207510279,0.8803788006305695,0.9503762483596802,0.9681532740592956,0.8569952189922333,0.8677202917635441,0.9785300372634083,,,,,,
20.379999999965843,167.64284273017054,33.74480659524871,119.43307983829898,79.57200322094972,119.64178659557706,79.23048870408479,24.531939330092506,0.0,24.661159355659773,0.8807411551475526,0.9501639008522034,0.9677999496459961,0.857322096824646,0.8680388249456883,0.9783986299764365,,,,,,
20.399999999965797,167.73513409976115,33.7087238426818,119.407836729939,79.59720299494035,119.61584167876872,79.29725035181146,24.50666248496424,0.0,24.600551616910998,0.881104475259781,0.9499526500701905,0.9674498438835144,0.8576505780220032,0.8683601595461369,0.9782607767730951,,,,,,
20.41999999996575,167.82223472720523,33.67177873077641,119.38212885120765,79.62083303725203,119.58905376998646,79.36491781060397,24.48215841840802,0.0,24.538800582665424,0.8814696550369263,0.9497440934181214,0.9671095132827758,0.8579815924167633,0.8686864949762821,0.9781168740708381,,,,,,
20.439999999965703,167.90431141491638,33.63391300492656,119.35510812472516,79.64239312442145,119.56143150201275,79.43340386030769,24.458250703006808,0.0,24.47596891763076,0.8818375706672669,0.9495403885841369,0.9667877435684205,0.858316069841385,0.8690204061567783,0.9779685965273529,,,,,,
20.459999999965657,167.9815721490338,33.59508118405479,119.32592643855799,79.6615154113468,119.53298377651404,79.50262022564306,24.434678421842463,0.0,24.4121201520973,0.8822086691856384,0.9493431925773621,0.9664911270141602,0.8586545467376709,0.8693635858595372,0.9778171603102237,,,,,,
20.47999999996561,168.0542599872373,33.55524261702699,119.29378769133642,79.6779861428342,119.5037197611722,79.57247768998815,24.411111174240155,0.0,24.347318605676186,0.882583624124527,0.9491536140441894,0.9662246704101562,0.8589977025985718,0.8697176672518254,0.9776984095573426,,,,,,
20.499999999965564,168.12263872985747,33.5143669055958,119.257998092458,79.69176056523033,119.47364888673002,79.64288621037473,24.387168518959815,0.0,24.281629310188194,0.8829625189304352,0.9489728450775147,0.9659931182861328,0.8593457221984864,0.8700836159288884,0.977588701248169,,,,,,
20.519999999965517,168.18697604664263,33.4724389136548,119.21801095113629,79.70296729495102,119.44278084395202,79.71375503354943,24.36244274412139,0.0,24.21511793180083,0.883345365524292,0.9488014101982116,0.9657986521720886,0.8596986591815949,0.8706862971186639,0.9775863063288852,,,,,,
20.53999999996547,168.2475263807851,33.4294629025153,119.1734616825644,79.71190243762456,119.41112558050155,79.78499281295034,24.336523568264425,0.0,24.147850692512204,0.8838336825370788,0.9486586928367615,0.9657096982002258,0.8601682841777802,0.8716644287109375,0.977829092554748,,,,,,
20.559999999965424,168.304514079513,33.38546798929755,119.12419489225204,79.71901059580271,119.37869329773491,79.85650772644836,24.309023210199708,0.0,24.07989429108071,0.8843290746212006,0.9485242247581482,0.9656519412994384,0.8606471300125123,0.8723081961274147,0.9777229009196162,,,,,,
20.579999999965377,168.35811731905463,33.340522068799785,119.07027834657475,79.72481419282755,119.34549444741387,79.92820759470173,24.279601439640373,0.0,24.011315823500468,0.8848289668560029,0.9483983993530274,0.9656269907951355,0.8611324548721314,0.8729629814624786,0.977619212679565,,,,,,
20.59999999996533,168.40844641705988,33.29477719156972,119.01199232692414,79.72982532074221,119.31153972833745,79.99999999997071,24.247998290932077,0.0,23.942182703123216,0.8852066040039063,0.94821138381958,0.9655426263809204,0.8615776777267456,0.8735675409436227,0.9774604020640254,,,,,,
20.619999999965284,168.45555784324517,33.248158447214365,118.94979751121436,79.73451908781828,119.27684008289404,80.07179240523973,24.214073787299377,0.0,23.87256258052701,0.8855379402637482,0.9480049967765808,0.9654484748840332,0.8620084166526795,0.8741534337401391,0.9772816119715572,,,,,,
20.639999999965237,168.4995043298593,33.20079489474907,118.8843141980602,79.73881718552755,119.24140669353513,80.14349227349321,24.177853335552225,0.0,23.802523263233304,0.885871285200119,0.9478039264678955,0.9653672695159912,0.862440174818039,0.8747381195425987,0.9771051583811641,,,,,,
20.65999999996519,168.54017174566775,33.15297928929585,118.81628489421819,79.74267222577159,119.20525097917151,80.21500718699143,24.139637934344478,0.0,23.73213263537326,0.8862032294273376,0.9476031422615051,0.9652858257293702,0.8628714323043823,0.8753229096531868,0.9769282994791866,,,,,,
20.679999999965144,168.57731623846138,33.10500544219031,118.7465305570182,79.74761696217763,119.16838459149345,80.28624496639259,24.09999454708128,0.0,23.66145857740494,0.8865299940109254,0.9473980665206909,0.9651915550231933,0.8633000731468201,0.8759028226137162,0.9767485914751888,,,,,,
20.699999999965097,168.61061879248462,33.05709167206926,118.67616091158344,79.75447542762764,119.13081941121574,80.35711378956763,24.059442777814493,0.0,23.590568885982208,0.8868463337421417,0.9471855521202087,0.965073311328888,0.8637217879295349,0.8764540195465088,0.9765647230669856,,,,,,
20.71999999996505,168.63977463243418,33.00894848988009,118.60656772573088,79.77067535892,119.09256754424898,80.42752230995464,24.018198137804603,0.0,23.519531194076464,0.8871482133865357,0.9469625353813171,0.9649211406707764,0.8641334831714631,0.8769775420427323,0.9763752279803157,,,,,,
20.739999999965004,168.66452022822563,32.95962642952899,118.5406125848077,79.79991476119201,119.05364131779824,80.49737977430021,23.97495776027102,0.0,23.448412891451618,0.8874178230762482,0.9467337250709533,0.9647271871566773,0.8645141482353211,0.8773763656616211,0.9761857448145748,,,,,,
20.759999999964958,168.6846227602421,32.90895201031316,118.48145375164722,79.82386747644004,119.01405327639048,80.56659613963613,23.927634131774365,0.0,23.377281045592465,0.8876485764980316,0.946505331993103,0.9644970178604126,0.8648539662361145,0.8776740878820419,0.9760013757273555,,,,,,
20.77999999996491,168.6998917120979,32.85712914352329,118.42800439647068,79.84633628015666,118.97381617783189,80.6350821893405,23.87738185453175,0.0,23.306202323185737,0.8878645181655884,0.9462625741958618,0.9642239809036255,0.8651844263076782,0.878136257827282,0.9758089004084468,,,,,,
20.799999999964864,168.71019412817708,32.80427938114102,118.37678953731107,79.88036670715334,118.93294298909653,80.7027496481337,23.827530737221867,0.0,23.235242912252648,0.8880521178245545,0.9460083365440368,0.9639002919197083,0.8654897630214692,0.8785185486078263,0.9756121693179012,,,,,,
20.819999999964818,168.71546243634268,32.750412421054165,118.32662548705308,79.92336977273953,118.89144688214749,80.76951129586114,23.779622387099923,0.0,23.164468445030504,0.8882055282592773,0.9457484602928161,0.963538122177124,0.8657642841339112,0.8787232488393784,0.9754154143854976,,,,,,
20.83999999996477,168.7156975151695,32.69551930084104,118.27862101405711,79.9648665941079,118.84934122969204,80.83528107991583,23.732971975471752,0.0,23.09394392170025,0.8882833123207092,0.9454514384269714,0.9630684137344361,0.8659922599792481,0.8788935348391533,0.9752011833712458,,,,,,
20.859999999964725,168.71095869980843,32.63964241478305,118.23326696651077,80.00234411595227,118.80663960087217,80.89997422615615,23.686906105833636,0.0,23.023733635055734,0.8883317649364472,0.9451460599899292,0.9625927686691285,0.8662139654159546,0.8791648283600808,0.9749733624979854,,,,,,
20.879999999964678,168.70150917492157,32.58250387661167,118.18956138636963,80.0399683274173,118.76335575689164,80.96350734817571,23.641643794752273,0.0,22.953901096208654,0.8883353054523468,0.9448289155960083,0.9621392488479614,0.8664398431777954,0.8794819325208665,0.9747175989672542,,,,,,
20.89999999996463,168.68764573215074,32.52401943067235,118.14627514885896,80.07947965398104,118.71950364658127,81.02579855478452,23.597376262821026,0.0,22.884508961422593,0.8883303284645081,0.944525134563446,0.9616916418075562,0.8666455507278443,0.8797285750508309,0.9744735656306147,,,,,,
20.919999999964585,168.66969201635345,32.4641149328452,118.10266039501626,80.1181572839422,118.67509740190377,81.08676755556277,23.553654538485098,0.0,22.815618960167516,0.8883245468139649,0.9442425489425659,0.9612715125083924,0.8668351292610169,0.8799366727471352,0.974245828203857,,,,,,
20.939999999964538,168.64797947848265,32.40279256377075,118.05785237869519,80.15426445502212,118.63015133339948,81.14633576435152,23.509850241180434,0.0,22.747291824484464,0.8883230686187744,0.9439851403236389,0.96089186668396,0.8670121788978578,0.880157108604908,0.9740365682169795,,,,,,
20.95999999996449,168.6237456465706,32.33967005030799,118.01044141980063,80.18912260951029,118.5846799255746,81.20442640054638,23.46552309216603,0.0,22.67958721974887,0.8883302092552186,0.9437516689300537,0.9605572581291199,0.8671829819679261,0.8803895488381386,0.9738438306376338,,,,,,
20.979999999964445,168.59739526084581,32.27433338474525,117.95906040070547,80.22355967563112,118.53869783223334,81.26096458806423,23.420118936909567,0.0,22.612563676918594,0.8883597254753113,0.9435634136199951,0.9603180289268494,0.8673498749732972,0.8806107923388482,0.9736816702410579,,,,,,
20.9999999999644,168.56957255799142,32.206478464377994,117.90283263766341,80.25641141506702,118.49221987175557,81.31587745185485,23.37275376825689,0.0,22.546278526351276,0.8884052932262421,0.9434175491333008,0.9601625204086304,0.8675071835517884,0.8808166235685349,0.9735496697947383,,,,,,
21.01999999996435,168.54095531865477,32.13599342473156,117.84103887397,80.28538115140604,118.44526102232132,81.36909421183347,23.322575695425673,0.0,22.480787833273098,0.888467401266098,0.9433183193206787,0.960098147392273,0.8676526427268982,0.8810241684317589,0.9734514413401485,,,,,,
21.039999999964305,168.51218498303766,32.06300494399766,117.77263096579219,80.31046937962482,118.39783641708391,81.42054627411291,23.2693160182417,0.0,22.41614633497933,0.888551425933838,0.9432670116424561,0.9601340413093566,0.8677921056747437,0.8812546506524086,0.973386806063354,,,,,,
21.05999999996426,168.48382504342678,31.987831294812256,117.6965482765827,80.33297760906133,118.34996133929306,81.47016731941788,23.213196715853467,0.0,22.352407379844404,0.8886556923389435,0.9432559847831726,0.9602563381195068,0.8679287910461426,0.881488311290741,0.9733500180765986,,,,,,
21.079999999964212,168.45632853761245,31.91094202132169,117.61243514164913,80.35271306470358,118.30165121736964,81.51789338856743,23.154424400853596,0.0,22.289622868217077,0.8887750744819641,0.9432760715484619,0.960444164276123,0.868062710762024,0.8817103698849679,0.9733349619433284,,,,,,
21.099999999964165,168.43000199766536,31.83298302715937,117.52082455272695,80.36818621872202,118.25292161993362,81.5636629649152,23.09307266819494,0.0,22.227843195273852,0.8889038324356079,0.9433209776878357,0.9606800675392151,0.8681910812854767,0.8819304034113884,0.973337977938354,,,,,,
21.11999999996412,168.4049862277857,31.754743292324573,117.42273913059113,80.37928986814428,118.2037882507869,81.60741705364157,23.02939594185034,0.0,22.16711719590102,0.889038473367691,0.943384850025177,0.960950243473053,0.8683135986328125,0.882160183787346,0.9733551798388362,,,,,,
21.139999999964072,168.3812481084293,31.6771113466287,117.31953112989434,80.38720766942134,118.15426694385253,81.64909925779516,22.96395419937114,0.0,22.107492091673343,0.8891725420951844,0.943458890914917,0.9612330675125123,0.8684283375740052,0.8823813900351525,0.973380988650024,,,,,,
21.159999999964025,168.35858074592363,31.6010249429395,117.21302115156416,80.39306521129514,118.104373658072,81.68865585098582,22.897455919162468,0.0,22.049013439994386,0.8892975211143493,0.9435326814651489,0.9615022420883179,0.8685319662094116,0.8825736150145531,0.9734090505167842,,,,,,
21.17999999996398,168.33661731969684,31.52739645007969,117.10550591140398,80.3977817964259,118.05412447226225,81.72603584663545,22.830629578803105,0.0,21.991725085460935,0.8894033551216126,0.9435941576957703,0.9617276310920715,0.8686204195022583,0.8827293217182159,0.9734319863840938,,,,,,
21.199999999963932,168.31485391163068,31.457041551745572,116.99957744341842,80.40246499760637,118.003535579934,81.76119106369723,22.764218897759143,0.0,21.93566911351092,0.889482194185257,0.9436352729797364,0.9618881702423095,0.8686895966529846,0.882842230796814,0.9734452186152339,,,,,,
21.219999999963886,168.29268221075765,31.3906412940477,116.89787736869935,80.40838214202834,117.95262328407323,81.7940761887587,22.69900673265453,0.0,21.880885806411257,0.8895256340503693,0.9436472415924072,0.9619610786437989,0.8687351822853089,0.8829021140933037,0.9734436569735407,,,,,,
21.23999999996384,168.26942204725339,31.328756310394553,116.8028923880246,80.41675306909725,117.90140399188726,81.82464883444872,22.635812036583985,0.0,21.827413601639044,0.8895268321037293,0.9436235547065734,0.9619286298751831,0.8687532663345338,0.8829001381993294,0.9734237132593989,,,,,,
21.259999999963792,168.24434217259895,31.271726998545464,116.71679130461533,80.42862646047098,117.84989420951739,81.85286959407267,22.575458405985717,0.0,21.775289052706643,0.8894796669483185,0.9435593366622925,0.9617757558822632,0.8687395989894867,0.8828289046883583,0.9733829436823725,,,,,,
21.279999999963746,168.216878075708,31.219419748405734,116.64129460082414,80.44481442515819,117.79811053671938,81.87870209240585,22.51871858986348,0.0,21.72454679247735,0.889380168914795,0.9434523820877075,0.9614931225776673,0.8686907351016999,0.8826846778392792,0.9733205733820796,,,,,,
21.2999999999637,168.18650955051032,31.171673343750626,116.57757492050004,80.46577228933128,117.74606966151414,81.90211303257945,22.46624217570568,0.0,21.675219499016116,0.8892280161380768,0.9433038234710693,0.9610799670219421,0.8686053514480592,0.8824676856398582,0.9732376275584101,,,,,,
21.319999999963652,168.15281518761935,31.128175966356416,116.5261762636628,80.49147567622722,117.69378835480964,81.9230722389986,22.418495199916514,0.0,21.62733786401552,0.889025741815567,0.9431167840957642,0.96054128408432,0.8684843182563782,0.8821835115551949,0.9731360612437129,,,,,,
21.339999999963606,168.11551838698932,31.088422881023714,116.48693386255643,80.52154930034139,117.64128346499633,81.94155269623732,22.3757338995747,0.0,21.58093056383457,0.8887771904468537,0.9428961157798768,0.959885835647583,0.868328869342804,0.8818399578332902,0.9730188904330135,,,,,,
21.35999999996356,168.074529214777,31.05174438219148,116.45894651020356,80.55532062534456,117.58857191251747,81.95753058386012,22.33798385257235,0.0,21.53602423318407,0.888489955663681,0.9426512718200684,0.9591342329978942,0.8681417763233186,0.8814466834068299,0.9728920159861445,,,,,,
21.379999999963513,168.0298400519947,31.01735472096216,116.44060369612471,80.59174064232703,117.53567068441629,81.97098530712537,22.30501364273207,0.0,21.492643441489165,0.8881742000579834,0.942393958568573,0.9583147287368774,0.8679274678230287,0.8810159772634507,0.9727625427767634,,,,,,
21.399999999963466,167.98230480994962,30.984355759384407,116.42960904892786,80.62938998430829,117.48259682886166,81.98189952353104,22.276327152085972,0.0,21.45081067195597,0.8878417015075684,0.9421377420425415,0.9574621677398681,0.8676912426948548,0.8805621489882469,0.9726386604830622,,,,,,
21.41999999996342,167.93251220002867,30.95177552801944,116.42306159801826,80.66659792975422,117.42936744965411,81.99025916516825,22.251181026878946,0.0,21.410546303365948,0.8875054478645324,0.9418968200683594,0.9566160440444946,0.8674395442008973,0.8801018446683884,0.9725287614390254,,,,,,
21.439999999963373,167.88122335349178,30.918695466048213,116.4175895937988,80.70158579111589,117.37599970071383,81.99605345685427,22.22861293132901,0.0,21.37186859461784,0.8871797442436219,0.9416863918304443,0.955821442604065,0.8671799063682557,0.8796519726514817,0.9724417267367244,,,,,,
21.459999999963326,167.82949335666882,30.884274132303847,116.40953010819936,80.73250824009241,117.32251078055266,81.99927493002106,22.207469449990175,0.0,21.334793672033868,0.8868781745433808,0.9415215253829956,0.9551242709159851,0.8669191241264343,0.8792267352342606,0.9723864255473018,,,,,,
21.47999999996328,167.77856580260203,30.847796815594055,116.39513176473663,80.75747040454911,117.26891792673155,81.99991943234207,22.186450700693758,0.0,21.299335519442693,0.8866138458251953,0.941415810585022,0.9545688629150391,0.8666643977165223,0.8788405120372773,0.9723705587908625,,,,,,
21.499999999963233,167.72979865633977,30.808729924676854,116.37075141566235,80.77471225838012,117.21523841030555,81.99798613308428,22.164189771165674,0.0,21.2655059710488,0.8863978624343872,0.9413804411888123,0.9541933536529541,0.8664220690727235,0.8785055175423623,0.9724003491923213,,,,,,
21.519999999963186,167.68459178938994,30.766769680211418,116.33306194054441,80.78279345391468,117.16148953025794,81.99347752417901,22.139344584145302,0.0,21.233314707093736,0.886239516735077,0.941423487663269,0.954027783870697,0.8661982536315919,0.8782311066985131,0.9724797425791621,,,,,,
21.53999999996314,167.64431037513438,30.721879826061798,116.2792854325989,80.78065916527544,117.10768860792545,81.98639941700995,22.11067583877862,0.0,21.202769252311377,0.8861446201801301,0.941549551486969,0.9540900468826294,0.865996915102005,0.8780211091041565,0.9726106820628047,,,,,,
21.559999999963093,167.61020487354637,30.674318839830438,116.20742496781446,80.76765332312918,117.05385298141613,81.97676093492254,22.07711633893719,0.0,21.173874977175622,0.8861153364181519,0.9417577981948853,0.9543819427490234,0.8658210396766663,0.8778760746121407,0.9727915463969111,,,,,,
21.579999999963047,167.58333168767297,30.624653251689328,116.11645111491374,80.74361740901192,117.00000000002197,81.9645745014644,22.03784941579715,0.0,21.146635101935548,0.8861498773097992,0.9420434474945069,0.9548909544944764,0.8656712055206299,0.8777923315763474,0.9730184493586421,,,,,,
21.599999999963,167.56447936190693,30.573750015529754,116.0064357475383,80.70904555449701,116.9461470186278,81.94985582437202,21.992387626261973,0.0,21.12105070342898,0.8862421452999115,0.942396605014801,0.9555883884429932,0.8655460596084595,0.8777610778808594,0.9732845006510615,,,,,,
21.619999999962953,167.5541055853337,30.522744567451497,115.87864853918208,80.66513582105038,116.89231139211846,81.93262387532418,21.940622868905486,0.0,21.097120724662556,0.8863815665245056,0.9428024768829346,0.9564305663108825,0.8654420614242554,0.8777678593993188,0.9735800443217159,,,,,,
21.639999999962907,167.55229003224107,30.47299060896598,115.73559923890772,80.6136656401874,116.83851046978593,81.91290086548835,21.882842690490566,0.0,21.074841987142047,0.8865531265735627,0.9432425498962402,0.9573622465133667,0.8653529047966004,0.877793049812317,0.9738936720415949,,,,,,
21.65999999996286,167.55870784921714,30.425697851875622,115.58101603504396,80.55914784264846,116.78476158973827,81.89071221689157,21.81970568118223,0.0,21.054209205933727,0.8867386758327485,0.9436955094337464,0.958321487903595,0.8652705669403077,0.877814668416977,0.9742126641795039,,,,,,
21.679999999962813,167.57261679706218,30.381361539713613,115.42020487904391,80.50617980927035,116.73108207331221,81.86608652965268,21.75182099541604,0.0,21.03521500743377,0.886880773305893,0.9441240549087524,0.9592818737030029,0.8652034640312195,0.8778272330760957,0.9744912562891841,,,,,,
21.699999999962767,167.592864422737,30.340486262376324,115.25974383545544,80.45575566315674,116.67748921949101,81.83905554511803,21.67969019729443,0.0,21.017849949819208,0.8869816720485687,0.9445202589035034,0.960138463973999,0.8651136279106141,0.8777560085058213,0.9747497973963618,,,,,,
21.71999999996272,167.61793227036117,30.303724101043304,115.10603484569344,80.41123942318313,116.62400029932975,81.80965410494849,21.604526387185633,0.0,21.002102546150685,0.8870243310928345,0.944863247871399,0.9608299493789673,0.8649893999099731,0.8776135161519051,0.9749792514368891,,,,,,
21.739999999962674,167.6460033037149,30.271863364264433,114.96473153771755,80.37773275178947,116.57063255038938,81.77792010621017,21.528450504910236,0.0,20.98795929009348,0.8869849562644959,0.945133113861084,0.9613019227981567,0.8648166060447693,0.8773508325219155,0.9751697001978755,,,,,,
21.759999999962627,167.67509544076998,30.24551909570177,114.84105900908857,80.35840896650463,116.5174031711817,81.74389445252682,21.4539292669884,0.0,20.975404684220432,0.8868436813354492,0.9453141450881958,0.961511242389679,0.8645831406116486,0.8769284516572953,0.9753135381266475,,,,,,
21.77999999996258,167.70320945980552,30.225425668455216,114.73979935226517,80.35403419957072,116.46432931562694,81.70762100135708,21.38337823423897,0.0,20.964421270856466,0.8865842461585999,0.9453930139541626,0.9614199161529541,0.8642794847488404,0.8763487339019775,0.9754043279215694,,,,,,
21.799999999962534,167.72838258061188,30.212241812398677,114.66475140135302,80.36482856736453,116.41142808752561,81.66914650746428,21.31918847076718,0.0,20.954989665421685,0.8861983895301819,0.9453617095947265,0.9610026836395263,0.8639015197753906,0.8756284400820733,0.9754381714388728,,,,,,
21.819999999962487,167.74885089934693,30.20646073383491,114.61823218096936,80.39088696158856,116.35871653504658,81.62852056265169,21.263725239195217,0.0,20.947088592226475,0.8843024790287018,0.9420377492904664,0.9524290561676025,0.8635617971420289,0.8742587104439736,0.9734279094263911,,,,,,
21.83999999996244,167.76319038952025,30.208359795020087,114.60095972664932,80.43121371352748,116.3062116452331,81.58579553184111,21.219092757820505,0.0,20.940694922668975,0.8831331133842468,0.9368191480636596,0.9410788774490356,0.8653891682624817,0.8758336573839188,0.9694514213129878,,,,,,
21.859999999962394,167.7704362492098,30.21795952083006,114.61204674956315,80.48326886518318,116.2539303385284,81.54102648557696,21.186882161547853,0.0,20.9357837157822,0.8822658956050873,0.9321925282478333,0.930871558189392,0.8672361731529237,0.8776138700544834,0.9655808625742793,,,,,,
21.879999999962347,167.77017913487853,30.234995435319405,114.64892239737131,80.54346671473526,116.20188946332297,81.49427112904289,21.16806825502691,0.0,20.932328261075273,0.8810707628726959,0.9277970552444458,0.9199872255325318,0.8684476494789124,0.8785321727395058,0.9618385968729853,,,,,,
21.8999999999623,167.76263914831668,30.258903591977138,114.70730703242519,80.60767935439128,116.15010579052475,81.44558972768255,21.162975190786703,0.0,20.930300123609733,0.8798304498195648,0.9234718561172486,0.9099246263504028,0.8695561289787292,0.8793548837304116,0.9569528518244624,,,,,,
21.919999999962254,167.7494085068612,30.28619360913305,114.77787977240266,80.69060604763324,116.09859600815463,81.3950450295203,21.1708834383339,0.0,20.929669191249822,0.8785344541072846,0.9194947004318237,0.900338900089264,0.870356822013855,0.8799888208508492,0.9510613976046443,,,,,,
21.939999999962208,167.73582649472996,30.2998263674571,114.84147882795331,80.86944799924038,116.04737671596844,81.34270218428202,21.18382354939404,0.0,20.93040372402205,0.877393525838852,0.9159735918045044,0.8919162571430207,0.871034985780716,0.8803502820432186,0.9455238757655025,,,,,,
21.95999999996216,167.73022473133216,30.267591378728856,114.89280971217127,81.16922705155405,115.99646442010742,81.28862865942008,21.1697015643668,0.0,20.932470405517297,0.8761202394962311,0.9129738211631775,0.8839158952236176,0.8711738169193268,0.8792095229029656,0.9409342465922237,,,,,,
21.979999999962114,167.74150284241836,30.160396917180133,114.94057333933347,81.4391728389945,115.94587552777888,81.2328941531511,21.079120113159327,0.0,20.935834396265626,0.8754071235656739,0.9109483003616333,0.8790775537490845,0.8714551091194154,0.8781001158058643,0.9375730214640499,,,,,,
21.999999999962068,167.77750569195592,29.958041840448438,114.96041574079592,81.66193685387223,115.89562634196884,81.17557050461812,20.889447990577505,0.0,20.94045938901182,0.8752022445201875,0.910216236114502,0.8775145173072816,0.871627676486969,0.8811745166778565,0.9389649242162704,,,,,,
22.01999999996202,167.8437941861796,29.644457522690434,114.90383249128423,81.99663606952444,115.84573305618801,81.11673160129348,20.609297915091815,0.0,20.94630766581683,0.8752475261688233,0.9100542902946472,0.8774462342262268,0.8717912197113038,0.8820268094539643,0.9388048861175775,,,,,,
22.039999999961974,167.9436576400378,29.210603895738405,114.76041917863769,82.45174841148204,115.79621174925335,81.05645328374126,20.235645621751836,0.0,20.95334015690844,0.8763122379779816,0.9117477178573609,0.8829042196273804,0.8722054958343506,0.8827952682971955,0.9423176795244217,,,,,,
22.059999999961928,168.07836933002756,28.65964220403806,114.55930145627711,82.85770313875197,115.7470783801063,80.99481324786245,19.748725280547664,0.0,20.961516501201846,0.878063327074051,0.9147481322288513,0.8923699378967286,0.8727260053157807,0.8838588118553162,0.947803869098425,,,,,,
22.07999999996188,168.24528131471692,28.008926106536265,114.3055839353052,83.15254625108481,115.69834878266994,80.93189094474852,19.15436307329444,0.0,20.970795108408993,0.8804629623889924,0.9189048528671264,0.9055845022201539,0.8733526468276978,0.8852093517780304,0.953048424422741,,,,,,
22.099999999961835,168.43982994943752,27.28619814579089,113.96212806098941,83.41390116069533,112.00060917298129,80.86776747827281,18.495700373739055,0.0,18.5952863294377,0.883203399181366,0.9241299152374267,0.9195148825645447,0.8736007273197175,0.8863667190074921,0.9592897247523069,,,,,,
22.119999999961788,168.65790438852954,26.52175628373562,113.50190511650584,83.70463744751557,113.023268956374,85.54272837803283,17.81539331675048,0.0,16.207562083555864,0.8862061500549316,0.9293666958808899,0.9330543875694275,0.8740559101104737,0.9097022444009781,0.9610723495483399,,,,,,
22.13999999996174,168.8936853881664,25.743136385409787,112.95239573252556,83.93767807387569,113.04652531219764,85.02731479925943,17.123043624442463,0.0,16.55972233058507,0.8883423030376435,0.9339577436447144,0.9449714183807373,0.8738234877586365,0.8806548848748208,0.9652474052738398,,,,,,
22.159999999961695,169.1429219545437,24.971809945234934,112.35918181571266,84.02075810293302,113.06975647374396,85.05460921519199,16.415210679507634,0.0,16.557065941994402,0.8902081549167633,0.9379636406898498,0.954408609867096,0.8735252261161804,0.8869011551141739,0.9683547026943415,,,,,,
22.179999999961648,169.39971384400155,24.228519112660937,111.73264399650594,83.99446023894724,113.09294986092918,85.08186287968162,15.707958895903076,0.0,16.554411499697377,0.892614620923996,0.9419726133346558,0.9635031461715698,0.8738079071044922,0.8895850248634816,0.9712089545559138,,,,,,
22.1999999999616,169.65540948058776,23.535098939857168,111.06596036002331,83.9289426203266,113.11609291412496,85.10905545502254,15.028690092552425,0.0,16.55176408868111,0.8935240983963013,0.9446374773979187,0.9685042977333069,0.8732809662818909,0.8906957045197487,0.9731946236919612,,,,,,
22.219999999961555,169.89840560075191,22.913684199533176,110.38998358669015,83.81719596567302,113.13917310095974,85.13616664909593,14.392643122730721,0.0,16.549128781949197,0.8946644723415375,0.9475163459777832,0.9736563920974731,0.8729368329048157,0.8915841668844223,0.9752245671581476,,,,,,
22.23999999996151,170.1190199146441,22.384000966073806,109.75100845281825,83.65500664623896,113.16217792310519,85.16317623051276,13.80895689406101,0.0,16.546510635058638,0.8951409697532654,0.9497264623641968,0.9773253917694091,0.8723830580711365,0.89214988052845,0.9766999728512019,,,,,,
22.25999999996146,170.3100947625216,21.962455754016577,109.14763973309697,83.48707227664406,113.18509492304429,85.19006404371117,13.294784307288417,0.0,16.543914680674522,0.894573575258255,0.9505180358886719,0.9781453371047973,0.8715485095977784,0.892160539329052,0.9771805889438838,,,,,,
22.279999999961415,170.45646344209925,21.660233392737545,108.64571310690371,83.35126070820513,113.20791169081728,85.21681002399728,12.866145801472458,0.0,16.541345923147183,0.893883240222931,0.9511946439743042,0.9785065174102783,0.8705508470535279,0.8914376735687256,0.9776290542911739,,,,,,
22.29999999996137,170.54603599546545,21.483437487616076,108.2833365245993,83.27793082872095,113.23061587074191,85.24339421251828,12.536712216985189,0.0,16.538809333116788,0.8932717561721802,0.951679813861847,0.9787050008773803,0.8696951270103455,0.8903230026364327,0.9779739386867732,,,,,,
22.319999999961322,170.57064453504506,21.43270931881887,108.08806694637586,83.28281986005729,113.25319516810423,85.26979677115641,12.315755251103015,0.0,16.53630984215048,0.8929630219936371,0.9518908739089966,0.9787949204444886,0.8692991614341736,0.8893343701958657,0.9781185037922114,,,,,,
22.339999999961275,170.52389129382328,21.503877317856652,108.07712303994218,83.36773606899443,113.27563735581637,85.29599799733296,12.20781008425387,0.0,16.533852337416697,0.8924538433551789,0.9518024444580078,0.9785386085510254,0.868810909986496,0.887662447988987,0.9781359441112727,,,,,,
22.35999999996123,170.40319825357108,21.688704946774244,108.25146506207456,83.53162405370877,113.29793028103781,85.32197833871102,12.214729075364659,0.0,16.531441656401825,0.8914973020553589,0.9515580177307129,0.9779612064361572,0.8679113626480103,0.8850984677672387,0.9781370646785945,,,,,,
22.379999999961182,170.2102790535885,21.97486980934591,108.59516812060198,83.7680683257189,113.32006187175625,85.34771840778622,12.335419502292673,0.0,16.529082581673688,0.8908675909042358,0.9510083317756652,0.977125608921051,0.8673920154571534,0.8827587097883225,0.9779803402256221,,,,,,
22.399999999961135,169.95112026208926,22.347404590801528,109.08437846708227,84.05540656346078,113.3420201433249,85.37319899635436,12.563953041518541,0.0,16.526779835697,0.8898160398006439,0.9495995759963989,0.972935926914215,0.8662370979785919,0.8791952423751355,0.9775499470066279,,,,,,
22.41999999996109,169.63245739397317,22.79021612289367,109.6900189630783,84.36582882496455,113.36379320495234,85.39840108984536,12.891106659172333,0.0,16.52453807570524,0.8878639519214631,0.9473502397537231,0.9663434505462647,0.86473308801651,0.8752851381897927,0.976555848820135,,,,,,
22.439999999961042,169.26350699449551,23.286993331739875,110.37737536638816,84.6783368250047,113.3853692661416,85.42330588151258,13.307278729584056,0.0,16.52236188863386,0.8843078374862671,0.9438079118728637,0.9561025142669678,0.8627299785614014,0.8711972855031491,0.9746824033092707,,,,,,
22.459999999960996,168.856147716647,23.820563448099964,111.11050241271276,84.97517513987918,113.40673664307491,85.44789478646712,13.802443135504397,0.0,16.52025578611931,0.8806778192520142,0.9399791598320008,0.9436937570571899,0.8608279585838319,0.8676673457026483,0.9725800282787531,,,,,,
22.47999999996095,168.4223859152139,24.371764007029547,111.85706623659323,85.23550712038283,113.42788376494072,85.47214945554661,14.365029210147158,0.0,16.518224199568547,0.8775908827781678,0.936291241645813,0.9306683778762818,0.8593556761741639,0.8650682546198368,0.9704532630275935,,,,,,
22.499999999960902,167.9708205910454,24.92113080675344,112.58728138874116,85.45025275180977,113.44879918019949,85.49605178900802,14.982456789746559,0.0,16.51627147530358,0.875166404247284,0.9329066634178161,0.9182299256324769,0.8583964586257935,0.863563846051693,0.9683851249050349,,,,,,
22.519999999960856,167.51376809863814,25.4469067976173,113.27786582541967,85.62842966123681,113.46947156278489,85.51958395003435,15.636184533116676,0.0,16.51440186978539,0.8732050657272339,0.9299013137817382,0.9070590257644654,0.8576779186725617,0.8625699877738953,0.9664987094234675,,,,,,
22.53999999996081,167.06622458520474,25.927316801755147,113.91769827288765,85.73647769775525,113.48988971823705,85.54272837804514,16.294328978904158,0.0,16.512619544921773,0.8718853116035462,0.9276448965072632,0.8968145430088044,0.8571697771549225,0.8629503563046456,0.9663518944755196,,,,,,
22.559999999960763,166.64451587049686,26.341590459717924,114.4824510847576,85.74335864672769,113.51004258976461,85.56546780180085,16.9228883545914,0.0,16.510928563463338,0.8709330081939698,0.92564857006073,0.8887571036815644,0.8570035755634309,0.8632895156741143,0.9653102479875088,,,,,,
22.579999999960716,166.2647218062602,26.673417751968472,114.92643302901365,85.64446812991385,113.5299192642321,85.58778525229128,17.496116540334143,0.0,16.509332884491904,0.8704393148422241,0.9240745544433594,0.8836037278175354,0.8572222352027894,0.8634662434458733,0.9632771895965562,,,,,,
22.59999999996067,165.94359302424706,26.911977616280772,115.20311485857529,85.43877339350799,113.54950897806967,85.60966407539853,17.99454894831289,0.0,16.50783635900549,0.8705791711807251,0.9231613636016845,0.8821127235889435,0.8578682065010071,0.8642209216952325,0.9620758295059204,,,,,,
22.619999999960623,165.69662382214375,27.052131436432372,115.28456625789339,85.11821702272137,113.5688011231017,85.63108794432482,18.400997207639296,0.0,16.506442725604057,0.8714709520339966,0.9231035947799683,0.8850324869155884,0.8589967727661133,0.8676035657525063,0.9616637384984642,,,,,,
22.639999999960576,165.5304764833734,27.096831749482714,115.16316342805219,84.66146574053704,113.58778525229128,85.6520408717763,18.70251237277962,0.0,16.505155606279725,0.8734737634658813,0.9240884184837341,0.8933002769947053,0.8609687566757203,0.8718633726239204,0.9618020544759929,,,,,,
22.65999999996053,165.44930693205944,27.05747344402687,114.83795197946405,84.07470173624434,113.60645108539761,85.67250722189326,18.899016361765476,0.0,16.50397850231583,0.8767405509948731,0.9261110067367554,0.9070727229118347,0.8639749884605408,0.8776593118906022,0.9619210491888225,,,,,,
22.679999999960483,165.45300375083997,26.94356381303325,114.31756136623727,83.49146157835408,113.62478851454273,85.69247172191824,19.000158487275346,0.0,16.502914790298163,0.8813763737678528,0.9297074198722839,0.9243394136428833,0.8676599860191345,0.8849915727972985,0.9635923395864665,,,,,,
22.699999999960436,165.53765287528662,26.76283262100189,113.65264067518936,82.95392133493839,113.6427876096853,85.71191947359314,18.998312627082786,0.0,16.501967718242494,0.8864156901836395,0.9337823867797852,0.9413907289505005,0.8714711964130402,0.8914590954780579,0.9657171021215618,,,,,,
22.71999999996039,165.69607478237143,26.529792777873674,112.91513882096505,82.36116271605214,113.66043862399775,85.73083596427682,18.87404352986937,0.0,16.50114040184171,0.8915856003761292,0.9380009651184082,0.9564455270767211,0.8752677023410798,0.8976403221488,0.9679695854894816,,,,,,
22.739999999960343,165.91858427758157,26.263866620542444,112.1358333662777,81.72480993111354,113.67773199914446,85.74920707777503,18.636323857661164,0.0,16.50043582083631,0.8962763249874115,0.9416727781295776,0.9677009344100952,0.8788926482200623,0.9047596305608749,0.9698656092397868,,,,,,
22.759999999960296,166.19591247970305,25.982239383778992,111.30742372200791,81.16826752476801,113.69465837045772,85.76701910487438,18.324120024017546,0.0,16.499856815511563,0.8998553335666657,0.9443193435668945,0.9750820636749268,0.8821069896221161,0.911408044397831,0.9711108694784343,,,,,,
22.77999999996025,166.5142125075258,25.6993822318498,110.44532093232709,80.73255813626506,113.71120857200884,85.78425875357273,17.967152085298572,0.0,16.499406083324583,0.902742874622345,0.9465136528015137,0.9789101839065552,0.8840737462043763,0.9150114968419075,0.9725044975988567,,,,,,
22.799999999960203,166.85689337364,25.428811080077814,109.61188000441017,80.34658489325321,113.72737364157175,85.80091315899814,17.570259206990652,0.0,16.499086175664708,0.9047379612922669,0.9477963089942932,0.9796973586082458,0.8850049793720246,0.9164219751954079,0.9735053549520671,,,,,,
22.819999999960157,167.20328598437155,25.18547306894176,108.87898278877637,79.98629758089042,113.7431448254761,85.81696989300916,17.13977333590344,0.0,16.498899494750024,0.9062862873077393,0.9487029671669006,0.9802569150924683,0.8858010411262512,0.9180503934621811,0.9741925488226115,,,,,,
22.83999999996011,167.53173360562948,24.983086445903336,108.29534782414974,79.73410313273045,113.75851358334756,85.8324169734691,16.70365076044417,0.0,16.4988482906632,0.9075142502784729,0.949079167842865,0.9805354833602905,0.8867600321769714,0.9198927983641625,0.9744129667989909,,,,,,
22.859999999960063,167.81870951963168,24.83328657497613,107.89593057464971,79.66827147857919,113.77347159273266,85.84724287318764,16.297596129032843,0.0,16.498934658529343,0.9077905654907227,0.9492832303047181,0.9806241393089294,0.8869162976741791,0.9194887638092041,0.9745356331579387,,,,,,
22.879999999960017,168.04333574097456,24.74417117910923,107.71613444933725,79.79028843499687,113.78801075360542,85.86143652852277,15.945685601332936,0.0,16.49916053583874,0.9074910521507263,0.9494041919708252,0.9806336283683776,0.8865179181098938,0.9171401634812355,0.9746520052663982,,,,,,
22.89999999995997,168.1901592771172,24.720225763876645,107.77721543205857,80.06969187652007,113.80212319275375,85.87498734763697,15.66177953568862,0.0,16.49952769991688,0.9071501016616822,0.9492006301879883,0.980539059638977,0.886293476819992,0.9145303636789323,0.9745360384695232,,,,,,
22.919999999959924,168.24973869249717,24.76229716860982,108.06794199508596,80.49611599738249,113.81580126804289,85.88788521840121,15.459149694991964,0.0,16.50003776554441,0.9061295747756958,0.9483792304992675,0.9800966858863831,0.8859331607818604,0.9115712486207486,0.9739109049551189,,,,,,
22.939999999959877,168.21815040313012,24.867904948265426,108.5552312747665,81.06010436697956,113.82903757255377,85.90012051594091,15.348753148147313,0.0,16.50069218272942,0.9042385339736939,0.9469184279441833,0.979247784614563,0.8852736473083497,0.9078820586204529,0.972738195490092,,,,,,
22.95999999995983,168.096180161864,25.031742617351462,109.20372776243126,81.72012201622344,113.841824938594,85.91168410981855,15.33215794555615,0.0,16.501492234633947,0.9015505194664002,0.9447411894798279,0.9767865657806396,0.8839715123176575,0.9029755726456642,0.9711199055425823,,,,,,
22.979999999959784,167.88869826629247,25.246297749715843,109.9782617046608,82.41718161693854,113.85415644157928,85.92256737084702,15.403369640910634,0.0,16.50243903565719,0.8979752540588379,0.94182950258255,0.9699570655822753,0.8811296224594116,0.8961953610181809,0.9694822798483074,,,,,,
22.999999999959737,167.6037126674746,25.503901467574167,110.83632003557703,83.11021106941458,113.86602540378321,85.93276217752906,15.556524706881955,0.0,16.503533529677167,0.8932993233203889,0.9384483456611633,0.9594563484191895,0.8771722495555878,0.8886292420327664,0.9678542505018413,,,,,,
23.01999999995969,167.25257605071312,25.801290278402927,111.72935397328659,83.70607433880164,113.87742539795339,85.94226092211787,15.788509305092399,0.0,16.50477648845254,0.8881278514862061,0.9346583724021912,0.9458046913146972,0.8730842769145966,0.8816143333911896,0.96597552401945,,,,,,
23.039999999959644,166.84633392322652,26.13587316653351,112.58637177499321,84.14609293587907,113.88835025079183,85.95105651629424,16.11161927300615,0.0,16.50616851018656,0.8836373150348663,0.9313454508781434,0.931890857219696,0.8695005357265473,0.8765070959925652,0.9643616448156536,,,,,,
23.059999999959597,166.3979986611823,26.480615439892908,113.34986710505179,84.66339956173859,113.89879404629802,85.95914239645622,16.537061432653353,0.0,16.507710018254418,0.8797177076339722,0.9283564329147339,0.9183003664016723,0.8663931846618653,0.8728905104100705,0.9628929386846721,,,,,,
23.07999999995955,165.92225479811535,26.80285061572645,114.06919266868218,85.1660542760503,113.90875112897245,85.96651252861696,17.011720665765218,0.0,16.509401260095554,0.876118540763855,0.9258778810501098,0.9048537373542785,0.8633176028728485,0.8672466352581978,0.9620203624479473,,,,,,
23.099999999959504,165.43707765248303,27.077025755536653,114.79530075435346,85.42851405144191,113.9182161068792,85.97316141290766,17.46261075740702,0.0,16.511242306272052,0.8733834028244019,0.9243391036987305,0.893700921535492,0.8607186198234559,0.8635630652308465,0.9620503674261272,,,,,,
23.119999999959457,164.9614693966214,27.285801564052527,115.45839908993445,85.53703328158404,113.92718385456575,85.97908408768167,17.875639891252646,0.0,16.513233049694378,0.8715043187141419,0.9232560634613037,0.8854772686958313,0.858957725763321,0.8635002821683884,0.9621219168417156,,,,,,
23.13999999995941,164.51595655606891,27.41590018587848,115.9476470759708,85.6506534640374,113.93564951583853,84.89345249889502,18.265648219168096,0.0,17.2285088301092,0.8704354763031006,0.9228999495506287,0.8810646176338196,0.8578276157379151,0.8590020045638085,0.9689916871488095,,,,,,
23.159999999959364,164.12059320913087,27.460664138212064,116.22364004644989,85.66554285272682,113.94360850639264,84.02166446117515,18.61435452483544,0.0,17.803651252030193,0.8699925303459168,0.9233188271522522,0.8804539382457733,0.8570677280426026,0.863580246269703,0.9732116892933845,,,,,,
23.179999999959318,163.79276721910463,27.420542137284563,116.289135855938,85.43815626590217,113.95105651629424,84.04331875296636,18.887726867487338,0.0,17.79436376925403,0.8703906536102295,0.9246082901954651,0.8845965504646301,0.8568858504295349,0.8634317591786385,0.9641394966281951,,,,,,
23.19999999995927,163.54517538885455,27.302903888549547,116.13032809862023,85.0083226223449,113.95798951231464,84.06495271076327,19.077628840526813,0.0,17.784752885114642,0.8716789364814759,0.9267591714859009,0.8938310742378235,0.8573257923126221,0.8641175583004952,0.9644416451454163,,,,,,
23.219999999959224,163.38525562517387,27.121657911780755,115.73433296831575,84.48087158942336,113.96440374011414,84.08655617950032,19.195163911252994,0.0,17.774822784143335,0.8739144563674928,0.9297673463821411,0.908201289176941,0.8584163904190064,0.8657085493206979,0.9657558321952819,,,,,,
23.239999999959178,163.31560163727204,26.89297900809912,115.12604200323457,83.88519663803278,113.97029572627525,84.1081190184237,19.242774192889343,0.0,17.764577825170374,0.8776223242282868,0.9341887354850769,0.9256006598472595,0.8602899134159089,0.8689214900135994,0.9684069633483887,,,,,,
23.25999999995913,163.33445278135045,26.635031173581368,114.35816026511566,83.1786317066235,113.97566228018353,84.12963110585135,19.21265996995806,0.0,17.754022539442655,0.8822115182876588,0.9387908220291138,0.9430390954017639,0.8630005955696106,0.8760800912976265,0.9709515810012818,,,,,,
23.279999999959085,163.43773681161449,26.362346790758387,113.47329575046327,82.41354392302112,113.98050049575535,84.15108234392417,19.10757162663068,0.0,17.743161628647194,0.8871037125587463,0.9432554244995117,0.9581505298614502,0.8660175323486329,0.8863133952021599,0.9738172662444413,,,,,,
23.299999999959038,163.6170546591518,26.08350073807678,112.50880122244138,81.71855225249851,113.98480775301164,84.17246266334601,18.936736563786404,0.0,17.731999962841094,0.891262573003769,0.9467750072479248,0.9688161134719848,0.8689354419708253,0.8924600854516029,0.9755501878447831,,,,,,
23.31999999995899,163.86225285415074,25.80902056844764,111.52082816030396,81.05862429143657,113.98858171949661,84.19376202811021,18.696854209241508,0.0,17.720542578289056,0.8945712864398957,0.9494091868400574,0.9760961055755615,0.8716652154922486,0.8972438275814056,0.9767121565528214,,,,,,
23.339999999958945,164.16261992811994,25.55178812404933,110.55879207032767,80.41862751336845,113.99182035154084,84.21497044021054,18.388276386937008,0.0,17.708794675209322,0.8958447873592377,0.9504046320915223,0.9786995887756348,0.8731555879116059,0.900465852022171,0.9768633854575455,,,,,,
23.359999999958898,164.50163324471603,25.324970781592707,109.65416067306192,79.85443357150005,113.99452189536791,84.23607794433428,18.02874620788163,0.0,17.696761615428965,0.8969017446041108,0.9509601354598999,0.9798162460327149,0.8743612885475159,0.9032228529453278,0.976858235616237,,,,,,
23.37999999995885,164.8593380825533,25.14192779455626,108.84483819206993,79.41686684366672,113.99668488804423,84.25707463253538,17.64346169442138,0.0,17.684448919949794,0.8980212152004242,0.9513553619384766,0.9803666353225708,0.8754305124282837,0.9050801366567612,0.9769170296378433,,,,,,
23.399999999958805,165.21229183195916,25.014802065067848,108.18622995174657,79.1151969155663,113.99830815827106,84.27795064888517,17.254635348851956,0.0,17.67186226642564,0.8991848468780518,0.951521635055542,0.9805281519889831,0.8764961957931519,0.9061437129974366,0.9769311440177262,,,,,,
23.41999999995876,165.53832644311146,24.951980135857585,107.72950668393129,78.96132269826644,113.99939082701897,84.29869619409884,16.884764672835782,0.0,17.65900748655257,0.9001886248588562,0.9513991832733154,0.9805821418762207,0.8775970995426179,0.9066853746771812,0.9767589461989701,,,,,,
23.43999999995871,165.81654754673977,24.95786437143821,107.50161894352219,78.98502042268645,113.99993230800372,84.31930153013526,16.559773497433387,0.0,17.64589056337281,0.9013119339942932,0.9509720802307129,0.980550742149353,0.8790295124053955,0.9071860462427139,0.9763620865531266,,,,,,
23.459999999958665,166.03124639441333,25.032261056193235,107.50549438418452,79.19904377788987,113.9999323080038,84.33975698476804,16.302435056107452,0.0,17.63251762849399,0.902290940284729,0.9502646565437317,0.9804183840751648,0.8805073738098145,0.9069776475429535,0.9757758271880448,,,,,,
23.47999999995862,166.17260643916276,25.17117982086178,107.73159591727449,79.57568377337789,113.99939082701923,84.3600529561257,16.125161126897147,0.0,17.618894959224747,0.9030939221382142,0.9492921471595764,0.9801875352859497,0.8819825172424317,0.9061729580163956,0.9750082981772721,,,,,,
23.499999999958572,166.23591235246658,25.36792965945618,108.1593204405211,80.07022111144666,113.99830815827148,84.38017991719884,16.031956564331185,0.0,17.605028975628112,0.9020665526390076,0.9472274065017701,0.9791706800460815,0.8827351927757263,0.9042858943343163,0.9732594263739884,,,,,,
23.519999999958525,166.22187512514887,25.617311860077884,108.7526122394264,80.5990533401042,113.99668488804483,84.40012842031221,16.025008015563195,0.0,17.59092623749411,0.899725592136383,0.9440093040466309,0.9745890378952027,0.8821321368217468,0.9006040915846825,0.9709040892310441,,,,,,
23.53999999995848,166.13278823352542,25.91862027043174,109.4467339226575,81.1038087697013,113.99452189536868,84.41988910155935,16.117679163636165,0.0,17.576593441232916,0.8965616941452027,0.940444803237915,0.9663187503814697,0.880062234401703,0.895610773563385,0.9687129032798112,,,,,,
23.559999999958432,165.97421752432086,26.25682532842064,110.17640025103803,81.72275382719234,113.99182035154176,84.43945268519819,16.32378567516579,0.0,17.56203741669009,0.89216827750206,0.9358467340469361,0.954016900062561,0.877502191066742,0.890895988047123,0.9658109557814896,,,,,,
23.579999999958385,165.75375506180697,26.609733233228727,110.95054526329764,82.37667219139746,113.98858171949772,84.45880998800503,16.61191795583225,0.0,17.547265123885413,0.8877291262149811,0.9313125491142273,0.9393323063850403,0.8747696876525879,0.8846632316708565,0.9629526150412857,,,,,,
23.59999999995834,165.4800720873283,26.95612601322073,111.79679981141,82.90839631123181,113.98480775301292,84.47795192358521,16.93235750038923,0.0,17.532283649676838,0.8836648583412171,0.9271745562553406,0.924114716053009,0.8721645534038545,0.8795533657073975,0.960254789609462,,,,,,
23.619999999958292,165.16542030600365,27.27452795684301,112.67725730127914,83.38544683538946,113.98050049575679,84.49686950663835,17.269845058817538,0.0,17.517100204351188,0.8796615421772004,0.9231857776641845,0.9090006709098816,0.8695142865180969,0.8760972127318383,0.956670178193599,,,,,,
23.639999999958246,164.8207347483648,27.543844139408762,113.52684331629911,83.90522507346033,113.97566228018513,84.51555385717595,17.624598976484286,0.0,17.501722118143366,0.8765259265899659,0.9205021142959595,0.8953631103038788,0.8670280694961549,0.8727481357753277,0.9549392473883926,,,,,,
23.6599999999582,164.46109897455966,27.74651323996694,114.3076320349572,84.38960415292155,113.97029572627702,84.53399620468983,17.97577616816724,0.0,17.48615683768542,0.8738980770111084,0.9185272574424744,0.8843286395072937,0.8647486627101899,0.8688305392861366,0.954021252412349,,,,,,
23.679999999958152,164.1049139255369,27.865801930014666,114.98348789267838,84.75259339880078,113.96440374011607,84.55218789226899,18.293349180800735,0.0,17.470411922387648,0.8719350218772889,0.9173538684844971,0.8766456007957459,0.8628542184829713,0.8663552522659302,0.9539071095176042,,,,,,
23.699999999958106,163.77249294377816,27.88786936179617,115.49953296474699,84.98979994953854,113.95798951231673,84.57012038066318,18.558015980281755,0.0,17.454495040753113,0.8708918333053589,0.9172661185264588,0.8733253359794617,0.8615309238433838,0.8675385214388371,0.9566642455756664,,,,,,
23.71999999995806,163.48285057487078,27.80350040084653,115.80843792478531,85.13354535947302,113.95105651629652,84.58778525229128,18.75678951755748,0.0,17.438413966627635,0.8709338009357452,0.918459951877594,0.8749822735786439,0.8608841180801392,0.8683965116739274,0.9590982347726822,,,,,,
23.739999999958012,163.25120517076078,27.60933529713584,115.90082097912692,85.16740595136105,113.94360850639505,84.60517421519256,18.869966256389713,0.0,17.422176575386903,0.8721154689788819,0.9209677457809449,0.8819775342941284,0.8609420657157898,0.8687141865491868,0.9612563002854586,,,,,,
23.759999999957966,163.08777916439178,27.317041325103386,115.78916921140757,84.99451339645007,113.93564951584112,84.6222791069189,18.880831419941032,0.0,17.405790840062856,0.87378408908844,0.9240079164505005,0.8939142525196075,0.8614036321640015,0.8695590645074844,0.9618968076072634,,,,,,
23.77999999995792,162.99794417169235,26.948715512790912,115.46660450624938,84.659464178003,113.9271838545685,84.63909189836633,18.801594628409525,0.0,17.389264827410837,0.8764321863651277,0.9278779029846191,0.9103881597518921,0.8625702500343323,0.8715008765459061,0.9631233811378479,,,,,,
23.799999999957873,162.98274042883466,26.529525618099946,114.92671967782294,84.27366998402161,113.9182161068821,84.65560469754394,18.659702791084847,0.0,17.372606693919913,0.8803743481636048,0.9330961465835571,0.9289349794387818,0.8643180370330811,0.8748477786779404,0.9665680170059204,,,,,,
23.819999999957826,163.04102553239377,26.082922986158994,114.20628510925033,83.85301235735079,113.90875112897551,84.67180975327834,18.46447883000975,0.0,17.35582468176803,0.8845981359481812,0.9381736397743226,0.9459933876991272,0.8663244247436523,0.882717952132225,0.9702160190325231,,,,,,
23.83999999995778,163.16692492353218,25.626834385176068,113.37196384515988,83.33334003296375,113.89879404630123,84.68769945885214,18.20795046377727,0.0,17.338927114724193,0.8889286875724792,0.9429070472717285,0.9601040720939636,0.8685094356536865,0.8873178571462631,0.973053157189861,,,,,,
23.859999999957733,163.35494688923197,25.17860092774145,112.4709610574941,82.74225094327699,113.8883502507952,84.70326635557458,17.893381214787514,0.0,17.321922393999554,0.8923194229602814,0.9464646339416504,0.9696392297744751,0.8705172181129456,0.8925328060984612,0.975037050107494,,,,,,
23.879999999957686,163.59523437433944,24.75424599282654,111.52702442288415,82.16839881426746,113.8774253979569,84.71850313628266,17.538948459765013,0.0,17.30481899404969,0.8952042937278748,0.9493101119995118,0.9764271259307862,0.8724839806556702,0.8975395232439042,0.9765293715987354,,,,,,
23.89999999995764,163.8752996823617,24.36993128422362,110.5734307760404,81.63831721466538,113.86602540378688,84.73340264877112,17.1585261760828,0.0,17.28762545833004,0.8958305776119232,0.9503884077072143,0.9786749958992005,0.8731413006782532,0.8996415749192238,0.9768677352461964,,,,,,
23.919999999957593,164.18265851661627,24.041804328467638,109.66380749434981,81.12976232101697,113.85415644158309,84.74795789914974,16.758205981524352,0.0,17.270350395006645,0.8964046537876129,0.9510238409042359,0.9796314239501953,0.8737231492996216,0.9011641398072243,0.9770102857146412,,,,,,
23.939999999957546,164.49795249082345,23.78466306543698,108.85385488097626,80.66364132113095,113.84182493859795,84.76216205512632,16.351000755014645,0.0,17.25300247262439,0.8971269369125366,0.9514430046081543,0.9803110837936402,0.8744737625122071,0.9029492512345314,0.977062904695049,,,,,,
23.9599999999575,164.8002121338212,23.610519973676958,108.18887076226703,80.30659336309228,113.82903757255787,84.77600844921376,15.961957185575155,0.0,17.23559041573497,0.8978628635406495,0.9516735434532165,0.9804539203643798,0.8750611782073975,0.904080317914486,0.977158140996471,,,,,,
23.979999999957453,165.06896963431993,23.526680871615483,107.70713900462883,80.10643013723202,113.81580126804712,84.7894905818598,15.617278263088053,0.0,17.218123000486703,0.8986789524555207,0.9516422271728515,0.9805197358131409,0.8759044826030732,0.9045730009675026,0.9770662663970142,,,,,,
23.999999999957407,165.28675686668922,23.53552008751982,107.44068227990124,80.06788699610217,113.80212319275812,84.80260212449794,15.335503275006317,0.0,17.20060905017852,0.8993240356445312,0.9513236999511718,0.9804779291152954,0.8767686188220978,0.9041286677122117,0.9767899392638355,,,,,,
24.01999999995736,165.44125064039133,23.634075729396788,107.40107490003572,80.18279007579478,113.78801075360992,84.81533692251809,15.129480032447278,0.0,17.18305743078041,0.9000989198684692,0.9507192373275757,0.9803576707839966,0.8779570400714874,0.9037342190742493,0.9763004182372242,,,,,,
24.039999999957313,165.5253743003001,23.815113475203276,107.57646216217343,80.4433556155229,113.7734715927373,84.82768899815562,15.008993638331754,0.0,17.16547704642236,0.9009487271308899,0.9498551845550537,0.9801630735397339,0.8793965995311738,0.9034316882491112,0.9756151555571705,,,,,,
24.059999999957267,165.53654428880682,24.06823788289581,107.94172059747409,80.82849220986394,113.75851358335234,84.83965255329724,14.97859883692232,0.0,17.147876834854614,0.9008839249610902,0.9484495997428894,0.9796143174171448,0.8804205060005188,0.9021874859929085,0.9744931696448476,,,,,,
24.07999999995722,165.4760246192592,24.381408767841148,108.46639757204139,81.30068312457038,113.74314482548098,84.8512219722028,15.036291582982301,0.0,17.130265762880885,0.8985081255435944,0.9456409573554992,0.9752864360809326,0.8793726921081544,0.8979795843362809,0.972672605374828,,,,,,
24.099999999957173,165.3478305522177,24.744996234719107,109.11455460272619,81.78349043452164,113.72737364157678,84.86239182414117,15.176844973188965,0.0,17.112652821767615,0.895470929145813,0.9422388553619385,0.9674991488456726,0.8774329960346222,0.8927151575684548,0.9706382869277149,,,,,,
24.119999999957127,165.1584800511052,25.150887114107878,109.83032541309751,82.23173389727873,113.71120857201399,84.87315686593962,15.403835190161065,0.0,17.09504702263091,0.8914024233818054,0.9379899382591248,0.9561696290969849,0.8750394523143769,0.8878647103905678,0.9680500029120594,,,,,,
24.13999999995708,164.91677562778,25.57694829644813,110.5610802620554,82.75341059353464,113.69465837046297,84.88351204444484,15.721151046808847,0.0,17.077457391804185,0.887272036075592,0.9335892558097839,0.9425299167633057,0.8726920247077943,0.883764722198248,0.9652895210776478,,,,,,
24.159999999957034,164.63139730527803,25.998089608684225,111.31599788300254,83.28430530181363,113.67773199914984,84.89345249889502,16.097561145618055,0.0,17.059892966188386,0.8834002137184144,0.9294686079025268,0.9278844356536865,0.8703807234764099,0.8787501260638237,0.9626889346633106,,,,,,
24.179999999956987,164.31040365312003,26.393036469307493,112.11356015353532,83.70910255650448,113.66043862400325,84.90297356320143,16.490106290527745,0.0,17.042362788587546,0.879938679933548,0.9257542610168457,0.9136046886444092,0.8682494640350342,0.8747846126556397,0.9603219388518482,,,,,,
24.19999999995694,163.96533012711976,26.742233553425155,112.91158597159111,84.07514145827373,113.6427876096909,84.91207076813878,16.884194029889784,0.0,17.0248759030319,0.8770310401916505,0.9228694200515747,0.9002668499946594,0.8662193655967713,0.8725381955504418,0.9585571049246937,,,,,,
24.219999999956894,163.61289607770505,27.02763257591154,113.64245844191406,84.45079171560947,113.62478851454846,84.92073984344299,17.27724434658785,0.0,17.007441350091174,0.8745470523834229,0.9205712795257568,0.8891574859619141,0.8643623232841492,0.8702223762869835,0.9569647429976612,,,,,,
24.239999999956847,163.26853185625862,27.232054162411565,114.26400707039315,84.78147045200913,113.60645108540342,84.92897671981576,17.647895529740453,0.0,16.990068162180133,0.8726120889186859,0.9189728975296021,0.8808775782585144,0.8627804398536683,0.8677042990922929,0.9560761450324208,,,,,,
24.2599999999568,162.95045044674268,27.341582903713036,114.7476881836182,84.9720113384229,113.58778525229721,84.9367775308347,17.963994931260345,0.0,16.97276535885936,0.8715065836906434,0.9183504223823548,0.876611602306366,0.8616986334323884,0.866541823744774,0.9560823319945484,,,,,,
24.279999999956754,162.676194313003,27.348224798908944,115.05399327300077,85.0142830515339,113.56880112310772,84.94413861476818,18.20655258044585,0.0,16.955541942133195,0.8714151918888092,0.9188730239868164,0.8770081758499146,0.8612700819969178,0.8676513321697712,0.957348598446697,,,,,,
24.299999999956707,162.46012872114323,27.250826673451453,115.14911862853457,84.94422734421812,113.54950897807579,84.95105651629424,18.369587829458776,0.0,16.93840689174763,0.8724387407302857,0.9206555128097534,0.8825795352458954,0.8615481972694398,0.8697554036974907,0.9594478592276573,,,,,,
24.31999999995666,162.31197511124265,27.05671143611673,115.02834156963378,84.76007237221944,113.52991926423832,84.9575279881225,18.44775510514497,0.0,16.92136916049058,0.8742287516593934,0.9232175827026368,0.8930757701396942,0.8623994708061219,0.8712681084871292,0.9602310419082641,,,,,,
24.339999999956614,162.23685922355503,26.779261308459713,114.70979561383608,84.45995427332772,113.5100425897709,84.96354999251841,18.436620074926058,0.0,16.904437669496822,0.8767719089984894,0.9264957189559937,0.9081447720527649,0.8637971341609956,0.8752649500966072,0.962258619768545,,,,,,
24.359999999956568,162.23559882288305,26.437930963109938,114.21837955897934,84.0531518962857,113.48988971824343,84.96911970272926,18.33873066409063,0.0,16.88762130356028,0.8805164694786072,0.9311542987823487,0.9254366636276246,0.8656887650489807,0.8799468874931335,0.9652750081848354,,,,,,
24.37999999995652,162.30686603122606,26.055645177115505,113.57718558982346,83.57944427065252,113.46947156279136,84.974234504311,18.166034586366212,0.0,16.87092890645603,0.8846173942089081,0.935869288444519,0.9419668316841125,0.8678447246551514,0.8850722312927246,0.9682268566917628,,,,,,
24.399999999956474,162.44467218689735,25.650196511158118,112.81586379929632,83.09490048001624,113.44879918020604,84.97889199635549,17.93167823570926,0.0,16.854369276274472,0.8889020919799805,0.9404092311859131,0.9563016891479492,0.8701972007751465,0.8901811748743057,0.9709397024940699,,,,,,
24.419999999956428,162.64274739637108,25.238483257209946,111.97917272954861,82.59368678435538,113.42788376494734,84.98308999261752,17.640739076685385,0.0,16.83795116077021,0.8926766574382782,0.9441939115524292,0.9668090105056762,0.8724330067634583,0.8946736544370651,0.9731021947693079,,,,,,
24.43999999995638,162.89211439652755,24.83648849783931,111.11019353386712,82.07626243302816,113.4067366430816,84.986826522541,17.29811106774761,0.0,16.821683252728093,0.8954471707344055,0.9469072341918945,0.9737083911895752,0.8743832349777222,0.8990097731351853,0.9745641417335719,,,,,,
24.459999999956334,163.180263879126,24.461063711678737,110.23961471252329,81.57559385614135,113.38536926614836,84.99009983218397,16.916153432787443,0.0,16.80557418534875,0.8979929566383362,0.9491560220718384,0.9786237001419067,0.8762576341629029,0.9031421586871148,0.975729102594778,,,,,,
24.479999999956288,163.4951490505516,24.12863410641559,109.39873939823927,81.12103474580421,113.36379320495917,84.99290838504191,16.510885098175862,0.0,16.789632527656316,0.898674362897873,0.949849808216095,0.9795836329460144,0.8768459796905518,0.9048687607049942,0.9759538955520839,,,,,,
24.49999999995624,163.81959014540092,23.854864096057337,108.63259600570039,80.72567194002772,113.34202014333178,84.99525086276901,16.09786710598447,0.0,16.77386677993054,0.8992716789245606,0.9503086328506469,0.9801491737365723,0.8773847818374634,0.9060999646782876,0.9760865039657801,,,,,,
24.519999999956195,164.1336519663699,23.653084723470894,107.99259669501834,80.41183851092673,113.32006187176319,84.9971261657969,15.695149382945875,0.0,16.75828536916596,0.899883109331131,0.9505793809890747,0.9802929639816285,0.8778293490409852,0.906843276321888,0.9762219376396388,,,,,,
24.539999999956148,164.41737041915903,23.532827410456,107.52037494449614,80.21971048787758,113.2979302810448,84.99853341385094,15.325573347346165,0.0,16.742896644560275,0.9005524516105652,0.9506056785583497,0.9803639888763428,0.8784953474998475,0.9073618277907372,0.9761808223556727,,,,,,
24.5599999999561,164.65306401800282,23.498735684631164,107.24318150044647,80.1805409800973,113.2756373558234,84.99947194636329,15.011911561150914,0.0,16.727708873034686,0.9010361790657043,0.950374174118042,0.980335795879364,0.8791439294815064,0.9070073917508126,0.9759746498893946,,,,,,
24.579999999956055,164.82689336626757,23.550933657385237,107.17587004248789,80.2969216806074,113.2531951681113,84.99994132278307,14.770853481968633,0.0,16.712730234788342,0.9016553282737733,0.9498784184455872,0.9802369594573974,0.8801079034805298,0.9064591586589813,0.9755677647422999,,,,,,
24.599999999956008,164.93026574077498,23.684919644008108,107.31579982067478,80.55398075038998,113.23061587074903,84.99994132278316,14.612369129488552,0.0,16.697968818889343,0.9021596670150757,0.949134886264801,0.9800496816635131,0.8811178207397461,0.9055428549647332,0.9749905056785793,,,,,,
24.61999999995596,164.9594948927723,23.8926050045144,107.64414538250671,80.92906505940877,113.20791169082445,84.99947194636353,14.541334316187326,0.0,16.68343261890482,0.9011669158935547,0.9473415017127991,0.9791324853897094,0.8817030131816864,0.9039327993988991,0.9734581656288356,,,,,,
24.639999999955915,164.91511548822962,24.163354443599484,108.13116240935042,81.39383394894409,113.18509492305148,84.99853341385133,14.558274860878988,0.0,16.669129528572224,0.8986880898475648,0.944603443145752,0.9742379426956177,0.8803069710731507,0.8993400901556016,0.9717338867019862,,,,,,
24.65999999995587,164.80073607931524,24.490435675512334,108.74070984136357,81.86576814598496,113.16217792311242,84.99712616579745,14.6604797532217,0.0,16.655067337514378,0.8957573652267456,0.9415274381637573,0.9668453454971313,0.8782747507095338,0.8940254151821136,0.9699312872719019,,,,,,
24.67999999995582,164.62260597703622,24.87030078550027,109.41305428755412,82.28739655079865,113.139173100967,84.99525086276972,14.85548829933674,0.0,16.641253727000436,0.8916443765163422,0.9374610304832458,0.9557154893875122,0.8757153391838074,0.8890459522604942,0.9674909300636501,,,,,,
24.699999999955775,164.38909198003904,25.280819347953383,110.0904447169626,82.80334277782485,113.11609291413224,84.9929083850428,15.152101529507474,0.0,16.62769626575527,0.8875472009181976,0.9332788228988648,0.9424614906311035,0.8732486724853517,0.8849607154726983,0.9649063296150416,,,,,,
24.71999999995573,164.11052379703924,25.693495542358946,110.79465496878724,83.35052244293433,113.09294986093647,84.990099832185,15.514382889854087,0.0,16.614402405819334,0.8835975468158722,0.9292981147766113,0.9279450178146362,0.8707402229309082,0.8794581905007363,0.9624548621010035,,,,,,
24.739999999955682,163.79527822422693,26.082520994965655,111.5621093068431,83.7887016839708,113.06975647375127,84.98682652254217,15.888861753191929,0.0,16.60137947846139,0.8800141990184784,0.925681722164154,0.913619887828827,0.8683897972106934,0.8749532699584961,0.9602223582100123,,,,,,
24.759999999955635,163.45557932963837,26.427082823213745,112.34919475192832,84.15069979207212,113.04652531220495,84.98308999261886,16.25845732080764,0.0,16.588634690146378,0.8769481420516968,0.9228704810142517,0.9000046491622925,0.8661092102527619,0.8723803162574768,0.958634752733633,,,,,,
24.77999999995559,163.10729741994524,26.709691635498366,113.07045767445696,84.53083734009468,113.02326895638133,84.97889199635699,16.629032635362403,0.0,16.57617511856056,0.8743170380592347,0.9206275343894958,0.8885024189949036,0.8640249729156495,0.8699282363057137,0.9572788066696376,,,,,,
24.799999999955542,162.76798252439067,26.914215495143957,113.67514039327735,84.88707699043876,113.00000000000732,84.97423450431265,16.985590891505083,0.0,16.56400770869609,0.8722076773643495,0.9190411567687988,0.8797005593776703,0.8622083425521851,0.867004506289959,0.9565859861206263,,,,,,
24.819999999955495,162.45538409311928,27.027088962196803,114.14284604317197,85.09663430456733,112.97673104363332,84.96911970273106,17.293669073822787,0.0,16.552139268997326,0.8709250211715699,0.9184095025062561,0.8748901844024659,0.8609022855758668,0.8653222635388375,0.9567511625122279,,,,,,
24.83999999995545,162.18658822826202,27.04015050973844,114.4406232124583,85.13886245606263,112.95347468780967,84.96354999252037,17.531701084719543,0.0,16.540576467570816,0.8706647276878358,0.918904447555542,0.8747250795364381,0.8602726101875305,0.8672905996441842,0.9591960620135069,,,,,,
24.859999999955402,161.97565291498566,26.952499092911232,114.53258426562745,85.06706562141605,112.93024352626334,84.95752798812461,17.695624050756827,0.0,16.52932582846128,0.8715184688568116,0.9206469774246215,0.8796670377254486,0.8603577136993409,0.8683909088373185,0.9604351991787553,,,,,,
24.879999999955356,161.83224290649687,26.771161320119212,114.41273276145438,84.88476125224699,112.90705013907811,84.95105651629652,17.781551985314085,0.0,16.518393727995385,0.872991967201233,0.9230013132095337,0.8892767548561097,0.8609524011611939,0.869369038939476,0.9606525421142578,,,,,,
24.89999999995531,161.76134884936076,26.509534640580476,114.10126696003476,84.57823511154308,112.88390708588231,84.9441386147706,17.783946553152724,0.0,16.507786391195673,0.8753502249717713,0.9262280702590943,0.9037483215332032,0.8621515393257142,0.871861906349659,0.9621794819831848,,,,,,
24.919999999955262,161.76467305737748,26.18648452546254,113.62295056051519,84.15805393042268,112.86082689904751,84.93677753083726,17.70478012703701,0.0,16.497509888266286,0.8787753522396088,0.930585241317749,0.9207768559455871,0.8638675928115845,0.8773598968982697,0.9653420684859156,,,,,,
24.939999999955216,161.84032684749937,25.82431720558086,112.99887521962043,83.67186077373061,112.83782207690203,84.92897671981848,17.556095978137947,0.0,16.487570131152836,0.8827363014221191,0.935256814956665,0.9375060558319092,0.8658932685852051,0.8823043629527092,0.9682686327025294,,,,,,
24.95999999995517,161.98262898301837,25.440073893917734,112.25841213289239,83.17164279910403,112.8149050769629,84.92073984344584,17.34993319265841,0.0,16.477972870178057,0.8868862867355347,0.9397385120391846,0.9522719383239746,0.8681296825408936,0.8871695607900619,0.9709398148581385,,,,,,
24.979999999955123,162.18630590881102,25.05008593769429,111.44651776305983,82.65270802369419,112.79208830918988,84.91207076814177,17.089945357833777,0.0,16.46872369075525,0.8909238398075104,0.9437370300292969,0.9638428688049316,0.8704169869422913,0.8916072160005569,0.9732158420607447,,,,,,
24.999999999955076,162.44177982992124,24.669256977280835,110.60541824232463,82.12031895544953,112.7693841292652,84.90297356320458,16.779950443656862,0.0,16.4598280101814,0.8936239421367645,0.9463946700096131,0.9710546255111694,0.8722857177257538,0.8957575589418412,0.9746375082060694,,,,,,
25.01999999995503,162.73752591496455,24.31349089630442,109.76393135303661,81.60897815482808,112.74680483190286,84.89345249889831,16.430918397321143,0.0,16.451291074511822,0.8961673676967621,0.9486663460731506,0.97654869556427,0.8741775155067444,0.8998478755354882,0.9757918832823634,,,,,,
25.039999999954983,163.0627369365616,23.9982514223812,108.94975297166292,81.1441890260643,112.72436264419066,84.88351204444827,16.056832229883234,0.0,16.44311795551793,0.8973995804786682,0.9497735023498535,0.9788514614105225,0.8752454698085785,0.9022298470139504,0.9762286184355616,,,,,,
25.059999999954936,163.40011343977278,23.738680845311016,108.21034595358685,80.7353939128489,112.70206971896918,84.87315686594319,15.67125663731218,0.0,16.435313547730136,0.8980383217334748,0.9501906633377075,0.9796072721481324,0.8759638726711274,0.9036518082022668,0.9762601612135768,,,,,,
25.07999999995489,163.7311621410902,23.54788678718833,107.58591540955422,80.41119359040287,112.67993812825068,84.86239182414488,15.29243730077727,0.0,16.427882565567376,0.8987579703330993,0.9504087686538696,0.9801326751708984,0.8767972707748414,0.9049217015504837,0.9762042282149196,,,,,,
25.099999999954843,164.03969534443956,23.435466298395603,107.09756337218482,80.20079986954377,112.65797985668198,84.85122197220664,14.940939238293035,0.0,16.42082954055501,0.8994118452072144,0.9504590272903443,0.9802103757858276,0.8774286508560181,0.9053834021091461,0.9761812089011073,,,,,,
25.119999999954796,164.30584291987114,23.406421817534127,106.79874917915959,80.11768743751433,112.63620679505448,84.83965255330122,14.634307451927818,0.0,16.414158818632707,0.9000619769096375,0.9502874612808228,0.9802168726921081,0.8782041907310486,0.9054389208555221,0.9760026333853602,,,,,,
25.13999999995475,164.51515741620685,23.461289918710335,106.70314015935824,80.18514689357852,112.61463073386516,84.82768899815973,14.391536922025736,0.0,16.407874557553786,0.900675630569458,0.9498724460601806,0.9801427841186523,0.8791050553321839,0.9051722943782806,0.975654268078506,,,,,,
25.159999999954703,164.65777317299126,23.596209695033068,106.80646700583007,80.4091011724841,112.59326335693179,84.81533692252233,14.22762110347063,0.0,16.4019807243778,0.9011559247970581,0.9492217183113099,0.9799818515777587,0.8800251662731171,0.9043029516935349,0.9751473186537624,,,,,,
25.179999999954656,164.72861836889513,23.80370429184159,107.09613479791587,80.76278413557435,112.57211623506589,84.8026021245023,14.148345929667721,0.0,16.39648109305744,0.9001534581184387,0.9477030873298645,0.9789549946784973,0.8801984488964081,0.902030298113823,0.973971295170486,,,,,,
25.19999999995461,164.7268634303144,24.073412587133106,107.55191001668113,81.20629568184545,112.55120081980705,84.7894905818643,14.152430224896463,0.0,16.391379242121587,0.8977281808853149,0.9451206207275391,0.9738737225532532,0.8786491632461548,0.8972128763794899,0.9724539635702968,,,,,,
25.219999999954563,164.65502960250433,24.398672182226086,108.1403609957854,81.66579005603299,112.53052843722158,84.77600844921838,14.237794018752671,0.0,16.386678552455642,0.8949355125427246,0.9422396540641784,0.9668277144432068,0.8767045378684998,0.8921089999377728,0.9708013532683253,,,,,,
25.239999999954517,164.5183406839646,24.776291253759773,108.80079257896814,82.0966250263768,112.51011028176934,84.76216205513107,14.413713490416743,0.0,16.382382205180534,0.8909329593181611,0.9383532285690308,0.9560517430305481,0.8741864204406739,0.8871342293918133,0.9685251830145717,,,,,,
25.25999999995447,164.32422500807914,25.185114380683483,109.47590747927723,82.62438489842384,112.4899574102417,84.7479578991546,14.689249207560726,0.0,16.378493179631754,0.8868048191070557,0.9342557311058044,0.9428911447525025,0.8716581523418427,0.8827632203698158,0.9660665033385157,,,,,,
25.279999999954423,164.0828873187825,25.598580195560658,110.18357164267888,83.18147090489418,112.4700807357741,84.73340264877609,15.031386114519819,0.0,16.375014251439552,0.8827759265899658,0.9302977561950684,0.9282472014427186,0.8690658211708069,0.8771290093660356,0.9637025712057948,,,,,,
25.299999999954377,163.8025606148228,25.99248732365151,110.95299514208956,83.63384988442057,112.45049102193644,84.71850313628775,15.391868434781182,0.0,16.371947990711583,0.8790682852268219,0.9266650795936584,0.9135791063308716,0.8665938138961793,0.8724844716489315,0.9615379927679897,,,,,,
25.31999999995433,163.49528066020287,26.346763016168893,111.73675020478493,84.01824773515065,112.43119887690433,84.7032663555798,15.756607576582788,0.0,16.369296760318974,0.8760108649730682,0.9239642381668091,0.8996561229228973,0.8642541468143463,0.8698270805180073,0.960515177063644,,,,,,
25.339999999954284,163.1765580501427,26.643909872378426,112.45392744888538,84.41707674493128,112.41221474771463,84.68769945885745,16.129509495533874,0.0,16.36706271428713,0.8734724760055542,0.9219569087028503,0.887918895483017,0.8621285915374757,0.8673104144632817,0.9600707409903407,,,,,,
25.359999999954237,162.86457247444815,26.867553877601775,113.06016723568533,84.77878777342198,112.39354891460822,84.67180975328375,16.492387700629543,0.0,16.365247796292056,0.8712804019451141,0.9203915119171142,0.8785813570022584,0.8601997375488282,0.8643044501543046,0.9597197053954005,,,,,,
25.37999999995419,162.57693425390235,27.003914162986053,113.53560704231622,84.99049079879883,112.37521148546298,84.65560469754946,16.81063640806946,0.0,16.363853738263334,0.870074987411499,0.9197276592254638,0.8734000444412232,0.8590341448783875,0.8642989218235017,0.9611221117898822,,,,,,
25.399999999954144,162.33114225282532,27.043564302919982,113.84507233840701,85.04104100265938,112.35721239032031,84.63909189837196,17.063732961456832,0.0,16.362882059094638,0.8696954965591431,0.9200128555297852,0.872591519355774,0.8584078431129456,0.866080428659916,0.9627889381721616,,,,,,
25.419999999954097,162.14142068277388,26.985173259175752,113.95290969350812,84.96962886868143,112.33956137600775,84.62227910692462,17.246827060921458,0.0,16.362334063462573,0.8700650453567506,0.9212613224983215,0.8763691067695618,0.8582207083702088,0.8659218981862069,0.9620487567968666,,,,,,
25.43999999995405,162.0177762120357,26.837535366006005,113.85064938018644,84.75342941781672,112.32226800086093,84.60517421519839,17.35678811795637,0.0,16.362210840754766,0.8712322473526002,0.9234538316726685,0.8849746584892273,0.858518409729004,0.8664336517453194,0.9620128204114735,,,,,,
25.459999999954004,161.96567794066186,26.61607706361093,113.54704397702659,84.39618818673452,112.30534162954756,84.58778525229721,17.394960796710247,0.0,16.362513264107868,0.8731861174106599,0.9264757037162781,0.8984263062477112,0.8593148827552796,0.867635340988636,0.9634036779403686,,,,,,
25.479999999953957,161.98695467710678,26.337598233541915,113.06136537269475,83.95484939421725,112.2887914279963,84.5701203806692,17.367588592052478,0.0,16.36324198955619,0.8762711465358735,0.930448842048645,0.9152523279190063,0.8608648777008057,0.8719715803861618,0.9655425429344178,,,,,,
25.49999999995391,162.08057350974366,26.020834919283352,112.43146879629282,83.452717554897,112.27262635843329,84.55218789227509,17.276586744057195,0.0,16.364397455291673,0.8802988767623902,0.9351779103279114,0.9328070163726807,0.8629403233528138,0.8782816499471665,0.9689616992138326,,,,,,
25.519999999953864,162.24080209379304,25.683014580242205,111.70271806680388,82.87174894898534,112.25685517452881,84.53399620469602,17.121972138584574,0.0,16.365979881035585,0.884366250038147,0.9395436882972718,0.9479827046394348,0.8651437282562257,0.8829557955265045,0.9714991523884237,,,,,,
25.539999999953817,162.46299095500993,25.341445431947204,110.90306153484936,82.25289059555872,112.24148641665721,84.51555385718221,16.915345495907125,0.0,16.367989267522837,0.8884909808635711,0.9435132026672364,0.9604178190231323,0.8675467133522035,0.8881637901067734,0.9736793949268758,,,,,,
25.55999999995377,162.7385335510197,25.006379323171902,110.05688142232002,81.71225043330081,112.22652840727199,84.4968695066447,16.671393908636635,0.0,16.370425396098838,0.8916560113430023,0.9463793516159058,0.9687230587005615,0.8697010695934296,0.8927992522716522,0.9751517488621175,,,,,,
25.579999999953724,163.056892281962,24.690505498485468,109.21643072895334,81.20117426720535,112.21198924639909,84.47795192359165,16.386184259293355,0.0,16.3732878284299,0.8942118942737579,0.9485762000083924,0.9745192050933837,0.8716374754905701,0.8959856316447258,0.9762230112217367,,,,,,
25.599999999953678,163.40611511656223,24.408068203763353,108.42754620537161,80.6910189790639,112.19787680725062,84.45880998801152,16.057826897320084,0.0,16.376575906327044,0.8958073377609254,0.9498805999755859,0.9781218528747558,0.8732206881046296,0.8990525931119919,0.9766600801609456,,,,,,
25.61999999995363,163.77137642476225,24.173079309571165,107.72574096135934,80.24595373278947,112.18419873196135,84.43945268520476,15.704743863841166,0.0,16.380288751683803,0.8965324223041534,0.9502618432044982,0.9789090037345887,0.8740480065345765,0.9010715559124947,0.9766551806591451,,,,,,
25.639999999953584,164.1329087874218,23.998133625869475,107.137302652234,79.93898873165816,112.17096242745032,84.419889101566,15.35535399719291,0.0,16.384425266528115,0.8973565101623535,0.9504601359367371,0.9795365810394288,0.8750428676605225,0.9024916082620621,0.9765472843311727,,,,,,
25.659999999953538,164.48052535953204,23.893068461172614,106.6446498153759,79.76287229145574,112.15817506140995,84.40012842031892,15.027213592132743,0.0,16.388984133188536,0.8981332004070283,0.9504513502120971,0.9799175500869751,0.876027512550354,0.9028645396232605,0.9763587667606771,,,,,,
25.67999999995349,164.79154989062212,23.863750738156345,106.34535186850624,79.66609039113506,112.14584355842452,84.38017991720562,14.724450792923587,0.0,16.393963814574796,0.8988252997398377,0.950271487236023,0.9800812125205993,0.8769464492797852,0.9029414936900139,0.9761130048893392,,,,,,
25.699999999953445,165.04975280519184,23.911542341669183,106.25658026609959,79.69990426612978,112.13397459622044,84.36005295613253,14.468189004983596,0.0,16.39936255457289,0.8994651138782501,0.9498945474624634,0.9800237894058228,0.8778454244136811,0.903217825293541,0.975789554324001,,,,,,
25.719999999953398,165.24381854921418,24.03361238498188,106.35736450754635,79.92826625976318,112.12257460205012,84.33975698477492,14.286577921920895,0.0,16.405178378554574,0.8998729765415192,0.9493375539779663,0.9796733140945435,0.8784891426563264,0.9022767469286919,0.9754390909336508,,,,,,
25.73999999995335,165.3672592159574,24.223694829231967,106.63836901673724,80.31438319079967,112.11164974921152,84.3193015301422,14.188184260775675,0.0,16.411409094001257,0.8989456117153168,0.9479662895202636,0.9783072471618652,0.8784072160720826,0.8993577107787133,0.9745051457546652,,,,,,
25.759999999953305,165.4178526494388,24.476684598254923,107.09373842837167,80.73346448432623,112.10120595370519,84.29869619410583,14.16692174045564,0.0,16.418052291242127,0.8965837121009826,0.9455055356025696,0.973148238658905,0.8768374383449555,0.8942930854856969,0.9731064273975789,,,,,,
25.779999999953258,165.3970439613814,24.79121477698633,107.67006368003014,81.13471211447408,112.0912488710306,84.2779506488922,14.234268420766687,0.0,16.425105344306346,0.8939220070838928,0.9427635669708252,0.9662971019744873,0.8750028312206268,0.8899952597916126,0.9715556456707418,,,,,,
25.79999999995321,165.30944317334243,25.152531858414843,108.29519502167742,81.67951666433744,112.0817838931237,84.25707463254246,14.41088729400469,0.0,16.4325654118891,0.8900515258312226,0.939030385017395,0.9558255553245545,0.8725955247879029,0.8856058262288571,0.9694028093479574,,,,,,
25.819999999953165,165.162284785788,25.53834921183055,108.98027087677296,82.29430941904623,112.07281614543699,84.23607794434139,14.669913652831642,0.0,16.440429438431075,0.8857822299003602,0.9350186824798584,0.9424737811088562,0.869861650466919,0.8792152017354966,0.9671018435619771,,,,,,
25.83999999995312,164.96388274352853,25.927664376378527,109.75849840742968,82.8029608572203,112.06435048416405,84.21497044021768,14.963422893686285,0.0,16.44869415531111,0.8816947221755982,0.9311288356781006,0.9277240037918091,0.8671814680099488,0.8737437896430493,0.964860315527767,,,,,,
25.85999999995307,164.72275547880164,26.301207517361323,110.5813982811378,83.25335610950775,112.0563914936098,84.19376202811739,15.282544191127093,0.0,16.45735608215159,0.8778742671012879,0.927560830116272,0.9128382444381714,0.8645548462867737,0.8702862031757832,0.9628374292515218,,,,,,
25.879999999953025,164.45140765110776,26.64010168804564,111.36713109634128,83.75232545725883,112.04894348370802,84.17246266335323,15.636947590712655,0.0,16.46641152823598,0.8746481776237488,0.9250087141990662,0.8987567782402038,0.8619433522224427,0.866835991293192,0.9620404913090169,,,,,,
25.89999999995298,164.16610700851166,26.92722612912702,112.08270305619138,84.22462349499132,112.04201048768746,84.1510823439314,16.007413585410244,0.0,16.475856594038117,0.8720157027244568,0.9242164611816406,0.8893353700637817,0.8590813159942627,0.8623115032911302,0.9626871540211142,,,,,,
25.919999999952932,163.88421688683144,27.146499368303104,112.7112051191713,84.55683862553745,112.0355962598878,84.12963110585859,16.35833813214609,0.0,16.485687172862484,0.8702710628509522,0.9239459276199341,0.8827494323253632,0.8570835590362549,0.8609133541584015,0.9643987010233104,,,,,,
25.939999999952885,163.6242401744327,27.283128147236425,113.20485868580084,84.75232257150921,112.02970427372652,84.10811901843097,16.66933586261611,0.0,16.4958989525949,0.8690786600112915,0.924256157875061,0.8797377169132233,0.8555698990821838,0.8630629152059556,0.9678783398121595,,,,,,
25.95999999995284,163.40385185404506,27.32759962093136,113.51355672424367,84.84718225994776,112.02433771981808,84.08655617950761,16.930260457603996,0.0,16.50648741756292,0.8683384597301483,0.9252496004104614,0.8808266580104829,0.8545282840728761,0.8619476884603501,0.9674216534942388,,,,,,
25.979999999952792,163.2379266513749,27.278017266913743,113.62250293708003,84.79796751810898,112.01949950424608,84.06495271077057,17.12522484437464,0.0,16.517447850505082,0.8683033347129823,0.9270171761512757,0.8859837651252747,0.8539191246032716,0.861407408118248,0.9675561904907226,,,,,,
25.999999999952745,163.13690302583333,27.143909928269586,113.53386209362185,84.55756825911324,112.01519224698963,84.04331875297368,17.243507920242685,0.0,16.5287753346482,0.8690899193286896,0.9295894742012024,0.8958371937274933,0.8538269877433777,0.8615423768758774,0.96745535871014,,,,,,
26.0199999999527,163.10676551738055,26.94254235289752,113.24496972626042,84.2002573416691,112.01141828050449,84.02166446118247,17.292135337432903,0.0,16.54046475589176,0.8706772327423096,0.9328118681907653,0.9096408247947693,0.8542432427406311,0.8623615890741348,0.9685888767242432,,,,,,
26.039999999952652,163.14930412293057,26.695070467254798,112.77256959709221,83.77125245709192,112.0081796484601,84.00000000000732,17.27869886142731,0.0,16.552510805098613,0.8732943773269654,0.9371674656867981,0.9253772974014283,0.8550238132476807,0.8640659242868424,0.9712593793869019,,,,,,
26.059999999952606,163.26421420054575,26.42570971315824,112.15580026502894,83.16973281010762,112.00547810463284,83.97833553883217,17.20386515939994,0.0,16.56490798049067,0.8763804137706757,0.9415886282920838,0.9410571575164794,0.8561131596565247,0.8683441475033761,0.9738274812698364,,,,,,
26.07999999995256,163.44745598193242,26.16379279268425,111.40013653632643,82.38627017578148,112.00331511195637,83.95668124704095,17.092975710408023,0.0,16.577650590148853,0.8796647489070892,0.9456701040267944,0.9545221567153931,0.8574170410633087,0.8746429920196533,0.9766234655864536,,,,,,
26.099999999952512,163.6928634525557,25.91460130027332,110.5018601264123,81.77100569911855,112.00169184172937,83.93504728924405,16.98354990542083,0.0,16.590732754615875,0.8822587609291077,0.948782205581665,0.9645353078842163,0.8586743950843811,0.8790312051773072,0.9781383414752781,,,,,,
26.119999999952466,163.9949122927151,25.67877738562029,109.5678806031253,81.25414261232359,112.00060917298129,83.91344382050698,16.844502229446164,0.0,16.604148409600896,0.8827447056770324,0.95027596950531,0.970107626914978,0.8592160940170288,0.8791344255208969,0.9786437531001866,,,,,,
26.13999999995242,164.34355132562058,25.467083811767306,108.72370019656299,80.58256734910907,112.00006769199636,83.89188098158358,16.621753266801672,0.0,16.617891308784685,0.8839056253433227,0.9516005516052246,0.9747324228286743,0.8604558706283569,0.8809594541788102,0.9790142317302525,,,,,,
26.159999999952372,164.7266388290993,25.291877062265726,107.97358318013298,79.91590907708643,112.00006769199611,83.66689538143619,16.334062965407398,0.0,16.764977640204123,0.8849633574485779,0.9522908926010132,0.9766475677490234,0.8614584445953369,0.8827251195907593,0.9791681070812046,,,,,,
26.179999999952326,165.12913895903662,25.165260181596995,107.28300707642013,79.48131110257367,112.00060917298052,82.02855896257951,16.037821989242918,0.0,17.83640860189401,0.8858166813850403,0.9526336669921875,0.9773441314697265,0.8622099995613098,0.8699639864265919,0.9792161245830358,,,,,,
26.19999999995228,165.5331800152816,25.09723928848784,106.69776556979558,79.2304024158765,112.00169184172809,82.05711210158726,15.751651599400645,0.0,17.818449538334857,0.8867592036724091,0.9527520656585693,0.9777935743331909,0.8630900144577027,0.8859616875648498,0.9791666527278722,,,,,,
26.219999999952233,165.922023267662,25.093731904149738,106.29952855999734,79.0430518386405,112.00331511195458,82.08565359463901,15.46948614558433,0.0,17.800851511433983,0.8876961886882783,0.9526631593704223,0.9779956817626954,0.864006531238556,0.8855425760149956,0.9790352006442845,,,,,,
26.239999999952186,166.27924356435753,25.156455124808044,106.11130048138047,78.96429617421894,112.00547810463055,82.11417762172528,15.209376803410116,0.0,17.783617751400918,0.8886245012283326,0.9523462772369384,0.9779325604438782,0.8649608612060548,0.8860863626003266,0.9788127918727696,,,,,,
26.25999999995214,166.59186459592095,25.283383182662167,106.1111226020189,79.09413885360868,112.0081796484573,82.14267836639813,15.006593753329852,0.0,17.766751295043154,0.8894650638103485,0.9518495559692383,0.9776354908943177,0.8658674895763397,0.88585364818573,0.978525843191892,,,,,,
26.279999999952093,166.8508359411758,25.469311287540197,106.2914154100655,79.41136151041638,112.01141828050118,82.17115001695728,14.876573738409531,0.0,17.75025498540545,0.890157675743103,0.951120924949646,0.9770200490951538,0.8666755080223084,0.8841287180781364,0.9781589527614415,,,,,,
26.299999999952046,167.0517795399938,25.706716001687862,106.65717056991,79.82244087200195,112.01519224698582,82.1995867676351,14.813674057989209,0.0,17.73413147151305,0.8899678528308869,0.9497241854667664,0.9733821034431458,0.8664016962051392,0.8807390697300435,0.977638937998563,,,,,,
26.319999999952,167.19300383698152,25.986801583062846,107.1855364442745,80.29440816319226,112.01949950424178,82.22798281978055,14.816749117316133,0.0,17.718383208218448,0.8884748816490173,0.9476289987564087,0.967425012588501,0.8652674198150635,0.8769539296627045,0.9767087717540562,,,,,,
26.339999999951953,167.27493632782677,26.302620791220132,107.82675575861884,80.80991864611846,112.02433771981326,82.2563323830416,14.893947829633513,0.0,17.703012456151992,0.8850992679595947,0.9442891716957093,0.9578659772872925,0.86330326795578,0.872473667562008,0.9749535103328526,,,,,,
26.359999999951906,167.30100826275822,26.650253334642134,108.52517630992416,81.3170341495002,112.02970427372121,82.2846296765459,15.05471453906384,0.0,17.688021281775686,0.8811450958251954,0.9404891729354858,0.9454286575317383,0.8610697269439698,0.8680165901780129,0.9729220886714757,,,,,,
26.37999999995186,167.2764832820302,27.014177806634137,109.23765686307154,81.86288847313784,112.035596259882,82.31286893007974,15.301750416097212,0.0,17.673411557539996,0.8775238752365113,0.9367157220840454,0.931561005115509,0.859123980998993,0.8646580025553704,0.9708254118449986,,,,,,
26.399999999951813,167.20849221102796,27.37543584186974,109.96365566009045,82.39374499496572,112.04201048768117,82.34104438526447,15.611556623310713,0.0,17.659184962143524,0.8743385672569275,0.9331579089164734,0.9173440575599671,0.8575225830078126,0.861519630253315,0.9687667389400303,,,,,,
26.419999999951767,167.1070446569254,27.71774184300622,110.70295641799305,82.82348947214089,112.04894348370122,82.36915029673084,15.952082732739619,0.0,17.645342980894878,0.8717249751091004,0.9301520109176635,0.9041906237602234,0.8561622500419617,0.8596911951899529,0.967400630377233,,,,,,
26.43999999995172,166.98299657651648,28.025102413933087,111.41065387333677,83.181021690105,112.05639149360252,82.39718093329057,16.309593219201343,0.0,17.63188690617638,0.8696532607078553,0.9279679775238037,0.8922451734542847,0.8549034595489502,0.8627885580062866,0.970521530508995,,,,,,
26.459999999951673,166.85081146996387,28.281435041395415,112.02793577337778,83.5157900443358,112.0643504841563,82.42513057910497,16.67458963434131,0.0,17.618817838009203,0.8679294586181641,0.926216971874237,0.8826677858829498,0.8538201212882996,0.8613682806491852,0.9693120751529932,,,,,,
26.479999999951627,166.72800651629376,28.471321556266194,112.52308346321313,83.76350967182441,112.07281614542876,82.45299353485049,17.019556420275755,0.0,17.606136684719225,0.8670941054821015,0.925128448009491,0.8766188859939575,0.8533481955528259,0.8607572913169861,0.968811358883977,,,,,,
26.49999999995158,166.63255863126187,28.58294433314579,112.87495909353125,83.84925883856943,112.081783893115,82.48076411888088,17.312931051574992,0.0,17.593844163703068,0.8668398022651673,0.9248587369918824,0.874503529071808,0.8531723499298096,0.8605599582195282,0.9679720226675272,,,,,,
26.519999999951533,166.57995618250237,28.609999599633667,113.05333866405824,83.78779163587444,112.09124887102143,82.50843666838581,17.539860614522947,0.0,17.58194080229359,0.8670080065727235,0.9254711508750916,0.8765098571777344,0.8531346321105957,0.8605780839920044,0.9667111878283322,,,,,,
26.539999999951487,166.5816274387705,28.55419293986066,113.03641280981417,83.60177971454267,112.10120595369555,82.53600554054555,17.697815460165558,0.0,17.570426938724204,0.8676062226295471,0.9269604682922363,0.8828028321266175,0.8532398343086243,0.8608171045780182,0.9659905910491944,,,,,,
26.55999999995144,166.6446489257986,28.427490699934776,112.823048830389,83.25263872315143,112.11164974920145,82.56346511368159,17.788059187387695,0.0,17.559302723191163,0.8686121106147766,0.92921222448349,0.8933003902435303,0.8534923017024995,0.8612746357917787,0.9669660449028015,,,,,,
26.579999999951394,166.77218870909354,28.249558422511193,112.41379998571273,82.7410202850495,112.12257460203959,82.59080978840306,17.82403227724854,0.0,17.548568119012938,0.8708800077438354,0.9321608185768128,0.9083877682685852,0.8546695113182068,0.8629217147827148,0.9680806875228882,,,,,,
26.599999999951347,166.96402750901038,28.03049688868432,111.82145085240377,82.26401342726525,112.13397459620946,82.61803398874851,17.822407943264523,0.0,17.538222903885973,0.8743692278862,0.9363020300865174,0.9251500725746155,0.8563470840454102,0.8657005190849305,0.9704833507537842,,,,,,
26.6199999999513,167.21704537150248,27.776996754174846,111.123964140084,81.8279662157625,112.1458435584131,82.64513216332281,17.762323654259692,0.0,17.528266671235784,0.8779404044151307,0.9403251767158508,0.9405961990356445,0.8580600261688233,0.8724807441234589,0.9727466106414795,,,,,,
26.639999999951254,167.52552862209367,27.49552256243201,110.41881859331276,81.32982267142482,112.1581750613981,82.67209878642936,17.60518357101996,0.0,17.518698831662256,0.8813651442527771,0.9439203977584839,0.9531995773315429,0.8597312211990357,0.876238039135933,0.9752788996323943,,,,,,
26.659999999951207,167.88294827409032,27.19758435496029,109.74006882509512,80.80003084827088,112.17096242743804,82.69892835919664,17.34857818558073,0.0,17.509518614478548,0.8852105140686035,0.9472627162933349,0.9636505842208862,0.8619703650474548,0.8808089092373849,0.976968607865274,,,,,,
26.67999999995116,168.28072481123198,26.898728960970608,109.0658927341305,80.37178319869037,112.18419873194864,82.72561541069967,17.028182241048654,0.0,17.500725069341996,0.8872517883777619,0.9490790128707886,0.9696545720100402,0.8636002719402314,0.8844763800501824,0.9777258371934294,,,,,,
26.699999999951114,168.7084376680239,26.61395600310841,108.39235973978815,80.07431343131736,112.1978768072375,82.75215449907553,16.67328776568527,0.0,17.492317067976284,0.8884447395801545,0.9502380132675171,0.9738372445106507,0.8648918628692628,0.8862680703401565,0.9780369257554412,,,,,,
26.719999999951067,169.15590541574377,26.358652903871512,107.76151462434149,79.82011430557489,112.21198924638557,82.77854021263306,16.289598539171838,0.0,17.484293305983464,0.8895737648010255,0.9511037945747376,0.9767969489097595,0.8661066770553589,0.8874635070562363,0.9782456969842315,,,,,,
26.73999999995102,169.60322393077215,26.146924193385033,107.24361944870127,79.58630829789908,112.22652840725806,82.80476717095637,15.886736025196472,0.0,17.47665230474476,0.8903285205364228,0.9513667345046997,0.9773621082305908,0.8667982935905457,0.8885235458612443,0.9782722568139434,,,,,,
26.759999999950974,170.03961498723635,25.990347362096223,106.80809349932585,79.45253766074822,112.2414864166429,82.83083002600196,15.495277197143723,0.0,17.46939241340882,0.8911090433597565,0.9514806389808654,0.9777480006217957,0.8675434172153473,0.8897163406014442,0.9782362079247833,,,,,,
26.779999999950928,170.44607418205797,25.897683303950853,106.49817407184881,79.43833711940812,112.25685517451411,82.8567234631893,15.138941002157392,0.0,17.46251181096599,0.8917549312114715,0.9514442920684815,0.9779153347015381,0.8681861996650696,0.8897409394383431,0.9781533217057585,,,,,,
26.79999999995088,170.8058617037245,25.87292258365564,106.36570346163923,79.52662039714072,112.27262635841821,82.88244220248453,14.8310458090584,0.0,17.45600850840744,0.8922971785068512,0.9512543916702271,0.97787504196167,0.8687568545341492,0.8892345428466797,0.9780185794457793,,,,,,
26.819999999950834,171.10645550571718,25.915778700055817,106.42089883646499,79.73510529356103,112.28879142798087,82.90798099947713,14.588372509799074,0.0,17.449880350967607,0.8926697432994842,0.9508685111999512,0.9775578737258911,0.8691967964172364,0.8884178131818772,0.9778212999925018,,,,,,
26.839999999950788,171.33908104453891,26.02266901171122,106.65395667257268,80.07991658036715,112.30534162953175,82.93333464644934,14.426901186217224,0.0,17.44412502044856,0.8898389041423798,0.9519582271575928,0.9778815507888794,0.8662122249603272,0.8838115990161896,0.9785625433549285,,,,,,
26.85999999995074,171.49956481435137,26.187214786117607,107.05026338586478,80.53603581740573,112.32226800084477,82.95849797343807,14.352575915872784,0.0,17.43874003762471,0.8870100736618042,0.9528129935264588,0.9779457330703736,0.8633196830749512,0.8788545057177544,0.9791970944032073,,,,,,
26.879999999950694,171.58875501416261,26.401128279006034,107.59129057926114,81.05787608402743,112.33956137599125,82.98346584928912,14.362879785633373,0.0,17.43372276472648,0.8840420484542847,0.9533568620681763,0.9776052713394165,0.8603984832763673,0.8736893668770791,0.9797136997804046,,,,,,
26.899999999950648,171.60851230923106,26.65567097158126,108.24678015406418,81.61537396461573,112.35721239030349,83.00823318270353,14.45437561511604,0.0,17.429070408001138,0.8813773632049561,0.9536302804946899,0.9770330905914306,0.8578563272953034,0.8692532628774643,0.9800885653123259,,,,,,
26.9199999999506,171.5640333001578,26.94527280209385,108.97683243275591,82.1403387420425,112.37521148544583,83.03279492327576,14.625006441483093,0.0,17.42478002034941,0.8790704846382141,0.9537172317504883,0.9763332486152649,0.8557178974151611,0.8655520766973496,0.9803530907258391,,,,,,
26.939999999950555,171.4627078186595,27.26797339587669,109.72198758642496,82.57422864215653,112.39354891459075,83.05714606252349,14.883259328310794,0.0,17.420848504036083,0.8777171015739441,0.9538234829902649,0.9759310483932495,0.8545834779739381,0.8641562201082706,0.980524275265634,,,,,,
26.959999999950508,171.31416907223553,27.613321051671214,110.42825617587172,83.02384990215944,112.41221474769686,83.08128163490896,15.239533072915371,0.0,17.417272613472882,0.876545661687851,0.9538691520690918,0.9755128622055054,0.853622990846634,0.8635689482092858,0.9806542133912444,,,,,,
26.97999999995046,171.13004527553795,27.971160225326635,111.10812596626619,83.40899685049395,112.43119887688627,83.10519671885153,15.669311812372042,0.0,17.414048958071987,0.8753804087638856,0.9536830902099609,0.9740142226219177,0.8525711059570313,0.8617593072354794,0.9807058429345489,,,,,,
26.999999999950415,170.9234940790569,28.33362909962975,111.78377313054774,83.63082410928334,112.4504910219181,83.12888643773123,16.138425488112695,0.0,17.41117400516831,0.8742221713066102,0.9536074876785279,0.97272207736969,0.8515231132507325,0.863720227777958,0.9836563728749752,,,,,,
27.019999999950368,170.70592680529296,28.693584804778887,112.43010829248854,83.74332078396698,112.47008073575547,83.15234596088317,16.63865886239292,0.0,17.408644083008845,0.8735081672668458,0.9535081505775451,0.9715756177902222,0.8508634924888612,0.8635753616690636,0.9829241367056966,,,,,,
27.03999999995032,170.4881337325601,29.046508069248706,113.01453127862156,83.81566833787437,112.4899574102228,83.17557050458258,17.17115096530806,0.0,17.40645538380722,0.8733986616134644,0.953525710105896,0.9712368488311768,0.8507381796836854,0.8633959576487542,0.9818814516067504,,,,,,
27.059999999950275,170.28019000851714,29.388135611393402,113.53766952187975,83.81191215996449,112.51011028175019,83.1985553330203,17.721522074823973,0.0,17.404603966861398,0.8733524143695832,0.9535317778587341,0.9710854530334473,0.850684952735901,0.8633188828825951,0.9815060008317232,,,,,,
27.07999999995023,170.09098115708034,29.714854816323683,114.0094065691905,83.68741200877237,112.53052843720218,83.22129575926846,18.2700396345361,0.0,17.403085761732946,0.8733255088329316,0.9535882234573364,0.9712807893753052,0.8506670236587525,0.8633294150233269,0.9807661863043904,,,,,,
27.09999999995018,169.92774121507426,30.02245112523241,114.42179409904017,83.47064274838449,112.55120081978743,83.2437871462362,18.80813571523872,0.0,17.401896571485736,0.8733344554901123,0.9536303281784058,0.9715402722358704,0.8506879806518555,0.8633896574378014,0.9803380608558655,,,,,,
27.119999999950135,169.79646406484108,30.307703639553516,114.763114525024,83.21737401282617,119.0,83.26602490761526,19.33273144066131,0.0,21.603318094106527,0.8734968066215516,0.9535627245903016,0.971818995475769,0.8508634984493256,0.8636121138930322,0.9802847504615784,,,,,,
27.13999999995009,169.7027161723009,30.566227766699605,115.04083923590615,82.97126712000342,119.0,83.28800450881522,19.831216559672125,0.0,21.588948734892206,0.8743674159049988,0.9534619092941284,0.9723978757858276,0.85164675116539,0.8653373256325723,0.9801560044288635,,,,,,
27.159999999950042,169.64716026187804,30.796112880196862,115.2807960250796,82.68410883494643,119.0,83.30972146788805,20.27925297371078,0.0,21.574751080297776,0.875514304637909,0.9533135771751404,0.9730010747909545,0.8526744604110719,0.8686707228422166,0.9805715037044138,,,,,,
27.179999999949995,169.62994708002097,30.999874108972143,115.4933368034261,82.33497930053393,119.0,83.3311713564422,20.663478557427137,0.0,21.5607280254235,0.8769185423851014,0.9531729221343994,0.9738414764404297,0.8539440035820007,0.8707884356379509,0.9803749752696603,,,,,,
27.19999999994995,169.6498034804167,31.18109034732806,115.66562772359835,82.00840319839428,119.0,83.35234980054548,20.99156172986727,0.0,21.546882429766328,0.8782184720039368,0.9529501438140869,0.974319314956665,0.8551238000392914,0.8729638785123826,0.9801586938556284,,,,,,
27.219999999949902,169.70419189291823,31.343658427465726,115.79155448158505,81.72821149121005,119.0,83.37325248161706,21.272711261939936,0.0,21.533217116636784,0.8796063780784608,0.952888298034668,0.9753242254257202,0.856401813030243,0.8745294779539109,0.9799914313014597,,,,,,
27.239999999949855,169.78961727648985,31.491616302080644,115.87930397221804,81.45371449010352,119.0,83.39387513730802,21.509342024216995,0.0,21.519734872583275,0.8811614751815796,0.9526592850685119,0.975764274597168,0.8578226447105408,0.8760144203901291,0.9797461939509958,,,,,,
27.25999999994981,169.90210772871418,31.627274520796757,115.93708171850734,81.18667231450759,119.0,83.4142135623705,21.70573601731136,0.0,21.50643844682387,0.8833356142044068,0.9523995876312256,0.9762147545814515,0.8599005460739136,0.8789591282606125,0.9794226360972971,,,,,,
27.279999999949762,170.03674133372184,31.752134217408674,115.9709068144433,80.94748790577633,119.0,83.43426360951533,21.869400697524544,0.0,21.493330550685677,0.8852293133735657,0.9522050499916077,0.9766356468200683,0.8617263436317444,0.8815840363502503,0.9791514111217111,,,,,,
27.299999999949716,170.18693642010615,31.867234783663722,115.9895593209293,80.74540944949554,119.0,83.45402119025755,22.006677352749875,0.0,21.480413857051968,0.8868774533271789,0.9520373582839966,0.9769961118698121,0.8633312225341797,0.8836958631873131,0.9789146137889475,,,,,,
27.31999999994967,170.34683932587507,31.972187995351018,116.00539180003952,80.58843160215648,119.0,83.4734822757502,22.12051338948375,0.0,21.467690999817183,0.8887438535690307,0.9517710924148559,0.9773073434829712,0.865180492401123,0.8859821125864983,0.9786141348537057,,,,,,
27.339999999949622,170.51051466397962,32.06674263137303,116.03245552988368,80.46488260974903,119.0,83.49264289760588,22.211165702576814,0.0,21.455164573349784,0.8902293801307678,0.9514620065689087,0.9774394512176514,0.8666839659214021,0.8875801146030426,0.9783339572604746,,,,,,
27.359999999949576,170.6722373648044,32.15084717177516,116.0789922754749,80.37530440794555,119.0,83.5114991487059,22.28095311816538,0.0,21.442837131963262,0.8920811891555787,0.9510985612869263,0.9776282906532288,0.8685717582702637,0.8898336499929428,0.9779906702693552,,,,,,
27.37999999994953,170.8265366599717,32.22462370145347,116.14678194890868,80.32922483332523,119.0,83.53004718399703,22.33528826561331,0.0,21.430711189395264,0.8937047362327576,0.9506463527679443,0.9778146982192993,0.870447200536728,0.89204530864954,0.9775383902247995,,,,,,
27.399999999949483,170.9684458051945,32.28877015574126,116.23537080255689,80.3217028094348,119.0,83.54828322127555,22.37983802151566,0.0,21.41878921829501,0.8950876295566559,0.9501285552978516,0.9780011415481568,0.872269904613495,0.8940755426883698,0.9769953919108957,,,,,,
27.419999999949436,171.09371037281062,32.34429198033468,116.34342674285851,80.34282505192373,119.0,83.5662035419585,22.41946652473145,0.0,21.40707364971911,0.8962815463542938,0.949559497833252,0.9779155611991882,0.8738658785820008,0.8957535699009895,0.9764630389865487,,,,,,
27.43999999994939,171.19883256061078,32.39187020976674,116.46871850327437,80.38832526673492,119.0,83.58380449184195,22.45826038403415,0.0,21.395566872635776,0.8966144800186158,0.9485716581344604,0.9768602132797242,0.8748406052589417,0.8965987399220466,0.9756658745463938,,,,,,
27.459999999949343,171.28117347085575,32.431854063535255,116.60895159094093,80.45214813131624,119.0,83.60108248184613,22.49883413731301,0.0,21.38427123343773,0.8966230630874634,0.947523558139801,0.9756479263305664,0.8755551517009735,0.8971162587404251,0.9748183322604745,,,,,,
27.479999999949296,171.33880377750612,32.46409368203683,116.7622538517122,80.53021319519895,119.0,83.61803398874731,22.542195072093442,0.0,21.373189035463746,0.8965277016162873,0.9465083360671998,0.9743318557739258,0.8761010468006134,0.8974353581666946,0.9740129900630563,,,,,,
27.49999999994925,171.37048203028723,32.48787170589768,116.9272522317429,80.62069210862542,119.0,83.63465555589625,22.587888684596816,0.0,21.36232253852892,0.8963521957397461,0.945546555519104,0.9729530572891235,0.8764967143535615,0.8975741118192673,0.9732637358363718,,,,,,
27.519999999949203,171.37566646177532,32.50224945100424,117.10270517909653,80.71874435672488,119.0,83.65094379392299,22.634361446909463,0.0,21.351673958463916,0.8961239039897919,0.9446735739707947,0.9715831995010376,0.8767568588256837,0.8975463956594467,0.9725957823451609,,,,,,
27.539999999949156,171.35466134276209,32.50609895815357,117.28541447175564,80.82332783049634,119.0,83.66689538142809,22.680151412936173,0.0,21.341245466663075,0.8958666622638702,0.9438947081565857,0.9702603101730347,0.8769117653369904,0.8974329993128777,0.9720100236590952,,,,,,
27.55999999994911,171.3089879493875,32.49717507390446,117.46937383333206,80.94200681552473,119.0,83.68250706565985,22.72375945422141,0.0,21.331039189641675,0.8956034302711487,0.9432314515113831,0.9690484046936035,0.87698033452034,0.8972335636615754,0.9715206576045603,,,,,,
27.579999999949063,171.24127872882408,32.4731484627783,117.64845827648186,81.06460546016666,119.0,83.69777566317755,22.761989282622434,0.0,21.32105720860231,0.8953404307365418,0.9427088379859925,0.9680015921592713,0.8769566774368287,0.8968587040901185,0.9711495114024729,,,,,,
27.599999999949016,171.1549825915065,32.43259326538361,117.81512206036442,81.17571520033917,119.0,83.7126980605007,22.79170997217077,0.0,21.31130155901047,0.8951089739799499,0.9423425674438477,0.9671942472457886,0.8768749177455902,0.8965474128723144,0.9709026289638132,,,,,,
27.61999999994897,171.05407972227624,32.37514261401503,117.9586570779669,81.2731412816185,119.0,83.72727121474387,22.81231547691239,0.0,21.30177423017949,0.8949361383914948,0.9421440958976746,0.9666905760765075,0.8767658412456513,0.8964071825146676,0.9707828474696726,,,,,,
27.639999999948923,170.94280988448008,32.30138525244755,118.068069823698,81.35800533019163,119.0,83.74149215423714,22.82453826628573,0.0,21.292477164864934,0.8948429167270661,0.9421205520629883,0.9665377855300903,0.8766541540622712,0.896347776055336,0.9707904172595591,,,,,,
27.659999999948877,170.82542329736197,32.21271387202312,118.13578987788303,81.42382677052609,119.0,83.75535797913211,22.82804539515268,0.0,21.283412258868402,0.8948407113552094,0.9422664523124695,0.9667461752891541,0.8765589356422425,0.8963641926646233,0.970917005604133,,,,,,
27.67999999994883,170.7059556598562,32.111228419932495,118.15802040405369,81.46173294242173,119.0,83.76886586199326,22.82131775490243,0.0,21.27458136065096,0.8949417889118195,0.9425699353218079,0.9673098206520081,0.8765038132667542,0.8965675085783005,0.9711482001002878,,,,,,
27.699999999948783,170.58803494547402,31.99965128767673,118.13314854205879,81.46914438346482,119.0,83.78201304837441,22.803105976686325,0.0,21.265986270956216,0.8951510787010193,0.9430099964141846,0.9681926965713501,0.876507842540741,0.8970071688294411,0.9714638186153024,,,,,,
27.719999999948737,170.47471083790285,31.881202011480116,118.06130962473598,81.44913163458462,119.0,83.79479685738042,22.77309167801322,0.0,21.257628742443142,0.8954651713371277,0.9435644268989563,0.9693412065505982,0.8765793323516846,0.8976271539926529,0.9718453121837228,,,,,,
27.73999999994869,170.36830322527138,31.759506641297122,117.94516163752682,81.40480598190031,119.0,83.80721468221392,22.73147917705848,0.0,21.249510479328634,0.8958741188049316,0.9442072987556458,0.9706867456436157,0.8767201364040376,0.8983654022216797,0.9722731304820627,,,,,,
27.759999999948644,170.27030228242353,31.638390049329146,117.79013528286559,81.33864482882103,119.0,83.81926399070683,22.678778429897775,0.0,21.241633137040047,0.8963594853878022,0.9449080348014831,0.9721472024917602,0.8769239246845246,0.8992012321949006,0.9727265549357981,,,,,,
27.779999999948597,170.18145417163547,31.5206957638014,117.60392538950704,81.25918605018468,119.0,83.83094232583665,22.61602275403107,0.0,21.233998321877618,0.8968956649303437,0.9456250786781311,0.9736262559890747,0.8771823644638062,0.9001127630472183,0.9731780005153269,,,,,,
27.79999999994855,170.1016125929893,31.407893313199782,117.39685108523291,81.17673591599917,119.0,83.84224730622758,22.54414746976574,0.0,21.226607590686896,0.8974526107311249,0.9463301777839661,0.9750514626502991,0.8774731695652008,0.9009926006197929,0.9736125422175974,,,,,,
27.819999999948504,170.02938404678153,31.301335405833655,117.18146927167575,81.09362774500023,119.0,83.85317662663607,22.463703427205918,0.0,21.219462450541297,0.897995400428772,0.9469939470291138,0.9763558626174926,0.8777686953544617,0.9017656475305558,0.974015731876716,,,,,,
27.839999999948457,169.96395394793575,31.202418905699698,116.96992290195325,81.01584510772594,119.0,83.86372805842088,22.376357978573047,0.0,21.212564358434804,0.8985007166862488,0.9475765943527221,0.9774828314781189,0.8780647158622742,0.9024890676140785,0.9743612838443368,,,,,,
27.85999999994841,169.90279237716706,31.11248582082309,116.77266311896786,80.95312238680215,119.0,83.87389944999755,22.28545455294963,0.0,21.205914720984826,0.8989163339138031,0.9480571985244751,0.9783790946006775,0.8783053636550904,0.9030269488692284,0.9746463370975107,,,,,,
27.879999999948364,169.84276514069484,31.032925205647675,116.599020589307,80.91191212926016,119.0,83.88368872727713,22.19503624737705,0.0,21.199514894145423,0.8991688609123231,0.9483612060546875,0.9788010597229004,0.878400331735611,0.9031887739896775,0.9748436165507883,,,,,,
27.899999999948317,169.78070297209334,30.965022773967892,116.45738306242423,80.89382613054126,119.0,83.8930938940891,22.109013391979786,0.0,21.193366182930767,0.8994960010051728,0.9480880379676819,0.97882559299469,0.8790448307991028,0.9039170160889626,0.9745282126124948,,,,,,
27.91999999994827,169.71349114465662,30.90985264134963,116.35435697103065,80.89894549881109,119.0,83.9021130325885,22.031156525697188,0.0,21.187469841149014,0.8995231330394745,0.9481401205062866,0.9788638830184937,0.8790323913097382,0.9037066042423249,0.974568779533729,,,,,,
27.939999999948224,169.63824529384348,30.86818919547795,116.29402932516655,80.92734512286924,119.0,83.91074430364684,21.965182202686734,0.0,21.181827071146724,0.8994101345539093,0.9480998754501343,0.9787900447845459,0.8789283514022828,0.9032887473702431,0.9745577645953745,,,,,,
27.959999999948177,169.55249189445823,30.840432330473195,116.2779589520812,80.97771793130717,119.0,83.91898594722731,21.914432745251876,0.0,21.176439023563564,0.8992389857769013,0.947912049293518,0.9785072565078735,0.8788450479507447,0.9028432905673981,0.9744405222591013,,,,,,
27.97999999994813,169.45435029381002,30.826552287118293,116.30532863065756,81.04638736293617,119.0,83.92683628274354,21.881462938084876,0.0,21.17130679709779,0.8988932490348817,0.9475787162780762,0.9778409004211426,0.8785989999771119,0.9021034047007561,0.974257488315925,,,,,,
27.999999999948084,169.34271996450286,30.827775429618622,116.37221958297712,81.10347104892043,119.0,83.93429370940235,21.86822243828811,0.0,21.166431438282125,0.8984039306640625,0.9471153497695923,0.9768790245056153,0.8782439291477204,0.9011740192770958,0.9740055275615305,,,,,,
28.019999999948038,169.21736369406162,30.847367596425354,116.46603836214679,81.13753023720189,119.0,83.94135670653021,21.88074234185158,0.0,21.16181394127039,0.8978567659854889,0.9465219259262085,0.9756763577461243,0.8778956294059754,0.900510098040104,0.9736612511333078,,,,,,
28.03999999994799,169.07888068348163,30.881950319415786,116.57313276556275,81.22203200453507,119.0,83.94802383388325,21.92504490765246,0.0,21.15745524763478,0.8973739862442017,0.9458866715431213,0.9744401574134827,0.8776602268218995,0.9001327529549599,0.9732638550456614,,,,,,
28.059999999947944,168.92851561247235,30.925354694227245,116.6992961308365,81.3254323373126,119.0,83.95429373194098,21.990870949441646,0.0,21.15335624617388,0.896772301197052,0.9452335953712463,0.973007595539093,0.877271831035614,0.8987617984414101,0.9728840542491526,,,,,,
28.079999999947898,168.7680184792701,30.971821347970582,116.85454859548003,81.38740662146691,119.0,83.96016512218351,22.061143065298737,0.0,21.149517772731397,0.8962359964847565,0.9445630550384522,0.9715641498565674,0.8769807755947113,0.8978542432188988,0.9724706125911325,,,,,,
28.09999999994785,168.59963311282803,31.016504400246518,117.03017499566077,81.42645874745465,119.0,83.96563680735233,22.130388122164508,0.0,21.14594061002571,0.8958217203617096,0.9440572261810303,0.9704262495040894,0.8767459511756898,0.8977087303996086,0.9721610022243112,,,,,,
28.119999999947805,168.42605968892568,31.055229412510894,117.20600706553579,81.48567177824991,119.0,83.97070767169427,22.20194824317032,0.0,21.142625487490335,0.8954619824886322,0.9436235547065734,0.9694184541702271,0.8765370845794678,0.8974509939551354,0.9718965602573008,,,,,,
28.139999999947758,168.25033318187238,31.08453697460571,117.3685071958578,81.55740590460196,119.0,83.97537668118925,22.27504348816869,0.0,21.13957308112509,0.89515660405159,0.9433480739593506,0.9686723232269288,0.8762996077537537,0.8967691496014595,0.9717508388217538,,,,,,
28.15999999994771,168.07631154584197,31.10192610503869,117.51182393409016,81.60745010481672,119.0,83.97964288376092,22.343390428121822,0.0,21.136784013358312,0.8949325263500214,0.9431868910789489,0.9681738138198852,0.8760990500450134,0.896260179579258,0.971678884094581,,,,,,
28.179999999947665,167.9064583253012,31.105945123939215,117.62842000649756,81.62865122929705,119.0,84.97884435591409,22.402359755628986,0.0,20.48354718934913,0.8949334800243378,0.9431368112564087,0.9681044220924377,0.8761322498321533,0.906665050983429,0.971635909145698,,,,,,
28.199999999947618,167.74382044866147,31.09600523422229,117.7083555813962,81.63454807950527,119.0,84.01351181529313,22.450702061140785,0.0,21.11464189899672,0.8950317919254304,0.9433143854141235,0.9684739589691163,0.8761521220207215,0.8872141674160957,0.971758515900001,,,,,,
28.21999999994757,167.59115628476877,31.072731231272137,117.74526145303473,81.6235282628515,119.0,84.027021163633,22.48692978457379,0.0,21.105810042709567,0.8952611684799194,0.9435704708099365,0.969106388092041,0.876298999786377,0.8974906653165817,0.9719096613582223,,,,,,
28.239999999947525,167.45068069908567,31.037772166538264,117.7371421646106,81.58689900427675,119.0,84.04052557851672,22.508707272204973,0.0,21.09698141171312,0.8956547021865845,0.944033145904541,0.9702007532119751,0.8765349984169006,0.8982136934995651,0.9721886349376291,,,,,,
28.25999999994748,167.32399372989386,30.99363197804274,117.68390669650132,81.52401728501414,119.0,84.0540225943422,22.51483510706836,0.0,21.08815761791662,0.8960319876670838,0.9445136308670044,0.9712709426879883,0.8767359852790833,0.8989809975028038,0.9724870038684458,,,,,,
28.27999999994743,167.2120047636536,30.94314276538621,117.58698197480986,81.44472321825646,119.0,84.0675097468582,22.505752043548878,0.0,21.079340272346165,0.8966374278068543,0.9451798439025879,0.9727954030036926,0.8771237790584565,0.9001270130276681,0.9728768063243478,,,,,,
28.299999999947385,167.11481347289683,30.889037955585426,117.45156872811866,81.35436236934468,119.0,84.08098457361434,22.481882886511393,0.0,21.070530984850535,0.8972646772861481,0.945785129070282,0.974205207824707,0.8775785803794861,0.9012663990259171,0.9732092095073313,,,,,,
28.31999999994734,167.0316557674508,30.833660468129377,117.28635614334605,81.25029339866045,119.0,84.09444461441062,22.44350301833233,0.0,21.061731363807297,0.8979679942131042,0.9463371872901917,0.9755693316459656,0.8781704783439637,0.9025578081607819,0.9734763575252146,,,,,,
28.339999999947292,166.96083832636288,30.778968312976602,117.10077482906868,81.1438354586761,119.0,84.1078874117466,22.392406103201015,0.0,21.052943015829154,0.8986698985099792,0.9469658970832825,0.9769593000411987,0.8787077844142914,0.9038224443793297,0.9738087130244821,,,,,,
28.359999999947245,166.90068734725708,30.72660039341888,116.90566184517188,81.0468408167803,119.0,84.12131051127017,22.33104535753295,0.0,21.04416754547057,0.8993473768234254,0.9475110292434692,0.9781735897064209,0.8792663335800172,0.9049803033471108,0.9740786386188119,,,,,,
28.3799999999472,166.8482469115797,30.678158769550464,116.71333854184311,80.96168773425046,119.0,84.13471146222555,22.261488053496794,0.0,21.035406554934863,0.8999153733253479,0.9479296684265137,0.9789501190185547,0.8797033071517945,0.905808886885643,0.9742931080516428,,,,,,
28.399999999947152,166.80006259176884,30.635285595711043,116.5356845377196,80.89205297124832,119.0,84.1480878179008,22.186419964672822,0.0,21.026661643781672,0.9003170728683472,0.9481729984283447,0.9792575836181641,0.8799859821796417,0.9063239350914956,0.9744225216563791,,,,,,
28.419999999947105,166.75254050763604,30.599486005404163,116.38224233016469,80.84530301185276,119.0,84.16143713607453,22.109768832202114,0.0,21.01793440863489,0.900566840171814,0.9483889460563659,0.9794775724411011,0.8801041126251221,0.9065114930272102,0.974561066692695,,,,,,
28.43999999994706,166.70209863574635,30.572014202811356,116.26052874863244,80.82627932095848,119.0,84.17475697946178,22.03586342859139,0.0,21.00922644289117,0.9007853865623474,0.9484302997589111,0.9795956969261169,0.8803366720676422,0.9067180559039116,0.9745510769542307,,,,,,
28.459999999947012,166.64532805118765,30.553879052622452,116.17662041163216,80.8345403167932,119.0,84.18804491615901,21.968546481127756,0.0,21.00053933642901,0.9008809566497803,0.948371696472168,0.9795782685279846,0.8804874181747437,0.906692098081112,0.974489445751533,,,,,,
28.479999999946966,166.5792082662117,30.54576893300658,116.13433397858913,80.86792059897572,119.0,84.2012985200882,21.911178257018964,0.0,20.991874675318453,0.9008702158927918,0.9481962203979493,0.9794965982437134,0.8806337893009186,0.9065792426466942,0.9743317437823862,,,,,,
28.49999999994692,166.50137308781626,30.547965248609003,116.13416279547147,80.92430573116489,119.0,84.2145153714396,21.86677452521949,0.0,20.983234041531567,0.9007498502731324,0.947914981842041,0.9793388843536377,0.8807522714138032,0.9063698381185532,0.9740933609660715,,,,,,
28.519999999946872,166.41029996991006,30.560298615494734,116.17343833250183,80.9998408111181,119.0,84.22769305711377,21.837659788365077,0.0,20.974619012653523,0.9005168914794922,0.9475555062294007,0.9790577411651611,0.8807803213596345,0.9059968113899232,0.9738198114093393,,,,,,
28.539999999946826,166.30530498814554,30.5822050183865,116.24750914146499,81.08795643657203,119.0,84.24082917116193,21.825078256919603,0.0,20.966031161594664,0.9001238107681274,0.9470621347427368,0.9783808946609497,0.8806383550167084,0.905358113348484,0.9734902573283761,,,,,,
28.55999999994678,166.18645679511576,30.61271987886323,116.35040435157373,81.18166657662968,119.0,84.25392131522545,21.82925290701641,0.0,20.95747205630322,0.8995879054069519,0.9464457035064697,0.9772319436073303,0.8803174376487732,0.9044859305024148,0.9731180144008249,,,,,,
28.579999999946732,166.054494917471,30.6506372619693,116.47522744845413,81.27490952959297,119.0,84.26696709897354,21.84960447620395,0.0,20.948943259479147,0.8990356981754303,0.9458262681961059,0.9760161519050599,0.8799734592437745,0.9036465659737587,0.9727473688777536,,,,,,
28.599999999946686,165.9107987048742,30.694859312937893,116.61461103863988,81.35381434551871,119.0,84.27996414053983,21.884971314090517,0.0,20.940446328288697,0.8984947741031647,0.9452336311340332,0.9747931003570557,0.8796246886253357,0.9028716713190079,0.9723960591014474,,,,,,
28.61999999994664,165.75782839712298,30.743341589909438,116.75924409737243,81.41661374251008,119.0,84.29291006695712,21.935279700171197,0.0,20.931982814080236,0.8980030715465546,0.944680368900299,0.9736217975616455,0.8793152511119843,0.9023175656795502,0.9720640612300485,,,,,,
28.639999999946593,165.59676764926638,30.791278999337003,116.90148354924543,81.49629731230529,119.0,84.30580251459071,21.99921088587311,0.0,20.9235542621009,0.8975797533988953,0.9441986083984375,0.9725732326507568,0.8790508389472962,0.9018834993243218,0.9717733336146921,,,,,,
28.659999999946546,165.43030341311575,30.833292058618706,117.04234157517213,81.57355128670625,119.0,84.31863912956993,22.06792500235546,0.0,20.915162211214522,0.8972152173519135,0.9438328862190246,0.9717082500457763,0.878790032863617,0.9011643812060356,0.9715650988277048,,,,,,
28.6799999999465,165.2613104909804,30.86553702306815,117.18203684661013,81.62036856500505,119.0,84.33141756821789,22.13126980866023,0.0,20.906808193620652,0.8969491422176361,0.9435965776443481,0.9711037993431091,0.8785793662071228,0.9007656171917916,0.9714395476039499,,,,,,
28.699999999946453,165.0927655954646,30.88575063152191,117.31069169694875,81.647797424227,119.0,84.34413549747939,22.186233125217285,0.0,20.898493734574817,0.8967899441719055,0.9434828996658325,0.9707738876342773,0.8784352898597718,0.9008030846714974,0.9713883472140878,,,,,,
28.719999999946406,164.9276252651645,30.892861125573372,117.41436641124166,81.67435907404304,119.0,84.35679059534684,22.234281770015134,0.0,20.890220352110074,0.8967510163784027,0.9435068726539612,0.9707610845565796,0.8783666074275971,0.9009030118584633,0.9714204502757638,,,,,,
28.73999999994636,164.76869316599124,30.886832225137052,117.48449067575991,81.69283800180773,119.0,84.36938055128432,22.27479436683731,0.0,20.881989556759766,0.8968266308307647,0.9436733722686768,0.9710657119750976,0.8783621966838837,0.9009711369872093,0.9715415669139474,,,,,,
28.759999999946313,164.61845856577705,30.86858474512342,117.51799772777764,81.68627470674527,119.0,84.38190306664931,22.30476397631488,0.0,20.873802851281834,0.8970246434211732,0.943967628479004,0.9716702103614807,0.878441882133484,0.9012930810451508,0.971736486023292,,,,,,
28.779999999946266,164.4789588610043,30.839878248386952,117.51287232452589,81.65234171311435,119.0,84.39435585511245,22.32234721792718,0.0,20.865661730384375,0.8973440110683442,0.9443662524223327,0.9725295305252075,0.8786187291145325,0.9019826963543892,0.9719853592570871,,,,,,
28.79999999994622,164.35166156630316,30.803059245392145,117.46771476410731,81.59978703351673,119.0,84.40673664307491,22.327688799934037,0.0,20.857567680452785,0.8977732300758362,0.9448519945144653,0.9735917210578918,0.8788875758647919,0.9028806567192078,0.9722767425235361,,,,,,
28.819999999946173,164.23738270790315,30.760840193499263,117.38434332704202,81.53277664898768,119.0,84.41904317008355,22.321066447078355,0.0,20.849522179278345,0.8982930779457092,0.9454002022743225,0.9747878313064575,0.8792376875877381,0.9038494825363159,0.9725953055080027,,,,,,
28.839999999946127,164.1362382627854,30.716188081456075,117.26824330137461,81.45013392637586,119.0,84.43127318924361,22.302283740246565,0.0,20.841526695788442,0.8988870739936828,0.9459859728813171,0.9760556817054749,0.8796626150608063,0.9049151554703713,0.9729247761424631,,,,,,
28.85999999994608,164.04763923939723,30.671735746654978,117.12663843456262,81.35758668939289,119.0,84.44342446762893,22.271836720248835,0.0,20.83358268977835,0.8995048999786377,0.9465591907501221,0.9772804856300354,0.8801267445087433,0.9060564756393433,0.9732371283229441,,,,,,
28.879999999946033,163.97031092402187,30.628801829174,116.96802653140061,81.26566853950428,119.0,84.45549478668966,22.23098384361209,0.0,20.825691611644714,0.9001341581344605,0.9471019268035888,0.9784321427345276,0.8806255698204041,0.9071890100836754,0.9735209537204355,,,,,,
28.899999999945987,163.90233979514667,30.588535083366132,116.8025069157591,81.17862763597492,119.0,84.46748194265727,22.180993247886903,0.0,20.817854902120743,0.90064697265625,0.9474978804588318,0.9790921449661255,0.8809930980205536,0.9079907968640327,0.9737379265483469,,,,,,
28.91999999994594,163.84127668669433,30.552152856040625,116.64032807961723,81.10067007939229,119.0,84.47938374694698,22.12366779413052,0.0,20.810073992013162,0.901185667514801,0.9474664211273194,0.979192054271698,0.8816110551357269,0.9090349763631821,0.9736370754893869,,,,,,
28.939999999945893,163.78428441166733,30.52089234483318,116.49058120683141,81.03822183873972,119.0,84.49119802655726,22.061839738864713,0.0,20.802350301940983,0.9019476294517518,0.9467195272445679,0.9789242148399353,0.8830641388893128,0.9110844597220421,0.9728742433246225,,,,,,
28.959999999945847,163.72831060309775,30.495944087446425,116.36110093774364,80.99647256220211,119.0,84.50292262446666,21.99894344481596,0.0,20.79468524207611,0.9025982141494752,0.9459619045257568,0.9786400079727173,0.8844122767448426,0.9128694072365761,0.972100539272651,,,,,,
28.9799999999458,163.67029259993564,30.478307467987275,116.25852142499888,80.97731512735913,119.0,84.51455540002755,21.93837992847516,0.0,20.78708021188592,0.9030823707580566,0.9451748847961425,0.9781461596488953,0.8855457067489624,0.9142434448003769,0.9713317108806223,,,,,,
28.999999999945754,163.6073809436641,30.468780074987563,116.18771206150372,80.98063200439464,119.0,84.52609422935701,21.883309034717744,0.0,20.779536599877705,0.9035183548927307,0.9443831443786621,0.9775084376335144,0.8865832388401031,0.9154546618461609,0.9705730391200632,,,,,,
29.019999999945707,163.53721034582176,30.467765299355626,116.150638174414,81.00581959158409,119.0,84.53753700572462,21.83660415698171,0.0,20.772055783345166,0.903706157207489,0.9436672449111938,0.9768048763275147,0.8872685551643372,0.9161027669906616,0.969914979999885,,,,,,
29.03999999994566,163.45809362359867,30.47512238822482,116.14609081521755,81.05225701172877,119.0,84.548881639937,21.800457009589294,0.0,20.764639128116997,0.9039306282997132,0.9429004430770874,0.9760513544082642,0.8880285501480103,0.9168568342924118,0.9691983533557504,,,,,,
29.059999999945614,163.36903762073933,30.489006079761104,116.17112063109803,81.133278041747,119.0,84.56012606071936,21.775366753633815,0.0,20.75728798830746,0.9040433526039123,0.941992974281311,0.975288987159729,0.8889441311359406,0.9177780225872993,0.9682509017642588,,,,,,
29.079999999945567,163.2696296432992,30.503250946013804,116.22622653829067,81.26121043485895,119.0,84.57126821509362,21.7566119036622,0.0,20.75000370606918,0.9040816187858581,0.9411646366119385,0.9745547056198121,0.8897073388099671,0.9183375418186188,0.9673793745692819,,,,,,
29.09999999994552,163.15995349816484,30.511354430397972,116.31485126700811,81.4006051389596,119.0,84.58230606875327,21.734370609010128,0.0,20.742787611348096,0.9039643764495849,0.9404055595397949,0.973713755607605,0.8901674807071686,0.9183006808161736,0.9666284037288279,,,,,,
29.119999999945474,163.0405229144551,30.508655586012026,116.43088190282876,81.53403066119448,119.0,84.59323760643471,21.703860275193403,0.0,20.735641021640642,0.903840160369873,0.9397080898284912,0.9729076385498047,0.8905610501766205,0.9185332000255585,0.965938110416755,,,,,,
29.139999999945427,162.91225045173218,30.49245014811462,116.55634289915605,81.68034564295212,119.0,84.60406083228527,21.669178931715606,0.0,20.728565241753213,0.9038042545318604,0.9392832279205322,0.972451639175415,0.8908605217933655,0.9188969135284424,0.9654991818126291,,,,,,
29.15999999994538,162.7763556597126,30.460748988983948,116.67427120537555,81.85482129461451,119.0,84.6147737702276,21.635035025631563,0.0,20.721561563563892,0.903799855709076,0.9391339540481567,0.9722992062568665,0.8909781515598297,0.9188832685351371,0.9653411579784006,,,,,,
29.179999999945334,162.63426293619386,30.41167645992977,116.77884055399853,82.03946201550052,119.0,84.6253744643204,21.598899749739303,0.0,20.714631265786657,0.9037531018257141,0.9392845511436463,0.9723977327346802,0.8907803654670715,0.9183177933096885,0.9655204725917429,,,,,,
29.199999999945287,162.48750192608668,30.344699445608217,116.87004750794969,82.20011648313765,119.0,85.39817368200372,21.55419679014164,0.0,20.20940692352424,0.9036985754966737,0.9396210789680481,0.9726711392402649,0.8904151201248169,0.925510211288929,0.9659001780208201,,,,,,
29.21999999994524,162.33766828514172,30.26080714461374,116.9424644271972,82.33438370300425,119.0,86.9635777508601,21.49887601384516,0.0,19.186010130455834,0.9037666082382202,0.9401057958602905,0.9732175350189209,0.8901141524314881,0.9336800843477249,0.9663875055965037,,,,,,
29.239999999945194,162.1863046204554,30.16213916993669,116.98637407547837,82.45760836848446,119.0,86.92716758198081,21.43576938276433,0.0,19.209813601270476,0.9038925886154175,0.9408058643341064,0.9740225911140442,0.8897191822528839,0.9175481379032135,0.967075486248359,,,,,,
29.259999999945148,162.03485826883207,30.05216239436515,116.99609747145139,82.55991713730702,119.0,86.89078156961604,21.367226638193653,0.0,19.233601279549514,0.9040869951248169,0.9416028618812561,0.9749701619148254,0.8893436253070831,0.9173544108867645,0.9678324533160776,,,,,,
29.2799999999451,161.88445302906365,29.93585944035834,116.97028041186935,82.62971015445531,119.0,86.85443178200764,21.29483470100146,0.0,19.25736527557281,0.904320764541626,0.9425049543380737,0.9760269045829773,0.888933551311493,0.9172520056366921,0.968675417965278,,,,,,
29.299999999945054,161.7358245305571,29.817719225080477,116.91028769761702,82.68364610643546,119.0,86.81813027538273,21.220434116280458,0.0,19.28109770747496,0.9045018911361694,0.9434592127799988,0.9770496368408204,0.8883905649185181,0.9170794218778611,0.9695804310496896,,,,,,
29.319999999945008,161.58907991460228,29.70091469280408,116.82395640423434,82.73596868066313,119.0,86.78188908995493,21.142868652096002,0.0,19.30479070385953,0.9047168850898742,0.9444251179695129,0.9781472444534302,0.887988430261612,0.9169778734445572,0.9704132271464914,,,,,,
29.33999999994496,161.44508172106066,29.588343432881643,116.72591176479935,82.78024560746543,119.0,86.74572024593097,21.056873700466777,0.0,19.32843640640977,0.9047435283660888,0.9451377987861633,0.9784805536270141,0.8873888552188873,0.9163914859294892,0.9711002064403147,,,,,,
29.359999999944915,161.30323980903302,29.48292705394449,116.62749065318411,82.78244361241372,119.0,86.70963573952395,20.959812872527845,0.0,19.352026972494976,0.9047755718231202,0.9457674741744995,0.9787743806838989,0.8868646025657654,0.9159524098038674,0.9717000437434763,,,,,,
29.379999999944868,161.16249640016574,29.387636592605155,116.52605931488486,82.77420150033893,119.0,86.67364753897446,20.860110042399725,0.0,19.375554577771705,0.9047832608222962,0.9463688969612122,0.9790513277053833,0.8863366842269897,0.9158386036753655,0.9722697210963815,,,,,,
29.39999999994482,161.02168042321873,29.305325216242423,116.41771035835264,82.78185879418207,119.0,86.63776758058113,20.768761333358135,0.0,19.399011418778894,0.9047694325447083,0.9468802690505982,0.9792837858200073,0.8858640789985657,0.9154507607221604,0.9727518034633249,,,,,,
29.419999999944775,160.8795433914658,29.23858778634766,116.30879556441492,82.78639347328136,119.0,86.60200776474156,20.689899439504295,0.0,19.42238971552605,0.9047525644302369,0.9473025441169739,0.9794745445251465,0.8854664444923401,0.9148716926574707,0.9731473875697703,,,,,,
29.439999999944728,160.73488319217023,29.189567158160276,116.20893983760298,82.76795122961185,119.0,86.56637995200543,20.624145214688543,0.0,19.44568171407364,0.9046476006507874,0.9476494908332824,0.9796217918395996,0.8850433230400085,0.9143883749842644,0.9734789920505136,,,,,,
29.45999999994468,160.58684648319715,29.159689460847083,116.12132570907383,82.73405023865679,119.0,86.5308959591406,20.574442313849424,0.0,19.468879689104885,0.9044137477874756,0.9479737997055053,0.9797458410263061,0.8845053315162659,0.9138878345489502,0.9737998438533395,,,,,,
29.479999999944635,160.4349710459839,29.14960642564617,116.04527267823279,82.69709295260587,119.0,86.49556755521378,20.544732451225265,0.0,19.491975946488026,0.9041698455810547,0.9481924414634705,0.9798209428787231,0.8840525805950165,0.9133964091539383,0.9740230513270944,,,,,,
29.49999999994459,160.27914358212243,29.159267011305523,115.98183653805326,82.65410272223836,119.0,86.46040645768717,20.536256162914185,0.0,19.514962825828253,0.9039214968681336,0.9483188271522522,0.9798538446426391,0.8836791753768921,0.9128610700368881,0.9741615486796945,,,,,,
29.51999999994454,160.1195533427569,29.1879786492031,115.93318213343174,82.59704952578575,119.0,86.42542432853199,20.547870428692978,0.0,19.537832703008444,0.9036782026290894,0.9483481645584106,0.9798432946205139,0.8833994507789612,0.9124588862061501,0.9742108059581369,,,,,,
29.539999999944495,159.95664358698892,29.23448076635502,115.89946014887776,82.52664268885772,119.0,86.39063277036053,20.578429640547842,0.0,19.560577992717917,0.9034535765647889,0.948299503326416,0.9797991514205933,0.8832101225852966,0.9122494190931321,0.9741872502025217,,,,,,
29.55999999994445,159.7910828892413,29.297055406180544,115.87899077498567,82.44823280449607,119.0,86.35604332257797,20.627107763810386,0.0,19.58319115096819,0.9032627701759338,0.9481829762458801,0.9797273993492126,0.8831174433231354,0.9121630668640137,0.9740986896213144,,,,,,
29.579999999944402,159.62373808642408,29.373664666943014,115.87034754578463,82.3630007286734,119.0,86.321667457555,20.692229952868818,0.0,19.605664677595197,0.9031166553497315,0.9480338573455811,0.9796450734138489,0.8831004738807678,0.9121392503380775,0.9739760828670114,,,,,,
29.599999999944355,159.4556209923767,29.462025784389546,115.87267274841156,82.2694751880351,119.0,86.28751657682275,20.771117941768615,0.0,19.627991118746824,0.9030123114585876,0.9478571534156799,0.9795541286468505,0.88315150141716,0.9122087568044662,0.9738240671809762,,,,,,
29.61999999994431,159.28820764531318,29.559654916971628,115.88471229259696,82.16866779865083,119.0,86.25360200729128,20.860895397903104,0.0,19.650163069355184,0.9029527306556702,0.9476720809936523,0.9794636249542237,0.8832562148571015,0.9123858422040939,0.9736597729381173,,,,,,
29.639999999944262,159.12292104568797,29.663694542980174,115.90465593846861,82.0639606983594,119.0,86.21993499749264,20.958822185595185,0.0,19.672173175592672,0.9031172275543213,0.9474482536315918,0.9793776512145996,0.8836283087730408,0.9130075499415398,0.9734380675014108,,,,,,
29.659999999944215,158.96022808372993,29.771258810958624,115.93080694927785,81.9580000277526,119.0,86.18652671385018,21.062002424864538,0.0,19.694014137311,0.9029893755912781,0.9473132848739624,0.9793030261993408,0.8836163997650147,0.9129689678549767,0.973325510090217,,,,,,
29.67999999994417,158.8012084058069,29.88010338107812,115.96185586761574,81.85224528013563,119.0,86.15338823697485,21.167291101486583,0.0,19.715678710462498,0.9032521843910217,0.9470903158187867,0.9792271852493286,0.884089732170105,0.913713788986206,0.9730937672313302,,,,,,
29.699999999944122,158.64672941400448,29.98755808805754,115.99658880320698,81.74859199108276,119.0,86.1205305579901,21.27161107677188,0.0,19.737159709502723,0.9032120704650879,0.9469652533531189,0.9791657447814941,0.8841598331928253,0.9137886434793473,0.9729813528712838,,,,,,
29.719999999944076,158.49748745728394,30.08999242297333,116.03369625203348,81.64979751331344,119.0,86.08796457488641,21.372225315413424,0.0,19.758450009773743,0.9033794641494751,0.9468104481697083,0.9791115641593933,0.8844727277755737,0.9142586067318916,0.9728209448512644,,,,,,
29.73999999994403,158.35395416533478,30.1828112523197,116.0725787202799,81.59305856965163,119.0,86.05570108890679,21.466251149625542,0.0,19.779542549867163,0.9035759806632996,0.9466747283935547,0.9790691256523132,0.8847990691661834,0.9147367656230927,0.9726750565227121,,,,,,
29.759999999943982,158.21630326455565,30.259856797831148,116.1222874440549,81.59869317429244,119.0,86.0237508009642,21.543580031989382,0.0,19.800430333966222,0.9037421226501465,0.946583378314972,0.9790440082550049,0.885054224729538,0.9147369176149368,0.9725733233150095,,,,,,
29.779999999943936,158.08445056440368,30.321892235374502,116.19419687505275,81.55931312302877,119.0,85.99212430809241,21.5909660190293,0.0,19.821106434166108,0.9038453817367554,0.9465627551078797,0.9790450096130371,0.8851806044578553,0.9143382728099824,0.9725439263042063,,,,,,
29.79999999994389,157.95812788588347,30.37222180966206,116.27215133903418,81.50094546374966,119.0,85.96083209993131,21.61606683708321,0.0,19.841563992771725,0.9039988636970521,0.9465491056442261,0.97905433177948,0.8853533625602722,0.9151099160313606,0.9725161505397409,,,,,,
29.819999999943843,157.83725129819175,30.413495180919863,116.32939012706876,81.49908575531789,119.0,85.92988455524765,21.6381917471312,0.0,19.861796224572256,0.9041332483291626,0.9465487360954284,0.9790678024291992,0.885494363307953,0.915577432513237,0.9725027037318796,,,,,,
29.839999999943796,157.721669834648,30.4474335931471,116.36135189561716,81.53418698687334,119.0,85.89929193849281,21.662991157264493,0.0,19.881796419091586,0.9042473077774048,0.9465863823890686,0.9790966272354126,0.8855801641941071,0.9152054339647293,0.9725269509013742,,,,,,
29.85999999994375,157.61046785026485,30.475414498509956,116.38094094037089,81.54216308433055,119.0,85.8690643963983,21.68278967477511,0.0,19.901557942813994,0.9032929539680481,0.941641104221344,0.9742063760757447,0.8880891561508178,0.9167387187480927,0.9681629372294992,,,,,,
29.879999999943703,157.50323423072618,30.498615948609057,116.39458866157041,81.51823639129152,119.0,85.83921195461036,21.69358064857334,0.0,19.92107424138434,0.9017831921577454,0.9355815410614013,0.9670104026794434,0.8909246861934662,0.9193492129445076,0.961052413051948,,,,,,
29.899999999943656,157.39957139002544,30.518041668456206,116.39854248039774,81.4990863222555,119.0,85.80974451436481,21.699185269220827,0.0,19.9403388417819,0.8988410115242005,0.9284294486045838,0.9579180479049683,0.8929144144058228,0.9210633337497711,0.9496763778384775,,,,,,
29.91999999994361,157.29899672727288,30.534671694832777,116.3912133713407,81.49605508457415,119.0,85.78067184920296,21.702620961859168,0.0,19.95934535446736,0.8960468411445618,0.9219812273979187,0.9495006442070008,0.8947311818599701,0.922436985373497,0.9377467346843332,,,,,,
29.939999999943563,157.20103567209878,30.549398530605853,116.37713419922014,81.48983917140364,119.0,85.75200360173008,21.702380164011444,0.0,19.978087475502008,0.8934934854507447,0.916451644897461,0.9410762548446655,0.8958606243133546,0.92287125736475,0.9270903301890939,,,,,,
29.959999999943516,157.10563155654233,30.55598926001457,116.35942127189071,81.56130953970245,119.0,85.72374928041721,21.695886305219897,0.0,19.996558988638576,0.8910656571388245,0.9114609718322754,0.9323950052261353,0.8965646207332612,0.9230390593409539,0.9170666170772165,,,,,,
29.97999999994347,157.01446049555798,30.5228692271513,116.35428469208537,81.91082468874423,119.0,85.69591825644741,21.66173057985664,0.0,20.014753767383024,0.8888260245323182,0.9071637392044067,0.9240234136581421,0.8969123721122741,0.9222333058714867,0.9071118903812021,,,,,,
29.999999999943423,156.93096660074525,30.400257885647367,116.4189678364787,82.56279915604901,119.0,85.66851976060765,21.53294435453006,0.0,20.032665777026512,0.8864453673362732,0.9041736960411072,0.9148344993591309,0.8956970989704133,0.91718367934227,0.9020296765025705,,,,,,
30.019999999943376,156.8597999464553,30.131467882281555,116.62014119915797,83.44218982228168,119.0,85.64156288022718,21.220985983140505,0.0,20.050289076646944,0.8843969821929932,0.9026032567024231,0.9057619214057923,0.8935065567493439,0.9105465210974216,0.9019797516521066,,,,,,
30.03999999994333,156.80511756610923,29.679385623746047,116.97501236277665,84.38215683162116,119.0,85.61505655616352,20.672212007085008,0.0,20.067617821079427,0.8824602901935578,0.9031697511672974,0.8977595746517182,0.8893429815769196,0.9019695281982422,0.9081118536647409,,,,,,
30.059999999943283,156.77198518835831,29.039268060588046,117.40057506279646,85.3365073308665,119.0,85.58900957983701,19.917675783876515,0.0,20.084646262854946,0.8803277730941773,0.9050246477127075,0.8898239314556122,0.883669400215149,0.8929857790470124,0.9179457140620798,,,,,,
30.079999999943237,156.76153614077427,28.230686515417105,117.74330681206565,86.40456438402825,119.0,85.563430590315,19.05269996837517,0.0,20.101368754106606,0.8784406244754792,0.9078920006752015,0.8856764316558838,0.878178745508194,0.8850572004914284,0.9271865797694773,,,,,,
30.09999999994319,156.774116464781,27.290014805150246,117.89141123713421,87.49656227139765,119.0,85.53832807144636,18.1547123480292,0.0,20.117779748442953,0.8768310546875,0.9110762357711792,0.8836334824562073,0.8733453929424286,0.8859640508890152,0.9451097905635834,,,,,,
30.119999999943143,156.81221961909924,26.26710648106975,117.818962395138,88.30887088593596,119.0,85.51371034904783,17.252488116833607,0.0,20.133873802787473,0.8759726941585542,0.9144737720489502,0.885437685251236,0.8700361847877502,0.8838775202631951,0.9558340147137642,,,,,,
30.139999999943097,156.87540476981368,25.211226695675006,117.51138999448114,88.80850753410586,111.47317221632376,85.48958558814239,16.37274715875732,0.0,15.228915162646931,0.8758420646190643,0.9188212990760803,0.8908795475959778,0.867159378528595,0.8802657529711724,0.9616276286542416,,,,,,
30.15999999994305,156.96071970933266,24.15061034842608,116.96884253639456,89.17846926453105,111.9619223897934,85.46596179025124,15.538888780629925,0.0,15.563884190500186,0.8762865781784058,0.9238027572631836,0.8999641597270965,0.864697289466858,0.8773010358214379,0.966246921569109,,,,,,
30.179999999943004,157.06684934980248,23.109219919466074,116.27244246321932,89.32537417208017,111.9238585830614,85.44284679073994,14.731663007943478,0.0,15.55411127520361,0.8763798952102662,0.9285001993179322,0.9115346550941468,0.8621408820152283,0.8741242691874505,0.9690383091568947,,,,,,
30.199999999942957,157.19449018122646,22.11104716306849,115.49960666422436,89.17895731735756,111.88582237827472,85.42024825621948,13.932053961556939,0.0,15.544018761355446,0.8773499011993409,0.933988356590271,0.9246469736099243,0.8600808620452881,0.8720073327422142,0.9714493244886399,,,,,,
30.21999999994291,157.3395288048897,21.183000086330555,114.63371596634478,88.87638265610215,111.84782756389816,85.39817368200372,13.169306551807123,0.0,15.533610763158958,0.8791870296001435,0.9396359205245972,0.9409589409828186,0.8595006346702576,0.8722868010401726,0.9722704873420298,,,,,,
30.239999999942864,157.5002536442271,20.350209452279618,113.63301765496634,88.54735365182492,111.80988791339207,85.37663038962313,12.4867299204627,0.0,15.522891498620503,0.881147700548172,0.9447070479393005,0.9544967889785767,0.8591918051242828,0.8729081079363823,0.9752560377120971,,,,,,
30.259999999942817,157.67341091626022,19.6342804432971,112.53808711425961,88.11473714509351,111.77201718021945,85.3556255243967,11.887060893674823,0.0,15.511865287872848,0.8822739601135254,0.9489822387695312,0.9652774572372437,0.8586983323097229,0.8733964249491692,0.9776685118675232,,,,,,
30.27999999994277,157.85295208563807,19.05266748552581,111.45263938726706,87.50369258826206,111.7342290928601,85.3351660530618,11.35757400046979,0.0,15.500536551465075,0.8807625651359559,0.9513883113861084,0.9718474626541138,0.8574019432067872,0.873069266974926,0.9787283897399902,,,,,,
30.299999999942724,158.03020979491052,18.61795040785644,110.39391816653931,86.8440442453169,111.69653734983405,85.3152587614637,10.918437097463165,0.0,15.4889098086196,0.879554271697998,0.9531978249549866,0.9758423209190369,0.8562875747680665,0.872742073237896,0.9795282363891602,,,,,,
30.319999999942677,158.2057015812302,18.337607091384335,109.31709366825915,86.22570229162937,111.65895561473553,85.29591025230472,10.58747681836988,0.0,15.476989675457144,0.878328424692154,0.9541560649871826,0.9766141414642334,0.8549672961235046,0.871787540614605,0.9800203442573547,,,,,,
30.33999999994263,158.3809030569381,18.214791714358793,108.27836647211329,85.54099924173923,111.62149751128005,85.27712694295445,10.338470024570727,0.0,15.46478086319026,0.8775631070137024,0.9549495935440063,0.9773256540298462,0.8541298866271974,0.8713968262076378,0.9803990125656128,,,,,,
30.359999999942584,158.5577504995327,18.247379278391193,107.31433665696319,84.75701271464628,111.58417661836543,85.25891506332118,10.149647965212436,0.0,15.452288176286025,0.8778493046760559,0.9554341435432434,0.9780084252357483,0.8543068170547485,0.8722418233752252,0.9805556178092957,,,,,,
30.379999999942537,158.7280715118341,18.428231880731754,106.45609808253234,83.99583888275325,111.54700646514951,85.24128065378565,10.031551323303756,0.0,15.439516510598889,0.8781744360923768,0.9556301593780517,0.9783498644828796,0.8545682847499848,0.8778288945555688,0.980598783493042,,,,,,
30.39999999994249,158.87352192309075,18.744868962938927,105.79845699801663,83.3785516377459,111.51000052614559,85.2242295631976,10.001356590532803,0.0,15.426470851474033,0.8790409743785859,0.9555806517601013,0.9785753965377808,0.8553661227226258,0.8817869573831558,0.9812229784205556,,,,,,
30.419999999942444,158.99012541997644,19.180504323763135,105.35664304420706,82.93378061866947,111.47317221633789,85.20776744693588,10.062992506781388,0.0,15.413156271822277,0.8802969217300416,0.9552306294441223,0.978573739528656,0.8565786421298981,0.8819853290915489,0.9809663923457265,,,,,,
30.439999999942398,159.07437956192572,19.7154544862148,105.1535947520567,82.61386910094296,111.43653488631841,85.19189976503276,10.203714045553536,0.0,15.399577930167037,0.8817498862743378,0.9545902490615845,0.9782981872558594,0.8580348134040833,0.8818964242935181,0.9805762084200979,,,,,,
30.45999999994235,159.12681526646182,20.328747284134593,105.17363297280535,82.41541344623413,111.40010181744734,85.1766317803629,10.417326085418889,0.0,15.385741068664327,0.8832886457443238,0.9537103533744812,0.9777717828750611,0.8596270680427551,0.8821778938174248,0.9800802739337087,,,,,,
30.479999999942304,159.14989030991035,20.999200320560934,105.37647667277396,82.35837649014789,111.36388621703829,85.16196855689785,10.703919649860296,0.0,15.371651011096247,0.8847775578498841,0.9526455163955688,0.9770088791847229,0.8612196862697602,0.8822394609451294,0.9795112164691091,,,,,,
30.499999999942258,159.14756618236382,21.706910346203,105.7360353365244,82.41129958519306,111.32790121357064,85.14791495802648,11.054043107297757,0.0,15.357313160839023,0.8860363841056824,0.9512327432632446,0.975048816204071,0.8625446319580079,0.8814779460430145,0.9788306029513478,,,,,,
30.51999999994221,159.12258584347066,22.42650726248942,106.23215107136234,82.58620737334742,111.29215985193035,85.13447564494189,11.452030522123714,0.0,15.342732998806202,0.8865756571292878,0.9490603089332581,0.9691078424453735,0.8629205584526063,0.8794495701789856,0.9779464038088918,,,,,,
30.539999999942165,159.0819696641123,23.12047000723795,106.86378726294824,82.9337542408854,111.25667508868099,85.12165507509548,11.869886320414368,0.0,15.327916081367754,0.884796679019928,0.945529842376709,0.9600022792816162,0.862398660182953,0.876219029724598,0.976022950001061,,,,,,
30.559999999942118,159.02621128554557,23.77357610275446,107.63540724792273,83.25297840211262,111.22145978736694,85.10945750071843,12.271603617503162,0.0,15.312868038246037,0.8815101027488709,0.9410796523094177,0.9471948146820068,0.8611699879169464,0.8717836350202561,0.9734620483592152,,,,,,
30.57999999994207,158.95777953831464,24.38296891819484,108.45227652032641,83.52779559745008,111.18652671385018,85.0978869674115,12.67091784128737,0.0,15.297594570389187,0.8787083506584168,0.9370299577713013,0.9341256499290467,0.860141795873642,0.8698023557662964,0.9710433753207326,,,,,,
30.599999999942025,158.88148829781855,24.946885568259546,109.19615038970758,83.87105729928217,111.15188853168264,85.08694731280306,13.106280736994217,0.0,15.282101447822981,0.8762526988983155,0.9333041787147522,0.92115638256073,0.8592677593231202,0.8683581247925759,0.9687383444979787,,,,,,
30.619999999941978,158.80038510912073,25.462230309282056,109.85092101417523,84.20852561543818,111.11755779751547,85.07664216527637,13.572216225433781,0.0,15.266394507481746,0.8742926061153412,0.9301304697990418,0.9098909497261047,0.8586614727973938,0.8663098096847535,0.9666734846308828,,,,,,
30.63999999994193,158.7194328270006,25.92292769011072,110.44063685977291,84.41256403504389,111.08354695654715,85.06697494276608,14.034792665137026,0.0,15.250479651019266,0.872819983959198,0.9277088880538941,0.8999483406543732,0.8582065105438232,0.8655114978551866,0.9653381140902638,,,,,,
30.659999999941885,158.64921133071482,26.316700663892725,110.9373009380426,84.53491249567485,111.04986833801205,85.05794885162463,14.477911450181388,0.0,15.234362842600511,0.8718491315841675,0.9259549617767334,0.8926183640956878,0.8579574167728424,0.8663858458399774,0.9644208820536733,,,,,,
30.67999999994184,158.6008394882282,26.62793507432151,111.30152504741558,84.63932049138424,111.01653415071088,85.04956688555878,14.889571683995916,0.0,15.218050106674887,0.8712631821632386,0.9247594475746155,0.8879350006580353,0.8578714311122895,0.8670017182826997,0.9637536199763417,,,,,,
30.69999999994179,158.58485184182595,26.846269341745025,111.53358208842043,84.64369767425303,110.983556478585,85.04183182463665,15.239209137018067,0.0,15.201547525732025,0.8711135983467102,0.924183452129364,0.8861560046672822,0.8579902410507203,0.8672802582383157,0.9633580001071096,,,,,,
30.719999999941745,158.61092448202592,26.96686101527853,111.63440082126745,84.49069026576637,110.9509472763358,85.03474623436571,15.50196387605715,0.0,15.184861238040714,0.8715047597885133,0.9242589354515076,0.887667840719223,0.8584304571151734,0.8688462272286416,0.9632042916491628,,,,,,
30.7399999999417,158.68608680061223,26.99116538743341,111.5807604054395,84.24159929563541,110.91871836509104,85.02831246484185,15.67901396976672,0.0,15.167997435372058,0.8724711596965791,0.9250218987464904,0.8926921844482422,0.8592143297195435,0.8714989140629769,0.9633087905123829,,,,,,
30.759999999941652,158.81396595585332,26.928150580354956,111.36247332916447,83.9395647524753,110.8868814281196,85.02253264996982,15.779052811143417,0.0,15.150962360707524,0.874154543876648,0.9263732194900512,0.9009765148162842,0.8605719447135926,0.8744248539209366,0.9635782750323415,,,,,,
30.779999999941605,158.99505440273995,26.791899502642725,111.00099736321924,83.56846774003097,110.85544800659615,85.01740870675566,15.803228123523066,0.0,15.13376230593272,0.8767861366271973,0.9285770893096924,0.9125617980957031,0.8625983357429505,0.878102245926857,0.9643775375559926,,,,,,
30.79999999994156,159.22734905929548,26.59914607230418,110.52717077214706,83.13168759978154,110.82442949541742,85.01294233467071,15.752878628345904,0.0,15.116403609517977,0.8801719427108765,0.93159339427948,0.9256055235862732,0.8649899244308472,0.8828202918171882,0.965999654121697,,,,,,
30.819999999941512,159.50672216550345,26.368093229263245,109.96666470416076,82.67078611469438,110.79383713907143,85.00913501508803,15.635877974827142,0.0,15.098892654186283,0.8836810052394867,0.9346148490905761,0.9380394101142884,0.8674790382385255,0.8877491235733033,0.9676011832430959,,,,,,
30.839999999941465,159.8276608946352,26.115617211619067,109.34676558347562,82.2158639377619,110.76368202756123,85.00598801079109,15.461163816275468,0.0,15.081235864569607,0.8873026967048645,0.937666404247284,0.949513578414917,0.8700365662574768,0.8924578040838241,0.969210604019463,,,,,,
30.85999999994142,160.18452544730602,25.85350597823553,108.69871774962138,81.77394424557865,110.73397509238474,85.0035023655548,15.235282122325298,0.0,15.063439704854538,0.8907883942127228,0.9404401063919068,0.9589669466018677,0.8725595593452454,0.896834808588028,0.9706310661509633,,,,,,
30.879999999941372,160.5689304456907,25.592525043051854,108.04998197293679,81.3578871167221,110.7047271025719,85.00167890379952,14.965636662831347,0.0,15.045510676417791,0.8937919020652771,0.9426087617874146,0.9659010529518127,0.8749251008033753,0.9009199768304825,0.9716601880267263,,,,,,
30.899999999941326,160.97304578811455,25.342579238151654,107.42257129442481,80.98431253068485,110.67594866078089,85.00051823031747,14.662000136553045,0.0,15.027455315452912,0.895887142419815,0.9438970208168029,0.9702871322631836,0.8769380807876588,0.9044210761785507,0.9721455605700612,,,,,,
30.91999999994128,161.38397035075639,25.1148664175686,106.8634785927519,80.66640672658326,110.64765019945452,85.00002073007218,14.335652156056234,0.0,15.009280190588576,0.8977423250675202,0.9448585748672486,0.9735674381256103,0.8788409531116486,0.9074774205684663,0.9724306853488087,,,,,,
30.939999999941232,161.7849876602315,24.919705827361707,106.40990162044135,80.44316291470643,110.61984197703835,85.00018656807086,14.005295551164677,0.0,14.990991900499633,0.8989831984043122,0.9464881896972657,0.9767165541648865,0.8794580399990082,0.9085918322205544,0.9734616072848439,,,,,,
30.959999999941186,162.17127330721073,24.7663900346225,106.01324513252536,80.34034780423441,110.59253407426199,85.00101568930957,13.691047446875958,0.0,14.972597071511778,0.8996949255466461,0.9475614547729492,0.9785337924957276,0.8797087073326111,0.9085166320204735,0.9741659434512258,,,,,,
30.97999999994114,162.53529659513188,24.66270411189755,105.68538129971085,80.29561450762256,110.56573639048467,85.00250781879154,13.393959680579295,0.0,14.954102355200472,0.8998867750167847,0.9480942487716675,0.9790157079696655,0.8795225501060486,0.9073075845837594,0.97458675224334,,,,,,
30.999999999941092,162.85738940643503,24.613309238040287,105.53302414119993,80.28533819024132,110.53945864010669,85.0046624616184,13.116139802871144,0.0,14.935514425985271,0.8997142016887665,0.9483610153198242,0.9790619611740112,0.8790732145309449,0.9061581119894981,0.9748633773997426,,,,,,
31.019999999941046,163.12519635037268,24.61963925899311,105.54109239207423,80.41822335183623,110.51371034904783,85.00747890315422,12.888198585090135,0.0,14.91683997872028,0.8991135060787201,0.9482650756835938,0.9787274956703186,0.8784169077873231,0.9046981036663055,0.9749097855761647,,,,,,
31.039999999941,163.33035443723864,24.680498221704482,105.68803718410466,80.73307851097971,110.4885008512941,85.01095620926263,12.733475878474572,0.0,14.89808572628159,0.8977096319198609,0.947500216960907,0.9766635894775391,0.8770402729511262,0.90076315253973,0.9746497662737965,,,,,,
31.059999999940953,163.4677737819306,24.793126077558355,105.99461878121512,81.13517169956862,110.46383928551415,85.01509322661663,12.645325970097009,0.0,14.879258397152615,0.8957867860794068,0.9462530851364136,0.9732431292533874,0.8752696633338929,0.8956141397356987,0.9741438182070852,,,,,,
31.079999999940906,163.5357152143051,24.953342891899595,106.46116804663244,81.56840056187798,110.43973459174637,85.01988858308106,12.617097685496127,0.0,14.860364733008272,0.8932970345020295,0.9445265293121338,0.9680682182312011,0.8730485916137696,0.8905328392982483,0.9734083445742726,,,,,,
31.09999999994086,163.53691567385187,25.155431594661614,107.04046358848515,82.06738068556146,110.41619550815805,85.02534068816779,12.659306486382482,0.0,14.841411486298647,0.8900456964969635,0.9421484351158143,0.9604723215103149,0.8704323709011078,0.8854621797800064,0.972316506691277,,,,,,
31.119999999940813,163.47497244585588,25.39295831764854,107.69011601689978,82.62890955696537,110.39323056787775,85.03144773356314,12.77695792868495,0.0,14.82240541783331,0.8859338760375977,0.939206063747406,0.9499181509017944,0.8673006296157837,0.8794719383120537,0.9709601314738393,,,,,,
31.139999999940766,163.35692587899825,25.662970046327896,108.39223756584332,83.12696026956952,110.3708480959019,85.03820769372776,12.958951068891892,0.0,14.803353294366843,0.8816371619701385,0.9360358715057373,0.9369429826736451,0.8640446901321411,0.873387697339058,0.9694953473284841,,,,,,
31.15999999994072,163.1925663908781,25.966279165843027,109.08991364304813,83.48645062970087,110.34905620607701,85.04561832656833,13.210045406611926,0.0,14.78426188618673,0.8775299429893494,0.932900583744049,0.9228366494178772,0.8609486401081086,0.8689480781555177,0.9680395158007741,,,,,,
31.179999999940673,162.99423953154064,26.28286876995206,109.70529597967958,83.90265759327835,110.32786279815822,85.05367717418132,13.547419459457457,0.0,14.765137964704206,0.8741268694400788,0.929902720451355,0.9090278387069702,0.858592689037323,0.8665701270103455,0.9665278466418386,,,,,,
31.199999999940626,162.77700286577732,26.5858489975946,110.26107012223103,84.32333249107666,110.30727555494566,85.06238156366808,13.934318784611172,0.0,14.745988300049166,0.8716276049613954,0.9278192520141602,0.8967114806175233,0.8568604648113252,0.8636223182082177,0.965907815285027,,,,,,
31.21999999994058,162.55772581094507,26.853026660576766,110.80326198798788,84.56615075833837,110.2873019394993,83.0,14.30810840303083,0.0,16.0812306096431,0.8693989038467408,0.9262199878692627,0.8863116383552552,0.8552358210086823,0.8538144312798978,0.9790919348597527,,,,,,
31.239999999940533,162.3532855557767,27.066900120058303,111.2769455861173,84.6767354075504,110.26794919243356,83.0,14.651366683964014,0.0,16.06857857961573,0.8675965785980225,0.925053882598877,0.8784459710121155,0.8538755595684052,0.8637275099754333,0.9681759148836135,,,,,,
31.259999999940487,162.1812910625348,27.214720810348396,111.59401982255515,84.76919811411767,110.24922432929253,83.0,14.972266764933986,0.0,16.05633703427263,0.8669057846069337,0.9246970057487488,0.874728012084961,0.8533001065254212,0.863073468208313,0.966974126547575,,,,,,
31.27999999994044,162.0572955465376,27.28857907130049,111.73880815305873,84.77411390664338,110.23113413800674,83.0,15.252299288939497,0.0,16.04451041128359,0.8667781472206116,0.925021767616272,0.8743105292320252,0.8530488789081574,0.8628556370735169,0.9671581126749516,,,,,,
31.299999999940393,161.9934282831042,27.285889790670485,111.73376389766628,84.58537139358421,110.21368517643246,83.0,15.46154057331154,0.0,16.033102997905306,0.8670747637748719,0.9260951757431031,0.8778527140617371,0.8529839575290681,0.8628886342048645,0.9668847574852407,,,,,,
31.319999999940347,161.99734763858953,27.212935591835237,111.57195850523465,84.22915211064256,110.19688376997453,83.0,15.59743747005125,0.0,16.022118929427293,0.8676718056201935,0.9276203989982605,0.8842309713363647,0.8530726253986359,0.8631149470806122,0.9664371013641357,,,,,,
31.3399999999403,162.07259437026195,27.084515379419138,111.23236179441348,83.77314821117517,110.18073600929317,83.0,15.679445704320623,0.0,16.011562187672673,0.8686351180076599,0.9297663569450378,0.8943075001239776,0.8533144593238831,0.8635526955127717,0.9673602938652038,,,,,,
31.359999999940253,162.2192063899101,26.91640506516551,110.7225608194969,83.27303441345397,110.16524774809623,83.0,15.72226546926335,0.0,16.001436599554886,0.8703063547611237,0.9325065851211548,0.9080582737922669,0.8540077209472656,0.8645848333835602,0.9684510946273803,,,,,,
31.379999999940207,162.43416156861082,26.716734713518093,110.09828103863308,82.7752332665236,110.15042460101704,83.0,15.71773759236773,0.0,15.991745835690246,0.8733999192714692,0.9362212896347046,0.9232285261154175,0.8554824233055115,0.8670176029205323,0.97057945728302,,,,,,
31.39999999994016,162.7126517824968,26.49453357663501,109.43636511935642,82.21130760590056,110.13627194157912,83.0,15.643025876614116,0.0,15.982493409067434,0.8765082597732544,0.9396949410438538,0.9368901491165161,0.8569912731647492,0.8718221157789231,0.9725229024887085,,,,,,
31.419999999940114,163.04776579880047,26.25628770984489,108.77259855270411,81.66664170839175,110.12279490024825,83.0,15.496079050355632,0.0,15.97368267377393,0.8794581413269044,0.9427018165588379,0.9480756044387817,0.8584827423095703,0.8777958571910859,0.9749213316012174,,,,,,
31.439999999940067,163.4300026759219,26.011459032257076,108.12079628282912,81.20313585276197,110.10999836257255,83.0,15.287809030921382,0.0,15.96531682378016,0.8822559416294098,0.9453908324241638,0.9572243690490723,0.859920084476471,0.8801079332828522,0.9763378359843046,,,,,,
31.45999999994002,163.85202892825882,25.772198477858836,107.49819349973316,80.79863878035731,110.0978869674115,83.0,15.027072263453793,0.0,15.957398891781644,0.8853015780448914,0.9474209308624267,0.9640566110610962,0.861999773979187,0.8827865689992905,0.9772582389879971,,,,,,
31.479999999939974,164.30352038865723,25.55162846756796,106.91802570347414,80.44700771237316,110.08646510525429,83.0,14.725685764972456,0.0,15.949931748099633,0.8873066186904908,0.9484809994697571,0.9679783344268799,0.8636702537536621,0.8851583451032639,0.9776596643496305,,,,,,
31.499999999939927,164.76484605415962,25.362098265666056,106.44003636501245,80.17082589136213,110.07573691662819,83.0,14.402066113687862,0.0,15.942918099640544,0.8887369930744171,0.9490674138069153,0.9706677436828614,0.8650988459587098,0.8871730372309685,0.9777553655672818,,,,,,
31.51999999993988,165.22470504003024,25.214940345263773,106.04272684632525,80.01520919184719,110.06570629059765,83.0,14.082398535664751,0.0,15.936360488914755,0.8899638295173645,0.9493354320526123,0.9722831606864929,0.8663676917552948,0.8885509043931962,0.9777212955523282,,,,,,
31.539999999939834,165.6776107737762,25.11969212227192,105.68807025604579,79.95787707053353,110.05637686335439,83.0,13.781533723326435,0.0,15.930261293114853,0.8909290432929993,0.9493286967277527,0.9728954315185547,0.8673556327819825,0.8888525933027268,0.9776105739641935,,,,,,
31.559999999939787,166.11758499721364,25.082521307343203,105.39245790263566,79.91665563325621,110.04775201689931,83.0,13.49593615763071,0.0,15.924622723253922,0.8916708707809449,0.9491350650787354,0.9728324055671692,0.8681039988994599,0.8888705417513848,0.977452001767233,,,,,,
31.57999999993974,166.52216864136037,25.106217246457184,105.2613849380223,79.89496977773283,110.03983487781649,83.0,13.231904619836518,0.0,15.919446823364026,0.8918716013431549,0.9486871957778931,0.972183632850647,0.8684995532035829,0.8891372919082642,0.9771392204333097,,,,,,
31.599999999939694,166.87758265182956,25.1900698552621,105.27634279393423,80.02216459885479,110.03262831613971,83.0,13.024859457547528,0.0,15.914735469755207,0.8914808630943298,0.9478282332420349,0.9705675840377808,0.8685465693473816,0.8887312173843384,0.9765759565401823,,,,,,
31.619999999939647,167.17548176700797,25.330256922034472,105.4179853955436,80.32504877892794,110.02613494431209,83.0,12.896237822126233,0.0,15.910490370335324,0.8904821395874024,0.9465731382369995,0.9675592660903931,0.8680483043193817,0.8860095396637917,0.9758563615847379,,,,,,
31.6399999999396,167.41095000264323,25.520594053361545,105.71098172927614,80.69432979292829,110.02035711623908,83.0,12.834541983243735,0.0,15.906713063990939,0.8888313472270966,0.9447650790214539,0.9626787781715394,0.8670935392379762,0.8821670413017273,0.9748591043520719,,,,,,
31.659999999939554,167.58299808325572,25.753954070605186,106.15235533861005,81.0802857394845,110.01529692643507,83.0,12.831346529006044,0.0,15.90340492002941,0.8859856784343719,0.9420325636863709,0.9546322345733642,0.865477442741394,0.8785167738795281,0.9733732201624662,,,,,,
31.679999999939508,167.69346421790965,26.026891054558906,106.68998727651396,81.48920023318462,110.01095620926417,83.0,12.897422105640588,0.0,15.900567137682536,0.8828530848026276,0.9391115188598633,0.9447141647338867,0.863575029373169,0.8749566286802293,0.9718122102785856,,,,,,
31.69999999993946,167.7460584427858,26.33478445044653,107.26131219745338,81.89735674363935,110.00733653827521,83.0,13.047207031877399,0.0,15.898200745671836,0.879548579454422,0.9360020518302917,0.9329586982727051,0.8615188419818879,0.8711420983076096,0.970148477749899,,,,,,
31.719999999939414,167.74800568985822,26.657070235907465,107.83275071208017,82.3670265800103,110.00443922563133,83.0,13.279138535019039,0.0,15.896306601835587,0.8763354122638702,0.9328860282897949,0.9202964305877686,0.8595118641853333,0.8677197888493539,0.9684602238703519,,,,,,
31.739999999939368,167.7089695923452,26.97008127991682,108.42710748846558,82.82260221834359,110.00226532163433,83.0,13.556289511800198,0.0,15.894885392817908,0.873587441444397,0.9299366474151611,0.9079601049423218,0.858030378818512,0.8646477699279785,0.9667275764513761,,,,,,
31.75999999993932,167.64094851084573,27.253838745550738,109.04802198729853,83.18324811043017,110.00081561434382,83.0,13.840913339426573,0.0,15.893937633819764,0.8713508963584901,0.9277975678443908,0.8959571957588196,0.8565994739532471,0.8627855584025383,0.9660263874102384,,,,,,
31.779999999939275,167.56033973627942,27.491766715913958,109.63185399683435,83.49900724397264,110.00009062929172,83.0,14.124925213262852,0.0,15.893463668412299,0.8693955063819886,0.9260658740997314,0.8858420848846436,0.8552832961082459,0.8638272628188134,0.967410603351891,,,,,,
31.799999999939228,167.48142793000468,27.671399473247615,110.11145046981598,83.7949114629217,110.00009062929158,83.0,14.404661450563356,0.0,15.893463668412206,0.8678281247615814,0.9249190092086792,0.8786194980144502,0.8541424751281739,0.8641720429062844,0.9685729429125786,,,,,,
31.81999999993918,167.42089512336418,27.783414388596075,110.46227735463181,83.99263211614002,110.00081561434341,83.0,14.658541795347722,0.0,15.893937633819494,0.8669555127620697,0.9244315266609192,0.874698030948639,0.8534473478794098,0.8633433476090432,0.9684476472437382,,,,,,
31.839999999939135,167.3932943581727,27.821647882414695,110.67411218098563,84.03924096095598,110.00226532163363,83.0,14.864184989234623,0.0,15.894885392817454,0.8668848872184753,0.9247413873672485,0.8746473371982575,0.8532620429992677,0.8631890073418618,0.9677972439676523,,,,,,
31.859999999939088,167.40975522114084,27.784768751414923,110.73080975499316,83.9603158035225,110.00443922563036,83.0,15.013793824750998,0.0,15.896306601834958,0.8671975612640381,0.9258404016494751,0.878339183330536,0.8532052934169769,0.8632324650883675,0.9669041557237505,,,,,,
31.87999999993904,167.47791247992,27.678940864850325,110.62562191543756,83.77098797218261,110.00733653827396,83.0,15.107364495631083,0.0,15.89820074567102,0.8688161611557007,0.9304771542549133,0.8966917574405671,0.8532453775405884,0.8636998370289803,0.9679561662487686,,,,,,
31.899999999938995,167.6017216240887,27.51479965925288,110.36839766684697,83.48613396964505,110.01095620926263,83.0,15.146310871458443,0.0,15.900567137681534,0.8711549937725067,0.9361708998680115,0.9187691569328308,0.8534382581710815,0.8646509185433389,0.970905065536499,,,,,,
31.91999999993895,167.78300832918754,27.30573405946187,109.98200353472569,83.1198904219483,110.01529692643327,83.0,15.131906114461875,0.0,15.90340492002823,0.8742661595344544,0.9422027826309204,0.9391536712646484,0.8539482355117798,0.8663414493203163,0.974532961845398,,,,,,
31.9399999999389,168.020003041635,27.068864509553464,109.49350064295963,82.66843863951249,110.020357116237,83.0,15.067244380433722,0.0,15.906713063989574,0.8772820234298706,0.9472583770751953,0.9550461173057556,0.8546624720096588,0.868236680328846,0.9773428559303283,,,,,,
31.959999999938855,168.3082992115603,26.820210342079367,108.91935043082056,82.16645930117143,110.02613494430973,83.0,14.963993667445472,0.0,15.910490370333783,0.8780069470405579,0.9503751039505005,0.9656098842620849,0.8548053145408631,0.8728775143623353,0.9786515474319458,,,,,,
31.97999999993881,168.64364723883637,26.565834244968148,108.2836324750916,81.72856985236493,110.03262831613706,83.0,14.831526754645227,0.0,15.914735469753477,0.8779506444931031,0.9524835348129272,0.9726628184318542,0.8548549294471741,0.8759849458932877,0.9802269998937845,,,,,,
31.999999999938762,169.0194730783916,26.318766026168635,107.646509599245,81.28272063988452,110.03983487781358,83.0,14.657562204653273,0.0,15.919446823362122,0.8775709807872772,0.9539339423179627,0.9760190010070801,0.854428517818451,0.8759028196334839,0.9808046404272318,,,,,,
32.01999999993942,169.42551562068238,26.09539729077257,107.05115807783869,80.81124923194754,110.04775201689613,83.0,14.439384364256554,0.0,15.92462272325184,0.877069365978241,0.9548285961151123,0.9769969463348389,0.8537254750728608,0.8759948015213013,0.981198913231492,,,,,,
32.039999999940086,169.84831802185963,25.91287742825211,106.51192854352593,80.40579510006988,110.05637686335093,83.0,14.20055244267222,0.0,15.930261293112597,0.8770187139511109,0.9556739330291748,0.9780173778533936,0.8535143852233887,0.8770012989640237,0.9815257135778666,,,,,,
32.05999999994075,170.27074455475423,25.786500856750568,106.05924681316282,80.1290040159234,110.06570629059392,83.0,13.968021498992147,0.0,15.936360488912321,0.8772391855716706,0.9562992930412293,0.9788328647613526,0.8536061704158784,0.8773182034492493,0.9817417684942484,,,,,,
32.079999999941414,170.6767652597475,25.726402788520083,105.74859006109463,79.97332751137336,110.0757369166242,83.0,13.756864265607234,0.0,15.942918099637932,0.877656215429306,0.9566940188407898,0.9794255495071411,0.8539144039154053,0.8770657181739807,0.9818518463522196,,,,,,
32.09999999994208,171.05091390247082,25.73774166575628,105.62217136698085,79.93753266668287,110.08646510525003,83.0,13.581091992666567,0.0,15.949931748096844,0.878133624792099,0.9568436861038208,0.9797466993331909,0.8543202936649323,0.8767313569784165,0.9818634573370218,,,,,,
32.11999999994274,171.38157698834814,25.820946793555933,105.68573702464238,80.05404584105557,110.09788696740698,83.0,13.461006283857289,0.0,15.957398891778688,0.8784913063049317,0.9567636251449585,0.9797666788101196,0.8546588003635407,0.875996981561184,0.9817990127950906,,,,,,
32.139999999943406,171.66179209031802,25.9725289826693,105.92869558014796,80.32718887641899,110.10999836256775,83.0,13.411805890876531,0.0,15.965316823777023,0.8785886526107789,0.9564469456672668,0.9794354438781738,0.854802829027176,0.8743037283420563,0.9816689316183329,,,,,,
32.15999999994407,171.88833868614262,26.18621796644086,106.34231537486956,80.7114513764783,113.62539340659171,83.0,13.43586697486565,0.0,18.26353751068949,0.8786626696586609,0.9558671832084655,0.9787880063056946,0.8549713432788849,0.8722566962242126,0.9814404312521219,,,,,,
32.179999999944734,172.06145794272794,26.453480392265416,106.9078493566861,81.163726301138,114.03489949670242,83.0,13.531329605044675,0.0,18.53125574887412,0.8786483526229859,0.9550820827484131,0.9778547525405884,0.8550940096378327,0.8703325748443604,0.9811416689306498,,,,,,
32.1999999999454,172.1836072434868,26.765011489554922,107.58948151034441,81.66933665029866,114.06975647374396,83.0,13.69931695072948,0.0,18.554043806750087,0.8785505890846252,0.9541146755218506,0.9766441106796264,0.8551698923110962,0.8685572519898415,0.9807810608297587,,,,,,
32.21999999994606,172.25767038463187,27.11084241068186,108.34918178167122,82.20942931820586,114.10452846326741,83.0,13.939138310030831,0.0,18.576776303282376,0.8789405941963196,0.9531829595565796,0.9755736470222474,0.8557912826538087,0.8678388483822346,0.9803801838308572,,,,,,
32.239999999946725,172.28880545370973,27.48087593639078,109.15683052037025,82.74443337253815,114.13917310095974,83.0,14.24416346622117,0.0,18.59942554242562,0.8782386004924775,0.951339864730835,0.9692372679710388,0.8550639510154725,0.865277673304081,0.9797783438116312,,,,,,
32.25999999994739,172.28333594084387,27.865871371786067,109.98204904121401,83.20185760740316,114.17364817766654,83.0,14.606944388578555,0.0,18.621963929570803,0.8773580074310303,0.9496030926704406,0.9623438477516174,0.8542755842208862,0.8632704347372055,0.9792022291570902,,,,,,
32.27999999994805,172.24894912885537,28.260156413698176,110.7737514061439,83.54254144429613,114.20791169081728,83.0,15.032812702258438,0.0,18.644364005164928,0.8757284402847291,0.9472832918167114,0.9533815145492553,0.853349792957306,0.8641892045736314,0.9803483963012696,,,,,,
32.29999999994872,172.1940601512266,28.648413082356527,111.48749317869625,83.88627895308667,114.24192189559912,83.0,15.528759445562496,0.0,18.666598478166364,0.8745569944381715,0.9449111700057984,0.944773530960083,0.8531081318855286,0.8659443303942681,0.9805929079651833,,,,,,
32.31999999994938,172.12555280010594,29.014604786083385,112.14785773026843,84.17734976114421,114.27563735581637,83.0,16.064683450107154,0.0,18.688640259294715,0.8731754720211029,0.9427370309829712,0.9366249561309814,0.8527269005775452,0.8650883242487908,0.9794958639889956,,,,,,
32.339999999950045,172.04966023436904,29.349290369599522,112.78798973046712,84.29872152344761,114.30901699437543,83.0,16.59842083985294,0.0,18.710462494035728,0.8721223413944245,0.9410693168640136,0.9300058364868165,0.8524211704730988,0.864427761733532,0.9781004920601845,,,,,,
32.35999999995071,171.97515409760763,29.645800653818625,113.37211932198265,84.30476224651579,114.34202014332723,83.0,17.119282094377834,0.0,18.73203859535704,0.8713366806507111,0.9396900057792663,0.9246790170669555,0.8522358298301698,0.8639680251479149,0.9756387781351805,,,,,,
32.37999999995137,171.9125449717769,29.900749969408515,113.84132419874913,84.26814022607978,114.37460659341853,83.0,17.630741690782855,0.0,18.753342276102728,0.8708415508270264,0.9387792944908142,0.9211855411529541,0.8521299242973328,0.8636868879199029,0.9739590100012719,,,,,,
32.39999999995204,171.8733158777368,30.113096375886823,114.16634929867529,84.1256560779046,114.40673664307944,83.0,18.11993405905527,0.0,18.774347581019384,0.8706705451011658,0.9382407665252686,0.9196373343467712,0.8521793305873872,0.8636525318026543,0.9731886598281563,,,,,,
32.4199999999527,171.86890150482014,30.28200719882299,114.33216711437305,83.8103366751508,114.4383711467937,83.0,18.5674385091329,0.0,18.795028918378584,0.8708648204803467,0.9382187724113464,0.9204663276672364,0.8523699700832368,0.8638715192675591,0.9724212169647217,,,,,,
32.439999999953365,171.9095543191839,30.405855949447602,114.31852884909739,83.37665810118304,114.46947156279145,83.0,18.964115802332085,0.0,18.815361091156472,0.8714566767215729,0.9387773275375366,0.9238730669021606,0.8527068853378297,0.8643621310591698,0.9726925373077393,,,,,,
32.45999999995403,172.00296471884624,30.47882599306588,114.12744447489375,82.9497044486221,114.50000000000647,83.0,19.29736311522785,0.0,18.83531932773245,0.872452437877655,0.9399670124053955,0.9298132181167602,0.8531699776649475,0.865114937722683,0.973322868347168,,,,,,
32.47999999995469,172.15369748464676,30.496131557618263,113.80730565786159,82.50835310585701,114.52991926424052,83.0,19.531350000465498,0.0,18.85487931206957,0.8740591764450074,0.9416681528091431,0.9375642538070679,0.8539727985858918,0.866907075047493,0.9742080926895141,,,,,,
32.49999999995536,172.36312978634098,30.46227910458575,113.40711617678465,81.95888357018505,114.55919290347886,83.0,19.63346673190909,0.0,18.874017213339908,0.8770835280418396,0.9440653562545777,0.9476369619369507,0.8557428359985352,0.873575296998024,0.9762069445103407,,,,,,
32.51999999995602,172.62975862675958,30.389206062427547,112.92638400231408,81.36846744238284,114.58778525230132,83.0,19.612952142556956,0.0,18.89270971495872,0.8803563833236695,0.9466096878051757,0.9572574377059937,0.8576435804367066,0.8776956349611282,0.9774346929043531,,,,,,
32.539999999956684,172.94960583747894,30.289687117453493,112.34632133555405,80.87266776613481,114.61566147533519,83.0,19.50488452988197,0.0,18.910934042992164,0.8829654157161713,0.9487467885017395,0.9651895046234131,0.8593374609947205,0.8810362815856934,0.9783378582447767,,,,,,
32.55999999995735,173.31646283843858,30.17338796558552,111.6861079480178,80.4618815443119,114.6427876096967,83.0,19.328563667120424,0.0,18.92866799390376,0.8846782445907593,0.9500786066055298,0.9708752155303955,0.8611063420772553,0.8836012929677963,0.9786494474858045,,,,,,
32.57999999995801,173.72206681736736,30.049172197737946,110.99696683952,80.05787422566462,114.66913060636956,83.0,19.085885350221847,0.0,18.945889961606014,0.8864738821983338,0.9513329982757568,0.9755801200866699,0.8629901587963105,0.8864803507924081,0.9789286118000746,,,,,,
32.599999999958676,174.15553362929015,29.926101048075306,110.32390726944642,79.66485490558311,114.6946583704702,83.0,18.786809087803206,0.0,18.96257896378414,0.887693727016449,0.9519683122634888,0.977188515663147,0.8641291201114655,0.8889233350753785,0.9790491562336683,,,,,,
32.61999999995934,174.60296615148573,29.812867983911953,109.70027675817896,79.34897365185914,114.71933980035027,83.0,18.455905528395846,0.0,18.97871466745972,0.8887437880039215,0.9523857474327088,0.9780162334442138,0.865069317817688,0.8909275978803635,0.979107616469264,,,,,,
32.639999999960004,175.04796955263257,29.7178622933118,109.16535349315006,79.14787258356395,114.74314482548937,83.0,18.11855821811507,0.0,18.99427741376334,0.8897229492664337,0.95263592004776,0.9786107063293457,0.8659753322601319,0.8920055985450744,0.9791071515530347,,,,,,
32.65999999996067,175.47342953842718,29.647868266753473,108.76550784927583,79.05894731142891,114.76604444313122,83.0,17.79342767553291,0.0,19.009248241885874,0.8906159937381745,0.9526742339134217,0.9789316415786743,0.8668404817581177,0.8923542857170105,0.9790304999798536,,,,,,
32.67999999996133,175.8635997853906,29.607361410257052,108.53647398163956,79.08552453252,114.78801075361916,83.0,17.497595636682608,0.0,19.023608912179345,0.891413027048111,0.952482032775879,0.9789658665657044,0.8676581263542176,0.8923323288559913,0.9788701992481947,,,,,,
32.699999999961996,176.2051679293504,29.598847030036787,108.49340165694235,79.24596204677508,114.8090169943875,83.0,17.249810647353673,0.0,19.037341928379085,0.8920810639858247,0.9520740151405335,0.9787228822708129,0.8683920681476593,0.8918368741869926,0.9786348205059767,,,,,,
32.71999999996266,176.4885264831437,29.622734047290876,108.63344090584623,79.54343518786095,114.82903757256764,83.0,17.06567127654574,0.0,19.05043055892027,0.8925706446170807,0.9514773607254028,0.9782132744789124,0.8689866483211518,0.8906619057059288,0.9783400993794202,,,,,,
32.739999999963324,176.70794091638638,29.67768642483082,108.9446633262492,79.95129477814618,114.84804809616898,83.0,16.95293727005289,0.0,19.062858857322723,0.8928168892860413,0.9507232904434204,0.977440333366394,0.8693694412708283,0.8888897240161896,0.9780056100338698,,,,,,
32.75999999996399,176.86110470190746,29.761054968286903,109.40720924270502,80.43330276522079,114.86602540379685,83.0,16.91353010082425,0.0,19.07461168161927,0.8921845316886902,0.9493113040924073,0.9736495733261108,0.8686481297016144,0.885515084862709,0.9775221567600966,,,,,,
32.77999999996465,176.9486278744708,29.869894397635793,109.99174966337227,80.96243930420859,114.88294759287113,83.0,16.947539059381683,0.0,19.085674712803904,0.8897802472114563,0.9469632625579834,0.9673493385314942,0.8669470429420472,0.8811285749077797,0.9763722401112318,,,,,,
32.799999999965316,176.9735633559532,30.004607998187925,110.66280918772043,81.46882513787101,114.89879404631107,83.0,17.05409266993812,0.0,19.096034472277243,0.8864430665969849,0.9440418362617493,0.958699083328247,0.8647943437099457,0.8765678584575654,0.9748777132481337,,,,,,
32.81999999996598,176.9410277178827,30.166620143886313,111.36827594207266,81.89307092203602,114.91354545765412,83.0,17.24082090360318,0.0,19.10567833826818,0.8827059805393219,0.9407537698745727,0.9478619217872619,0.8625316619873047,0.8728006169199944,0.9731533031910657,,,,,,
32.83999999996664,176.85781604764512,30.343796614268943,112.05610305897747,82.3631469038578,114.92718385457783,83.0,17.517620093903652,0.0,19.114594561211508,0.8794004976749421,0.9376860141754151,0.936646556854248,0.8605555832386017,0.8701796233654022,0.9715065699070692,,,,,,
32.85999999996731,176.73201591926693,30.520477703195688,112.73257169379514,82.82366805951962,114.9396926207964,83.0,17.85781508021525,0.0,19.122772278063024,0.8765505254268646,0.9349379897117615,0.9256500959396362,0.8589118838310242,0.8669422835111619,0.9699920158833265,,,,,,
32.87999999996797,176.57379994425898,30.682729650977375,113.41540177560977,83.14263223686478,114.95105651630497,83.0,18.217267315818447,0.0,19.130201525534407,0.8742727875709534,0.9326139688491821,0.9158764719963074,0.8576676487922669,0.8649777173995972,0.9686691980808974,,,,,,
32.899999999968635,176.39614354851517,30.81699633219265,114.0666102078931,83.36427997175578,114.9612616959474,83.0,18.57708129672546,0.0,19.136873252232025,0.8724419355392456,0.9307801365852356,0.9078976392745972,0.8566363096237183,0.866194522380829,0.9690793229267001,,,,,,
32.9199999999693,176.21501314083557,30.909667736200998,114.62272847830924,83.56903634435376,114.97029572628425,83.0,18.931671347827546,0.0,19.14277932968458,0.8711899101734162,0.9297384023666382,0.9015695691108704,0.8557880401611329,0.8668556779623032,0.9696348458528519,,,,,,
32.93999999996996,176.04835229627267,30.948934598696255,115.04513258170354,83.70237834699812,114.97814760074114,83.0,19.259531559164667,0.0,19.147912562246464,0.8703836143016815,0.9292631864547729,0.8980750143527985,0.8551734328269959,0.8660904437303544,0.9694555146619678,,,,,,
32.95999999997063,175.91396571689498,30.927042703876477,115.31155670140252,83.67774234003515,114.98480775301853,83.0,19.53194854615681,0.0,19.152266695864505,0.8701710522174836,0.9294713616371155,0.8981896936893463,0.8548997998237611,0.8657912462949753,0.9689622666686774,,,,,,
32.97999999997129,175.82728204238038,30.84105310129446,115.39388996642947,83.51277729062976,114.9902680687468,83.0,19.73479018815173,0.0,19.155836425697608,0.870663183927536,0.9304299831390381,0.9024158239364625,0.8550490021705628,0.8660583525896073,0.9678229808341712,,,,,,
32.999999999971955,175.79987661364905,30.692811321295096,115.27291517271634,83.24960789751874,114.99452189537233,83.0,19.864748625962882,0.0,19.158617402579836,0.8719598948955536,0.9323216676712036,0.9108411073684692,0.8556140244007111,0.8669657438993454,0.9680133819580078,,,,,,
33.01999999997262,175.83905510351025,30.490215090891066,114.95370033771377,82.88386225709951,114.99756405026261,83.0,19.9185488599287,0.0,19.160606238319225,0.8742459058761597,0.9353744387626648,0.9226518392562866,0.8565893173217773,0.8686985522508621,0.9698434114456177,,,,,,
33.03999999997328,175.94791668528654,30.246794993655403,114.4564978995872,82.39888550295935,114.99939082702053,83.0,19.895454111779006,0.0,19.161800509825802,0.8771624863147736,0.9389915466308594,0.9363062381744385,0.8578778862953187,0.8721561163663865,0.9719402432441712,,,,,,
33.05999999997395,176.12611023215456,29.979270547231508,113.80027464383934,81.82791686305814,115.0,83.0,19.80549918604111,0.0,19.16219876206368,0.880359160900116,0.942608642578125,0.949139404296875,0.8593559265136719,0.8785226345062256,0.9748065683990716,,,,,,
33.07999999997461,176.3701485373971,29.694698650185437,113.01309274909043,81.33220615414497,114.99939082701758,83.0,19.659997752221436,0.0,19.16180050982387,0.8843163192272187,0.9463450670242309,0.9611164569854737,0.8615206956863404,0.8832525730133057,0.976755902543664,,,,,,
33.099999999975275,176.67378324448836,29.397528725860287,112.16480196459202,80.8796688943808,114.99756405025671,83.0,19.443530633821023,0.0,19.16060623831537,0.8869891583919526,0.9489804744720459,0.9691601753234863,0.8633291244506837,0.8862114384770393,0.9779898975044489,,,,,,
33.11999999997594,177.02806065009497,29.09919365626671,111.3252809212277,80.353777305286,114.99452189536349,83.0,19.138452168849035,0.0,19.158617402574055,0.8881816923618316,0.9505727410316467,0.9745869517326355,0.8646512985229493,0.8889297217130662,0.9784662697464228,,,,,,
33.1399999999766,177.42216491869377,28.812545699720722,110.51314159629598,79.85700270300846,114.99026806873505,83.0,18.765365341585905,0.0,19.155836425689923,0.889085602760315,0.9516002655029296,0.9772217512130738,0.8655432343482972,0.8920523494482041,0.9787693236023187,,,,,,
33.159999999977266,177.84152889822,28.55125231429019,109.73763032790188,79.50066718365048,114.98480775300386,83.0,18.361834133158677,0.0,19.15226669585492,0.8896996140480041,0.9521761178970337,0.9780848026275635,0.8660366892814637,0.8933879494667053,0.9789371941238642,,,,,,
33.17999999997793,178.26706101118822,28.3276671375784,109.04720913797296,79.26081884591201,114.97814760072359,83.0,17.949089110919083,0.0,19.14791256223499,0.8903444766998291,0.9525744557380676,0.9787366628646851,0.8665932476520539,0.893473419547081,0.9790311072021722,,,,,,
33.199999999978594,178.6802345182979,28.152188558582843,108.50872062585573,79.0964563111592,114.97029572626381,83.0,17.539461913224514,0.0,19.14277932967122,0.8910127282142639,0.9527375102043152,0.9791235089302063,0.8672175645828247,0.8935886010527611,0.9790280196815729,,,,,,
33.21999999997926,179.06034688023868,28.03229193330763,108.16207450229923,79.04874674938982,114.96126169592412,83.0,17.156683979432195,0.0,19.136873252216805,0.8916688919067383,0.9526617050170898,0.979241132736206,0.8678765296936035,0.8938456431031228,0.9789294693619013,,,,,,
33.23999999997992,179.38995091561753,27.971625427855045,108.01866698961533,79.17677575289903,114.95105651627888,83.0,16.830926175365704,0.0,19.13020152551735,0.8921923577785492,0.9523610949516297,0.9790728569030762,0.8684486985206604,0.8932328045368195,0.9787529442459345,,,,,,
33.259999999980586,179.65650902461812,27.969948947310694,108.08242788810642,79.47358043044669,114.9396926207675,83.0,16.58106026951934,0.0,19.122772278044135,0.8925429463386536,0.9518318176269531,0.9785990476608276,0.8688936889171601,0.8914900094270707,0.9785005662590265,,,,,,
33.27999999998125,179.85256744779397,28.024175694861604,108.35119621281139,79.88856731644256,114.9271838545462,83.0,16.412589724585683,0.0,19.114594561190827,0.8926663637161255,0.9511004686355591,0.9778199672698975,0.8691509008407593,0.8892241135239601,0.9781888220459223,,,,,,
33.299999999981914,179.97499078274166,28.129068163951498,108.80435421399724,80.38936704186912,114.91354545761978,83.0,16.328386027736602,0.0,19.105678338245724,0.8922264456748963,0.9498674869537354,0.9751673340797424,0.8687350153923035,0.8861682057380676,0.977747080102563,,,,,,
33.31999999998258,180.02421373171677,28.2777873382456,109.40446502950087,80.96353837464798,114.89879404627405,83.0,16.332157458547123,0.0,19.09603447225304,0.8900245189666748,0.9474451184272766,0.9684509992599487,0.8670064568519593,0.8814026087522507,0.9766693208366632,,,,,,
33.33999999998324,180.00362002415335,28.467206810141548,110.11113141450124,81.52281737989033,114.88294759283148,83.0,16.423700986448207,0.0,19.085674712777983,0.8862916946411133,0.9440625071525574,0.9585920095443725,0.8646292328834534,0.8760661736130715,0.9749271366745234,,,,,,
33.359999999983906,179.91896079323033,28.699409990358475,110.86484310139366,81.98411657803894,114.86602540375463,83.0,16.611747305224128,0.0,19.074611681591666,0.8819267928600312,0.9400592684745789,0.9453883290290832,0.862057113647461,0.8716347634792329,0.972799203172326,,,,,,
33.37999999998457,179.77795730368805,28.958118955931358,111.60274592185705,82.51498035757531,114.84804809612423,83.0,16.909566858358083,0.0,19.062858857293467,0.8780611217021943,0.9362757086753846,0.931378698348999,0.8598136305809021,0.8686818093061448,0.9707280848175287,,,,,,
33.39999999998523,179.59033837884886,29.22160904677742,112.33813668232834,83.05210857091595,114.82903757252042,83.0,17.284454891472013,0.0,19.050430558889396,0.8748798251152039,0.9328485488891601,0.9175662279129029,0.8581489384174348,0.8651536211371422,0.9687525246292352,,,,,,
33.4199999999859,179.3675995830828,29.471911045713323,113.1020029172597,83.42239915253704,114.80901699433787,83.0,17.681797634149525,0.0,19.037341928346635,0.8722379446029663,0.9300021409988404,0.9049929857254029,0.8567078173160554,0.8632907107472421,0.9677413640543818,,,,,,
33.43999999998656,179.12244778927106,29.692434814525,113.84786296587414,83.68288330405795,114.78801075356718,83.0,18.082348260222698,0.0,19.02360891214536,0.8701797664165497,0.9279181122779846,0.8934086799621582,0.8554270148277283,0.8664353400468827,0.9703198619186878,,,,,,
33.459999999987225,178.8732676728481,29.86458166057318,114.49391028039638,83.95393467331276,114.76604444307694,83.0,18.48490570139516,0.0,19.009248241850383,0.868499106168747,0.9262747526168823,0.8842482447624207,0.8543494582176209,0.8650270611047746,0.9687691658735276,,,,,,
33.47999999998789,178.6399322161162,29.972248179206048,114.99686440758471,84.16139878950382,114.74314482543286,83.0,18.86289220244489,0.0,18.994277413726397,0.8673171043395996,0.9252863645553588,0.8783785521984101,0.8535301685333252,0.8639921575784684,0.9686919122934341,,,,,,
33.49999999998855,178.44273444141405,30.003886563041036,115.337045089947,84.17729851335801,114.7193398002916,83.0,19.17745407374466,0.0,18.978714667421368,0.8671305179595947,0.92515709400177,0.8769094109535218,0.8533768951892853,0.8638295143842698,0.9681400548666715,,,,,,
33.51999999998922,178.29897995666184,29.954229805059427,115.48114153999711,84.01463891252426,114.69465837040946,83.0,19.411593796881835,0.0,18.96257896374443,0.8673851788043976,0.9259045004844666,0.8797317385673523,0.8533823430538178,0.863902685046196,0.9666136786341667,,,,,,
33.53999999998988,178.22123809474664,29.82654686734574,115.39855203383712,83.72875775570884,114.66913060630681,83.0,19.567835407327767,0.0,18.945889961564987,0.8681415081024171,0.9275981783866882,0.8873326718807221,0.8535747051239014,0.8642542928457261,0.9661062598228455,,,,,,
33.559999999990545,178.21697343394692,29.632321368001257,115.08733857664207,83.31251026341819,114.64278760963201,83.0,19.650114486851276,0.0,18.928667993861467,0.8701053500175476,0.9301969289779664,0.9002889156341553,0.8545939445495606,0.8656832188367845,0.9671109437942504,,,,,,
33.57999999999121,178.28915120267362,29.388882837941285,114.56520537394358,82.75156029010334,114.61566147526864,83.0,19.66410293294227,0.0,18.910934042948654,0.8731158137321473,0.9339407563209534,0.9170464277267456,0.8560843229293824,0.8680005460977555,0.9689972162246704,,,,,,
33.59999999999187,178.43692280622614,29.108251648538605,113.86085485355328,82.18687462029277,114.587785252233,83.0,19.618466215817964,0.0,18.892709714914062,0.87686887383461,0.9382466435432434,0.9340863585472107,0.8579031109809876,0.873576495051384,0.9714651107788086,,,,,,
33.61999999999254,178.6572422010541,28.79888923974392,113.03947497965846,81.67333610569146,114.55919290340884,83.0,19.50156313971711,0.0,18.87401721329413,0.8805781900882721,0.9422632694244385,0.9487163305282593,0.8597050428390504,0.879918584227562,0.9745683290995657,,,,,,
33.6399999999932,178.94255490376395,28.46671008094485,112.18630987167708,81.15882768067497,114.5299192641689,83.0,19.285707940625592,0.0,18.854879312022746,0.8849068820476532,0.9461966395378113,0.9613842725753784,0.8621863603591919,0.8838023364543915,0.9766006805934012,,,,,,
33.659999999993865,179.28459040127774,28.123050760469084,111.35191585018488,80.61244524948573,114.49999999993332,83.0,18.963483349960182,0.0,18.83531932768463,0.8878493249416352,0.9488208413124084,0.9692885160446167,0.8641826152801514,0.8877607613801957,0.9778585293330252,,,,,,
33.67999999999453,179.67383524796983,27.7836600996724,110.53371729427333,80.1407156604812,114.46947156271689,83.0,18.56512026801287,0.0,18.815361091107725,0.8891665697097778,0.9502443790435791,0.9743067383766174,0.8656250536441803,0.891320376098156,0.97825822615996,,,,,,
33.69999999999519,180.09650905342565,27.463752500499446,109.72964917554646,79.80855308065763,114.4383711467178,83.0,18.127105877443196,0.0,18.795028918328963,0.8901806235313415,0.9512166500091552,0.9771391868591308,0.8666806817054749,0.8930642202496529,0.978525469545275,,,,,,
33.719999999995856,180.53568630855935,27.17963277631481,108.98136139008565,79.55707100585134,114.40673664300229,83.0,17.666040011850548,0.0,18.774347580968946,0.8908259153366089,0.951634681224823,0.9778318166732788,0.8672371745109558,0.8931643545627594,0.9786267974413931,,,,,,
33.73999999999652,180.97336433311997,26.94530090921471,108.35012340803198,79.34460099978958,114.37460659334023,83.0,17.193972514485413,0.0,18.753342276051537,0.8915491104125977,0.9518552303314209,0.9783123731613159,0.8679078280925752,0.8937783718109131,0.9786404349841178,,,,,,
33.759999999997184,181.38745581659055,26.772110846831346,107.87932605970711,79.22740524045395,114.34202014324788,83.0,16.73837296732506,0.0,18.73203859530516,0.8922423601150513,0.9518686771392822,0.9785458087921143,0.868589448928833,0.8945566296577454,0.9785731890238821,,,,,,
33.77999999999785,181.756818788771,26.667065923788588,107.59276417311808,79.2749049985402,114.30901699429512,83.0,16.333518212420476,0.0,18.710462493983226,0.8928199291229248,0.9516774654388428,0.9785147786140442,0.8691967964172364,0.894369524717331,0.9784344055689871,,,,,,
33.79999999999851,182.06454652539887,26.63271208347755,107.51223735501443,79.48847574151621,114.2756373557352,83.0,16.001836967696043,0.0,18.688640259241648,0.8931780874729157,0.9512713193893433,0.9782132148742676,0.8696671187877656,0.8929783552885056,0.978209946397692,,,,,,
33.819999999999176,182.29875024413286,26.667528544742503,107.65155944195023,79.83106971926789,114.24192189551597,83.0,15.753168464510507,0.0,18.666598478112007,0.8933412909507752,0.9506296992301941,0.9775972366333008,0.8700032889842988,0.8910324946045876,0.9779003002680838,,,,,,
33.83999999999984,182.45288720661802,26.766645217782365,107.998491374614,80.28472564993548,114.20791169073226,83.0,15.595305241091499,0.0,18.64436400510934,0.8927788972854614,0.9493027925491333,0.9741778373718262,0.8693838119506836,0.8876845583319665,0.9774312355555594,,,,,,
33.860000000000504,182.52504572762356,26.922836096218994,108.52016527525248,80.84152132790038,114.17364817757971,83.0,15.535206745396854,0.0,18.62196392951404,0.8902103424072266,0.9467153549194336,0.9674299955368042,0.8676065802574158,0.8827240720391274,0.9761356689967216,,,,,,
33.88000000000117,182.51708681373677,27.128230218499468,109.18109948895786,81.46804350113915,114.1391731008712,83.0,15.572591981807285,0.0,18.599425542367744,0.8863722920417786,0.9431980013847351,0.9570376992225647,0.8651625156402588,0.8770198196172715,0.9743225910700858,,,,,,
33.90000000000183,182.4340096913303,27.37901715458271,109.94597999005981,82.0494973162595,114.10452846317726,83.0,15.70107412416101,0.0,18.576776303223436,0.8817545711994171,0.9390454292297363,0.9428600430488586,0.8623417377471925,0.8713385872542858,0.9721315600909293,,,,,,
33.920000000002496,182.28349120757557,27.673693322950598,110.74775913123972,82.51324231174787,114.0697564736523,83.0,15.930346493641272,0.0,18.554043806690164,0.8774076282978058,0.9349951386451721,0.9272504448890686,0.8597006916999818,0.867243778705597,0.969933042768389,,,,,,
33.94000000000316,182.0757731475831,27.99091146066439,111.51363756736778,83.06336012942826,114.03489949660934,83.0,16.276644719918803,0.0,18.53125574881327,0.8740287303924561,0.9312148809432983,0.9119559168815613,0.8579672932624818,0.8654794529080392,0.9677106597460806,,,,,,
33.960000000003824,181.82342409759207,28.30304958640361,112.26106079123377,83.62973016972403,113.99999999990563,83.0,16.6998350426759,0.0,18.50843989333106,0.8711439609527588,0.9282111406326294,0.8967162847518921,0.8562596678733826,0.862737236917019,0.9670933496206999,,,,,,
33.98000000000449,181.54109370326933,28.585055155836173,113.02542454831502,84.01678362848672,113.96510050320202,83.0,17.131492915778857,0.0,18.485624037848932,0.8686025619506836,0.9256077647209168,0.8825265526771545,0.8546668410301209,0.8654995694756509,0.9713916935026645,,,,,,
34.00000000000515,181.24858277844615,28.815161008405077,113.74959665952109,84.26461076577192,113.93024352615943,83.0,17.543259946320354,0.0,18.462835979972276,0.866651976108551,0.9234676837921143,0.8713286399841309,0.8534629225730896,0.8639291539788246,0.9689897779375315,,,,,,
34.020000000005815,180.96863564070856,28.974643827365192,114.3328148333796,84.49077930411616,113.89547153663504,83.0,17.933262108243138,0.0,18.440103483439376,0.8658770680427552,0.922109866142273,0.8644626140594482,0.8531073570251465,0.8634595349431038,0.9671907737851143,,,,,,
34.04000000000648,180.72378997406867,29.049685506973617,114.7256209855184,84.62676000889604,113.8608268989419,83.0,18.27889599353774,0.0,18.41745424429559,0.865500295162201,0.921646523475647,0.8614908456802368,0.8528638124465943,0.8631803169846535,0.966954967007041,,,,,,
34.06000000000714,180.53393640328548,29.03415926237964,114.9201431669336,84.53820605369317,113.82635182223443,83.0,18.546309466811856,0.0,18.39491585714997,0.8655977606773377,0.9221907258033752,0.8627869188785553,0.8527793526649475,0.8631455197930337,0.9664311535656452,,,,,,
34.08000000000781,180.41155834668731,28.93279335085207,114.89606100959328,84.22322934745198,113.79208830908313,83.0,18.72825528561623,0.0,18.372515781555485,0.8662060618400574,0.9237545132637024,0.8687511265277863,0.8528845429420472,0.8633869543671608,0.9649127268232405,,,,,,
34.10000000000847,180.36436570288708,28.757372926168927,114.62767109966461,83.77485162429971,113.75807810430089,83.0,18.842780811510192,0.0,18.350281308553786,0.8673211932182312,0.9262791037559509,0.8798240780830384,0.8531805276870728,0.8639050260186196,0.9656826019287109,,,,,,
34.120000000009135,180.3973574256167,28.52412658808919,114.12152296016058,83.2358495225863,113.72436264408337,83.0,18.904962705117658,0.0,18.32823952742526,0.8691493153572083,0.9295515537261962,0.8958690822124481,0.8538961827754975,0.8649771109223366,0.9669995307922363,,,,,,
34.1400000000098,180.51005681359516,28.239847148889194,113.431590117715,82.72680047406848,113.69098300552538,83.0,18.90861837991381,0.0,18.306417292684944,0.8727162957191468,0.9337950468063354,0.9159449815750123,0.8557679057121277,0.867752654850483,0.9689581036567688,,,,,,
34.16000000001046,180.69797274953345,27.915680917323268,112.65366937207388,82.15387888329884,113.65797985657477,83.0,18.820079789731167,0.0,18.284841191364414,0.8767067313194276,0.9385141372680664,0.9344491600990296,0.8576460599899293,0.8737234264612198,0.9716763734817505,,,,,,
34.18000000001113,180.95416610456104,27.56225428680287,111.85091194478136,81.53701258429321,113.62539340648478,83.0,18.62377761267157,0.0,18.263537510619578,0.8805115818977356,0.9426051139831543,0.9493431806564331,0.8594989001750947,0.8799803450703622,0.9748486363328993,,,,,,
34.20000000001179,181.26909936483509,27.191181888708233,111.03975942911117,81.01206419455984,113.59326335682529,83.0,18.335840091454138,0.0,18.242532205703853,0.8846203923225403,0.9463066458702087,0.9613269805908203,0.8618446469306946,0.8845693618059158,0.9767534934915603,,,,,,
34.220000000012455,181.63435607379918,26.81859027480703,110.23381054713983,80.57778400203138,113.56162885311257,83.0,17.976045421587823,0.0,18.22185086834566,0.887481027841568,0.9487097024917602,0.9686734795570373,0.8638032674789429,0.8874305874109268,0.9778968059457839,,,,,,
34.24000000001312,182.03820846426635,26.46153081349427,109.45154641213952,80.20845411015989,113.53052843711646,83.0,17.561128285418466,0.0,18.201518695568847,0.8887447237968445,0.9498939990997315,0.973070752620697,0.8651695966720582,0.8894510999321937,0.9782096945680678,,,,,,
34.26000000001378,182.46557273307937,26.137120780416616,108.72312165900588,79.89671153099853,113.49999999990322,83.0,17.109153073068768,0.0,18.18156045899403,0.8899083554744721,0.9507837057113647,0.9761760234832764,0.8664232015609742,0.8913872048258782,0.9784237467683852,,,,,,
34.28000000001445,182.89202343526154,25.86166142099332,108.1224941946755,79.66835931248701,113.47008073567105,83.0,16.64452620171487,0.0,18.162000474658136,0.8907677114009858,0.9511556506156922,0.9772631168365479,0.8672672092914582,0.8925505548715592,0.978478177729994,,,,,,
34.30000000001511,183.3076429083745,25.649430570166132,107.60363561126982,79.56494668121525,113.44080709643468,83.0,16.197916543351468,0.0,18.142862573389092,0.8915129959583282,0.9512228488922119,0.9775850892066955,0.8679881215095521,0.8930103808641434,0.9784266077913344,,,,,,
34.320000000015774,183.69936234147715,25.51011748722949,107.17916054244279,79.54070415461415,113.4122147476143,83.0,15.782521668519792,0.0,18.124170071771633,0.8921084046363831,0.951110553741455,0.977650809288025,0.8685964703559876,0.892623507976532,0.9783177458681166,,,,,,
34.34000000001644,184.04055276653332,25.449070752334233,106.97553427149504,79.56943207090211,113.38433852458263,83.0,15.406455839325092,0.0,18.105945743739632,0.8925680458545685,0.9508731603622437,0.977530014514923,0.8690950751304627,0.892343494296074,0.9781718694604933,,,,,,
34.3600000000171,184.3147817928377,25.466597702479696,106.98888743896839,79.75435642821168,113.35721239022341,83.0,15.10219684637628,0.0,18.08821179282953,0.8928460419178009,0.950345265865326,0.9767597198486329,0.8694212973117829,0.8917799979448319,0.9779268824495375,,,,,,
34.380000000017766,184.51113270382575,25.558798557795434,107.19632919780815,80.14449955214108,113.33086939355293,83.0,14.897948659479045,0.0,18.070989825128837,0.8924282133579254,0.9492228150367736,0.9736363172531128,0.8689434707164765,0.8886803686618805,0.9775137984193861,,,,,,
34.40000000001843,184.62399861321381,25.718623165862567,107.59830439998635,80.66007698443222,113.30534162945479,83.0,14.793642239018952,0.0,18.054300822952335,0.890373694896698,0.9470724821090698,0.9681629180908203,0.8675926685333253,0.8836383491754533,0.9764102065004409,,,,,,
34.420000000019094,184.6528383950025,25.93691216338689,108.1853485521068,81.22446030134067,113.28066019957728,83.0,14.780220152571074,0.0,18.03816511927844,0.887148529291153,0.9440538883209229,0.9594287276268005,0.8655250608921051,0.8783170461654664,0.9748534523881972,,,,,,
34.44000000001976,184.60108007247914,26.202937811189454,108.91200027102242,81.83955496961464,113.25685517444086,83.0,14.859422329402673,0.0,18.022602372976568,0.8828081130981446,0.9401959419250489,0.9467398285865783,0.8628921866416932,0.8731650471687318,0.972821029368788,,,,,,
34.46000000002042,184.47381940094863,26.51061310670054,109.7234996305355,82.44651755325572,113.23395555680175,83.0,15.034235030062161,0.0,18.007631544855823,0.8783524632453918,0.9362487316131591,0.9317129254341125,0.8601202607154846,0.8679107457399369,0.970723828021437,,,,,,
34.480000000021086,184.27974718583084,26.855647907778476,110.55625818731109,82.95221350738463,113.21198924631663,83.0,15.310543849593047,0.0,17.993270874564203,0.8745740175247193,0.9323732256889343,0.9158331871032716,0.8580424189567566,0.8645108953118325,0.9685185515321791,,,,,,
34.50000000002175,184.03090607885832,27.214168964890156,111.34575512879101,83.50903997578041,113.19098300555119,83.0,15.693730305531984,0.0,17.979537858366356,0.8714592099189759,0.9290640711784363,0.9001420021057129,0.8562759280204774,0.8628140568733216,0.9669234835542738,,,,,,
34.520000000022414,183.74265934975026,27.55570030161148,112.10137620973939,84.0652282513728,113.17096242737405,83.0,16.140924804088414,0.0,17.966449227827134,0.8685871720314027,0.926190972328186,0.884216719865799,0.8544616580009461,0.8649925976991654,0.9712031360715627,,,,,,
34.54000000002308,183.43440506001397,27.853458737699363,112.84489282394124,84.44061194068732,113.15195190377575,83.0,16.585168682661617,0.0,17.95402092942667,0.8665947377681733,0.9237099766731263,0.8712738871574403,0.8533161282539368,0.8639607414603234,0.9709582410752773,,,,,,
34.56000000002374,183.1294078985833,28.086367260010032,113.51309708787873,84.65663545663341,113.13397459615099,83.0,16.997173371155526,0.0,17.942268105132154,0.8656178116798401,0.9219617009162903,0.8626249313354493,0.8528805196285248,0.8633784636855126,0.9686239294707775,,,,,,
34.580000000024405,182.8511376582593,28.23811582282367,114.00916053668112,84.81454316281953,113.11705240707991,83.0,17.374453917507594,0.0,17.93120507394961,0.8650241613388062,0.9210312962532043,0.8578035354614258,0.8525650978088379,0.8629886850714684,0.9668173417448997,,,,,,
34.60000000002507,182.61940836225787,28.29908313597408,114.29330133604878,84.8607814542468,113.10120595364322,83.0,17.697901689986978,0.0,17.920845314478388,0.8648854851722718,0.9211248993873596,0.8570767879486084,0.8523838996887207,0.8628199383616448,0.9664532281458378,,,,,,
34.62000000002573,182.4504279975035,28.26872567297189,114.36885788021765,84.67609499131454,113.08645454230346,83.0,17.939784240045928,0.0,17.91120144848961,0.8652676045894623,0.9223308801651001,0.8608875632286073,0.8523770332336427,0.8629183933138848,0.9659851325675846,,,,,,
34.6400000000264,182.354983862344,28.159242338218025,114.22433390249574,84.21608194579305,113.0728161453831,83.0,18.09929578888589,0.0,17.90228522554847,0.866173666715622,0.9245505690574646,0.8696028113365174,0.8525706768035889,0.8633039638400078,0.9652129411697388,,,,,,
34.66000000002706,182.33878525503056,27.991762259934,113.8210176112954,83.58823808013436,113.06030737916794,83.0,18.212521634369136,0.0,17.89410750869918,0.867570447921753,0.9275870561599732,0.8834677100181579,0.8529771983623505,0.8639779314398766,0.9664834976196289,,,,,,
34.680000000027725,182.40298292749478,27.766858817425625,113.17119925513585,83.13523105156355,113.0489434836628,83.0,18.301114486071075,0.0,17.886678261230042,0.8694417595863343,0.9311426877975464,0.9015873432159424,0.8536457657814026,0.8649921402335168,0.9678786516189575,,,,,,
34.70000000002839,182.54418862771826,27.487554020062127,112.41800118396421,82.67186798004529,113.03873830402385,83.0,18.304714331110926,0.0,17.8800065345347,0.8732839226722717,0.9359040975570678,0.9222347736358643,0.8554962873458862,0.8679391130805016,0.9703738451004028,,,,,,
34.72000000002905,182.7580123062682,27.169777969554453,111.683050838776,81.9730766410436,113.02970427369053,83.0,18.165066914363162,0.0,17.87410045708445,0.8773064255714417,0.9405579090118408,0.9401425123214722,0.8573798418045044,0.8744889676570893,0.9729975581169128,,,,,,
34.74000000002972,183.0362499722026,26.829480477896887,110.94709142271971,81.29531115358024,113.02185239923718,83.0,17.9142546188388,0.0,17.86896722452488,0.8809943795204163,0.9443959951400757,0.9536752700805664,0.8591838777065277,0.8813916265964509,0.976030726917088,,,,,,
34.76000000003038,183.36873432558778,26.480962255987578,110.16538676414316,80.86556808329006,113.01519224696335,83.0,17.610152886516374,0.0,17.86461309090917,0.8847638607025147,0.9477715969085694,0.9642409563064576,0.8612955331802369,0.8849517345428467,0.977745826728642,,,,,,
34.780000000031045,183.7447088028576,26.140564258985883,109.37684058329103,80.54065769090487,113.00973193123869,83.0,17.25968680053521,0.0,17.86104336107843,0.8863925635814667,0.9493342041969299,0.9698232650756836,0.8627577066421509,0.8855517342686653,0.9783044772222638,,,,,,
34.80000000003171,184.15230911353265,25.824918253738524,108.64318711545621,80.17302955526642,113.00547810461677,83.0,16.851269167377712,0.0,17.85826238419856,0.8876434803009033,0.9503856897354126,0.9737382173538208,0.8640933871269226,0.8872694134712219,0.9785670833662152,,,,,,
34.82000000003237,184.5692608920644,25.550278706516856,108.03067088817862,79.83440433109466,113.00243594973011,83.0,16.406611065615802,0.0,17.856273548461537,0.8888415217399598,0.9511426210403442,0.9764763474464416,0.8653643250465394,0.890209598839283,0.9787259059026837,,,,,,
34.84000000003304,184.9812740992919,25.33155987113134,107.51051644187082,79.67067868864136,113.00060917297583,83.0,15.973609965221291,0.0,17.85507927695734,0.8896516978740693,0.9513696908950806,0.9771413564682007,0.8661361932754517,0.8914585962891579,0.978730340488255,,,,,,
34.8600000000337,185.38142784382597,25.18081255631976,107.03381100467101,79.64935887868769,113.0,83.0,15.57496078504965,0.0,17.854681024721838,0.8903292238712311,0.951376211643219,0.9773732900619507,0.8667972624301911,0.8908160448074341,0.9786616640165449,,,,,,
34.880000000034364,185.7477443631644,25.10534568247183,106.71979936554062,79.62834215092458,113.00060917298606,83.0,15.20024672590813,0.0,17.85507927696403,0.8916471302509308,0.9508012771606446,0.9771446108818054,0.8681971848011018,0.8909126609563828,0.9782886223867535,,,,,,
34.90000000003503,186.05585755832627,25.108028802956387,106.64790832806244,79.66891169593231,113.00243594975056,83.0,14.867259363263372,0.0,17.856273548474906,0.8919816851615906,0.9502872824668884,0.9761096954345703,0.8685149550437927,0.8910025730729103,0.9780510263517499,,,,,,
34.92000000003569,186.29301075762552,25.186918629407256,106.77169267510945,79.94134452225296,113.00547810464741,83.0,14.624534691702356,0.0,17.85826238421859,0.8920324862003327,0.9494361400604248,0.9738950729370117,0.8685006856918336,0.8897540166974068,0.9777140932157635,,,,,,
34.940000000036356,186.4501098662047,25.336461840762137,107.07856770372133,80.42431122069318,113.00973193127946,83.0,14.490007784946226,0.0,17.861043361105082,0.8906843841075898,0.9477071285247802,0.9694869518280029,0.8676069736480714,0.8852454870939255,0.9768611269071699,,,,,,
34.96000000003702,186.52391545961177,25.548253759801447,107.58812072935821,80.97350238693431,113.01519224701424,83.0,14.447330691628245,0.0,17.864613090942438,0.8880506455898285,0.9450167179107666,0.9620620846748352,0.8659684002399445,0.8796794921159745,0.9754412012174726,,,,,,
34.980000000037684,186.51451472591856,25.818028329324722,108.2744057204348,81.48522303014205,113.0218523992981,83.0,14.491214198724837,0.0,17.86896722456471,0.8837868988513947,0.9410200238227844,0.9496805429458618,0.8635110616683961,0.874554455280304,0.9732975559309125,,,,,,
35.00000000003835,186.42588324042418,26.148005783996663,109.03779763674137,81.97090312462751,113.02970427376141,83.0,14.651466288966406,0.0,17.87410045713079,0.8795595407485962,0.9369278669357299,0.9350176334381104,0.861049783229828,0.8705755144357682,0.971058483608067,,,,,,
35.02000000003901,186.26727968664136,26.515938569085076,109.79457046401613,82.62603989515253,113.03873830410463,83.0,14.951015243079217,0.0,17.88000653458751,0.8754990220069886,0.9325715661048889,0.9180079221725465,0.858838713169098,0.8669939696788789,0.9685564713552595,,,,,,
35.040000000039676,186.0475290511514,26.893149906365558,110.58584194088463,83.29820669653618,113.04894348375335,83.0,15.338407342214737,0.0,17.88667826128924,0.8720256268978119,0.9285199403762817,0.8998623549938202,0.8570086181163789,0.8623428784310818,0.9664609866216779,,,,,,
35.06000000004034,185.78020317842459,27.253970171497567,111.45201662526333,83.77634044219833,113.06030737926817,83.0,15.744480389523215,0.0,17.894107508764705,0.8688934206962586,0.9250162839889526,0.8815010249614715,0.8551414370536805,0.8625595584511757,0.9682650629431009,,,,,,
35.080000000041004,185.4829426860581,27.576155788738774,112.31008421800763,84.1647605089733,113.07281614549288,83.0,16.157299194904642,0.0,17.90228522562024,0.8660568475723267,0.9216011047363282,0.8649639248847962,0.8534785509109497,0.8640827044844628,0.968944625556469,,,,,,
35.10000000004167,185.17763489588916,27.83711266594483,113.04630865719062,84.59084392163899,113.08645454242264,83.0,16.581953287096663,0.0,17.911201448567528,0.8647168755531311,0.9188868522644043,0.8534812867641449,0.8529719352722168,0.8633497878909111,0.9670518476516008,,,,,,
35.12000000004233,184.8883942517317,28.018617453371714,113.62163157060559,84.91553150468255,113.10120595377167,83.0,16.98360740273043,0.0,17.920845314562367,0.8637190580368043,0.9169125080108643,0.8458369553089142,0.8525642037391663,0.8627834960818291,0.9667616222053766,,,,,,
35.140000000042996,184.63807534758277,28.107195026925112,114.02448983923202,84.99493044116228,113.11705240721747,83.0,17.317421015715436,0.0,17.93120507403954,0.8631881356239319,0.9159415364265442,0.8421597957611084,0.8523156762123109,0.8624600633978844,0.9654826041311025,,,,,,
35.16000000004366,184.4447729103451,28.096747937000938,114.21680901659522,84.86587996242767,111.35403226795486,83.0,17.571394961847307,0.0,16.77861502235117,0.863191831111908,0.916228973865509,0.842452609539032,0.8522227644920349,0.8623943194746971,0.9632786294445396,,,,,,
35.18000000004432,184.3201678209771,27.990179089969537,114.16409869456317,84.61090779367977,112.90337324094578,83.0,17.75508081270283,0.0,17.791510424039217,0.8637516975402832,0.9177301645278931,0.8468467235565186,0.8523220658302307,0.8626180455088616,0.961906938906759,,,,,,
35.20000000004499,184.2712868966947,27.797252920799387,113.87454778979658,84.21020111808856,112.80697215816458,83.0,17.871379133709247,0.0,17.72848736122153,0.8648145198822021,0.9202476024627686,0.855618453025818,0.8526095509529115,0.8631143555045129,0.9629507303237915,,,,,,
35.22000000004565,184.30189658221707,27.535122567304082,113.37704040161066,83.62805409152442,112.71102190085203,83.0,17.922114049817907,0.0,17.66575902955219,0.8662869572639466,0.9235077142715454,0.8689561724662781,0.8530576825141907,0.8638393804430962,0.9643387794494629,,,,,,
35.240000000046315,184.41072876181235,27.214085049822618,112.70102919827252,83.04863080638279,112.61574656527999,83.0,17.9169197633175,0.0,17.60347193395637,0.8684224724769593,0.9271997094154358,0.8868305206298829,0.8539739012718202,0.865150348842144,0.9657743573188782,,,,,,
35.26000000004698,184.59271479558663,26.84069082906524,111.92125934397856,82.55164654490771,112.5213686714093,83.0,17.840028467644043,0.0,17.541771548831928,0.8718032240867615,0.9310104966163635,0.907068133354187,0.8559442818164826,0.8678147718310356,0.9671126008033752,,,,,,
35.28000000004764,184.84044450314852,26.422259895287457,111.1409784770725,82.0549796413104,112.42810864318417,83.0,17.652788159447848,0.0,17.480801978287246,0.8757971823215485,0.9356307744979858,0.9260163545608521,0.8579353451728822,0.8756458833813667,0.970305158244446,,,,,,
35.30000000004831,185.14431440974772,25.974588523918047,110.41140532259355,81.52165372431347,112.33618429372176,83.0,17.344227638959868,0.0,17.420705619579387,0.8791235387325287,0.9392067670822144,0.93989577293396,0.8596170067787171,0.8790218427777291,0.9728114689700306,,,,,,
35.32000000004897,185.4930175576688,25.51841381315412,109.70798871391925,81.077383140275,112.24581031659959,83.0,16.95249109354741,0.0,17.361622830538707,0.882534658908844,0.9420604348182678,0.9505313396453857,0.8617546439170838,0.8830281168222428,0.974271937739104,,,,,,
35.340000000049635,185.8775181336115,25.074382109826356,109.00332759182416,80.79784836599138,112.15719778442875,83.0,16.521196158517856,0.0,17.30369160175663,0.885420972108841,0.9442475318908692,0.9581016063690185,0.8636506080627442,0.8853741332888604,0.9753479088656605,,,,,,
35.3600000000503,186.28004758699356,24.66141403041747,108.35899704050611,80.59280800789382,112.07055365588405,83.0,16.063294469510016,0.0,17.247047234302276,0.887687247991562,0.9458301782608032,0.9632280111312866,0.8651915907859803,0.8863417193293571,0.9761021102778613,,,,,,
35.38000000005096,186.68016541430038,24.297308764741302,107.85171181239458,80.42406938633819,111.9860802923424,83.0,15.590471329637127,0.0,17.19182202372045,0.8891580700874329,0.9464235067367553,0.9657625675201416,0.8665037393569947,0.8878069505095482,0.9762827481143177,,,,,,
35.40000000005163,187.07070692959059,23.998121521619492,107.41260731011704,80.35757900260033,111.90397498525844,83.0,15.134561167896011,0.0,17.13814495104937,0.8898123621940613,0.9464210748672486,0.9664799451828003,0.8672767043113709,0.8886753514409066,0.976149436365813,,,,,,
35.42000000005229,187.44530035216573,23.775969685259028,107.00258493100971,80.36991852603067,111.82442949538131,83.0,14.712626987234076,0.0,17.08614138157942,0.890046375989914,0.9460507392883301,0.9662177324295044,0.8678111910820008,0.8883905529975892,0.9757992709986866,,,,,,
35.440000000052954,187.79981925066582,23.63873036953802,106.62611719655425,80.36229486589062,111.74762960488835,83.0,14.318192096527707,0.0,17.03593277205669,0.8899601221084595,0.9454827785491944,0.9652312994003296,0.8680535912513734,0.8877995133399964,0.9753751481883228,,,,,,
35.46000000005362,188.1180139356428,23.589478903103632,106.36295483833808,80.31489457028857,111.67375468348239,83.0,13.950114791724276,0.0,16.987636387015176,0.8896097004413605,0.9447788953781128,0.9636721014976501,0.8680437803268433,0.8877707526087761,0.974909087549895,,,,,,
35.48000000005428,188.3731244248877,23.626699419558136,106.2991713007904,80.37356416454479,111.60297726946538,83.0,13.641639470072137,0.0,16.941365024899966,0.8887675821781159,0.9437457323074341,0.9611229658126831,0.8677268981933595,0.8875156417489052,0.9742818559519947,,,,,,
35.500000000054946,188.5558903514468,23.744566583351276,106.38370925293174,80.66409413223278,111.5354626667673,83.0,13.433854913151459,0.0,16.8972267546213,0.8872592806816101,0.9422108292579651,0.9567547082901001,0.8669215798377992,0.8849600419402123,0.9734148587100208,,,,,,
35.52000000005561,188.66200384841508,23.942385114718586,106.62440580837126,81.01365100293837,111.47136855887106,83.0,13.324305262859129,0.0,16.855324663154583,0.8849700093269348,0.9400765657424927,0.9498584747314454,0.8655346989631654,0.8801416575908662,0.9722614492289722,,,,,,
35.540000000056274,188.69195776158864,24.227979367200337,106.99997783773584,81.2591296686403,111.41084464053547,83.0,13.312252249778917,0.0,16.815756614775978,0.8822800874710083,0.9374987959861756,0.940809965133667,0.8639074265956879,0.8766442328691483,0.9708498920314014,,,,,,
35.56000000005694,188.6515143659935,24.574696392842895,107.42586671712334,81.68377848086558,111.35403226817623,83.0,13.424939467072727,0.0,16.778615022495885,0.8793209910392762,0.9346137642860413,0.9298229455947876,0.8620936274528503,0.874527831375599,0.9692579115740955,,,,,,
35.5800000000576,188.54859999153186,24.946258925607342,107.92565894751219,82.25638758550936,111.3010641297214,83.0,13.628522910194524,0.0,16.74398663222405,0.8758715510368348,0.9313939452171326,0.9163227081298828,0.8598248302936554,0.8689080625772476,0.9675349558703601,,,,,,
35.600000000058266,188.39336264923196,25.31374338326799,108.56819493720177,82.7113265084387,111.25206393471265,83.0,13.849587683941927,0.0,16.71195232017048,0.8730632424354554,0.9285104036331177,0.9026167750358581,0.8580719947814942,0.8646507486701012,0.9661468113772571,,,,,,
35.62000000005893,188.19901186083072,25.65624772409727,109.28580451846102,83.07838999077266,111.20714612537589,83.0,14.075237330535607,0.0,16.6825869039553,0.8704508602619172,0.9259797811508179,0.8881915628910065,0.8563352406024933,0.8634243398904801,0.9653947080485523,,,,,,
35.640000000059594,187.98250333259747,25.956727076759634,109.93988037630427,83.53122274020008,111.16641560933608,83.0,14.33377367865609,0.0,16.655958967868738,0.867961072921753,0.9236608982086182,0.8753410756587983,0.8546774923801422,0.8628834694623948,0.9655131243169308,,,,,,
35.66000000006026,187.76131315353422,26.201411042650495,110.48043491978693,83.9853605076664,111.12996751460072,83.0,14.611445791559975,0.0,16.632130702689334,0.8660846829414368,0.9218330264091492,0.8654410958290101,0.8534274220466614,0.8641875922679901,0.968852075189352,,,,,,
35.68000000006092,187.55442169726,26.37994035921549,110.91618305182696,84.24602433273016,111.09788696738391,83.0,14.862177201427265,0.0,16.61115776043453,0.8653953850269318,0.9208237886428833,0.8598239004611969,0.8530363380908966,0.8637158334255219,0.9687058839946985,,,,,,
35.700000000061586,187.37815918612168,26.483533695173797,111.214210200306,84.32007933021794,111.07024889329014,83.0,15.066873848681588,0.0,16.593089124382743,0.8651424646377563,0.9208019495010376,0.8582471430301667,0.852771520614624,0.8634551525115968,0.9670064941048622,,,,,,
35.72000000006225,187.24650602617132,26.509425014132834,111.32591827199063,84.30398573405,111.04711784232207,83.0,15.23051216013982,0.0,16.577966994670685,0.8653284192085267,0.9217813968658447,0.8605855941772461,0.85263249874115,0.8634049236774445,0.9657727420330048,,,,,,
35.74000000006291,187.16962869134056,26.461802324509247,111.25126216161225,84.17004131617163,111.02854783812103,83.0,15.347276809459368,0.0,16.565826689733,0.8659507036209106,0.923686397075653,0.8669848442077637,0.8526355862617493,0.8635757505893707,0.9658589855767786,,,,,,
35.76000000006358,187.15377307871535,26.350108267489013,111.01597636929799,83.86672869812148,111.01458225179229,83.0,15.40706160517978,0.0,16.5566965638144,0.8669892311096192,0.9263902306556702,0.877681577205658,0.8527881979942322,0.8639676928520204,0.9660032033920288,,,,,,
35.78000000006424,187.20163320911414,26.185008808994418,110.63236205034212,83.45990671488437,111.00525370060981,83.0,15.415036051622394,0.0,16.550597940747004,0.8682936072349549,0.9294566631317138,0.8913932383060456,0.8530668497085572,0.8645237743854524,0.9673653364181518,,,,,,
35.800000000064905,187.31233333901912,25.980335935322206,110.11934186197428,83.0030161395162,111.00058397183713,83.0,15.379360129162908,0.0,16.547545064147574,0.8697980880737305,0.9327517747879028,0.9072218656539918,0.8534362614154816,0.8652015268802643,0.9687695741653443,,,,,,
35.82000000006557,187.48353601326906,25.750520228869433,109.5157535738696,82.52328719799256,111.00058397184218,83.0,15.299945129866897,0.0,16.54754506415087,0.8727978825569154,0.9369299411773682,0.9239052891731262,0.8546589493751526,0.8673709869384766,0.9711710214614868,,,,,,
35.84000000006623,187.71019266991487,25.501800909843574,108.87365763580624,82.07319739376953,111.00525370062492,83.0,15.168647783252723,0.0,16.55059794075688,0.875875872373581,0.9406421422958374,0.9380815744400024,0.856031757593155,0.874612419307232,0.9742757347412407,,,,,,
35.8600000000669,187.9848131663212,25.24360783160319,108.24509827198463,81.61359838695824,111.01458225181743,83.0,14.974276965011613,0.0,16.556696563830833,0.8785495460033417,0.9436737895011902,0.9488727807998657,0.8572411417961121,0.8765471875667572,0.9759631779976189,,,,,,
35.88000000006756,188.29903413471655,24.99017492501789,107.64427232021367,81.16868904513443,111.02854783815614,83.0,14.724859338846835,0.0,16.56582668975596,0.8811855673789979,0.9464228987693787,0.9579079270362854,0.858483099937439,0.878883707523346,0.977419784385711,,,,,,
35.900000000068225,188.6452766685162,24.75508723697615,107.06084640363906,80.80817626995797,111.04711784236707,83.0,14.443253076509892,0.0,16.57796699470011,0.8831641554832459,0.9484581828117371,0.964363956451416,0.859510886669159,0.8806675478816033,0.9784177568741143,,,,,,
35.92000000006889,189.01059439637024,24.55173567859027,106.52674015947301,80.52838288747614,111.07024889334492,83.0,14.142904654346742,0.0,16.593089124418558,0.8839141964912415,0.9493302226066589,0.9679873704910278,0.8602962791919708,0.8815687537193299,0.978662231285125,,,,,,
35.94000000006955,189.3775907780396,24.392832970599216,106.09939787712405,80.31353106027444,111.09788696744836,83.0,13.83404505389308,0.0,16.611157760476665,0.8827046751976013,0.9510244727134705,0.9723280310630799,0.8592318058013917,0.8803931176662445,0.9794295457191765,,,,,,
35.96000000007022,189.740313349972,24.289190526756308,105.73181300119587,80.19102752460728,111.12996751467469,83.0,13.536615386429785,0.0,16.632130702737694,0.8817931354045868,0.9521513462066651,0.9749233961105347,0.8584242343902588,0.8793692022562027,0.979946616012603,,,,,,
35.98000000007088,190.09219075544684,24.24882388460115,105.41396228238017,80.13586729051077,111.16641560941937,83.0,13.26030727352272,0.0,16.655958967923187,0.8807838082313538,0.9528325080871582,0.9758449554443359,0.8574425756931305,0.877598375082016,0.9803090480156242,,,,,,
36.000000000071545,190.4101428504792,24.276306349999142,105.2654827471679,80.11749046873277,111.20714612546833,83.0,13.008672602003513,0.0,16.682586904015736,0.8796447515487671,0.9532675981521607,0.9759709358215332,0.856338119506836,0.8757368177175522,0.9805916455574334,,,,,,
36.02000000007221,190.67703775315735,24.372295238922863,105.30015721788868,80.22930116724086,111.25206393481402,83.0,12.810284229284578,0.0,16.71195232023675,0.8787156820297242,0.9535122036933898,0.9759208679199218,0.8554978489875794,0.8743682682514191,0.9807770160026849,,,,,,
36.04000000007287,190.8817006538049,24.53402523379026,105.49982709328737,80.535830858656,111.30106412983146,83.0,12.694207983793168,0.0,16.743986632296007,0.8778598427772523,0.9535611867904663,0.9756385087966919,0.8547863721847535,0.8720206797122956,0.9808785227127373,,,,,,
36.060000000073536,191.01771612191416,24.7562244508608,105.88543216672583,80.96568079471132,111.35403226829472,83.0,12.660609698114646,0.0,16.77861502257335,0.8768381655216217,0.953143858909607,0.9736815929412842,0.8538692474365235,0.8684696391224862,0.9808299568481743,,,,,,
36.0800000000742,191.0819468611284,25.03235192125932,106.46645897760163,81.45200179314057,111.41084464066212,83.0,12.702920481315799,0.0,16.815756614858774,0.8755409836769105,0.9522539377212524,0.9695861101150512,0.8526480317115784,0.8649818822741508,0.9806433704681694,,,,,,
36.100000000074864,191.07541141386253,25.35426702645464,107.20186773646643,82.01599980227262,111.47136855900555,83.0,12.829774869250794,0.0,16.85532466324251,0.8749480724334717,0.9511932015419007,0.9645426988601684,0.8520093083381653,0.8628340706229211,0.9803438213653862,,,,,,
36.12000000007553,191.00311126440138,25.713494316465777,108.04254579455227,82.66159671753964,111.53546266690935,83.0,13.048061769556613,0.0,16.89722675471417,0.8741575658321381,0.9494110941886902,0.9570693731307983,0.8516709804534912,0.861018954217434,0.9796255615539848,,,,,,
36.14000000007619,190.87263865223468,26.101259089541212,108.96342436198717,83.31814308980256,111.60297726961464,83.0,13.34790428929922,0.0,16.941365024997545,0.8731565237045289,0.9471817731857299,0.9469192028045654,0.851279491186142,0.8590345077216626,0.9787032988853752,,,,,,
36.160000000076856,190.69473334550625,26.508059417517277,109.93543090367189,83.92737767782451,111.6737546836385,83.0,13.716992900435345,0.0,16.98763638711724,0.8721147000789643,0.9449005007743836,0.9354528069496155,0.8508668661117554,0.8609958916902543,0.9809878639876842,,,,,,
36.18000000007752,190.4808696968236,26.92651345420561,110.90408363816266,84.4330122405847,111.74762960505097,83.0,14.152968391576103,0.0,17.035932772163008,0.8699345350265504,0.9418479681015015,0.9217437982559205,0.8500921487808228,0.86293233782053,0.9824117764830589,,,,,,
36.200000000078184,190.2446175271615,27.354448431441842,111.78810265496118,84.78913600494892,111.82442949555005,83.0,14.667037295777005,0.0,17.086141381689735,0.8685328602790833,0.9398414254188537,0.9095362067222595,0.8494796752929688,0.862071730196476,0.9808213323354721,,,,,,
36.22000000007885,189.99978796420382,27.77439336637488,112.52288487668986,85.14015860579919,111.90397498543292,79.23783794496136,15.264662443322695,0.0,19.59769176002217,0.8673879563808442,0.9383069038391113,0.8987769722938538,0.8488994181156159,0.8613490894436837,1.0,,,,,,
36.24000000007951,189.76268314228963,28.164860332246114,113.1363196494371,85.39356484983799,111.98608029252219,80.02166446117592,15.896406091296937,0.0,19.138935296222026,0.8663959562778474,0.9369256973266602,0.8893585741519928,0.8484050750732423,0.8607314661145211,0.9737379312515259,,,,,,
36.260000000080176,189.55036520793527,28.510861263648422,113.65876275435183,85.3586008284832,112.07055365606874,80.0433187529679,16.49645119809865,0.0,19.180003821503245,0.86574986577034,0.9361683845520019,0.8835222721099854,0.8480269372463227,0.8602893605828286,0.9781116969883442,,,,,,
36.28000000008084,189.37977076542478,28.80707341056555,114.02543406282771,85.07506757025737,112.1571977846179,80.06495271076557,17.049931581315136,0.0,19.222504797185852,0.8654127001762391,0.9358670115470886,0.88065744638443,0.8477951288223267,0.8600339367985725,0.9752402290701866,,,,,,
36.3000000000815,189.26665749081678,29.051006465040594,114.1480018183798,84.68457785551676,112.24581031679277,80.08655617950339,17.572327681285334,0.0,19.26631256668915,0.8656009316444397,0.9363238930702209,0.8827023148536682,0.8478216886520387,0.8601014390587807,0.9738093972206116,,,,,,
36.32000000008217,189.22245015000223,29.24467030050502,114.01414843275427,84.1364693231564,112.3361842939185,80.10811901842752,18.054875487381597,0.0,19.311298458551793,0.8660717368125916,0.9370974898338318,0.8872941851615906,0.8480171918869019,0.8603646531701088,0.9740362882614135,,,,,,
36.34000000008283,189.2531188715217,29.38381714317779,113.66118719567805,83.50425187473485,112.42810864338405,80.12963110585592,18.47190772546736,0.0,19.357331099321755,0.8670544564723969,0.9386485815048218,0.8969165265560151,0.8484388411045075,0.8609252467751504,0.974477207660675,,,,,,
36.360000000083495,189.36138594627778,29.44808586981191,113.17289597792826,83.0012396057803,112.52136867161182,80.15108234392949,18.77495265843083,0.0,19.404276732733596,0.8684808135032654,0.9410900831222534,0.911224365234375,0.848956036567688,0.8616720691323281,0.975259792804718,,,,,,
36.38000000008416,189.545733493539,29.450410789608526,112.65406675017199,82.2377823343165,112.61574656548468,80.17246266335208,18.899477581155182,0.0,19.451999544421927,0.8703024983406067,0.9441412448883056,0.9268126964569092,0.8495239555835724,0.8626661852002144,0.9765233516693115,,,,,,
36.40000000008482,189.8016544581214,29.41133437832497,112.07803286066905,81.37232306861532,112.71102190105843,80.193762028117,18.872911239249767,0.0,19.50036199140673,0.8711060762405396,0.9469312429428101,0.9406325697898865,0.8496760845184327,0.8635202780365945,0.9777178168296814,,,,,,
36.42000000008549,190.1226448008448,29.342285120603176,111.37349643981156,80.78447059114353,112.80697215837219,80.21497044021805,18.771669786784923,0.0,19.549225135575373,0.8718431234359741,0.9495441794395447,0.9523425698280334,0.8497882187366486,0.8643168106675149,0.9788260459899902,,,,,,
36.44000000008615,190.50060508992567,29.253883558739897,110.58005360963114,80.34588736844334,112.90337324115411,80.23607794434251,18.608530951803292,0.0,19.598448980376663,0.8725489735603333,0.9520688652992249,0.9622883796691895,0.8498733401298524,0.8650909915566445,0.979887330532074,,,,,,
36.460000000086815,190.926078212574,29.156778130217027,109.78875188244248,79.82814363553122,113.00000000020857,80.2570746325443,18.357654116703976,0.0,19.647892809934802,0.8726589262485505,0.9536000251770019,0.9685985207557678,0.849884068965912,0.8657593384385109,0.980471384525299,,,,,,
36.48000000008748,191.3878087469593,29.061755916870396,109.03272226774921,79.29137733476642,113.09662675926256,80.27795064889477,18.029598107513714,0.0,19.697415529785637,0.8723653316497804,0.9546133160591126,0.972941780090332,0.8497877478599549,0.8708793058991433,0.9811470002867282,,,,,,
36.50000000008814,191.87377250285041,28.978957208645113,108.31128406247761,78.89598847171372,113.19302784204302,80.29869619410913,17.666076637687254,0.0,19.746876008433546,0.8720897912979126,0.9552701592445374,0.9755314946174621,0.8496424436569214,0.8723701119422913,0.9822603717446328,,,,,,
36.52000000008881,192.3683308335477,28.91743392209042,107.66403950753075,78.65253053367287,113.28897809935437,80.3193015301462,17.29355969913548,0.0,19.79613341892591,0.8724502205848694,0.9554468631744385,0.9759587526321412,0.8498537063598633,0.8716054767370225,0.9822884574532509,,,,,,
36.54000000008947,192.85382098105077,28.88483157245236,107.1662396175373,78.49523448539892,113.3842534349247,80.33975698477963,16.919890548174696,0.0,19.84504757964132,0.8731213212013245,0.9554916858673096,0.9762966871261597,0.8503666758537293,0.8709708809852601,0.9822426810860634,,,,,,
36.560000000090135,193.31243860634785,28.88671593904406,106.87224159114598,78.4440555108683,113.47863132879321,80.3600529561379,16.56310139892018,0.0,19.893479293490575,0.8737896800041199,0.9553674697875977,0.976402223110199,0.8509340941905976,0.8708811789751053,0.982132937014103,,,,,,
36.5800000000908,193.72853343549716,28.926010737390335,106.79688204697561,78.57888606965282,113.5718913570157,80.38017991721166,16.256108080355634,0.0,19.941290684732163,0.8745687723159791,0.9549980282783508,0.9762233257293701,0.851671850681305,0.8705655798316002,0.9819188371300698,,,,,,
36.60000000009146,194.08993224904484,29.003434551169832,106.94447091502865,78.91732689788462,113.663815706475,80.40012842032561,16.024589004798727,0.0,19.988345532610534,0.8752633392810822,0.9544897317886353,0.9758230686187744,0.8523912906646729,0.8692332446575165,0.9816584125161171,,,,,,
36.620000000092126,194.3886299110449,29.117614526906774,107.31906579314821,79.40500825706157,113.7541896835936,80.41988910157332,15.877450960869975,0.0,20.03450960103221,0.8756305754184723,0.9536157608032226,0.9740334749221802,0.8527943372726441,0.867037133872509,0.9812986150383949,,,,,,
36.64000000009279,194.6208085625636,29.265458501973857,107.90399914940082,79.99748446546111,113.8428022157604,80.4394526852127,15.818609752283955,0.0,20.079650963504413,0.8753332853317262,0.9521459579467774,0.9690052270889282,0.8524551153182984,0.8641403079032899,0.980799175798893,,,,,,
36.660000000093454,194.78600418070067,29.442793893408343,108.65857680861492,80.68050066290023,113.92944634430064,80.45880998802006,15.853969654476673,0.0,20.123640322571998,0.875211238861084,0.950541615486145,0.962775731086731,0.8523049712181092,0.8619262009859086,0.9802213802933692,,,,,,
36.68000000009412,194.88650033975782,29.64951438280311,109.53562904348716,81.35977104553619,114.0139197078374,80.47795192360077,15.985932756542681,0.0,20.166351323001205,0.874554193019867,0.9480239272117614,0.9532637357711792,0.852254205942154,0.8622091010212899,0.9812082514166832,,,,,,
36.70000000009478,194.92747987731167,29.891390797588112,110.46705828825928,81.93173692241503,114.09602501491602,80.49686950665438,16.225913756249234,0.0,20.207660857973686,0.8736521244049072,0.9452848434448242,0.9419442892074585,0.8521169900894165,0.8659848541021348,0.9846772149205207,,,,,,
36.720000000095446,194.9157750055538,30.1552878640163,111.37932675583505,82.57149756879795,114.17557050478744,80.51555385719243,16.590876690556154,0.0,20.247449367570294,0.8714488744735718,0.9417095065116883,0.9280993223190308,0.8515408635139465,0.8646567195653916,0.9817502290010452,,,,,,
36.74000000009611,194.8589609051409,30.421334640107915,112.280804789982,83.21570947543474,114.25237039527428,80.53399620470675,17.04717098682318,0.0,20.28560112884242,0.8695305228233338,0.9385444641113281,0.9144753098487854,0.8509803295135498,0.8634923785924912,0.9808507040143013,,,,,,
36.760000000096774,194.7680533976025,30.673860911331246,113.20054158319728,83.65755457098568,114.32624531667375,80.55218789228631,17.53391885440624,0.0,20.322004536788462,0.8681845903396607,0.9362125873565674,0.9011453032493592,0.8504801034927368,0.8627704709768296,0.9802496194839477,,,,,,
36.78000000009744,194.65652469075616,30.902352802111835,114.08367017345151,83.90948340858449,114.39702273068387,80.57012038068089,18.029628226659806,0.0,20.35655237557388,0.8670208215713502,0.9341392517089844,0.8894648790359497,0.8500468492507935,0.8621478468179703,0.9776253074407577,,,,,,
36.8000000000981,194.54036232812155,31.09945001131441,114.82619300013138,84.07970060020891,114.46453733337475,80.58778525230935,18.54292053689154,0.0,20.389142079356798,0.8661051630973816,0.9324665546417237,0.8803835809230804,0.8497067987918854,0.8616599053144456,0.9752200838178396,,,,,,
36.820000000098766,194.4374288403712,31.259827296262475,115.36256296805561,84.09685889692592,114.52863144126344,80.60517421521094,19.063504459718025,0.0,20.419675982104675,0.8655240297317506,0.9314000844955445,0.8747657239437103,0.8494863212108612,0.861347445845604,0.9740903660655021,,,,,,
36.84000000009943,194.3662847008948,31.377951910678487,115.66233196162366,83.85215004345875,114.58915535959117,80.62227910693757,19.56452269975756,0.0,20.448061555814203,0.8653783679008484,0.931076443195343,0.8733005642890931,0.8494500517845154,0.8612830251455308,0.9724481305107474,,,,,,
36.860000000100094,194.3437540728255,31.441906581090976,115.70821425901721,83.44960323386975,114.64596773194225,80.63909189838527,20.023548336323348,0.0,20.474211636572903,0.8657114505767822,0.9315422296524047,0.8762665927410126,0.8496291220188141,0.8615003854036332,0.970558500289917,,,,,,
36.88000000010076,194.380035320827,31.442111427603237,115.52195080353292,82.9604547797632,114.69893587038865,80.65560469756312,20.408296105792658,0.0,20.49804463793013,0.8665284156799317,0.9329128265380859,0.8840520262718201,0.8499825358390809,0.8619719237089157,0.9709794163703919,,,,,,
36.90000000010142,194.48188817174645,31.371127497796646,115.15918118135775,82.41957534601107,114.74793606538871,80.67180975329772,20.67512983569486,0.0,20.51948475107422,0.8678124189376831,0.9351276278495788,0.8967284440994263,0.8504984498023987,0.8626863569021226,0.9716975450515747,,,,,,
36.920000000102085,194.65134015667334,31.231026399255946,114.67500609838893,81.80386011080056,114.79285387471656,80.6876994588717,20.789131453024734,0.0,20.538462131344005,0.8694795906543732,0.9380695819854736,0.9133581280708313,0.8511084139347077,0.863573631644249,0.9727024793624878,,,,,,
36.94000000010275,194.88659621589903,31.033658700110546,114.08919214021537,81.15735612539743,114.83358439074722,80.7032663555943,20.750854721991555,0.0,20.55491307063452,0.8719096899032593,0.9420951128005981,0.9305914402008056,0.8518131136894227,0.8650450557470322,0.9748795986175537,,,,,,
36.96000000010341,195.1852589109551,30.792915694045863,113.39893113429223,80.62874126720537,114.87003248547325,80.71850313630247,20.590011293483137,0.0,20.56878015528985,0.8744008719921113,0.9459904551506042,0.9456254839897156,0.8525097727775575,0.8665855020284653,0.9770100116729736,,,,,,
36.98000000010408,195.54019284974706,30.521474384877184,112.62615214334204,80.21902967835933,114.90211303268055,80.733402648791,20.327431308572972,0.0,20.580012409110193,0.8751217067241669,0.9487263917922973,0.9568786144256591,0.8525818228721619,0.8684593126177789,0.9781949400901795,,,,,,
37.00000000010474,195.9429204479053,30.233975893902898,111.81343797327064,79.82412715902947,114.92975110676466,80.74795789916966,19.97101941286192,0.0,20.588565421134884,0.8759063124656677,0.9509427309036255,0.9653403282165527,0.852917218208313,0.8729071706533432,0.980431267619133,,,,,,
37.020000000105405,196.3839738217849,29.9445567852032,110.98795551046712,79.45289833999439,114.95288215772294,80.76216205514626,19.539834545614273,0.0,20.594401457898854,0.8767163574695588,0.952266788482666,0.9708009719848633,0.8537158310413361,0.8746730357408524,0.9808255642652511,,,,,,
37.04000000010607,196.85154159271264,29.668104495793738,110.16888676169422,79.15461960802645,114.97145216191409,80.77600844923367,19.062775363589573,0.0,20.597489559896317,0.8774736225605011,0.9532955050468445,0.9746939659118652,0.8544574022293091,0.8761367946863174,0.9811205357313156,,,,,,
37.06000000010673,197.33275119649252,29.418566213110132,109.39714662797485,78.93045038027861,114.98541774823285,80.78949058187965,18.56358319720685,0.0,20.59780562202249,0.8778715670108795,0.9537169933319092,0.9758516907691955,0.8547440230846406,0.8762369066476823,0.981239315867424,,,,,,
37.0800000001074,197.80932147704956,29.208543544664902,108.73543464485321,78.76969955823164,114.99474629940529,80.80260212451768,18.06120266777081,0.0,20.59533245780176,0.8783107459545136,0.9538079977035523,0.9761497259140015,0.8550697326660157,0.8761473312973976,0.9812326163053513,,,,,,
37.10000000010806,198.26148069820334,29.047663645891635,108.24180645891211,78.7044022936782,114.9994160281679,80.8153369225377,17.58001110689022,0.0,20.59005984724828,0.8788815021514893,0.9536791563034057,0.9762080192565918,0.8555768191814423,0.8761870324611665,0.9811275929212571,,,,,,
37.120000000108725,198.6708646011854,28.94239535789706,107.95556462698883,78.7853626962901,114.9994160281528,80.82768899817505,17.150017712688456,0.0,20.581984568243993,0.8795364797115326,0.9533320188522338,0.9760125160217286,0.8562278807163239,0.8758636802434921,0.9809287041425705,,,,,,
37.14000000010939,199.02194808322815,28.89555375804994,107.90011777557288,79.03685472682155,114.99474629935997,80.83965255331648,16.79730679816297,0.0,20.57111041135685,0.8801976799964906,0.9527672290802002,0.9754716396331787,0.856944626569748,0.8748780578374863,0.9806436866521835,,,,,,
37.16000000011005,199.30316865765388,28.906496438152963,108.08630771458833,79.44445829528483,114.98541774815743,80.85122197222178,16.538043976158974,0.0,20.557448178061634,0.8802053213119507,0.951485812664032,0.9716330289840698,0.8568881392478943,0.8722654059529305,0.9801700085401535,,,,,,
37.18000000011072,199.50785352159428,28.971635123583024,108.50471240713377,79.98171718251373,114.97145216180874,80.86239182415989,16.38122747162648,0.0,20.54101566236371,0.8799636483192445,0.9499549508094788,0.966242003440857,0.8565894842147828,0.8693118900060655,0.9796303480863571,,,,,,
37.20000000011138,199.6338736879264,29.085348167637537,109.1254866785024,80.62388945623513,114.95288215758792,80.873156865958,16.331902528704752,0.0,20.521837615865966,0.8786118149757386,0.9475794553756713,0.9574219107627868,0.8557297825813294,0.8659115687012673,0.9787199944257736,,,,,,
37.220000000112044,199.68279175202247,29.246909587134656,109.9061559846068,81.25787357809402,114.92975110660028,80.88351204446286,16.391430394909968,0.0,20.499945696356885,0.8749151110649109,0.9436755299568176,0.9435637831687927,0.853944206237793,0.8616836808621884,0.9767553299665451,,,,,,
37.24000000011271,199.65923078282276,29.462924553296396,110.7695364499986,81.79184602045827,114.90211303248718,80.89345249891265,16.57620765323748,0.0,20.475378400037293,0.8721534729003907,0.9395366191864014,0.927947723865509,0.8530608773231507,0.8635336875915528,0.9781475998461246,,,,,,
37.26000000011337,199.57060624129397,29.715014431091962,111.6323855404115,82.45643563148528,114.87003248525136,80.90297356321864,16.906916341865973,0.0,20.448180977540837,0.8697892725467682,0.9353090763092041,0.9111557841300965,0.8524688482284546,0.8647285506129265,0.9773793131113052,,,,,,
37.280000000114036,199.4276264466616,29.976267195643494,112.51002582054029,83.15142843923898,114.83358439049732,80.9120707681555,17.338679035168465,0.0,20.418405333941635,0.8679745197296143,0.9318719983100892,0.8927993953227997,0.8518543839454651,0.8637922748923302,0.9775477066636086,,,,,,
37.3000000001147,199.24413348623045,30.22563966053143,113.43573008966337,83.61662407028645,114.79285387443923,80.9207398434592,17.796995794940837,0.0,20.386109912980142,0.8662410259246827,0.9284823656082153,0.8755063176155091,0.8512583494186402,0.8628949329257012,0.9767339549958706,,,,,,
37.320000000115364,199.03835562650335,30.445282746486924,114.33249520603657,83.91741593964522,114.74793606508462,80.92897671983144,18.259449746443554,0.0,20.3513595657748,0.8646817207336426,0.9253228545188904,0.8609681248664857,0.8507223427295685,0.8620908543467523,0.9733443073928356,,,,,,
37.34000000011603,198.83279681545696,30.617032252125913,115.07739149575134,84.19618140436626,114.69893587005849,80.93677753084978,18.73078897025637,0.0,20.314225404323796,0.8634352684020996,0.9227530479431152,0.8504817605018616,0.8502833127975464,0.8614424511790276,0.9707988899201154,,,,,,
37.36000000011669,198.64979903628165,30.73033755684288,115.60702488075826,84.28043481895162,114.6459677315868,80.94413861478264,19.18643655883805,0.0,20.274784640136794,0.8626107692718507,0.921088719367981,0.8442544996738435,0.8499689340591431,0.860997311770916,0.9700366914272308,,,,,,
37.380000000117356,198.5103648562451,30.77965119558106,115.88487520137306,84.03292070790069,114.58915535921125,80.95105651630804,19.599490860392685,0.0,20.233120408371224,0.8623252630233765,0.9204730987548828,0.8421886622905732,0.849871027469635,0.8608512446284294,0.9678843777626753,,,,,,
37.40000000011802,198.43048854070437,30.757855217985416,115.87444774521573,83.6103555768708,114.52863144085994,80.9575279881356,19.96734001529679,0.0,20.189321577881728,0.8626120567321778,0.9209449648857116,0.8441168725490571,0.8500182747840882,0.8610330864787102,0.9651630163192749,,,,,,
37.420000000118684,198.42043965494875,30.655074125240557,115.59287941348181,83.16767878499401,114.46453733294861,80.96354999253077,20.27535085658918,0.0,20.14348254762462,0.8634642958641052,0.9225880861282348,0.8504626750946045,0.8503697574138642,0.8615124568343163,0.9657411336898803,,,,,,
37.44000000011935,198.48509422351626,30.459851673018413,115.12714083578301,82.71446253392735,114.3970227302361,80.96911970274084,20.472363762002548,0.0,20.095703029890768,0.864818024635315,0.9252856016159058,0.8617786645889283,0.8508787393569947,0.8622403904795647,0.9667360424995423,,,,,,
37.46000000012001,198.62449218225686,30.174590137192276,114.56937623455416,82.1169481657648,114.32624531620537,80.97423450432176,20.50510085513185,0.0,20.04608782087157,0.8665869593620301,0.9288803696632385,0.8784703016281128,0.8514797866344452,0.8631484970450402,0.9681091070175171,,,,,,
37.480000000120675,198.83450005522792,29.816376700954372,113.9378124822798,81.45331876498349,114.25237039478641,80.9788919963654,20.378335449190324,0.0,19.994746559092256,0.8685815691947938,0.9327472686767578,0.8985209703445435,0.8521665871143341,0.8641834422945976,0.9695558547973633,,,,,,
37.50000000012134,199.1107801452217,29.401998696675218,113.20905876721369,80.99823892295251,114.17557050428121,80.98308999262655,20.13954247545945,0.0,19.941793472275158,0.8708842456340791,0.9369379758834839,0.9186798453330994,0.8528852105140686,0.8654746219515801,0.9715117692947388,,,,,,
37.520000000122,199.44450520222293,28.946480990017918,112.41263012212963,80.7121333187259,114.09602501439261,80.9868265225491,19.80690590705727,0.0,19.88734711322279,0.8733709335327149,0.9412202596664428,0.9353059649467468,0.8535264730453491,0.866979967057705,0.9740094900131225,,,,,,
37.54000000012267,199.8256002682298,28.469934913819603,111.61062460864883,80.38419456884682,114.01391970729803,80.9900998321911,19.374135514492448,0.0,19.83153008533639,0.8764567852020264,0.9445253133773803,0.9477408051490783,0.8549864828586579,0.8722538501024246,0.9771017798222601,,,,,,
37.56000000012333,200.24309175605353,27.993142652835253,110.81968536249121,80.05338011499398,113.92944634374658,80.99290838504805,18.86362155826912,0.0,19.774468758409803,0.8791054546833039,0.9470133066177369,0.9564992904663085,0.8563332796096802,0.8750491634011269,0.9784761365503073,,,,,,
37.580000000123995,200.68550114341076,27.535696043396623,110.02656929346928,79.82699385247373,113.84280221519293,80.9952508627741,18.317854537336068,0.0,19.716292975361526,0.8805693984031677,0.948460066318512,0.9619391798973084,0.8572304785251618,0.8766759514808655,0.979070084914565,,,,,,
37.60000000012466,201.1325848007591,27.116661039308237,109.31725360395691,79.69060971717768,113.75418968301405,80.99712616580092,17.763162361515587,0.0,19.657135750588964,0.8813388288021088,0.949168038368225,0.964916729927063,0.8578314781188965,0.8767466217279435,0.9793016489595174,,,,,,
37.62000000012532,201.56804842211355,26.752598878997546,108.72263346167807,79.62078976333167,113.66381570588473,80.99853341385385,17.218358208524897,0.0,19.597132960648587,0.881843501329422,0.9492576241493225,0.9657944083213806,0.8583079218864441,0.876573170721531,0.9792793687433005,,,,,,
37.64000000012599,201.98907641662362,26.457799845673332,108.19515649494193,79.61542120299104,113.57189135641609,80.99947194636506,16.70298595661713,0.0,19.536423027983915,0.8822182655334473,0.948968482017517,0.9651666164398194,0.8586453795433044,0.876209880411625,0.9791298922151327,,,,,,
37.66000000012665,202.39150128907454,26.24286377844158,107.71091041398579,79.62940494013998,113.47863132818566,80.99994132278367,16.224756357788653,0.0,19.475146598439363,0.8824223756790162,0.94839506149292,0.9634052753448487,0.8588406980037689,0.8755267620086671,0.9788814123719931,,,,,,
37.680000000127315,202.761741338448,26.113452094978186,107.33030344453523,79.62120281781816,113.38425343431062,80.99994132278255,15.783744053352342,0.0,19.41344621331281,0.881798815727234,0.9472334504127502,0.960171389579773,0.8586897134780884,0.8748471021652222,0.978282218798995,,,,,,
37.70000000012798,203.0696816531981,26.070037457242787,107.19207144069854,79.6744985393802,113.28897809873519,80.99947194636167,15.40004501680862,0.0,19.351465976712664,0.8806919276714326,0.9457749962806702,0.9560372948646545,0.858311676979065,0.8742805689573289,0.9774770554155111,,,,,,
37.72000000012864,203.30446315367865,26.10860693914714,107.25646615533277,79.94433994623583,113.1930278414202,80.99853341384821,15.116994668675066,0.0,19.289351218995947,0.8790250182151795,0.9438282132148743,0.9498631954193115,0.8576121211051941,0.8723674982786179,0.9764170225709676,,,,,,
37.74000000012931,203.46097538785318,26.22390462392989,107.5040126106674,80.40742882719306,113.09662675863754,80.99712616579302,14.949308573992488,0.0,19.227248157073802,0.8767236053943634,0.941422700881958,0.941209590435028,0.8564942002296448,0.8682656690478325,0.9751277025789022,,,,,,
37.76000000012997,203.53888306938882,26.418597129989767,107.93960510260314,80.84751630272872,112.99999999958284,80.99525086276395,14.880822383811225,0.0,19.165303552377562,0.8740062117576599,0.9385897159576416,0.9300997853279114,0.8551283657550812,0.8640084251761437,0.9735958155244588,,,,,,
37.780000000130634,203.54250514125573,26.69174483799847,108.49254934309161,81.18839494643397,112.9033732405291,80.99290838503565,14.924112519327545,0.0,19.103664367284797,0.8710074543952943,0.9353137135505676,0.9165805578231812,0.8536252617835999,0.8617251574993134,0.9717824872583151,,,,,,
37.8000000001313,203.48119082853452,27.01054809391083,109.05243931625637,81.74804110460083,112.80697215774937,80.99009983217645,15.110521641599698,0.0,19.042477420807895,0.8692623734474183,0.9322651147842407,0.9026503562927246,0.8530555844306946,0.8636178821325302,0.9722508452832699,,,,,,
37.82000000013196,203.3679006441916,27.336169747894203,109.645310502925,82.41214537928911,112.71102190043925,80.98682652253221,15.389006340700849,0.0,18.981889044349977,0.867658817768097,0.9293381929397583,0.8866890192031861,0.8524410605430603,0.8641894593834878,0.9749573290348053,,,,,,
37.840000000132626,203.2185879730234,27.6391678979558,110.33117845816908,82.8588306335689,112.61574656487059,80.98308999260745,15.669941006841752,0.0,18.922044738332737,0.8660695433616639,0.9263842940330506,0.8714020371437073,0.8518166244029999,0.8633073583245278,0.9750861071050168,,,,,,
37.86000000013329,203.05283757442535,27.898824302324975,111.0239340892601,83.14991393514258,112.52136867100427,80.97889199634409,15.935486093726508,0.0,18.863088830498963,0.8646191358566284,0.9236379384994506,0.8584875881671906,0.8512355327606201,0.8624973431229592,0.9720304653048515,,,,,,
37.880000000133954,202.89047925291007,28.09916096137125,111.5786515466142,83.49240792433696,112.42810864278442,80.97423450429824,16.211105708184977,0.0,18.80516413668848,0.8634671807289124,0.9214922308921814,0.8492771327495575,0.8507430613040925,0.8618338480591774,0.9698051542043686,,,,,,
37.90000000013462,202.7504637374986,28.229929058292605,111.95296860847374,83.7741565528601,112.33618429332824,80.96911970271512,16.47788435693658,0.0,18.74841162488115,0.862689620256424,0.92018141746521,0.8437554299831391,0.8503557920455933,0.8613477841019631,0.9700125925242901,,,,,,
37.92000000013528,202.64951441707993,28.28789704264496,112.16597485013448,83.77754973615912,112.24581031621322,80.96354999250286,16.691501071642204,0.0,18.692970083292334,0.8624027669429779,0.9199665307998657,0.8420881271362305,0.8501219630241394,0.861103530228138,0.9695367477834225,,,,,,
37.940000000135946,202.59915949201996,28.273900905842375,112.19332527850742,83.55933089443182,112.15719778405044,80.95752798810553,16.846907409220016,0.0,18.638975793297462,0.8626176059246063,0.920811939239502,0.8440124273300171,0.8500685811042786,0.8611223950982094,0.96723712105304,,,,,,
37.96000000013661,202.6060914744835,28.192691180695125,112.00088246719756,83.24855897722472,112.07055365551467,80.95105651627581,16.964046789314676,0.0,18.58656220795097,0.8633272171020508,0.9227334499359131,0.8498525679111482,0.8501756846904756,0.8613879457116127,0.9659489154815674,,,,,,
37.980000000137274,202.67402642372903,28.050079655470793,111.60728591647323,82.87042847905514,111.98608029198282,80.94413861474827,17.045725241307032,0.0,18.53585963685178,0.8644588887691498,0.925457239151001,0.8597456455230713,0.8504417717456818,0.8618802979588509,0.9671158790588379,,,,,,
38.00000000013794,202.80423945308848,27.846144918407337,111.08026528966863,82.45498620146819,111.90397498490951,80.93677753081329,17.07030277241744,0.0,18.48699493809318,0.8659051060676575,0.9287144184112549,0.8735363841056825,0.8508253574371338,0.8625421062111855,0.968452763557434,,,,,,
38.0200000001386,202.99357167590202,27.591471098361975,110.49305048427254,81.92800750354282,111.82442949504382,80.92897671979283,17.01144777330836,0.0,18.44009121801816,0.8674596548080444,0.9320477485656739,0.8893769145011902,0.851255339384079,0.8632680848240852,0.9697850108146667,,,,,,
38.040000000139266,203.23707261539215,27.295812163955617,109.86998256193148,81.43440804608544,111.7476296045631,80.92073984341852,16.872791569749,0.0,18.395267539483292,0.8690724611282349,0.9352707862854004,0.9060124516487121,0.8517416596412659,0.8640530422329903,0.9710229158401489,,,,,,
38.06000000013993,203.52785480809533,26.966632716029277,109.23319152471687,81.08486946380839,111.67375468317013,80.91207076811274,16.661943166707914,0.0,18.352638639314595,0.8708148956298829,0.9385253667831421,0.920695173740387,0.8522038877010346,0.8650010481476784,0.972645926475525,,,,,,
38.08000000014059,203.8593559161388,26.617258962603195,108.63098996808986,80.76587951739842,111.60297726916687,80.90297356317382,16.36942193070041,0.0,18.31231465561731,0.8724524140357972,0.9413823008537292,0.9318170666694641,0.8526030778884888,0.8659690454602242,0.9742950558662414,,,,,,
38.10000000014126,204.2222244931805,26.266221499422457,108.07760644916299,80.44442684272612,111.53546266648321,80.89345249886581,16.003925618540887,0.0,18.27440086557862,0.8737008213996887,0.9434413075447082,0.9396302103996277,0.8529258251190186,0.8680262804031372,0.9754525899887085,,,,,,
38.12000000014192,204.60657562519285,25.931002413681917,107.54637436466824,80.21523668351047,111.47136855860205,80.88351204441402,15.601120657164003,0.0,18.238997434378238,0.8747929334640503,0.9451666831970215,0.9459517359733581,0.8532190918922424,0.8706015303730965,0.977962557785213,,,,,,
38.140000000142585,204.99508092307366,25.628116279065193,107.0900720970156,80.09921813912064,111.41084464028219,80.87315686590716,15.18923580942474,0.0,18.206199175795444,0.8756249606609345,0.9464234352111817,0.9504194378852844,0.8534544467926026,0.8702438145875931,0.9786430163308978,,,,,,
38.16000000014325,205.37815651055186,25.37167893567786,106.70874624001483,80.06399518076908,111.35403226793926,80.86239182410708,14.783843237387721,0.0,18.176095325074435,0.8759892761707306,0.946948254108429,0.9526496529579163,0.8536298155784607,0.8694739803671837,0.9788739485666156,,,,,,
38.18000000014391,205.75200627407156,25.17316289755518,106.37566902610334,80.06892788718267,111.30106412950128,80.85122197216705,14.393617859638795,0.0,18.148769324581153,0.8762795925140381,0.9470796227455139,0.9534004211425782,0.8538496851921082,0.8689789339900017,0.9789083285257221,,,,,,
38.20000000014458,206.11365834882736,25.041130011844835,106.07448411863531,80.0808251963169,111.25206393450992,80.83965255325984,14.023187130897046,0.0,18.124298622754903,0.8763316750526429,0.9470505475997925,0.953360116481781,0.8538990378379823,0.8686257794499398,0.9788904471322895,,,,,,
38.22000000014524,206.46087832461356,24.980298896701424,105.78972930190922,80.09221310609249,111.207146125191,80.82768899811653,13.678500982898786,0.0,18.102754486827166,0.8761925756931306,0.9468799114227295,0.9526423573493957,0.8538138151168824,0.8683963358402252,0.9788247151300311,,,,,,
38.240000000145905,206.77781379536313,24.9916251382744,105.6097251949827,80.11193264452643,111.16641560916948,80.81533692247731,13.367423067676823,0.0,18.084201829748178,0.8759249448776245,0.9467055082321167,0.9517639636993408,0.8536210000514984,0.8681081339716912,0.9787686629220843,,,,,,
38.26000000014657,207.04817079358818,25.072932072064454,105.5837316304651,80.22466624511908,111.1299675144528,80.80260212445546,13.114046368017156,0.0,18.068699051728515,0.87557612657547,0.9462812781333924,0.9500787496566773,0.8534702301025391,0.8677469909191132,0.9785586042329669,,,,,,
38.28000000014723,207.266234405442,25.218675904279934,105.68348990768612,80.4930659083258,111.09788696725501,80.78949058181563,12.94338493351807,0.0,18.05629789676889,0.8749308943748475,0.9454231262207031,0.9467708945274353,0.8532385349273682,0.8663478881120682,0.9781072897836566,,,,,,
38.3000000001479,207.42964390282364,25.420747031466146,105.91655481182914,80.84877615093154,111.07024889318055,80.77600844916789,12.852230878571222,0.0,18.047043324516785,0.8740300416946412,0.9441966056823731,0.9418924927711487,0.8529185414314271,0.8641196459531785,0.9774556202813983,,,,,,
38.32000000014856,207.53905702213473,25.67073543082149,106.28710590375194,81.21729637649455,111.04711784223205,80.76216205507875,12.827810755678781,0.0,18.040973397752417,0.8729095160961151,0.9426258563995361,0.9354161620140076,0.8525252699851991,0.8632973939180375,0.977493641152978,,,,,,
38.340000000149224,207.59795316836127,25.959465215604666,106.75643272085233,81.6128472158131,111.0285478380508,80.74795789910044,12.871673702232563,0.0,18.038119185770466,0.87160604596138,0.9407546997070313,0.9273797512054444,0.8520660400390625,0.8652519464492798,0.9795114822685719,,,,,,
38.36000000014989,207.61231707914405,26.277532695849107,107.27572406461186,82.00709685802249,111.014582251742,80.7334026487201,12.987795235889024,0.0,18.038504683886774,0.8702809095382691,0.9388651251792908,0.9188230156898498,0.851573145389557,0.8643488228321076,0.9788316674530506,,,,,,
38.38000000015055,207.58996459180398,26.618800489097676,107.79759115405322,82.3271348367499,111.0052537005796,80.71850313622994,13.177512473347901,0.0,18.04214674926182,0.8691079437732697,0.9371441006660461,0.9092518091201782,0.85107741355896,0.8635988950729371,0.9782114785164595,,,,,,
38.400000000151216,207.54156939292818,26.961929030820233,108.27758888751734,82.67470821908019,111.00058397182706,80.70326635552014,13.439203550099709,0.0,18.049055053194582,0.8681378364562988,0.9356654047966003,0.8999327540397645,0.850634241104126,0.8630175054073335,0.9771204113960266,,,,,,
38.42000000015188,207.4788915799963,27.28567443831717,108.72748847922526,82.99662944806963,111.00058397185225,80.68769945879599,13.737643191326969,0.0,18.05923205000215,0.8672489047050477,0.934348177909851,0.8914327979087829,0.8502049803733827,0.8624693393707276,0.9771248519420623,,,,,,
38.440000000152544,207.41400283940527,27.577219660342607,109.1568204406785,83.15564590637007,111.00525370065513,80.67180975322047,14.030256611486852,0.0,18.07267296256189,0.866548627614975,0.9333742022514343,0.8849008083343506,0.8498380959033967,0.8620176374912263,0.9767187610268593,,,,,,
38.46000000015321,207.3601865660336,27.831271023276088,109.50073386720412,83.17734797778598,111.01458225186771,80.65560469748436,14.313173711230576,0.0,18.08936578455375,0.8661286056041718,0.9329681396484375,0.8813028573989868,0.8495525002479554,0.8616994142532349,0.975124043226242,,,,,,
38.48000000015387,207.3300137809548,28.045690958091637,109.68130527488354,83.14332224288626,111.02854783822637,80.63909189830507,14.600702730269234,0.0,18.10929129940196,0.8660211920738221,0.9331838726997376,0.8808701992034913,0.849365770816803,0.8615351796150208,0.9739849884063005,,,,,,
38.500000000154536,207.3343761752011,28.214861825902144,109.6924352822897,83.06188655385914,111.0471178424571,80.62227910685594,14.88024605210206,0.0,18.132423115876037,0.8662166357040406,0.9339613437652587,0.8834368705749512,0.8492884099483491,0.861529552936554,0.9738409131765365,,,,,,
38.5200000001552,207.38187033287588,28.334539187369483,109.58747704878138,82.83487016617202,111.07024889345452,80.60517421512792,15.11172225523346,0.0,18.15872772027213,0.8667171955108643,0.9352954030036926,0.889091956615448,0.8493191778659821,0.8616820573806763,0.973956096265465,,,,,,
38.540000000155864,207.4764793308184,28.407251786180247,109.39174429756072,82.44454579227626,111.09788696757728,80.58778525222498,15.273875745176625,0.0,18.18816454505766,0.8675078868865967,0.9370889902114868,0.8976678967475892,0.8494685649871827,0.8619967401027679,0.9731981992721558,,,,,,
38.56000000015653,207.6202725485217,28.43711678607421,109.08710516419183,82.04390978216362,111.12996751482261,80.57012038059521,15.378822862269729,0.0,18.220686053822998,0.868515419960022,0.9391752004623413,0.908320438861847,0.8497126460075379,0.8624376893043518,0.9739960908889771,,,,,,
38.58000000015719,207.8128894538681,28.427363704881028,108.68894995284903,81.70964181778915,111.16641560958598,80.55218789219937,15.428939242855288,0.0,18.25623784234683,0.8696285843849183,0.941357147693634,0.9196406483650208,0.8500030279159546,0.862943333387375,0.9748144268989563,,,,,,
38.600000000157856,208.05181320523727,28.385036843789443,108.25803723988791,81.33443426288594,111.20714612565321,80.53399620461857,15.402311112075504,0.0,18.294758755543363,0.8712008059024812,0.9441542744636535,0.9306321620941163,0.8503352522850037,0.8638184130191804,0.9763723731040954,,,,,,
38.62000000015852,208.33288054712514,28.32185159959523,107.8193995276281,80.88340474132558,111.25206393501675,80.51555385710307,15.296596594262256,0.0,18.336181020023417,0.8717759191989899,0.9460843801498413,0.9390876293182373,0.8503657579421997,0.8642952382564545,0.9772783517837524,,,,,,
38.64000000015918,208.6507587785692,28.248772277009856,107.3460879829448,80.4892542885102,111.30106413005157,80.49686950656387,15.14349628538516,0.0,18.380430391964396,0.8721449851989747,0.9478461265563964,0.9468676447868347,0.8503430843353272,0.8647150933742523,0.9780423045158386,,,,,,
38.66000000015985,208.9988912025074,28.173471139893497,106.84009914221622,80.21239046970173,111.3540322685317,80.47795192350917,14.963507588179093,0.0,18.427426319948598,0.8724947273731232,0.9494096517562867,0.953376567363739,0.8503343045711518,0.865111380815506,0.9787136912345886,,,,,,
38.68000000016051,209.3701756473598,28.104655954547937,106.35767223397076,79.94450318134098,111.4108446409154,80.45880998792741,14.746987660355641,0.0,18.47708212239478,0.8728140830993653,0.9507185339927673,0.9585163831710816,0.8503431677818298,0.8679847717285156,0.9808231512084603,,,,,,
38.700000000161175,209.75539844209652,28.050743039839148,105.94008729800035,79.66408941596725,111.47136855927457,80.43945268511902,14.493751035208069,0.0,18.52930517917333,0.8731082797050477,0.9518140077590942,0.9625927329063415,0.8503683090209961,0.8683849096298218,0.9813979759812355,,,,,,
38.72000000016184,210.14293937386284,28.019483521641124,105.59271343652344,79.46636733706423,111.53546266719344,80.41988910147867,14.2299364501473,0.0,18.58399713696271,0.8732640862464905,0.9526301741600036,0.9655343294143677,0.8503607273101808,0.8688080713152886,0.9817360535264015,,,,,,
38.7400000001625,210.52032055105434,28.016790520004083,105.33115222576312,79.405362502255,111.60297726991317,80.40012842023003,13.981589588834552,0.0,18.641054127872806,0.8731067538261414,0.9530059933662415,0.9670841455459595,0.8502664327621461,0.8681219086050987,0.9818755045533181,,,,,,
38.76000000016317,210.8748520882145,28.046756895540934,105.20140275931247,79.45108812699311,111.67375468395075,80.38017991711521,13.75855071307254,0.0,18.700367000829488,0.8730404019355774,0.9531757473945618,0.9677899599075317,0.8502295374870301,0.8668206840753556,0.9819374099373818,,,,,,
38.78000000016383,211.1944084265252,28.111678823047342,105.24226409278558,79.58823097095029,111.74762960537622,80.3600529560406,13.569871614941906,0.0,18.761821565185677,0.8730738997459412,0.9531063199043274,0.9675304412841796,0.8502521097660065,0.8657305985689163,0.9819107666611672,,,,,,
38.800000000164495,211.46836412779876,28.2123827734186,105.45989559740988,79.85301360220677,111.82442949588754,80.33975698468154,13.435482358441602,0.0,18.825298845994688,0.8731885313987733,0.9528115510940551,0.9662896752357483,0.8503156065940858,0.864688915014267,0.981803311407566,,,,,,
38.82000000016516,211.68829521747034,28.348071871141023,105.84865741862349,80.26574337797767,111.90397498578186,80.31930153004737,13.374072266178771,0.0,18.890675350355657,0.8731369853019715,0.9521172523498536,0.9635736227035523,0.850332534313202,0.8631024241447449,0.9815295115113258,,,,,,
38.84000000016582,211.84861737511767,28.516421485168955,106.408852033786,80.79094836994017,111.98608029288177,80.2986961940096,13.391492190861575,0.0,18.95782334421381,0.8727106928825379,0.9508489608764649,0.9587260246276855,0.8502357423305512,0.8610760167241097,0.9810021296143532,,,,,,
38.86000000016649,211.94694620850586,28.71414318584252,107.13055618967539,81.38653388572358,112.07055365643811,80.2779506487946,13.487873077443217,0.0,19.02661113897495,0.872167181968689,0.9492268800735474,0.95197092294693,0.8501061558723451,0.8644924715161324,0.9855590015649796,,,,,,
38.88000000016715,211.9842852077018,28.93690610278053,107.98105130504571,82.03844838881271,112.15719778499621,80.25707463244352,13.666141623721852,0.0,19.096903387270114,0.8715264260768891,0.947338604927063,0.9433474659919738,0.849939376115799,0.8641448110342026,0.9859287023544312,,,,,,
38.900000000167815,211.96482769840094,29.1794815474994,108.918411087406,82.72845228142636,112.24581031717912,80.23607794424116,13.927389973917206,0.0,19.168561387185086,0.870822823047638,0.9453088879585266,0.9332609295845031,0.8497375786304474,0.8634107977151871,0.9857780642807483,,,,,,
38.92000000016848,211.89393119379673,29.44055455065172,109.90197842058059,83.35140379470614,112.33618429431202,80.21497044011619,14.266341928041639,0.0,19.241443394249988,0.8695226073265077,0.9428505539894104,0.9213803768157959,0.8493218243122101,0.8624315291643143,0.9851351231336594,,,,,,
38.94000000016914,211.78112736180577,29.723668226667822,110.85796246328987,83.82064016697908,112.42810864378379,80.19376202801469,14.690944813179115,0.0,19.315404940465747,0.8682105541229248,0.9408845186233521,0.9089578866958619,0.8487637341022491,0.8616817981004715,0.9840499691665172,,,,,,
38.960000000169806,211.6394380530287,30.013854598926745,111.70044966270241,84.29293144153202,112.52136867201686,80.17246266324935,15.215650002481166,0.0,19.390299159628018,0.8669830918312074,0.9389649391174316,0.8969169080257416,0.848251223564148,0.8609902650117874,0.9820724070072174,,,,,,
38.98000000017047,211.48250982798217,30.297453865870516,112.42731440920298,84.62878394983116,112.61574656589407,80.1510823438264,15.80539415383566,0.0,19.465977118194495,0.8659022450447083,0.9373042345046997,0.8864028036594391,0.8477729082107545,0.8603637605905533,0.9817648611962795,,,,,,
39.000000000171134,211.3270945212308,30.563729591993045,113.04086751101913,84.66532883906483,112.7110219014712,80.12963110575251,16.411431159352546,0.0,19.542288150928417,0.865093469619751,0.9360103845596314,0.8786231994628907,0.8474237442016602,0.8599027663469315,0.9801271419972182,,,,,,
39.0200000001718,211.19092781960873,30.801917985578083,113.47721249276543,84.48878347163415,112.8069721587874,80.10811901832383,17.020549836066667,0.0,19.619080200540264,0.8646063685417176,0.9351889133453369,0.8739891111850739,0.8472242295742035,0.8596335262060166,0.9769221182912589,,,,,,
39.04000000017246,211.09097834742627,30.99917990689493,113.68458848849026,84.23818635831802,112.90337324157079,80.08655617939948,17.623146567418623,0.0,19.696200160539902,0.8645063638687134,0.9349813222885132,0.8729936540126801,0.8471964776515961,0.8595878988504411,0.9747038533911109,,,,,,
39.060000000173126,211.04137465046074,31.143191878759506,113.68974305377499,83.86733788120908,113.00000000062573,80.0649527106615,18.17325291053628,0.0,19.77349422050451,0.8648118555545807,0.9354915618896484,0.8758655190467834,0.8473242342472077,0.8597585886716843,0.9740828627720475,,,,,,
39.08000000017379,211.05219735859538,31.227348973591667,113.54248502846656,83.2907191922696,113.09662675967922,80.04331875286371,18.616737040170356,0.0,19.850808212961415,0.8655514121055603,0.9367488741874694,0.8830125153064728,0.8476203739643098,0.8601628631353379,0.9741114854812623,,,,,,
39.100000000174454,211.12919845887603,31.253929496848624,113.2496334028782,82.5732624345299,113.19302784245824,80.02166446107165,18.937299272965873,0.0,19.92798796108152,0.8667038977146149,0.9386737227439881,0.8944120466709137,0.8480787336826325,0.8607923477888108,0.9746900916099548,,,,,,
39.12000000017512,211.27420962900212,31.22453406044145,112.800471203628,81.93812352871142,113.28897809976715,79.9999999998957,19.14734003293373,0.0,20.004879626377228,0.8682066440582276,0.9411380529403687,0.9093511462211609,0.848664265871048,0.8616074651479722,0.9754388093948364,,,,,,
39.14000000017578,211.4856743449102,31.140247677152413,112.23689441618146,81.4261656981557,113.3842534353341,79.97833553871982,19.237225911374082,0.0,20.081330055598436,0.8699713826179505,0.944055438041687,0.9254410028457641,0.849273020029068,0.8625835865736008,0.9765136957168579,,,,,,
39.160000000176446,211.7592244214207,31.0108217103404,111.6304370514804,80.86449282936371,113.47863132919825,79.95668124692791,19.18007999936975,0.0,20.157187126022354,0.8706549108028412,0.946795916557312,0.9388615250587463,0.8493393540382386,0.8633233219385148,0.9776951313018799,,,,,,
39.18000000017711,212.08837968613105,30.852889052697318,110.99662769598616,80.23749047567303,113.57189135741544,79.93504728913037,18.98934745419639,0.0,20.232300088336437,0.8713119864463806,0.9492711544036865,0.9500928521156311,0.849415123462677,0.8640365451574326,0.9787474870681763,,,,,,
39.20000000017777,212.46517643282746,30.682507724801464,110.29930031558389,79.72627915538347,113.66381570686852,79.91344382039271,18.721627485071423,0.0,20.30651990631949,0.8719746828079225,0.9516102910041809,0.9596725344657898,0.8495044767856599,0.8647576004266739,0.9797297358512879,,,,,,
39.22000000017844,212.88051474363704,30.510830871506624,109.54019285870977,79.38676148647005,113.75418968397996,79.8918809814688,18.41505563694408,0.0,20.379699592533388,0.8723881840705872,0.9534663677215576,0.9666216850280762,0.8495339334011078,0.8670530155301095,0.9804906725883484,,,,,,
39.2400000001791,213.32347625070608,30.347876065199944,108.7878999205406,79.07340013326528,113.84280221613872,79.87036889404067,18.065525997114918,0.0,20.451694539247335,0.8720231413841248,0.9544142603874206,0.970531415939331,0.8493372678756714,0.8689695104956627,0.9826937779784203,,,,,,
39.260000000179765,213.78030070324422,30.203527194118635,108.1142903789653,78.73669728399082,113.92944634467001,79.84891765596741,17.67130506338111,0.0,20.52236284382729,0.871802306175232,0.9550864338874817,0.9732531547546387,0.8492441296577454,0.8690788224339485,0.9829274997115135,,,,,,
39.28000000018043,214.2343359090526,30.086680632577615,107.55772096469484,78.48933183517705,114.01391970819698,79.82753733654519,17.261470215010103,0.0,20.5915656278368,0.8717229962348938,0.9554723024368286,0.9749027490615845,0.8492469370365143,0.8696467757225037,0.9830517396330833,,,,,,
39.30000000018109,214.66708209724248,30.004064994437293,107.1542807850699,78.42426169782759,114.09602501526496,79.80623797178067,16.8734015587009,0.0,20.6591673491093,0.8717926681041718,0.9555478096008301,0.9755158424377441,0.8493474185466767,0.869010503590107,0.9830586776137352,,,,,,
39.32000000018176,215.0600681671915,29.960156926236838,106.96054912226627,78.53274478230591,114.17557050512492,79.7850295596801,16.529470999170123,0.0,20.725036106069204,0.8720140218734742,0.9552850246429443,0.9750229120254517,0.8495416760444642,0.8673213407397271,0.9829397544264793,,,,,,
39.34000000018242,215.39780286045095,29.95772319853162,107.02372194642955,78.79123239639645,114.25237039559953,79.76392205555615,16.24517491113103,0.0,20.78904393359647,0.8723839342594147,0.9546693444252015,0.9732996940612793,0.8498234927654267,0.8655790224671365,0.9826907142996788,,,,,,
39.360000000183085,215.66724435175584,29.997407390303497,107.35044926332576,79.21939024173112,114.32624531698599,79.74292536735491,16.04247668510329,0.0,20.851067089749517,0.8728758692741394,0.9537286043167115,0.9702313303947449,0.8501707553863526,0.8639258444309235,0.9823234662413597,,,,,,
39.38000000018375,215.86035773850412,30.07777428148017,107.91946766334311,79.83294119435034,114.3970227309824,79.72204935100504,15.94288258906729,0.0,20.910986332682512,0.8734600007534028,0.9525006294250489,0.9656440496444703,0.8505604267120361,0.8619229793548584,0.9818532332777977,,,,,,
39.40000000018441,215.9736125819892,30.195680638956382,108.70597981609087,80.58911208743237,114.46453733365884,79.70130380579135,15.954409262525376,0.0,20.968687187115886,0.8730057954788208,0.9501958966255188,0.9571982264518738,0.8505958080291749,0.8606506541371346,0.9822277322411537,,,,,,
39.42000000018508,216.00868953205008,30.347509227725908,109.67995060712109,81.41895862022457,114.52863144153244,79.68069846975497,16.074110378848534,0.0,21.024060199743534,0.8722792088985444,0.9474778175354004,0.9458213329315186,0.8505182862281799,0.864875876903534,0.9876803562045098,,,,,,
39.44000000018574,215.96867167221734,30.53484901538172,110.79121350501204,82.1962283988932,114.58915535984445,79.66024301512229,16.29967691996486,0.0,21.07700118298554,0.8713771224021912,0.9445077180862427,0.9318828344345093,0.8503535866737366,0.8639567136764527,0.9872985705733299,,,,,,
39.460000000186405,215.86145460601412,30.764085302924382,111.94302162038541,82.83181332645827,114.64596773217923,79.63994704376479,16.650188975833956,0.0,21.12741144652289,0.8690095663070679,0.9407001733779907,0.9143161296844483,0.8496338129043579,0.8625613629817963,0.9850884661078453,,,,,,
39.48000000018707,215.69779627652403,31.01811238898113,113.03513270838978,83.55385731726722,114.69893587060876,79.61982008269187,17.148104220306298,0.0,21.175198016079,0.867241108417511,0.9375705242156982,0.8965146720409394,0.8490220904350281,0.8616537630558014,0.9827654771506786,,,,,,
39.50000000018773,215.49122278734833,31.27378562156259,114.07729063036662,84.22215017141747,114.74793606559145,79.59987157957882,17.745337151012194,0.0,21.220273838942404,0.8654016554355621,0.9342305660247803,0.8780905187129975,0.8483637511730194,0.8606980323791504,0.982683477550745,,,,,,
39.520000000188396,215.25908090563834,31.515523960054786,115.08691152403932,84.5285814165308,114.79285387490144,79.58011089833202,18.367841563881434,0.0,21.262557975756152,0.8637393712997437,0.9310801982879638,0.8624348521232605,0.84777010679245,0.8598391890525818,0.9812417283654213,,,,,,
39.54000000018906,215.02205070443674,31.734880432055377,115.96205474037086,84.50576160551259,114.83358439091381,79.56054731469362,19.0025899289281,0.0,21.301975778131375,0.8624068260192872,0.9283939599990845,0.8510044813156128,0.8473178625106812,0.8591703295707703,0.9767699800431728,,,,,,
39.560000000189724,214.8029249896104,31.925113138639926,116.56056359936576,84.34071996801325,114.87003248562117,79.54119001188727,19.672216038856003,0.0,21.338459051675667,0.8615299344062806,0.9264318466186523,0.8440591216087342,0.8470690906047822,0.8587663114070893,0.9727556794881821,,,,,,
39.58000000019039,214.62419358275545,32.06233005288853,116.84382577893915,84.1714930781344,114.90211303280945,79.52204807630763,20.35129227324393,0.0,21.371946204060542,0.8611680507659912,0.9253996968269348,0.8411774396896363,0.8470352768898011,0.8586490273475648,0.970866302587092,,,,,,
39.60000000019105,214.50415445213252,32.1273980118718,116.89355092985465,83.72452162658297,114.92975110687425,79.50313049325513,20.94392913054826,0.0,21.402382377787777,0.8613608121871948,0.9255902290344238,0.8423356890678406,0.8471715986728668,0.858796238899231,0.9708084564656019,,,,,,
39.620000000191716,214.45512123932414,32.11473529892169,116.75764070451088,82.89479451770164,114.95288215781295,79.48444614271821,21.38389374036571,0.0,21.429719567349498,0.8621847271919251,0.9269840598106385,0.8481672167778016,0.8475600242614747,0.8592872738838196,0.9697604656219483,,,,,,
39.64000000019238,214.48389620834945,32.01852481689277,116.40676198231678,82.11626048578982,114.97145216198432,79.46600379520508,21.6820273673925,0.0,21.453916720513604,0.8635918140411377,0.9294307470321655,0.8593592166900635,0.8481826424598694,0.8600994646549225,0.9704894185066223,,,,,,
39.660000000193044,214.59236244808463,31.8295968134162,115.86102940559402,81.63396260345594,114.98541774828314,79.44781210762673,21.83811600939944,0.0,21.474939823503085,0.8655033707618713,0.9329396486282349,0.8768758833408357,0.8489230275154114,0.8611316978931427,0.9716389894485473,,,,,,
39.68000000019371,214.7780434965618,31.551345148037214,115.21900813021828,81.1491668044834,114.99474629943552,79.42987961923343,21.802131825056865,0.0,21.49276196987526,0.867821741104126,0.9373783588409423,0.9004059433937073,0.8496800601482392,0.8622873723506927,0.9732069134712219,,,,,,
39.70000000019437,215.03512532926413,31.205481203711805,114.53207148651074,80.4806535857574,114.99941602817799,79.41221474760628,21.562845686849943,0.0,21.50736341294512,0.8704173147678376,0.942081069946289,0.9242139101028443,0.8504434049129487,0.8636351883411408,0.9751490354537964,,,,,,
39.720000000195036,215.35551931776226,30.81968233816342,113.75337036069642,79.8852633766876,114.9994160281427,79.39482578470603,21.195296338041427,0.0,21.518731601635082,0.8724959492683411,0.9463438630104065,0.9420412540435791,0.8508991777896882,0.8650244295597077,0.9773345708847045,,,,,,
39.7400000001957,215.7293824121747,30.41420103242829,112.84482850403658,79.57667055204399,114.99474629932975,79.37772089298079,20.779898213508595,0.0,21.526861199672357,0.8731653213500977,0.9491681337356568,0.9540639400482178,0.8509176135063172,0.8657766103744508,0.978551721572876,,,,,,
39.760000000196364,216.14566195252434,30.006488630245496,111.86405549807851,79.3586993662997,114.98541774810715,79.3609081015345,20.326640830424235,0.0,21.531754088093855,0.8737344741821289,0.95146803855896,0.9627456426620483,0.85093612074852,0.8664197146892548,0.9795309543609619,,,,,,
39.78000000019703,216.59329883345825,29.613679223458874,110.898514878744,79.03755510960278,114.97145216173851,79.34439530235814,19.815448373533997,0.0,21.5334193510573,0.8736354649066925,0.9526636481285096,0.9674032926559448,0.8508072972297669,0.8667927324771881,0.9800609521567821,,,,,,
39.80000000019769,217.05533097159713,29.252775758974998,110.02414414236087,78.6874435357822,114.9528821574979,79.32819024662503,19.259223447216918,0.0,21.531873244996568,0.8734865069389344,0.9532038688659668,0.9698421716690063,0.8507630348205567,0.8700491011142731,0.982114377990365,,,,,,
39.820000000198355,217.50599989429548,28.939581496720553,109.29462668428015,78.49036228362267,114.92975110649068,79.3123005410526,18.704664010347095,0.0,21.527139151197474,0.8735771298408509,0.9533176422119141,0.9708319067955017,0.8508982598781586,0.8708360597491265,0.9822704300284386,,,,,,
39.84000000019902,217.9418701948894,28.687330661704518,108.64256421519418,78.4839269819854,114.90211303235827,79.29673364433157,18.18873400724551,0.0,21.51924751190948,0.8738963663578034,0.9529774188995361,0.9702773809432983,0.8511931598186493,0.8695701211690903,0.9821062192320824,,,,,,
39.86000000019968,218.35530324009724,28.504753388094855,108.09287554230607,78.5211618425526,114.87003248510342,79.281496863625,17.707635941799357,0.0,21.50823575014672,0.8743480026721955,0.9523044466972351,0.9684173107147217,0.8515648901462556,0.8677855268120767,0.9818182572722435,,,,,,
39.88000000020035,218.71334439695593,28.396628711932678,107.83936653904456,78.5579581825657,114.83358439033073,79.2665973511381,17.258611853468732,0.0,21.494148173370093,0.8736201882362367,0.9532569289207459,0.970677125453949,0.8509343385696412,0.867020358145237,0.9822441205382347,,,,,,
39.90000000020101,218.9979208484951,28.362718820839493,107.884264151986,78.79594916697977,114.79285387425435,79.25204210076112,16.8884781974858,0.0,21.477035861279294,0.8737367987632751,0.9528554201126098,0.9689404487609863,0.850974041223526,0.8668135195970536,0.9821055039763451,,,,,,
39.920000000201675,219.19942847567773,28.399621415233053,108.17970970579233,79.33901073387914,114.74793606488188,79.23783794478622,16.64415735733225,0.0,21.45695653798135,0.8739415228366852,0.9521473288536072,0.9657041311264039,0.8510441660881043,0.8643961086869241,0.9818608269095421,,,,,,
39.94000000020234,219.31364041545584,28.503116637704096,108.7211473174508,80.05430839807552,114.69893586983838,79.22399155070055,16.52574425320596,0.0,21.433974428837676,0.873769211769104,0.9498765110969544,0.9577736020088196,0.8512694716453553,0.8619731456041336,0.9820659108459949,,,,,,
39.960000000203,219.34142334817113,28.67685993840533,109.49665017651645,80.71252988310151,114.64596773134983,79.21050941805635,16.516619224967716,0.0,21.40816010232854,0.8731467604637146,0.9473738193511962,0.9476058721542359,0.8512362599372865,0.865692737698555,0.9872786238789558,,,,,,
39.98000000020367,219.2881225666472,28.92391084834379,110.40543146458812,81.26886636975502,114.58915535895797,79.19739787542011,16.641869339035356,0.0,21.379590297307523,0.8721583366394043,0.9445071220397949,0.9350656986236572,0.8510671913623811,0.864815279841423,0.9855312839150429,,,,,,
40.00000000020433,219.16171047510787,29.22577659495859,111.33209812956949,82.00038555850709,114.52863144059094,79.18466307740192,16.941745830527847,0.0,21.348347736053487,0.8697520852088929,0.9404744744300843,0.9188608765602112,0.8504592418670655,0.8633957415819169,0.9823946103453636,,,,,,
