curr_time,press_pos,press_neg,act_pos_press,act_neg_press,ref_act_pos,ref_act_neg,ctrl_ch_pos,ctrl_ch_neg,ctrl_act_pos_in,ctrl_act_pos_out,ctrl_act_neg_in,ctrl_act_neg_out
0.019999999999999823,102.80046083213954,95.42543000912174,101.325,101.32456330190817,116.93720948047068,73.96230188034994,0.9514269560575485,0.9342221409082413,0.9400517692673019,0.902009391784668,0.8971906960010528,0.9780114248394965
0.019999999999999823,102.80046083213954,95.42543000912174,101.325,101.32456330190817,116.93720948047068,73.96230188034994,0.9498993128538131,0.9349616438150405,0.9397104661678896,0.9014222741127014,0.8969746306538582,0.978993421792984
0.019999999999999823,102.80046083213954,95.42543000912174,101.325,101.32456330190817,116.93720948047068,73.96230188034994,0.9498685389757157,0.9355388194322586,0.9399827093351633,0.9009393155574799,0.8965882807970047,0.9800370648503303
0.019999999999999823,102.80046083213954,95.42543000912174,101.325,101.32456330190817,116.93720948047068,73.96230188034994,0.9496188700199127,0.9360313087701797,0.9400499782990664,0.9006788998842239,0.8961259260773659,0.9810845613479614
0.019999999999999823,102.80046083213954,95.42543000912174,101.325,101.32456330190817,116.93720948047068,73.96230188034994,0.9491036981344223,0.9363564282655715,0.9399214637465775,0.9006391495466232,0.8956960529088974,0.9820695442147552
0.03999999999999961,105.17093471974071,90.16902732371173,101.32793221319524,101.26983874058901,116.93720948047068,73.96230188034994,0.9485041618347168,0.9364620804786682,0.9398110184818506,0.9008257955312728,0.89540536403656,0.9829723620787263
0.060000000000000185,107.72224817697611,85.39892831812156,101.34920490481953,100.93728842643141,116.93720948047068,73.96230188034994,0.9500256538391113,0.9413419127464294,0.9400774694047868,0.8962339431047439,0.8922901391983032,0.9855716986581683
0.07999999999999834,110.22392827327282,81.10930081658887,101.40790566651987,100.16172343415735,116.93720948047068,73.96230188034994,0.9511901348829269,0.9463930040597915,0.9400698309764266,0.8916781842708588,0.8891155749559402,0.9881186533719301
0.09999999999999613,112.60142644572014,77.286384959269,101.52143181756063,98.89563231174755,116.93720948047068,73.96230188034994,0.9521595299243927,0.9515275657176971,0.9398855961859226,0.8872112825512886,0.8861594587564469,0.9904846981167793
0.11999999999999393,114.8355288443466,73.89565374905297,101.70350508933198,97.18109404361546,116.93720948047068,73.96230188034994,0.9565731674432755,0.954258993268013,0.9427895590662956,0.8848593786358833,0.8866454660892487,0.990600036457181
0.13999999999999174,116.92643166490625,70.88624942262113,101.96311245219891,95.11317679791267,116.93720948047068,73.96230188034994,0.9608801782131194,0.9557433724403381,0.9469407681375742,0.8839187860488892,0.8888232544064522,0.989497660845518
0.15999999999998954,118.87573570249161,68.20243411849994,102.30471072457777,92.80596476784875,116.93720948047068,73.96230188034994,0.9658209323883056,0.9574126988649369,0.9525926088914275,0.8824426233768463,0.8932832628488541,0.9873061049729586
0.17999999999998734,120.69239910665799,65.79339026167453,102.7298684125625,90.36566195564932,116.93720948047068,73.96230188034994,0.9690720915794372,0.9587587207555771,0.956852157972753,0.881239603459835,0.8973637878894806,0.985193657502532
0.19999999999998513,122.38511457057855,63.615056422987735,103.23774724308869,87.87769148114204,116.93720948047068,73.96230188034994,0.970924174785614,0.9597360640764236,0.9598367586731911,0.8803618237376213,0.9007081538438797,0.9833995681256056
0.21999999999998293,123.96013415697085,61.63514767427602,103.8263620296422,85.40375036307263,116.15567207449799,73.40087005845677,0.9715958088636398,0.9603665709495545,0.9613334972411394,0.8799540385603905,0.9024391889572143,0.9822186473757029
0.23999999999998073,125.42338109739256,59.8295850989738,104.49692601439916,82.98092223646043,116.12369331995613,73.36397867023383,0.9703470885753631,0.960775750875473,0.961663319543004,0.8805714294314384,0.9030769288539886,0.9817684900015592
0.25999999999998963,126.78111892109631,58.18259693597969,105.25617973642862,80.61622125182579,116.12369331995613,73.36397867023383,0.9655927836894989,0.9621431589126587,0.9613775569945574,0.8865881070494651,0.9043983280658722,0.9829190336167812
0.28000000000000963,128.03947633196393,56.68078538620265,106.11708349453106,78.31350706046011,116.12369331995613,73.36397867023383,0.9611790835857391,0.9634540975093842,0.9615757666528225,0.8917906448245049,0.90565025806427,0.9832857318222522
0.30000000000002963,129.20109474151846,55.30909000214951,107.09481936370102,76.07954200616786,116.12369331995613,73.36397867023383,0.9577919900417328,0.9643376886844635,0.961949260905385,0.8958311378955841,0.9077938571572304,0.9832512464374303
0.32000000000004963,130.2710300916882,54.052721346102444,108.2025160892631,73.92275358123086,116.12369331995613,73.36397867023383,0.9533979952335357,0.963752394914627,0.9600153245031834,0.9013599932193755,0.9113671630620956,0.9754410382360219
0.34000000000006964,131.2516137055284,52.89750560839203,109.44779755366838,71.85131046182968,116.12369331995613,73.36397867023383,0.9515130639076232,0.963558006286621,0.9595113111659884,0.9080089211463928,0.920354700088501,0.9623697206377982
0.36000000000008964,132.15292403602805,51.827854763187034,110.83031266552456,69.87923016523148,116.09517294753398,73.32718771715186,0.9475502789020538,0.9637421131134033,0.9580365957692265,0.9147554501891136,0.9293462176676257,0.9493776813149452
0.38000000000010964,132.97835487693612,50.82084271266905,112.34009460698036,68.03927739674096,116.07022351411175,73.29050300892882,0.9439013123512268,0.9643887579441071,0.9577540898695588,0.9227199524641037,0.9390058925724588,0.9347453236579895
0.40000000000012964,133.73931509632393,49.86182476158354,113.95948839391986,66.34844734902752,116.04894348370485,73.25393033850544,0.9423417150974274,0.9638685345649719,0.9589742965996265,0.9303396165370941,0.9451348605914972,0.9241188675165176
0.42000000000014964,134.4415597757992,48.94364261666411,115.6644321737143,64.80668560407094,116.03141683887137,73.21747548113032,0.9435627907514572,0.9627157121896743,0.960373991727829,0.9364154279232025,0.9473987132078037,0.9135259792208671
0.44000000000016964,135.09269493078898,48.06234334136055,117.422176869829,63.40802432340281,116.01771274927131,73.18114419344803,0.9460984796285629,0.9608724892139434,0.962068928219378,0.9427623569965362,0.9511442662449553,0.9027901649475097
0.46000000000018965,135.7010583075809,47.213510150998665,119.19277258888997,62.157149779766996,116.00788529868552,73.14494221259008,0.9490039467811584,0.9592163413763046,0.9640292385593057,0.9457003644783981,0.9534053119365126,0.8960809722542763
0.48000000000020965,136.2753456141027,46.39197967839764,120.92976396686677,61.07073674728893,116.00197327157173,73.10887525526891,0.9477825492620467,0.956782442331314,0.9639194199815392,0.9486698607273866,0.954690026352182,0.8926689475774765
0.5000000000002296,136.82053335747818,45.59228000978506,122.58277002252538,60.17433431623812,116.0,73.07294901687519,0.9438798278570175,0.9538870871067047,0.962333376146853,0.9513978777686134,0.9552558630704879,0.8911841973662377
0.5200000000002274,137.34258622110875,44.808945133591656,124.10231342279558,59.49421276296826,116.00197327157173,73.0371691705784,0.9407902985811233,0.9511598706245422,0.9607249090448021,0.9536273968173191,0.9558837906923144,0.8896454721689224
0.5400000000002252,137.84850543611373,44.03467126224181,125.44371745463509,59.052221758055296,116.00788529868552,73.00154136643107,0.9387379437685013,0.9486718893051147,0.9591342160478235,0.9553286895155907,0.956562050525099,0.888077962398529
0.560000000000223,138.33808086511297,43.26407557207788,126.56949508048521,58.86539145828234,116.0177127492713,72.96607123047649,0.9378720641136169,0.9464700281620025,0.9576120087876916,0.9564342729514465,0.9573003475554287,0.8864863976836205
0.5800000000002208,138.81116883368563,42.491783229458136,127.45318226007757,58.942845777153735,116.03141683887137,72.93076436386026,0.9382809221744537,0.9446011543273926,0.9562106976285577,0.9569033906795085,0.958098533283919,0.8848934292793273
0.6000000000002186,139.26905019138883,41.71431166598158,128.0770098336148,59.283844959705895,116.04894348370486,72.89562634194596,0.9399774998426437,0.9431030690670014,0.9549750844016671,0.9567170152906328,0.9589432748965919,0.8833319544792175
0.6200000000002164,139.71366359898707,40.930068821598425,128.43001322341817,59.87815310989543,116.07022351411179,72.86066271343455,0.9433540076017379,0.9418898701667785,0.9544895151630044,0.9536001552827656,0.9595512445084751,0.8815342664718627
0.6400000000002142,140.144414339486,40.1385565165783,128.50837949431067,60.708349746488416,116.09517294753405,72.82587899948831,0.9480600863695144,0.941036033630371,0.9545685509219766,0.9482072683982551,0.9600033964961767,0.8797079548239708
0.660000000000212,140.55988186916713,39.34025673514658,128.3158911281738,61.75224081216067,116.12369331995625,72.79128069285889,0.9535753607749938,0.9406132280826568,0.9549141893163323,0.9417356710880994,0.960460226982832,0.8780397862195969
0.6800000000002098,140.96359899657702,38.5367531600925,127.8640102509299,62.98491853858354,116.15567207449814,72.75687325701999,0.959921583533287,0.9407934099435806,0.9551488468423486,0.9353843870572746,0.9600968630984426,0.8776472896337509
0.7000000000002076,141.35348323185158,37.72935945799786,127.1716238995722,64.38043910294975,116.19098300562526,72.7226621253046,0.9622699201107024,0.9397819846868515,0.9533922770991922,0.9304980115965008,0.9587794732302427,0.8796637833118438
0.7200000000002054,141.72853268572757,36.9208237002202,126.26528062188669,65.91309993992004,116.22948675722446,72.68865270004699,0.964518854022026,0.939193633198738,0.948017550446093,0.9245663530193269,0.953904484026134,0.8853257700800895
0.7400000000002032,142.0844637382802,36.11419332750148,125.18175088384609,67.55831878380481,116.2710313725789,72.65485035172965,0.9653982698917388,0.9381247639656066,0.9402033815160393,0.9184803682379424,0.9454014936462044,0.889912673830986
0.760000000000201,142.41964806644725,35.31266277805664,123.96907579445889,69.2931867074745,116.3154528940717,72.62126041813525,0.961976683139801,0.9391103059053421,0.9332452753558754,0.9151142168790102,0.9369869334623218,0.8933597281575203
0.7800000000001988,142.7317970663734,34.519375321348235,122.68462090208709,71.09654656636873,116.36257601025177,72.58788820350368,0.960837459564209,0.9425878524780273,0.927629672922194,0.9132916977629065,0.9271980702877044,0.8995203420519828
0.8000000000001966,143.01397198354914,33.738118543129445,121.38956897312933,72.94621337890082,116.41221474770806,72.55473897769451,0.9616716712713241,0.9451064556837082,0.9233298460021615,0.9119300000369549,0.9192990127950906,0.904983027279377
0.8200000000001944,143.2635795554472,32.97663535914014,120.13945034105899,74.8104178257182,116.46417320502161,72.52181797535475,0.9634795784950256,0.9481581926345825,0.9211773643270135,0.9076182674616575,0.9094779301434756,0.9146987438201905
0.8400000000001921,143.4813742610467,32.24465357111867,118.97610854178669,76.64485791219822,116.51824632589891,72.48913039509235,0.9646254897117614,0.9503098428249359,0.9207886585965752,0.9013850260525942,0.9020049918442964,0.9231014955788851
0.86000000000019,143.66796055899374,31.552189701348645,117.92335589504522,78.40013813860341,116.57422070843556,72.45668139865512,0.9652772843837738,0.9521112233400345,0.921165088750422,0.8952122695744037,0.8961575839668512,0.9309274896979332
0.8800000000001877,143.82744399913275,30.906630971374376,116.9878558097358,80.02720278337773,116.63187544731598,72.42447611011576,0.9643007278442383,0.9538462549448014,0.9219105238094926,0.8908635951578617,0.8925462488085031,0.938829618319869
0.9000000000001855,143.96298044501958,30.31766875056205,116.16383860802837,81.47333514374657,116.69098300562571,72.39251961506265,0.9620092093944549,0.9543832063674926,0.9238229433074593,0.8890411023050546,0.8921621922403574,0.9478347394615412
0.9200000000001833,144.08148600365328,29.795325045276243,115.4394764512303,82.6849117219617,116.75131011283581,72.36081695979685,0.9611417472362518,0.9547475576400757,0.9243463601917028,0.8870356816798448,0.8907090831547976,0.9558854021131992
0.9400000000001811,144.18876227280597,29.35216598043607,114.80478992762538,83.60169368204254,116.81261868541495,72.32937315053509,0.960524570941925,0.9547236144542693,0.9235455106943845,0.8851632226258516,0.8885944742709398,0.9615213345736265
0.9600000000001789,144.28756187965013,28.999258197510667,114.2553085545796,84.17143773936753,116.87466676643636,72.2981931526194,0.9609605014324188,0.9550717115402222,0.9251005873084068,0.8839859653264284,0.8887138057500124,0.9637571647763252
0.9800000000001767,144.38078267923143,28.743347306643564,113.7909160245958,84.36008522143379,116.93720948047135,72.26728188973287,0.9617072641849518,0.9554101347923278,0.9281266823410987,0.8825840506702661,0.889778271690011,0.9638571720570326
1.0000000000001745,144.47134002245608,28.585606914334022,113.41312058939883,84.1533206101389,128.19206890912142,72.23664424312226,0.9629348397254943,0.9559630721807479,0.9327965132892132,0.8810917545109987,0.8917036909610033,0.9629540856927633
1.020000000000128,144.56376228779524,28.523270661493584,113.12338972958104,83.55441122909531,125.07391561983651,72.20628505082713,0.9647691577672958,0.9554588079452514,0.9376406777650118,0.8783736485987902,0.8945054192095995,0.957338297739625
1.0400000000000813,144.6601222374992,28.548302092604644,112.92133689839243,82.58557169794884,125.14780599755656,72.17620910691588,0.9676777899265289,0.9548352748155594,0.942676642537117,0.8761617425829172,0.8979204658418893,0.9470559768378735
1.0600000000000347,144.76256412134765,28.646556565518154,112.80395304431272,81.28950504057158,125.22164589966386,72.14642116072869,0.967657172679901,0.9528111726045608,0.945740619301796,0.8739725325256585,0.9010886821895837,0.9335666112601757
1.079999999999988,144.8724848239031,28.79876831132545,112.76847304970961,79.72743533656785,125.29541010989946,72.1169259161276,0.9646907567977905,0.9510959267616271,0.9492139860987663,0.8726320941001177,0.905001064017415,0.9217417363077401
1.0999999999999415,144.98988587947397,28.985516629093496,112.81549493460226,77.96550920108106,125.36907343785317,72.08772803075364,0.9619944393634796,0.950674319267273,0.9517445843666792,0.8724193546921014,0.9072596225887537,0.9165360379964113
1.1199999999998949,145.11325295198816,29.194571048742194,112.95170802265474,76.05233493571696,125.44261072756595,72.05883211529138,0.9570879101753235,0.9499344229698181,0.9538231410086154,0.8731487903743982,0.9140878293663263,0.9089168701320887
1.1399999999998482,145.2404402396229,29.41501419676307,113.19052696573728,74.03491385868963,125.51599686612076,72.03024273274086,0.9515658408403397,0.9492976307868958,0.956063712015748,0.8744724605232477,0.924302539601922,0.9001933328807353
1.1599999999998016,145.36642090344196,29.634248723281463,113.55024521223433,71.96513708171801,125.58920679221849,72.00196439769698,0.9465437710285186,0.9491756707429886,0.9583150699734687,0.876455569639802,0.934939532354474,0.8940122123807669
1.179999999999755,145.48680465933276,29.838031006459882,114.04928969072283,69.89953946333148,125.66221550473645,71.97400157563666,0.9420011103153229,0.9495864242315292,0.9615928176790476,0.878799632564187,0.9435908617451787,0.889167508110404
1.1999999999997084,145.59792610053793,30.011833473302385,114.69088661383597,67.89526550284891,125.7349980712662,71.94635868221367,0.9375123977661133,0.9494041055440903,0.9622261475771665,0.8818149138242006,0.9484458478167653,0.8882464956492185
1.2199999999996618,145.69688060104912,30.143855515361736,115.47578078083411,66.00401839748808,125.80752963662795,71.91904008256134,0.9328983724117279,0.9483789205551147,0.9618455354124308,0.8852978873997926,0.9546869682148099,0.8878203105181456
1.2399999999996152,145.78178921146642,30.224933511363197,116.42205937270232,64.27593064327125,125.87978543135858,71.8920500906032,0.9304901242256164,0.9467173635959625,0.9653690919280051,0.887818394973874,0.9642718683928251,0.8872821655124425
1.2599999999995686,145.85177523272054,30.248120454296163,117.54184926299787,62.76251672448399,125.95174078017037,71.8653929683719,0.9289615601301193,0.9449028313159943,0.9664451874792576,0.8912610236555337,0.9663651358336209,0.886979540809989
1.279999999999522,145.9067193007146,30.209594861864733,118.84218495881652,61.51319165583984,126.02337111037764,71.83907292533604,0.9280899405479431,0.9421128958463668,0.9674028903245926,0.8956415850669145,0.9696835458278655,0.8854379545897245
1.2999999999994754,145.94702071215542,30.108921620498084,120.32588111517029,60.56890104441606,126.09465196028822,71.81309411773553,0.925678938627243,0.9394282728433608,0.967412432283163,0.9009665478020906,0.9724165441468358,0.8841571148484945
1.3199999999994287,145.97412081256397,29.948524608081158,121.98753359441638,59.956298573783236,126.16555898755718,71.78746064792526,0.9202529817819595,0.9365653991699219,0.9642737347632646,0.9080722693353891,0.9728443045169115,0.8827249806374311
1.3399999999993821,145.9903023003314,29.733096232902987,123.81418960046233,59.689539743498756,126.2360679774995,71.7621765637273,0.9125819087028503,0.9351894795894623,0.9619279529899358,0.9168174240738153,0.9739299995824694,0.8824536126106978
1.3599999999993355,145.9975289198019,29.468753713543286,125.78251459833132,59.77290730041323,126.30615485135988,71.73724585779159,0.905997148156166,0.9345304250717162,0.9611524425446987,0.9259501356631518,0.9759731577709316,0.8819910075515508
1.379999999999289,145.99746262739356,29.162250307482417,127.85185456301839,60.19841023362857,126.3757956745351,71.71267246696561,0.9016240164637566,0.9346817106008529,0.9609939385205507,0.9330609399825335,0.9775155995041132,0.8824515383690595
1.3999999999992423,145.99131834725185,28.81969281143645,129.99214755101448,60.94866819025551,126.44496666474785,71.68846027167265,0.8994299024343491,0.9354442536830901,0.9608806956559419,0.936535551212728,0.9776881750673055,0.8833317946642637
1.4199999999991957,145.9828259430602,28.446066821093517,132.1656530087589,61.99913414929889,126.51364420016833,71.664613095299,0.8980298921465873,0.9357835710048675,0.9593973893672227,0.9397957757115364,0.9777963731437921,0.8847394805401564
1.439999999999149,145.97575289955952,28.046620345609607,134.3215810451867,63.31935384061577,126.58180482748111,71.64113470359027,0.8977518945932388,0.9363056361675263,0.9561799544841051,0.942841730825603,0.9774562433362006,0.8859950672835112
1.4599999999991025,145.9747046190345,27.625678846627846,136.39680823129203,64.87518844425179,126.6494252698944,71.61802880405666,0.8972360700368881,0.9371928483247757,0.9520488161593675,0.9466123305261135,0.9770264349877834,0.8879068922251463
1.4799999999990558,145.98551319846695,27.18976618231714,138.32084849616663,66.62810120783581,126.71648243508908,71.59529904538759,0.8963299661874771,0.9383049458265305,0.947345482185483,0.950589651428163,0.9763900272548198,0.8904258351773023
1.4999999999990092,146.01458654350787,26.74937231989654,140.0242290959761,68.52882101068579,126.78295342310464,71.57294901687543,0.8953185051679611,0.9395234107971191,0.9425496656447648,0.9531720800325274,0.9754008833318948,0.8933931808918715
1.5199999999989626,146.06666824552934,26.313953151696612,141.44674261001225,70.53068743104087,126.84881553415961,71.55098224784876,0.8950331717729568,0.9407578974962234,0.9380728889256715,0.9527971904724836,0.9723476946353912,0.8967369969934225
1.539999999998916,146.1444375269922,25.891001405621463,142.53829783762595,72.59385983210211,126.91404627640337,71.52940220711508,0.8948225110769271,0.9423556178808212,0.9323344949632882,0.952998916618526,0.9645010631531477,0.9026831012219191
1.5599999999988694,146.24965601452763,25.48600035414348,143.25817814465518,74.68531461269443,126.9786233735972,71.50821230241297,0.8956904917955398,0.9443185478448868,0.9245468530803919,0.9506607512012124,0.9510358106344938,0.9097033843398094
1.5799999999988228,146.3827821561067,25.10319792021658,143.57437361094514,76.7764335316909,127.04252477272159,71.48741587987402,0.8976510882377624,0.9468874871730805,0.9168767321854829,0.9477971505373716,0.9369540255516767,0.9133231282234192
1.5999999999987762,146.54502938554498,24.74733213225463,143.46482987010498,78.84063103871361,127.10572865150726,71.46701622349444,0.9019876435399056,0.9495978236198425,0.9121476311236619,0.9433400578796863,0.9233448099344969,0.9160096243023872
1.6199999999987296,146.73757845398757,24.422346922346883,142.92148904708006,80.85174281613268,127.16821342588752,71.44701655461644,0.9082843750715256,0.9510607361793518,0.9079897914081811,0.9394361954182386,0.9115207832306623,0.9216774515807629
1.639999999998683,146.95868950098057,24.133727525582707,141.9535162109499,82.78024390752529,127.22995775736915,71.4274200314196,0.9127393186092376,0.9523189157247544,0.9043844778090715,0.9374208383262157,0.9018944513052701,0.9290016010403633
1.6599999999986363,147.20558353824086,23.889590232475285,140.5838230777749,84.58417015701829,127.29094056031951,71.40822974842209,0.914988350868225,0.9506283283233642,0.902854147925973,0.933052497729659,0.8968705128878355,0.9353412445634604
1.6799999999985897,147.47572251427442,23.699432690390505,138.8477429193592,86.21021426775471,127.35114100916728,71.38944873599203,0.9191335842013358,0.948022562265396,0.9008925814181566,0.9257026683539152,0.8915738206356764,0.9366734262555837
1.6999999999985431,147.7663902589927,23.569219616142124,136.79174341295814,87.61003219481005,127.41053854551431,71.37107995986905,0.9255766838788986,0.9456297725439071,0.9002820793539286,0.9148129388689995,0.8867601897567511,0.9427294015884399
1.7199999999984965,148.07517777679456,23.50051142226168,134.47300573943403,88.74325570999146,127.46911288515636,71.35312632069581,0.9310416668653488,0.945270910859108,0.9011375475674868,0.9085764374583959,0.8849409993737936,0.9501009803265333
1.73999999999845,148.39701537051943,23.49578968895838,131.95436088368263,89.56830648688293,127.52684402501009,71.33559065356006,0.9380984336137771,0.945486757159233,0.9035949248820543,0.9011302184313535,0.883855889365077,0.9558873400092125
1.7599999999984033,148.72697875196167,23.55893335658602,129.2987658892827,90.0445036624749,127.58371224994416,71.31847572754693,0.9444908708333969,0.9453690260648727,0.9070151660591363,0.8937889978289604,0.8833975624293089,0.9597919769585133
1.7799999999983567,149.06072618389575,23.68962459114496,126.5706582702644,90.14837750570777,127.63969813951182,71.30178424530163,0.947568616271019,0.9453105807304382,0.9099809158593416,0.889472745731473,0.8832440014928579,0.9636520713567733
1.79999999999831,149.39413619717055,23.879469982797282,123.83838521384365,89.88489849965829,127.69478257458307,71.2855188426027,0.950636339187622,0.9454005509614944,0.9145443189889192,0.8852776948362588,0.8839885558933019,0.9654040209949016
1.8199999999982635,149.72289814926333,24.11972695180301,121.17322509241701,89.2657912225627,127.74894674387383,71.26968208794578,0.954336142539978,0.9466726958751678,0.9216926530003547,0.8830057654529809,0.886241365596652,0.9645233288407326
1.8399999999982168,150.0393290914293,24.403883868400328,118.66908657017304,88.30511885428994,127.80217215036987,71.25427648213804,0.9583387672901154,0.9482633888721466,0.9299087151885033,0.8813315216451884,0.889212891086936,0.9620811462402343
1.8599999999981702,150.3386409667145,24.724840923318048,116.39087268985541,87.02747598981144,127.85444061764366,71.23930445790319,0.9618223398923874,0.9497988641262054,0.9385297328233718,0.880039456859231,0.8924533348530531,0.9601145818829536
1.8799999999981236,150.6188852809984,25.072148555664068,114.36691786703211,85.47096968012575,127.9057342960615,71.22476837949743,0.9599399209022522,0.9495461821556092,0.9457242041826248,0.8794611055403948,0.8969121675938367,0.9538176402449607
1.899999999998077,150.87816612227155,25.43419375407278,112.61267036695075,83.682796690056,127.95603566887918,71.21067054233606,0.9587214291095734,0.9491375118494033,0.9520524326711893,0.8789954427629709,0.9010968338698149,0.9478544346988201
1.9199999999980304,151.11603381406835,25.799326998150566,111.13149759695006,81.71467661357595,128.005327558224,71.19701317263099,0.9570656299591064,0.9480545789003372,0.9562308683991432,0.8784349013119935,0.9047172974795102,0.9399555996060371
1.9399999999979838,151.3325342832961,26.16019485433462,109.91603622026847,79.6112642412706,128.05359313096088,71.1837984270392,0.9547969460487366,0.9457448482513428,0.9557529803365469,0.8777245227247477,0.9061286401003599,0.9299782268702984
1.9599999999979372,151.52801146549646,26.51112191643166,108.95085413122965,77.45309418424912,128.10081590444096,71.17102839232223,0.9512357860803604,0.9446449100971221,0.9563556537032127,0.8778376806527376,0.9096197675913572,0.9213111512362957
1.9799999999978906,151.69757491006374,26.846713443538732,108.27530785731264,75.28658731420994,128.14697975213033,71.15870508501659,0.9445594012737274,0.9434353232383728,0.957221645116806,0.8787345621734858,0.9165704350918531,0.9139322645962238
1.999999999997844,151.83383012577,27.161315649252217,107.94022600596116,73.13183026834488,128.19206890911735,71.14683045111536,0.9362669050693512,0.942482128739357,0.9575671203434467,0.88016715683043,0.924352815374732,0.908503158390522
2.0199999999977973,151.93167071330782,27.448921278258513,107.96613224504573,71.01004788861833,128.23606797749616,71.13540636576089,0.927409240603447,0.9417184680700302,0.9578662179410458,0.8818913076072931,0.9324975799769163,0.904047767817974
2.0399999999977507,151.98943873202833,27.702107114235258,108.36501528746255,68.94381005347438,128.27896193162525,71.12443463294868,0.9192547306418418,0.9413349747657775,0.9580455906689167,0.8839203361421824,0.9399239003658294,0.9007282212376594
2.059999999997704,152.00785897726547,27.913544938195766,109.13168645026727,66.95705850131218,128.32073612325857,71.11391698524254,0.9139556735754013,0.9417780756950378,0.9600262634456157,0.8863660860806704,0.9445852912962437,0.9000442713499069
2.0799999999976575,151.98963254736444,28.075929047857148,110.24386238456464,65.07484932547209,128.36137628654794,71.10385508350096,0.9145328670740127,0.9400393784046173,0.9633736602962016,0.8855058837682008,0.9512923359870911,0.8976625502109528
2.099999999997611,151.9394489146794,28.183159073502278,111.63030268344835,63.36455187466056,128.40086854291485,71.09425051661488,0.9136750340461731,0.9379832595586777,0.9670220971107483,0.8855537164956331,0.9614321298897266,0.8945115000009537
2.1199999999975643,151.8638968221699,28.2311744154147,113.26012640855687,61.87858203726095,128.4391994057899,71.08510480125673,0.9131008759140968,0.9365570306777954,0.9695522382855415,0.8864751759916544,0.9668249245733023,0.8924985736608505
2.1399999999975177,151.77101975047796,28.21830121421217,115.1125164387661,60.6499680505869,128.47635578521854,71.076419381641,0.9130446702241898,0.935818886756897,0.9727426007390022,0.8876961935311556,0.9704120013862848,0.891072778403759
2.159999999997471,151.6694189215438,28.14551564120261,117.16196501217347,59.705400750364724,128.51232499233126,71.06819562929613,0.9089775919914246,0.9341925114393234,0.9733405657112598,0.8927351344376803,0.9740942161530256,0.8905631050467491
2.1799999999974244,151.56652684147747,28.016411345590853,119.3839472994406,59.061775524013456,128.54709474367675,71.06043484284795,0.9050885945558548,0.9326677024364471,0.9725060768425464,0.8994138751178979,0.9767678532749414,0.8900937721133232
2.199999999997378,151.46712131631142,27.835557669281346,121.75828778517676,58.729586128578276,128.5806531654168,71.0531382478146,0.9013550758361816,0.9313209742307663,0.9708575733006,0.9070522744208575,0.9787499912083149,0.8896200403571128
2.219999999997331,151.3737794556222,27.60773180981068,124.2684265479346,58.71542430203865,128.61298879738112,71.04630699641302,0.8951301336288452,0.9294816315174103,0.9672368191182613,0.9139386001974344,0.9792764194309711,0.8898777157068253
2.2399999999972846,151.28767785540046,27.337940204826477,126.898593468902,59.01809886193517,128.64409059698104,71.039942167377,0.8905312180519104,0.9289216130971908,0.9650691226124763,0.9218137089163064,0.9804478038102388,0.8895934239029885
2.259999999997238,151.20896158861055,27.03186267813699,129.6236386711451,59.627588342471846,128.67394794298045,71.03404476578683,0.8904164642095566,0.9298902124166488,0.9648561842739581,0.92960862852633,0.9827550210058689,0.8876128360629082
2.2799999999971914,151.13837994988822,26.695294638272294,132.39261421325506,60.526353294278465,128.70255063912305,71.02861572291059,0.8900436595082283,0.9314845532178878,0.9645720310509205,0.9355576854199171,0.9837014172226191,0.8880875915288925
2.2999999999971448,151.07757866721144,26.334034343690966,135.16726471707082,61.690825770444626,128.72988891761432,71.02365589605706,0.8897751614451408,0.9335515975952148,0.9641270346939563,0.9418780975043773,0.9844801161438226,0.8887464627623558
2.319999999997098,151.02886320112708,25.953736964533615,137.8988507587985,63.09119493893503,128.7559534424572,71.01916606844043,0.8893048986792564,0.9344033062458038,0.960893739014864,0.947732275724411,0.9847867876291274,0.8904864966869354
2.3399999999970515,150.9969727232537,25.561936461177805,140.52676488505156,64.68960379366413,128.78073531264036,71.01514694905651,0.8881751477718353,0.9353456020355224,0.956607872992754,0.953604643791914,0.9846720997244119,0.8930390298366546
2.359999999997005,150.9869559643692,25.16274638524823,142.98209774664676,66.45410864528155,128.8042260651778,71.01159917257085,0.8867313638329506,0.9368936032056808,0.9525010891258716,0.9591933324933052,0.984434349834919,0.8963311865925788
2.3799999999969583,151.00317629038764,24.761439476124643,145.19334186054635,68.35385582892064,128.82641767799907,71.00852329921848,0.8854594781994819,0.9384441792964935,0.9484610386192799,0.962538070604205,0.9837248608469963,0.9000076279044151
2.3999999999969117,151.0468818632969,24.36569293331099,147.0916098007036,70.35162397320097,128.8473025726887,71.00591981471547,0.884713551402092,0.9399765610694885,0.9445312403142452,0.963078822940588,0.9814185444265604,0.9042138457298279
2.419999999996865,151.11864933975716,23.983735774083197,148.61178431459635,72.41261701097096,128.8668736170743,71.00378913018217,0.8825653791427612,0.9418022871017456,0.9385810233652592,0.9663965109735727,0.9750580199062824,0.9117183715105056
2.4399999999968185,151.22102186591408,23.62232029028525,149.6933395844297,74.50471613591027,128.88512412766212,71.0021315820784,0.8822565406560897,0.9434161007404327,0.9315747089684009,0.9666690122336149,0.9651861764490604,0.9177308715879917
2.459999999996772,151.35515353965735,23.288139861870526,150.28318785110747,76.5967794962159,128.90204787191956,71.00094743215021,0.8833206489682197,0.9459983438253402,0.924898274987936,0.9661998312920331,0.949574638158083,0.9252350285649299
2.4799999999967253,151.52087684516977,22.987786158760194,150.34118875348187,78.65781593536083,128.91763907040342,71.00023686738861,0.8855329662561416,0.9478609502315521,0.9189498282968998,0.9626868605613708,0.9353033684194088,0.9291892483830452
2.4999999999966787,151.7175168651374,22.727638769732835,149.84814416624764,80.65684439018455,128.9318923987337,71.0,0.8884260237216949,0.9493843823671341,0.9133993186056614,0.9576610937714577,0.9204883523285389,0.9339674316346646
2.519999999996632,151.943595678587,22.514749683340238,148.80922246637763,82.55933665937616,128.94480298941187,71.0002368673885,0.8900213882327079,0.950050812959671,0.9085063613951206,0.9536844864487648,0.9084906570613384,0.9378195375204086
2.5399999999965854,152.19922561135007,22.35897775980014,147.24671564001167,84.32004061804554,128.95636643348303,71.00094743214997,0.8955667346715926,0.9488569796085358,0.9064485974609852,0.9492833234369754,0.9016078628599643,0.9428198613226414
2.559999999996539,152.48184660761333,22.26910859315607,145.19759735550292,85.88862833243915,128.96657878204158,71.00213158207804,0.9030827313661575,0.9475351691246032,0.9050463832914829,0.9435529883950948,0.8957309193909168,0.9474037297070026
2.579999999996492,152.78903350127655,22.252436989152596,142.71117780728375,87.21087704214445,128.97543654757987,71.00378913018169,0.9099080994725227,0.9450999289751053,0.9042294539511203,0.9351150963455438,0.8914026610553264,0.9486866906285286
2.5999999999964456,153.1183340515118,22.310601174763548,139.84936797946986,88.24261843290827,128.9829367051791,71.00591981471486,0.9197221010923385,0.9434121936559677,0.9059029869735241,0.9245756722986698,0.8893365196883678,0.9524190850555897
2.619999999996399,153.46712621383907,22.440701834645974,136.68457615655151,88.949301780986,128.9890766935423,71.00852329921776,0.9292767286300659,0.9432481318712235,0.908892997354269,0.9146887011826038,0.8887520350515842,0.9561192907392978
2.6399999999963524,153.83263000800736,22.636264788723103,133.2945839371946,89.30927075282048,128.9938544158691,71.01159917257,0.939398232102394,0.9436026483774185,0.912599229067564,0.9056209772825241,0.8881810285151005,0.9603576280176639
2.6599999999963058,154.2110944607064,22.889564997836146,129.7598485179956,89.31236121378777,128.99726824057166,71.01514694905555,0.9448415875434876,0.9438631534576416,0.9161403082311154,0.8999870888888836,0.8879153378307819,0.965295447409153
2.679999999996259,154.59754678239844,23.191028785587637,126.16265805299301,88.96287863878163,128.999317001832,71.01916606843933,0.9493103802204131,0.944243723154068,0.9205977417528629,0.895159139484167,0.8882688261568547,0.9693411193788051
2.6999999999962125,154.9853316357797,23.52672179425794,122.59474177244695,88.28364203234521,129.0,71.02365589605584,0.9538510292768478,0.9453824818134308,0.9276237927377223,0.891615717858076,0.8901351384818553,0.9703574799001217
2.719999999996166,155.36389872996577,23.884485677535352,119.17814752345656,87.30345173541768,128.99931700183242,71.02861572290925,0.9576548397541046,0.9470201313495635,0.9363462179899216,0.8898225538432598,0.8935332246124744,0.9668565019965172
2.7399999999961193,155.72658526897618,24.254684514410666,115.98479390429584,86.0529047821157,128.99726824057254,71.03404476578537,0.9592900395393371,0.9475954115390778,0.9449905663728714,0.8879445470869541,0.8974866710603236,0.9604593083262444
2.7599999999960727,156.0680052672343,24.630229664285366,113.06830771013064,84.56226599608925,128.99385441587043,71.03994216737541,0.9583519369363784,0.9481384515762329,0.9538218311965465,0.8874666310846805,0.9022393889725208,0.9566578581929207
2.779999999996026,156.38270378238232,25.006806733397156,110.46663162593748,82.861285193553,128.9890766935441,71.04630699641132,0.9573252230882644,0.9484881937503814,0.9618741825222968,0.8872429527342319,0.9070091031491756,0.9532767280936241
2.7999999999959795,156.66755735194593,25.379174603577034,108.20127092255072,80.9836515544008,128.98293670518132,71.05313824781278,0.9553350865840912,0.947302183508873,0.9648497402667999,0.8867870844900608,0.909722376614809,0.9471000835299491
2.819999999995933,156.92115104090115,25.742091331177523,106.27828571936111,78.96972752727162,128.97543654758255,71.060434842846,0.9528618395328522,0.9451586067676544,0.9649406358599663,0.8861815802752971,0.9112043507397175,0.939015943557024
2.8399999999958863,157.13868800709494,26.09137015513763,104.7325805470698,76.87054406620369,128.96657878204468,71.06819562929407,0.9495945155620574,0.9440879136323929,0.9656207390129565,0.8861635737121105,0.9133815713226795,0.9326445460319519
2.8599999999958396,157.3088134165151,26.423017649926745,103.63775817260043,74.76195511192564,128.95636643348655,71.07641938163883,0.9438854426145553,0.9429333746433258,0.9669530615210533,0.8868483640253544,0.9199001796543598,0.9243554383516311
2.879999999995793,157.42628277747477,26.73291006729442,103.03027966563823,72.66546367766824,128.94480298941585,71.08510480125443,0.9359226167201996,0.9415423631668091,0.967535337805748,0.8879975207149983,0.9273201487958431,0.9186507016420364
2.8999999999957464,157.48692662654668,27.017115413315448,102.94198355562567,70.59758029996642,128.93189239873814,71.09425051661246,0.9273778676986694,0.9401385128498078,0.968135591596365,0.8892940782010555,0.9351693339645862,0.9136009559035301
2.9199999999957,157.48924935240206,27.271042515372812,103.38626890424675,68.57576022845923,128.91763907040828,71.10385508349843,0.9182355046272278,0.9387824773788452,0.9682449698448181,0.8908414490520954,0.9424431517720222,0.9097086548805237
2.939999999995653,157.43523932970402,27.48890991342645,104.35268848006524,66.61854814666876,128.90204787192485,71.1139169852399,0.9085648447275162,0.937728101015091,0.9652224108576775,0.8932128705084323,0.9455516051501035,0.9088606745004654
2.9599999999956066,157.3311453816645,27.66451791648802,105.81208153617504,64.7506607814426,128.88512412766784,71.1244346329459,0.9037582546472549,0.9347458600997924,0.968631187826395,0.893230264633894,0.953341045230627,0.9069280490279198
2.97999999999556,157.18135996218635,27.792238122666674,107.7216010793191,63.04017589893284,128.86687361708044,71.135406365758,0.9012171924114227,0.9317972004413605,0.9718690790235995,0.8920634590089321,0.9620057940483093,0.9038013577461242
2.9999999999955134,156.99409230350264,27.867973317913396,109.98292602382674,61.52932427850937,128.84730257269527,71.14683045111236,0.8984784960746764,0.9303149580955505,0.974462229758501,0.8928961552679539,0.9694139514118433,0.9010172292590141
3.0199999999954668,156.77961887783897,27.888900063192075,112.53241523398535,60.25141386485324,128.82641767800607,71.15870508501348,0.8985497042536735,0.9303770780563354,0.9790539503097534,0.8937107555568218,0.9737564824521541,0.8990329667925835
3.03999999999542,156.5496315145346,27.853966267338738,115.33362552528727,59.23448276427952,128.80422606518522,71.171028392319,0.8983619451522827,0.9299498379230499,0.9830047726631164,0.8952417246997356,0.9785372719168662,0.8972834512591362
3.0599999999953735,156.3166734204501,27.76412739344658,118.34149032420022,58.49663127291278,128.7807353126482,71.18379842703585,0.8945338159799575,0.9284123063087463,0.9818364471197127,0.9021071873605251,0.9815273907035589,0.8963872000575065
3.079999999995327,156.0911818306649,27.621111209328838,121.51586438062347,58.05063334796436,128.75595344246548,71.19701317262752,0.8921394214034081,0.9273718059062958,0.9797113887965678,0.9099352948367595,0.9834421873092651,0.8954745113849639
3.0999999999952803,155.8807211386842,27.42711111615369,124.82286192361751,57.90562520696278,128.72988891762301,71.2106705423325,0.890199875831604,0.9267361223697662,0.9765066094696522,0.918571462482214,0.9850668258965015,0.8945501506328583
3.1199999999952337,155.69030766827123,27.185293509864493,128.23291332355657,58.06503422439825,128.70255063913214,71.22476837949375,0.8864683464169502,0.925992488861084,0.973587729036808,0.926838231831789,0.9865407858043909,0.8942857652902603
3.139999999995187,155.52218634385943,26.89992010603337,131.69881947132825,58.52447206939331,128.67394794298994,71.2393044578994,0.885361336171627,0.9270205795764923,0.9727156087756157,0.9350361309945583,0.9881332267075776,0.8935224086046218
3.1599999999951405,155.3768379710917,26.576906218562613,135.16692396908263,59.27248471908799,128.64409059699094,71.25427648213412,0.8847562566399574,0.9286085456609726,0.9720297232270241,0.9426637254655361,0.9890315443277359,0.8938405722379684
3.179999999995094,155.25600221503925,26.222472664351088,138.59880015538494,60.290899248846706,128.61298879739144,71.26968208794176,0.8843246355652808,0.930629688501358,0.9713546738028526,0.9506746500730514,0.9898004531860352,0.8943102851510047
3.1999999999950473,155.16220564418091,25.84204102352872,141.94167022849817,61.55607048381909,128.58065316542752,71.28551884259856,0.8842917159199715,0.9324255079030991,0.9698573127388954,0.9584555976092816,0.99042404666543,0.8951184079051018
3.2199999999950006,155.09724404392338,25.441897225839195,145.12800668623925,63.04061868409863,128.54709474368786,71.30178424529738,0.8846216365695,0.9340743958950043,0.9677516803145408,0.9655297182500362,0.9910205096006393,0.8964313581585884
3.239999999994954,155.06286264701507,25.027534617599397,148.07947420543871,64.71493274372119,128.51232499234277,71.31847572754258,0.8838663041591645,0.935740539431572,0.9644325539469718,0.9721725285053253,0.9911306746304035,0.8987680807709694
3.2599999999949074,155.06053430322436,24.606455477239837,150.71263085213744,66.54660405676672,128.47635578523045,71.3355906535556,0.8828649997711181,0.9372325450181961,0.9606077462434769,0.9768348984420299,0.9907109558582305,0.9017755299806595
3.279999999994861,155.09251468144356,24.188583000046275,152.94287092857707,68.49593117210365,128.43919940580219,71.35312632069125,0.8824585378170013,0.9384797275066376,0.9576312452554703,0.9773905381560325,0.9898304224014282,0.9048587247729302
3.299999999994814,155.16109201220536,23.784118842979524,154.68607801653212,70.52529688617727,128.4008685429275,71.37107995986437,0.8809830009937286,0.9395415157079696,0.9545165702700614,0.9788031436502933,0.9894415490329265,0.9090022549033164
3.3199999999947676,155.26713051758892,23.401118909508728,155.85948883918329,72.60188075840651,128.36137628656098,71.38944873598726,0.8796110823750496,0.9406247615814208,0.9502786576747894,0.9805193305015564,0.9860628753900528,0.91478451192379
3.339999999994721,155.41176794350272,23.046631860531754,156.38574241959464,74.69631849317011,128.32073612327198,71.40822974841718,0.8811606392264366,0.9417076230049133,0.9450610324740409,0.97841352596879,0.977142509818077,0.9184992596507072
3.3599999999946744,155.59649190631424,22.727388739954982,156.21315720611824,76.78006271614464,128.27896193163903,71.4274200314146,0.8836491614580154,0.9421630084514617,0.9386306554079056,0.9752087220549583,0.9624047189950943,0.9253758333623409
3.3799999999946277,155.8211882782057,22.448830873191284,155.32306268989282,78.8245088196453,128.2360679775103,71.44701655461134,0.8858915776014328,0.9426220506429672,0.9319231569766998,0.9726664394140243,0.948756754398346,0.930385535955429
3.399999999994581,156.08200058840143,22.21649146274409,153.73409009465996,80.80141864227079,128.19206890913185,71.46701622348924,0.8873251020908356,0.9439700841903687,0.9244079291820526,0.9675396606326103,0.9308631971478462,0.935969016700983
3.4199999999945345,156.3733336591021,22.035739737254932,151.50322851159692,82.68017478377314,128.14697975214517,71.4874158798687,0.885955986380577,0.9456746011972427,0.9172909691929817,0.964561952650547,0.9142072290182114,0.9450677648186684
3.439999999994488,156.68909914548578,21.912392278713362,148.7105886294541,84.42593528185643,128.10081590445614,71.50821230240756,0.8912381455302238,0.9451446145772934,0.9134010195732116,0.9588872611522674,0.9033086135983467,0.9510215826332569
3.4599999999944413,157.02325236243496,21.850559214162175,145.44935342314344,86.00327865521326,128.0535931309764,71.52940220710957,0.9010888174176216,0.9438076943159103,0.9130782827734947,0.9511307306587696,0.8980455920100212,0.9550535686314106
3.4799999999943947,157.3704614319535,21.854339093525418,141.81624716530266,87.36783583379707,128.00532755823986,71.55098224784315,0.9111337482929229,0.9441517055034637,0.9149917930364608,0.9451595611870288,0.8954912975430488,0.9589653715491294
3.499999999994348,157.72680818422742,21.925232078111854,137.904329823901,88.47425720722863,127.95603566889538,71.57294901686973,0.921603125333786,0.9441538780927657,0.917131757736206,0.9372223481535912,0.8938058286905288,0.9655416540801525
3.5199999999943015,158.0907473908196,22.06381387593227,133.80118056212896,89.27342422556974,127.90573429607801,71.5952990453818,0.9308960139751434,0.9447064220905304,0.9200445428490639,0.9270168267190456,0.8922286361455917,0.9748993046581744
3.539999999994255,158.46123563357372,22.27198506581054,129.58770006037273,89.71295285581454,127.8544406176605,71.61802880405077,0.9401915043592453,0.9451665461063384,0.9236564055085182,0.9174663856625557,0.8913639858365059,0.9819144837558269
3.5599999999942082,158.8363466035063,22.546543586183052,125.3429120306845,89.76099795380276,127.80217215038702,71.64113470358427,0.9442530930042267,0.9454516649246215,0.9269965872168541,0.9116188257932663,0.8910720989108085,0.9893615834414958
3.5799999999941616,159.2126780550344,22.87795271721074,121.14617942156325,89.41505668701707,127.74894674389128,71.6646130952929,0.9474899649620055,0.9457238376140594,0.9326198227703572,0.9060196205973625,0.8917992815375327,0.9927751995623111
3.599999999994115,159.58506162387633,23.254068681681318,117.07445332593417,88.69328183901227,127.69478257460084,71.68846027166646,0.9531110346317291,0.9478675842285156,0.9422466374933719,0.9038473308086395,0.8951947927474976,0.9901085093617439
3.6199999999940684,159.9469269363929,23.66474667484917,113.20231401885667,87.61943683913859,127.63969813952987,71.71267246695933,0.9560696899890899,0.9484748095273972,0.951574794948101,0.901077301800251,0.8993227481842041,0.9820414125919341
3.639999999994022,160.29105283480436,24.103094157235883,109.60218800729248,86.21799575670109,127.5837122499625,71.73724585778521,0.956430572271347,0.9487532675266266,0.9623171582818031,0.8996059939265251,0.9049902155995369,0.9744012519717216
3.659999999993975,160.6103656846062,24.56153362731201,106.3406737492353,84.52149849407033,127.52684402502874,71.76217656372083,0.9569826245307922,0.9490474700927735,0.9726592019200324,0.8989659026265144,0.9112557753920555,0.9680587217211722
3.6799999999939286,160.8997688191081,25.031807810609408,103.47421340639964,82.57151270018743,127.46911288517526,71.78746064791869,0.956350177526474,0.9475379049777984,0.9768180340528487,0.8980761870741844,0.915166400372982,0.9582993790507316
3.699999999993882,161.15378999163875,25.503481132153677,101.05410287831609,80.41828802851772,127.41053854553348,71.81309411772884,0.9547315448522568,0.9449346512556076,0.9774307399988174,0.8971218392252922,0.9174545437097549,0.9470404222607612
3.7199999999938353,161.36469186328875,25.96936134594802,99.13702733189002,78.10884493434774,127.35114100918672,71.83907292532919,0.9520105510950089,0.9431738436222076,0.9777546033263206,0.8966843217611312,0.9188626855611801,0.9396337658166886
3.7399999999937887,161.52493788703768,26.422104405657088,97.78390500803826,75.69343543561952,127.29094056033922,71.8653929683649,0.9478462785482407,0.9419051766395569,0.9787907630205154,0.896846130490303,0.9230374813079834,0.9308517888188362
3.759999999993742,161.62843403310154,26.854478218835855,97.05349225817157,73.25807758010565,127.2299577573891,71.89205009059606,0.939266151189804,0.9405719935894012,0.9795342579483985,0.8979670971632003,0.9310105979442597,0.9227440968155861
3.7799999999936955,161.66724738485595,27.258662717446544,96.99397848223731,70.84798578261613,127.16821342590771,71.91904008255403,0.9281750470399857,0.9385547310113906,0.9793567717075348,0.8994856610894203,0.9397999063134194,0.9173714309930802
3.799999999993649,161.63735388249222,27.626339264855368,97.62708703534304,68.48909766852825,127.1057286515277,71.94635868220624,0.9160337507724762,0.9365250945091247,0.9784143194556236,0.9013474449515343,0.9477047517895698,0.9135162338614463
3.8199999999936023,161.53902129623856,27.948391299539605,98.9430781328252,66.20820291873405,127.04252477274225,71.97400157562907,0.9033141791820526,0.9340783298015595,0.9746340811252594,0.9040693283081055,0.9516133427619934,0.9157511219382286
3.8399999999935557,161.3759129395531,28.216299274534332,100.90639817050449,64.03543396318285,126.97862337361809,72.00196439768924,0.8974169313907623,0.9303982228040695,0.9785056307911872,0.9036003708839416,0.9604473210871219,0.9140608832240105
3.859999999993509,161.15771925705704,28.422101848803855,103.45975888154456,62.04160249079673,126.91404627642447,72.03024273273296,0.8964608490467071,0.926977476477623,0.9837062150239944,0.9017684042453765,0.9718941040337086,0.9093661412596702
3.8799999999934625,160.89051661508378,28.559731815711448,106.44605940924787,60.276047194990994,126.84881553418093,72.05883211528334,0.8947402611374855,0.9255271971225738,0.9862805411219596,0.902948285639286,0.9758054554462432,0.9066411510109901
3.899999999993416,160.5862941303352,28.625729669090852,109.77842427800236,58.77768134328453,126.78295342312616,72.08772803074545,0.8944858312606812,0.9241738751530647,0.9910793662071228,0.9043855160474777,0.9814126871526241,0.9037742763757706
3.9199999999933692,160.2599453820294,28.612764614383842,113.40748548559664,57.59557601852394,126.71648243511079,72.11692591611926,0.8936344802379608,0.9237747177481651,0.9946558550000191,0.9061563417315482,0.9858284547924995,0.9021816164255142
3.9399999999933226,159.92763568925315,28.505332819289887,117.27458532763792,56.79888629233015,126.64942526991629,72.14642116072021,0.8949216499924659,0.9235799759626389,0.9946277141571045,0.9109528154134751,0.9884682692587375,0.9003824308514595
3.959999999993276,159.60262732049756,28.310314133025873,121.32746544488116,56.39128062759161,126.58180482750318,72.17620910690724,0.8930669024586677,0.9228135794401169,0.9910093426704406,0.9200192853808403,0.9905362591147422,0.89918904453516
3.9799999999932294,159.29400803607078,28.038639901174776,125.52277646349145,56.36168858922927,126.51364420019057,72.20628505081834,0.8882265746593475,0.9217021703720093,0.986175125837326,0.9304511740803718,0.9919378250837325,0.8984167069196701
3.999999999993183,159.00779202372576,27.700975682508147,129.8210037339809,56.6929159831203,126.44496666477026,72.23664424311332,0.8834483757615089,0.9214707538485527,0.9831064373254775,0.9389313131570816,0.9928892627358437,0.8989840433001518
4.019999999993491,158.74718430591156,27.30760027963728,134.14577443902246,57.362495318733465,126.37579567455768,72.26728188972378,0.8818651169538497,0.9233070701360703,0.9824057459831237,0.9486726425588131,0.9942382887005805,0.8996329501271247
4.0399999999938,158.51389932857663,26.869921781672307,138.4040532341692,58.343186242336,126.3061548513826,72.29819315261017,0.8811988428235054,0.9255437821149826,0.9814458638429642,0.9586324378848076,0.9952212557196617,0.9000191256403923
4.059999999994108,158.309576321617,26.398253999243124,142.54442320961175,59.603741944534505,126.23606797752237,72.32937315052571,0.8805691629648208,0.9288102298974991,0.9814886629581451,0.9685297466814518,0.9963076196610927,0.9006250143051148
4.079999999994417,158.1373083274803,25.902829990974748,146.49826690148575,61.110106264631796,126.16555898758017,72.36081695978731,0.8804822146892547,0.9313709974288941,0.9802485525608062,0.9774838119745254,0.9973234593868255,0.9017172232270241
4.099999999994726,157.99904867007928,25.393794007663583,150.17847218280133,62.82127023602931,126.0946519603115,72.39251961505298,0.8807376503944396,0.9335195899009704,0.9780202358961105,0.9856680452823638,0.998168996721506,0.9031843915581703
4.119999999995034,157.89740925675412,24.88714382942951,153.48755984862422,64.67968537684338,126.02337111040119,72.42447611010593,0.8821623414754868,0.9354126662015915,0.9773607522249221,0.992009674757719,0.9997100956737994,0.9044770732522011
4.139999999995343,157.83793356198757,24.395642125766503,156.32151563283125,66.63626648165322,125.9517407801942,72.45668139864515,0.8835077241063117,0.9365519881248474,0.9766752332448959,0.9934506826102734,1.0,0.9060905829071998
4.159999999995652,157.82451895104606,23.928246076222635,158.570807402982,68.65564812914829,125.87978543138267,72.48913039508223,0.8839201092720032,0.9373279243707656,0.9751023590564727,0.9931985415518283,1.0,0.9083769157528877
4.17999999999596,157.86132347102773,23.49124127166258,160.11960678840535,70.71228853052907,125.8075296366523,72.52181797534448,0.8819173976778983,0.9380394965410233,0.9721285805106162,0.9951364576816558,1.0,0.9119970083236694
4.199999999996269,157.95097299031113,23.089726549653236,160.87258640229868,72.78586223644713,125.7349980712908,72.55473897768405,0.8813950464129447,0.9378769904375076,0.9679967671632767,0.9942814655601978,0.9998813077807426,0.9142074614763259
4.219999999996578,158.09626317491052,22.72726345442408,160.7739561086978,74.85842276823443,125.66221550476128,72.58788820349305,0.8841150388121605,0.9366079747676849,0.9629427477717399,0.989454685151577,0.9933142229914664,0.91627456843853
4.239999999996886,158.29352024967773,22.40715992546782,159.80715894743486,76.91373410041709,125.58920679224356,72.62126041812444,0.8877918109297752,0.9361202150583267,0.9562372520565986,0.9842231392860412,0.9802041038870811,0.9207434326410293
4.259999999997195,158.53750092232795,22.131534975493917,157.9939714524831,78.9351635224958,125.51599686614605,72.65485035171865,0.8912498265504837,0.9358546137809753,0.948076930642128,0.9798495113849639,0.9647334620356559,0.9257942110300064
4.279999999997504,158.82133056652725,21.903388768755864,155.39450904686058,80.9029924478202,125.44261072759147,72.6886527000358,0.8886396393179893,0.936646580696106,0.9392664194107055,0.9767774611711502,0.9470021203160286,0.9316216900944709
4.299999999997812,159.1352063637999,21.72520797784867,152.1171239964008,82.79375740937824,125.3690734378789,72.72266212529324,0.8888062179088593,0.93842793405056,0.9311034202575683,0.9721496134996414,0.9265501961112023,0.9414160132408141
4.319999999998121,159.46950942070137,21.5976383420125,148.29988125211622,84.58660543550882,125.2954101099254,72.75687325700845,0.8916892617940902,0.9400843143463135,0.9248794838786125,0.9683110639452934,0.9103685364127159,0.9533033847808837
4.33999999999843,159.81257154523698,21.519220875126035,144.0915975701255,86.26019957058648,125.22164589968867,72.79128069284778,0.8990616708993912,0.942709767818451,0.9250914454460144,0.9653113663196563,0.9045044988393783,0.9626755014061927
4.359999999998738,160.1546995887558,21.489804773818857,139.63558238970072,87.78211299248395,125.14780599758025,72.82587899947764,0.910325737297535,0.9431218713521957,0.9272628679871558,0.9583542346954346,0.9015034914016723,0.9671894311904907
4.379999999999047,160.48925931547905,21.511127624126477,135.0559168180412,89.10748128514436,125.07391561985906,72.86066271342432,0.9203538104891776,0.9442582249641418,0.929159252345562,0.9529567807912827,0.8996338844299316,0.9750664040446281
4.3999999999993555,160.81382720718048,21.58748502882586,130.45106667863692,90.1771170704933,125.00000000002142,72.89562634193618,0.9309007614850998,0.9461942613124847,0.9317263633012771,0.9445631027221679,0.8969581171870231,0.9915984228253364
4.419999999999664,161.12901447525363,21.7283075296593,125.8974601722265,90.9132670022603,124.92608438018375,72.93076436385095,0.9376582562923431,0.9473982602357864,0.9341234177350998,0.9362995654344558,0.89483293145895,1.0
4.439999999999973,161.4363924582229,21.94448626843984,121.45667439522049,91.23875390987229,124.85219400246254,72.96607123046766,0.9401698052883148,0.947548758983612,0.9366965457797051,0.9299285411834717,0.8942352995276451,1.0
4.4600000000002815,161.73622218020645,22.239788631085215,117.18533631009407,91.1090247131108,124.77835410035408,73.00154136642276,0.9415149331092835,0.9476075619459152,0.9423570394515991,0.923633360862732,0.8950605571269988,1.0
4.48000000000059,162.02631682580542,22.60735536787532,113.1408273229228,90.52365342818113,124.7045898901173,73.0371691705706,0.9465334624052048,0.949107775092125,0.9512308105826378,0.9207918554544449,0.8979194968938827,1.0
4.500000000000899,162.30314289357136,23.037193329774368,109.37992115574801,89.50367110541944,124.63092656216243,73.07294901686791,0.9504796087741851,0.9494727253913879,0.9605453401803971,0.9173910290002822,0.9017602905631065,1.0
4.5200000000012075,162.56130106902037,23.52158168933896,105.95973454010107,88.07491617811122,124.55738927244848,73.10887525526218,0.9493609488010406,0.948820474743843,0.9709697186946868,0.9154352381825447,0.9078711807727814,0.9931001782417297
4.540000000001516,162.79445863886787,24.047103666314605,102.93577185584917,86.28569982662236,124.4840031338925,73.14494221258389,0.9509296834468841,0.9483387410640717,0.9817364141345024,0.9142219990491867,0.9145562157034873,0.9829266980290412
4.560000000001825,162.9982182183266,24.593904398635814,100.36207109866079,84.20938294711267,124.4107932077936,73.18114419344238,0.9503107011318207,0.945788961648941,0.9851474374532699,0.912859021127224,0.9184575200080871,0.9696909666061401
4.5800000000021335,163.1685646843549,25.140407859475246,98.30084964036905,81.92817402472718,124.33778449527446,73.2174754811252,0.9490041345357895,0.9424070000648498,0.986090287566185,0.9114906877279282,0.9215339064598084,0.9544336542487144
4.600000000002442,163.30016978936789,25.668842582614754,96.81629067509353,79.52003602999706,124.26500192874354,73.25393033850088,0.9461539208889007,0.9401598542928695,0.985839845240116,0.9109298914670944,0.9230949699878692,0.9449479728937149
4.620000000002751,163.38503125198216,26.16772600804567,95.96605428775992,77.04789310100489,124.19247036338064,73.29050300892482,0.9410077184438705,0.9385394513607025,0.986517684161663,0.9111393943428993,0.9281908452510833,0.9337552398443222
4.6400000000030595,163.4144322114598,26.633531283312614,95.80049460640441,74.55970254925013,124.12021456864886,73.3271877171484,0.9296164751052857,0.9367320358753204,0.9860671624541282,0.9125687301158905,0.936177609860897,0.9266075149178504
4.660000000003368,163.38310611503658,27.063873133407427,96.35575241935362,72.11999199392429,124.04825921983591,73.36397867023095,0.9161596357822418,0.9342483639717102,0.9847758576273917,0.9143860653042793,0.9448332101106643,0.9219430729746818
4.680000000003677,163.2870248681699,27.45279536554639,97.63932757694367,69.74760933895988,123.97662888962752,73.40087005845444,0.9004828929901123,0.9325896233320236,0.9818727776408195,0.9174422413110733,0.9512310922145844,0.9224568724632263
4.700000000003985,163.12612739825664,27.79217500692166,99.62830655295919,67.46107110834114,123.9053480397158,73.43785605624106,0.8912031024694442,0.9316391825675964,0.98270705640316,0.9189284801483154,0.9572315871715545,0.9218450158834457
4.720000000004294,162.90446520732274,28.073610631252315,102.27460769682244,65.286089380207,123.83444101244572,73.47493082307298,0.8906340092420578,0.9280130237340927,0.9881782755255699,0.9161931410431862,0.9683515697717666,0.9166598320007324
4.740000000004603,162.62931640519045,28.289371115803185,105.49048789847237,63.29126797473044,123.76393202250213,73.51208850441472,0.8877121090888976,0.9263131469488144,0.9917134627699852,0.9172056213021278,0.9781850934028625,0.9129421070218086
4.760000000004911,162.3140676982764,28.43304913005611,109.09252669651634,61.52554159479341,123.69384514864049,73.54932323263768,0.8873075783252716,0.9240585759282112,0.9946810811758041,0.9189527273178101,0.982830773293972,0.9100380167365074
4.78000000000522,161.97152738931527,28.49360905206232,113.01201803587651,60.04680138030436,123.62420432546404,73.58662912794661,0.8896802693605422,0.9240074753761292,0.9987601086497306,0.9197986289858818,0.9871151149272919,0.9080126002430916
4.800000000005529,161.6177806129223,28.45161640602872,117.19185304653753,58.94066049970294,123.55503333525007,73.6240002993082,0.8902168184518814,0.9234919637441635,0.9986092299222946,0.925187861919403,0.9903943680226802,0.9066778525710105
4.820000000005837,161.26835599316186,28.31491410691553,121.57492173981181,58.21671560869332,123.4863557998284,73.66143084538123,0.8891843557357788,0.9227159649133682,0.9951781079173088,0.9355141922831535,0.9928495794534683,0.905771243572235
4.840000000006146,160.93457920617428,28.09537772722906,126.11145369019032,57.86883016360497,123.41819517251444,73.69891485544862,0.8860539764165878,0.9217039093375206,0.9907904073596,0.9474850296974182,0.9947680361568927,0.9050695911049843
4.860000000006455,160.6245245327753,27.804009292762878,130.68286781345594,57.88843992033608,123.35057473009999,73.73644641035062,0.8823988631367683,0.9218461200594902,0.9898457154631615,0.9560694307088852,0.9962451174855231,0.9050025269389153
4.880000000006763,160.34305692852172,27.451810434105187,135.1765549918163,58.26025295516415,123.28351756490417,73.77401958341963,0.8798501700162887,0.9234438002109527,0.9896000340580939,0.9672795355319976,0.998106338083744,0.9059883952140808
4.900000000007072,160.0936529593562,27.050179891698882,139.53552891772054,58.96221735460434,123.21704657688748,73.81162844141608,0.8788523346185684,0.9262111335992813,0.9901285007596016,0.977459654211998,0.9996586911380291,0.9063560590147972
4.920000000007381,159.87798250979205,26.609682484862812,143.69713091147858,59.96652444771324,123.15118446583143,73.8492670454653,0.8780991166830062,0.9292748779058456,0.9906795784831046,0.9876857236027717,1.0,0.9068582043051719
4.940000000007689,159.69856282595447,26.141041399033167,147.58107623207874,61.24098810929611,123.08595372358661,73.88692945199537,0.8783534750342369,0.931281903386116,0.9904984220862388,0.9963433936238288,1.0,0.9076453879475593
4.960000000007998,159.55688162528622,25.653064573512843,151.09083542696817,62.75059902552403,123.02137662639173,73.92460971367575,0.8801300942897796,0.9322161793708801,0.9908770695328712,1.0,1.0,0.9085033550858498
4.980000000008307,159.4545188513867,25.157403801330627,154.12627951559435,64.45294581648173,122.95747522726633,73.96230188035629,0.8822185382246971,0.9331813901662827,0.9913273587822914,1.0,1.0,0.9094087660312652
5.000000000008615,159.39582894216153,24.67120958233141,156.58710030770845,66.2884145985865,122.89427134847968,74.00000000000693,0.885497659444809,0.9339817523956299,0.9932418838143349,1.0,1.0,0.909916914999485
5.020000000008924,159.38327246361587,24.208478330181663,158.37850590630183,68.20816290333957,122.83178657409847,74.03769811965756,0.8871154695749283,0.9344664096832275,0.9931560173630714,1.0,1.0,0.9113161161541938
5.040000000009233,159.4186938032364,23.778204801536337,159.41530212174263,70.1775720317655,122.77004224261593,74.0753902863381,0.8853068292140961,0.9345308721065521,0.9901863381266593,1.0,1.0,0.9140912145376205
5.060000000009541,159.50398478606496,23.38597667579473,159.62496785181403,72.17149460365363,122.70905943966467,74.11307054801847,0.8857820495963097,0.9330108106136322,0.9852664515376091,1.0,1.0,0.9153167828917503
5.08000000000985,159.64315578276262,23.033822988315126,158.964597411437,74.17067086505799,122.64885899081605,74.15073295454856,0.8878485262393951,0.9305553644895553,0.9801796242594718,0.9990065410733222,1.0,0.9158867612481117
5.100000000010159,159.83239550440297,22.722569273707137,157.44878359575938,76.15946718697893,122.58946145446819,74.18837155859777,0.8920637965202332,0.9291815817356109,0.9741354271769523,0.9925413757562637,0.9973364368081092,0.9179492324590682
5.120000000010467,160.06235221738112,22.451460202344443,155.15406386393312,78.12445404959753,122.53088711482536,74.2259804165942,0.8955715581774711,0.9287022709846496,0.96396394520998,0.9879538282752036,0.9809545859694481,0.9237573504447937
5.140000000010776,160.32102129176664,22.22053463646602,152.19886158216937,80.04984586803036,122.47315597497087,74.26355358966319,0.8930631875991821,0.9295593172311782,0.9538699969649315,0.9839595004916191,0.9619060203433036,0.929149229824543
5.160000000011085,160.59535457306743,22.03037220653451,148.7254853357232,81.91577973110807,122.4162877500361,74.30108514456518,0.8931947857141495,0.9314500689506531,0.9450979888439178,0.9794463708996772,0.9406464651226997,0.9377009570598602
5.180000000011393,160.87468483916214,21.878847493793508,144.88487223235447,83.70570719982123,122.36030186046777,74.33856915463254,0.8931757420301437,0.9371558427810669,0.9387853965163231,0.9788716673851012,0.921552149951458,0.9533510476350784
5.200000000011702,161.14762972381365,21.761672298686975,140.82585092479633,85.40750526234605,122.30521742539587,74.37599970070556,0.8975665986537933,0.9414918839931488,0.9365778401494026,0.9777821630239486,0.9115637108683586,0.9651313722133636
5.220000000012011,161.40423627277505,21.67575651100005,136.68614601360738,87.00230834819395,122.25105325610453,74.41337087206712,0.9072178393602371,0.9419240951538086,0.9382959961891174,0.9718950629234313,0.9083587393164635,0.9700485453009605
5.240000000012319,161.63835012825143,21.623735765142584,132.57723730847133,88.44995902800505,122.19782784960792,74.45067676737602,0.9143302619457244,0.9431531637907028,0.9395136028528214,0.967922818660736,0.9058811381459236,0.9772040843963623
5.260000000012628,161.84882168492135,21.612307889453295,128.57807553524702,89.69176305345327,122.14555938233363,74.48791149559895,0.9236924633383751,0.944471451640129,0.9411864519119263,0.9607041224837303,0.9031597062945366,0.9926868945360183
5.280000000012937,162.03846894980387,21.654936815151558,124.73821651231974,90.64419696296464,122.09426570391533,74.52506917694068,0.9310373485088348,0.946376034617424,0.9429830402135849,0.9543477386236191,0.9005745753645896,1.0
5.300000000013245,162.21236735368612,21.773178864614234,121.08567543221778,91.20429758549254,122.0439643310972,74.56214394377255,0.9340850263834,0.9475407749414444,0.9446840837597846,0.9493230536580085,0.8988748148083686,1.0
5.320000000013554,162.37509015816633,21.981809521088987,117.64127386981068,91.29858624784606,121.994672441752,74.59912994155913,0.9346085846424103,0.947020971775055,0.9476578533649445,0.942828893661499,0.8986478686332703,1.0
5.3400000000138625,162.52858167551813,22.2792691855262,114.43036338770374,90.90958231879438,121.94640686901478,74.63602132978261,0.9355968087911606,0.9460402399301528,0.9526990696787834,0.9371815830469131,0.9001320958137512,1.0
5.360000000014171,162.67270326870252,22.656030888071204,111.48185532036727,90.05428818658169,121.89918409553441,74.6728122828651,0.9381854355335235,0.9452391713857651,0.959407502412796,0.9334224537014961,0.9032001852989197,1.0
5.38000000001448,162.80582572030335,23.101593377802008,108.82842723152525,88.76225884207987,121.85302024784478,74.70949699108864,0.9371684849262237,0.9439917474985122,0.9666756451129913,0.9311865866184235,0.9077805936336517,0.9970191225409507
5.4000000000147885,162.9247835428807,23.600012139891273,106.50435812435181,87.08775539169683,121.80793109085756,74.74606966151255,0.9397427976131439,0.9428314059972763,0.9757858350872993,0.9295934572815895,0.9133713409304619,0.9837429389357566
5.420000000015097,163.02542917604126,24.128962294085653,104.54350204922082,85.10860507703067,121.7639320224786,74.78252451888818,0.9407169580459595,0.9413784980773926,0.9845025092363358,0.9282086506485939,0.9194839835166931,0.9704128250479698
5.440000000015406,163.1049265443349,24.665429583024302,102.98203013177897,82.90947158774259,121.7210380683494,74.81885580657095,0.9408708721399307,0.9393109440803528,0.9911584779620171,0.926877823472023,0.9254632577300071,0.9559070318937302
5.4600000000157145,163.16049156422454,25.189175685388594,101.86185911657614,80.56910845029634,121.67926387671602,74.8550577874294,0.9376511037349701,0.9376706212759017,0.9916051909327507,0.9266968593001366,0.9292692720890044,0.9446819379925727
5.480000000016023,163.18837364807095,25.686600819000795,101.23148799194236,78.14978630605134,121.63862371342664,74.89112474475105,0.9311024457216263,0.9363661378622055,0.9931145459413528,0.9272540211677551,0.9367037162184715,0.9336328372359276
5.500000000016332,163.1827590618933,26.15345741261968,101.14469856684067,75.68822934897139,121.59913145705978,74.92705098314526,0.920154781639576,0.9344151705503464,0.9927514240145683,0.9286348983645439,0.9451302871108055,0.9276853114366531
5.5200000000166405,163.13700091959612,26.584656808523132,101.65212619269846,73.23111110900425,121.56080059418483,74.96283082944252,0.906473271548748,0.9328763246536255,0.9914233997464179,0.9311176359653472,0.9538470685482024,0.9271365404129028
5.540000000016949,163.0473455000623,26.97399676625357,102.78454353320028,70.83840243162847,121.52364421475632,74.9984586335903,0.8924388945102691,0.9322300732135772,0.9891114652156829,0.9345410287380218,0.9597533442080021,0.9286386489868164
5.560000000017258,162.90933153125675,27.312997267379046,104.54001061074392,68.5316953978262,121.48767500764379,75.03392876954535,0.8896195486187934,0.9305681765079498,0.9903887555003166,0.933593426644802,0.9646133795380591,0.925471407175064
5.5800000000175665,162.7227684007283,27.592909977938945,106.88239936166607,66.33941639357337,121.45290525629854,75.06923563616199,0.8880640774965286,0.927872610092163,0.9950036212801933,0.9328339725732803,0.9769532687962055,0.9210152655839919
5.600000000017875,162.49168660492433,27.80588753430639,109.74955303331978,64.33472840377584,121.41934683455878,75.10437365807671,0.8870989829301834,0.9258625090122222,0.998116409778595,0.9340825319290161,0.982041198015213,0.9181568399071693
5.620000000018184,162.22444228145562,27.94644235025961,113.05880286128104,62.571740473262004,121.3870112025948,75.1393372865885,0.888707610964775,0.9238148793578148,1.0,0.9358602508902549,0.9870414435863495,0.9154672145843505
5.640000000018492,161.9336504989617,28.006542394412303,116.7116717490471,61.108202857249594,121.35590940299531,75.17412100053512,0.8885510146617889,0.9224147707223892,1.0,0.9419246852397919,0.9918046779930592,0.9142572835087776
5.660000000018801,161.63422551079242,27.970737546784985,120.60084183672596,60.0220137487892,121.32605205699636,75.2087193071649,0.8885939568281174,0.9211938604712486,0.999972154200077,0.9505893111228942,0.9949317917227745,0.9128475233912468
5.68000000001911,161.33702777514407,27.84645996845991,124.62532985268243,59.32280110482755,121.29744936085424,75.24312674300417,0.8879189923405647,0.9202538847923278,0.9970339059829711,0.9616705760359764,0.9974398493766784,0.9117356449365616
5.700000000019418,161.05109520599933,27.64513539469669,128.69758713697263,59.00471983179977,121.27011108236353,75.27733787471992,0.8851269736886024,0.9199067041277885,0.9968958437442779,0.9708067119121551,0.9998705074191093,0.9111630380153656
5.720000000019727,160.78281610177268,27.377664562818907,132.73964434409586,59.05552508958263,121.24404655752124,75.31134729997787,0.8820984736084938,0.9213001698255538,0.997893750667572,0.9805442526936531,1.0,0.9112579345703125
5.740000000020036,160.53625197623924,27.053940227813456,136.67838949121895,59.45613401756649,121.21926468733875,75.34514964829553,0.879796615242958,0.9234934613108635,0.9989862591028214,0.9903821930289268,1.0,0.9118002235889434
5.760000000020344,160.31619195154536,26.683337060739564,140.4374862890347,60.18137466541915,121.19577393480203,75.37873958189026,0.8788859203457832,0.9258970290422439,0.9994089931249618,0.9997624993324279,1.0,0.9121347799897194
5.780000000020653,160.12433057810415,26.275588296841615,143.93328046646243,61.20108987703816,121.17358232198154,75.41211179652213,0.8789837673306465,0.9279832422733306,1.0,1.0,1.0,0.9125108435750008
5.800000000020962,159.96237114443133,25.83909078803448,147.07463745587765,62.48162282636807,121.15269742729274,75.44526102233161,0.8805197209119796,0.9284890353679657,1.0,1.0,1.0,0.9131897911429405
5.82000000002127,159.83197643064696,25.3829885346023,149.77237674708388,63.98705854239804,121.133126382908,75.47818202467167,0.8823227509856224,0.9291698962450027,1.0,1.0,1.0,0.9140147045254707
5.840000000021579,159.735099659259,24.918296829959658,151.94506019474224,65.6741697680768,121.1148758723211,75.51086960493438,0.8852431312203407,0.9295531749725342,1.0,1.0,1.0,0.914460827410221
5.860000000021888,159.67480198374096,24.462650348348376,153.5231192773155,67.48316996226878,121.09795212806465,75.54331860137192,0.8885623514652252,0.9301664263010024,1.0,1.0,1.0,0.9149809971451759
5.880000000022196,159.65120836921727,24.029510375929114,154.45464057971898,69.36442333259915,121.08236092958181,75.57552388991157,0.8877645820379257,0.930393573641777,1.0,1.0,1.0,0.916918495297432
5.900000000022505,159.66343374779822,23.627416350796423,154.71483839675096,71.28249300900038,121.0681076012526,75.60748038496494,0.8881481558084487,0.9297802954912185,0.9973259806632995,1.0,1.0,0.9176044657826423
5.920000000022814,159.71091579926372,23.26082114809076,154.3078886190438,73.21165852672584,121.05519701057558,75.63918304023103,0.889487512409687,0.9271491825580597,0.9911673471331596,1.0,1.0,0.9183867007493972
5.940000000023122,159.7917284885476,22.93083747555409,153.26631818551158,75.1326023930128,121.04363356650563,75.67062684949303,0.8917495489120483,0.925536772608757,0.986174687743187,1.0,1.0,0.9194737330079078
5.960000000023431,159.89942589235523,22.637400572376347,151.6490104618166,77.03089503969426,121.03342121794832,75.70180684740897,0.8952761575579643,0.9250845968723297,0.9781073361635207,0.9997756913304329,0.9990777760744094,0.9228662490844727
5.98000000002374,160.02635823970152,22.379244085227352,149.5372265202866,78.89360409906155,121.0245634524113,75.73271811029574,0.8972148269414901,0.9262346386909485,0.9675111174583435,0.99473257958889,0.9794067859649658,0.9297309294342995
6.000000000024048,160.16438135492112,22.15637810189828,147.02862342223784,80.70557205617024,121.01706329481341,75.76335575690656,0.8944268718361854,0.9280020713806152,0.9590493917465209,0.9920782744884491,0.96192996352911,0.9354968428611755
6.020000000024357,160.30504201589628,21.966906699799125,144.22876960882388,82.45374723066469,121.0109233064516,75.7937149492019,0.8935727089643478,0.9310727715492249,0.9521134316921234,0.9903817236423492,0.9440071076154709,0.9451618656516075
6.040000000024666,160.44223002910772,21.807118419827283,141.2421881590736,84.12713601315717,121.00614558412627,75.82379089311334,0.8927066862583161,0.9370401591062546,0.9475902304053306,0.991864363849163,0.9289142236113548,0.9601474523544311
6.060000000024974,160.56906655562906,21.67392372571778,138.16592252822392,85.71325347243669,121.0027317594252,75.8535788393007,0.8977281793951988,0.940332293510437,0.9454176232218742,0.9886430889368056,0.9190717414021492,0.967179100215435
6.080000000025283,160.6801095310562,21.56826447878678,135.08118340677282,87.18680598730728,121.00068299816641,75.88307408390196,0.9032500877976417,0.940855798125267,0.9452118709683418,0.9847569122910499,0.914422856271267,0.9726221293210983
6.100000000025592,160.77325872158704,21.497993755993242,132.04771289742908,88.49878135789236,121.0,75.91227196927606,0.9082776337862014,0.9412217497825622,0.9456898003816604,0.980041754245758,0.9112777292728423,0.9788735538721084
6.1200000000259,160.85020809297905,21.473948535493705,129.1031624750575,89.58572349166835,121.00068299816921,75.94116788473846,0.9151797756552696,0.941983550786972,0.9468556225299835,0.9743553057312965,0.9091850697994232,0.9906386792659759
6.140000000026209,160.91547290390108,21.512197065794968,126.26645611659912,90.36592489447318,121.00273175943079,75.96975726728911,0.9206620410084724,0.9432621866464614,0.9482276752591133,0.9691455304622649,0.9072341918945312,1.0
6.160000000026518,160.97486742535258,21.63206378385835,123.54484250430271,90.7520966774876,121.00614558413464,75.99803560233309,0.9241520017385483,0.9436689525842666,0.9505357518792152,0.9627059400081635,0.9060172200202942,1.0
6.180000000026826,161.03328506615992,21.841407556485546,120.94421814624842,90.69613200566572,121.01092330646277,76.0259984243935,0.9257872998714447,0.9424533665180206,0.9531982466578484,0.9555994361639023,0.9060889288783073,1.0
6.200000000027135,161.09374872181948,22.13467096992768,118.47504368802785,90.1945265980541,121.01706329482737,76.05364131781657,0.9269611686468124,0.9403340727090835,0.9552822515368461,0.9498189136385917,0.9065835148096084,1.0
6.220000000027444,161.15737402614246,22.500116183038706,116.15390908441108,89.27089195922476,121.02456345242803,76.08095991746897,0.9273043572902679,0.9381981045007706,0.958506865799427,0.9457172572612762,0.9084793671965599,0.994744099676609
6.240000000027752,161.22415830792812,22.925748406786266,114.00365980206888,87.9581209106138,121.0334212179678,76.10794990942715,0.9309930026531219,0.9373156219720841,0.9641108140349388,0.9437187880277633,0.9119500115513801,0.9818983972072601
6.260000000028061,161.29057504760257,23.397299285029,112.0522110131943,86.30328643257837,121.04363356652789,76.13460703165848,0.9335281014442444,0.9362978219985961,0.9714385867118835,0.9423802897334098,0.9167125105857848,0.9695126220583915
6.2800000000283696,161.35270968861875,23.895108291901256,110.33297764058317,84.37342273402548,121.0551970106006,76.16092707469436,0.9346792429685592,0.9359694123268127,0.9789314270019531,0.9414570689201355,0.9214750990271569,0.9599267154932022
6.300000000028678,161.40682334432532,24.3982147009364,108.88301825620599,82.24277899339722,121.06810760128037,76.18690588229487,0.9337041527032852,0.9359969854354858,0.9868619948625564,0.9410610452294349,0.928057025372982,0.950152213871479
6.320000000028987,161.4499508639695,24.889004790341318,107.73859980393186,79.97660634892604,121.08236092961232,76.21253935210514,0.9304987609386444,0.9360221803188323,0.9939504250884056,0.9415030151605606,0.9383964002132416,0.9392520874738693
6.3400000000292955,161.47905572354446,25.358685675365834,106.93489913770156,77.61668423105948,121.09795212809789,76.23782343630312,0.9242871806025504,0.9361185252666473,0.9992208808660507,0.9425386786460876,0.9491772398352623,0.9319089412689209
6.360000000029604,161.4884503933719,25.7990402081867,106.50821163367252,75.20497545242755,121.11487587235705,76.26275414223883,0.914863458275795,0.9352592706680297,1.0,0.944408169388771,0.9593805104494094,0.9318386226892471
6.380000000029913,161.47116677982166,26.200457336049187,106.49530458618516,72.78884022841554,121.13312638294667,76.2873275330648,0.9037215620279312,0.9345144838094711,0.9999527618288994,0.9469096422195434,0.9653404504060745,0.9327427059412002
6.4000000000302215,161.4221110916115,26.554525419296446,106.92837971750747,70.41858879593406,121.15269742733409,76.31153972835774,0.8944250971078872,0.9332079350948334,0.9965503975749015,0.9492560341954231,0.9690149784088135,0.9336052596569061
6.42000000003053,161.3363867717931,26.853087715625133,107.82972820472708,68.14812984061541,121.17358232202557,76.33538690473135,0.8942005336284637,0.9299700796604157,0.9990689560770988,0.949144659936428,0.9777534052729606,0.9306293040513992
6.440000000030839,161.21010177412487,27.089682556481876,109.20599799430657,66.03686506466207,121.19577393484873,76.35886529644002,0.8970836445689201,0.9272068053483963,1.0,0.9479825660586357,0.9859952837228775,0.9271413281559944
6.4600000000311475,161.0437894640231,27.259628568767315,111.04348398709611,64.14473231145186,121.2192646873881,76.38197119597353,0.8975597500801086,0.9248517900705338,1.0,0.9510302796959876,0.9915558293461799,0.9248000189661979
6.480000000031456,160.84204037458562,27.355506134168294,113.30495234823117,62.54152400322708,121.24404655757321,76.40470095464252,0.8970981508493423,0.9225661635398864,1.0,0.9553192481398582,0.9978508979082107,0.9226905286312103
6.500000000031765,160.61298586127546,27.35840056503507,115.9316748735564,61.3253815088138,121.27011108241811,76.42705098315456,0.8964526325464248,0.9209207758307457,1.0,0.960496635735035,1.0,0.9214211598038673
6.5200000000320735,160.36631471669276,27.26981750191864,118.84813572609303,60.52929240709269,121.29744936091143,76.44901775218109,0.8952141761779785,0.9195555314421654,1.0,0.9675685748457908,1.0,0.9200818613171577
6.540000000032382,160.1101240246683,27.103789825869775,121.9749379125294,60.14048702568278,121.32605205705612,76.47059779291463,0.8919107899069786,0.9180292204022408,1.0,0.9752272427082062,1.0,0.9190083473920821
6.560000000032691,159.85061044642754,26.873233198704213,125.23247577900291,60.137948308831696,121.35590940305762,76.49178769761657,0.8877698123455048,0.9170788735151291,1.0,0.9834199696779251,1.0,0.9182614415884017
6.5800000000329995,159.59277585749075,26.58964800794522,128.53865600971426,60.495920683160556,121.38701120265965,76.51258412015532,0.8850502267479896,0.918286707997322,1.0,0.9915283769369125,1.0,0.9183721542358398
6.600000000033308,159.34083853452773,26.263271767540274,131.80961139599233,61.18448337694953,121.41934683462614,76.53298377653469,0.8832997411489486,0.9201083213090896,1.0,0.9994608491659164,1.0,0.9182526975870132
6.620000000033617,159.09839041260864,25.902755342810064,134.96128483039064,62.16895507601653,121.45290525636838,76.55298344541247,0.8824643895030021,0.9226833090186118,1.0,1.0,1.0,0.9180112808942794
6.640000000033925,158.86896694124306,25.51570771855221,137.91042009703855,63.410859410981104,121.4876750077161,76.57257996860906,0.8818553403019905,0.9252373754978179,1.0,1.0,1.0,0.9185935527086257
6.660000000034234,158.65546711037481,25.10940876710158,140.5769576988691,64.86986091851928,121.52364421483107,76.59177025160632,0.8818553313612938,0.926660743355751,1.0,1.0,1.0,0.9196100518107414
6.680000000034543,158.4631420101823,24.690142567065454,142.88694653914192,66.50536525348987,121.56080059426199,76.61055126403608,0.882659962773323,0.9278687477111817,1.0,1.0,1.0,0.9205324187874794
6.700000000034851,158.29536061827295,24.26530819989082,144.7757779197134,68.27759453474826,121.59913145713934,76.62892004015876,0.8847257420420647,0.9288021922111511,1.0,1.0,1.0,0.9211181372404098
6.72000000003516,158.15413533307247,23.842446610688306,146.1922284766824,70.14888035498825,121.63862371350855,76.64687367933168,0.8846596479415894,0.929340323805809,1.0,1.0,1.0,0.9228128418326378
6.740000000035469,158.04052426688685,23.431695987241145,147.1046351426931,72.07856052228877,121.67926387680028,76.66440934646708,0.8829381927847862,0.9298528850078582,0.9969185262918472,1.0,1.0,0.9251262873411178
6.760000000035777,157.95516335619962,23.048769283413243,147.5019073213237,74.01272324559136,121.72103806843594,76.68152427247986,0.8832813277840614,0.9299912869930267,0.9925093501806259,1.0,1.0,0.9258191466331481
6.780000000036086,157.89983003906227,22.70367567754992,147.39255902000556,75.91122983833098,121.76393202256742,76.69821575472477,0.8844937399029732,0.9289645910263061,0.9866999939084052,1.0,1.0,0.9278148844838142
6.800000000036395,157.87198277092045,22.40120202063118,146.80333367553743,77.75036432436265,121.80793109094864,76.71448115742331,0.8870124101638793,0.9290929436683655,0.9808745801448822,1.0,1.0,0.9309028580784797
6.820000000036703,157.86825859985453,22.14164012523308,145.77733313477742,79.51721222634195,121.85302024793806,76.7303179120798,0.8905491799116134,0.9307880640029907,0.9713344946503639,1.0,0.9839989647269248,0.9380887329578399
6.840000000037012,157.88475096463955,21.924920650130677,144.37106510467314,81.2012935286979,121.89918409562988,76.74572351788711,0.8922602415084838,0.9325177580118179,0.9641508102416991,1.0,0.9668331399559974,0.9438204437494278
6.860000000037321,157.91729380010543,21.750428976516066,142.6494184729667,82.79224508433978,121.9464068691124,76.7606955421215,0.8902073457837104,0.9343878567218781,0.9577744707465171,1.0,0.9519408494234085,0.9498001158237457
6.880000000037629,157.9618798509654,21.615665050561933,140.68069982139315,84.28341337365967,121.99467244185173,76.77523162052678,0.8910255581140518,0.9353923797607422,0.9541156738996506,0.997400389611721,0.9405839160084725,0.9538438633084297
6.900000000037938,158.0158573292651,21.518668292609902,138.53171642677796,85.66616092247699,122.043964331199,76.78932945768766,0.8947174310684204,0.9374444484710693,0.9517015919089317,0.9944961920380592,0.9310886412858963,0.9589278385043144
6.920000000038247,158.07505645810886,21.460728283430406,136.26275789425253,86.92159351073458,122.09426570401916,76.80298682739222,0.8987811028957366,0.9395659774541855,0.9500943854451179,0.9920519977807998,0.9237537249922753,0.9646560177206993
6.940000000038555,158.13680600390737,21.44914425646081,133.92071993236638,88.00854119431119,122.14555938243949,76.81620157298346,0.9035330206155777,0.9395750790834426,0.950444047152996,0.9878294989466667,0.9202760130167007,0.9693919673562049
6.960000000038864,158.20032904796875,21.491768693853523,131.53933911805754,88.87612433792378,122.19782784971576,76.82897160769987,0.9090279683470726,0.9396955102682113,0.9514361381530761,0.981132273375988,0.9173244968056679,0.977001591026783
6.980000000039173,158.2670190603257,21.59403509127084,129.14182820869922,89.47549490889287,122.2510532562143,76.84129491500494,0.914763867855072,0.9397592663764953,0.9526928156614304,0.9760314002633095,0.9160757541656493,0.9837418928742409
7.000000000039481,158.33889298819489,21.756404476753005,126.7475735305204,89.77159708282451,122.30521742550755,76.85316954890558,0.9194412738084793,0.9400338441133499,0.9550179153680801,0.970132078230381,0.9151059165596962,0.990063488483429
7.02000000003979,158.41742794675787,21.976538285359787,124.37555550155537,89.74179347793898,122.3603018605813,76.86459363425945,0.9252858608961105,0.9391766458749771,0.9580943465232848,0.96286863386631,0.9147428259253502,0.9886203706264496
7.040000000040099,158.50350655266084,22.250570144281948,122.04635535091275,89.37570732370783,122.41628775015147,76.87556536707102,0.9281418859958649,0.9379881501197814,0.9605871647596359,0.9579806879162788,0.9149614974856376,0.9860233262181282
7.060000000040407,158.5962962840651,22.57244170965654,119.78630691105549,88.67676798157068,122.47315597508802,76.8860830147765,0.9304648846387863,0.936575573682785,0.9631116330623626,0.9541697919368743,0.9156852021813392,0.9819885462522506
7.080000000040716,158.6922587792151,22.936200912132097,117.6285443750981,87.65554389306755,122.53088711494425,76.89614491651741,0.9330930829048156,0.935940471291542,0.9673633947968483,0.9523044183850288,0.9179101258516311,0.9759431958198547
7.100000000041025,158.78746059960085,23.33476190030339,115.61109707533328,86.33245923737203,122.58946145458879,76.90574948340281,0.9350363433361053,0.9363879263401031,0.9740734189748763,0.9516730800271034,0.9215512469410896,0.9702407166361808
7.120000000041333,158.8768827384874,23.75888639423811,113.77724577879357,84.7391999161375,122.64885899093831,76.91489519876025,0.9361089318990707,0.9369224011898041,0.9811388984322548,0.9511437952518463,0.9255237147212029,0.9647877410054206
7.140000000041642,158.95479557186775,24.19777631079306,112.1744604782562,82.9157916157983,122.70905943978855,76.92358061837524,0.9358608454465865,0.9373117238283157,0.9888176202774047,0.9508258238434791,0.9313443943858146,0.9572111532092095
7.160000000041951,159.01675336643973,24.640361850731228,110.84869730250541,80.90604213015278,122.77004224274138,76.93180437071938,0.9338591039180756,0.9375921487808228,0.9965603485703468,0.9510315269231796,0.9405458867549896,0.9474765136837959
7.180000000042259,159.05772648956525,25.074835521706643,109.84130202813243,78.75669582070299,122.83178657422546,76.93956515716678,0.9293309450149536,0.9381451308727264,1.0,0.9519385918974876,0.9504685267806053,0.9402934059500694
7.200000000042568,159.07170118478473,25.490475000423416,109.19003857544219,76.5169510146759,122.89427134860816,76.94686175219935,0.9225224569439888,0.937750694155693,1.0,0.9531669944524764,0.9611533120274544,0.9356633365154267
7.220000000042877,159.05325607785528,25.87697116272667,108.9304148315059,74.23731955373457,122.95747522739626,76.95369300360014,0.913991168141365,0.9371778547763824,1.0,0.9550927087664604,0.9696476623415946,0.9362748846411705
7.240000000043185,158.9989635704368,26.226516570454926,109.09264099506245,71.96870790749323,123.02137662652306,76.96005783263533,0.9051379829645156,0.9357858151197433,1.0,0.9573833107948303,0.9743251308798789,0.9386984974145889
7.260000000043494,158.90420061319,26.531793710585198,109.69788147160558,69.76438063026936,123.0859537237193,76.96595523422467,0.902124610543251,0.9333720326423645,1.0,0.9595434769988059,0.9838217779994011,0.9374118149280548
7.2800000000438025,158.76656348755316,26.786690306955713,110.75343188959755,67.6824457357416,123.15118446596543,76.97138427710004,0.902500969171524,0.929647222161293,1.0,0.9581336677074432,0.9921142697334289,0.9341459259390831
7.300000000044111,158.58716919291138,26.98644884294018,112.24615741464355,65.78293125372852,123.21704657702276,76.97634410395268,0.9024112671613693,0.9280563145875931,1.0,0.960417528450489,0.996040715277195,0.9321637511253357
7.32000000004442,158.37060051198833,27.121488465618715,114.14070703756558,64.14229733283618,123.28351756504067,76.98083393156843,0.9027414292097091,0.925895830988884,1.0,0.9638370811939239,1.0,0.9296885460615157
7.3400000000447285,158.12432972240364,27.16924618612755,116.3830236410446,62.87251509459961,123.35057473023765,76.98485305095143,0.900525526702404,0.9237983480095863,1.0,0.9690058186650276,1.0,0.9281694188714027
7.360000000045037,157.85734360933094,27.129471275101945,118.90509766499979,62.014689748066104,123.41819517265324,76.98840082743615,0.8987943798303604,0.9224195092916488,1.0,0.9750238955020905,1.0,0.9270497530698776
7.380000000045346,157.57915813921153,27.016077861409425,121.63054457360467,61.55917002605743,123.48635579996828,76.99147670078757,0.8965339079499245,0.9211300954222679,1.0,0.9822353363037108,1.0,0.9257215857505798
7.4000000000456545,157.29570523412875,26.842219821581942,124.48081478650653,61.48623307596718,123.55503333539099,76.99408018528963,0.8903108656406402,0.9191539376974106,1.0,0.9879691839218139,1.0,0.9253229334950447
7.420000000045963,157.0131819251498,26.61933674472736,127.37596011122825,61.76979267883865,123.62420432560593,76.99621086982194,0.8876396805047989,0.9196812823414803,1.0,0.9972304850816727,1.0,0.9244320154190063
7.440000000046272,156.73796612560025,26.35631921230297,130.23573144956416,62.378483984967616,123.69384514878332,76.9978684179247,0.8855588272213936,0.9213098749518395,1.0,1.0,1.0,0.9246160954236984
7.4600000000465805,156.47471319255314,26.061171988101293,132.9807080173052,63.27576926466874,123.76393202264585,76.99905256785188,0.8849354729056358,0.9232203766703605,1.0,1.0,1.0,0.924033086001873
7.480000000046889,156.2275882718519,25.741240515779673,135.5340578960688,64.4217705097544,123.83444101259028,76.99976313261244,0.8843649491667748,0.9255778104066849,1.0,1.0,1.0,0.924221958220005
7.500000000047198,156.0004329950666,25.40234853300832,137.8237422729726,65.77544984247793,123.90534803986115,77.0,0.8843571797013282,0.9268859595060348,1.0,1.0,1.0,0.9251558855175972
7.5200000000475065,155.79742207588805,25.049521772702345,139.7855741847144,67.29599046696518,123.9766288897736,76.99976313261044,0.884564733505249,0.9282449275255203,1.0,1.0,1.0,0.9263000041246414
7.540000000047815,155.62151907881582,24.69081171832906,141.36456981481763,68.93806187308255,124.04825921998268,76.99905256784787,0.8853022202849388,0.9295689553022385,1.0,1.0,1.0,0.9273399323225021
7.560000000048124,155.4762856509834,24.338740837321833,142.52072339580332,70.64558774987475,124.12021456879627,76.9978684179187,0.8852010920643806,0.9300932109355926,1.0,1.0,1.0,0.9289878949522972
7.580000000048432,155.36359530181,23.999819633953823,143.2318401282362,72.38481444375127,124.19247036352864,76.99621086981394,0.8846373230218887,0.930414879322052,0.9986039325594902,1.0,1.0,0.9302727222442627
7.600000000048741,155.28300758598752,23.68185796889245,143.49328163975684,74.1219563031652,124.26500192889209,76.99408018527963,0.8854222938418388,0.9304346114397049,0.9940605521202087,1.0,1.0,0.9303801044821739
7.62000000004905,155.23326103753692,23.39071335688556,143.31698740630287,75.83042111168152,124.3377844954235,76.99147670077558,0.887622720003128,0.9304563283920287,0.9864996507763862,1.0,1.0,0.932850056886673
7.640000000049358,155.21168440447067,23.129977401097996,142.73014697359878,77.49106803485267,124.41079320794307,76.98840082742217,0.890957398712635,0.9313884228467941,0.9796792089939117,1.0,0.9970467895269394,0.9364577263593673
7.660000000049667,155.21549091449558,22.9021815618238,141.7734261035618,79.08957266471955,124.48400313404235,76.98485305093544,0.8955509230494499,0.9326341211795807,0.9729011103510856,1.0,0.9795749694108963,0.9423538476228713
7.680000000049976,155.24177616772397,22.708837347147522,140.49850395787934,80.61342859726916,124.55738927259866,76.98083393155045,0.8984528496861458,0.9338796138763428,0.9682956859469414,1.0,0.9657917499542236,0.9467830866575241
7.700000000050284,155.28561429785674,22.549584053534176,138.96410671806086,82.05348985673734,124.63092656231291,76.97634410393272,0.9000315129756927,0.9351574897766113,0.9649692729115485,0.9970474064350128,0.9551016718149185,0.9501937612891197
7.720000000050593,155.34231825427503,22.423031902949166,137.23032569378634,83.40457828837249,124.70458989026801,76.9713842770781,0.9029241323471069,0.9365501463413238,0.9625520706176758,0.9939418375492095,0.9462618887424469,0.9527536571025849
7.740000000050902,155.40759874285646,22.32964226058578,135.35292940136517,84.65588369383312,124.77835410050496,76.96595523420072,0.9067407235503196,0.9390647351741791,0.9605296045541764,0.9917067483067512,0.937685739994049,0.9568088263273239
7.76000000005121,155.47759348084975,22.273298910571338,133.38050954237664,85.78481527543914,124.85219400261354,76.96005783260942,0.9118921741843223,0.9408330082893371,0.959966729581356,0.9864176243543624,0.9305873364210129,0.9636444672942162
7.780000000051519,155.54901122301254,22.260990619439543,131.3529785904351,86.7521656848541,124.92608438033483,76.95369300357225,0.917217481136322,0.9409861534833908,0.9610817953944206,0.9799562007188797,0.9265559807419776,0.9702816382050514
7.800000000051828,155.61941773717822,22.298139431203207,129.30372528616422,87.5163053753142,125.00000000017252,76.94686175216951,0.922250172495842,0.9411616683006286,0.9618412718176842,0.9759542554616928,0.9244585022330284,0.9769861727952956
7.820000000052136,155.6872703411989,22.38612045903888,127.26273547531015,88.04446090010259,125.07391562001015,76.93956515713498,0.9270500659942627,0.9410881489515305,0.9628118112683296,0.9722000837326049,0.9231715694069862,0.9828627184033394
7.840000000052445,155.75140471726817,22.522844818187053,125.25758283186848,88.31519412504622,125.14780599773127,76.9318043706856,0.9309649467468262,0.9405358642339706,0.9646735146641731,0.9676097109913826,0.922248862683773,0.9860664248466491
7.860000000052754,155.81055571698755,22.706542589891342,123.31387301392397,88.31061796746664,125.22164589983956,76.92358061833951,0.9357559710741042,0.9395861923694611,0.96718240827322,0.9623933240771293,0.921677042543888,0.9844431206583977
7.880000000053062,155.86289359647253,22.937154822586503,121.45920578210252,88.01189631568975,125.2954101100761,76.91489519872258,0.937120670080185,0.9386097609996795,0.9700685322284698,0.9592838659882545,0.9221874043345452,0.9831699475646019
7.900000000053371,155.90577094593996,23.21418433429993,119.72534760164015,87.40714834560151,125.36907343803067,76.9057494833632,0.9399641424417495,0.9383176505565644,0.9749552220106125,0.9575917899608611,0.9242566391825676,0.9793267846107483
7.92000000005368,155.9361435884943,23.53512193207062,118.14465817207692,86.49710385234398,125.44261072774427,76.89614491647586,0.9410927712917327,0.9386948943138123,0.9805686563253402,0.9571387112140656,0.9271838769316673,0.9756202489137649
7.940000000053988,155.95157329867638,23.892860838342767,116.74852875441097,85.29856331897554,125.51599686629982,76.88608301473302,0.9417911738157272,0.9390008896589279,0.986341767013073,0.9566818326711655,0.930374002456665,0.9712866485118865
7.960000000054297,155.949094299225,24.277133659196103,115.56827638215104,83.84459598652927,125.58920679239822,76.87556536702562,0.94164879322052,0.9392422795295715,0.9919162109494208,0.9563115537166595,0.933769491314888,0.9667118281126021
7.980000000054606,155.925328938932,24.676239443846903,114.63493199218648,82.17388693639673,125.66221550491679,76.86459363421211,0.9392141073942184,0.9395102053880692,0.9980837270617484,0.9564062759280204,0.9400794506072998,0.959100715816021
8.000000000054914,155.87655307817187,25.079580849125207,113.97728716750956,80.3279501966326,125.73499807144708,76.85316954885636,0.9350893080234527,0.9398208320140838,1.0,0.9570927202701568,0.9485243186354637,0.9510389700531959
8.020000000054868,155.79995589727537,25.47608806018391,113.62195988046442,78.3519328645986,125.8075296368093,76.8412949149538,0.9293307572603225,0.9394488096237182,1.0,0.9580781817436218,0.9575979590415954,0.9451902568340301
8.040000000054821,155.69468569182496,25.85662822581394,113.5914214776921,76.29328030946697,125.87978543154033,76.82897160764685,0.9212780281901359,0.9388594835996628,1.0,0.9596773639321327,0.967052736878395,0.9410003513097763
8.060000000054774,155.55696327008974,26.212593637119575,113.90143173155582,74.20026001889569,125.95174078035245,76.81620157292855,0.912016275525093,0.9383329033851623,1.0,0.9617792412638664,0.9737966731190681,0.9405437186360359
8.080000000054728,155.38572700258845,26.53683063700684,114.55878494261238,72.12152887144731,126.02337111055996,76.80298682733543,0.9043417334556579,0.937657219171524,1.0,0.9642018258571624,0.9781966626644134,0.94219239205122
8.100000000054681,155.1815588676916,26.82302530567064,115.5592702277196,70.10887167953813,126.09465196047073,76.78932945762901,0.9026172786951064,0.9352269321680069,1.0,0.9665268942713737,0.9889023378491402,0.9418707057833672
8.120000000054635,154.9475538640724,27.06566250525222,116.8833853718158,68.2176599748181,126.1655589877398,76.77523162046627,0.9003281027078628,0.9336315631866455,1.0,0.9686988219618797,0.9977056562900543,0.9391578212380409
8.140000000054588,154.69139066726484,27.259636649267243,118.49608756384977,66.50343576529058,126.23606797768231,76.76069554205915,0.8997548654675483,0.9314933061599732,1.0,0.972463472187519,1.0,0.9372023165225982
8.160000000054541,154.41795185030054,27.40184152755076,120.34953111162868,65.01694931055879,126.30615485154281,76.74572351782292,0.9003640666604041,0.9296219736337662,1.0,0.9768049895763397,1.0,0.9351466715335846
8.180000000054495,154.13633786115304,27.487171181257906,122.3863066169403,63.81121398198146,126.37579567471806,76.73031791201379,0.9000422865152359,0.927948248386383,1.0,0.9821944326162337,1.0,0.933668103814125
8.200000000054448,153.85626421528852,27.503560524995308,124.54273783135525,62.9521956554387,126.44496666493076,76.71448115735548,0.9002892598509789,0.9266958624124527,1.0,0.9883227258920669,1.0,0.9323381304740905
8.220000000054402,153.58605627784456,27.45680886034536,126.75223863942654,62.4492130321846,126.51364420035111,76.69821575465514,0.8962784945964813,0.9247141793370247,1.0,0.9951499313116073,1.0,0.931241026520729
8.240000000054355,153.3325327762529,27.355763224186617,128.94801651829422,62.293853545842644,126.58180482766369,76.68152427240842,0.8916311383247375,0.9237645745277404,1.0,1.0,1.0,0.9307067528367042
8.260000000054308,153.10084704314983,27.20817385107209,131.06429336851897,62.46879959999405,126.64942527007669,76.66440934639387,0.8883277341723442,0.923871237039566,1.0,1.0,1.0,0.9310085818171501
8.280000000054262,152.89444144538734,27.02090064001299,133.03787938728473,62.94848241972942,126.716482435271,76.64687367925669,0.887693677842617,0.9247724682092666,1.0,1.0,1.0,0.9308090522885323
8.300000000054215,152.71535072478738,26.800258987237104,134.8095999204258,63.701287802159435,126.78295342328612,76.62892004008201,0.8875273138284683,0.9261379987001419,1.0,1.0,1.0,0.9305510237812996
8.320000000054169,152.56457929358385,26.551620425485233,136.32592004294358,64.69188604810853,126.84881553434055,76.61055126395757,0.8878612712025642,0.9269542217254638,1.0,1.0,1.0,0.9308680608868599
8.340000000054122,152.44275735371647,26.27974350604089,137.54101364260669,65.88315009736912,126.91404627658252,76.59177025152641,0.8884824842214584,0.9276077777147292,1.0,1.0,1.0,0.9315810903906822
8.360000000054075,152.35129824631264,25.99132789714965,138.4203104100369,67.23322997949752,126.97862337377454,76.57257996852779,0.8894896626472473,0.9282334834337235,1.0,1.0,1.0,0.932636508345604
8.380000000054029,152.2905054899678,25.696582884232203,138.94403901931364,68.6912354288175,127.04252477289702,76.55298344532986,0.8918079808354378,0.9288583934307099,1.0,1.0,1.0,0.9329026281833649
8.400000000053982,152.2609051437841,25.39997634723354,139.10738276592411,70.22388490831645,127.10572865168074,76.53298377645076,0.895284879207611,0.9290855944156646,1.0,1.0,1.0,0.9320718318223953
8.420000000053935,152.26020168582696,25.106990366316378,138.91957010308124,71.80107607754296,127.16821342605898,76.5125841200701,0.8982736557722092,0.9292359948158264,1.0,1.0,1.0,0.9322394788265228
8.440000000053889,152.28491783884985,24.826288095147678,138.40263247001533,73.38569020640085,127.22995775753853,76.49178769753009,0.9028581589460373,0.9297119975090027,0.9953045472502708,1.0,1.0,0.9332339033484459
8.460000000053842,152.33112178648875,24.5640533024133,137.58979307793456,74.94737389692168,127.29094056048677,76.47059779282691,0.908876521885395,0.9296931862831116,0.9893982335925102,1.0,1.0,0.935951566696167
8.480000000053796,152.39366315053982,24.32473097991236,136.52349997609915,76.46436134624189,127.35114100933235,76.44901775209217,0.9156783893704414,0.9306381464004516,0.984829345345497,0.9939979851245879,0.9877167478203773,0.9394072219729424
8.500000000053749,152.46838577201123,24.109555158793867,135.2531725668994,77.92417632353563,127.41053854567714,76.42705098306446,0.920030577480793,0.9334242641925812,0.9811016201972961,0.9897308811545371,0.9747280970215797,0.9438853040337563
8.520000000053702,152.5492777280485,23.917365262862944,133.83277679147204,79.32212828453629,127.46911288531689,76.40470095455126,0.9205810517072678,0.9365103781223297,0.9789397150278091,0.9889233350753783,0.9659074380993843,0.9483938112854957
8.540000000053656,152.62957177402834,23.74605294364416,132.31754653687918,80.65706945995666,127.52684402516827,76.38197119588116,0.9234218105673789,0.9389737188816071,0.9772122338414192,0.9840792566537857,0.955864192545414,0.9532714664936065
8.56000000005361,152.70277091578097,23.595595488771018,130.75831656396343,81.92368923718115,127.58371225009992,76.35886529634655,0.9268367409706115,0.9412899404764176,0.9753747820854186,0.9795090675354003,0.9463142767548561,0.9588711231946945
8.580000000053563,152.76275403365543,23.46895112635216,129.19899442176825,83.10647018506927,127.63969813966511,76.33538690463682,0.930843585729599,0.9434110403060912,0.9739362642168998,0.9752283200621604,0.9381894186139107,0.9652192324399947
8.600000000053516,152.80398384327324,23.37219199816346,127.67871184218427,84.1765987369253,127.69478257473386,76.31153972826218,0.9345716506242752,0.9435266256332397,0.9743573486804962,0.9710660770535469,0.9340331122279167,0.9708859845995903
8.62000000005347,152.82223657109017,23.31365551618342,126.23103364907396,85.09481428224608,127.74894674402205,76.28732753296822,0.9382720619440078,0.9434107273817062,0.9743539959192276,0.9686342969536781,0.9318075895309448,0.9769268110394478
8.640000000053423,152.81520912471208,23.301677324737668,124.88350048527664,85.81996539154235,127.80217215051547,76.26275414214128,0.9412228137254715,0.9431478351354599,0.9745545089244843,0.9664470180869102,0.9302050411701203,0.9823664158582687
8.660000000053376,152.7820140361274,23.343081758350912,123.65957479196477,86.31258651965685,127.8544406177866,76.23782343620461,0.941657304763794,0.942965480685234,0.9757826030254364,0.9643905416131019,0.9291410267353057,0.988121984899044
8.68000000005333,152.7227717482003,23.44287413625049,122.57828755273212,86.53697188876116,127.90573429620171,76.21253935200569,0.9410367935895919,0.9429343849420547,0.9776532381772994,0.9626935437321662,0.9288704276084899,0.9922635391354561
8.700000000053283,152.6381780414716,23.60359489703613,121.65470765048639,86.46540907073319,127.95603566901664,76.18690588219452,0.9412388801574707,0.9424266964197159,0.9805167734622955,0.9613810673356056,0.9302468925714492,0.9880704015493392
8.720000000053236,152.5291582006209,23.823552890882493,120.90167793712985,86.0850312484699,128.00532755835866,76.16092707459313,0.9413182020187377,0.9419324189424515,0.9837205737829208,0.9608116835355759,0.9319990456104278,0.9844351589679717
8.74000000005319,152.39704496795622,24.09710321879629,120.32801726538939,85.39836728548282,128.05359313109267,76.13460703155641,0.9416023999452591,0.9411885261535644,0.9871290042996406,0.9601425752043724,0.9341785371303558,0.9794066205620765
8.760000000053143,152.24342850829632,24.41615849508512,119.93841628917528,84.42201879584057,128.10081590456986,76.10794990932428,0.9407918095588684,0.940862101316452,0.9905626028776169,0.9597322642803192,0.9362294793128967,0.9756558150053024
8.780000000053096,152.07044330652477,24.769764931925593,119.73493552045699,83.18348314739177,128.1469797522563,76.0809599173653,0.9395774304866791,0.9406158119440079,0.9935381069779395,0.9593948200345039,0.9383394792675972,0.970892958343029
8.80000000005305,151.88232071469258,25.14631133500223,119.71785538884023,81.71959914104465,128.1920689092403,76.05364131771215,0.9364989697933197,0.9406810879707336,0.9964226484298706,0.9595444470643997,0.9421423688530922,0.963870470225811
8.820000000053003,151.67991640290919,25.534669042235205,119.88617974386396,80.0702280229183,128.2360679776161,76.02599842428835,0.9308415651321411,0.9403232634067535,0.9984464153647422,0.9605483174324035,0.9491667523980141,0.9568763911724091
8.840000000052957,151.46529159711685,25.9242509306129,120.23697565049271,78.27859721078296,128.27896193174212,75.99803560222725,0.9233539640903473,0.9398946285247802,1.0,0.9618730291724205,0.9574982568621635,0.9510883808135986
8.86000000005291,151.2403792671914,26.304838181732904,120.7648871443667,76.39103745267798,128.3207361233723,75.96975726718259,0.9148302614688874,0.939518466591835,1.0,0.9639761716127395,0.9670773908495902,0.9469795182347297
8.880000000052863,151.00860709003098,26.666616114886207,121.46139018576662,74.45435115409741,128.36137628665855,75.94116788463128,0.9065293073654175,0.9392774522304534,1.0,0.9670429557561874,0.975576265156269,0.9451355710625648
8.900000000052817,150.77276324230584,27.00065041421253,122.31400436548225,72.51493358120885,128.40086854302226,75.91227196916827,0.8996377110481262,0.9408553600311279,1.0,0.9734003812074661,0.9822906032204628,0.9470786392688751
8.92000000005277,150.53324765203942,27.29939461394002,123.30567367886306,70.6204015590197,128.4391994058941,75.88307408379357,0.8976626396179199,0.9407555907964706,1.0,0.9781218290328979,0.9918902158737182,0.9465105786919593
8.940000000052724,150.2939603322024,27.555703388218735,124.4139148135894,68.82108096993555,128.47635578531947,75.85357883919175,0.8966651618480682,0.9395487487316131,1.0,0.981411200761795,1.0,0.9456558257341384
8.960000000052677,150.06005704361655,27.764710738220145,125.61081011702503,67.1685116222862,128.51232499242892,75.82379089300386,0.8985675230622291,0.9373375624418259,1.0,0.9859168246388434,1.0,0.9438027098774909
8.98000000005263,149.83777468600852,27.923055141720134,126.86274782450026,65.71208660645354,128.54709474377108,75.7937149490919,0.9003518581390381,0.935418164730072,1.0,0.9918157845735549,1.0,0.9418599009513855
9.000000000052584,149.63395197266854,28.024847978477872,128.13087530274464,64.50736073006878,128.58065316550775,75.7633557567961,0.9019674688577651,0.9340836495161057,1.0,0.9996940493583679,1.0,0.9399115353822708
9.020000000052537,149.45542613885087,28.058763567867416,129.3714093724288,63.624883020687705,128.6129887974687,75.73271811018482,0.9021615266799926,0.9324894607067108,1.0,1.0,1.0,0.9383834674954414
9.04000000005249,149.30635850602332,28.032109802832334,130.53969728103738,63.07811353882219,128.64409059706517,75.70180684729763,0.9010661527514457,0.93109050989151,1.0,1.0,1.0,0.9367767348885536
9.060000000052444,149.18913912207952,27.9553436366612,131.5937188687934,62.860904427767544,128.67394794306114,75.67062684938129,0.8982193320989609,0.9299815326929092,1.0,1.0,1.0,0.9367978751659393
9.080000000052397,149.10431868784022,27.837329444878964,132.4950924078796,62.957100129029634,128.70255063920027,75.63918304011891,0.8958551973104477,0.9296984791755676,1.0,1.0,1.0,0.9376292303204536
9.10000000005235,149.0506664932743,27.685362324973383,133.2096287392338,63.3425132836946,128.72988891768804,75.6074803848525,0.8949020698666572,0.9295820981264115,1.0,1.0,1.0,0.9378090903162956
9.120000000052304,149.02635136901793,27.50553883138358,133.70905913984575,63.98750478401296,128.75595344252739,75.57552388979879,0.8946410238742828,0.9289043486118317,1.0,1.0,1.0,0.9385000854730606
9.140000000052257,149.02825401879457,27.303161631538952,133.97583800581683,64.85907048036489,128.78073531270698,75.54331860125885,0.8946813642978668,0.928506451845169,1.0,1.0,1.0,0.939386636018753
9.16000000005221,149.05303084594465,27.082451657774605,134.00391035278759,65.92256909780849,128.80422606524087,75.51086960482104,0.8978130623698234,0.9283322334289551,1.0,1.0,1.0,0.9384908095002175
9.180000000052164,149.09759918142916,26.849232853380723,133.79790691659,67.13799591997791,128.82641767805853,75.4781820245581,0.9044960588216782,0.9283237934112548,1.0,1.0,1.0,0.9364787325263023
9.200000000052118,149.1589213750842,26.613780384894877,133.37204178300908,68.45199999554377,128.84730257274452,75.44526102221782,0.912605494260788,0.928236335515976,1.0,1.0,1.0,0.9353378996253013
9.220000000052071,149.23395750382113,26.384183999829983,132.74877369987678,69.81876178756507,128.8668736171265,75.41211179640815,0.9183617383241653,0.9281354039907456,1.0,0.9991848140954971,1.0,0.935311958193779
9.240000000052024,149.31937590587341,26.165385254084004,131.9572685295792,71.20317553340358,128.88512412771067,75.37873958177612,0.9249684661626816,0.9285036534070968,1.0,0.991483923792839,1.0,0.9364049851894378
9.260000000051978,149.41149141237668,25.95880607860368,131.03172020826827,72.5804654121357,128.90204787196444,75.34514964818126,0.9289398074150085,0.9311444491147994,1.0,0.9862535670399666,0.9996546119451523,0.9401320666074753
9.280000000051931,149.50573960356724,25.762845338656316,130.0096021766083,73.93795441489173,128.9176390704446,75.3113472998635,0.9318713456392288,0.9342334866523743,0.9968484491109848,0.9815612524747848,0.9894585743546486,0.9452220231294631
9.300000000051885,149.5974564595516,25.575686408536235,128.9299264573156,75.26775590279843,128.9318923987712,75.27733787460545,0.9356821924448013,0.9372709274291992,0.994723093509674,0.9776760995388031,0.9783449441194534,0.9506393879652023
9.320000000051838,149.6792135123873,25.395940365902216,127.83167466607121,76.564139932519,128.94480298944566,75.24312674288964,0.9378869771957398,0.9395231246948242,0.9934147745370865,0.9747903957962989,0.9703760340809822,0.9555746167898178
9.340000000051791,149.74473997172595,25.221673021039784,126.75341899813321,77.82339415354761,128.95636643351307,75.20871930705036,0.9401152223348618,0.9414170861244201,0.9910945206880569,0.971876037120819,0.9616528823971748,0.9597154289484023
9.360000000051745,149.78649625795302,25.05255187189826,125.73455199998408,79.04171816666789,128.9665787820679,75.17412100042056,0.9415987074375153,0.9430740296840667,0.9887752413749694,0.9693908005952835,0.9537617608904838,0.9640465527772903
9.380000000051698,149.79831553439828,24.89560629260512,124.81227423252639,80.19892742492183,128.97543654760247,75.13933728647396,0.9427090346813202,0.944640377163887,0.9864992931485176,0.9675136029720306,0.946739912033081,0.9692435160279274
9.400000000051651,149.77592609078278,24.763560137985788,124.01751018765465,81.25679903045052,128.98293670519794,75.1043736579622,0.9430745482444763,0.9459799617528916,0.9843515142798424,0.9661097526550293,0.9408944487571717,0.9747499078512192
9.420000000051605,149.71687104501882,24.67041222475682,123.37398713535788,82.16875550781448,128.9890766935574,75.06923563604755,0.9437302857637405,0.9456063479185104,0.9835991859436035,0.9650337398052216,0.9385414987802505,0.9798995792865752
9.440000000051558,149.62061630793463,24.626974321092895,122.89788553404588,82.89191938460546,128.9938544158804,75.033928769431,0.9433936059474944,0.9450949311256408,0.983478370308876,0.964148449897766,0.9371507331728935,0.9844928845763206
9.460000000051512,149.48856213490768,24.639307961199446,122.59705800121816,83.39288749601573,128.9972682405792,74.99845863347608,0.9419435858726501,0.9453677922487259,0.9844494372606277,0.9640892669558525,0.9365603789687157,0.9887307927012443
9.480000000051465,149.32371155519928,24.709226223469155,122.47101141325743,83.64744350626312,128.99931700183575,74.96283082932842,0.939611878991127,0.9453213989734649,0.9854164272546768,0.9639592513442039,0.9366109296679497,0.9912472054362297
9.500000000051418,149.13039512787154,24.83611102443332,122.51132511440542,83.63852260612555,129.0,74.92705098303132,0.9380608201026917,0.9443446278572082,0.9868413239717483,0.9629794046282768,0.9377595365047454,0.9893740132451057
9.520000000051372,148.91381368489112,25.017155685369996,122.70290008314329,83.35728651325876,128.99931700182867,74.8911247446373,0.9372595638036728,0.9432937383651733,0.9878654941916465,0.9622993841767311,0.9385473594069481,0.9862125873565674
9.540000000051325,148.67959538628295,25.246456209666942,123.02660333962407,82.80649460452896,128.997268240565,74.85505778731584,0.9354847192764282,0.9425351023674011,0.9891627803444862,0.9621169090270996,0.939418514072895,0.9833801567554473
9.560000000051279,148.4335150470331,25.515607822173628,123.46125885458584,82.00068342636784,128.99385441585912,74.81885580645763,0.9326279073953628,0.94207803606987,0.99101642370224,0.9620913878083229,0.9407068014144897,0.9807386010885238
9.580000000051232,148.18127306273612,25.81524462618393,123.98503588854668,80.96460239411479,128.98907669352903,74.7825245187751,0.9290302962064743,0.9417064785957336,0.9925826907157898,0.9624581754207611,0.942898890376091,0.977346697449684
9.600000000051185,147.93077128583832,26.134440731869436,124.5764392080589,79.73093959111054,128.9829367051625,74.74606966139976,0.9231216087937355,0.9417441010475158,0.9945020973682404,0.9642748355865478,0.9493099063634872,0.9702311366796493
9.620000000051139,147.68553433037758,26.463766080753132,125.21564871267806,78.33270060563514,128.97543654755995,74.70949699097615,0.9163281142711639,0.9418875008821487,0.9962407991290092,0.9666370213031769,0.9565405428409576,0.9641191825270652
9.640000000051092,147.44891135603066,26.794372839000832,125.88422842850616,76.80515039165988,128.96657878201836,74.67281228275291,0.9099029988050461,0.941914626955986,0.9977924704551696,0.9696645557880401,0.9650498420000075,0.9589923411607743
9.660000000051046,147.22484632956423,27.117170025611763,126.56507322488939,75.1854897435635,128.9563664334565,74.63602132967075,0.9046346351504325,0.9419875383377075,0.9994667634367942,0.9739525228738785,0.9752379447221755,0.9546260848641396
9.680000000050999,147.0166990196055,27.424712834274427,127.24270510421226,73.5115165324196,128.94480298938208,74.59912994144766,0.9008503198623657,0.9432638943195343,1.0,0.9792370736598968,0.982838824391365,0.9509602829813957
9.700000000050952,146.82768729899934,27.70970656684266,127.90258880280973,71.8224659438945,128.93189239870065,74.56214394366145,0.8982024028897285,0.9448092669248581,1.0,0.9848104625940323,0.9881432950496674,0.9502134442329406
9.720000000050906,146.66192933285953,27.96548520033646,128.53008732003457,70.16260224451644,128.91763907036707,74.52506917682997,0.8981950044631958,0.945280772447586,1.0,0.9904452115297318,0.9964114278554916,0.9490346983075142
9.740000000050859,146.52209712222634,28.186694367927508,129.11007879410968,68.5800374295148,128.90204787187997,74.48791149548867,0.9002516686916351,0.9450497269630432,1.0,0.9963595002889633,1.0,0.9474176213145256
9.760000000050812,146.41135829148962,28.36906138616016,129.62681499472495,67.12444474119694,128.8851241276193,74.45067676726619,0.9025838807225227,0.9436725199222564,1.0,1.0,1.0,0.9464431256055832
9.780000000050766,146.33353084973564,28.5095193235356,130.06369563710558,65.84410387692033,128.86687361702823,74.41337087195774,0.9051787167787552,0.9424134105443954,1.0,1.0,1.0,0.9456838369369507
9.80000000005072,146.2896530243483,28.607537927859607,130.40322349160886,64.7802207612915,128.84730257263942,74.37599970059667,0.9092222183942794,0.9412920415401459,1.0,1.0,1.0,0.9451532602310181
9.820000000050673,146.27986677748282,28.664844653507007,130.62824658214163,63.96293142134438,128.8264176779466,74.33856915452414,0.9127993151545525,0.939950007200241,1.0,1.0,1.0,0.9449574679136276
9.840000000050626,146.3032249516478,28.68443823441958,130.72372652452765,63.41221906083274,128.80422606512218,74.3010851444573,0.9168292850255966,0.9389997273683548,1.0,1.0,1.0,0.9446965783834457
9.86000000005058,146.3571058810127,28.669764921400056,130.6784417272096,63.13651269120588,128.78073531258158,74.26355358955585,0.9199149027466774,0.9378034442663192,1.0,1.0,1.0,0.9441141948103905
9.880000000050533,146.43746178788885,28.624234392494834,130.487403080756,63.132195371968784,128.7559534423953,74.22598041648742,0.9225002437829971,0.9361186414957047,1.0,1.0,1.0,0.9437368214130402
9.900000000050486,146.5390904413176,28.551216310399422,130.1536124010125,63.385679169532736,128.72988891754932,74.18837155849157,0.9254255950450897,0.9347664594650268,1.0,0.9987692460417747,1.0,0.9429237231612205
9.92000000005044,146.65577794284874,28.454098118221708,129.68746654906053,63.875843915424596,128.70255063905492,74.15073295444294,0.9292130976915359,0.9333937585353851,1.0,0.991800245642662,1.0,0.9418385237455368
9.940000000050393,146.78068247146646,28.336361789092646,129.10551327143125,64.57624416918212,128.67394794290925,74.11307054791348,0.9330971151590347,0.9322482585906983,1.0,0.9845715537667274,1.0,0.9426735445857047
9.960000000050346,146.9065650651117,28.201115863332586,128.429101431118,65.45726500239431,128.6440905969068,74.07539028623374,0.9333927124738693,0.932766979932785,1.0,0.9803028494119643,1.0,0.9455459266901016
9.9800000000503,147.02640086317535,28.05140234312417,127.68297525630942,66.4880364784755,128.6129887973039,74.03769811955385,0.9346292108297348,0.934637525677681,1.0,0.977177682518959,1.0,0.9500579968094826
10.000000000050253,147.1352910545527,27.88941185534676,126.89400164586638,67.63783043479518,134.0,69.2346331351773,0.9356005370616912,0.9361999213695525,1.0,0.9740000918507575,0.9956801414489745,0.9558193951845169
10.020000000050207,147.22716655773812,27.716995924468407,126.09095638977551,68.87740131364795,134.0,70.03926738492116,0.9384217828512191,0.9377415746450424,1.0,0.9716096669435501,0.9884014800190926,0.9616463020443916
10.04000000005016,147.29668504211455,27.537003126813833,125.30569133013067,70.17644113215707,134.0,70.07851963151795,0.9410232752561569,0.9393172740936279,1.0,0.969489711523056,0.9796201512217522,0.9696282207965851
10.060000000050113,147.33922329182792,27.356546289182898,124.57170027392003,71.4945960114435,134.0,70.11774160730211,0.9437550604343414,0.9412246823310851,1.0,0.9678008988499641,0.9718984603881835,0.9738444969058037
10.080000000050067,147.35253733062947,27.184430190814936,123.92065119581599,72.78989206737289,134.0,70.15691819145532,0.945708379149437,0.943568280339241,1.0,0.9668215483427047,0.9660731226205825,0.9757864519953727
10.10000000005002,147.33514916087356,27.031087325995678,123.3801208543738,74.02076974159398,134.0,70.19603428065867,0.9485998898744583,0.9462667167186737,1.0,0.966196459531784,0.960641573369503,0.9788598835468292
10.120000000049973,147.2866461459432,26.906985682333953,122.97258025701473,75.1461587502967,134.0,70.23507479491514,0.9506209969520568,0.9484430968761444,1.0,0.965578630566597,0.9556794956326484,0.9815601885318755
10.140000000049927,147.20764328774095,26.821055911618757,122.71441011693913,76.12707603213498,134.0,70.27402468336331,0.9525757908821105,0.9500409424304962,1.0,0.9653043746948242,0.9520603373646735,0.9846815645694732
10.16000000004988,147.09951149204386,26.78037791278769,122.61547052798602,76.9274468338549,134.0,70.31286893007974,0.953592911362648,0.9498508900403976,1.0,0.9647002607583999,0.9511282116174697,0.9862499460577965
10.180000000049834,146.96428791265197,26.78670650695178,122.6788902159213,77.52516266174538,134.0,70.3515925598679,0.9534155458211898,0.949840635061264,1.0,0.964199537038803,0.9506550386548042,0.9883348315954208
10.200000000049787,146.80459080393257,26.83682128092419,122.9009898393056,77.91387781114335,134.0,70.39018064403136,0.9518819570541381,0.9493562012910842,1.0,0.9635763123631477,0.9501695320010185,0.9884700998663902
10.22000000004974,146.62334558269134,26.925812711204514,123.27177572521181,78.09503176632514,134.0,70.42861830612912,0.9507462561130523,0.9481582105159759,1.0,0.962295888364315,0.9516038924455642,0.9843044281005859
10.240000000049694,146.4236092790011,27.048758020996072,123.77586394547085,78.07376717311158,134.0,70.46689072771075,0.9495855033397674,0.9473331898450851,1.0,0.9615606099367141,0.9520550802350044,0.9830234989523887
10.260000000049647,146.20860265854904,27.200808966091554,124.39342516331311,77.85795842996112,134.0,70.50498315402916,0.948033407330513,0.9466693162918091,1.0,0.9614438712596893,0.9518988773226738,0.9814516395330428
10.2800000000496,145.98179231757464,27.37635448251627,125.10155105620316,77.46085551137209,134.0,70.54288089972891,0.9455903708934784,0.946103647351265,1.0,0.9616543129086494,0.9518786445260048,0.9806403249502181
10.300000000049554,145.74768383397054,27.56963424093942,125.8753797354129,76.89973035322788,134.0,70.58056935450762,0.9422938913106919,0.9458020865917206,1.0,0.9624999105930329,0.9521792978048325,0.9802461877465247
10.320000000049507,145.51001160007579,27.77445837779831,126.68939228497302,76.19566148702238,134.0,70.61803398874851,0.9371732234954834,0.9458546578884125,1.0,0.9642435789108276,0.9553599953651428,0.9777502313256263
10.34000000004946,145.27284299763218,27.985821550766246,127.51880844583856,75.36984483844496,134.0,70.65526035912191,0.931009390950203,0.9459853887557983,1.0,0.9664511710405349,0.9605906203389167,0.9736431390047073
10.360000000049414,145.0405345716959,28.198641293319348,128.33980995141516,74.4452076721232,134.0,70.69223411415344,0.9247348099946976,0.9461798578500747,1.0,0.9689240515232086,0.9660408645868301,0.9699926882982254
10.380000000049368,144.81825993394617,28.407465930167717,129.12949955276198,73.44557028975754,134.0,70.72894099975667,0.9200678825378418,0.946074965596199,1.0,0.9718218743801117,0.972437834739685,0.9670643329620361
10.400000000049321,144.60862388430087,28.607727455304815,129.86608501883515,72.39429757614646,134.0,70.76536686472849,0.9165743499994278,0.94651520550251,1.0,0.9747968643903732,0.9782037392258643,0.9638874307274818
10.420000000049274,144.41544583141868,28.79531939790192,130.52878446923032,71.31441476375133,134.0,70.80149766620453,0.914203929901123,0.9473594039678573,1.0,0.9783919140696525,0.9841365709900856,0.9604364961385726
10.440000000049228,144.24281468094586,28.96650323998973,131.09764346735597,70.2315988460965,134.0,70.83731947507303,0.9130073428153992,0.9484753727912902,1.0,0.9823298081755638,0.9884422585368156,0.9583257228136063
10.460000000049181,144.09589895994557,29.118366239471147,131.55395294116394,69.17552608305988,134.0,70.8728184813448,0.9145428851246834,0.948570966720581,1.0,0.9855604261159896,0.9959286659955978,0.9554178193211555
10.480000000049134,143.97752805813616,29.248385783659284,131.88098394926413,68.17816662381749,134.0,70.90798099947713,0.916308981180191,0.948476642370224,1.0,0.9884195446968078,1.0,0.9532674565911293
10.500000000049088,143.89097137183668,29.3546992732337,132.0646889746828,67.27183188886694,134.0,70.94279347364997,0.9184822276234627,0.9482222259044647,1.0,0.9908299162983893,1.0,0.951650857925415
10.520000000049041,143.8385130984273,29.43620883768984,132.0945093910031,66.48693613774095,134.0,70.97724248299184,0.9214689880609512,0.9473652601242065,1.0,0.9929586693644523,1.0,0.9501467689871788
10.540000000048995,143.8210985177309,29.49270997984908,131.96376858309353,65.85022794137993,134.0,71.01131474675384,0.9249120190739631,0.9464629560708999,1.0,0.9946337446570396,1.0,0.9497227922081947
10.560000000048948,143.8381113678648,29.524928211321438,131.670319310585,65.38291911417717,134.0,71.04499712942972,0.9289287388324737,0.9454581648111343,1.0,0.9950504302978516,1.0,0.949575637280941
10.580000000048901,143.88712893603943,29.53395203340538,131.2176118363764,65.10154113797483,134.0,71.07827664581977,0.932327401638031,0.9441957205533981,1.0,0.9940124422311782,1.0,0.949664083123207
10.600000000048855,143.96416286070493,29.52113192533846,130.61512653515948,65.015620146662,134.0,71.11114046603691,0.9356246411800384,0.9429620116949081,1.0,0.9911771059036254,1.0,0.9496229782700538
10.620000000048808,144.06397034005562,29.488028192206343,129.87825311728224,65.12602139451134,134.0,71.1435759204529,0.9390239745378494,0.9416395574808121,1.0,0.9870664775371552,1.0,0.9494969949126243
10.640000000048762,144.1803059295659,29.436235288937716,129.02768220220364,65.4260229110098,134.0,71.17557050458258,0.9423646211624145,0.9402578711509705,1.0,0.9821431219577789,1.0,0.9494716435670852
10.660000000048715,144.30621953745336,29.36749440578092,128.0886401962784,65.90257755756527,134.0,71.20711188390473,0.945505827665329,0.9390296339988708,1.0,0.9771696805953979,1.0,0.9502718448638916
10.680000000048668,144.43439103738015,29.283671528934818,127.09024882907678,66.53783396144931,134.0,71.23818789861723,0.9470620006322861,0.9390638411045075,1.0,0.9739745438098907,1.0,0.9529588773846626
10.700000000048622,144.55759630003254,29.186641693275572,126.06479276266201,67.31067463291346,134.0,71.26878656832481,0.9473353445529937,0.9400246798992157,1.0,0.9720497369766234,1.0,0.9570807531476021
10.720000000048575,144.66902962087926,29.078211079548115,125.04691309425044,68.19821793542887,134.0,71.29889609665786,0.9481528639793396,0.9408574789762497,1.0,0.9706937998533248,0.9985558360815048,0.9610079407691955
10.740000000048529,144.76248563393085,28.96005137861941,124.07249321412408,69.17706043844662,134.0,71.32850487582003,0.9484467178583145,0.9417836546897888,1.0,0.9695155188441276,0.9929868102073669,0.9656369462609291
10.760000000048482,144.8323479667391,28.834802499659382,123.1772731021529,70.22129136717147,134.0,71.35760149106333,0.9479426860809326,0.9428041011095046,1.0,0.9685759991407394,0.9873330131173134,0.9712846010923385
10.780000000048435,144.87508843227255,28.70846080869638,122.39490764029419,71.29525627023156,134.0,71.3861747250887,0.9491082400083541,0.9444314062595367,1.0,0.968041805922985,0.9817674830555916,0.9774176597595214
10.800000000048389,144.88789094040516,28.58838164881502,121.75421312987554,72.36109324005695,134.0,71.4142135623705,0.950116205215454,0.9458551943302155,1.0,0.9674787700176238,0.9767712116241455,0.9810935646295547
10.820000000048342,144.8693444425201,28.482737688456627,121.27714902349005,73.38240112784622,134.0,71.44170719340323,0.9509269475936889,0.9471334099769592,1.0,0.9671186119318008,0.9729615852236747,0.9835449784994125
10.840000000048295,144.8195425295753,28.398647141671788,120.97796696187531,74.32728953803401,134.0,71.46864501886876,0.9517376899719238,0.9485405057668685,1.0,0.9668354958295822,0.9689813122153281,0.9855125218629837
10.860000000048249,144.73991910636266,28.341842091945647,120.86313918797576,75.16711233355689,134.0,71.49501665372257,0.9519650787115097,0.9496483027935028,1.0,0.9666236817836761,0.9655153393745421,0.9871659114956856
10.880000000048202,144.6330535339775,28.316894689394076,120.93158410310211,75.87576358820827,134.0,71.52081193119744,0.9519869744777679,0.9502790957689286,1.0,0.9664751142263412,0.9629744067788124,0.9886309430003166
10.900000000048156,144.5021960609637,28.326679451256506,121.17511575104974,76.43207146457269,134.0,71.54602090672286,0.9513918817043304,0.9504836857318878,1.0,0.9662243589758872,0.9612224057316779,0.9897048681974411
10.920000000048109,144.35103427596334,28.370701775550405,121.57934466286565,76.82527876911944,134.0,71.57063386175888,0.9501812934875488,0.9504176586866379,1.0,0.965976732969284,0.9600377231836319,0.9901685684919357
10.940000000048062,144.18351036245602,28.445484824949517,122.12463439570283,77.05503223385236,134.0,71.59464130754282,0.948900806903839,0.9500224620103835,1.0,0.9653127387166023,0.9592989265918731,0.9893134623765945
10.960000000048016,144.00365831057275,28.545982676132258,122.78720065003257,77.12748715366145,134.0,71.61803398874731,0.9482156902551651,0.9493669927120209,1.0,0.9643622308969497,0.9588780701160431,0.9878903180360794
10.98000000004797,143.81555941977882,28.66674012340966,123.54026991354984,77.05206314309987,134.0,71.64080288704847,0.9458022475242615,0.9490840554237365,1.0,0.9647537574172019,0.9592408925294876,0.9875304996967316
11.000000000047923,143.62336052765693,28.802511207349298,124.35526429540694,76.83976721253218,134.0,71.66293922460255,0.9429684489965439,0.9488790988922119,1.0,0.965346597135067,0.9597265735268593,0.9871212214231491
11.020000000047876,143.4316845328592,28.948651185270492,125.20303384844195,76.50284422546741,134.0,71.68443446743005,0.9402212679386138,0.9488119274377823,1.0,0.9664658427238464,0.959715723991394,0.986950597167015
11.04000000004783,143.24350008948238,29.10122075692867,126.05502131452577,76.0538758325954,134.0,71.7052803287057,0.9363513588905334,0.9488165497779846,1.0,0.9680301159620285,0.96294427216053,0.9830552071332931
11.060000000047783,143.0623846472583,29.257712429220135,126.88458671565483,75.50310392446535,134.0,71.72546877195313,0.9326093018054962,0.9487282872200012,1.0,0.969932410120964,0.9668607041239738,0.9800378292798996
11.080000000047736,142.89170596468267,29.415455848545058,127.66772903011517,74.86267671218334,134.0,71.74499201414318,0.929464054107666,0.9487727582454681,1.0,0.9719068378210067,0.9708513215184211,0.9770208179950713
11.10000000004769,142.73478165963377,29.57121001603265,128.3825119833347,74.14728317814253,134.0,71.76384252869434,0.9269552499055862,0.9490101337432861,1.0,0.9738485112786293,0.974671944975853,0.9739844143390655
11.120000000047643,142.59480574359802,29.72229731829629,129.00920904756686,73.37311983796862,134.0,71.78201304837441,0.9249596819281578,0.9492768168449401,1.0,0.9756884664297103,0.9784296259284019,0.9711375534534454
11.140000000047596,142.4746184730777,29.866380985599875,129.53042487524553,72.55752313695227,134.0,71.79949656810217,0.9238967850804328,0.949858570098877,1.0,0.97797422260046,0.9827013790607452,0.9679236501455306
11.16000000004755,142.37685748025146,30.000899458984907,129.93128194327647,71.72181174869081,134.0,71.81628634764795,0.9252785116434097,0.9500034362077713,1.0,0.9798833385109901,0.9884114265441895,0.9645059347152709
11.180000000047503,142.30384201021184,30.123321719959744,130.1998026314941,70.89061746788182,134.0,71.8323759142321,0.927309051156044,0.9500556945800781,1.0,0.981611293554306,0.9937586739659309,0.9620060622692108
11.200000000047456,142.25733198437038,30.2313668352386,130.3275157652512,70.09004725140072,134.0,71.84775906502047,0.9297334909439087,0.9499390721321106,1.0,0.9828920125961303,0.9987850666046142,0.9599274799227714
11.22000000004741,142.23832960753668,30.323160948218195,130.31006050271753,69.34591326141197,134.0,71.86242986951557,0.9322459876537322,0.9496557861566544,1.0,0.9837556436657905,1.0,0.9584977373480796
11.240000000047363,142.24694939175933,30.397323500511543,130.14753249605786,68.68244934856575,134.0,71.876382671843,0.9349897176027298,0.9492231547832489,1.0,0.9841073393821715,1.0,0.9574765756726265
11.260000000047317,142.28222375239693,30.45296256071431,129.8443800561644,68.12203460118604,134.0,71.88961209293187,0.9377092719078064,0.9486490279436112,1.0,0.9839921340346336,1.0,0.957035705447197
11.28000000004727,142.34182074209215,30.48951444653798,129.409604251358,67.68511965330757,134.0,71.9021130325885,0.9405396461486816,0.9478458940982818,1.0,0.9834603190422058,1.0,0.9568745091557502
11.300000000047223,142.42214214183556,30.506813000107933,128.85667993377012,67.38876616719456,134.0,71.91388067146269,0.9429899513721466,0.9467321872711182,1.0,0.9822155326604842,1.0,0.957045191526413
11.320000000047177,142.5185918361221,30.505107030250976,128.20329518849493,67.24514234126256,134.0,71.92491047290565,0.9456703186035156,0.9456332683563232,1.0,0.9799428433179855,1.0,0.9570996090769768
11.34000000004713,142.62589747269703,30.485063732459494,127.47081627351595,67.25949108539822,134.0,71.93519818471897,0.9485472112894058,0.9444788992404938,1.0,0.976936475932598,1.0,0.9570421203970909
11.360000000047084,142.73840860966106,30.447736783535554,126.68355120845618,67.43002383447582,134.0,71.9447398407939,0.9510043561458588,0.9435316681861877,1.0,0.9741637289524078,1.0,0.9576261982321739
11.380000000047037,142.85039400421402,30.39452328187371,125.86781766957867,67.74895211474158,134.0,71.9535317626404,0.9533140242099761,0.9426928699016571,1.0,0.9718164026737213,1.0,0.9584718093276023
11.40000000004699,142.95630228362128,30.32649130151543,125.05093969929025,68.20533524893138,134.0,71.96157056080521,0.9536836415529251,0.9430761128664017,1.0,0.9713324651122093,1.0,0.9610268637537956
11.420000000046944,143.05100458223762,30.244092210395138,124.26044992748848,68.78692077730727,134.0,71.96885313617864,0.9534699946641921,0.9435762643814086,1.0,0.9708469718694687,1.0,0.9641726031899451
11.440000000046897,143.1299073705084,30.15014191637864,123.523482584297,69.47260559565193,134.0,71.97537668118925,0.9529029041528702,0.9440881639719009,1.0,0.9703536242246628,0.9980153486132621,0.9679329931735992
11.46000000004685,143.1890757924179,30.048741238867997,122.86592409349255,70.236131202111,134.0,71.98113868088623,0.9517712086439133,0.9445691645145416,1.0,0.9699000179767608,0.993582671880722,0.9726095765829086
11.480000000046804,143.2254011474755,29.94436076268858,122.31104265708896,71.04956710842998,134.0,71.98613691390905,0.9504174888134003,0.9448546141386032,1.0,0.9694004654884338,0.9895036756992339,0.9773389682173729
11.500000000046757,143.23674046471083,29.84151707622889,121.87789597134231,71.88529323975023,134.0,71.99036945334372,0.9492828249931335,0.9453664869070053,1.0,0.9691518113017081,0.9844218641519547,0.9830737277865409
11.52000000004671,143.2221551513235,29.745643546393637,121.57951275130519,72.71517225863843,134.0,71.9938346674657,0.9497311025857925,0.9463213175535202,1.0,0.9690896689891815,0.9803167432546616,0.9880821406841278
11.540000000046664,143.1819932745069,29.662239224195762,121.42265426553203,73.51204269337093,134.0,71.99653122036902,0.950132092833519,0.9471179783344269,1.0,0.9689357727766037,0.9775165617465973,0.9897524684667587
11.560000000046617,143.11777286121546,29.596563543075252,121.40812969762392,74.25014666436974,134.0,71.99845807248117,0.9503085196018218,0.9478759437799453,1.0,0.9688332587480545,0.9746833533048629,0.9912784308195114
11.58000000004657,143.03200321328413,29.55316086730954,121.53126694425863,74.90497243624067,134.0,71.99961448096398,0.9503424227237701,0.9485599249601364,1.0,0.9687079548835754,0.9720716640353202,0.9923809573054313
11.600000000046524,142.9280265647417,29.535208257585545,121.78252514150228,75.45491611936792,134.0,72.0,0.950278890132904,0.949229896068573,1.0,0.9685000747442245,0.9696442738175391,0.9929105281829833
11.620000000046478,142.80967812699137,29.544660007603955,122.14804801064211,75.88138625090805,134.0,71.99961448096427,0.9496584236621857,0.949538367986679,1.0,0.9681326031684875,0.9676712810993194,0.9930672720074654
11.640000000046431,142.68087495966688,29.581260610824156,122.6103861153735,76.17280753819253,134.0,71.99845807248174,0.9487401783466339,0.9495776534080506,1.0,0.9677552208304405,0.966232182085514,0.9928968086838722
11.660000000046384,142.54545611440122,29.641641364734394,123.1494646734472,76.32874640080408,134.0,71.99653122036987,0.9471935451030731,0.9495496153831482,1.0,0.9672101333737373,0.9650680094957351,0.9915186494588851
11.680000000046338,142.40697311253462,29.72097283999745,123.74350593661859,76.35615012138784,134.0,71.99383466746686,0.9459544271230698,0.9501249760389328,1.0,0.9673097819089889,0.9634311869740486,0.9912074595689773
11.700000000046291,142.2686789445283,29.81396623344621,124.36996815746379,76.26562732125379,134.0,71.99036945334515,0.9446230322122574,0.950534451007843,1.0,0.9674444019794464,0.9623301535844803,0.9907257169485092
11.720000000046245,142.13350904801058,29.915637431303036,125.00649705405644,76.06924798080595,134.0,71.98613691391078,0.9433160275220871,0.9505997270345687,1.0,0.9677681401371956,0.9620716109871864,0.9904425963759422
11.740000000046198,142.00412725371783,30.022103305399874,125.63182046726537,75.77794813300193,134.0,71.98113868088825,0.9417200773954392,0.9504332959651947,1.0,0.9684869721531868,0.963792909681797,0.9888067215681076
11.760000000046151,141.88297175267883,30.131661714850495,126.22645854276291,75.39806233611506,134.0,71.97537668119153,0.9397274643182755,0.9503482967615128,1.0,0.9694502741098403,0.9664288237690926,0.9864805176854133
11.780000000046105,141.77231061671768,30.24282389132751,126.77324388862345,74.93659841043673,134.0,71.96885313618121,0.9378705620765686,0.9504434525966644,1.0,0.9705768778920173,0.9689825639128684,0.9838096320629119
11.800000000046058,141.67416270934777,30.35414944220832,127.25724785248387,74.40164009547736,134.0,71.96157056080807,0.9361924380064011,0.950574505329132,1.0,0.9717308670282363,0.9715908646583556,0.9813654333353042
11.820000000046011,141.59060461685704,30.46416288557111,127.66602381414906,73.8023216753679,134.0,71.95353176264354,0.9348362505435943,0.950716233253479,1.0,0.9728239253163338,0.9742944732308387,0.9790191397070884
11.840000000045965,141.52323605653453,30.57117178160873,127.98972867948915,73.14954274259091,134.0,71.94473984079733,0.9341733068227768,0.9504341900348663,1.0,0.9737194344401359,0.9782343879342079,0.9764548629522323
11.860000000045918,141.47268832949598,30.673641607226724,128.22103168607555,72.45755921297426,134.0,71.93519818472267,0.935244420170784,0.9503338038921356,1.0,0.9745768874883651,0.983300620317459,0.9734603196382522
11.880000000045872,141.43985393873388,30.769530678752403,128.35512176302714,71.744062263281,134.0,71.92491047290963,0.9367808699607849,0.9502936959266662,1.0,0.9755313023924828,0.9881459414958953,0.9708108335733413
11.900000000045825,141.42501254226656,30.85712297510131,128.3898012814921,71.02889608164774,134.0,71.91388067146694,0.9389919221401214,0.9502079367637634,1.0,0.9761774107813834,0.9925660297274589,0.9683224096894264
11.920000000045778,141.42845301125652,30.934762307723936,128.32563963257067,70.33267131570769,134.0,71.90211303259302,0.9408352702856063,0.9499843567609787,1.0,0.9767296954989433,0.9964222952723503,0.9668082043528556
11.940000000045732,141.44947809764392,31.000953852822207,128.16611723738498,69.67590457413672,134.0,71.88961209293666,0.9427845120429993,0.9496478915214538,1.0,0.9770427227020263,1.0,0.9655793279409408
11.960000000045685,141.48702679026908,31.05429950795385,127.91768780399882,69.0791758114303,134.0,71.87638267184808,0.944596853852272,0.9492067933082581,1.0,0.9771853804588317,1.0,0.9648559719324111
11.980000000045639,141.5392471614089,31.093547313373886,127.58953735813567,68.56295170257354,134.0,71.86242986952091,0.9464866131544113,0.9487258642911911,1.0,0.977367091178894,1.0,0.9642611786723136
12.000000000045592,141.6035055888795,31.117726165480974,127.19317250624958,68.14616599280754,134.0,71.84775906502608,0.9481334984302521,0.9482072949409485,1.0,0.977464285492897,1.0,0.9640261948108673
12.020000000045545,141.67651898404372,31.126218858288198,126.74214094073841,67.84478097466446,134.0,71.83237591423797,0.9494307577610016,0.9475777089595795,1.0,0.9771687373518944,1.0,0.9641080915927887
12.040000000045499,141.75462965326795,31.118853271415325,126.25156108493505,67.67057073463012,134.0,71.81628634765407,0.9512920051813125,0.9467983305454254,1.0,0.9759863168001175,1.0,0.9633446052670478
12.060000000045452,141.8340211342221,31.095895018059615,125.73762193162074,67.63034019801796,134.0,71.79949656810855,0.9527415692806244,0.9460184782743454,1.0,0.9748143300414085,1.0,0.9632429048418998
12.080000000045406,141.91091454238833,31.058028041995655,125.21696643249041,67.72465681336331,134.0,71.78201304838106,0.9538630545139313,0.9452700972557068,1.0,0.9736416280269622,1.0,0.9636757373809814
12.100000000045359,141.98171867651496,31.006305075925933,124.70595156231471,67.9485572095641,134.0,71.76384252870125,0.954457476735115,0.9446070909500122,1.0,0.9724962845444679,1.0,0.9646014168858528
12.120000000045312,142.04318452802494,30.94212341339872,124.22007658581094,68.2926528731399,134.0,71.74499201415034,0.9542315363883972,0.9444189965724945,1.0,0.9720186546444892,1.0,0.9665514141321182
12.140000000045266,142.0924931519462,30.867113338977187,123.7737629658604,68.74430236805864,134.0,71.72546877196054,0.9535669028759003,0.9445697367191315,1.0,0.9718826621770859,1.0,0.9691441893577575
12.160000000045219,142.1273176166025,30.782557643462948,123.38033407257069,69.28898292205622,134.0,71.70528032871334,0.9526197969913482,0.9446725457906723,1.0,0.9716448038816452,0.9992352709174156,0.9721988007426261
12.180000000045172,142.14612859883326,30.690364440323286,123.05148511083601,69.90988601718956,134.0,71.68443446743795,0.951083543896675,0.9446181684732436,1.0,0.9713427111506462,0.9955590620636939,0.9760641634464263
12.200000000045126,142.14771188417654,30.594068598014463,122.79675133880485,70.58495766560317,134.0,71.66293922461068,0.9498184621334076,0.9446739763021469,1.0,0.9709177017211914,0.9920554801821708,0.9796208575367927
12.22000000004508,142.13140530456815,30.498069493518848,122.62300896760456,71.28984380919486,134.0,71.64080288705684,0.9485774397850036,0.944884181022644,1.0,0.970616029202938,0.9878588512539863,0.9837924793362617
12.240000000045033,142.0977064188004,30.406878903126582,122.53379711983567,71.99963924649626,134.0,71.61803398875593,0.9488962650299072,0.9455828964710236,1.0,0.9704289719462394,0.9832412362098694,0.9884102240204811
12.260000000044986,142.0475262160496,30.32518579773189,122.52910245917546,72.69044336885317,134.0,71.59464130755165,0.9493449002504348,0.9463824719190598,1.0,0.9703411430120468,0.9802239835262299,0.9912492886185645
12.28000000004494,141.98317472979235,30.257289785220447,122.60567097392577,73.34012395512026,134.0,71.57063386176794,0.9495475322008132,0.9471723824739456,1.0,0.9703116431832313,0.977877815067768,0.9932426035404205
12.300000000044893,141.90700443367476,30.206607225261106,122.75745449043613,73.92790884758367,134.0,71.54602090673215,0.9501067638397217,0.947849828004837,1.0,0.9699908152222633,0.9751789987087249,0.9941431194543838
12.320000000044846,141.8216376548974,30.175256704149,122.97609771934124,74.43605458344722,134.0,71.52081193120696,0.9506080865859985,0.9484793961048126,1.0,0.9696234509348869,0.9726365104317665,0.9947853609919548
12.3400000000448,141.72998710652226,30.16440394838632,123.25130628939644,74.84923866453741,134.0,71.4950166537323,0.9510188400745392,0.9490227133035659,1.0,0.969212608039379,0.9703801959753036,0.9951432436704635
12.360000000044753,141.63483969388616,30.174355034264227,123.57123898611206,75.15507119625512,134.0,71.4686450188787,0.95101298391819,0.9493119269609451,1.0,0.9686199560761451,0.9684820011258125,0.9952131062746048
12.380000000044706,141.53872226994395,30.203805196162,123.92295974185548,75.34770220444453,134.0,71.4417071934134,0.9499999493360519,0.9499565422534942,1.0,0.9685098424553871,0.9665323168039321,0.9951331853866576
12.40000000004466,141.44387461805755,30.249995490198856,124.29300113089033,75.42799013957575,134.0,71.41421356238087,0.9486321210861206,0.9503742337226867,1.0,0.9680092081427574,0.9650174185633659,0.9938400119543075
12.420000000044613,141.35228634946853,30.309210677064122,124.6681078857962,75.40170216256864,134.0,71.38617472509925,0.947818061709404,0.9507545083761215,1.0,0.9676524385809898,0.9637338876724243,0.9932003319263458
12.440000000044567,141.26587059962566,30.37753567703227,125.03577217446937,75.27698806016217,134.0,71.35760149107408,0.9472567647695541,0.9510331809520721,1.0,0.9674051702022552,0.9628561437129974,0.9928736746311188
12.46000000004452,141.185290592813,30.451238172658677,125.3846823623003,75.0627457364913,134.0,71.32850487583097,0.9465880542993546,0.9511686146259307,1.0,0.9672745555639266,0.9624486625194549,0.9926439702510833
12.480000000044473,141.1115622037658,30.527572155905442,125.70506355408638,74.76778723920731,134.0,71.298896096669,0.9456414312124252,0.9512008726596832,1.0,0.9675361335277557,0.9635771438479424,0.9913816019892692
12.500000000044427,141.0456647966366,30.604730430049642,125.98864053601395,74.39942090201424,134.0,71.26878656833614,0.9446265548467636,0.9511822044849395,1.0,0.9679722651839255,0.9654527097940444,0.9896424621343612
12.52000000004438,140.98828997650142,30.682198881382934,126.22903903151024,73.96185405577536,134.0,71.23818789862872,0.943732064962387,0.9511560440063477,1.0,0.968538573384285,0.9674514383077621,0.9877969950437545
12.540000000044333,140.94024077775794,30.759803343008826,126.42181655795078,73.45993871895394,134.0,71.20711188391641,0.9429129183292388,0.9510135650634766,1.0,0.9691548824310302,0.9699268221855163,0.9858510434627532
12.560000000044287,140.9020701822939,30.837101123551143,126.56436815125578,72.90004308386445,134.0,71.17557050459442,0.9427685260772705,0.9509410828351974,1.0,0.9698158636689186,0.9733968585729599,0.9835895210504532
12.58000000004424,140.8739114901066,30.913418854570832,126.65574092908348,72.29032842622517,134.0,71.14357592046491,0.9433061838150024,0.95089772939682,1.0,0.9705052137374878,0.9775879129767417,0.9811361849308013
12.600000000044194,140.85592418243914,30.98777133508237,126.69625882592118,71.64187777799592,134.0,71.1111404660491,0.9440288603305816,0.9507773071527481,1.0,0.9711728781461715,0.9821093440055847,0.9786981910467147
12.620000000044147,140.84812974889715,31.058889058725555,126.68731997216268,70.9687358923763,134.0,71.0782766458321,0.9449035376310349,0.9505841434001923,1.0,0.9718157321214675,0.9868758082389831,0.976297090947628
12.6400000000441,140.85037003548732,31.125319132783332,126.63129125094424,70.28705941937376,134.0,71.0449971294422,0.9457873523235321,0.9504040241241455,1.0,0.9725199416279793,0.9908620536327362,0.9746304601430893
12.660000000044054,140.8622677886914,31.185503069826773,126.53145383841294,69.6145777552912,134.0,71.01131474676647,0.9468316525220871,0.9502099841833115,1.0,0.9732175260782241,0.9946300968527794,0.9731696352362632
12.680000000044007,140.8831207329287,31.237872164561615,126.39193106681255,68.97047401903959,134.0,70.97724248300462,0.9482095032930374,0.9499848663806915,1.0,0.9738480195403099,0.9987016096711159,0.9713890194892882
12.70000000004396,140.91183450807085,31.28087213421437,126.21759871223743,68.37486057907444,134.0,70.94279347366289,0.9491165280342102,0.9496710568666458,1.0,0.974667577445507,1.0,0.9703616216778754
12.720000000043914,140.94700136302168,31.313063896114524,126.01399451512339,67.847780410806,134.0,70.90798099949018,0.9499317944049835,0.9493087708950042,1.0,0.9754893213510513,1.0,0.9696160838007927
12.740000000043867,140.98691055202056,31.333382812498908,125.78717631529868,67.40797498375738,134.0,70.87281848135797,0.9463770359754562,0.9488214313983917,1.0,0.9796780422329903,1.0,0.972878485918045
12.76000000004382,141.02964517053124,31.341049893307435,125.54349951333668,67.07124905561452,134.0,70.83731947508633,0.9439491271972656,0.9482738584280014,1.0,0.9820938766002655,1.0,0.9741206616163254
12.780000000043774,141.07317475463822,31.33566138805248,125.28943367988992,66.84980570097588,134.0,70.80149766621794,0.9438757330179214,0.9479658603668213,1.0,0.9834687635302544,1.0,0.974054929614067
12.800000000043728,141.11541504562035,31.31720229901223,125.03137516138221,66.75199392253866,134.0,70.76536686474202,0.9428114414215087,0.9473243564367294,1.0,0.9848794043064117,1.0,0.9747059151530265
12.820000000043681,141.15435963224894,31.285854806070585,124.77532965700412,66.78087536165711,134.0,70.72894099977032,0.9407643437385559,0.9464795589447021,1.0,0.9856157198548317,1.0,0.9760995149612426
12.840000000043634,141.18841300596654,31.2418775682182,124.52617908555564,66.93488721352796,134.0,70.69223411416718,0.9377551823854446,0.9454219371080398,1.0,0.9862451270222663,1.0,0.9780621588230133
12.860000000043588,141.21686296028747,31.185933820072172,124.28598135726209,67.20786352695801,134.0,70.65526035913575,0.9353057444095612,0.944304421544075,1.0,0.9866413921117783,1.0,0.9804705500602722
12.880000000043541,141.23961386068925,31.12120117778568,124.05538361210901,67.58359818412659,134.0,70.61803398876243,0.9319095849990845,0.9432485431432723,1.0,0.9869582325220108,1.0,0.9834705382585525
12.900000000043494,141.25676401656767,31.0516427720722,123.83476615218045,68.04147986031953,134.0,70.58056935452163,0.9332091957330704,0.9438620001077652,1.0,0.9875859946012496,1.0,0.9840068101882934
12.920000000043448,141.26870956093688,30.981195098124772,123.62446388914215,68.55918459723533,134.0,70.54288089974301,0.9309728860855102,0.943156024813652,1.0,0.9871733367443084,0.9977418839931488,0.9870175629854202
12.940000000043401,141.27631569871312,30.91346022607092,123.42506278244342,69.11395386170852,134.0,70.50498315404333,0.9285051465034485,0.9424857139587403,1.0,0.9869025498628616,0.9942774534225464,0.9896390601992606
12.960000000043355,141.28096267873076,30.85140410452146,123.2374108808982,69.68390842065051,134.0,70.46689072772499,0.9304163008928299,0.9430338412523269,1.0,0.985384178161621,0.9918862506747246,0.9897141128778457
12.980000000043308,141.28438563003888,30.79720739572437,123.0625810940166,70.24908722160558,134.0,70.42861830614342,0.9334139823913574,0.9436166137456894,1.0,0.9837269932031631,0.9886715292930602,0.9892071038484573
13.000000000043261,141.28846049582398,30.752130185888614,122.90171894732751,70.79304068707675,134.0,70.39018064404573,0.9341126352548599,0.9440464735031128,1.0,0.9827506780624389,0.9838501691818237,0.9922854572534561
13.020000000043215,141.29458211961892,30.716000781130557,122.75588935672735,71.3052097250456,123.83276154640953,70.35159255988232,0.9354750722646713,0.9448026239871978,1.0,0.9817292749881744,0.979824960231781,0.9933904826641082
13.040000000043168,141.30410035967301,30.68849793114828,122.62639973717832,71.77571844536236,127.92860259355123,70.3128689300942,0.9380858540534973,0.9452442407608032,1.0,0.980095362663269,0.9771467342972755,0.9930883854627609
13.060000000043122,141.31827074671781,30.668896373937184,122.51480591951194,72.1958618862617,127.85721974603184,70.2740246833778,0.9389299362897873,0.9460549920797348,1.0,0.9794701665639877,0.9742041632533073,0.9944607555866241
13.080000000043075,141.337566636392,30.655527723891964,122.42329772611855,72.56139019461622,127.78586601340248,70.23507479492967,0.9395189672708512,0.9469359993934631,1.0,0.9785975724458694,0.9717750117182731,0.9966300591826438
13.100000000043028,141.3613480825145,30.646947155742197,122.35450045914378,72.868949255201,127.71455594568683,70.19603428067323,0.9391810625791549,0.9473665833473205,1.0,0.9781718924641609,0.9698469728231429,0.9971755310893058
13.120000000042982,141.3886365732958,30.642704956984357,122.3108543917279,73.1126185337216,127.64330408400467,70.15691819146993,0.9385687500238419,0.9473952740430832,1.0,0.9771267160773277,0.9674654126167297,0.9977912589907646
13.140000000042935,141.41816765855327,30.64273973954296,122.29446982486684,73.28621730232588,127.57212495760679,70.11774160731672,0.9382832825183868,0.9476770401000977,1.0,0.9767531737685203,0.9658279463648796,0.9983362480998039
13.160000000042889,141.44838842732457,30.647019648693764,122.30717094395294,73.3850016930634,127.50103308091225,70.07851963153259,0.9381018668413162,0.9482852399349212,1.0,0.9766049414873123,0.9639704272150993,0.9998402431607246
13.180000000042842,141.47784413640693,30.655853049577342,122.34991129707883,73.40492661653715,127.43004295054862,70.03926738493581,0.9364169031381607,0.9482503801584243,1.0,0.9760800510644912,0.9628884777426719,1.0
13.200000000042795,141.50538046782216,30.67017453184107,122.42271316581535,73.34185130667224,127.35916904239602,70.00000000001465,0.9351631939411164,0.9484080135822296,1.0,0.9762592002749443,0.9619655340909957,1.0
13.220000000042749,141.530312021335,30.690441339023767,122.52458619726785,73.19408236163153,127.28842580863522,69.96073261509348,0.9342298209667206,0.9484849840402603,1.0,0.9761969685554504,0.9622751504182815,1.0
13.240000000042702,141.55242073873075,30.716460608717664,122.65382307255278,72.96213717689419,127.21782767480066,69.92148036849667,0.9335231751203537,0.9489489704370498,1.0,0.9765965953469276,0.9633885577321052,1.0
13.260000000042655,141.57182085553927,30.74776243907136,122.80773285182225,72.64831582725334,127.14738903683885,69.88225839271252,0.9315196543931961,0.9490197718143463,1.0,0.9774495691061019,0.9653406962752342,1.0
13.280000000042609,141.58896060935896,30.78380413514335,122.98266238279813,72.25576239891986,127.0771242581729,69.84308180855928,0.9298550575971604,0.949131029844284,1.0,0.9785677194595337,0.9675799608230591,1.0
13.300000000042562,141.60468812663504,30.823617479357818,123.17431495017891,71.79026130899129,127.00704766677356,69.8039657193559,0.9281839162111282,0.9491573154926299,1.0,0.9798430651426315,0.970461431145668,0.9980567440390586
13.320000000042516,141.62020091149483,30.865733430501034,123.37763575780433,71.26015894116543,126.93717355223755,69.76492520509942,0.9264776110649109,0.949105566740036,1.0,0.9813103139400482,0.9738373979926109,0.9956962525844574
13.340000000042469,141.6366401833349,30.908532986027822,123.58708711094587,70.67632392726537,126.86751616287377,69.7259753166512,0.9247731611132621,0.9489735573530197,1.0,0.9829487502574921,0.9776505559682845,0.9931434601545334
13.360000000042422,141.65512365595615,30.95059594391021,123.79662377102557,70.05191932657984,126.79808970279778,69.68713106993472,0.9230987831950187,0.9487624943256378,1.0,0.9847415387630463,0.9818027853965758,0.9904858067631721
13.380000000042376,141.67698891600023,30.99067455969763,123.99967277205715,69.40203214386955,126.72890832903546,69.64840744014651,0.922420260310173,0.9486734807491303,1.0,0.9867441073060035,0.9867729812860488,0.9874057233333587
13.40000000004233,141.70361080291784,31.02789593685117,124.18932323015784,68.74250845250212,126.65998614863615,69.609819355983,0.9224911510944366,0.9486791402101517,1.0,0.9887269794940948,0.9912678137421608,0.9843754485249518
13.420000000042283,141.73631958213363,31.062055024917235,124.35862789076512,68.08860445693261,126.59133721579605,69.57138169388519,0.9221187487244605,0.9485914945602417,1.0,0.990976382791996,0.9950782448053359,0.9823223203420639
13.440000000042236,141.77635737285235,31.09270661654231,124.50089341130933,67.45698283295377,126.52297552899233,69.53310927230349,0.9221765503287315,0.9484121263027191,1.0,0.9928976446390152,0.9986859858036041,0.9800795510411262
13.46000000004219,141.8248275100835,31.119018701457687,124.60996319619453,66.8655724169466,126.45491502812874,69.495016845985,0.9223436877131462,0.9481563061475754,1.0,0.994712659716606,1.0,0.9781198441982268
13.480000000042143,141.882600832671,31.13989273583354,124.68047650458352,66.33275457221295,126.38716959169295,69.45711910028518,0.9225569367408752,0.9478335380554199,1.0,0.9964448750019073,1.0,0.9765795320272446
13.500000000042096,141.95009934651299,31.154115343173267,124.70809511955125,65.87672619050942,126.31975303392662,69.41943064550641,0.9227913841605186,0.9471872419118881,1.0,0.9978633970022202,1.0,0.9751527577638626
13.52000000004205,142.02720285503236,31.160532218519876,124.68975386602224,65.51402709077955,126.2526791020084,69.38196601126542,0.9229428440332412,0.946420532464981,1.0,0.9990639716386794,1.0,0.9742230325937271
13.540000000042003,142.11336362161288,31.15819170885674,124.62379647668516,65.2580963246568,126.18596147325083,69.34473964089192,0.9234724998474121,0.9456183463335037,1.0,0.999470143020153,1.0,0.9731507614254951
13.560000000041956,142.2076318873573,31.146355069274563,124.51024962794446,65.11857058105034,126.11961375231117,69.3077658858603,0.9242714270949364,0.9448008984327316,1.0,0.9991177320480347,1.0,0.9720909714698791
13.58000000004191,142.30871377486648,31.124531286119016,124.35091270594569,65.10013304806726,126.05364946841733,69.27105900025695,0.9248723447322845,0.9440172553062439,1.0,0.9984934121370315,1.0,0.9717857405543326
13.600000000041863,142.41505627808945,31.092495051721432,124.14932154972179,65.20227017896201,125.98808207260907,69.23463313528504,0.925487670302391,0.9432740688323974,1.0,0.9973755925893784,1.0,0.9719806879758834
13.620000000041816,142.5249341027377,31.050212623503082,123.9106891242104,65.42008568584973,125.92292493499511,69.19850233380889,0.9261522948741913,0.9425884157419204,1.0,0.9957248806953429,1.0,0.9726040557026863
13.64000000004177,142.63649786892816,30.99790292835799,123.64177559696945,65.74520573870306,125.85819134202676,69.16268052494027,0.926694244146347,0.9419957011938095,1.0,0.9937774807214736,1.0,0.9738368570804595
13.660000000041723,142.74782127441688,30.935708036754356,123.35085335509808,66.16679996793343,125.79389449378867,69.12718151866838,0.9271238356828689,0.941514253616333,1.0,0.991586947441101,1.0,0.9756403565406799
13.680000000041677,142.85730544490303,30.863946562119764,123.04752950486301,66.6724085989,125.73004750130715,69.09201900053591,0.9274116188287734,0.9411607921123505,1.0,0.9892475426197052,0.9980498999357224,0.9779999762773514
13.70000000004163,142.96294858025757,30.783276068303717,122.74232798091539,67.24850076647972,125.66666338387664,69.05720652636293,0.9279306352138519,0.9407778888940811,1.0,0.9869695425033569,0.9940028041601181,0.9804448634386063
13.720000000041583,143.06285784892643,30.695262304446977,122.44630728231209,67.87948379029413,125.60375506640483,69.02275751702095,0.9296693414449692,0.9407831192016601,1.0,0.9852137953042983,0.9904192209243774,0.9830740094184875
13.740000000041537,143.15548156690522,30.6026436727446,122.17069472952974,68.54582347738064,125.5413353767772,68.9886852532588,0.9315806925296783,0.9409816205501557,1.0,0.9836436256766319,0.9865730360150337,0.9864013344049454
13.76000000004149,143.24007230047684,30.509176323718687,121.92645577912042,69.22607688240319,125.47941704324116,68.95500287058277,0.9335320174694061,0.9416130483150482,1.0,0.982635548710823,0.9805339530110359,0.9921768277883529
13.780000000041444,143.31587460104194,30.418890233670105,121.7238732175519,69.89883490464632,125.4180126918106,68.92172335419257,0.935078489780426,0.9422167062759399,1.0,0.9815664649009704,0.9761385723948478,0.9962705716490745
13.800000000041397,143.3820905871108,30.335482246733214,121.57214126005556,70.5433301798129,125.3571348436913,68.88885953397525,0.935725125670433,0.9429096013307571,1.0,0.9810086235404014,0.973161481320858,0.9991757482290268
13.82000000004135,143.43833973231554,30.261822239089685,121.47889821231246,71.14014863546916,125.29679591272762,68.85642407955912,0.9357971519231796,0.9436768382787705,1.0,0.9807600274682045,0.9703747287392616,1.0
13.840000000041304,143.4843491883769,30.199981280083907,121.44968911741806,71.67201257490525,125.23700820287118,68.82442949542927,0.9353292226791382,0.9444777369499207,1.0,0.9807721555233001,0.967924566566944,1.0
13.860000000041257,143.5198856901338,30.1518475143801,121.48764417177554,72.12222264437929,125.17778390567193,68.79288811610694,0.9346219778060912,0.9453896790742874,1.0,0.9809591233730316,0.965596167743206,1.0
13.88000000004121,143.54480646931313,30.119705283725345,121.59323184295242,72.47238428349563,125.11913509779208,68.76181210139427,0.933993348479271,0.9462194114923477,0.9993679195642471,0.9810607925057411,0.9631582766771316,1.0
13.900000000041164,143.55920424311807,30.104750205769232,121.76434867804969,72.70790954180927,125.06107373854356,68.7312134316865,0.9327899217605591,0.946968936920166,0.9984231695532798,0.9814603209495544,0.9612512528896332,1.0
13.920000000041117,143.56357075618106,30.106381687016064,121.9963060830342,72.82161851614435,125.00361166744926,68.70110390335327,0.9309642493724822,0.947557646036148,0.9977983623743056,0.981654454767704,0.9600418403744697,1.0
13.94000000004107,143.55884433472812,30.12215505541299,122.28198153496268,72.81438381535331,124.94676060182887,68.67149512419091,0.9282303988933563,0.9479314029216767,0.9977371498942375,0.9816675573587417,0.9594882547855377,1.0
13.960000000041024,143.54638016881526,30.14865180605683,122.6121272723352,72.69282670853093,124.89053213440951,68.64239850894742,0.9258245378732681,0.948265990614891,0.9978760480880737,0.9819986537098884,0.9593636885285377,1.0
13.980000000040977,143.5278586124033,30.182555577126326,122.97573198327947,72.46600514090156,124.83493773096183,68.61382527492185,0.9240282848477364,0.9485552310943604,0.9982778206467628,0.9825885117053985,0.9596867427229882,1.0
14.00000000004093,143.50521577430635,30.221224231073425,123.36020833606679,72.1431199586541,124.77998872796196,68.58578643763985,0.9217256307601929,0.9487054079771041,0.9992903545498848,0.9836580783128738,0.9618618041276932,1.0
14.020000000040884,143.4806599691152,30.262834128500014,123.75176998479266,71.73291841716214,124.72569633027986,68.55829280660691,0.9192866802215576,0.9488408327102661,1.0,0.9854458779096603,0.9649116188287734,1.0
14.040000000040838,143.45666673521137,30.30624550479734,124.13653019964319,71.24403539566228,124.6720716088945,68.53135498114118,0.9170019701123238,0.9490253686904907,1.0,0.9875087246298789,0.9682053491473197,0.9991294756531715
14.060000000040791,143.4359351772485,30.350752960640023,124.5015968955836,70.68555701641864,124.61912549863628,68.50498334628715,0.9148871421813964,0.949090376496315,1.0,0.9896739691495895,0.9720698758959769,0.996172747015953
14.080000000040744,143.42115488755388,30.39587795245785,124.8355144892961,70.06741669049244,124.56686879595735,68.47918806881206,0.912989005446434,0.9490373492240906,1.0,0.9918777257204056,0.976287493109703,0.9931545332074165
14.100000000040698,143.41476854798103,30.44119459207574,125.12858548110842,69.40100013573542,124.51531215672998,68.45397909328643,0.9113973960280418,0.9488589644432067,1.0,0.994008257985115,0.9807688921689987,0.9900784909725189
14.120000000040651,143.41894056834582,30.486194155314852,125.37302954284479,68.70047678730597,124.46446609407373,68.42936613825019,0.9104802817106247,0.9484909832477569,1.0,0.995645335316658,0.9861926808953285,0.9860052973031997
14.140000000040605,143.435568525999,30.530410465916574,125.56248026853794,67.98244181392919,124.41434097621168,68.40535869246602,0.909549617767334,0.9481598913669586,1.0,0.9975525468587875,0.9899918511509895,0.9836154267191887
14.160000000040558,143.46626171603987,30.573749528771998,125.69163527485806,67.26414481099513,124.36494702435614,68.3819660112613,0.9093846082687378,0.9478309988975525,1.0,0.9992168843746185,0.9935828283429146,0.9813496261835097
14.180000000040511,143.51227653912485,30.6156752685684,125.75651025799098,66.56498825105783,124.3162943106245,68.3591971129599,0.91040411144495,0.9475843429565429,1.0,1.0,0.9975561186671257,0.9788578763604163
14.200000000040465,143.57444562462175,30.655111699737606,125.75478560779588,65.90597512561794,124.2683927559853,68.33706077540559,0.9114615544676781,0.9472327589988708,1.0,1.0,1.0,0.9768343418836594
14.220000000040418,143.6530982385437,30.69055628163908,125.68613743777368,65.30864598309955,124.22125212823525,68.31556553257784,0.9129424512386322,0.9464847981929779,1.0,1.0,1.0,0.9747364789247512
14.240000000040371,143.74798212047375,30.720171745914467,125.55251486878097,64.794182287671,124.17488204000742,68.29471967130195,0.9139281451702118,0.9455918461084366,1.0,1.0,1.0,0.973338395357132
14.260000000040325,143.8582929501701,30.74213644474564,125.35801683391985,64.3808807945549,124.12929194681112,68.27453122805427,0.9146868616342544,0.944644570350647,1.0,1.0,1.0,0.9726047977805137
14.280000000040278,143.98260403213226,30.75482775864003,125.10887685046819,64.0832588450194,124.08449114510374,68.25500798586398,0.915422211587429,0.9436730295419693,1.0,1.0,1.0,0.972292798757553
14.300000000040232,144.11879736330485,30.75691134490766,124.8135758919256,63.911954419400175,124.04048877039513,68.23615747131257,0.916541028022766,0.9427116632461547,1.0,1.0,1.0,0.9716485634446144
14.320000000040185,144.26420216265709,30.747365705863757,124.48268734453993,63.87274407901486,123.99729379538468,68.21798695163224,0.9176610246300697,0.9417227149009705,1.0,1.0,1.0,0.9712760359048843
14.340000000040138,144.41575201775916,30.725383457105032,124.12828670321873,63.96583614605788,123.95491502813172,68.20050343190422,0.9184823036193848,0.9407981395721435,1.0,1.0,1.0,0.9716220408678055
14.360000000040092,144.57025444890272,30.690430420572955,123.7632813043216,64.18643644325097,123.91336111025939,68.1837136523582,0.9190222457051277,0.9399655282497406,1.0,0.9986944034695625,1.0,0.9726390674710274
14.380000000040045,144.7245932847498,30.642337678075034,123.40077013788296,64.52562825069543,123.87264051519251,68.16762408577377,0.9192674577236175,0.9392518728971481,1.0,0.9967015087604523,1.0,0.9743135035037994
14.400000000039999,144.8758273652175,30.581316859150785,123.05345315198375,64.97137460299915,123.83276154642975,68.15224093498513,0.9189635321497917,0.9386628776788711,1.0,0.9948145121335983,1.0,0.9768397688865661
14.420000000039952,145.02120821144317,30.507882366517517,122.73310691945977,65.50965325118209,123.7937323358504,68.13757013048976,0.9186616003513336,0.9382880210876464,1.0,0.9929108723998069,0.9991001769900322,0.9798194169998169
14.440000000039905,145.1582539168442,30.422922054690293,122.45013992553406,66.12499944911048,123.75556084205613,68.12361732816207,0.9194523155689239,0.9384108036756516,1.0,0.9912552118301391,0.9955177873373031,0.9828561693429947
14.460000000039859,145.284868451833,30.3285181094098,122.21335661296654,66.79879364359506,123.71825484874824,68.11038790707293,0.9202984899282455,0.9386368244886398,1.0,0.9899908810853958,0.9918433889746665,0.9862443089485168
14.480000000039812,145.39944466570336,30.22834307809768,122.0301776220105,67.50853900618014,123.68182196314034,68.09788696741603,0.9211829528212547,0.9388701766729355,1.0,0.9889293611049652,0.988400612771511,0.9894893527030945
14.500000000039766,145.50094391749664,30.126949495487498,121.90665797551962,68.23022695444176,123.64626961440717,68.08611932854156,0.9218710333108902,0.9393737345933914,1.0,0.9881279170513153,0.9840482100844383,0.9934806495904922
14.520000000039719,145.58909833681665,30.028736257608212,121.84721977421604,68.9402620173475,123.61160505216971,68.07508952709831,0.922579288482666,0.9402092784643173,1.0,0.9878342375159264,0.9785981312394142,0.9990559116005897
14.540000000039672,145.66416896944747,29.93787694748597,121.85444501550081,69.6168558712381,123.57783534501684,68.06480181528472,0.9230108335614204,0.9410204321146011,0.9986207500100135,0.9874966189265251,0.9758831813931464,1.0
14.560000000039626,145.72673154596566,29.857664552294064,121.92886775357739,70.24045411897912,123.54496737906398,68.05526015920952,0.9226899072527885,0.9419159322977065,0.9971102461218834,0.9876435056328773,0.9733521416783333,1.0
14.580000000039579,145.77755215146354,29.79058063090226,122.06882353545254,70.79423600938352,123.51300785654894,68.04646823736275,0.9222155049443245,0.9427506268024445,0.9954288363456726,0.9877701103687286,0.9707227364182471,1.0
14.600000000039532,145.81753343014327,29.738134944758514,122.27048076539164,71.26447363576821,123.48196329446517,68.03842943919764,0.92188960313797,0.9437175989151001,0.9940821975469589,0.9878706842660904,0.9679231718182564,1.0
14.620000000039486,145.84772199825238,29.701501985799407,122.52793113594957,71.63848125242794,123.45184002323293,68.03114686382393,0.9211278557777405,0.9446470916271209,0.9928948998451232,0.9882135957479476,0.9655249148607253,1.0
14.64000000003944,145.86931984263958,29.68158632771024,122.83308507698243,71.9044713291615,123.42264418540839,68.02462331881304,0.9199501916766166,0.945476233959198,0.9918652981519699,0.9887553840875625,0.9636307343840599,1.0
14.660000000039393,145.88382104707478,29.677250964989366,123.17521251059455,72.05857607109952,123.39438173443106,68.01886131911577,0.9186855390667915,0.9461869657039642,0.9911685585975647,0.9889863938093185,0.9622783556580543,1.0
14.680000000039346,145.8930711702053,29.68583881586981,123.54117608636645,72.10392988694419,123.36705843340984,68.01386308609267,0.9178946807980537,0.9468280136585235,0.9909131273627281,0.9891729325056076,0.9613361313939094,1.0
14.7000000000393,145.89915777258943,29.70436756993393,123.91619339021818,72.046848430047,123.3406798539478,68.00963054665772,0.9166423797607421,0.9472987234592437,0.9909969508647918,0.9893961906433105,0.9608627840876579,1.0
14.720000000039253,145.90423564538366,29.730329342300855,124.2849132942817,71.89413489839013,123.31525137500614,68.00616533253545,0.9151595026254654,0.9476239413022994,0.9914828151464462,0.9898757785558701,0.9615040555596351,1.0
14.740000000039206,145.9104898343878,29.761974141467256,124.63221337614391,71.65211853016781,123.29077818180718,68.00346877963185,0.9134399652481079,0.9478135287761688,0.992358873784542,0.9906856089830398,0.9634741112589835,1.0
14.76000000003916,145.92011270132,29.798256615163503,124.94396905407534,71.3267116133417,123.26726526477722,68.00154192751941,0.9118187442421913,0.9479162752628326,0.9929523706436156,0.9918345287442207,0.9657814547419548,0.9989626333117485
14.780000000039113,145.93518057434486,29.838626551483944,125.20807024159602,70.92390634248609,123.24471741852875,68.0003855190363,0.910346269607544,0.947866466641426,0.9937364563345908,0.9929607570171356,0.968561202287674,0.9965443313121796
14.800000000039066,145.9574785911565,29.88278379182696,125.41522212483171,70.45030395960843,123.22313924088289,68.0,0.9091333657503128,0.9477107286453247,0.9947866305708885,0.9939971089363098,0.9716768205165862,0.9939969927072525
14.82000000003902,145.9885032210002,29.930432733919126,125.55936959727478,69.913764204283,123.20253513193174,68.00038551903543,0.9082393497228622,0.9475487858057022,0.9961240157485007,0.9949630886316299,0.9747613966464996,0.9915057837963104
14.840000000038973,146.02946319101682,29.98110989841977,125.63782913723162,69.32445586102803,123.18290929314117,68.00154192751768,0.9080065116286278,0.9471709966659546,0.9983243346214294,0.9953392952680588,0.9790784478187561,0.9877737000584602
14.860000000038927,146.0812779323724,30.034234259019268,125.65107990067327,68.695188838788,123.16426572649411,68.00346877962926,0.9076297104358673,0.9467292100191116,1.0,0.9959326267242431,0.982788698375225,0.9851772367954253
14.88000000003888,146.14457566380318,30.08937169499068,125.6021181616985,68.0401246457837,123.14660823367446,68.00616533253199,0.9074906736612319,0.9461526870727539,1.0,0.9963201209902763,0.9867264673113822,0.9825722754001617
14.900000000038833,146.21965538205924,30.145512436069307,125.49627424953935,67.37602362357184,123.12994041529187,68.00963054665341,0.9074796766042709,0.9455780148506164,1.0,0.9967409640550613,0.9897343501448631,0.9807888478040695
14.920000000038787,146.3064201967094,30.201176077799904,125.34114668697227,66.72171578066487,123.11426567014756,68.0138630860875,0.9075471699237824,0.9449367076158524,1.0,0.9971389859914779,0.9925504952669143,0.9793516933917998
14.94000000003874,146.4043213974525,30.25430313478647,125.14657936821648,66.09707011702152,123.0995871945412,68.01886131910975,0.9079893499612808,0.9443225622177124,1.0,0.9976397186517715,0.9955759242177009,0.9780720874667167
14.960000000038693,146.5122042046905,30.30280069538258,124.92472236822609,65.52274569921916,123.0859079816192,68.02462331880618,0.9090137928724289,0.9437210321426391,1.0,0.9983657479286193,0.9989669427275657,0.976812732219696
14.980000000038647,146.62851628822645,30.344408133902846,124.68867037133244,65.01845832098132,123.07323082076431,68.0311468638162,0.9096527174115181,0.9428122729063034,1.0,0.9990485310554504,1.0,0.9757800996303558
15.0000000000386,146.75155109518698,30.376927626511637,124.45078189852873,64.60182294532281,123.06155829702689,68.03842943918907,0.9098656713962555,0.9418724179267883,1.0,0.9998883709311485,1.0,0.9753280311822891
15.020000000038554,146.87952229146478,30.39845079750123,124.22216303067579,64.28695788969863,123.0508927905977,68.04646823735334,0.9097034290432929,0.9409282535314559,1.0,1.0,1.0,0.975404804944992
15.040000000038507,147.01060019196686,30.4074828302637,124.01247606786059,64.0840274106021,123.04123647632264,68.05526015919926,0.9094223961234092,0.9400624632835388,1.0,1.0,1.0,0.9755268678069114
15.06000000003846,147.1428783321291,30.403043943906393,123.82973294152106,63.999498639489445,123.03259132325918,68.06480181527364,0.9088410586118698,0.9392593920230865,1.0,1.0,1.0,0.9760662019252777
15.080000000038414,147.27441027278226,30.384452388012402,123.68012259931066,64.0362923228076,123.02495909427492,68.07508952708639,0.9080053851008415,0.9385272562503815,1.0,1.0,1.0,0.9770621195435524
15.100000000038367,147.403350886517,30.351375952872175,123.56798201130867,64.19288861161337,123.01834134568803,68.08611932852881,0.9067578941583633,0.9378692746162415,1.0,1.0,1.0,0.9786889061331748
15.12000000003832,147.52810465977495,30.30392889838448,123.49585167473799,64.46323840901792,123.01273942694998,68.09788696740246,0.9054631248116493,0.9372923403978347,1.0,1.0,1.0,0.9805546194314956
15.140000000038274,147.64742555115964,30.24259163966915,123.46480410642731,64.83757404487844,123.00815448037032,68.11038790705854,0.9053812235593796,0.9370737493038177,1.0,1.0,1.0,0.9819499313831329
15.160000000038227,147.7604498170627,30.168392438315248,123.47458522616316,65.30322872433139,123.00458744088378,68.12361732814686,0.9055202603340149,0.9370792210102081,1.0,1.0,1.0,0.9835460156202316
15.18000000003818,147.8667139892141,30.083498850047988,123.523684226458,65.84351700984044,123.00203903585957,68.13757013047375,0.9057914406061173,0.9372636675834656,1.0,1.0,1.0,0.9852911412715911
15.200000000038134,147.96619239415122,29.991503227234414,123.60943602761347,66.43740958370256,123.0005097849531,68.15224093496832,0.9061715230345726,0.937614607810974,1.0,1.0,0.999223044514656,0.9871401220560073
15.220000000038088,148.05932679679486,29.896645267630547,123.72816161789159,67.06211300586168,123.0,68.16762408575616,0.9066402748227119,0.9381120145320893,1.0,1.0,0.9963854148983955,0.9890245795249939
15.240000000038041,148.146911557259,29.80291416767753,123.8753389092053,67.69607567733823,123.00050978495257,68.1837136523398,0.9072868078947067,0.9387118726968765,1.0,0.9999863564968109,0.9934567287564278,0.9909663110971451
15.260000000037994,148.22978892922427,29.713420355827903,124.04579610674593,68.32148008075727,123.00203903585852,68.20050343188505,0.9081949278712272,0.9392161279916763,0.9993083879351615,0.9992949903011321,0.9906515583395957,0.992513458430767
15.280000000037948,148.3086817428914,29.63047918207933,124.23391880445502,68.9244985901257,123.00458744088222,68.21798695161229,0.9090382501482963,0.9398254990577698,0.9968824282288551,0.9986518412828445,0.9865500941872596,0.9944606572389603
15.300000000037901,148.384203116723,29.555904138842703,124.43386166821391,69.494761618398,123.00815448036823,68.23615747129186,0.9098854392766952,0.9404322236776351,0.9948101133108138,0.9978713810443878,0.9828683152794837,0.9958862602710723
15.320000000037854,148.4577043265672,29.49079671288005,124.63975597426538,70.0242222391558,123.01273942694736,68.25500798584251,0.9105206310749053,0.9410661101341248,0.9928033113479614,0.997213327884674,0.9792928904294967,0.9973147422075271
15.340000000037808,148.52934823762283,29.436086857745234,124.84590769768005,70.50571614170428,123.01834134568489,68.27453122803206,0.9109730571508408,0.9416909843683242,0.9910267233848571,0.9966377437114715,0.9760824516415596,0.9985392242670059
15.360000000037761,148.59937407755908,29.392508549343926,125.04692875321909,70.93269811382869,123.02495909427125,68.294719671279,0.9112608313560485,0.9425624519586563,0.9893568068742752,0.9964192554354667,0.972358526289463,1.0
15.380000000037715,148.66802138850792,29.360516087714334,125.23738961942486,71.2993361520983,123.032591323255,68.31556553255415,0.9115167945623398,0.9433001399040222,0.9884554415941238,0.9960713863372802,0.9699063211679458,1.0
15.400000000037668,148.73563485019073,29.340489582966384,125.4109154682042,71.59941367821908,123.04123647631795,68.33706077538118,0.9115180552005767,0.9439714610576629,0.9876502156257629,0.9958954244852065,0.96777915507555,1.0
15.420000000037621,148.80265611836003,29.332526609875018,125.56066599308501,71.82704103828469,123.0508927905925,68.3591971129348,0.9117576658725738,0.9445708096027374,0.9871605336666107,0.9953562021255493,0.9660415396094322,1.0
15.440000000037575,148.86962731922208,29.336484139436536,125.67984639320613,71.97688562548664,123.06155829702116,68.38196601123548,0.9118342250585556,0.9450676172971725,0.9868843600153923,0.9948936194181441,0.9648349031805992,1.0
15.460000000037528,148.93717975614365,29.352038986833342,125.76216768359751,72.04431430786632,123.07323082075807,68.4053586924395,0.9118514001369477,0.9454442977905273,0.9868393033742904,0.9944049209356307,0.9641096159815787,0.999861942231655
15.480000000037482,149.00599570604479,29.378738802881344,125.80226291637075,72.02541123517024,123.08590798161245,68.42936613822299,0.9118369206786155,0.9456870287656783,0.9870608270168304,0.9938296720385551,0.9638779580593109,0.9989237055182456
15.500000000037435,149.0767086111931,29.415528819031376,125.79655902964568,71.91920070041881,123.09958719453394,68.45397909325855,0.9116247713565826,0.9457450091838836,0.9877387508749962,0.9929725453257561,0.9641778156161308,0.9977282807230949
15.520000000037388,149.14987242077459,29.4609827959863,125.74352023005517,71.72732091215117,123.11426567013979,68.47918806878353,0.9114391446113587,0.945668226480484,0.9886448681354523,0.9920711487531662,0.9649806722998618,0.9962732762098312
15.540000000037342,149.22588855438102,29.513523281156406,125.64395993439601,71.45335789152774,123.12994041528358,68.50498334625797,0.9112660616636276,0.9454538822174072,0.9897701755166053,0.9911464527249336,0.9662928223609923,0.9945965468883514
15.560000000037295,149.30498364905895,29.5716203976774,125.50103399284059,71.10263555809915,123.14660823366566,68.53135498111136,0.9110913649201393,0.9451215744018554,0.9909331053495407,0.9903334975242615,0.9680729463696479,0.9928855076432228
15.580000000037248,149.38718374111713,29.63400763642363,125.32014325277987,70.68170872569188,123.1642657264848,68.55829280657646,0.91086305975914,0.9446691036224365,0.9921498894691467,0.9896603256464004,0.9703358277678489,0.9911660283803939
15.600000000037202,149.47232610573403,29.699975626971213,125.10888515885296,70.19713282136453,123.18290929313135,68.58578643760879,0.9105170235037804,0.9440908908843993,0.9934916779398918,0.9891278088092803,0.9730994597077369,0.9894229054450988
15.620000000037155,149.5600859131394,29.7685417124046,124.87707466284517,69.65769808520885,123.20253513192142,68.61382527489019,0.9100190579891204,0.9433956176042556,0.9949271291494369,0.9887840524315834,0.9763480931520462,0.9876974403858184
15.640000000037109,149.64997847498867,29.838222001074662,124.63635342271928,69.07484921099437,123.22313924087207,68.64239850891516,0.9097428575158119,0.9427222669124603,0.9970608130097389,0.9884795993566513,0.9803019151091575,0.9852690711617469
15.660000000037062,149.74140977414515,29.907113545465776,124.39959105595786,68.46234983891053,123.24471741851744,68.67149512415807,0.9091418772935868,0.9420917153358459,0.999034583568573,0.9886663526296615,0.9840593323111534,0.9834523171186447
15.680000000037015,149.8336575707889,29.973281847205577,124.1800706832308,67.83580840799124,123.26726526476541,68.70110390331986,0.90842325091362,0.9415255188941956,1.0,0.9892250478267669,0.9871487766504288,0.9822792932391167
15.700000000036969,149.92590278098115,30.034584136140126,123.99073159802987,67.21217202412929,123.29077818179488,68.73121343165255,0.9075511753559112,0.9409636229276657,1.0,0.99013392329216,0.9901918277144431,0.9813541501760482
15.720000000036922,150.01772549958747,30.08880632667551,123.84356623116932,66.60922027813069,123.31525137499334,68.76181210135978,0.9064810991287231,0.9403973370790482,1.0,0.9914343923330307,0.9933434054255486,0.980592331290245
15.740000000036876,150.10794008522254,30.133732639685856,123.74922066022438,66.045124555637,123.34067985393453,68.79288811607191,0.9052182212471962,0.9398445159196853,1.0,0.9931530267000198,0.9965087383985519,0.9800250485539436
15.760000000036829,150.19559776804786,30.167308319924544,123.71694143146617,65.53807027713675,123.36705843339607,68.82442949539373,0.9040656536817551,0.9391344368457794,1.0,0.9952118635177611,1.0,0.9792337745428085
15.780000000036782,150.27997633810548,30.187794518521475,123.75363521720175,65.10488237466254,123.39438173441681,68.85642407952308,0.9029694080352783,0.9383873879909516,1.0,0.9977121159434318,1.0,0.978466385602951
15.800000000036736,150.3606082331977,30.193928021486837,123.86252135704531,64.75961324898465,123.42264418539366,68.88885953393873,0.9015561565756798,0.9376533478498459,1.0,1.0,1.0,0.9780372232198715
15.82000000003669,150.43738290071616,30.184969703989065,124.04238017845441,64.51306077029774,123.45184002321773,68.92172335415557,0.9002305954694748,0.9369806408882141,1.0,1.0,1.0,0.977347645163536
15.840000000036643,150.5105391704043,30.16069745983099,124.28783576898431,64.37274189251778,123.48196329444949,68.95500287054531,0.8990870088338851,0.9363412022590637,1.0,1.0,1.0,0.9764270707964897
15.860000000036596,150.58059327190358,30.121360270665125,124.58993237023105,64.3430316737418,123.51300785653278,68.9886852532209,0.8979143023490905,0.9358488380908966,1.0,1.0,1.0,0.9759727090597152
15.88000000003655,150.64816095887454,30.067559127113846,124.93680762259578,64.42516668458566,123.54496737904736,69.02275751698261,0.8970882266759872,0.935542431473732,1.0,1.0,1.0,0.9757171705365181
15.900000000036503,150.71467609947695,30.000237039391404,125.3144453463304,64.61604711427343,123.57783534499974,69.0572065263242,0.8964840054512023,0.935375839471817,1.0,1.0,1.0,0.9757029771804809
15.920000000036456,150.78108143627335,29.9201454766676,125.70787102072438,64.90873364851619,123.61160505215216,69.09201900049676,0.8961360201239585,0.9353488922119141,1.0,1.0,1.0,0.9759325250983237
15.94000000003641,150.84838486936033,29.82845442845078,126.1027673137589,65.29356175131181,123.64626961438917,69.12718151862886,0.8960765108466148,0.9354530245065689,1.0,1.0,1.0,0.9763758629560471
15.960000000036363,150.9176133329909,29.726396499899074,126.48608656189111,65.75910142106943,123.68182196312188,69.16268052490038,0.8962930232286453,0.9356796979904175,1.0,1.0,1.0,0.977048860490322
15.980000000036316,150.98966708996952,29.61553427789171,126.84634471602142,66.29277388710281,123.71825484872933,69.19850233376864,0.8965856522321701,0.9359829843044281,1.0,1.0,1.0,0.9780867278575897
16.00000000003627,151.06523443139415,29.497688217441628,127.17385161673306,66.88141288689631,123.75556084203679,69.23463313524445,0.8975302994251251,0.9363151758909225,1.0,1.0,1.0,0.9786693394184112
16.020000000036934,151.14474256584901,29.375462780908702,127.46087294715987,67.51024085356273,123.7937323358306,69.27105900021604,0.8986156642436981,0.9367241233587265,0.9997206568717956,1.0,1.0,0.9794772118330002
16.040000000037598,151.22833525907987,29.253415721025394,127.70172184017454,68.15973570664012,123.83276154640953,69.30776588581908,0.8999273672699928,0.9371594011783599,0.9981420025229454,1.0,1.0,0.9802194863557815
16.06000000003826,151.31584783414468,29.135815117801034,127.89278062285186,68.81196362138073,123.87264051517185,69.3447396408504,0.9012020781636237,0.9376639068126679,0.9963915437459945,1.0,0.9985301941633224,0.9813612490892409
16.080000000038925,151.4067454284446,29.02570816125438,128.03245546598032,69.45232798252951,123.9133611102383,69.38196601122364,0.9025282472372055,0.9382056057453155,0.9945604845881462,1.0,0.9947415381669997,0.9826986297965049
16.10000000003959,151.5010062162176,28.925783779339916,128.12106868805955,70.06941453688916,123.95491502811021,69.41943064546436,0.903953917324543,0.9388511687517166,0.9922204181551932,1.0,0.9899547249078751,0.9848126396536827
16.120000000040253,151.5984236693023,28.837413293713578,128.1606478190397,70.65543602331925,123.99729379536274,69.45711910024289,0.9056196764111518,0.9392752528190612,0.9901796951889992,1.0,0.9855074077844619,0.9866035550832748
16.140000000040917,151.69774321048644,28.7613672913024,128.15431161715918,71.20538635724748,124.04048877037278,69.4950168459425,0.907384118437767,0.9399208694696426,0.9887402340769768,0.9998083516955375,0.9809579253196716,0.9881942436099052
16.16000000004158,151.797847843746,28.698189313301434,128.10517725244466,71.7160786768877,124.08449114508097,69.53310927226077,0.908943259716034,0.9405777782201766,0.9875369995832443,0.997973345220089,0.9766667395830154,0.9897993713617325
16.180000000042245,151.89773354450173,28.648391562812918,128.016053505232,72.18406521887148,124.12929194678794,69.57138169384227,0.9101974919438361,0.9411788076162338,0.9864608526229858,0.9963035225868224,0.9727725341916084,0.9914750188589095
16.20000000004291,151.99652243750256,28.61264364225727,127.88931043549648,72.60373438252047,124.17488203998384,69.60981935593992,0.9110078632831573,0.9418077588081359,0.9851515680551528,0.9950197413563728,0.9687154918909072,0.9938312232494354
16.220000000043573,152.09349810578038,28.591891773230376,127.72659069387059,72.96647119602957,124.22125212821128,69.64840744010327,0.9117055058479309,0.9422695904970169,0.9844043225049972,0.9936495929956436,0.9658075168728828,0.9954464718699455
16.240000000044237,152.18804351638926,28.58678510792622,127.52924506742077,73.26252908884689,124.26839275596093,69.68713106989134,0.9121222540736198,0.9426689893007278,0.9838262662291526,0.9924571990966796,0.963445308804512,0.9968689680099487
16.2600000000449,152.27957508994268,28.597465397978493,127.2992881188142,73.48228116113062,124.31629431059974,69.72597531660769,0.9126914992928504,0.9430058836936951,0.9834861755371094,0.9910306125879287,0.9614148989319801,0.9977606058120727
16.280000000045565,152.3675768017522,28.6236134153546,127.04028238466996,73.61676981188828,124.364947024331,69.76492520505579,0.9132760733366012,0.94325952231884,0.9833571434020996,0.9895318567752838,0.9597782239317894,0.9983287423849105
16.30000000004623,152.4516738323802,28.66462141222403,126.75708266898747,73.65778023005117,124.41434097618617,69.80396571931219,0.9137761980295181,0.9434065163135529,0.9835420459508896,0.9880447059869766,0.958824434876442,0.9983101055026053
16.320000000046893,152.53171029361775,28.719787246774814,126.45518366655288,73.59766469541755,124.46446609404785,69.84308180851548,0.9141391724348068,0.9434257835149765,0.9840654879808426,0.9865249395370483,0.958469945192337,0.9978469192981719
16.340000000047556,152.6077042738241,28.787872289478962,126.14092948843334,73.43161870797566,124.51531215670555,69.88225839267005,0.9141712784767151,0.9432695716619491,0.9850958764553069,0.984888568520546,0.9588058829307556,0.9969278067350387
16.36000000004822,152.6798226371298,28.867038414797214,125.82142364191266,73.1585168218901,124.56686879593441,69.92148036845556,0.9140498235821723,0.9429874300956725,0.986406734585762,0.9834087044000626,0.959854407608509,0.9955566436052322
16.380000000048884,152.74827967667082,28.95487562199603,125.50452799979809,72.78107658984842,124.6191254986149,69.96073261505374,0.9137148022651672,0.9425749063491821,0.98798858076334,0.9821438461542129,0.9616700798273087,0.9937859922647476
16.40000000004955,152.81327962277194,29.048461146256226,125.19878979583773,72.3056071137956,124.67207160887475,69.9999999999763,0.9131705373525619,0.9420289427042007,0.9897453874349593,0.9811839684844017,0.9642067611217499,0.9915776804089546
16.420000000050212,152.87498112019603,29.14488062020764,124.91338975659863,71.74101829364211,124.72569633026178,70.03926738489886,0.9124675571918487,0.94137444794178,0.9913785800337791,0.9806915059685707,0.9673363178968429,0.9890604227781296
16.440000000050876,152.9333726305461,29.24248813052935,124.65816088255693,71.09587376883158,124.7799887279456,70.07851963149706,0.911431097984314,0.94064681828022,0.9928913861513138,0.9806897848844528,0.9712367862462997,0.9867297261953354
16.46000000005154,152.98836841912163,29.33955382340343,124.44365032606257,70.38122603327803,124.83493773094723,70.11774160728261,0.9100237160921096,0.9398194730281829,0.9945427149534225,0.9810807392001152,0.9759837061166763,0.9844101384282111
16.480000000052204,153.03983356350906,29.434038982417867,124.28071381420091,69.61147476574665,124.89053213439674,70.15691819143726,0.9082746475934982,0.9390034109354018,0.9963603630661964,0.9819403022527694,0.9812704160809517,0.9822790428996085
16.500000000052868,153.08761754879217,29.523650588604248,124.17992539558223,68.80419462245196,124.94676060181796,70.19603428064201,0.9070086449384689,0.938553711771965,0.9985884025692939,0.9831303223967551,0.9857572644948959,0.9800135552883148
16.520000000053532,153.131783519665,29.605888583792183,124.15078330286524,67.97976626807514,125.00361166744025,70.2350747948999,0.9051725566387177,0.9381336957216263,1.0,0.9849836841225623,0.9902763843536376,0.9785943448543548
16.540000000054196,153.17278993799377,29.677841018070218,124.20065976119632,67.16075322916187,125.06107373853652,70.2740246833495,0.9031290262937546,0.9377059817314147,1.0,0.9873313546180724,0.9951230779290199,0.9773139342665672
16.56000000005486,153.21010632338619,29.737079000927533,124.33402388924222,66.37121238296073,125.11913509778704,70.31286893006735,0.9008799314498901,0.9372869223356247,1.0,0.9902168571949005,1.0,0.9762817487120627
16.580000000055524,153.2440839466496,29.781320921791682,124.55221197838183,65.63594901083457,125.17778390566892,70.35159255985693,0.8994452312588691,0.9364984065294265,1.0,0.9939470052719116,1.0,0.9743754491209984
16.600000000056188,153.27527521616514,29.80856899596711,124.85346571565734,64.97923614046496,125.23700820287026,70.3901806440218,0.8982035875320434,0.9357579737901688,1.0,0.9981204912066459,1.0,0.9725135445594787
16.62000000005685,153.30428602052564,29.81736518316672,125.23303518044045,64.42294114774812,125.29679591272883,70.42861830612095,0.8975100398063659,0.934951514005661,1.0,1.0,1.0,0.9705765023827553
16.640000000057515,153.33193834865264,29.80692775295599,125.68229453991543,63.98535138581786,125.35713484369468,70.46689072770397,0.8968911021947861,0.9342144608497619,1.0,1.0,1.0,0.9691912308335304
16.66000000005818,153.3593990751562,29.777136267483318,126.18805123470301,63.68077469030838,125.41801269181619,70.50498315402378,0.8961916580796242,0.933528870344162,1.0,1.0,1.0,0.9677139595150948
16.680000000058843,153.38808075093374,29.72842118876005,126.73323060905857,63.518752301580655,125.47941704324897,70.54288089972489,0.895414599776268,0.9328758776187897,1.0,1.0,1.0,0.9666280269622802
16.700000000059507,153.41936936561862,29.66149070586389,127.29785153020165,63.50233389566232,125.54133537678729,70.58056935450495,0.8946849495172501,0.9322705835103988,1.0,1.0,1.0,0.9659051582217216
16.72000000006017,153.45443738908295,29.57721958943742,127.8605038570323,63.6287653571963,125.60375506641722,70.61803398874719,0.8944286599755287,0.9318994373083115,1.0,1.0,1.0,0.9653656095266342
16.740000000060835,153.49413551311667,29.47637819180579,128.40073553231534,63.8907576495383,125.66666338389138,70.65526035912193,0.8943595305085182,0.9316861122846604,1.0,1.0,1.0,0.9651253417134285
16.7600000000615,153.53889202957956,29.36030436992494,128.90076256014487,64.27751097393357,125.73004750132426,70.69223411415476,0.8943328648805619,0.9315823554992676,1.0,1.0,1.0,0.9652278020977973
16.780000000062163,153.59015119506915,29.230345557674035,129.34596228296581,64.77578826750207,125.79389449380817,70.72894099975929,0.8943544387817383,0.9315840542316437,1.0,1.0,1.0,0.9656670674681663
16.800000000062827,153.6477297620262,29.08779781728637,129.7250330730501,65.37072851700829,125.85819134204868,70.76536686473237,0.8944165229797363,0.9316856294870376,1.0,1.0,1.0,0.9664432987570762
16.82000000006349,153.7113829313621,28.934512182550872,130.03004840728667,66.0465302560006,125.9229249350195,70.80149766620964,0.8954357355833054,0.9317912727594375,1.0,1.0,1.0,0.9666317015886307
16.840000000064155,153.7805965924347,28.772661364227616,130.2564080807078,66.78708166536232,125.98808207263595,70.83731947507937,0.8970553159713744,0.9320918321609497,1.0,1.0,1.0,0.9675410374999046
16.86000000006482,153.85446197623668,28.604751378420467,130.40269369588881,67.57643147811928,126.0536494684467,70.87281848135233,0.8991843059659004,0.9324772387742996,1.0,1.0,1.0,0.968627144396305
16.880000000065483,153.93254244117685,28.433922324010442,130.47043766287817,68.39727897771196,126.11961375234306,70.90798099948584,0.9013567388057708,0.9329449981451035,0.9989713102579116,1.0,1.0,0.9700389832258224
16.900000000066147,154.01392303679563,28.265826741450862,130.46381774137913,69.226720687155,126.18596147328526,70.94279347365983,0.9034683302044868,0.9334820926189422,0.9968910783529281,1.0,1.0,0.9717689275741577
16.92000000006681,154.09724502181368,28.105684676845197,130.38929173510783,70.04398604480218,126.2526791020454,70.9772424830028,0.9055383563041687,0.9341328412294387,0.9943226978182792,1.0,0.9994801476597786,0.9740509733557701
16.940000000067474,154.1811841857761,27.95674899445802,130.25518641551912,70.8338998901332,126.3197530339662,71.01131474676588,0.907478304207325,0.9348233044147491,0.9917789131402969,0.997672352194786,0.9940374627709389,0.9765639573335647
16.96000000006814,154.26415922401083,27.82168237544082,130.07125633049483,71.58524782108564,126.38716959173513,71.0449971294428,0.9098607406020164,0.9358620256185531,0.9895855903625488,0.9946225464344024,0.9870811760425567,0.9794090434908866
16.980000000068802,154.34433342440616,27.70215201382493,129.8480372083198,72.28978081988392,126.45491502817353,71.07827664583387,0.9123047739267349,0.9367090225219726,0.9878747344017028,0.9918469116091728,0.980819009244442,0.9818314224481582
17.000000000069466,154.41996645493552,27.59959227165554,129.59551345355752,72.94128916624521,126.52297552903975,71.111140466052,0.9143102258443833,0.9375176370143891,0.9863166123628616,0.9893649384379386,0.9750600963830948,0.984328219294548
17.02000000007013,154.48948797836164,27.515437390571893,129.32187760367867,73.53470551792735,126.59133721584611,71.14357592046893,0.9155358389019966,0.9383332252502441,0.9849585831165313,0.9874642938375473,0.9703570798039436,0.9863293930888175
17.040000000070794,154.5516491493814,27.451190445564123,129.03324707905313,74.06454705958228,126.65998614868886,71.17557050459952,0.916431388258934,0.9390229642391205,0.9840035468339919,0.9857190877199172,0.9666325509548187,0.9879892736673355
17.060000000071458,154.60556992500133,27.408309415318097,128.73483050924278,74.52261097718932,126.72890832909083,71.20711188392254,0.9169141054153442,0.9396624743938445,0.9831107556819916,0.9842809587717056,0.9633053421974181,0.9898534625768661
17.080000000072122,154.65062227003347,27.388045641184366,128.43175894179666,74.89772324815569,126.7980897028558,71.23818789863586,0.9170794636011124,0.9402339190244674,0.9823345690965652,0.9830724269151687,0.9604282930493354,0.9918013542890548
17.100000000072786,154.6863717944003,27.390888508535063,128.1292932777863,75.1779211360371,126.86751616293446,71.26878656834424,0.9170135840773582,0.940724629163742,0.9817125603556632,0.982032024860382,0.958023464679718,0.9937217086553574
17.12000000007345,154.71266377024546,27.416486158627432,127.8325633302116,75.35181226192117,126.93717355230093,71.29889609667802,0.9168771937489509,0.9411239922046661,0.9813106715679168,0.9810344576835632,0.9561056673526763,0.9953668683767318
17.140000000074114,154.72972226252875,27.463532756771475,127.54629049370303,75.4105045536028,127.00704766683961,71.32850487584089,0.9170561105012893,0.94143927693367,0.9812679037451744,0.9797686740756034,0.9546631664037705,0.9960594058036804
17.160000000074778,154.73811917158974,27.529939571455543,127.27487829069554,75.34842631748529,127.07712425824162,71.35760149108485,0.9168942302465438,0.9415834009647369,0.9816559076309204,0.9784479409456253,0.9537585601210594,0.9965400263667106
17.18000000007544,154.7387596986008,27.613323622332285,127.02217126303303,75.16259999177313,127.14738903691025,71.38617472511083,0.9162172585725784,0.9415378302335738,0.982818779349327,0.9772372767329216,0.95434190928936,0.9955105140805244
17.200000000076106,154.73284393342104,27.711263972449025,126.7912986444133,74.85231466791441,127.21782767487473,71.4142135623932,0.9153384149074554,0.9413630485534668,0.9842630684375763,0.976315401494503,0.9557879149913787,0.9937328398227692
17.22000000007677,154.72178742380711,27.82131440108835,126.58472128260189,74.41935469870113,127.28842580871196,71.44170719342645,0.9145022094249725,0.9410332977771759,0.985758963227272,0.975735780596733,0.9577986240386963,0.9910392582416534
17.240000000077433,154.70708004128255,27.94078183519242,126.4045638996179,73.86872232541457,127.35916904247543,71.46864501889245,0.9133956417441368,0.9405667543411255,0.9875511661171913,0.9754251405596732,0.9607324600219727,0.988085725903511
17.260000000078097,154.69013662983627,28.066218244419996,126.25327136872087,73.20943977502527,127.43004295063069,71.49501665374667,0.9121246635913849,0.9400300532579422,0.9890535071492195,0.9756265521049499,0.9645049959421157,0.9853316158056259
17.28000000007876,154.67228441710995,28.194419460690995,126.13421758458163,72.45332591220102,127.50103308099696,71.52081193122191,0.9106112003326415,0.9393628001213074,0.9907539248466491,0.9761407628655433,0.9692673295736313,0.9824848353862762
17.300000000079425,154.65453325454723,28.32329928079107,126.05220003377536,71.61287996880559,127.57212495769416,71.54602090674764,0.9088531553745269,0.9385713875293732,0.9926401391625403,0.9769773617386818,0.974972204864025,0.9796496421098708
17.32000000008009,154.6376593461582,28.45063472252708,126.01299249473922,70.70431062209778,127.64330408409467,71.57063386178393,0.9068931579589844,0.9377244442701339,0.9944777742028236,0.9781906813383102,0.9810064196586609,0.9771793633699417
17.340000000080753,154.6222692587868,28.573697142098133,126.02252396085903,69.74806851007304,127.71455594577944,71.59464130756808,0.9053903520107269,0.9372030317783355,0.9966717451810836,0.9797123834490775,0.9862676575779914,0.9748261228203773
17.360000000081417,154.60884100350057,28.689434214964713,126.08621902436367,68.768316651006,127.7858660134977,71.61803398877274,0.9036822497844695,0.9368063598871231,0.9990355044603347,0.9817448541522026,0.9915647387504577,0.9729438424110413
17.38000000008208,154.59780146972605,28.794680416365402,126.20794413100342,67.79215605889752,127.85721974612964,71.64080288707399,0.9017466515302658,0.9363782346248627,1.0,0.9842616289854049,0.9970775321125984,0.9714237138628959
17.400000000082745,154.5895626461992,28.88618907706155,126.38967862075937,66.84888146255814,127.92860259365159,71.66293922462813,0.8998399406671523,0.9358137369155883,1.0,0.9872662305831909,1.0,0.9699636712670325
17.42000000008341,154.58461653320617,28.96097556124702,126.63136752419324,65.96888312531098,128.00000000010292,71.68443446745563,0.8990879476070404,0.9350274115800857,1.0,0.9910178586840629,1.0,0.9680348724126815
17.440000000084073,154.5834948888051,29.016481300068527,126.93073069023664,65.1817189102098,128.0713974065542,71.70528032873122,0.8985688507556915,0.9343281060457229,1.0,0.9953432291746139,1.0,0.9668664082884788
17.460000000084737,154.58640907076722,29.05073535649567,127.28345995537418,64.51385723058094,128.1427802540761,71.72546877197853,0.8983177870512008,0.9335253566503524,1.0,0.9997160479426384,1.0,0.9659164279699325
17.4800000000854,154.59332347067394,29.062546578285215,127.68296704032035,63.98736659083838,128.21413398670794,71.7449920141684,0.8982958108186722,0.9326597452163696,1.0,1.0,1.0,0.9646507382392883
17.500000000086064,154.60453334665362,29.051504280213685,128.11927506816798,63.61896525176529,128.28544405442605,71.76384252871934,0.8980496019124985,0.9318398833274841,1.0,1.0,1.0,0.963407489657402
17.52000000008673,154.6205045569055,29.017796849514088,128.57870600635292,63.4183735200445,128.35669591611062,71.78201304839912,0.8974464043974876,0.9310434103012085,1.0,1.0,1.0,0.9626430824398994
17.540000000087392,154.64156360799504,28.962023654592425,129.04461779214375,63.38759898522107,128.4278750425109,71.79949656812653,0.8968233227729797,0.9302946001291275,1.0,1.0,1.0,0.9622602239251137
17.560000000088056,154.66776006201383,28.885283294171213,129.49855127952958,63.52183138302009,128.49896691920782,71.81628634767189,0.8960533678531647,0.9296119332313537,1.0,1.0,1.0,0.9622907608747482
17.58000000008872,154.69912546528107,28.788971813099923,129.92204335770725,63.81090977046801,128.5699570495738,71.83237591425559,0.8954897060990333,0.9291127562522888,1.0,1.0,1.0,0.9625995010137558
17.600000000089384,154.735464426953,28.674596040335327,130.29939605707676,64.24090606412555,128.64083095772867,71.84775906504343,0.8956377953290939,0.9289426416158676,1.0,1.0,1.0,0.9630474299192429
17.620000000090048,154.77625341464002,28.54392130153124,130.61845833922092,64.79538876021923,128.71157419149174,71.86242986953795,0.8958059072494506,0.9289091140031814,1.0,1.0,1.0,0.9638297632336617
17.640000000090712,154.82084740551278,28.398979318413208,130.87063795570663,65.45630736247038,128.78217232532853,71.87638267186473,0.8969738528132438,0.9288816571235656,1.0,1.0,1.0,0.9638958126306534
17.660000000091376,154.86858908571537,28.242056210858305,131.05078653285827,66.20473685786435,128.85261096329253,71.8896120929529,0.8984851568937301,0.9290087401866912,1.0,1.0,1.0,0.9642143696546555
17.68000000009204,154.91894160192382,28.075758586554194,131.15700101956494,67.02019913208166,128.92287574196064,71.90211303260877,0.9007339477539062,0.9293514639139175,1.0,1.0,1.0,0.9651938095688819
17.700000000092704,154.97127114520273,27.905065057796502,131.19035118367714,67.87747113195935,128.9929523333621,71.91388067148213,0.9032816886901855,0.9298311948776244,1.0,1.0,1.0,0.9665664836764335
17.720000000093368,155.02481186782137,27.734837790745924,131.15454467726042,68.75168268538087,129.06282644790016,71.92491047292421,0.9058358490467071,0.930404445528984,1.0,0.9984799027442932,1.0,0.9682033509016037
17.74000000009403,155.07876960567387,27.569471602723645,131.05554228065864,69.62141211462308,129.132483837266,71.93519818473659,0.9050732344388962,0.9309123039245605,0.9982134699821472,0.9983160465955734,1.0,0.9724844112992286
17.760000000094696,155.13205278181172,27.412011602150148,130.90113733669838,70.47085348030538,129.20191029734397,71.94473984081051,0.9028966754674911,0.9314605474472045,0.9958698406815528,0.9989318281412124,1.0,0.9776516377925872
17.78000000009536,155.18322910013543,27.264634671981042,130.70051378194552,71.28863478775884,129.27109167110822,71.95353176265594,0.9014006599783897,0.9323697805404663,0.9937838420271873,0.9993343114852905,0.9987819820642471,0.9826825723052024
17.800000000096023,155.23051929471313,27.129269775985527,130.4637969111554,72.06556315232837,129.3400138515094,71.96157056081964,0.9007602959871291,0.9335158348083495,0.9917857080698013,0.999663758277893,0.9950339257717132,0.9870115727186203
17.820000000096687,155.2719262368382,27.007548502088138,130.20178943034813,72.79364350571734,129.40866278435138,71.96885313619188,0.9002410203218459,0.9345231205224991,0.9895228713750839,0.9999311476945877,0.9911570966243743,0.9908158302307128
17.84000000009735,155.30546717532948,26.90210964067265,129.92565994411885,73.46464780999564,129.47702447115685,71.97537668120125,0.8996090516448021,0.9352240979671478,0.9866744145750999,1.0,0.9864775717258453,0.9944540858268738
17.860000000098015,155.33107907118605,26.817197064362723,129.64450201167872,74.06637898875142,129.5450849720222,71.98113868089695,0.8990647777915001,0.9358358472585678,0.9843049019575119,1.0,0.9821424603462219,0.9975507318973541
17.88000000009868,155.34893315377872,26.757670200066496,129.36419911362876,74.58476407444796,129.61283040845967,71.9861369139184,0.8982735753059387,0.9364350616931915,0.9823250785470008,1.0,0.9782454162836074,0.9999163508415222
17.900000000099343,155.3602297265152,26.72749046971202,129.08788310499887,75.00772546604793,129.68024696622766,71.99036945335165,0.8979886665940284,0.9379373490810394,0.980652180314064,1.0,0.9746088236570358,1.0
17.920000000100007,155.3668320967873,26.72862363395434,128.81635792098925,75.32732030455416,129.74732089814742,71.99383466747217,0.897917726635933,0.9390938818454743,0.9792135015130042,1.0,0.971253290772438,1.0
17.94000000010067,155.37163706272696,26.76076443256212,128.5480619167011,75.54006433833699,129.81403852690653,71.99653122037394,0.8976341724395752,0.9396677136421203,0.9779423668980598,1.0,0.9685980781912803,1.0
17.960000000101335,155.37763177674617,26.821730428606752,128.27901170910712,75.6455246436983,129.88038624784764,71.99845807248451,0.8973372966051102,0.9403981685638427,0.9772754535079002,0.9999595791101455,0.9668661892414092,0.9983978763222694
17.980000000102,155.38711571599225,26.908049849304074,128.0037743115525,75.64563460505136,129.94635053174287,71.99961448096569,0.8975622624158859,0.9412983536720275,0.9768387675285339,0.9992450922727585,0.9653093948960304,0.9960210591554641
18.000000000102663,155.40264351215214,27.01534712010025,127.71648053681682,75.54476796326664,130.01191792755247,72.0,0.8975237548351288,0.9417106449604035,0.9769634008407593,0.9977066799998283,0.9644361972808837,0.993269895017147
18.020000000103327,155.42645343582777,27.13864760878775,127.41159530452074,75.3502808965741,122.32937140647735,71.99961448096252,0.8972953647375107,0.9420669764280319,0.9771306365728378,0.9964254468679428,0.9639962792396545,0.990217500925064
18.04000000010399,155.46111336964108,27.273030707878522,127.08445622914682,75.0702895920149,120.23559253477868,71.99845807247819,0.8976569667458534,0.9421058058738708,0.9776656076312065,0.9950099423527717,0.9645398288965225,0.9868821561336517
18.060000000104655,155.5072125589231,27.414335654369875,126.73177225566879,74.71119485776758,120.47102360620211,71.99653122036446,0.8981055662035942,0.942036148905754,0.9784696757793426,0.993617594242096,0.9654494017362594,0.9837652951478958
18.08000000010532,155.5655905696736,27.561107252144936,126.35250661409381,74.27542311595336,120.706131861574,71.99383466745952,0.8989722684025764,0.9419334560632705,0.979558590054512,0.99204573482275,0.9665026962757111,0.9810406714677811
18.100000000105982,155.6364418235585,27.711903804021,125.94855006186599,73.76687701834746,120.94075616944,71.99036945333586,0.8996978372335434,0.9415344417095184,0.9805539309978485,0.9906650185585022,0.9679085001349449,0.9787026792764664
18.120000000106646,155.71943776779045,27.864771041776486,125.52528856397127,73.19251232224175,121.17473573001924,71.98613691389946,0.8999260574579239,0.9406068980693817,0.9815404027700424,0.9891212284564972,0.96975220143795,0.9770789772272109
18.14000000010731,155.81382427547425,28.017326583294096,125.09104156674094,72.56230740023953,121.40791018540843,71.98113868087486,0.9001634508371353,0.9394250720739364,0.9828508406877517,0.9877829179167747,0.9723834484815597,0.9759757041931152
18.160000000107974,155.91835955534214,28.166707743728963,124.65675245527302,71.88933819814375,121.64011972948316,71.97537668117604,0.9005946516990662,0.938384035229683,0.9845554023981093,0.986697718501091,0.9753999054431914,0.9753912910819054
18.180000000108638,156.03141114691388,28.309731387702783,124.23555836918061,71.18906447227216,121.87120521742104,71.96885313616356,0.9005010157823562,0.937030029296875,0.9865727722644806,0.985519540309906,0.979046605527401,0.974848161637783
18.200000000109302,156.1509196244785,28.443441229768933,123.84218297035581,70.47828733269338,122.1010082747716,71.9615705607882,0.9000584691762924,0.9357194572687149,0.9882555723190307,0.9848635077476501,0.9821889787912368,0.9753538519144058
18.220000000109966,156.2744696948239,28.565175729938236,123.49177152789545,69.77433919330213,122.32937140599824,71.9535317626214,0.899608014523983,0.9344549655914306,0.9901899769902229,0.9844882935285568,0.9857534512877464,0.9765513598918915
18.24000000011063,156.3996228938304,28.672291937880413,123.19908247126271,69.09445973318802,122.5561381024178,71.9447398407729,0.8995869010686874,0.9337043851613999,0.9929280921816825,0.9844948649406433,0.9893738478422165,0.9777933657169342
18.260000000111294,156.52397840350548,28.76235948237654,122.97811893218211,68.45549388019825,122.78115294946379,71.93519818469589,0.8989652052521705,0.9331962674856186,0.9949847564101219,0.9852373898029327,0.9927936017513275,0.9779833599925041
18.280000000111958,156.64516645761614,28.83336405270059,122.84189353682413,67.87344684917979,123.00426173319978,71.92491047288047,0.8978448823094368,0.9325676470994949,0.9967711880803107,0.9864135384559631,0.9964786842465401,0.9779599711298942
18.30000000011262,156.7609942041205,28.882414609659293,122.80196658205303,67.36677357316347,123.22531154600993,71.91388067143535,0.8969032883644104,0.9318201243877411,0.9983268737792969,0.987945294380188,1.0,0.9773763090372085
18.320000000113286,156.86958377911753,28.904410177817592,122.86725093821482,66.95988845735239,123.4441508913942,71.90211303255896,0.8961350813508033,0.9312007397413253,0.9996613800525664,0.9896727710962295,1.0,0.9766693904995918
18.34000000011395,156.96929253990356,28.89904435370345,123.04379271259357,66.66326442505017,123.66062978779652,71.8896120929001,0.8953741744160651,0.9306961536407471,1.0,0.9917306378483772,1.0,0.9761741742491722
18.360000000114614,157.05865389169824,28.86986973129775,123.3348590441663,66.47569754200717,123.87459987139468,71.87638267180895,0.8945493638515473,0.9303189814090729,1.0,0.9940974324941635,1.0,0.9758943438529968
18.380000000115277,157.13667470251374,28.821500389541853,123.73968499481367,66.39177680675536,124.08591449778136,71.86242986947921,0.8937123671174049,0.9300741672515869,1.0,0.9966889157891273,1.0,0.9757677391171455
18.40000000011594,157.2030009265264,28.757840454428408,124.25292709598847,66.40657484215055,124.29442884246708,71.84775906498176,0.8929130241274833,0.929960486292839,1.0,0.9994022876024246,1.0,0.9757275819778441
18.420000000116605,157.25782665337303,28.68089175641265,124.8647341994512,66.5185929047111,124.50000000013547,71.832375914191,0.8921942144632339,0.9299732357263565,1.0,1.0,1.0,0.9757196381688118
18.44000000011727,157.30185641484687,28.592004465282745,125.56099354602925,66.72411646028033,124.70248708258359,71.81628634760442,0.8915826886892319,0.9301102876663208,1.0,1.0,1.0,0.9757359951734542
18.460000000117933,157.33624776589744,28.492765104515993,126.32329494831441,67.01633955686732,124.90175131527955,71.7994965680562,0.8911089166998863,0.9303608238697052,0.9998288661241531,1.0,1.0,0.9757414177060126
18.480000000118597,157.3624853127184,28.38506588664374,127.1296722233151,67.38613017081619,125.09765613247176,71.78201304832595,0.8907852545380592,0.9307174772024155,0.9986464455723763,1.0,1.0,0.975757573544979
18.50000000011926,157.3822711490368,28.27064972565789,127.95588533027791,67.8227513233426,125.29006727078414,71.76384252864337,0.8906238973140717,0.9311666399240494,0.997238290309906,1.0,1.0,0.9757959201931953
18.520000000119925,157.39753581158647,28.151507513832588,128.77697743660175,68.3145268787971,125.47885286123362,71.74499201408966,0.890628032386303,0.9316932290792465,0.9956434354186058,1.0,1.0,0.9758809953927994
18.54000000012059,157.41018491140235,28.02985458616829,129.56936350549825,68.84943117484087,125.66388351960659,71.72546877189704,0.8908521756529808,0.9322479099035262,0.9940549686551093,1.0,1.0,0.975826770067215
18.560000000121253,157.42201429898282,27.90797449767405,130.31199256598907,69.41558238268057,125.84503243513224,71.705280328647,0.8911942869424819,0.9328767001628876,0.9922233551740646,1.0,1.0,0.9760803729295731
18.580000000121917,157.43468023381698,27.78817169893395,130.98656637927283,70.0016414528264,126.02217545739248,71.68443446736875,0.8917203575372695,0.9335251331329345,0.9903515130281448,1.0,1.0,0.9764317512512206
18.60000000012258,157.44971685403448,27.672762531942215,131.57712970965528,70.59710634005664,126.19519118140832,71.66293922453859,0.8924104407429695,0.934178626537323,0.9884749367833137,1.0,1.0,0.9769220188260078
18.620000000123245,157.4685153431628,27.563933805705453,132.07017418404945,71.19251074765944,126.36396103084485,71.64080288698185,0.8932391583919524,0.9348222583532333,0.9866336137056351,1.0,0.9991964995861053,0.9775814220309257
18.64000000012391,157.49231687840407,27.463323996417678,132.45487913519744,71.77955627249172,126.5283693392775,71.61803398867801,0.8945129930973053,0.9357829988002777,0.985348254442215,1.0,0.9948383569717407,0.9782478660345078
18.660000000124572,157.52212392578295,27.373305008480187,132.72333547894132,72.34928086064293,126.68830342946403,71.59464130747081,0.8959438890218735,0.936874532699585,0.9838305354118346,1.0,0.9891192525625229,0.9796867683529853
18.680000000125236,157.55881186856737,27.297917041449974,132.87049554697649,72.88851996173274,126.8436536905679,71.57063386168416,0.8978077247738838,0.9376841127872467,0.9822273477911949,1.0,0.9837336137890815,0.9811183929443359
18.7000000001259,157.60357529785998,27.2396667956446,132.89415291962044,73.388470462064,126.9943136532801,71.54602090664541,0.8997356832027436,0.9383979469537734,0.9807699292898178,1.0,0.9784620806574821,0.9827172845602035
18.720000000126564,157.65639481700626,27.19940855892532,132.79488773014972,73.8450610494479,127.14018006278778,71.52081193111725,0.9012166023254394,0.940072226524353,0.9766859710216522,1.0,0.967481380701065,0.9931061685085296
18.740000000127228,157.71720425981025,27.177089336958975,132.5760871505205,74.25633136141613,127.28115294954003,71.49501665363962,0.9028792768716812,0.9416845381259918,0.9736993044614791,1.0,0.9597505882382392,0.9997456908226012
18.760000000127892,157.78559793016905,27.172388407144407,132.24416217225524,74.61908146749292,127.41713569776206,71.46864501878305,0.9045172572135926,0.9418668746948242,0.9717102140188216,1.0,0.9540273129940032,1.0
18.780000000128556,157.860856963361,27.185322536159738,131.80791311782855,74.92646169085701,127.5480351116707,71.44170719331476,0.9075611084699631,0.9426301687955856,0.969971203804016,0.9969725906848907,0.9481048256158828,1.0
18.80000000012922,157.9424498926493,27.215908045872553,131.27790434689393,75.168766503991,127.67376147934621,71.41421356227924,0.9119896054267883,0.9438415616750717,0.9686986029148101,0.9944193333387374,0.9431102082133292,1.0
18.820000000129884,158.0291689785912,27.26540044203098,130.6651959083561,75.32969047890242,127.79422863421638,71.38617472499466,0.9148145124316215,0.9444706469774246,0.9677561327815055,0.9911375433206557,0.9390509843826294,1.0
18.840000000130548,158.12040656921573,27.339068928297902,129.97801039358362,75.37584944392628,127.9093540141107,71.3576014909665,0.9184782087802886,0.9448855131864548,0.9678437381982803,0.987795752286911,0.9364878252148628,1.0
18.860000000131212,158.21558808578018,27.440762218123666,129.22290872436238,75.27486345502746,128.01905871784444,71.32850487572043,0.9200565457344055,0.9444655418395996,0.9678326785564422,0.9846920698881149,0.9347562626004219,1.0
18.880000000131876,158.31447997321507,27.56883615101095,128.40701488719336,75.0092641951081,128.12326755929354,71.29889609655548,0.9220596551895142,0.9448996394872665,0.9681498810648917,0.9833821818232535,0.933872278034687,1.0
18.90000000013254,158.41653256874469,27.717990467888953,127.53976037462782,74.57364622127407,128.22190911892338,71.26878656821965,0.9231126680970192,0.9446390986442565,0.9684959575533867,0.9811822026968002,0.9335121601819992,1.0
18.920000000133204,158.52098338349245,27.88144712738319,126.63318491680494,73.97023943985566,128.3149157927363,71.2381878985093,0.9228185191750526,0.9437506705522537,0.9689242929220199,0.9785109415650367,0.9336247459053993,1.0
18.940000000133868,158.62534365646417,28.05265546370944,125.70239686390846,73.20615739511938,128.40222383860376,71.20711188379404,0.9237070947885513,0.9426945060491562,0.9708251565694809,0.9752171754837036,0.9348728448152542,1.0
18.96000000013453,158.72724480289975,28.22608769159699,124.76621683383753,72.2920931607572,128.4837734199523,71.17557050446914,0.9244152247905731,0.9408087879419327,0.9720466300845145,0.9720757946372032,0.9361939489841461,1.0
18.980000000135195,158.82429754741622,28.396899789964515,123.84563416367423,71.24138634643475,128.5595086467724,71.1435759203367,0.9257586538791657,0.9393992692232132,0.9740960344672203,0.9694566801190376,0.9377532914280892,1.0
19.00000000013586,158.91420124336608,28.56131662867506,122.96208713912574,70.06950753860731,128.6293776139226,60.52280951170863,0.9261353522539139,0.9383514195680618,0.9755556881427765,0.9675720259547234,0.9386609062552452,1.0
19.020000000136523,158.99502980375442,28.71619448827223,122.13689709443453,68.79365133766818,128.69333243670283,61.063891968773156,0.9268552035093307,0.9381666421890259,0.9781810522079467,0.9666786894202232,0.9403635412454605,0.9996325105428695
19.040000000137187,159.06544075400913,28.85859084425039,121.39150377984626,67.43254841939795,128.75132928367222,61.127754954398114,0.9268040716648102,0.9382980972528457,0.9810497909784317,0.9662601843476295,0.9424159944057464,0.9951664313673972
19.06000000013785,159.12415291184035,28.985788868903615,120.74888634800575,66.00659563317069,128.80332840668882,61.191559986874225,0.9256186604499816,0.9385498493909835,0.9853407487273216,0.9662350609898567,0.946696326136589,0.9893244236707687
19.080000000138515,159.1698039774541,29.095226496259137,120.23160850622412,64.53724933150056,128.84929416815115,61.25527812248997,0.9206910267472267,0.9379275053739548,0.9893092155456542,0.9668345123529434,0.9530457049608231,0.983585050702095
19.10000000013918,159.20093555454503,29.184366177233123,119.86085068743903,63.046185192631576,128.8891950654223,61.31888045695264,0.9167931243777275,0.9381279647350311,0.9930355593562126,0.9680623695254326,0.9598336741328239,0.9804168701171875
19.120000000139843,159.21626943426224,29.251483279980885,119.65435600705356,61.553166790335865,128.92300375242044,61.3823381385001,0.9118298798799515,0.938070610165596,0.9959198012948036,0.9695754751563072,0.9666822791099547,0.9776962295174598
19.140000000140507,159.21456363059096,29.296802443805287,119.62650906501021,60.073849502993426,128.95069705836025,61.44562238098873,0.9074212580919265,0.9372715532779693,0.9994933396577834,0.9714600980281829,0.9752290129661559,0.9764649838209152
19.16000000014117,159.1947597425324,29.32086499283731,119.78822813790208,58.62499447182834,128.97225600363313,61.50870447695164,0.9025407865643501,0.9355140805244445,1.0,0.9738593161106109,0.9827126175165176,0.9764471113681793
19.180000000141835,159.1562956623332,29.323969166133708,120.14744950343469,57.22759825375387,128.9876658128149,61.571555810621135,0.8986156821250916,0.9348718523979187,1.0,0.9774344637989998,0.9910182073712348,0.975670625269413
19.2000000001425,159.099847190613,29.306074301466676,120.7073141898758,55.907600621477776,128.9969159247921,61.63414787090961,0.8944183960556984,0.9340857416391373,1.0,0.981539499759674,0.9992301568388938,0.9731678649783134
19.220000000143163,159.0272017719097,29.267386695972704,121.46444867681832,54.69383355171889,129.0,61.69645226434298,0.8918540298938751,0.9341442763805389,1.0,0.9859340801835059,1.0,0.971180035173893
19.240000000143826,158.94122309572924,29.20838939735783,122.40810138480323,53.61588178999099,128.99691592476753,61.758440727940744,0.8915096521377563,0.9324307113885879,1.0,0.989109319448471,1.0,0.9682443529367446
19.26000000014449,158.84553143576352,29.129618398831074,123.520373881459,52.70254432215962,128.98766581276578,61.820085142036824,0.8916718900203705,0.9302708268165588,1.0,0.9926634609699249,1.0,0.9661729633808136
19.280000000145154,158.7445093660086,29.031595513858054,124.77439179270743,51.97890319667914,128.9722560035595,61.88135754303541,0.8909196019172668,0.9280985414981842,1.0,0.9979163974523544,1.0,0.9645971208810806
19.30000000014582,158.64296762022778,28.914842541408433,126.1348415116473,51.46539765803518,128.95069705826214,61.94223013609605,0.8896421685814857,0.926396358013153,1.0,1.0,1.0,0.9633406490087508
19.320000000146482,158.54577510038936,28.78018953575553,127.56025938535082,51.176233117036105,128.92300375229794,62.00267530774213,0.8880600899457931,0.925773361325264,1.0,1.0,1.0,0.9616091176867485
19.340000000147146,158.45719121612856,28.62900545521247,129.00580994410603,51.11555584762059,128.8891950652755,62.06266563838709,0.8875477030873299,0.9256000727415085,1.0,1.0,1.0,0.9593987405300141
19.36000000014781,158.38036525877388,28.462023713720026,130.4263709236398,51.27819541064303,128.84929416798008,62.122173914772716,0.8872702151536941,0.9251064836978912,1.0,1.0,1.0,0.9580000445246696
19.380000000148474,158.31746250239058,28.279400872420645,131.77827298973799,51.65154414246446,128.80332840649368,62.18117314231383,0.8874426767230034,0.9248905211687087,1.0,1.0,1.0,0.9580288603901863
19.400000000149138,158.26982809468365,28.081295856852254,133.02060319372632,52.21741662508855,128.7513292834531,62.239636557343765,0.8876930430531501,0.9248715847730636,1.0,1.0,1.0,0.9584229171276092
19.420000000149802,158.23814997098043,27.86821814271677,134.11832223198138,52.95387740420365,128.6933324364599,62.29753763925508,0.8880189448595047,0.9250711053609848,1.0,1.0,1.0,0.9591254815459251
19.440000000150466,158.22256653651323,27.641297419042903,135.04432621017904,53.837106169414454,128.629377613656,62.35485012253005,0.88857162296772,0.9253367602825164,1.0,1.0,1.0,0.9600031852722167
19.46000000015113,158.22251277241222,27.40191000520378,135.77978962274062,54.842904868118005,128.55950864648236,62.411548008655444,0.8888876631855964,0.9255508184432983,1.0,1.0,1.0,0.961314271390438
19.480000000151794,158.23706349343163,27.152418403048156,136.31399367887002,55.947374096027715,128.483773419639,62.46760557791611,0.8892755955457687,0.9258187532424926,1.0,1.0,1.0,0.9628228038549422
19.500000000152458,158.2651311419131,26.896714014828607,136.6439474721993,57.12552696736166,128.4022238382674,62.522997401062206,0.8909040942788123,0.9260254979133605,1.0,1.0,1.0,0.963373452425003
19.52000000015312,158.30564212679445,26.640589082379382,136.77382197828035,58.347197932422304,128.3149157923771,62.577698350844564,0.8932031363248825,0.9263654410839081,1.0,1.0,1.0,0.9642448574304581
19.540000000153785,158.356325054963,26.390195843029954,136.71422004751375,59.583313695417964,128.22190911854162,62.631683613413095,0.89562808573246,0.9268818378448486,0.9979615211486816,1.0,1.0,0.9659539610147476
19.56000000015445,158.41429263622263,26.151398200266836,136.48130573295165,60.80905085168841,128.12326755888947,62.68492869957308,0.8973576635122299,0.927603030204773,0.9931588560342788,1.0,1.0,0.9687502935528755
19.580000000155113,158.47678323609603,25.92914567402258,136.09581741797803,62.00412662124347,128.01905871741835,62.73740945589406,0.8995362341403961,0.9288006722927094,0.9889942526817321,1.0,1.0,0.9716175705194473
19.600000000155777,158.54125814280675,25.726371768406086,135.58200045317648,63.15334877965295,127.90935401366285,62.789102075666584,0.9019375085830689,0.9304275035858154,0.9849808052182197,1.0,0.9938799634575843,0.9751682296395301
19.62000000015644,158.6051154337801,25.544728371767057,134.96649957135173,64.2477225392885,127.79422863374708,62.839983109701514,0.9036813557147979,0.932029578089714,0.9817733347415923,1.0,0.9850337609648704,0.9774534583091735
19.640000000157105,158.66520975159273,25.385182077402593,134.27685332963432,65.28221824251003,127.6737614788558,62.89002947696726,0.9051483362913132,0.9331666380167007,0.9791847437620163,1.0,0.9776447132229804,0.9797380924224853
19.66000000015777,158.7199751413113,25.248514034194955,133.53839112261312,66.25256975793275,127.54803511115949,62.93921847505993,0.9066008776426315,0.9345109790563583,0.9773540556430816,0.9973562583327293,0.9706936299800872,0.9830803304910659
19.680000000158433,158.76751380101751,25.136261260289054,132.77114430739917,67.15351121304924,127.41713569723044,62.98752779050183,0.9076877892017364,0.9357724487781525,0.9756482020020485,0.9948824390769004,0.964340303838253,0.9867835760116577
19.700000000159097,158.80633338443926,25.0506549202729,131.98969686257547,67.97874897347438,127.28115294898834,63.0349355088634,0.9085482776165008,0.9368278086185455,0.9743295431137085,0.9924786299467087,0.9590254172682762,0.9903995245695114
19.72000000015976,158.83573009833842,24.994101013005128,131.2036440103424,68.71844781049946,127.14018006221639,63.081420124704216,0.9091342240571976,0.937746787071228,0.9732048571109772,0.9903152629733085,0.9544856578111648,0.9940318167209625
19.740000000160425,158.855687530539,24.967929074274128,130.41882285759024,69.36045282939618,126.99431365268941,63.126960551328494,0.9095186695456504,0.9385250031948089,0.9722683817148208,0.9883265569806099,0.9506620660424232,0.9975347816944122
19.76000000016109,158.86672926696272,24.97235447581889,129.63896670166912,69.89102892579078,126.84365368995833,63.17153613035052,0.9099185511469841,0.939145889878273,0.97152801156044,0.9862244024872779,0.9474135756492614,1.0
19.780000000161753,158.86969863665203,25.007389578014216,128.86802437138977,70.29401864692656,126.68830342883598,63.215126641065915,0.9098899409174919,0.9396092057228088,0.9708441153168678,0.9842440292239188,0.9446883127093315,1.0
19.800000000162417,158.8657061634758,25.072814557436516,128.11043527872863,70.55227789819097,126.5283693386314,63.25771230962429,0.9090472087264061,0.9398005545139313,0.971046108007431,0.9819858193397522,0.9427325710654259,1.0
19.82000000016308,158.8560654232179,25.16775577790549,127.37121211576553,70.65047172335301,126.36396103018116,63.29927381799918,0.9081930235028267,0.9393093079328537,0.9720756962895393,0.9799408987164497,0.9422057628631592,1.0
19.840000000163744,158.842243603242,25.29049610292504,126.65576309018456,70.57707028670185,126.19519118072748,63.339792312751264,0.9082593366503715,0.9385920405387879,0.9727968215942382,0.9782713890075683,0.9418399587273597,1.0
19.86000000016441,158.825788584505,25.438321348495837,125.96973893433048,70.32589783957974,126.02217545669495,63.37924941358079,0.9082014456391334,0.9379130125045776,0.9735704511404037,0.9767725571990012,0.9416482120752334,1.0
19.880000000165072,158.80826767362507,25.606764719769306,125.31899193537119,69.89797377179502,125.84503243441851,63.41762722166536,0.9078199461102485,0.9372920364141464,0.9744780838489532,0.9754646092653274,0.9417341813445091,1.0
19.900000000165736,158.79166999707132,25.790166019149755,124.70965214232216,69.30257761165517,125.66388351887714,63.45490832777937,0.9070114076137542,0.9367428362369538,0.9755286335945129,0.9744192093610763,0.9421348854899406,1.0
19.9200000001664,158.77784162072834,25.98196408872162,124.14954376586834,68.55493979563923,125.47885286048897,63.49107582019128,0.905377995967865,0.9363011837005615,0.9770440816879272,0.9738730624318123,0.9436887383460998,1.0
19.940000000167064,158.7669119400856,26.17585966437581,123.64867692233919,67.67423378936073,125.29006727002478,63.52611329233524,0.9028914630413055,0.9358682125806809,0.9793847024440765,0.9737563282251358,0.9471043169498443,0.9952505454421043
19.960000000167728,158.7593602232629,26.365800877227507,123.21768699352461,66.68146272028285,125.09765613169823,63.56000485025357,0.9001682609319687,0.9355538666248321,0.9812147736549377,0.974512568116188,0.9514164909720421,0.9913770109415054
19.980000000168392,158.75529856778448,26.546966075135984,122.8668298215814,65.59798786245725,124.90175131449237,63.5927351198067,0.8974041640758514,0.9352584838867187,0.9827817291021347,0.9760160490870475,0.9568220093846321,0.9880941927433013
20.000000000169056,158.7544810795343,26.715324653649173,122.60543564241766,64.4447927753181,124.70248708178329,63.62428925364728,0.8943530261516571,0.9350424945354462,0.9843553990125655,0.9781703725457191,0.9632305085659026,0.9851566553115845
20.02000000016972,158.7566121739852,26.867434395434383,122.44155025047156,63.24238606752666,124.49999999932263,63.65465293795535,0.8912357717752456,0.9342289894819259,0.9865900099277496,0.9808960512280464,0.9718484595417975,0.9823305189609527
20.040000000170384,158.7613455891254,27.001285261135923,122.38210223455164,62.01105745454046,124.29442884164222,63.683812398931494,0.8882704377174377,0.9330776244401932,0.9888295203447341,0.9842636585235596,0.9809357479214668,0.9802135586738586
20.060000000171048,158.76844420265778,27.116196302713952,122.43300697737118,60.770908205788224,124.08591449694507,63.71175440904502,0.8857314497232437,0.9324305415153503,0.9914279192686081,0.9884057402610779,0.9891251668334007,0.97865229845047
20.08000000017171,158.7779068583536,27.21170679230993,122.59729352103099,59.54573380538969,123.8745998705475,63.73846629303429,0.8839033544063568,0.9319466531276702,0.9943759217858315,0.9926140546798705,0.9970902547240257,0.9763706237077713
20.100000000172376,158.79000137336826,27.2872184489045,122.87386497417843,58.36337667486872,123.66062978693907,63.7639359336566,0.8829905271530151,0.9309647053480148,0.9973868131637573,0.9968618512153625,1.0,0.9730329856276512
20.12000000017304,158.80523629605332,27.342163794991826,123.25751328810716,57.25501971284842,123.44415089052704,63.78815177718489,0.8823388978838921,0.9296794533729553,1.0,1.0,1.0,0.9698035478591919
20.140000000173703,158.82418636908938,27.37587756825193,123.73984163911183,56.25464908974469,123.22531154513366,63.81110283864882,0.8823441103100776,0.9285733819007873,1.0,1.0,1.0,0.9678238406777382
20.160000000174367,158.8477160731876,27.38765962575613,124.30956802621994,55.396199333648546,123.00426173231502,63.83277870681787,0.8826061889529228,0.9275112628936767,1.0,1.0,1.0,0.9663467168807983
20.18000000017503,158.8758508755314,27.37713525462455,124.95315180046268,54.709946895824174,122.78115294857112,63.853169548924136,0.8830869078636169,0.9264311909675598,1.0,1.0,1.0,0.9645022243261336
20.200000000175695,158.90802731288485,27.344397706985543,125.65571087840345,54.21998173792967,122.55613810151785,63.872266115122756,0.8822104379534721,0.9251919746398926,1.0,1.0,1.0,0.963445322215557
20.22000000017636,158.94357463018986,27.28958458099822,126.40160093820765,53.94099122939954,122.32937140509162,63.89005974268791,0.8822354584932327,0.9244430348277092,1.0,1.0,1.0,0.9631522953510284
20.240000000177023,158.98222725756818,27.212790143200394,127.17467733439534,53.877338959906865,122.10100827385892,63.90654235994244,0.8827887758612633,0.9239475682377815,1.0,1.0,1.0,0.9629227340221405
20.260000000177687,159.02314814221612,27.114376907705477,127.95792824968342,54.02433710433933,121.87120521650294,63.9217064899194,0.8831668108701706,0.923593221604824,1.0,1.0,1.0,0.9631163895130157
20.28000000017835,159.06535026478352,26.995293382571695,128.7340882044467,54.3701652458016,121.64011972856028,63.935545253753816,0.883396215736866,0.9233675941824913,1.0,1.0,1.0,0.9636742889881134
20.300000000179015,159.10798486906629,26.85626376607552,129.48643123423707,54.89787629001785,121.40791018448138,63.94805237380311,0.8834869593381881,0.9232723087072372,1.0,1.0,1.0,0.9645699054002761
20.32000000017968,159.1505220616622,26.698586507065624,130.19943672539358,55.586859714165925,121.17473572908867,63.95922217649483,0.883450610935688,0.9233075752854347,1.0,1.0,1.0,0.965778075158596
20.340000000180343,159.19243328429812,26.524330470405115,130.8593257652869,56.41409593327675,120.94075616850654,63.96904959490033,0.8832965314388275,0.9234726697206497,1.0,1.0,1.0,0.9672781676054001
20.360000000181007,159.2331124562728,26.336461843208202,131.4544690584475,57.3547283365879,120.70613186063828,63.97753017103328,0.8830306842923165,0.9237659737467766,1.0,1.0,1.0,0.9690553188323974
20.38000000018167,159.27191060170654,26.139915668728673,131.9756700226951,58.379874769928385,120.4710236052648,63.9846600578719,0.8826575085520744,0.9241835802793502,1.0,1.0,1.0,0.9710972219705581
20.400000000182335,159.3082276221411,25.940458838613047,132.4163293565592,59.45873317143944,120.23559253384039,63.990436021104095,0.882144857943058,0.9247116222977638,0.9988137438893318,1.0,1.0,0.9734221160411834
20.420000000183,159.34182472266565,25.74369157118434,132.77249977534808,60.56191364904031,119.9999999990614,63.99485544059465,0.8824702233076095,0.925420007109642,0.9958820268511772,1.0,1.0,0.976180924475193
20.440000000183662,159.3724135201032,25.55517442027018,133.04284201796114,61.66337238799549,119.76440746428304,63.997916311573746,0.8833147123456001,0.9262486755847931,0.9924919158220291,1.0,1.0,0.9785917073488235
20.460000000184326,159.40002995110711,25.379614638235516,133.22849443621655,62.74131012105161,119.52897639286056,63.99961724554642,0.8836802482604981,0.9272375524044036,0.9885993778705596,1.0,1.0,0.9816488400101662
20.48000000018499,159.42588239898933,25.220413875815886,133.33286893720134,63.77831699308085,119.29386813749029,63.999957470922396,0.8843856692314148,0.9286829143762588,0.9850671276450157,1.0,1.0,0.9846668750047683
20.500000000185654,159.44986027766066,25.080508505051927,133.36114833970782,64.76103992807518,119.05924382962654,63.99893683336612,0.8852037742733955,0.9305194675922394,0.9815575510263442,1.0,0.9997395887970923,0.9885208874940872
20.520000000186318,159.47241687308116,24.962054218100068,133.31876101232191,65.67952381957083,118.8252642690502,63.99655579586677,0.8858861729502677,0.9322849601507187,0.978365834057331,1.0,0.9913914993405342,0.9924216330051422
20.540000000186982,159.49438799159873,24.86684551273229,133.20963309806098,66.52666209354757,118.59208981366451,63.992815438528204,0.8864063516259193,0.9338882595300674,0.9756902679800987,1.0,0.9838648632168769,0.9959718495607376
20.560000000187646,159.5168569707908,24.79615162232267,133.0355439129891,67.29833757990663,118.35988026959394,63.98771745807903,0.8865860104560852,0.9354162514209747,0.9734635293483733,1.0,0.977516208589077,0.9989104598760604
20.58000000018831,159.54119878608344,24.75103322283388,132.79593523512418,67.99230748293245,118.12879478166087,63.98126416710291,0.8865576103329659,0.9368170976638793,0.9716170385479926,1.0,0.9721543744206428,1.0
20.600000000188974,159.56897306288272,24.732461526065702,132.48851545106203,68.6077714539989,117.89899172431572,63.9734584929895,0.8864398702979087,0.9380919158458709,0.9699837297201156,1.0,0.9673144578933716,1.0
20.620000000189638,159.6018477961243,24.741705908371156,132.10975907698636,69.14320427065672,117.67062859309513,63.964303976606516,0.8863444149494171,0.9391763418912887,0.9685596823692322,1.0,0.9630753472447395,1.0
20.6400000001903,159.64153547939574,24.779853190893675,131.6557401544483,69.59282791712694,117.44386189668225,63.95380477069351,0.8870959296822548,0.9399221122264861,0.9676783978939056,1.0,0.9594664081931114,1.0
20.660000000190966,159.68970103830713,24.84726210829979,131.12324074409892,69.94789542170918,117.21884704964354,63.941965637978036,0.8876890242099762,0.9406928539276123,0.9666651487350464,1.0,0.9558906212449073,1.0
20.68000000019163,159.7478963772733,24.943172949769263,130.51067908686713,70.19950038716135,116.99573826591545,63.928791949015185,0.8886146456003189,0.9411829739809036,0.9661367312073708,1.0,0.9531172886490822,1.0
20.700000000192293,159.81749825866615,25.06515592788153,129.8186956599407,70.34133903082731,116.7746884531138,63.91428967975134,0.8896098077297211,0.9415286660194396,0.9657700508832932,1.0,0.9507585406303406,1.0
20.720000000192957,159.89964438520792,25.20961536349119,129.05031490653224,70.36996457694607,116.55584910773864,63.89846540881332,0.8900435343384743,0.9412687063217163,0.9661549121141433,1.0,0.9495013535022735,1.0
20.74000000019362,159.99506871871887,25.37261633655197,128.21109368719442,70.28359196031121,116.33937021134601,63.88132631452414,0.8901790708303451,0.9407372176647186,0.9666498512029648,1.0,0.9488499969244003,1.0
20.760000000194285,160.10396729480087,25.550222667626834,127.30940964860142,70.08135776884055,116.12540012775816,63.862880171646715,0.8903589397668839,0.940163654088974,0.9672113090753555,1.0,0.948406171798706,1.0
20.78000000019495,160.22607904791235,25.738610431648283,126.3558758610476,69.76296737833856,115.91408550138233,63.843135347857036,0.8905829086899757,0.9395510107278824,0.9677630215883255,1.0,0.9481055900454521,1.0
20.800000000195613,160.3607272983139,25.934397278850437,125.36342130453356,69.32930335824044,115.70557115670806,63.82210079994834,0.8909649983048439,0.9389439910650254,0.9686630100011825,1.0,0.9480803593993187,1.0
20.820000000196277,160.50719134223735,26.13430592600214,124.34722013548776,68.78309728745344,115.49999999905167,63.799786069768075,0.8910656660795212,0.9383222103118897,0.9698081880807876,1.0,0.9487759232521057,1.0
20.84000000019694,160.66415274165016,26.33533633514085,123.32513255750969,68.12990517280365,115.29751291661611,63.77620127988946,0.8909248411655426,0.9376932322978974,0.971095348894596,0.9997804656624794,0.9499915495514869,1.0
20.860000000197605,160.82893836395235,26.534107995374494,122.31698479057245,67.37836598965285,115.09824868393326,63.75135712901961,0.8905160099267959,0.9370656490325927,0.9725225165486335,0.9982460230588912,0.9517869397997856,1.0
20.88000000019827,160.9996336764656,26.727176178791193,121.34348394039317,66.53975497394404,114.90234386675472,63.72526488714628,0.8898007094860076,0.9364583700895309,0.9740383893251419,0.9972051203250885,0.9541530281305313,0.999206168949604
20.900000000198933,161.17422044739348,26.911487891640917,120.42527728815985,65.62734369030991,114.70993272845652,63.69793639042554,0.8888717800378799,0.9354152590036392,0.9761215716600418,0.9965295210480689,0.9580370679497718,0.9970450460910797
20.920000000199597,161.35054434083764,27.08401995009004,119.58269556110635,64.65595091560755,114.52114713802173,63.669384035812506,0.8877052962779999,0.9341233462095261,0.9784008502960204,0.9964550852775573,0.9631895646452904,0.994965100288391
20.94000000020026,161.5264898527248,27.241792522978187,118.83539468167206,63.64183967666939,114.33611647966399,63.63962077543781,0.8864219352602959,0.932729285955429,0.9806835263967514,0.9969899177551269,0.9697086915373802,0.9924313515424728
20.960000000200925,161.69997976105083,27.382501614599438,118.20191374150647,62.602459769291016,114.15496756415403,63.608660110732124,0.8847847461700439,0.9313922315835953,0.9828571170568465,0.9983250722289085,0.976745618879795,0.9907064139842987
20.98000000020159,161.8690729515888,27.504445633957392,117.69937748705338,61.55543803753426,113.97782454191001,63.576516086301524,0.8829933166503906,0.9301458179950713,0.9847660139203072,1.0,0.9837444812059402,0.9895373687148094
21.000000000202252,162.03209572946312,27.60726091085647,117.34285865578933,60.5168802254819,113.80480881791084,63.5432032835565,0.8811081349849701,0.9290532469749451,0.9862416446208954,1.0,0.9901566416025162,0.9890908122062683
21.020000000202916,162.1875447186416,27.69055737513983,117.14533314819279,59.505437328224275,113.63603896849145,63.50873681409743,0.8796917229890823,0.9278681844472885,0.9883862048387527,1.0,0.9973462402820586,0.9876585036516189
21.04000000020358,162.33412586246536,27.753509981491998,117.11699080681643,58.543391782984834,113.47163066007641,63.47313231285952,0.8789598688483238,0.9268034368753433,0.9907646939158439,1.0,1.0,0.9849390476942061
21.060000000204244,162.47082151756297,27.795025833404782,117.26417857865461,57.65616519107864,113.31169656990792,63.43640593102039,0.8782545819878578,0.9257112324237823,0.9923618912696838,1.0,1.0,0.981916569173336
21.080000000204908,162.5969726137886,27.814030501057097,117.58838505981508,56.87035793558921,113.15634630882252,63.39857432867344,0.8774669110774994,0.9246107801795006,0.9929782316088676,1.0,1.0,0.9788662180304527
21.100000000205572,162.71233354731098,27.809729093080463,118.0856347598926,56.21119488399544,113.00568634612922,63.35965466727039,0.8768299445509911,0.9236823514103889,0.9930853456258774,1.0,1.0,0.9767810150980949
21.120000000206236,162.81704131487572,27.781772748798954,118.74689649903411,55.70038145621564,112.85981993664085,63.31966460183638,0.8759823486208915,0.9228195562958718,0.9932126343250274,1.0,1.0,0.9753647282719612
21.1400000002069,162.9113409676769,27.73017719072945,119.55956378152739,55.35503219155503,112.71884704990826,63.278622272961144,0.8758733749389648,0.9225646078586578,0.9942705154418945,1.0,1.0,0.974884121119976
21.160000000207564,162.99541843557012,27.65530696424237,120.50807603002346,55.18501267597351,112.58286430170631,63.23654629856995,0.8758387610316276,0.922517092525959,0.9951531544327735,1.0,1.0,0.9748230785131454
21.180000000208228,163.06955800016848,27.55756627967298,121.57324170773757,55.192143000763956,112.45196488781811,63.19345576547801,0.8760511249303817,0.9225730210542679,0.9955151364207268,1.0,1.0,0.9744624555110931
21.20000000020889,163.1344356051439,27.437420361414567,122.7317546997503,55.371474873708756,112.32623852016336,63.149370220732166,0.8761977255344391,0.9227884784340858,0.9955267816781997,1.0,1.0,0.9744827017188071
21.220000000209556,163.19095674432086,27.296067586177045,123.95683958535929,55.71263528539518,112.20577136531432,63.10430966274384,0.8762969896197319,0.9231472685933113,0.9952258065342903,1.0,1.0,0.9748200342059135
21.24000000021022,163.24014541317644,27.135286673141696,125.22001112020025,56.20106941760166,112.09064598544143,63.05829453221713,0.8763570845127105,0.9236355647444725,0.9946390330791473,1.0,1.0,0.9754363924264907
21.260000000210884,163.28288717533582,26.95771466723067,126.4934033568543,56.819142363171615,111.98094128172943,63.01134570287647,0.8762607887387276,0.9242223963141442,0.9936620473861694,1.0,1.0,0.9764488235116004
21.280000000211547,163.31988303569494,26.76683307887901,127.75058590835688,57.54729332890014,111.87673244030238,62.96348447199761,0.8758645862340927,0.9248703867197037,0.9921685621142387,1.0,1.0,0.97803006619215
21.30000000021221,163.35180260234756,26.5661743434409,128.96669541223983,58.36519824799895,111.77809088069485,62.91473255074667,0.8754648387432098,0.925598418712616,0.9904747560620307,1.0,1.0,0.9798766151070595
21.320000000212875,163.37949802364832,26.36015317707264,130.11871492708696,59.25097574161742,111.68508420690453,62.86511205433134,0.8753867417573928,0.9264959663152694,0.988260006904602,1.0,1.0,0.9826199203729629
21.34000000021354,163.40356425024845,26.155853885106097,131.18581475014454,60.1775513138242,111.59777616105988,62.8146454919688,0.8753156051039696,0.9274387180805206,0.9859568789601325,1.0,1.0,0.9856398060917854
21.360000000214203,163.42551057208863,25.95996935787273,132.14962693850373,61.11905206617288,111.51622657973437,62.763355756674926,0.875348176062107,0.9285068094730377,0.9838529586791992,1.0,1.0,0.9887685984373092
21.380000000214867,163.4471964897135,25.778128400750454,132.99429751922415,62.05331388075113,111.44049135293756,62.711266114879415,0.8759336397051811,0.9298555672168731,0.9829227283596992,1.0,1.0,0.991246485710144
21.40000000021553,163.4697162283181,25.6149963468458,133.70640379709144,62.961972872477155,111.37062238581083,62.65840019587147,0.8764101967215537,0.9312220990657806,0.9810572385787963,1.0,1.0,0.9934618428349494
21.420000000216195,163.49464546619862,25.47425222446999,134.27500696876837,63.83029851571693,111.30666756305423,62.60478198108091,0.8769831791520118,0.9327103048563004,0.9785232841968536,1.0,0.9978846937417983,0.9966777443885803
21.44000000021686,163.5237453212301,25.35908649697663,134.69144410441933,64.64631601730142,111.24867071610868,62.55043579319954,0.8776129841804504,0.9341131538152695,0.975959874689579,1.0,0.9911351025104522,0.9999648630619049
21.460000000217523,163.55883811025353,25.271819401798744,134.94953134991115,65.40085823194767,111.19667159311604,62.495386285147724,0.8782373309135437,0.9353942662477494,0.9736305773258209,1.0,0.9845716252923011,1.0
21.480000000218187,163.6016766733518,25.213876464027546,135.04640039206342,66.08800318828389,111.15070583167781,62.43965842889111,0.8788414001464844,0.9365438878536224,0.9715270683169365,1.0,0.9783401563763618,1.0
21.50000000021885,163.65362505270076,25.18572510266086,134.98364138790532,66.70569788699513,111.11080493443086,62.383277504112705,0.8793478682637215,0.9373764008283615,0.9696110412478447,1.0,0.9727509513497352,1.0
21.520000000219515,163.71578935330794,25.18704137716543,134.76575918635976,67.25458739038704,111.07699624745705,62.32626908674528,0.8796650931239128,0.9379201561212539,0.9680391952395438,1.0,0.9683847308158874,1.0
21.54000000022018,163.78916558321106,25.217363300702736,134.39865079447196,67.73429025864313,111.04930294154164,62.26865903736946,0.8799532070755959,0.9384300887584686,0.9665962025523185,1.0,0.9642651885747909,1.0
21.560000000220843,163.87464869684766,25.27577678829027,133.8892530972908,68.14143613677003,111.02774399629322,62.21047348948263,0.8807217717170716,0.9390047073364257,0.9652326390147209,1.0,0.959651905298233,1.0
21.580000000221506,163.97297938963084,25.35993638641629,133.24575086542157,68.47242498316568,111.01233418713596,62.15173883764406,0.8817132279276848,0.9395466208457947,0.9640845507383347,1.0,0.9552982151508331,1.0
21.60000000022217,164.08469048955598,25.466593824540823,132.47774754407726,68.72278994171371,111.00308407518334,62.09248172550165,0.8824753507971763,0.9400770723819732,0.9627249255776404,1.0,0.9511836171150208,1.0
21.620000000222834,164.21011739284276,25.5921190637608,131.5963495185861,68.88670412515032,111.0,62.03272903370559,0.8837500080466271,0.9401364922523499,0.9619967103004455,1.0,0.9482710465788841,1.0
21.6400000002235,164.34938062447682,25.73304723879529,130.6143234565489,68.95765705663737,111.00308407525705,61.9725078677146,0.885011638700962,0.9397945642471314,0.9616207227110862,1.0,0.946234105527401,1.0
21.660000000224162,164.5023413109197,25.886140547006015,129.54582184339668,68.9287361400417,111.01233418728334,61.91184554550012,0.8862712040543556,0.9393415927886962,0.9613880991935729,1.0,0.9445740640163421,1.0
21.680000000224826,164.6685372957124,26.048601570156396,128.40598384394403,68.79259514042057,111.02774399651415,61.850769585154154,0.8873352944850922,0.9387855172157288,0.961531400680542,1.0,0.9432307377457618,1.0
21.70000000022549,164.84725470733972,26.217853389254763,127.21057190787667,68.54221119016749,111.04930294183598,61.7893076924063,0.8888022124767303,0.9380478203296662,0.9623266041278838,1.0,0.9425428226590157,1.0
21.720000000226154,165.0376346003711,26.391467366759354,125.97532200248413,68.17199286231121,111.07699624782458,61.72748774805566,0.8899121820926666,0.9373364984989166,0.963101901113987,1.0,0.9421215862035751,1.0
21.740000000226818,165.2385501494635,26.566582278158908,124.7167128723717,67.67941146406653,111.11080493487135,61.665337795323374,0.8906566649675369,0.9366370677947998,0.9635457754135132,1.0,0.941722871363163,1.0
21.760000000227482,165.44860060227606,26.74060348435981,123.45227256373086,67.06587729977211,111.15070583219095,61.60288602713142,0.8915183871984481,0.936041384935379,0.9644216686487197,1.0,0.9411782264709473,1.0
21.780000000228146,165.66607642189126,26.91036267819285,122.20034673872529,66.33664367807151,111.19667159370148,61.54016077331353,0.8922519579529762,0.9355023145675659,0.9654954060912132,1.0,0.9408840954303741,1.0
21.80000000022881,165.88997046980768,27.0729358338615,120.9803862207245,65.50040192275219,111.24867071676601,61.477190487764034,0.8924484744668006,0.9349803388118744,0.9671472623944282,1.0,0.9420762300491333,1.0
21.820000000229474,166.11663861432228,27.225247087465508,119.81337843681096,64.56892387339511,111.30666756378302,61.41400373553036,0.8921818494796753,0.9341711163520813,0.968845847249031,0.9999421715736388,0.9439620912075043,1.0
21.840000000230138,166.3434350561116,27.364382294784022,118.7206369872914,63.55626852326421,111.37062238661056,61.35062917985514,0.8915896534919738,0.9332016319036484,0.9708457916975021,0.9982529968023299,0.9467854514718056,1.0
21.8600000002308,166.5679174917034,27.487572997335263,117.7222193707131,62.477703886992636,111.44049135380769,61.287095569173836,0.8906965225934982,0.9317405879497528,0.9734326213598251,0.9970564544200897,0.951184569299221,1.0
21.880000000231465,166.7876697514203,27.59280833301359,116.83695726934108,61.34869222227786,111.5162265806743,61.22343172407357,0.8894508242607116,0.9302194982767105,0.9762168973684311,0.9964553132653236,0.9566765129566193,0.998008969426155
21.90000000023213,167.00026519110295,27.678496379840645,116.08251245968309,60.18466030859255,111.59777616206898,61.1596665242194,0.8878970831632614,0.9286593466997146,0.979158815741539,0.9964447498321533,0.9633041262626647,0.9949051707983017
21.920000000232793,167.20337636887658,27.74351734794824,115.47571423959535,59.001769484330346,111.6850842079821,61.09582889525368,0.8861480236053466,0.9271359235048294,0.9818218111991882,0.997210256755352,0.9709254622459411,0.9921890944242477
21.940000000233457,167.39490835069387,27.787103828992706,115.032051260471,57.81715797019768,111.77809088184014,61.031947795674576,0.8843917042016983,0.9257017821073532,0.9840229570865631,0.9986570805311202,0.9787764400243759,0.9897261962294578
21.96000000023412,167.57301554516923,27.808717405808178,114.765832776303,56.649359869925895,111.87673244151462,60.96805220369972,0.8824571877717972,0.9245117574930191,0.9856052726507186,1.0,0.9857364505529403,0.988590258359909
21.980000000234785,167.73604952275542,27.808122113979195,114.6901535006666,55.51843979273327,111.98094128300778,60.9041711041209,0.8806229501962661,0.923187631368637,0.9872411519289016,1.0,0.9934453830122947,0.987078645825386
22.00000000023545,167.88261134818552,27.7858831218831,114.81589160162758,54.44475775998801,112.09064598678502,60.840333475155745,0.8790213227272033,0.921672822535038,0.9888128012418747,1.0,1.0,0.9848493188619614
22.020000000236113,168.01163772027695,27.742240801001103,115.15039147977268,53.452083364967585,112.20577136672222,60.77656827530243,0.8774605676531791,0.9205529510974884,0.9906239360570908,1.0,1.0,0.9826668545603752
22.040000000236777,168.1225099461579,27.67708855761695,115.69565108527394,52.56710931890448,112.32623852163462,60.7129044302033,0.8765866816043854,0.9193618759512902,0.9917503789067268,1.0,1.0,0.9790445670485496
22.06000000023744,168.21511772388976,27.59019402555004,116.44677894472498,51.81679044840055,112.4519648893517,60.649370819523405,0.8760322332382202,0.9184550344944,0.9927632436156273,1.0,1.0,0.9761519342660904
22.080000000238105,168.28997582103008,27.48133943973878,117.39153200468014,51.22529748585734,112.5828643033012,60.58599626384989,0.8754372343420982,0.9177355095744133,0.9936020776629447,1.0,1.0,0.973611980676651
22.10000000023877,168.34800692345175,27.350807355907474,118.51162101540785,50.81272287143678,112.71884705156336,60.52280951161819,0.8746911019086837,0.9171695411205292,0.9941327214241027,1.0,1.0,0.9715914770960807
22.120000000239433,168.390456239284,27.19860315635216,119.78399770817892,50.59285729030138,112.859819938355,60.459839226070955,0.8739814117550849,0.9167995169758797,0.9944982931017875,1.0,1.0,0.9703005388379097
22.140000000240097,168.41848717033741,27.025414406788165,121.18214202108271,50.570083239426545,113.00568634790127,60.39711397225561,0.8742781981825828,0.9168447390198707,0.9950496971607208,1.0,1.0,0.9695900976657867
22.16000000024076,168.43353405298535,26.832286646147246,122.676451035741,50.74062468025451,113.15634631065123,60.33466220406647,0.8745086580514908,0.9170725211501122,0.9952196553349495,1.0,1.0,0.9692660465836525
22.180000000241424,168.4378716044281,26.620120020303162,124.23530506733115,51.09434262577691,113.31169657179207,60.272512251337275,0.8746924966573715,0.917451749742031,0.9950421020388602,1.0,1.0,0.9692617192864418
22.20000000024209,168.43246912803298,26.390691538905465,125.82620244078666,51.616354541470365,113.47163066201469,60.21069230699001,0.8748350471258163,0.9179666355252266,0.9945402294397354,1.0,1.0,0.9695436060428619
22.220000000242752,168.41860211219674,26.14615689045568,127.41670487187565,52.288441842903865,113.63603897048253,60.14923041424579,0.8747050940990447,0.9185696095228195,0.9934730321168899,1.0,1.0,0.9703330293297767
22.240000000243416,168.39752655010813,25.889403888463992,128.9755503168138,53.09021289491031,113.80480881995337,60.08815445390375,0.8743553027510643,0.9192432150244713,0.9919388577342033,1.0,1.0,0.9715764254331588
22.26000000024408,168.3703432195241,25.62392767979793,130.47385112190074,54.00012797819933,113.97782454400256,60.02749213169345,0.8739783897995949,0.9199951142072678,0.9901983052492142,1.0,1.0,0.9730740815401077
22.280000000244744,168.33805839945614,25.353705065558383,131.88551098503154,54.99640690455625,114.1549675662952,59.967270965706916,0.8738066881895065,0.9208888038992882,0.9880238920450211,1.0,1.0,0.9752248421311378
22.300000000245408,168.30128240217044,25.08346566999384,133.18745131630305,56.055987867395054,114.33611648185229,59.90751827391558,0.8740528836846352,0.9219296663999558,0.9855838373303413,1.0,1.0,0.9775649309158325
22.320000000246072,168.2619773755475,24.820675163212833,134.3597287922622,57.15037323091891,114.52114714025566,59.84826116177815,0.8745689988136292,0.9233773574233055,0.9836490035057067,1.0,1.0,0.9790844514966011
22.340000000246736,168.22228525764882,24.572332565079154,135.38534987210997,58.25253566462696,114.70993273073458,59.789526509944835,0.8750370129942894,0.9248648211359978,0.9816436320543289,1.0,1.0,0.9808336049318314
22.3600000002474,168.18337016099863,24.343826292549714,136.2501706290925,59.339676967907835,114.90234386907531,59.731340962063506,0.8755784168839454,0.9264401853084564,0.9792420804500579,1.0,1.0,0.9831070944666862
22.380000000248064,168.14679903256567,24.139936164423162,136.9429599685025,60.39351153216187,115.0982486862948,59.67373091269345,0.876310709118843,0.9283089160919189,0.9758273467421531,1.0,0.9987874045968055,0.9868222936987876
22.400000000248728,168.11436775247893,23.964506848095574,137.4551800363076,61.39966566034333,115.297512919017,59.61672249533205,0.8771636202931404,0.9300515204668045,0.972747415304184,1.0,0.990550322830677,0.9907996207475662
22.42000000024939,168.08792823017518,23.81993875261681,137.781070032842,62.34785508530904,115.50000000149024,59.56034157055991,0.8782164499163627,0.931347045302391,0.9692561268806457,1.0,0.980984841287136,0.9957541972398758
22.440000000250055,168.06930680429207,23.707425709499546,137.91841390698374,63.232556990774654,115.70557115918264,59.50461371430982,0.8791142925620079,0.932547789812088,0.9664680689573287,1.0,0.9730645909905433,0.9992863893508911
22.46000000025072,168.06007580639832,23.627580045450042,137.8683767736967,64.051544658882,115.91408550389124,59.44956420626477,0.8798822492361068,0.9337176978588104,0.9640685871243476,1.0,0.9661520645022392,1.0
22.480000000251383,168.06166410890307,23.580909598920623,137.63430897014365,64.80354351353768,116.12540013029967,59.3952180183904,0.8806181624531746,0.9348535686731339,0.961843591928482,1.0,0.9596412524580955,1.0
22.500000000252047,168.07552254926543,23.568425463066212,137.22007778315918,65.48468135816383,116.33937021391839,59.341599803607096,0.8814723074436187,0.9358155876398087,0.9599145784974098,1.0,0.9539018705487251,1.0
22.52000000025271,168.10309522049874,23.591252035155215,136.6300498100354,66.08476598494686,116.5558491103401,59.28873388460663,0.8830739215016364,0.9362065374851226,0.9587677240371704,1.0,0.9497125282883644,1.0
22.540000000253375,168.14582458999308,23.65004629713609,135.86877240797008,66.5872378284016,116.77468845574259,59.23664424281884,0.8846982136368752,0.9366781145334243,0.9576331585645675,1.0,0.9457141324877739,1.0
22.56000000025404,168.20500556148983,23.74384629268754,134.94217773475788,66.9745382427817,116.99573826856975,59.18535450753292,0.8871854975819587,0.9363131910562515,0.9573979467153549,1.0,0.9431121930480003,1.0
22.580000000254703,168.2817031956317,23.8693066177663,133.85834833893182,67.23256810209966,117.21884705232155,59.13488794517855,0.889996962249279,0.9355682253837585,0.957545106112957,1.0,0.9412230506539344,1.0
22.600000000255367,168.37667090897256,24.02160021925395,132.6276212907121,67.3506071802633,117.44386189938211,59.08526744877161,0.8930688023567199,0.9347476482391357,0.9578574806451797,1.0,0.9396139398217201,1.0
22.62000000025603,168.49017745356971,24.19528974942912,131.2630074394153,67.32059507997309,117.670628595815,59.03651552752929,0.8966378256678581,0.9338149815797806,0.958482475578785,1.0,0.9375270873308181,1.0
22.640000000256695,168.62181824807573,24.38511877475419,129.7810636810304,67.13746176992295,117.89899172705374,58.98865429665926,0.9004430264234543,0.932914537191391,0.9595618233084678,1.0,0.935440382361412,1.0
22.66000000025736,168.77043550427564,24.586070321949812,128.20162806248425,66.79907691846502,118.12879478441515,58.94170546732764,0.9031182572245597,0.9325689971446991,0.9605244904756546,0.9987372517585754,0.9346887469291687,1.0
22.680000000258023,168.9340574466528,24.7929023281568,126.5486811415003,66.30708769699855,118.35988027236262,58.89569033681018,0.9056844919919967,0.9321130573749542,0.9618482857942581,0.995049424469471,0.9344094440340995,1.0
22.700000000258687,169.10975491291117,25.00061215829549,124.85009637971508,65.66716116510757,118.59208981644566,58.8506297788313,0.9066932037472725,0.9317280262708664,0.963010075688362,0.9925229802727699,0.9344178527593613,1.0
22.72000000025935,169.29383291913112,25.204738958120796,123.13662254068988,64.88843261211198,118.8252642718419,58.80654423409511,0.9088430523872375,0.9307091802358627,0.9650160059332847,0.9885663330554961,0.9354679688811302,0.9967948943376541
22.740000000260014,169.481756054511,25.400885073830278,121.44122576582835,63.982378057957455,119.05924383242693,58.763453701013006,0.9096684575080871,0.9299894362688065,0.967620587348938,0.9856484740972519,0.9374917179346084,0.990749043226242
22.76000000026068,169.66841993818053,25.58494824775928,119.79858531518023,62.96232841481579,119.29386814029742,58.72137772663184,0.9086917757987976,0.9293797433376312,0.9709422439336777,0.9836758211255073,0.9411497458815574,0.9838728874921798
22.780000000261342,169.84927893200646,25.75286812926319,118.2441394496887,61.84382339880831,119.52897639567253,58.68033539776682,0.9070084616541862,0.9289415597915649,0.9743948504328728,0.9822993338108063,0.9453593477606773,0.9784790143370627
22.800000000262006,170.01909658960668,25.901977506100394,116.81375141438191,60.64422843561511,119.7644074670979,58.6403453323432,0.9061325013637542,0.929951849579811,0.9795691937208175,0.9827220454812049,0.9521413043141365,0.9735653549432755
22.82000000026267,170.173304930832,26.030402061538336,115.5420849780782,59.38132128266773,120.00000000187721,58.601425670950725,0.9043499588966369,0.930841189622879,0.9842298984527588,0.9834005281329155,0.9592816576361656,0.9697187721729278
22.840000000263334,170.30803357039446,26.137363860498162,114.46336654806645,58.07151999771196,120.23559253665525,58.56359406861451,0.9020803898572921,0.9311762690544129,0.9885654613375663,0.984250582754612,0.966956789791584,0.9681335017085075
22.860000000263998,170.4191057803676,26.221928707937643,113.6110928818208,56.73446362377808,120.47102360807675,58.52686768678628,0.9000636950135231,0.9293016284704209,0.9932888090610503,0.9852569565176963,0.976324588060379,0.9686271175742149
22.880000000264662,170.50356816728117,26.282791661844495,113.01708361032792,55.394476949293605,120.70613186344542,58.49126318555944,0.8985883682966233,0.9270550280809402,0.9978399366140365,0.9865364953875542,0.9866703599691391,0.9690902188420295
22.900000000265326,170.55931213378742,26.318787105748893,112.71001023663787,54.07993662214887,120.94075617130693,58.45679671611159,0.8964183449745178,0.924245297908783,1.0,0.9879212439060211,0.9970341965556144,0.9698106557130813
22.92000000026599,170.58454192053003,26.329625548803527,112.71518721364768,52.82374583110392,121.17473573188039,58.42348391337794,0.8954396069049835,0.9213389456272125,1.0,0.9890575304627418,1.0,0.9703987255692481
22.940000000266654,170.57812600468228,26.315926251865797,113.05112533846574,51.661522238808814,121.40791018726253,58.39133988895886,0.8939002960920334,0.918756291270256,1.0,0.9907401204109192,1.0,0.9711181253194808
22.960000000267318,170.53983189584542,26.276505055681262,113.72690378034989,50.6359097613342,121.64011973132894,58.36037922426483,0.8918502032756805,0.9175167888402939,1.0,0.9964529305696487,1.0,0.9720478683710098
22.98000000026798,170.47010510503145,26.204245924140857,114.74144796032084,49.80524064926601,121.87120521925723,58.330615963901934,0.8890366733074188,0.9157852932810783,1.0,1.0,1.0,0.9719935804605484
23.000000000268646,170.36993068416226,26.097614247542996,116.08225810402075,49.20836777870464,122.10100827659694,66.99912167300826,0.8875199735164642,0.9146463736891747,1.0,1.0,1.0,0.9711984664201736
23.02000000026931,170.241212115482,25.960195432544342,117.72291560101318,48.861401450744935,122.32937140781148,64.95258417644943,0.8853062078356743,0.9129778787493705,1.0,1.0,1.0,0.9707182705402374
23.040000000269973,170.08677827075144,25.79751276663276,119.62289468611553,48.7613054347094,122.55613810421771,64.90519500742347,0.8825606673955917,0.9118957951664924,1.0,1.0,1.0,0.9697470337152481
23.060000000270637,169.9103654065158,25.615192446091818,121.73023820113713,48.89123971315226,122.78115295124913,64.85785913246306,0.8795765802264214,0.9110168889164925,1.0,1.0,1.0,0.9686648160219192
23.0800000002713,169.71624414501434,25.418337861351294,123.98415121346437,49.22678698925609,123.00426173496933,64.81060316115018,0.8789472803473473,0.9120853066444397,1.0,1.0,1.0,0.9664620518684387
23.100000000271965,169.5097818816998,25.21018194930453,126.31967594203216,49.74282144720649,123.22531154776246,64.76345365814946,0.878410230576992,0.9126439794898032,1.0,1.0,1.0,0.9636229693889617
23.12000000027263,169.29610067678271,24.991348572112386,128.67241318153418,50.418889628495066,123.44415089312852,64.71643712827498,0.8785343453288078,0.9139093071222305,1.0,1.0,1.0,0.9624677374958992
23.140000000273293,169.08049070980013,24.761907479501893,130.98130357537212,51.233607669798,123.66062978951145,64.66958000159077,0.8787140265107155,0.9145038589835167,1.0,1.0,1.0,0.961580865085125
23.160000000273957,168.86743476032498,24.521946821938894,133.19056138468278,52.1643395686441,123.87459987308902,64.62290861855332,0.8785870507359504,0.9154483541846276,1.0,1.0,1.0,0.9615876913070679
23.18000000027462,168.6610744067718,24.272874737885896,135.2511380864187,53.188504842636505,124.08591449945398,64.57644921520443,0.8781222328543663,0.9160045996308327,1.0,1.0,1.0,0.9616957038640975
23.200000000275285,168.46471801152796,24.017347281621245,137.12174846007375,54.28486661758979,124.29442884411681,64.53022790842273,0.8781407848000526,0.9167824000120163,1.0,1.0,1.0,0.9617934435606003
23.22000000027595,168.28081448686982,23.758191555685766,138.76950434672116,55.43426191351387,124.5000000017612,64.48427068124231,0.8774533972144126,0.9167819574475288,1.0,1.0,1.0,0.9615738734602928
23.240000000276613,168.11104323487743,23.499128767363157,140.1702060814152,56.61940690867327,124.70248708418417,64.43860336824648,0.8774474561214447,0.9175416707992553,1.0,1.0,1.0,0.9619656324386596
23.260000000277277,167.95615398009647,23.244525021625353,141.30834113594813,57.82484501508716,124.90175131685392,64.39325164104496,0.8776867002248764,0.918040320277214,0.9972683846950531,1.0,1.0,0.9623935386538506
23.28000000027794,167.81618899986793,22.99805270325396,142.17683469985593,59.036772941542964,125.09765613401882,64.34824099384284,0.8783238500356674,0.9187574848532677,0.993514709174633,1.0,1.0,0.9630216762423515
23.300000000278605,167.69118554919092,22.76358865648188,142.77659025073643,60.24307273144753,125.29006727230282,64.30359672910907,0.8799319013953208,0.9198689341545104,0.9899558514356612,1.0,1.0,0.9643309563398361
23.32000000027927,167.58155071407566,22.544656939101365,143.11585249295698,61.433405915300234,125.4788528627229,64.25934394335289,0.8813992843031883,0.9204529315233231,0.9860826075077056,1.0,1.0,0.9662890806794167
23.340000000279932,167.4857401145325,22.34466818035149,143.2094214727076,62.596691662424476,125.66388352106544,64.21550751301592,0.8828765198588371,0.9214304313063622,0.9816611647605895,1.0,1.0,0.9689414635300636
23.360000000280596,167.40246477886458,22.169019506891868,143.0771463119942,63.71583122831399,125.84503243655969,64.17211208048806,0.8845696464180947,0.9226849004626274,0.9777358680963516,1.0,1.0,0.972234147787094
23.38000000028126,167.33052560322514,22.02152075297617,142.74055891770686,64.77880920107431,126.02217545878752,64.12918204025493,0.8865563854575157,0.924042621254921,0.9739930868148803,1.0,0.9923603981733322,0.9763753980398178
23.400000000281924,167.26867742453373,21.903646886013707,142.2209542546503,65.7795139146526,126.19519118277,64.08674152518456,0.8885177910327912,0.925361606478691,0.9707312166690826,1.0,0.9816788718104362,0.9807823568582534
23.420000000282588,167.2168127856707,21.816144787406856,141.538854815861,66.71464338406611,126.36396103217224,64.04481439296137,0.8902215749025345,0.9266243368387223,0.9682239413261413,1.0,0.9728735148906708,0.9843821585178375
23.440000000283252,167.17455816768145,21.75933003576962,140.7130497942734,67.58147920533284,126.52836934056968,64.00342421267462,0.8916421845555306,0.9278795123100281,0.9662813603878021,1.0,0.9657586023211479,0.9871711105108261
23.460000000283916,167.14111744160033,21.733786229065647,139.75956179679577,68.3766986587194,126.68830343072013,63.9625942515692,0.8935898035764694,0.9285529255867004,0.9648459002375602,1.0,0.9602800339460372,0.9890299350023269
23.48000000028458,167.11616576893462,21.740549149856378,138.69187926993288,69.09495945341877,126.84365369178707,63.92234746196615,0.8948506385087966,0.9297656863927841,0.9634521663188934,1.0,0.955008415877819,0.9911993503570556
23.500000000285244,167.09962553240146,21.78098692439609,137.52126344756334,69.72464165261255,126.99431365446146,63.882706468360055,0.896338826417923,0.9310680329799652,0.9625241398811339,1.0,0.9496836632490158,0.9948253437876701
23.520000000285908,167.09153551248158,21.856043614829133,136.25763737464945,70.24771563883893,127.14018006393054,63.8436935547009,0.8979693457484245,0.9321943819522858,0.9620180204510689,1.0,0.945142763853073,0.9985408157110214
23.54000000028657,167.09193506190974,21.96525398951621,134.91098053535154,70.64464370504228,127.28115295064343,63.805330651867216,0.8996982216835022,0.9329684138298034,0.9618746742606162,1.0,0.9415791183710098,1.0
23.560000000287236,167.10074863339807,22.10633941219526,133.49236608094535,70.89864569416017,127.41713569882532,63.76763932533782,0.9022885024547577,0.9326284438371658,0.9626104623079299,0.9991940319538116,0.9395041257143021,1.0
23.5800000002879,167.11767787383246,22.275149681023624,132.01444875229046,70.99774949950944,127.5480351126931,63.73064076306886,0.9049030840396881,0.9321869611740112,0.9637663424015045,0.9950534120202064,0.9380004569888115,1.0
23.600000000288563,167.1436485898615,22.467247212901615,130.4911758671429,70.93280369073426,127.67376148032706,63.69435576358318,0.9078245908021927,0.9317348033189773,0.9649247616529464,0.9919286251068115,0.9373723104596138,1.0
23.620000000289227,167.17654344990132,22.679480215112115,128.93811719876055,70.69517038516899,127.79422863515498,63.65880472427851,0.9105112835764885,0.9312874376773834,0.9662013411521911,0.989073646068573,0.9369458928704262,1.0
23.64000000028989,167.2153050749449,22.908587370652135,127.37276690077968,70.27896164587999,127.90935401500643,63.62400762996121,0.9113923132419586,0.9309124827384948,0.9671934366226196,0.9872615590691566,0.9368469193577766,1.0
23.660000000290555,167.25866528166142,23.150340572246545,125.81494613762337,69.68546729595495,128.0190587186967,63.58998404161193,0.9120173841714859,0.9305594861507416,0.9683911681175231,0.9855435997247696,0.9369593486189842,1.0
23.68000000029122,167.30473443688558,23.399334382136825,124.28836259410443,68.92435130000776,128.1232675601017,63.556753085389516,0.9123176530003547,0.9303355485200882,0.9702488437294959,0.9842199876904487,0.9375309273600578,1.0
23.700000000291883,167.3512657989713,23.649241253042902,122.82130100519504,68.01128758462895,128.22190911968693,63.52433344187936,0.9128565043210983,0.9310235261917114,0.9741287261247634,0.9841784760355949,0.9401608511805534,0.9982585221529007
23.720000000292547,167.3938127760792,23.894174164649005,121.44444309604408,66.96573074261529,128.31491579345465,63.4927433355922,0.9124766990542411,0.9316987723112106,0.9787941426038742,0.9843324482440948,0.9443976908922195,0.9931897908449172
23.74000000029321,167.42865845787216,24.128870143110813,120.18857623279797,65.80901166010993,128.40222383927647,63.46200052471936,0.9115013629198074,0.9323699682950973,0.9836515516042709,0.9845820099115371,0.949311426281929,0.9883101999759674
23.760000000293875,167.4526282183355,24.34922746995755,119.08202906532311,64.56307167874057,128.48377342057896,63.43212229115002,0.9100077345967292,0.933076211810112,0.9881830811500549,0.9850420176982879,0.9548152700066567,0.9838975995779037
23.78000000029454,167.46310367442717,24.55168895819071,118.14998464769903,63.24966993766903,128.5595086473525,63.40312543075639,0.9078780427575112,0.9333599358797073,0.9920014560222625,0.9856723636388778,0.9609132319688797,0.9804919406771659
23.800000000295203,167.4577625626428,24.734101325796306,117.41556758895237,61.88942549120267,128.62937761445573,63.37502624395193,0.9051288992166518,0.9331920027732848,0.9954309239983559,0.9863463088870048,0.9675780430436134,0.9777021035552025
23.820000000295867,167.43416716379576,24.89692428722981,116.90224821317082,60.50112797962083,128.6933324371887,63.34784052652822,0.9020950436592102,0.9323720872402191,0.9990126967430114,0.9870247021317482,0.9753366589546203,0.9751517564058303
23.84000000029653,167.38984267458324,25.040848191786274,116.63335099124023,59.10779056470673,128.75132928411043,63.321583560775444,0.8993133515119552,0.9303779542446137,1.0,0.9877357870340346,0.9833843275904655,0.9734043329954147
23.860000000297195,167.3228568900374,25.166282532786116,116.62947706718111,57.737241898766904,128.8033284070791,63.2962701068915,0.8975119709968566,0.9276997774839401,1.0,0.9886848330497742,0.9922637492418289,0.9721495240926742
23.88000000029786,167.23236334903208,25.27344907273316,116.9052273468031,56.4207369395358,128.84929416849323,63.2719143946847,0.8953457027673721,0.9251896321773528,1.0,0.9896705716848373,1.0,0.9728843420743942
23.900000000298522,167.11780407503477,25.362175279573332,117.46647813847233,55.19133820735305,128.88919506571597,63.248530115574525,0.8932566955685616,0.9236171245574951,1.0,0.9912548229098319,1.0,0.9734539359807968
23.920000000299186,166.9805495872759,25.43233234205486,118.30940191698558,54.08241717136842,128.92300375266547,63.226130414895096,0.888943350315094,0.9232488483190536,1.0,0.9960988342761993,1.0,0.9744158610701561
23.94000000029985,166.82291691560624,25.483460047448858,119.42027979437795,53.12638598661142,128.95069705855647,63.204727884505594,0.886588317155838,0.9221981197595596,1.0,1.0,1.0,0.9742902129888534
23.960000000300514,166.64769195488506,25.51435501707934,120.77380869763724,52.35271801132475,128.97225600378042,63.18433455571183,0.8848667100071906,0.9209168955683708,1.0,1.0,1.0,0.9735402047634124
23.980000000301178,166.4587932848842,25.521494194856924,122.33389722314645,51.79092673055394,128.98766581291315,63.16496189250289,0.8827719494700431,0.9198146149516105,1.0,1.0,1.0,0.9729212045669555
24.000000000301842,166.26052045444987,25.497535425918326,124.05634940763174,51.473815866099855,128.99691592484123,63.146620785106755,0.8811870589852333,0.9188442409038543,1.0,1.0,1.0,0.9718616425991058
24.020000000302506,166.05727631667975,25.44079934580306,125.89118075212969,51.40895087488862,129.0,63.129321543868414,0.8792902678251266,0.9179643109440804,1.0,1.0,1.0,0.9708725243806838
24.04000000030317,165.85366451047332,25.355052634011805,127.78414165340102,51.58114758170275,128.9969159247184,63.11307389345396,0.8780875340104103,0.9181198120117188,1.0,1.0,1.0,0.968966081738472
24.060000000303834,165.65403715626326,25.245558551691577,129.68010799224723,51.96474040291319,128.98766581266753,63.097886967383914,0.8777921512722969,0.9190232336521148,1.0,1.0,1.0,0.9667503669857979
24.080000000304498,165.46227092779174,25.115573529592044,131.52710794116686,52.53469962784369,128.9722560034122,63.0837693028989,0.8780612751841544,0.9197184756398201,1.0,1.0,1.0,0.9655179366469383
24.10000000030516,165.28176006566864,24.96777696606458,133.27826400403654,53.264884792584404,128.9506970580659,63.07072883616046,0.8784784123301506,0.9202864557504654,1.0,1.0,1.0,0.9653874918818474
24.120000000305826,165.11508912514438,24.8049672349395,134.89291471432801,54.12820814775779,128.92300375205292,63.05877289778981,0.8783158838748931,0.9208718657493591,1.0,1.0,1.0,0.966328540444374
24.14000000030649,164.9646203471193,24.629804491940916,136.33739927592543,55.097966071904004,128.88919506498183,63.04790820874694,0.8781809419393539,0.9214381918311119,1.0,1.0,1.0,0.967443972826004
24.160000000307154,164.83205542445475,24.445543801631317,137.58553370830992,56.14908138848997,128.849294167638,63.038140876552504,0.8782319888472557,0.9219322726130486,1.0,1.0,1.0,0.968576231598854
24.180000000307817,164.71823944308952,24.256109665208818,138.61881142197745,57.25880684133155,128.80332840610336,63.0294763918545,0.8787890344858169,0.9223291411995888,1.0,1.0,1.0,0.9692709550261497
24.20000000030848,164.6231004683965,24.065252943013167,139.42635863165242,58.406706652967756,128.75132928301488,63.021919625341724,0.8794438064098358,0.922695454955101,0.9986203029751777,1.0,1.0,0.9700209721922874
24.220000000309145,164.54568727553428,23.877851523716526,140.00467423507826,59.57109995941289,128.69333243597404,63.015474825005754,0.8807091027498245,0.9231906354427337,0.9942323386669158,1.0,1.0,0.9714906975626945
24.24000000030981,164.48476518543376,23.70254398664762,140.35718022026202,60.722250096297465,128.62937761312287,63.010145613752954,0.8824889451265335,0.9241936519742012,0.9908910661935806,1.0,1.0,0.9728640243411064
24.260000000310473,164.43885848787744,23.5461156071398,140.4936069259373,61.836455813376276,128.55950864590227,63.005934987367894,0.8844243556261062,0.9254089921712875,0.98809305280447,1.0,1.0,0.974369204044342
24.280000000311137,164.40628560903045,23.412557532881824,140.4292377173925,62.89878237449473,128.48377341901238,63.00284531282929,0.8863227471709251,0.9266810297966003,0.9848204001784324,1.0,1.0,0.9769115671515465
24.3000000003118,164.38521425270713,23.303080091744185,140.18375364676513,63.901758559392626,128.40222383759465,63.00087832697938,0.888163149356842,0.9277929037809372,0.9810029372572898,1.0,0.9940066441893577,0.9808650717139243
24.320000000312465,164.37393420223407,23.21750874275716,139.77858957900952,64.84267463735856,128.3149157916587,63.000035135547634,0.889916169643402,0.9288564622402191,0.9777347683906554,1.0,0.9844001069664955,0.9848923280835151
24.34000000031313,164.37093247565713,23.155454014218353,139.23375547682647,65.72062313767572,128.2219091177781,63.00031621252912,0.8914602637290955,0.9299122244119644,0.9749744534492493,1.0,0.9757113009691238,0.9888732448220252
24.360000000313793,164.3747837547634,23.116614765046215,138.56804449488786,66.53568639910478,128.1232675580813,63.00172139991808,0.892653015255928,0.9308091640472412,0.973141561448574,1.0,0.9696752443909644,0.9911930024623871
24.380000000314457,164.3841154943609,23.101098665243747,137.79929355556524,67.28799694230739,128.0190587165661,63.00424990779674,0.8940039902925491,0.9314019590616226,0.9716849386692047,1.0,0.9647545799612999,0.9931046351790428
24.40000000031512,164.39777415933327,23.109937798457715,136.94332894998163,67.97493862832616,127.90935401276711,63.00790031477935,0.8952149182558059,0.9320557653903961,0.9705123707652091,1.0,0.9601736620068549,0.9954800307750702
24.420000000315785,164.41499211719903,23.145066049582734,136.0129945244113,68.58677820935516,127.79422863280847,63.01267056881124,0.8963888138532639,0.9328730702400208,0.9696868449449538,1.0,0.955462746322155,0.9992368176579475
24.44000000031645,164.43536894600194,23.208358180694166,135.01872505706808,69.10666359908394,127.67376147787496,63.01855798832232,0.8979383796453476,0.9335559874773025,0.9692810893058776,1.0,0.9514575287699699,1.0
24.460000000317113,164.45880271778674,23.300606786454484,133.9696447479897,69.51481775403523,127.54803511013709,63.025559263734564,0.899778339266777,0.9341675490140915,0.9690994054079055,1.0,0.9479016795754432,1.0
24.480000000317776,164.48535610492766,23.420554151180003,132.87504792443573,69.79471678201823,127.41713569616716,63.03367045932243,0.9015307337045669,0.934641307592392,0.9692175924777984,1.0,0.9449002563953399,1.0
24.50000000031844,164.5150287138996,23.565336190841887,131.7449663312152,69.93445035566573,127.28115294788495,63.04288701542531,0.9032542988657951,0.9346597522497176,0.9698062613606453,0.998580253124237,0.942386320233345,1.0
24.520000000319104,164.54777727801772,23.7315974419197,130.59033187220257,69.92486454206067,127.14018006107362,63.05320375101074,0.9042808204889298,0.9340708196163178,0.9706472367048263,0.9955346494913101,0.941008898615837,1.0
24.54000000031977,164.58334258965482,23.91617244799554,129.42320461152394,69.75851987169568,126.99431365150805,63.064614866586865,0.9050304174423217,0.9334479123353958,0.9714803889393806,0.9929685398936271,0.9400006294250488,1.0
24.560000000320432,164.6211887021295,24.1147039680901,128.25698725539635,69.43355140509095,126.84365368873918,63.07711394746258,0.9053883045911789,0.9330330282449723,0.9722100794315338,0.9914608925580978,0.9398789510130882,1.0
24.580000000321096,164.6604531396309,24.3219498624645,127.10626876678037,68.95369802134894,126.68830342757988,63.09069396735355,0.9053751081228256,0.9327148020267486,0.9730897769331932,0.9901491805911063,0.9400313451886176,1.0
24.60000000032176,164.69989380695677,24.53308970496745,125.98692290010217,68.3266042400903,126.52836933733923,63.10534729233195,0.9050264656543732,0.9324605375528335,0.9741561830043792,0.9889679133892059,0.9404070690274239,1.0
24.620000000322424,164.73785287548216,24.743622546768325,124.91689339639146,67.56264458337213,126.36396102885378,63.12106568511786,0.9038384258747101,0.9322565734386444,0.9760734796524048,0.9881368264555931,0.9424199819564819,1.0
24.640000000323088,164.7728572836487,24.948992976041485,123.916202646291,66.67460987920597,126.1951911793658,63.137840309709794,0.9020619183778763,0.9320090144872665,0.9783506616950035,0.987572494149208,0.9452212631702422,0.998116137087345
24.660000000323752,164.80358485993477,25.144885563395242,123.00530060397298,65.67723385136733,126.02217545529992,63.1556617363518,0.8997298538684845,0.9314721435308456,0.9807932242751121,0.9872070208191871,0.9487531334161758,0.9949799239635467
24.680000000324416,164.82836480456314,25.32828444274999,122.20316654524667,64.58704445039669,125.84503243299108,63.174519946834366,0.8972472995519638,0.9309505611658097,0.9830422431230544,0.987255497276783,0.9529968217015267,0.9921929746866226
24.70000000032508,164.84600327069174,25.496567075889512,121.5265501754329,63.4218470575686,125.66388351741828,63.194404340126056,0.8953686624765396,0.9299642592668533,0.9857504740357399,0.988010136783123,0.9594713658094406,0.9894718334078788
24.720000000325744,164.85515039075327,25.647646334776177,120.98993779932474,62.20047748605513,125.47885285899969,63.215303738332864,0.8934894934296608,0.9284905463457107,0.9891534551978111,0.9891029983758926,0.9679726004600524,0.9867023274302482
24.740000000326408,164.855317231868,25.78029915096519,120.60632948048026,60.942696001889765,125.29006726850609,63.23720639298175,0.8911415860056877,0.9270776748657227,0.991921803355217,0.9908548966050148,0.9761589616537094,0.9852725535631179
24.76000000032707,164.84637513740833,25.894672411887832,120.38707801414199,59.66741946509516,125.09765613015117,63.260099991625026,0.8878447845578193,0.9259581923484802,0.9941844254732132,0.9940649643540382,0.9853881657123565,0.9841356053948402
24.780000000327735,164.8285258326286,25.990886919493896,120.34103151260483,58.39633408087869,124.90175131291801,63.2839716647617,0.8847528412938118,0.9250719279050826,0.9966282799839973,0.9978689849376678,0.9944133028388022,0.9830872014164924
24.8000000003284,164.8023152533121,26.06855852668763,120.4733983661152,57.15465463665008,124.70248708018272,63.30880799307198,0.8821655869483948,0.9245852187275886,0.9996382370591164,1.0,1.0,0.98184884339571
24.820000000329063,164.76836332139925,26.126809998514858,120.78573547609928,55.971964794968834,124.4999999976969,63.334595014960875,0.8810086071491241,0.923209848999977,1.0,1.0,1.0,0.9801592662930488
24.840000000329727,164.7272426882818,26.164313410730635,121.27608827070719,54.881805229760424,124.29442883999249,63.36131823440664,0.8804307699203491,0.9219410434365273,1.0,1.0,1.0,0.9786468669772148
24.86000000033039,164.67970445296208,26.17967822648158,121.93743993481091,53.91848519063284,124.08591449527245,63.388962629109606,0.8803829103708267,0.9209744691848755,1.0,1.0,1.0,0.9770848467946052
24.880000000331055,164.62686519703627,26.171829728549252,122.75665228533349,53.1146542924625,123.87459986885315,63.41751265893688,0.8801139920949935,0.9201686754822731,1.0,1.0,1.0,0.9755701318383216
24.90000000033172,164.57002983607498,26.14025992590098,123.7154637466673,52.498208194964924,123.66062978522415,63.446952274658145,0.8794666945934295,0.9196411252021789,1.0,1.0,1.0,0.973854774236679
24.920000000332383,164.5104719395581,26.085082431194266,124.79217776857814,52.088268992938495,123.44415088879273,63.47726492696764,0.8786633506417274,0.9192014664411544,1.0,1.0,1.0,0.9724649384617805
24.940000000333047,164.44945288142523,26.00663786995212,125.96102932046765,51.89257954579637,123.22531154338114,63.50843357578726,0.8790041252970695,0.9186860799789428,1.0,1.0,1.0,0.9709324359893798
24.96000000033371,164.38813284883443,25.905558957714927,127.19297266378179,51.908866858603886,123.00426173054548,63.54044069984551,0.8795945510268212,0.9183629006147385,1.0,1.0,1.0,0.9699680924415588
24.980000000334375,164.32746351562233,25.782944161791924,128.45725628358443,52.12705538088876,122.78115294678578,63.57326830652702,0.8801299959421157,0.918254092335701,1.0,1.0,1.0,0.9692861273884773
25.00000000033504,164.26830196927583,25.640184149022158,129.72292014840187,52.53131842274728,122.55613809971794,63.60689794198696,0.8802265778183936,0.9182253748178482,1.0,1.0,1.0,0.9689609676599502
25.020000000335703,164.21138956250152,25.479435220129677,130.96009136226726,53.101941421153604,121.90279782984727,63.64131070152475,0.88031385242939,0.9181983605027199,1.0,1.0,1.0,0.9686867073178291
25.040000000336367,164.15731914512847,25.303175820250427,132.1410663209134,53.816854802864334,121.02370791177529,63.67648724021129,0.8803366288542748,0.9183087155222892,1.0,1.0,1.0,0.9692236095666885
25.06000000033703,164.10646388389017,25.114118784085317,133.24117601050423,54.6529752970044,121.04740249628826,63.7124077837635,0.8803015500307083,0.9185746431350708,1.0,1.0,1.0,0.9700620234012604
25.080000000337694,164.05884096034143,24.915528520256714,134.23943826578272,55.58713874830609,121.07107043376847,63.749052139660414,0.8801721692085266,0.9189967334270477,1.0,1.0,1.0,0.9711084067821503
25.10000000033836,164.0143060593146,24.710544009429892,135.1190063235665,56.59684186955147,121.09469841942492,63.786399708494194,0.8800652965903282,0.919463911652565,1.0,1.0,1.0,0.9722525611519813
25.120000000339022,163.97230952861992,24.502485057077116,135.8674271080299,57.66080594809282,121.11827317092528,63.82442949555005,0.8801681950688361,0.9198181375861167,1.0,1.0,1.0,0.9727700218558311
25.140000000339686,163.93334856721404,24.29568160457321,136.47672568603926,58.75672053760333,121.14178143586251,63.86312012260823,0.8796600952744483,0.9202508896589279,0.9987752318382263,1.0,1.0,0.9737746879458427
25.16000000034035,163.89755699744163,24.097703226814488,136.94333595076736,59.85540541691288,121.16520999920462,63.902449839961704,0.8797392249107361,0.9208440870046616,0.995725081861019,1.0,1.0,0.9752159371972083
25.180000000341014,163.86451713359034,23.914237423732686,137.26789609590844,60.931989360139276,121.18854569072333,63.942396538642605,0.8805697619915008,0.9218042373657226,0.992430193722248,1.0,1.0,0.9769869640469551
25.200000000341678,163.83389005422868,23.749274317929174,137.45492760355816,61.968611356148294,121.21177539239778,63.98293776285065,0.881847620010376,0.923186594247818,0.9902266785502434,1.0,1.0,0.9784993544220923
25.220000000342342,163.80546598235455,23.605271122503634,137.51241743509698,62.95382823617388,121.23488604578863,64.02405072257659,0.8831860065460205,0.9246338248252869,0.9874601766467094,1.0,1.0,0.9804472863674163
25.240000000343006,163.77907979009905,23.483021150201825,137.45106356364602,63.88202800001766,121.25786465937884,64.06571230641339,0.8844438508152962,0.9259595602750778,0.9849135488271713,1.0,1.0,0.9825656905770301
25.26000000034367,163.75478308604252,23.382564603258583,137.28239841449826,64.75090695415292,121.28069831587676,64.10789909454824,0.885518679022789,0.9270783990621566,0.9819400697946548,1.0,0.9974947988986969,0.9858345791697501
25.280000000344334,163.73289312972344,23.303828395427015,137.01670970263086,65.5594395381495,121.30337417947753,64.15058737192787,0.8864172413945198,0.9281322926282882,0.9793778985738754,1.0,0.9901671290397643,0.9889272466301917
25.300000000344998,163.7138902613572,23.24696180804735,136.66277451430696,66.30712324736909,121.32587950307858,64.19375314158972,0.8871580004692078,0.9291741341352463,0.9771745711565017,1.0,0.9833871886134147,0.9920076116919517
25.32000000034566,163.698198567962,23.21241711763614,136.22880349639325,66.99420502926036,121.34820163544546,64.23737213815187,0.8877522528171539,0.9301894128322601,0.9753119692206382,1.0,0.9772969603538513,0.9949992045760154
25.340000000346325,163.68619939579884,23.2009707659187,135.72206282686042,67.62108509654743,121.37032802832356,64.2814198414535,0.88821502327919,0.9311867207288742,0.973711048066616,1.0,0.9718334436416626,0.9979374036192894
25.36000000034699,163.67829457774735,23.21361140242247,135.1487805358453,68.18751285571041,121.39224624349204,64.32587149033886,0.8885877743363381,0.9321466654539108,0.972347842156887,1.0,0.9670030623674393,1.0
25.380000000347653,163.67503736682144,23.251513771870247,134.51376093859,68.68985123474377,121.41394395975597,64.3707020965766,0.8891338363289832,0.9328396767377853,0.9713034659624099,1.0,0.9631279766559601,1.0
25.400000000348317,163.67708564135305,23.31557964140106,133.82094687781006,69.11982706161547,121.43540897987253,64.41588645890671,0.8897227197885513,0.9333620458841324,0.97057795971632,1.0,0.9602185040712357,1.0
25.42000000034898,163.6851589366069,23.40590741405035,133.0741289779666,69.4660517539375,121.45662923740772,64.46139917720731,0.8907826349139213,0.9337858885526656,0.9700972989201545,1.0,0.9574744254350662,1.0
25.440000000349645,163.7000202642927,23.52181115115863,132.2775116606388,69.71592909532622,121.47759280351931,64.50721466677312,0.8920386597514153,0.9342478543519973,0.9698222652077675,1.0,0.9545407861471176,1.0
25.46000000035031,163.72236006468208,23.661863325738352,131.4360653433358,69.85735328700294,121.49828789366269,64.55330717269783,0.8936323657631874,0.9345134913921356,0.9700335294008254,1.0,0.9520967483520507,1.0
25.480000000350973,163.75274338895383,23.823438656393908,130.5557819028205,69.88116948992908,121.5187028742154,64.59965078435197,0.8950280532240867,0.9345630139112472,0.970701453089714,1.0,0.9501099109649658,1.0
25.500000000351637,163.79156304032392,24.002286175954804,129.64398716406032,69.78348393180207,121.53882626901692,64.64621944994852,0.8966818898916245,0.9344218403100967,0.9714666604995728,1.0,0.9484754264354706,1.0
25.5200000003523,163.83891587255326,24.19339476495663,128.70955607247424,69.56470914909237,121.55864676581997,64.6929869911877,0.8975608810782433,0.9341884076595306,0.9723453521728516,1.0,0.9477559998631477,1.0
25.540000000352965,163.8944586878476,24.392236420708397,127.76288822580823,69.22772917766332,121.57815322264955,64.73992711797294,0.8980729237198829,0.9338478654623031,0.9734329164028167,1.0,0.9477404385805129,1.0
25.56000000035363,163.95728670783726,24.594836088136756,126.81585578440357,68.77655052008366,121.59733467406639,64.78701344318978,0.8983989283442497,0.9334095388650894,0.9748307541012764,0.9984797418117523,0.9484414517879486,1.0
25.580000000354293,164.02611599521512,24.797527342931033,125.88214156726477,68.21614155815604,121.61618033733109,64.83421949753911,0.8984676152467728,0.932893231511116,0.9765449672937393,0.9967319071292877,0.9499121785163879,0.9982771679759025
25.600000000354957,164.0996538191791,24.99671980269148,124.97728668510571,67.55263591413971,121.63467961846557,64.88151874441685,0.8982343167066574,0.9322994172573089,0.9785757482051849,0.99536504894495,0.9522302418947219,0.9956974953413009
25.62000000035562,164.17518894270813,25.189944241349927,124.11796327724245,66.79362758478322,121.6528221182084,64.92888459483129,0.8975779980421066,0.9313051134347915,0.9807866349816322,0.9943382456898688,0.9555751487612724,0.9934593886137009
25.640000000356284,164.25076565554266,25.374766997230108,123.3212182947093,65.94881199329551,121.67059763786075,64.97629042234988,0.896598419547081,0.9301933467388153,0.9832824841141701,0.9936879128217697,0.959984177350998,0.9911585360765457
25.66000000035695,164.3234594245186,25.548885217865525,122.60414651987026,65.03031127566071,121.6879961850194,65.02370957806724,0.8953856408596038,0.9290499746799469,0.9855287984013557,0.9936224669218063,0.9653656587004661,0.9891485646367073
25.680000000357612,164.39115444049435,25.71028355873882,121.98414927904118,64.0521222016927,121.70500797919404,65.07111540558562,0.8939098894596099,0.9278446078300476,0.9878238976001739,0.9940145388245583,0.9718275293707848,0.9872072353959083
25.700000000358276,164.4519732941918,25.857999424027096,121.478643985937,63.02863632819094,121.72162345730524,65.11848125599957,0.8922965228557587,0.9267021387815475,0.9898345306515693,0.994866743683815,0.9782029792666435,0.9856652155518532
25.72000000035894,164.5041732673898,25.99098825108156,121.10430679082341,61.97752734517075,121.73783327906033,65.16578050287661,0.8904080063104629,0.925662863254547,0.9915411531925201,0.996337054669857,0.9844687357544899,0.9848033100366592
25.740000000359604,164.5463237913861,26.107681891384157,120.87614086524198,60.92032830404521,121.7536283322039,65.21298655722501,0.8883458703756332,0.9246048748493194,0.9932925909757614,0.9983691945672035,0.9914332926273346,0.9839078500866889
25.760000000360268,164.57735902395987,26.20620427381434,120.80654427780283,59.88207943906215,121.76899973764033,65.26007288244067,0.8864600002765656,0.9236164629459381,0.995500773191452,1.0,0.9988877862691878,0.9827475801110267
25.780000000360932,164.59664942734491,26.284593244500176,120.90390316159697,58.89064393154993,121.78393885442499,65.30701300922452,0.8851141080260276,0.9226456552743911,0.9985717952251434,1.0,1.0,0.9809921503067016
25.800000000361596,164.60401623989668,26.340981497075205,121.17178681111835,57.97558996040789,121.79843728462181,65.35378055046206,0.883629223704338,0.9217181116342544,1.0,1.0,1.0,0.9794830456376076
25.82000000036226,164.5997571529814,26.373690321879963,121.60818238066422,57.16588930305616,121.81248687802403,65.40034921605674,0.8825920268893241,0.9209890335798263,1.0,1.0,1.0,0.9790943443775176
25.840000000362924,164.58465888529398,26.38176547623521,122.20513826006743,56.487868695556955,121.82607973673589,65.4466928277088,0.8816177412867546,0.9203569173812866,1.0,1.0,1.0,0.9786347836256026
25.860000000363588,164.5598086236399,26.36478985877068,122.94943204452574,55.96429166045778,121.83920821961227,65.49278533363118,0.880729778110981,0.9198879733681679,1.0,1.0,1.0,0.9775645643472671
25.88000000036425,164.526379176194,26.322874186270944,123.8244196173663,55.6128117626315,121.85186494655424,65.53860082319444,0.880255863070488,0.9193940311670303,1.0,1.0,1.0,0.9763518795371056
25.900000000364916,164.4854768142856,26.256329556937814,124.81175974281231,55.44239319916729,121.86404280265765,65.58411354149226,0.8797557428479195,0.9189994737505912,1.0,1.0,1.0,0.9750870212912559
25.92000000036558,164.43835116330123,26.166134635068587,125.89017726666808,55.453184691268746,121.87573494221273,65.62929790381936,0.8792840138077735,0.9187131524085999,1.0,1.0,1.0,0.9738102316856384
25.940000000366243,164.38641513837968,26.05390467542558,127.03481414283604,55.63792808456434,121.88693479255245,65.67412851005389,0.8792535483837127,0.9186355158686638,1.0,1.0,1.0,0.9730998888611793
25.960000000366907,164.3311675421163,25.92184806717584,128.2184424129829,55.98378798340722,121.8976360577472,65.71858015893581,0.8796286597847939,0.9187025040388107,1.0,1.0,1.0,0.9723886430263519
25.98000000036757,164.2740870588732,25.772600749213076,129.41293228844546,56.47418927152433,121.9078327221441,65.76262786223377,0.8799431934952736,0.9189055606722831,1.0,1.0,1.0,0.9726316958665847
26.000000000368235,164.21660404091702,25.60882855050644,130.59054295793808,57.090313238800675,121.91751905374856,65.80624685879204,0.8801795318722725,0.9192015379667282,1.0,1.0,1.0,0.9730435043573379
26.0200000003689,164.15996784828334,25.43360921344215,131.7250219589874,57.812307282309426,121.92668960744662,65.8494126284498,0.8800340041518211,0.9195497199892998,1.0,1.0,1.0,0.9738350376486777
26.040000000369563,164.10520927523297,25.249880692962307,132.79250657561957,58.62021337715357,121.9353392280658,65.89210090582512,0.8798176437616348,0.9200931087136268,1.0,1.0,1.0,0.9747911781072616
26.060000000370227,164.05315875611015,25.06084134498623,133.7722274962937,59.494567027243306,121.94346305327302,65.93428769395545,0.8795552790164948,0.9207006111741066,1.0,1.0,1.0,0.9758934140205383
26.08000000037089,164.004284822173,24.870484891197137,134.647020718855,60.41514428767359,121.95105651630804,65.97594927778754,0.8797937810420989,0.9212696328759193,1.0,1.0,1.0,0.9764815598726272
26.100000000371555,163.95883784423086,24.684700483274895,135.4036578754863,61.356875249784444,121.95811534855055,66.01706223750854,0.8795995309948921,0.9218592405319214,0.997872069478035,1.0,1.0,0.9770873278379439
26.12000000037222,163.91682844725582,24.508826880390696,136.03300817851505,62.297074440122614,121.96463558191977,66.05760346171145,0.8799598813056946,0.9226753294467925,0.9948878169059753,1.0,1.0,0.9783973187208175
26.140000000372883,163.8790881584057,24.34709541204394,136.53004767796298,63.2175333492746,121.9706135511051,66.09755016038703,0.8804335102438926,0.9234974488615989,0.9919458627700806,1.0,1.0,0.9798182189464568
26.160000000373547,163.84595611915034,24.202762900780595,136.8937344516512,64.10441204462617,121.97604589562653,66.13687987773497,0.8812825724482536,0.9247094631195069,0.9898793905973434,1.0,1.0,0.9809916988015175
26.18000000037421,163.8174763763015,24.07813720894184,137.12676668266505,64.94804791392104,121.98092956172374,66.17557050478744,0.882202136516571,0.9259588092565536,0.988092342019081,1.0,1.0,0.9821607574820518
26.200000000374875,163.7933608397485,23.973784911575976,137.2347806456356,65.74308060218856,121.98526180407275,66.21360029183738,0.8831395149230957,0.9271764785051345,0.9860661566257476,1.0,1.0,0.9835696682333945
26.22000000037554,163.7737834666821,23.889817858834206,137.2241087318369,66.48711238602208,121.98904018732914,66.25094786066508,0.8840561643242836,0.9283902943134308,0.9838553503155708,1.0,1.0,0.9853917375206946
26.240000000376202,163.75911529204743,23.826502863818632,137.10064341432837,67.17870556952677,121.99226258749712,66.28759221655571,0.8848693028092384,0.9294139325618743,0.9815492182970047,1.0,0.9950323075056076,0.9878502458333969
26.260000000376866,163.74980935608923,23.784155186767524,136.87006549883117,67.81705488715197,121.99492719312353,66.32351276010147,0.8855691760778427,0.9302353501319885,0.9795146286487579,1.0,0.9891239285469055,0.9904357567429543
26.28000000037753,163.74621577518656,23.76304270307058,136.53887188452546,68.40241075734315,121.99703250631605,66.35868929878137,0.8861941039562226,0.9310207098722457,0.9777749612927437,1.0,0.9836787939071655,0.9929618254303931
26.300000000378194,163.74853313391066,23.76337028750117,136.11464274092026,68.93587766955098,121.99857734358535,66.39310205831237,0.8867557987570762,0.9317789167165756,0.9762642696499824,1.0,0.9786561831831931,0.995453767478466
26.320000000378858,163.75687734747734,23.7853794667128,135.6054965925985,69.4187415080725,121.99956083651031,66.42673169376532,0.8872808814048767,0.9324986606836319,0.9749606043100356,1.0,0.9740763783454894,0.9978573709726333
26.340000000379522,163.77136452925623,23.82946926952314,135.019507801586,69.85105651074181,121.99998243222619,66.4595593004397,0.8877909928560257,0.9331744700670243,0.9738361597061157,1.0,0.9699228838086128,1.0
26.360000000380186,163.79217159362983,23.896137409817225,134.36441018803535,70.22866744464568,121.99984189373544,66.49156642449064,0.8884106636047363,0.9336938798427582,0.9729319423437118,1.0,0.9663743838667869,1.0
26.38000000038085,163.8195429804088,23.985521321424606,133.64784258011372,70.54344295743876,121.99913930004097,66.52273507330281,0.8893783241510391,0.933977273106575,0.9723190173506736,1.0,0.9634604543447494,1.0
26.400000000381514,163.8537845145888,24.097043146896656,132.87767968806466,70.78511384503969,121.99787504610163,66.5530477256047,0.8906425118446349,0.9341889888048172,0.9719333469867706,1.0,0.960824728012085,1.0
26.420000000382178,163.8951547533836,24.229522124545703,132.06221250715865,70.94283356498589,121.99604984261032,66.58248734131821,0.8920779675245285,0.9343889743089676,0.9719609916210175,1.0,0.9582522392272949,1.0
26.44000000038284,163.94385270113347,24.381393813774515,131.21022121189526,71.00642636701852,121.99366471559438,66.61103737113758,0.89347522854805,0.9346029430627822,0.9720571845769882,1.0,0.9557635471224785,1.0
26.460000000383506,163.9999204063484,24.5501632241524,130.3309857604219,70.96802352330394,121.99072100583884,66.63868176583252,0.8948203027248383,0.9345564872026443,0.9728577703237533,1.0,0.954342857003212,1.0
26.48000000038417,164.06331091625995,24.73205244517217,129.43436154952886,70.82435967407616,121.98722036813271,66.66540498527011,0.8956892222166061,0.9343899577856064,0.9736596792936325,1.0,0.9533087313175201,1.0
26.500000000384833,164.13416923212583,24.922125397904185,128.530919431691,70.57581709746752,121.98316477033879,66.6911920071507,0.8961671203374862,0.934140557050705,0.9745045125484466,1.0,0.9528575345873832,1.0
26.520000000385497,164.21136347718686,25.116043203726644,127.63202924123529,70.22491132387421,121.97855649228734,66.71602833545256,0.8964896738529206,0.9337732374668121,0.9756010979413986,1.0,0.9530886381864547,1.0
26.54000000038616,164.29411836969774,25.31007471896665,126.75001289204701,69.77519753467615,121.97339812449464,66.73990000858069,0.8965469658374786,0.9331756860017776,0.9769047901034354,1.0,0.95408256649971,1.0
26.560000000386825,164.38045301304516,25.500944881044788,125.89797747840902,69.23094670880539,121.96769256670657,66.7627936072153,0.8963328182697295,0.9324716418981552,0.978466036915779,0.9995507568120956,0.955870446562767,1.0
26.58000000038749,164.4682245031219,25.685734015804165,125.09022275247739,68.59784290603196,121.96144302626871,66.78469626185543,0.8958206683397293,0.9316696256399154,0.9802745163440704,0.9984490886330604,0.9585044026374817,0.9984636664390564
26.600000000388153,164.55555765184556,25.862092174569444,124.341529249738,67.88326181999632,121.95465301632322,66.80559566005334,0.8950073689222335,0.9307769507169723,0.9823198080062866,0.9977332070469855,0.9620451509952544,0.9965277731418609
26.620000000388817,164.64052760967817,26.028178608293437,123.66640577688976,67.0965365248015,121.94732635383403,66.82548005333607,0.8939309760928154,0.9298251330852508,0.984417787194252,0.997484566271305,0.9664916947484016,0.9946224391460419
26.64000000038948,164.72131777618097,26.182259334706536,123.07878438946327,66.2492330199714,121.93946715744107,66.84433826380955,0.8927261009812355,0.9288004845380783,0.9864198327064514,0.9977338284254074,0.9720701396465301,0.992516578733921
26.660000000390145,164.7962953524176,26.322677729281214,122.59178451882595,65.3553387840415,121.9310798451451,66.8621596904424,0.8912285342812538,0.9278291225433349,0.9882639050483704,0.9985276594758034,0.9778835415840148,0.9910054445266723
26.68000000039081,164.86405195322993,26.447873585506972,122.21768978487941,64.43072766816239,121.92216913182409,66.87893431502508,0.8895793199539185,0.9269917368888855,0.9896631777286529,0.999880838394165,0.983077822625637,0.9902146756649017
26.700000000391473,164.92348359075456,26.55721791689053,121.96785081974366,63.49175685891382,121.91274002658281,66.89465270780165,0.8877995669841766,0.9261269837617874,0.9911061614751815,1.0,0.9889142826199531,0.989332827925682
26.720000000392137,164.97369692850114,26.650049873178617,121.85208175730422,62.55777009333601,121.90279782993697,66.90930603277064,0.8858839020133018,0.9252704828977585,0.992526538670063,1.0,0.9951754301786422,0.9885237529873847
26.7400000003928,165.01463405439756,26.72533544411085,121.87771029859977,61.65138804928807,121.89234813083357,66.92288605265215,0.8853503793478011,0.9244239151477813,0.9944028735160827,1.0,1.0,0.9860673189163207
26.760000000393465,165.04570167295896,26.781838499810835,122.04858171678237,60.79776618799818,121.88139680350912,66.93538513351832,0.8867888927459716,0.9237979143857956,0.9952625527977943,1.0,1.0,0.9820981726050376
26.78000000039413,165.06672172545328,26.818458919357724,122.36418984849556,60.022595172286465,121.86995000418749,66.94679624908484,0.8878077387809753,0.9231285735964775,0.997149495780468,1.0,1.0,0.979198557138443
26.800000000394792,165.0783123725237,26.834426970276162,122.81916856208554,59.34979151005818,121.85801416761915,66.95711298466061,0.888191844522953,0.9224338009953499,0.9991197526454925,1.0,1.0,0.9765513285994529
26.820000000395456,165.08138957437225,26.82945265448769,123.4041658069672,58.8006162186885,121.84559600346401,66.96632954075379,0.8882026582956314,0.9215863078832626,1.0,1.0,1.0,0.974538742005825
26.84000000039612,165.0770738468293,26.80342329068022,124.10668191012114,58.392865290765684,121.83270249251956,66.97444073633191,0.8883669883012771,0.9211240291595458,1.0,1.0,1.0,0.9738351181149483
26.860000000396784,165.0662628236503,26.756495403700125,124.91184881855403,58.13928684475242,121.81934088279668,66.98144201173437,0.8886426165699959,0.9210154891014098,1.0,1.0,1.0,0.9737166091799736
26.880000000397448,165.04940456846253,26.689008653200766,125.80229387735311,58.045517690265534,121.8055186854452,66.98732943123565,0.8887508615851402,0.9211708918213845,1.0,1.0,1.0,0.9734937041997909
26.900000000398112,165.02650078698554,26.601579112584105,126.75974677209012,58.11053389494259,121.79124367053156,66.99209968525768,0.8889352858066558,0.9210631385445595,1.0,1.0,1.0,0.9731594115495681
26.920000000398776,164.99722785641805,26.4951278688149,127.7655698403008,58.327922079396394,121.77652386267093,66.99575009223044,0.8885318636894226,0.9202340096235275,1.0,1.0,1.0,0.9729011192917824
26.94000000039944,164.96179777818233,26.371000969018635,128.80003758541386,58.68695940798997,121.76136753651618,66.99827860009923,0.8884440436959267,0.9202958256006241,1.0,1.0,1.0,0.9727951183915138
26.960000000400104,164.9208739294357,26.230746775906994,129.84217423498254,59.17343707075736,121.74578321210637,66.99968378747829,0.8885751187801361,0.9205813869833946,1.0,1.0,1.0,0.9735176920890808
26.980000000400768,164.87459887496857,26.07680363968274,130.87065299816493,59.77065643365557,121.72977965007725,66.9999648644499,0.8884612500667571,0.9203383922576904,1.0,1.0,1.0,0.9744341313838958
27.000000000401432,164.82337290739295,25.912344894752025,131.8647837363784,60.46056978534043,121.7133658467365,66.99912167300826,0.8882041648030281,0.92026327252388,1.0,1.0,1.0,0.9754868939518928
27.020000000402096,164.7678246862522,25.740432538710248,132.80533587783077,61.22476511639551,124.79644732944004,66.99715468714847,0.8885765492916107,0.9205977842211723,1.0,1.0,1.0,0.9769243076443672
27.04000000040276,164.70875010447696,25.56411303289782,133.6751966321387,62.04518809551585,132.82049232372435,66.99406501259999,0.888935723900795,0.9209021791815758,0.9990121066570281,1.0,1.0,0.9788167893886566
27.060000000403424,164.64695546618324,25.38715315471646,134.45986905782448,62.90244487888031,132.64105606537814,66.98985438620508,0.8889249190688133,0.9216612488031387,0.9964698150753974,1.0,1.0,0.9811694711446761
27.080000000404088,164.58329665941457,25.21581325924915,135.14781778282742,63.77091362308528,132.46176261447684,66.98452517494245,0.8892434179782868,0.9223866477608681,0.9941816404461861,1.0,1.0,0.9834050118923187
27.10000000040475,164.51863950909356,25.055729423368064,135.73067273313714,64.62759887389666,132.28268330371935,66.97808037459669,0.8897711381316185,0.9231003031134605,0.9919816479086876,1.0,1.0,0.9851698338985443
27.120000000405415,164.4538852751146,24.91056440009776,136.2033032394013,65.45485675897902,132.103889380608,66.97052360807415,0.8907718300819397,0.9245288878679275,0.990586170554161,1.0,1.0,0.9866151332855224
27.14000000040608,164.38980640529434,24.782946382924425,136.56355981056345,66.23965683808589,131.9254519791023,66.96185912336641,0.8918276816606522,0.9263502329587936,0.9888411924242972,1.0,1.0,0.9880942016839981
27.160000000406743,164.32723143794186,24.67452538229969,136.8110219659694,66.97245174587131,131.7474420913181,66.9520917911623,0.8927299588918686,0.9280680447816848,0.987001621723175,1.0,0.9959990203380584,0.9892215386033058
27.180000000407407,164.26773300033074,24.586622189824993,136.94563286413558,67.64641399151517,131.569930539283,66.9412271021098,0.8932625561952591,0.9296764492988586,0.9846264719963074,1.0,0.9900556921958923,0.9907351359724998
27.20000000040807,164.21216752413937,24.52004506344868,136.96793538398617,68.25769764777007,131.3929879467595,66.92927116372958,0.8936850175261497,0.9314238011837005,0.9824231535196304,1.0,0.9842094421386718,0.992349311709404
27.220000000408735,164.16156285288554,24.47488704856925,136.87963298417455,68.80577803734944,131.216684711147,66.91623069698163,0.8941021412611008,0.9326864868402481,0.9805365681648254,1.0,0.9793849661946297,0.9933291003108025
27.2400000004094,164.11654396057375,24.450910811023927,136.68436957025318,69.29289605452348,131.04109097547396,66.90211303248718,0.8942811608314514,0.9336925029754638,0.9785824805498122,1.0,0.9746042102575302,0.9941137939691543
27.260000000410063,164.0775636675564,24.447950905713896,136.38733424913116,69.72240887272658,130.86627660049106,66.88692610640777,0.8945422559976578,0.9341783672571182,0.9770458072423934,1.0,0.9704883828759193,0.9952514797449111
27.280000000410727,164.04477369582136,24.465901225051955,135.99468783090725,70.09577579423298,130.69231113687687,66.87067845598402,0.8957675248384476,0.9345923840999603,0.97625632584095,1.0,0.9665200099349022,0.9971583604812622
27.30000000041139,164.01844683363765,24.504908911145964,135.51276717481628,70.41022048607681,130.5192637975668,66.85337921473646,0.8970555841922759,0.9349590420722961,0.9757057040929794,1.0,0.962993749976158,0.9988826230168342
27.320000000412055,163.99902629437437,24.565245572614867,134.9481308571559,70.65927802124772,130.34720343021644,66.83503810733121,0.8982355773448943,0.9353554904460907,0.9751145362854003,1.0,0.959529149532318,1.0
27.34000000041272,163.9869859383303,24.6466809596489,134.30781641210737,70.83509853511893,130.17619848981013,66.81566544411325,0.8994102194905281,0.9355977833271026,0.9749270856380462,1.0,0.9569273799657821,1.0
27.360000000413383,163.98288944529276,24.7483409112505,133.59923740459675,70.92926472150867,130.00631701142592,66.79527211531054,0.8999738678336143,0.9357755243778229,0.9747875168919563,1.0,0.9548161774873734,1.0
27.380000000414046,163.98687979840955,24.86858615916228,132.83076502933991,70.93289575381036,129.8376265831675,66.77386958491222,0.9003509283065796,0.9357679426670075,0.9750465601682663,1.0,0.9530962914228439,1.0
27.40000000041471,163.99904905130867,25.005774447626173,132.01262376807816,70.83670182715254,129.6701943192739,66.75146988422408,0.90090634226799,0.9356546372175216,0.9753575265407561,1.0,0.9516532808542252,1.0
27.420000000415374,164.01926102341244,25.158154430767226,131.1568014822141,70.6326645040506,129.50408683341792,66.72808560510529,0.9014537543058395,0.9354402303695678,0.9759029179811477,0.998061303794384,0.9507306098937988,1.0
27.44000000041604,164.04636408484205,25.323108235860616,130.27647833414122,70.31587445871241,129.33937021220348,66.70372989289001,0.9019218981266022,0.9350600451231003,0.9766934990882873,0.9961687237024307,0.9504130408167839,1.0
27.460000000416702,164.07898487414616,25.497069921930443,129.3859344329159,69.88613622694373,129.17610998887278,66.6784164389977,0.9022319078445434,0.9344982832670211,0.977748005092144,0.9944167628884315,0.9507766231894493,1.0
27.480000000417366,164.1159393672194,25.675820003550815,128.50015330675706,69.34729490127701,129.01437111723365,66.65215947323668,0.9023159056901932,0.9338059961795807,0.9790985777974128,0.9928812474012374,0.9518860518932343,1.0
27.50000000041803,164.1560029875749,25.85531477675253,127.63471544262217,68.70615673051381,128.85421794581737,66.62497375580487,0.9020995676517486,0.9329907476902007,0.9807551503181458,0.9916293531656265,0.9538181811571121,1.0
27.520000000418694,164.19774542742834,26.031880595923987,126.8055085262225,67.97164831737933,128.6957141922773,66.59687456899245,0.9015342116355896,0.9320627570152282,0.9827192604541778,0.9907098874449729,0.9566541254520416,0.9985907584428787
27.540000000419358,164.23965407762313,26.20211653920875,126.02915637262778,67.15445172581731,128.53892291803854,66.567877708591,0.9006160199642181,0.9310491234064102,0.9848660558462142,0.9901850327849387,0.9604402020573616,0.9966414585709571
27.560000000420022,164.28017454518567,26.362840828107057,125.32270272101715,66.2669132118714,128.38390650320872,66.53799947501398,0.899399995803833,0.9300085604190826,0.9868301793932914,0.9901919975876807,0.9651413589715957,0.9949175894260406
27.580000000420686,164.3178348732067,26.511200799887515,124.7030703742993,65.32308200649464,128.23072662175966,66.5072566641336,0.8978407695889473,0.9289068698883056,0.9889586463570594,0.990611320734024,0.9708823323249817,0.99321069419384
27.60000000042135,164.3514015160311,26.644967939238754,124.18655043796255,64.33880547635611,128.0794442169902,66.47566655783908,0.8960146009922028,0.9278926193714142,0.9908106803894042,0.9915323510766029,0.9765663400292396,0.9921185120940208
27.620000000422014,164.37995416882384,26.762074783432183,123.78829059237302,63.331163115591465,127.93011947727969,66.44324691432169,0.894126495718956,0.9269823402166366,0.9926215916872024,0.9930120095610618,0.982569333910942,0.9910408675670623
27.640000000422678,164.4014134972187,26.86181609709718,123.52172852313956,62.317038465996205,127.78281181214163,66.41001595809222,0.8919970452785492,0.926174110174179,0.9944133877754211,0.9951812371611595,0.9890698373317718,0.9903147175908088
27.66000000042334,164.41475776701125,26.94340741466658,123.39773435688068,61.316185130888165,127.63757982858743,66.37599236973605,0.889944140613079,0.925573080778122,0.9965701788663863,0.9977802664041518,0.9955764830112457,0.9894688650965691
27.680000000424005,164.419417983821,27.005820906536357,123.42350301487602,60.35158158021421,127.49448130780937,66.34119527541203,0.8879946440458297,0.9251219153404235,0.9990048691630363,1.0,1.0,0.9885672718286513
27.70000000042467,164.41523419918045,27.04796793046042,123.60203203277607,59.448495643000896,127.35357318219198,66.30564423610082,0.8863652065396309,0.9241482824087143,1.0,1.0,1.0,0.9872490510344505
27.720000000425333,164.40247575890768,27.06889857736531,123.93148100502393,58.632496711634545,127.21491151266136,66.26935923660876,0.8847560822963715,0.9233046427369117,1.0,1.0,1.0,0.9860198482871055
27.740000000425997,164.38180836933788,27.068005436164558,124.40502821750613,57.927928827647904,127.07855146638103,66.23236067433362,0.8839836686849594,0.9225897401571274,1.0,1.0,1.0,0.9848489746451378
27.76000000042666,164.35416686883576,27.045282407559483,125.01118079239777,57.35669398893302,126.9445472948034,66.19466934779823,0.8829563781619072,0.9220135346055031,1.0,1.0,1.0,0.9837468549609184
27.780000000427325,164.32063219589983,27.001052980981786,125.73480222977368,56.9367801652622,126.81295231208568,66.15630644495873,0.8824968487024307,0.9215108260512351,1.0,1.0,1.0,0.9818748474121093
27.80000000042799,164.28236790264674,26.936217736890065,126.5581521018346,56.67991292075821,126.68381887387851,66.11729353129395,0.8819833174347878,0.9211009308695793,1.0,1.0,1.0,0.9803582549095153
27.820000000428653,164.24066507183937,26.85188832223081,127.46092896136967,56.5895921294399,126.55719835649609,66.07765253768244,0.8814901173114776,0.9207866430282593,1.0,1.0,1.0,0.9791428387165069
27.840000000429317,164.1969409935653,26.74945879752012,128.42024683399436,56.66208198558122,126.43314113647585,66.03740574807415,0.8810458406805992,0.9205754190683365,1.0,1.0,1.0,0.9782120987772941
27.86000000042998,164.1526324282387,26.63032744870109,129.41167659055617,56.88803675884281,126.31169657053597,65.9965757869637,0.8807154327630996,0.9204859629273414,1.0,1.0,1.0,0.9776624962687492
27.880000000430645,164.10908931488518,26.496272324709807,130.4104357228586,57.25405443103096,126.1929129759385,65.95518560667212,0.8806730449199677,0.9205896079540252,1.0,1.0,1.0,0.9780348673462868
27.90000000043131,164.06734761499075,26.349369959337757,131.39243069194566,57.74419445056431,126.07683761126621,65.9132584744443,0.8807107076048851,0.9207884132862091,1.0,1.0,1.0,0.9785525694489479
27.920000000431973,164.02811168248002,26.1919807044892,132.33514018067095,58.34104400503902,125.96351665762053,65.87081795936953,0.8808117508888245,0.9211913347244263,1.0,1.0,1.0,0.979228289425373
27.940000000432637,163.9932500767945,26.026181301305215,133.21833331397704,59.02655718541751,125.85299520024815,65.8278879191322,0.880806390941143,0.9216995552182198,1.0,1.0,1.0,0.9801815867424011
27.9600000004333,163.96291224608834,25.85447137962753,134.0246239278735,59.7827325009414,125.74531721060367,65.78449248660036,0.8806147068738938,0.9222612679004669,1.0,1.0,1.0,0.9814771026372909
27.980000000433964,163.9372774686623,25.67989472527028,134.7398654887526,60.59084006702509,125.64052552885546,65.74065605625962,0.8811977922916412,0.9228312730789184,0.9989831030368804,1.0,1.0,0.9822858646512032
28.00000000043463,163.9164332070112,25.507268134814232,135.3533930805575,61.428230441896595,125.53866184684134,65.69640327049989,0.8823292821645736,0.9234901621937751,0.9966327011585235,1.0,1.0,0.9832435116171836
28.020000000435292,163.9002824880496,25.34164831117159,135.8581235490245,62.27317944113084,125.4397666914814,65.65175900576278,0.8833744451403618,0.9242262676358223,0.9940138101577758,1.0,1.0,0.984545236825943
28.040000000435956,163.88862871295697,25.187120936628197,136.25052683242342,63.10728300325505,125.34387940865417,65.60674835855755,0.8838487714529037,0.9250941008329391,0.9912360608577728,1.0,1.0,0.9862257346510886
28.06000000043662,163.8812542521254,25.047181726513852,136.53048287558929,63.915723688663356,125.2510381475427,65.56139663135315,0.8847424522042274,0.9263667911291122,0.9893159434199332,1.0,1.0,0.9875959500670433
28.080000000437284,163.87786085343208,24.92458366887108,136.700821014286,64.68726116023448,125.16127984545669,65.51572931835463,0.8856588557362556,0.9276460170745849,0.987163770198822,1.0,1.0,0.9892137870192528
28.100000000437948,163.87816929120066,24.82078501022185,136.76593155643786,65.41465831008134,125.07464021313686,65.46977209117178,0.8866054341197014,0.9290023297071457,0.9845825687050819,1.0,0.9987827911973,0.9914639011025428
28.120000000438612,163.88192003303993,24.736704357741104,136.7302978279015,66.09375495846388,124.99115372054725,65.42355078438787,0.8875115692615508,0.9303361117839813,0.9820420205593109,1.0,0.9917804822325706,0.9940431669354438
28.140000000439276,163.8892351336599,24.672754341273993,136.59805316434102,66.72215588227496,124.9108535831612,65.37709138103699,0.8883261606097221,0.9315566956996918,0.9797963857650757,1.0,0.9851905807852744,0.9966277658939361
28.16000000043994,163.9005401252539,24.629304325376452,136.37313325314395,67.29851962283931,124.83377174874643,65.33041999799781,0.8890343219041824,0.9326709032058715,0.9778115645051002,1.0,0.9791043758392334,0.9992400899529457
28.180000000440604,163.91586381992596,24.606770896730357,136.06013146224265,67.82277010876828,124.75993888465446,65.28356287131209,0.8896134555339813,0.9335487186908722,0.976035512983799,1.0,0.9736575916409492,1.0
28.200000000441268,163.9353124079968,24.60563838093736,135.66399730977616,68.29528509170751,124.68938436561949,65.23654634143632,0.8902627468109131,0.9341872990131378,0.97454534471035,1.0,0.9690100565552711,1.0
28.22000000044193,163.95917977213008,24.626621839908225,135.18935571309024,68.71458634160271,124.62213626207154,65.18939683843453,0.8910388439893723,0.9346347361803055,0.9733351722359657,1.0,0.9651074334979057,1.0
28.240000000442596,163.9878990193537,24.67048579135662,134.6404788204569,69.07436628636451,124.55822132896841,65.14214086712083,0.8917566880583763,0.9350419580936432,0.9723597466945648,1.0,0.9618320897221565,1.0
28.26000000044326,164.0219511660016,24.73768388223634,134.02170689898438,69.36439555468773,124.4976649951513,65.09480499215984,0.8927425295114517,0.9353992193937302,0.9717650830745697,1.0,0.9589004442095757,1.0
28.280000000443923,164.06184313315237,24.82781690439848,133.33782287221405,69.57280295033824,124.4404913532276,65.04741582313353,0.894029077887535,0.9358041614294051,0.9713916927576065,1.0,0.9557218566536904,1.0
28.300000000444587,164.10820645360099,24.93882805925995,132.5943095148297,69.6894357123547,124.38672314998568,64.99999999958284,0.8955746918916702,0.9360159039497375,0.9713941782712936,1.0,0.9531480267643928,1.0
28.32000000044525,164.16166848499813,25.06776275151614,131.7976471010527,69.70691527230939,124.33638177734498,64.95258417603239,0.8972149968147277,0.9361261248588562,0.9715786874294281,1.0,0.9509409621357917,1.0
28.340000000445915,164.22265721337985,25.210988331179927,130.95553564589173,69.62021496831716,124.28948726384505,64.90519500700678,0.8980048894882202,0.9360542327165603,0.9720709085464477,1.0,0.9492362216114998,1.0
28.36000000044658,164.2907134116034,25.36478663082165,130.07703145451856,69.42628961308641,124.2460582666772,64.85785913204695,0.8987930119037628,0.9358572423458099,0.9725059047341347,1.0,0.9477158159017562,1.0
28.380000000447243,164.36534222143592,25.52563112839709,129.17276151669884,69.12370094983028,124.20611206426159,64.8106031607349,0.8996035397052765,0.9355482250452042,0.9731323033571243,0.9999089926481246,0.9467590048909187,1.0
28.400000000447907,164.4457440828487,25.690176856917198,128.25489204989717,68.71219079541619,124.16966454937298,64.76345365773523,0.9001845866441727,0.9351499080657959,0.9741402238607406,0.9975942730903625,0.9466889545321464,1.0
28.42000000044857,164.53071795455793,25.855543030878096,127.33713818759038,68.19309376138645,124.13673022281769,64.71643712786202,0.900549241900444,0.9346792876720428,0.9754279345273971,0.9955771178007126,0.9472540378570556,1.0
28.440000000449235,164.61858600546813,26.019268940112802,126.43446799284601,67.56970055664945,124.10732218766438,64.66958000117934,0.900598406791687,0.933963468670845,0.9769497975707053,0.9938560247421264,0.9485745787620544,1.0
28.4600000004499,164.70751656468468,26.178954340653735,125.56274628772375,66.84748451476166,124.08145214403099,64.62290861814365,0.9003322154283523,0.9330841600894928,0.9787427827715873,0.9924581959843635,0.9507132068276405,1.0
28.480000000450563,164.79567047480668,26.33226749088751,124.73791351657076,66.03399983588768,124.05913038442971,64.57644921479674,0.899748794734478,0.9320893198251724,0.9808115214109421,0.9914004400372505,0.9537364587187767,1.0
28.500000000451227,164.88123718024136,26.476702139510333,123.97589269152265,65.13900434661582,124.04036578967214,64.53022790801724,0.8988297134637833,0.9309993505477905,0.9831344306468963,0.9907078266143798,0.9577407464385033,1.0
28.52000000045189,164.96248896833455,26.610158510259485,123.29335982531678,64.17469796081757,124.02516582533598,64.48427068083926,0.8976618126034737,0.9298125177621841,0.9856039047241211,0.9903630778193473,0.9627209559082984,0.9980556666851044
28.540000000452554,165.03768292072215,26.730694511376253,122.70733346022888,63.15562906767497,124.0135365387948,64.43860336784608,0.896257971227169,0.928628009557724,0.9877774506807326,0.990621580183506,0.9686483785510063,0.99592727124691
28.56000000045322,165.10619521286347,26.83621227625741,122.23439966069233,62.09856558985167,124.00548255681213,64.39325164064746,0.8945740133523941,0.9274687945842742,0.9898618891835212,0.9913644045591354,0.9750523447990417,0.9942052885890007
28.580000000453882,165.16552239263095,26.924893313378828,121.89002661495377,61.022392827291206,124.00100708370059,64.34824099344844,0.8928120791912079,0.9263974577188492,0.9915997773408889,0.9925736829638481,0.9811264127492905,0.9928223595023155
28.600000000454546,165.21441671517965,26.99520262417896,121.68793184588925,59.94804085226322,124.00011190004712,64.30359672871802,0.8907573640346527,0.9253723978996277,0.993253569304943,0.9943890109658241,0.9876556158065796,0.9918567106127738
28.62000000045521,165.25196519948818,27.046002719478125,121.63942811449056,58.89774338324801,124.00279736200454,64.25934394296539,0.8885683149099349,0.9244079425930977,0.9949352964758873,0.9968055292963981,0.9946005836129188,0.9909715101122856
28.640000000455874,165.27756946439578,27.07711315939901,121.7525382431158,57.89336118995015,124.00906240114982,64.21550751263219,0.8869206964969635,0.9237694874405861,0.9975742638111114,0.9999350190162658,1.0,0.9895088881254196
28.660000000456538,165.29104733555522,27.088283442789354,122.03073326036271,56.95887973530948,124.01890452490922,64.17211208010832,0.8854579135775565,0.9228652119636536,1.0,1.0,1.0,0.9878277868032455
28.680000000457202,165.2926720121845,27.07911295433985,122.47224399650044,56.119530745379585,124.0323198175499,64.12918203987938,0.8839384958148002,0.9220225915312766,1.0,1.0,1.0,0.9863767340779304
28.700000000457866,165.28316443852376,27.049274758410032,123.06963447778698,55.39952897787321,124.04930294173786,64.08674152481343,0.8824387565255165,0.9212018892168998,1.0,1.0,1.0,0.9858879595994949
28.72000000045853,165.26364620802315,26.998678950787486,123.81001043396425,54.82067527387245,124.06984714066144,64.04481439259486,0.8820670112967491,0.9204710856080055,1.0,1.0,1.0,0.9836072146892547
28.740000000459194,165.23546958104467,26.92762594386476,124.67591814799799,54.40114074983683,124.09394424071947,64.00342421231294,0.8815977096557617,0.9199847340583801,1.0,1.0,1.0,0.9816905751824379
28.760000000459858,165.19994838171408,26.836703661227293,125.64725741160173,54.153212690706624,124.12158465477324,63.96259425121255,0.8811253279447555,0.9196021348237992,1.0,1.0,1.0,0.9800900116562843
28.78000000046052,165.1584129841358,26.726666907040048,126.70243212632134,54.080648205807265,124.15275738596078,63.92234746161473,0.880679477751255,0.9193232208490372,1.0,1.0,1.0,0.9788020327687263
28.800000000461186,165.1123427493295,26.598737838835476,127.81702978948672,54.179501357204984,124.18745003207201,63.882706468014064,0.8802870839834213,0.9191546842455863,1.0,1.0,1.0,0.9778092622756958
28.82000000046185,165.06302343824962,26.454523904609033,128.9646458482915,54.439779617779735,124.22564879048294,63.84369355436053,0.8801070362329483,0.9191607549786568,1.0,1.0,1.0,0.9775612920522689
28.840000000462513,165.01268220445263,26.29580156530811,130.11825771899223,54.84743356906023,124.26733846364722,63.80533065153266,0.880106870830059,0.919320672750473,1.0,1.0,1.0,0.9778638675808906
28.860000000463177,164.96287581799143,26.12425415647845,131.25142621228898,55.38574656881226,124.31250246514252,63.76763932500926,0.8801978960633278,0.9195785403251647,1.0,1.0,1.0,0.9783183366060256
28.88000000046384,164.9145143280191,25.942190186452876,132.33931343285894,56.03642225660336,124.36112282626942,63.730640762746496,0.8803122833371162,0.9199810460209846,1.0,1.0,1.0,0.9789690941572189
28.900000000464505,164.86849019502296,25.751955106821093,133.35951089341788,56.78049546443282,124.41318020320047,63.69435576326718,0.880150756239891,0.9205025121569633,1.0,1.0,1.0,0.9800475478172301
28.92000000046517,164.82554051659534,25.55631542023263,134.29267849319024,57.59903552087076,124.46865388467612,63.658804723969055,0.8805769234895706,0.9210184931755065,1.0,1.0,1.0,0.9806083887815475
28.940000000465833,164.78613628125996,25.358633152857784,135.1230011801285,58.47222299429486,124.52752180024486,63.62400762965847,0.8815694749355316,0.9216017350554466,0.9979281097650528,1.0,1.0,0.9811048209667206
28.960000000466497,164.7505789307655,25.164227622143176,135.83847372578992,59.37605903913148,124.58976052904397,63.58998404131608,0.8825947806239128,0.9223511710762977,0.9951830118894577,1.0,1.0,0.9822671607136726
28.98000000046716,164.71895614043612,24.97847745064525,136.43102681878722,60.28785922587651,124.65534530911769,63.55675308510072,0.8831074982881546,0.9231578409671783,0.9920963436365127,1.0,1.0,0.9838074952363968
29.000000000467825,164.69125362694254,24.805718571002554,136.89650962194375,61.18858972438714,124.72425004726882,63.52433344159778,0.8841660276055335,0.9244905814528465,0.9900042027235031,1.0,1.0,0.9850148200988769
29.02000000046849,164.66730324171428,24.649272304137632,137.2345451630389,62.06317706106943,124.79644732944004,63.492743335318,0.8853093907237053,0.9258638948202133,0.987783744931221,1.0,1.0,0.9864004850387573
29.040000000469153,164.64762771257364,24.51128141781754,137.447819782816,62.901225913119475,124.87190843162072,63.462000524452684,0.8865353971719742,0.9272654831409454,0.9851914927363395,1.0,1.0,0.9881329327821731
29.060000000469817,164.632184914276,24.39301671705538,137.5399786860061,63.696260888730265,124.95060333127488,63.43212229089103,0.8877931833267212,0.9287769436836243,0.9822685331106186,1.0,0.9942531123757362,0.9906447723507881
29.08000000047048,164.62112952656275,24.29540698842517,137.51461711069854,64.4438870522073,125.03250071928576,63.40312543050523,0.888923479616642,0.9298668950796127,0.9795558989048003,1.0,0.9867241069674492,0.9935126751661301
29.100000000471145,164.61433769445463,24.219323458386565,137.37525777406117,65.14102868215929,125.11756801241242,63.37502624370873,0.8899518698453903,0.9307709693908691,0.9771201089024544,1.0,0.9797038584947586,0.9965402096509933
29.12000000047181,164.6118342296055,24.165519142077596,137.12637979865633,65.78622597103485,125.20577136625292,63.34784052629313,0.8909168839454651,0.9316369384527207,0.9750119373202324,1.0,0.9732906386256217,0.9994844660162925
29.140000000472472,164.61378189113964,24.134403948867618,136.7732995438784,66.37913575082771,125.29707568870967,63.32158356054859,0.8920185163617134,0.9322624206542969,0.9733155250549316,1.0,0.9679637491703033,1.0
29.160000000473136,164.62040605424588,24.12683421869694,136.3214335289921,66.91884570734538,125.39144465395086,63.296270106673006,0.8930933177471161,0.9327027589082718,0.9721333995461463,1.0,0.9641259148716926,1.0
29.1800000004738,164.632026274021,24.143852545583858,135.77574207813018,67.39977295175993,125.48884071686284,63.27191439447469,0.894209425151348,0.9331438392400742,0.9711557298898696,1.0,0.9604540377855301,1.0
29.200000000474464,164.6491014381767,24.186278946679657,135.14094066274052,67.81078846511954,125.58922512798773,63.24853011537313,0.8954762727022171,0.9336771249771117,0.9704640328884124,1.0,0.9565058931708336,1.0
29.220000000475128,164.67213227724798,24.254371137246036,134.42195924593815,68.13701872356977,125.69255794893995,63.22613041470242,0.8968965649604798,0.9340483963489532,0.9701161280274391,1.0,0.9532029673457145,1.0
29.240000000475792,164.70165470612739,24.3474067693084,133.62447350229561,68.36292463492127,125.79879806829592,63.20472788432174,0.8989374041557312,0.934294256567955,0.9700643837451934,1.0,0.9501434609293937,1.0
29.260000000476456,164.73801670801961,24.462911391501528,132.7555422257432,68.47674066805102,125.90790321795043,63.1843345555369,0.9012172818183899,0.934423977136612,0.9702347666025162,1.0,0.9474672377109528,1.0
29.28000000047712,164.78128733149276,24.596996734610613,131.82417411062607,68.47150183401322,126.01982998993319,63.16496189233698,0.9037669718265533,0.9343552768230438,0.970533001422882,0.9974015429615974,0.94494469165802,1.0
29.300000000477784,164.8312193940148,24.745273757219465,130.8413096327134,68.3435291193135,126.13453385367889,63.146620784949974,0.9062941536307335,0.9340838462114334,0.9711612373590469,0.9934284448623657,0.942769657075405,1.0
29.320000000478448,164.88752937496454,24.903474335140277,129.81978154716657,68.09096304176981,126.25196917374386,63.12932154372084,0.9074936687946319,0.9340138405561447,0.9718037694692612,0.9908426791429519,0.9413529008626937,1.0
29.34000000047911,164.94927297469593,25.067068826963855,128.77431360464763,67.71360865790696,126.3720892279624,63.11307389331568,0.9076290935277939,0.9339888870716094,0.9726781249046326,0.9893240034580231,0.9411150515079498,1.0
29.360000000479776,165.01470082647623,25.232804680749087,127.72133551731385,67.2129419989356,126.49484622603532,63.097886967255,0.9076206356287002,0.93394276201725,0.9737648218870163,0.9879054859280586,0.9412821039557456,1.0
29.38000000048044,165.082114489129,25.397682425028897,126.67882837300822,66.59224846180116,126.62019132854356,63.08376930277943,0.9071685135364532,0.9338620632886886,0.9754232630133628,0.9867168292403221,0.9426597088575362,1.0
29.400000000481104,165.148530167466,25.558922596750907,125.66692112476115,65.85663942249812,126.74807466637915,63.070728836050506,0.9065669432282447,0.9337522447109222,0.9772679924964904,0.9856847867369651,0.9445001646876335,1.0
29.420000000481767,165.21101396123683,25.713821112081593,124.70782970412738,65.01322315691206,126.87844536058596,63.05877289768942,0.9056781530380249,0.9336558014154434,0.9793675675988197,0.9848104804754256,0.946823064982891,1.0
29.44000000048243,165.2670585993282,25.859975171543805,123.82399109560406,64.07156906668409,127.01125154260193,63.04790820865618,0.9048212319612503,0.9333624035120011,0.9820644214749336,0.9842410162091255,0.9503012999892234,0.997695942223072
29.460000000483095,165.31460134485428,25.995357414218287,123.03669501169652,63.044121976306094,127.14644037489538,63.038140876471424,0.9042276099324226,0.9325602084398269,0.9859684213995933,0.984314303100109,0.9561864867806434,0.9941072404384612
29.48000000048376,165.35195674774198,26.118361069902832,122.36563204658658,61.94595736910001,127.28395807198658,63.02947639178315,0.9035457521677017,0.9315100342035293,0.9896225422620772,0.9846539512276649,0.9631293848156929,0.990979753434658
29.500000000484423,165.37783447490273,26.227593938812035,121.82896370460682,60.79479054005421,127.42374992184655,63.021919625280134,0.9027083083987236,0.9301528990268707,0.9933885380625724,0.985125832259655,0.9712438404560089,0.988077437877655
29.520000000485087,165.3913112456307,26.321947966913484,121.44282462914146,59.61041107177505,127.5657603076645,63.01547482495396,0.9017944484949112,0.9287430137395859,0.9964639544487,0.9858028396964073,0.9782095551490784,0.9863022983074188
29.54000000048575,165.39178078834166,26.40089006022902,121.22095905129694,58.41340378720883,127.70993272997522,63.01014561371099,0.9008057326078415,0.9270752966403961,0.9995414942502975,0.9865906491875648,0.9857144430279732,0.9845353215932846
29.560000000486415,165.3787641126507,26.464926232786862,121.17500778792045,57.22392869186249,127.85620982913761,63.005934987335785,0.8993849039077758,0.9254384070634841,1.0,0.9877132833003998,0.9931816413998603,0.9833607420325279
29.58000000048708,165.35171603696637,26.513916398511864,121.31480597826274,56.066763604079185,128.00453340815554,63.00284531280704,0.8975166201591491,0.9244302049279213,1.0,0.9896823152899742,1.0,0.9822474777698517
29.600000000487743,165.31017751099714,26.547183705327306,121.64683690124919,54.97169010302375,128.15484445583172,63.00087832696702,0.8948200613260269,0.9244157031178474,1.0,0.9928054392337798,1.0,0.9814041510224342
29.620000000488407,165.2538296218741,26.563497836551296,122.17297739483286,53.97151731049165,128.3070831702456,63.00003513554516,0.8927112370729446,0.9235458314418793,1.0,0.9966235995292663,1.0,0.981140150129795
29.64000000048907,165.1826871762523,26.561323458958192,122.88918198791376,53.09826733439675,128.4611889825458,63.00031621253654,0.8913916617631912,0.9226314172148704,1.0,1.0,1.0,0.9816979691386223
29.660000000489735,165.09722109134898,26.539010109293944,123.784757171615,52.38105060965754,128.61710058104777,63.001721399935384,0.8894419640302658,0.9215762451291084,1.0,1.0,1.0,0.9823864296078682
29.6800000004904,164.99867861320442,26.49511780404135,124.84038970929005,51.844175344313555,128.7747559356268,63.00424990782392,0.8876852691173553,0.9205183193087577,1.0,1.0,1.0,0.9826328799128532
29.700000000491062,164.88911205288002,26.428975712627786,126.02855110040798,51.50474895946332,128.93409232239716,63.00790031481639,0.886449347436428,0.9195318698883056,1.0,1.0,1.0,0.9819547146558761
29.720000000491726,164.77124226023398,26.340910144704033,127.31509936544359,51.36917719559235,129.0950463486668,63.01267056885812,0.8853603214025497,0.9187118917703628,1.0,1.0,1.0,0.9809151709079742
29.74000000049239,164.64815653130069,26.23111085415748,128.66137460836092,51.43609600534215,129.2575539781588,63.018557988379015,0.8847555860877037,0.9188855290412903,1.0,1.0,1.0,0.9791450291872024
29.760000000493054,164.5229247936123,26.099144200553372,130.02701912598928,51.700325298098,129.42155055648803,63.02555926380104,0.8842359483242035,0.9191754758358002,1.0,1.0,1.0,0.9775717571377753
29.780000000493718,164.39848504399114,25.947573176603445,131.37330454034952,52.1437458178718,129.5869708368846,63.03367045939865,0.8840007051825524,0.9192465767264366,1.0,1.0,1.0,0.9763459160923957
29.800000000494382,164.2775528480517,25.780505972354362,132.66470536849945,52.74039618845328,129.75374900615236,63.04288701551123,0.8840754896402359,0.9194101244211197,1.0,1.0,1.0,0.9752725809812546
29.820000000495046,164.16254740424412,25.600810246334436,133.8698163702966,53.46555140979766,129.921818710853,63.053203751106324,0.8841673105955123,0.9196943759918212,1.0,1.0,1.0,0.9750110432505608
29.84000000049571,164.05540520690462,25.41129326656432,134.96203563155152,54.295262628439716,130.09111308370504,63.06461486669204,0.8850473836064339,0.9199669063091278,1.0,1.0,1.0,0.9745273873209953
29.860000000496374,163.95750398919614,25.214852109232663,135.92002348746144,55.20650177986777,130.2615647701874,63.0771139475773,0.8864329546689987,0.9202563881874084,1.0,1.0,1.0,0.9745136141777038
29.880000000497038,163.8697370184729,25.014825403352067,136.72795194727587,56.17781798578246,130.43310595533657,63.09069396747775,0.8879966959357262,0.9205662772059441,1.0,1.0,1.0,0.9745171591639519
29.900000000497702,163.79244216067997,24.814488911000385,137.37556212483332,57.189701193735964,130.60566839072715,63.10534729246555,0.8895556896924972,0.920954093337059,1.0,1.0,1.0,0.9748098015785217
29.920000000498366,163.725433728424,24.616986080338148,137.85804842417033,58.22477574041639,130.77918342162474,63.121065685260795,0.8909323468804359,0.9215012952685356,1.0,1.0,1.0,0.9757650166749954
29.94000000049903,163.66805596843614,24.425158869231876,138.1757886411404,59.26776255542468,130.95358201430062,63.13784030986198,0.8925807565450669,0.922213989496231,0.9968092039227485,1.0,1.0,0.97673691958189
29.960000000499694,163.61987734686647,24.24184683157077,138.3339398058243,60.305566247991635,131.12879478349706,63.15566173651315,0.8947452321648598,0.9234180554747581,0.9940281957387924,1.0,1.0,0.9776980847120285
29.980000000500358,163.57990856720377,24.069797588125383,138.34192156589503,61.32715812474857,131.30475202003254,63.17451994700479,0.8968860819935799,0.9244419038295746,0.9905832827091217,1.0,1.0,0.9792460903525352
30.00000000050102,163.54590441858304,23.912041607212746,138.21280730582382,62.320225415943895,131.4813837185359,63.19440434030546,0.8989072293043137,0.9251226931810379,0.9873332768678664,1.0,0.9981862500309944,0.9814611256122588
30.020000000501685,163.51560856683017,23.774473498504697,137.96264488582813,63.26481319043962,131.65861960529836,63.21530373852114,0.9008375704288483,0.9264954924583435,0.9839443370699882,1.0,0.9881558567285538,0.9851604282855987
30.04000000050235,163.48692675686317,23.66117221830106,137.60904341774867,64.14736960257623,131.836389166232,63.2372063931788,0.9027098596096038,0.9281254887580871,0.9814139008522034,1.0,0.9791972160339355,0.9888163641095161
30.060000000503013,163.45813869496158,23.573631751829762,137.16808166979555,64.96242047702424,132.0146216749244,63.26009999183075,0.9047059416770935,0.929480129480362,0.9795696094632148,1.0,0.971691907942295,0.9921539038419723
30.080000000503677,163.42783810106,23.511887798469985,136.65372391297691,65.70986873671137,132.1932462207772,63.283971664975965,0.9063410386443138,0.930722662806511,0.9783715829253197,0.9985170960426331,0.9659958034753799,0.994642162322998
30.10000000050434,163.39497997751238,23.475459429515237,136.0772116144431,66.39153870912443,132.37219173721837,63.308807993294664,0.9078073889017105,0.9319137871265412,0.9772781178355217,0.9962696149945258,0.9607510074973106,0.9973551541566849
30.120000000505005,163.35890524668903,23.464072124024387,135.44705294073148,67.00633487252843,132.5513870299763,63.334595015191866,0.9092147976160049,0.9329516321420669,0.9765014171600341,0.9940120041370392,0.9562796980142593,0.9999784708023071
30.14000000050567,163.3193465739823,23.478414089605685,134.76921397405988,67.5439698527522,132.73076080540466,63.3613182346458,0.9105171397328377,0.9338915139436722,0.9758988946676254,0.9918623879551887,0.9523803561925888,1.0
30.160000000506333,163.27628506353085,23.519540125416043,134.04846140013436,67.98724626861853,132.91024169884716,63.388962629356804,0.9117532402276992,0.9347263693809509,0.9754743188619613,0.9897942572832107,0.9490221410989761,1.0
30.180000000506997,163.22978815454462,23.587925375993716,133.28987972386196,68.31686681366422,133.08975830302998,63.41751265919197,0.9129701048135758,0.9354430645704269,0.9752461791038513,0.9877727255225182,0.9461782932281494,1.0
30.20000000050766,163.17995793501848,23.682942128720967,132.50050195985557,68.51557555641207,133.26923919647172,63.44695227492099,0.9153190538287163,0.9357140570878982,0.9754875868558883,0.9852482706308364,0.9437849402427673,1.0
30.220000000508325,163.12692874163872,23.803103614707936,131.6896150027989,68.56907247085331,133.4486129718986,63.477264927238096,0.9163555175065994,0.9355925619602203,0.9765509933233261,0.983634877204895,0.943281690776348,1.0
30.24000000050899,163.07087905646847,23.945761386466923,130.86852538274113,68.46754006898826,133.62780826465425,63.508433576065165,0.9178382605314255,0.935279905796051,0.9776350617408752,0.9823148772120476,0.9433074802160263,1.0
30.260000000509653,163.011952314229,24.106777637597496,130.05000827228727,68.20809880885852,133.80675378109243,63.540440700130716,0.9196020722389221,0.9352656632661819,0.9793385684490203,0.9813454687595367,0.9439266145229339,1.0
30.280000000510316,162.9502155055892,24.2817554074657,129.24776280109694,67.79345635479498,133.98537832694151,63.57326830681936,0.9214550629258156,0.9356302559375763,0.9822412908077239,0.9809950113296508,0.9454745352268219,1.0
30.30000000051098,162.88545350549282,24.46621697156147,128.47616791225929,67.2301835323657,134.16361083562944,63.60689794228627,0.9225210040807724,0.9360076874494553,0.9860714763402938,0.9808436542749405,0.9487488776445389,1.0
30.320000000511644,162.81753519012625,24.655643062520827,127.7506950627557,66.5278913317491,134.3413803965579,63.641310701830875,0.9229778736829758,0.9364100903272629,0.9901029258966445,0.9807904124259949,0.9525905698537827,0.9965446263551712
30.34000000051231,162.74547340989866,24.84539228873198,127.0877729610238,65.6996613183471,134.51861628331437,63.67648724052404,0.9227819293737411,0.936836713552475,0.9942827910184859,0.9808391705155373,0.957027493417263,0.9926340594887733
30.360000000512972,162.66831086202396,25.031940550161696,126.50384505611363,64.76162050600355,134.69524798181106,63.71240778408271,0.921996945142746,0.9373464852571487,0.9979589954018593,0.9811415806412697,0.9618649333715439,0.989123436808586
30.380000000513636,162.58400861840778,25.212092581275325,126.01533824161409,63.73250649445504,134.87120521833913,63.74905213998589,0.9204793691635131,0.9375972718000412,1.0,0.9815776854753494,0.9671806380152702,0.9861788541078567
30.4000000005143,162.49010336646583,25.383134377159934,125.63920121558813,62.63379467297318,135.0464179875274,63.786399708825776,0.9184279441833496,0.9366545021533966,1.0,0.9819768607616424,0.9746912479400635,0.9834601536393165
30.420000000514964,162.38436267914742,25.54330370054155,125.39267313039808,61.4895342216091,135.22081658019442,63.824429495887536,0.9166153788566589,0.9351545482873916,1.0,0.9825789228081703,0.9826178595423698,0.9815081894397735
30.440000000515628,162.26459162230796,25.692382802183133,125.29181891276077,60.32432332221888,135.3943316110824,63.86312012295144,0.9148969992995262,0.9334421634674072,1.0,0.9833826377987861,0.9898494437336921,0.9801985785365104
30.460000000516292,162.12905995762506,25.83003850748402,125.34980207864511,59.16598767545435,135.56689404646266,63.90244984031044,0.9128445729613304,0.9316209256649017,1.0,0.9841209873557091,0.9972553983330726,0.9794002413749694
30.480000000516956,161.9768973579587,25.95568753614458,125.57465195771402,58.0450118094627,135.7384352316008,63.94239653899667,0.9110549673438072,0.9297119706869125,1.0,0.984910625219345,1.0,0.9802892729640007
30.50000000051762,161.8084791936193,26.068158347029108,125.96679982643852,56.993337095228014,135.90888691807143,63.98293776320985,0.9087828010320663,0.9285043329000473,1.0,0.986210012435913,1.0,0.9808292910456657
30.520000000518284,161.62606120673465,26.166232404765744,126.51777507065805,56.04414635348722,136.078181290911,64.02405072294071,0.9047064200043679,0.9279996216297149,1.0,0.989299027621746,1.0,0.981429386138916
30.540000000518948,161.43230340481202,26.247970941254383,127.21128960323571,55.229618869550414,136.24625099559847,64.06571230678223,0.9014662846922874,0.9271696388721465,1.0,0.99350246489048,1.0,0.9820914044976234
30.56000000051961,161.22984079314423,26.310959945095956,128.0248902638308,54.577995576082536,136.4130291648524,64.1078990949216,0.8991847485303879,0.926429259777069,1.0,0.9983907908201217,1.0,0.9828116983175277
30.580000000520275,161.0223734922359,26.351885523906372,128.93170693924807,54.11498315708857,136.5784494452344,64.15058737230552,0.8978484943509102,0.9256371051073075,1.0,1.0,1.0,0.9830852970480919
30.60000000052094,160.8136669895442,26.36472745436527,129.90198549673158,53.865389629956496,136.74244602354844,64.19375314197148,0.8960744857788085,0.9246739998459815,1.0,1.0,1.0,0.9832531452178954
30.620000000521603,160.6074984949022,26.3480394584343,130.90403502005074,53.83322020845542,136.90495365302448,64.23737213853751,0.8950130105018616,0.9239774569869041,1.0,1.0,1.0,0.9827901065349578
30.640000000522267,160.40782454720926,26.304738330442373,131.90451805875918,54.00421067805611,137.0659076792776,64.28141984184279,0.8941813603043556,0.9235087141394615,1.0,1.0,1.0,0.982032623887062
30.66000000052293,160.21848172885475,26.239847733727316,132.8692920047723,54.353347112640726,137.22524406603068,64.32587149073161,0.8933016002178192,0.9233062699437141,1.0,1.0,1.0,0.9814169406890869
30.680000000523595,160.04281976468752,26.158897060525515,133.76518938890527,54.85082612213319,137.38289942059183,64.37070209697256,0.8930077597498893,0.9232929706573486,1.0,1.0,1.0,0.9805068895220757
30.70000000052426,159.88347172861117,26.066819206056813,134.56321334322595,55.46655614964409,137.5388110190752,64.41588645930568,0.8936828806996345,0.9238228410482406,1.0,1.0,1.0,0.979020570218563
30.720000000524923,159.74249848027833,25.966663899162274,135.24034072372004,56.173834897204244,137.69291683135623,64.46139917760905,0.8947070196270942,0.9239951595664024,1.0,1.0,1.0,0.9783715695142745
30.740000000525587,159.6211675001942,25.859367566160252,135.77984705994865,56.95312222039757,137.84515554575026,64.50721466717742,0.8967334821820259,0.9241256982088089,1.0,1.0,1.0,0.9784474179148673
30.76000000052625,159.51992469419883,25.745744873719726,136.17123302823674,57.78694984350371,137.99546659340595,64.55330717310444,0.8994263082742691,0.9237885981798172,1.0,1.0,1.0,0.978985460102558
30.780000000526915,159.43843316993602,25.627078401715277,136.40999224702446,58.65891780043791,138.1437901724028,64.59965078476068,0.9032159253954887,0.9241494983434677,1.0,1.0,1.0,0.979769268631935
30.80000000052758,159.37544998374486,25.50515732312661,136.49723301873314,59.554189785546,138.29006727154348,64.6462194503591,0.9073768854141235,0.9255506753921509,1.0,0.9992772743105888,1.0,0.9808042436838149
30.820000000528243,159.33003601908794,25.381843079977568,136.43916848527442,60.45983323364322,138.43423969383187,64.69298699159991,0.9105407252907752,0.9270265340805054,1.0,0.9962076738476753,1.0,0.9824731230735778
30.840000000528907,159.29963306158263,25.259187450183052,136.24649309659992,61.36464359147425,138.57625007962693,64.73992711838656,0.9150633454322815,0.9293910175561905,1.0,0.9934047073125839,1.0,0.9840220987796783
30.86000000052957,159.28091025653012,25.14002905637831,135.93366678273355,62.257016551608444,138.71604192946342,64.78701344360456,0.919028177857399,0.9307480454444885,1.0,0.9909132212400436,0.9933788731694221,0.9854491680860519
30.880000000530234,159.2699885330209,25.029030599574053,135.51812915202447,63.120865983757206,138.85355962653054,64.83421949795483,0.9234425753355026,0.9325812548398972,0.9992735773324966,0.9888477236032486,0.9850697562098503,0.9880479738116263
30.9000000005309,159.2625000057822,24.929981757867758,135.01956656548717,63.94331269194965,138.98874845879936,64.88151874483327,0.9268829375505447,0.933777904510498,0.9966979503631591,0.986573402583599,0.9764136731624603,0.9914752691984177
30.920000000531562,159.25374925736912,24.846108165832945,134.45972439088038,64.71580964444328,139.12155464079015,64.92888459524818,0.9293098986148834,0.9349783182144165,0.9948489695787429,0.9846096187829971,0.9695563018321991,0.9942381009459496
30.940000000532226,159.23905129902235,24.780402986639334,133.86263632273298,65.43281177945298,139.2519253349712,64.97629042276701,0.9319144129753113,0.9364147216081619,0.9940994709730148,0.9828323736786841,0.964327710866928,0.9966809451580048
30.96000000053289,159.21375303977052,24.73562930256034,133.25346914498766,66.09057689359635,139.3798086727805,65.02370957848437,0.9337147384881973,0.9376416802406311,0.9932554557919502,0.9814938127994537,0.9597912058234215,0.9986504063010215
30.980000000533554,159.17348820587537,24.71394595677773,132.65692769427986,66.68257433218527,139.50515377526196,65.0711154060025,0.9355883955955505,0.9393145024776458,0.9933328419923781,0.9808663010597228,0.9565789252519608,1.0
31.000000000534218,159.11445418392142,24.717472320281882,132.09510927959533,67.19599125304639,139.62791077330755,60.69104628662887,0.9359816610813141,0.9406238406896591,0.9931098252534866,0.9805928587913513,0.9541282221674919,1.0
31.020000000534882,159.03389541395623,24.748038182629674,131.5855520627434,67.6122173923099,139.74803082749827,63.04053544588083,0.9363162666559219,0.9414859920740127,0.9939916506409645,0.9806447327136993,0.953575910627842,1.0
31.040000000535546,158.9302241448591,24.80655150348699,131.1414726217337,67.91155565206414,139.86546614753493,63.08106349090184,0.9365634322166443,0.9419190526008606,0.9955978021025658,0.9809047818183898,0.9541186824440956,1.0
31.06000000053621,158.80278532557946,24.892761445047267,130.77263507027686,68.07694470961297,139.98017001125183,63.12157673555447,0.9369028300046921,0.9420400202274323,0.9978988021612167,0.980706588923931,0.9550701603293419,1.0
31.080000000536874,158.65186403172947,25.00507857959556,130.48525558769796,68.09600860075409,140.0920967832053,63.16206778303235,0.9364236354827881,0.9418424755334854,0.9994475230574608,0.9805676817893981,0.9556673005223274,1.0
31.100000000537538,158.4784331681378,25.141107236783988,130.2822767594244,67.9628359538263,140.20120193283006,63.20252924058181,0.9367769986391067,0.9419893711805344,1.0,0.9804052963852882,0.9565122053027153,1.0
31.1200000005382,158.28424525331596,25.297317913864223,130.16334789270942,67.67899760039415,140.30744205215586,63.24295372085165,0.9364265322685241,0.941698145866394,1.0,0.9802117660641669,0.9574039548635482,1.0
31.140000000538866,158.07157393945468,25.46929135178094,130.1259552235099,67.25319537695974,140.41077487307746,63.283333843241884,0.9359571993350982,0.9414759695529937,1.0,0.9800387322902679,0.9584905758500099,1.0
31.16000000053953,157.84360165291696,25.652444745203308,130.1664633240827,66.69997344729087,140.5111592841713,63.32366223525128,0.9340548247098922,0.9409628808498383,1.0,0.9800584375858307,0.9615815356373787,0.9998312309384345
31.180000000540193,157.60306692348638,25.842180328365007,130.28082270854244,66.03783937644236,140.60855534705186,63.36393153382338,0.9323921859264374,0.940686810016632,1.0,0.9802455306053162,0.9651003435254096,0.9966678202152252
31.200000000540857,157.35178320045685,26.03430731297271,130.46367891984812,65.28721730160368,140.70292431226116,63.40413438669092,0.9301347672939301,0.9402930259704589,1.0,0.9805472075939178,0.9686685130000114,0.9934846237301826
31.22000000054152,157.0925693751828,26.22491977982553,130.70747164701223,64.46929216796288,140.79422863468568,63.44426345371805,0.9278272718191146,0.9400485336780547,1.0,0.9810692727565765,0.9734416961669922,0.9908570915460586
31.240000000542185,156.82831011755908,26.41084950485322,131.00234739448305,63.60515561996982,140.88243198849358,63.484311408240615,0.9245608910918236,0.939022034406662,1.0,0.9816127151250839,0.9789946869015693,0.9880657076835632
31.26000000054285,156.5620207678153,26.58909104946014,131.33667283429236,62.714991140879775,140.96749928158727,63.524270938403745,0.9221416369080543,0.9378312230110168,1.0,0.9824995920062065,0.9852619186043738,0.9863045468926429
31.280000000543513,156.2969073577239,26.757898611909855,131.69753071716778,61.81779477362582,141.04939666956483,63.56413474849687,0.9195209264755249,0.9368927806615829,1.0,0.9840794175863266,0.9909876838326453,0.9855176225304603
31.300000000544177,156.03626885757976,26.915737635741174,132.07121386640938,60.934584432291196,141.12809156918533,63.60389556028575,0.9169935032725334,0.9365747779607773,1.0,0.986284452676773,0.9966401889920234,0.9846489310264587
31.32000000054484,155.78396211099567,27.060755658273624,132.4437265800419,60.08815371577943,141.20355267133203,63.64354611434133,0.9149208664894104,0.9362009584903717,1.0,0.9885328993201256,1.0,0.9839101344347
31.340000000545505,155.5439460030014,27.190917938597465,132.80122862445495,59.30259956084383,141.27574995346896,63.68307917136514,0.9133849263191223,0.935591971874237,1.0,0.9905865505337714,1.0,0.9835041105747222
31.36000000054617,155.31832393410394,27.304002349949656,133.13051254305364,58.602555791196274,141.34465469158553,63.72248751351097,0.9122294217348098,0.9351109445095062,1.0,0.9924639895558357,1.0,0.9832697704434394
31.380000000546833,155.10944808157163,27.39778985466762,133.41916867480282,58.011677292582725,141.41023947162438,63.76176394570281,0.9122981488704681,0.9348510563373565,1.0,0.9941981896758079,1.0,0.9830220282077788
31.400000000547497,154.91981494979257,27.471109734264502,133.65549663188304,57.55054967499649,141.4724782003884,63.80090129694839,0.9130802273750305,0.9344011515378952,1.0,0.9957827404141426,1.0,0.9827415943145752
31.42000000054816,154.75130033866375,27.52335974625531,133.82862541529428,57.23527520592833,141.53134611592174,63.839892421648514,0.9140660285949707,0.9338528096675872,1.0,0.9970644205808639,1.0,0.9826806411147118
31.440000000548824,154.60512499891783,27.55460043795154,133.92911810650392,57.07543088022938,141.58681979736178,63.87873020090164,0.9147964656352997,0.9332782089710235,1.0,0.9975152865052223,1.0,0.983093848824501
31.46000000054949,154.48176983626223,27.565448253861266,133.94968259781322,57.07266087506597,141.638877174257,63.91740754380367,0.9160381004214286,0.9326352655887603,1.0,0.9971508592367172,1.0,0.9829056158661842
31.480000000550152,154.38092097752812,27.557071104953682,133.8856880007169,57.22176409499513,141.68749753534786,63.95591738874257,0.917317035794258,0.9321004420518875,1.0,0.9962818682193756,1.0,0.9828802108764648
31.500000000550816,154.30134155653278,27.531154791611627,133.7354549150419,57.512316082008375,141.73266153680692,63.994252704687646,0.9188788011670113,0.9317434310913085,1.0,0.9949564367532729,1.0,0.9832596898078918
31.52000000055148,154.24089678121413,27.489705691121518,133.50038208742168,57.93014353203806,141.7743512099348,64.0324064924733,0.9202620789408683,0.9318046927452087,1.0,0.9937219947576522,1.0,0.9842191696166992
31.540000000552144,154.19675259184012,27.435107258433145,133.18504594964563,58.457994229592764,141.81254996830913,64.07037178607685,0.9222084507346153,0.9325578838586807,1.0,0.9928788155317306,1.0,0.9856549516320228
31.560000000552808,154.16563563620238,27.37043509530312,132.7973708744042,59.075369053628336,141.84724261438362,64.10814165389044,0.9246478080749512,0.933593001961708,1.0,0.9917527526617049,1.0,0.987288774549961
31.580000000553472,154.14396282481633,27.29782351216815,132.34855546395298,59.76385752149337,141.87841534553428,64.14570919998656,0.9277827382087708,0.9343930423259735,1.0,0.9905539259314536,1.0,0.9886193111538887
31.600000000554136,154.12798695781407,27.21978819659363,131.85263873682743,60.50425132901112,141.90605575955107,64.18306756537706,0.9309965789318084,0.9352697491645813,1.0,0.9892541319131851,1.0,0.9900637567043304
31.6200000005548,154.11394027055348,27.14108444301466,131.3258311537847,61.27177697131818,141.930152859572,64.22020992926551,0.9341379821300506,0.936213332414627,1.0,0.9879159733653068,1.0,0.9916166931390762
31.640000000555464,154.09822063584917,27.066232530117944,130.78548883248882,62.04388626363088,141.95069705845836,64.25712951029249,0.9370821624994278,0.9371905148029327,1.0,0.9866051241755485,0.9994203746318817,0.9932434752583503
31.660000000556128,154.0774263457068,26.999084199947973,130.249042420785,62.80228949324879,141.96768018260906,64.2938195677737,0.9393649280071258,0.9382198482751846,1.0,0.985376739501953,0.9956991851329803,0.9948401942849159
31.68000000055679,154.0483738236748,26.942539620222146,129.73335039255866,63.532982218754114,141.98109547521238,64.33027340293067,0.9416085690259933,0.9396905839443207,1.0,0.9843314602971076,0.990625724196434,0.996791210770607
31.700000000557456,154.00809342751074,26.898830714018498,129.25410678581576,64.22628687949177,141.9909375989344,64.36648436011383,0.9435417711734772,0.9411312341690063,1.0,0.9834929972887039,0.9857102498412131,0.9988945409655571
31.72000000055812,153.9538183707104,26.86955084822896,128.82532899412925,64.87601381592806,141.99720263804227,64.40244582801763,0.9449922561645507,0.9424256503582,1.0,0.9827924042940139,0.9813927426934241,1.0
31.740000000558783,153.88313532185552,26.855828198265304,128.4589185197336,65.47844272183629,141.99988809996225,64.43815124088769,0.9457878619432449,0.9435416460037231,1.0,0.9822963744401931,0.9784287676215171,1.0
31.760000000559447,153.79412890278365,26.858465057686036,128.1642945132182,66.03087779567379,141.99899291627133,64.47359407971945,0.9460568338632583,0.9444800168275833,1.0,0.981973262131214,0.9761133417487144,1.0
31.78000000056011,153.6855198000254,26.878073467334534,127.94810742350025,66.52926518483027,141.99451744312236,64.50876787344852,0.9459209889173508,0.9452419251203537,1.0,0.9817855387926101,0.9741288512945174,1.0
31.800000000560775,153.55667687422692,26.915352584591776,127.81402443222166,66.96683523714904,141.9864634611023,64.54366620013204,0.9453617751598358,0.945804089307785,1.0,0.981677334010601,0.9725067317485809,1.0
31.82000000056144,153.40768093411842,26.970667539949375,127.76264466114787,67.33492794383078,141.97483417452375,64.57828268812128,0.9446322590112686,0.9460387647151947,1.0,0.9816564932465552,0.971553461253643,1.0
31.840000000562103,153.23937254409512,27.043768954942983,127.79157686445402,67.62561520935796,141.95963421015026,64.61261101722485,0.9440673232078552,0.9458927810192108,1.0,0.9815195843577385,0.9707413285970687,1.0
31.860000000562767,153.05321940013738,27.13369344703497,127.89560260791488,67.83387878972522,141.94086961535547,64.64664491986275,0.9433482408523559,0.9456810653209686,1.0,0.9813762918114661,0.9701662138104439,1.0
31.88000000056343,152.8513067849234,27.238727627178196,128.06695421247557,67.95742839519377,141.91854785571704,64.68037818221056,0.9426278710365296,0.9454537659883498,1.0,0.9812266469001769,0.9697694793343543,1.0
31.900000000564095,152.6362704445392,27.35682224690937,128.29570432524358,67.99605668037712,141.89267781204657,64.71380464533408,0.9420617818832397,0.945116165280342,1.0,0.981115585565567,0.9693830534815788,1.0
31.92000000056476,152.41117881310697,27.485760008048477,128.57024008621073,67.95135942462144,141.86326977685633,64.74691820631367,0.9414627015590668,0.9446961760520934,1.0,0.9810053914785385,0.9693268164992332,1.0
31.940000000565423,152.17937340696207,27.622938317037903,128.87779253951155,67.82680549786981,141.83033545026424,64.77971281935862,0.9406338632106781,0.9441958010196686,1.0,0.9809810951352119,0.9704752221703529,1.0
31.960000000566087,151.9443935693336,27.76555793957165,129.20506685411777,67.627503825558,141.79388793533897,64.81218249691092,0.9396270781755447,0.9437852084636688,1.0,0.9811285719275474,0.971784721314907,1.0
31.98000000056675,151.70960857261258,27.91112287286732,129.53878329804178,67.35999820717372,141.75394173288686,64.84432131073847,0.9381736516952515,0.9437499284744263,1.0,0.9816011324524879,0.9730934426188469,1.0
32.00000000056741,151.47808364395854,28.0571681008007,129.8661442777785,67.03200676885844,141.71051273568267,64.87612339301741,0.9364765554666519,0.9437337636947631,1.0,0.9822764009237289,0.9750368997454643,1.0
32.02000000056523,151.25257370910006,28.20118930494675,130.17522545423404,66.65208191831572,141.6636182221466,64.90758293740353,0.9349653631448746,0.9436065375804901,1.0,0.9831144392490386,0.9776184365153312,0.9996863245964049
32.040000000563055,151.03559969339102,28.34058774762746,130.45531469653733,66.22972497814645,141.61327684946997,64.9386942000923,0.9338267743587494,0.9433138728141784,1.0,0.9839916914701461,0.9806914255023003,0.9984448373317718
32.060000000560876,150.82967385773398,28.473069365115457,130.69712315549347,65.77596623913652,141.5595086461923,64.96945150086756,0.9327253699302673,0.9429480731487274,1.0,0.9848505169153213,0.9841579169034957,0.9972290679812431
32.0800000005587,150.6360052783577,28.596719677276884,130.89285088678548,65.30294322349242,141.50233500423312,64.99984922413869,0.9318565130233765,0.9426393508911133,1.0,0.985669882595539,0.9877498283982277,0.99597589969635
32.10000000055652,150.4559688350783,28.709850035652025,131.0361360894589,64.82327828274892,141.44177867038076,65.02988181996577,0.9313367545604706,0.9423924267292022,1.0,0.986448773741722,0.991117475926876,0.9948324829339981
32.12000000055434,150.290779949492,28.811677425722408,131.12207304126298,64.34967763987943,141.37786373724265,65.05954380507293,0.9310564011335373,0.9421804428100585,1.0,0.9872144639492034,0.9936189666390418,0.9942609757184981
32.14000000055216,150.14129644636682,28.902187873335706,131.14728049426984,63.894161006191176,141.31061563365998,65.08882976384955,0.931194069981575,0.9419028967618942,1.0,0.9878318905830383,0.9962777599692344,0.9935195639729499
32.160000000549985,150.00828506669285,28.98136563589373,131.11002655020172,63.46945002268093,141.2400611145906,65.11773434933885,0.9313322216272354,0.9415898293256759,1.0,0.9884178727865218,0.9986399322748184,0.9932532027363776
32.18000000054781,149.8921802323732,29.048904029693198,131.01034136905625,63.0888347138827,141.16622825046448,65.14625228421427,0.9316713780164718,0.9412414014339446,1.0,0.9888909608125687,1.0,0.9931476980447769
32.20000000054563,149.79193527273753,29.10463033115138,130.8500644475715,62.76533550644084,141.0891464160159,65.17437836174298,0.932969844341278,0.9410516709089279,1.0,0.9893015399575233,1.0,0.9929997965693473
32.22000000054345,149.70680240474954,29.148773957654743,130.6327994802323,62.51060298514697,141.00884627859637,65.20210744673643,0.934211778640747,0.9408175051212311,1.0,0.9895991533994675,1.0,0.9931495308876037
32.24000000054127,149.63559755099897,29.181612114330814,130.3637932768545,62.33380803361708,140.9253597859736,65.22943447648801,0.9353992462158203,0.9405472278594971,1.0,0.9897628888487815,1.0,0.9935799404978751
32.260000000539094,149.57674743030356,29.20355200419454,130.04980056067703,62.241498757360205,140.83872015362098,65.25635446169728,0.9364710569381713,0.94025359749794,1.0,0.9897929117083549,1.0,0.994304347038269
32.280000000536916,149.52838334751675,29.215154316724156,129.69883590897578,62.237305164389014,140.74896185150254,65.28286248738107,0.9372183918952942,0.9398977935314178,1.0,0.9896166861057281,1.0,0.9949819892644882
32.30000000053474,149.48837699204995,29.21714084065174,129.31990007630102,62.32143529508687,140.65612059035902,65.30895371377063,0.9376539021730422,0.9397921055555344,1.0,0.9895124733448029,1.0,0.9959319651126861
32.32000000053256,149.4542976236733,29.21042282891205,128.92265741958008,62.49044797642469,140.56023330750014,65.33462337719548,0.9378365159034728,0.9399561047554016,1.0,0.9895226925611496,1.0,0.9971488699316978
32.34000000053038,149.42354766401374,29.196076223102267,128.51711796956042,62.7378647423017,140.46133815212323,65.35986679094943,0.9379106432199478,0.9401426792144775,1.0,0.9894404828548431,1.0,0.9986108303070068
32.3600000005282,149.39352528097928,29.17559436680739,128.11332649942472,63.054089781134536,140.35947447009337,65.38467934615711,0.9378796100616454,0.9403464376926421,1.0,0.9892720937728882,1.0,1.0
32.380000000526024,149.3617822326194,29.15115939268492,127.72106489290962,63.42613386048466,140.25468278833068,65.40905651260461,0.9384919494390488,0.9407599985599517,1.0,0.9891149252653122,1.0,1.0
32.400000000523846,149.3261894354184,29.12513727249994,127.34956652846074,63.83952502095937,140.14700479867298,65.43299383957013,0.9392386138439178,0.9412009000778198,1.0,0.9888511478900909,1.0,1.0
32.42000000052167,149.2850572737667,29.099851987589,127.00711854217761,64.27971782241875,140.0364833412886,65.4564869566367,0.9399415045976639,0.9416478902101516,1.0,0.9885376513004303,0.9985037565231323,1.0
32.44000000051949,149.23719347319903,29.07749026097784,126.70071733652195,64.7329978862949,139.92316238763215,65.47953157449005,0.9405948013067246,0.9420885056257248,1.0,0.9881816819310187,0.9965541258454322,1.0
32.46000000051731,149.1819009279037,29.059948270219337,126.43591312579063,65.18714139814618,139.8070870229503,65.5021234857018,0.9411986023187637,0.9425827383995056,1.0,0.9878404691815376,0.9939488291740417,1.0
32.48000000051513,149.11891392021246,29.048551312288552,126.21672324553796,65.63237352668142,139.6883034283445,65.5242585654976,0.9417308688163757,0.9430668145418167,1.0,0.9874988630414009,0.991244626045227,1.0
32.500000000512955,149.0482234495878,29.043746494806324,126.045570000448,66.0625453234395,139.5668588623975,65.54593277251021,0.9421611487865448,0.9435184001922607,1.0,0.9872320100665092,0.9886693432927132,1.0
32.52000000051078,148.96998912583894,29.045428021790848,125.92332336672291,66.47406504702688,139.44280164237134,65.56714214951741,0.9424295753240585,0.9439061135053635,1.0,0.986994357407093,0.986310738325119,1.0
32.5400000005086,148.88451399651467,29.053284472465727,125.84937634421041,66.86400265699167,139.31618112498415,65.58788282416445,0.942515280842781,0.9442249655723571,1.0,0.9868069246411323,0.9841689765453339,1.0
32.56000000050642,148.7922309400686,29.067009765800695,125.82174863907584,67.22905236812132,139.18704768677338,65.60815100967112,0.9424391865730285,0.9445463210344315,1.0,0.9866152003407478,0.9821406051516532,1.0
32.58000000050424,148.69369167525144,29.086411640064835,125.83720599298577,67.56497528085686,139.0554527040532,65.62794300552304,0.9423103868961334,0.9447621405124664,1.0,0.9862121984362602,0.980573645234108,1.0
32.600000000502064,148.58956032277018,29.1114122726477,125.89141161786992,67.86665931681465,138.9214485324743,65.64725519814736,0.9420247673988342,0.9449018478393555,1.0,0.9858632251620292,0.9790970534086227,1.0
32.620000000499886,148.4806117776236,29.141986405022763,125.97908104544446,68.12855051436911,138.78508848619376,65.6660840615725,0.9416591733694076,0.9449737578630447,1.0,0.9855542480945587,0.9777567937970161,1.0
32.64000000049771,148.36773499015678,29.17807414436141,126.0941800520178,68.3451939994646,138.64642681666407,65.68442615807194,0.9412574857473374,0.9449851125478744,1.0,0.9852748200297355,0.9765720173716544,1.0
32.66000000049553,148.2519306624259,29.219508259603288,126.23014294348783,68.51170950060968,138.50551869104874,65.70227813879177,0.9408619940280915,0.9449421525001526,1.0,0.9850128218531609,0.9755633860826491,1.0
32.68000000049335,148.13429069359344,29.26597736152574,126.38015438160588,68.62416473364931,138.36242017027377,65.71963674436226,0.9401061296463012,0.9452259838581085,1.0,0.9851585507392883,0.974426482617855,1.0
32.70000000049117,148.0159671566337,29.31695372005317,126.53749531163997,68.68000097108703,138.21718818672375,65.73649880549281,0.9393645614385605,0.9455029398202895,1.0,0.9853456661105156,0.9735988691449164,1.0
32.720000000488994,147.89817488111888,29.37163640729835,126.69573363534764,68.67810156686842,138.06988052159087,65.75286124355073,0.9385690450668335,0.94569933116436,1.0,0.9855659961700439,0.973539949953556,1.0
32.740000000486816,147.78209009843448,29.429202668372934,126.84887382149165,68.61874607816935,137.92055578188658,65.76872107112317,0.9378159254789352,0.9458457440137863,1.0,0.9858775660395622,0.973738357424736,1.0
32.76000000048464,147.6688264079587,29.48858381261766,126.99149983927266,68.50352846824886,137.7692733771244,65.78407539256271,0.9371570229530334,0.945909321308136,1.0,0.9862336829304694,0.9742090538144111,1.0
32.78000000048246,147.559726204997,29.54854010759298,127.1188448750551,68.33518057973376,137.61609349568351,65.79892140451592,0.9365295380353927,0.9458892852067947,1.0,0.9866299793124198,0.9749793127179145,1.0
32.80000000048028,147.4559553861636,29.608155119134583,127.2266868368072,68.1172313892662,137.46107708086288,65.81325639643528,0.9358523339033127,0.9457916975021362,1.0,0.9870588868856429,0.9761298149824142,1.0
32.8200000004781,147.35790302663736,29.666597872163642,127.31142857367283,67.85409723425569,137.30428580663425,65.827077751074,0.9350026547908783,0.9456366658210754,1.0,0.9875231772661208,0.9777701959013938,1.0
32.840000000475925,147.26634851670553,29.72315678440945,127.37020288757878,67.55145914229587,137.14578205310522,65.84038294496388,0.934305852651596,0.9455344378948212,1.0,0.9880154654383659,0.9795604139566421,1.0
32.86000000047375,147.18195001261756,29.777193906031385,127.40092043217719,67.21616970375692,136.98562888170088,65.85316954887607,0.9336116075515747,0.9453736126422881,1.0,0.9885426715016364,0.9816079139709473,1.0
32.88000000047157,147.10518542937547,29.828127717031254,127.40231156751959,66.85604016934657,136.82389001007454,65.86543522826457,0.9329431921243667,0.9451570332050323,1.0,0.9890918403863906,0.9838756948709487,1.0
32.90000000046939,147.036346954006,29.875419790122365,127.37394751602234,66.47966055300267,136.6606297867575,65.8771777436925,0.9323045581579208,0.9448897510766983,1.0,0.9896581351757049,0.9863115027546883,1.0
32.92000000046721,146.975566192486,29.918570525298012,127.31623405063017,66.09629686437286,136.49591316555754,65.88839495124088,0.9316983878612518,0.9445776760578155,1.0,0.9902363792061806,0.9888570129871368,1.0
32.940000000465034,146.92284823477888,29.95713531414622,127.23037505936067,65.71578000788588,136.32980567971686,65.89908480290016,0.9311240285634994,0.9442278176546096,1.0,0.9908223524689674,0.9914479821920394,1.0
32.960000000462855,146.87805981004053,29.990765909848186,127.11831121604024,65.34813399884531,136.16237341583934,65.90924534694412,0.9306063801050186,0.9439160823822021,1.0,0.9914489701390266,0.9934144079685211,1.0
32.98000000046068,146.84093862399462,30.019211598757966,126.9826334429321,65.00325839777415,135.9936829875977,65.91887472828614,0.9301558941602707,0.943590247631073,1.0,0.9920629009604454,0.9952502906322479,1.0
33.0000000004585,146.81110909296288,30.042311505259793,126.82648332517066,64.69063231172369,135.82380150923106,65.92797118881799,0.9301033586263656,0.943291449546814,1.0,0.9927280485630035,0.9969801142811775,1.0
33.02000000045632,146.78809904343038,30.05998945770388,126.65344149992204,64.41901349055743,135.652796568843,65.93653306773079,0.9301607757806778,0.9430151909589767,1.0,0.9934336885809898,0.9985075742006302,1.0
33.04000000045414,146.77135790154006,30.07225055279587,126.46740684545426,64.19614796896123,135.48073620151155,65.9445588018182,0.9302705407142638,0.9427197635173797,1.0,0.9940763905644416,0.9999047234654426,1.0
33.060000000451964,146.76027500035042,30.07918489040352,126.27246563770053,64.0284109545127,135.30768886222108,65.95204692576186,0.9307450860738754,0.9424350470304489,1.0,0.994559259712696,1.0,1.0
33.080000000449786,146.75419401029893,30.080986868220847,126.07274989863117,63.92025690768535,135.13372339862707,65.95899607239895,0.9306184589862824,0.9420996457338333,1.0,0.9951225101947784,1.0,1.0
33.10000000044761,146.7524108668848,30.077954025480754,125.87231474370078,63.874123154325055,134.95890902366494,65.96540497297171,0.9304401814937592,0.9417490720748901,1.0,0.9955425038933754,1.0,1.0
33.12000000044543,146.75413372187995,30.070487038765396,125.6749994211449,63.89053504951395,134.78331528801326,65.9712724573592,0.9300202280282974,0.941364461183548,1.0,0.9957695707678794,1.0,1.0
33.14000000044325,146.7584994773308,30.05907786353788,125.48431562266438,63.96824917172124,134.60701205242265,65.9765974542909,0.9296063721179962,0.9409891486167907,1.0,0.9958233132958412,1.0,1.0
33.16000000044107,146.76459826813078,30.044279685394603,125.30340895547621,64.104325385488,134.43006945992153,65.9813789915422,0.9292247474193572,0.9406314849853515,1.0,0.9956845045089722,1.0,1.0
33.180000000438895,146.77148486294197,30.02667804353938,125.13504434836486,64.29384801944549,134.2525579079093,65.98561619611209,0.9292958438396454,0.940421262383461,1.0,0.9955243051052093,1.0,1.0
33.20000000043672,146.7783179277332,30.00684704468736,124.98152064858628,64.53032856472295,134.0745480201484,65.9893082943824,0.929496043920517,0.94029381275177,1.0,0.9953339934349059,0.9995147213339806,1.0
33.22000000043454,146.78442334937375,29.985317904531545,124.8446807767577,64.80629754932313,133.89611061866646,65.99245461225911,0.9294924676418305,0.9402391850948334,1.0,0.9951982870697975,0.9978427395224571,1.0
33.24000000043236,146.78933400282062,29.962553377516606,124.72596074620394,65.11382600203993,133.7173166955792,65.99505457529541,0.9297487080097199,0.9402264088392257,1.0,0.994921500980854,0.9964578524231911,1.0
33.26000000043018,146.7927750860741,29.938943065102947,124.62642877535167,65.44495672750594,133.5382373848462,65.9971077087966,0.930007004737854,0.9402697265148162,1.0,0.9946346208453178,0.9950118109583854,1.0
33.280000000428004,146.79461199187085,29.914820012397943,124.54680830354788,65.79204527089917,133.35894393396973,65.9986136379067,0.9301894575357437,0.940406259894371,1.0,0.9944482743740082,0.9931143894791603,1.0
33.300000000425825,146.79474780471492,29.890514666236463,124.4874378710878,66.14794612758975,133.17950767564864,65.99957208767698,0.9303666710853576,0.9406584680080413,1.0,0.9943305924534798,0.9906183123588561,1.0
33.32000000042365,146.79309543813827,29.866380037427913,124.44823171094511,66.50577980469097,132.9999999993984,65.99998288311608,0.9304796010255814,0.9409492015838623,1.0,0.9942259639501572,0.988131421804428,1.0
33.34000000042147,146.78960653485754,29.842795938860814,124.42865463492694,66.85850805168486,132.8204923231484,65.99984594922199,0.93047935962677,0.9412735432386398,1.0,0.9941668391227722,0.9856738299131393,1.0
33.36000000041929,146.78423925943179,29.820158167709224,124.42778119475744,67.19925663756791,132.64105606482798,65.99916131099579,0.9303577572107314,0.9416223466396332,1.0,0.9941592931747436,0.9832989305257797,1.0
33.38000000041711,146.7769627233225,29.798873062676492,124.44431552190574,67.52149659641404,132.46176261395271,65.99792909343697,0.9301615804433823,0.9419872343540191,1.0,0.9941581040620804,0.98104228079319,1.0
33.400000000414934,146.76778027183292,29.779366438088935,124.47657418611453,67.81886694525583,132.28268330322138,65.99614952152073,0.9300003796815872,0.9423609107732772,1.0,0.9940590366721153,0.9789180517196655,1.0
33.420000000412756,146.75673983935752,29.762089214499373,124.52250630295796,68.08495919844397,132.1038893801363,65.99382292015684,0.9297048449516296,0.9427286595106125,1.0,0.9939989104866981,0.9769792526960372,1.0
33.44000000041058,146.74394951849803,29.747490340972533,124.57975769265992,68.31349021511376,131.92545197865695,65.99094971413034,0.9291490286588668,0.9430456519126892,1.0,0.9938619300723075,0.9753026753664016,1.0
33.4600000004084,146.72959642723785,29.735984496280878,124.64573703199548,68.49854853890525,131.74744209089917,65.98753042802393,0.9285329163074493,0.9433632791042328,1.0,0.993761758506298,0.9738655924797057,1.0
33.48000000040622,146.71395634777096,29.727922664518495,124.71769061935377,68.63483146369676,131.56993053889053,65.9835656861223,0.927974534034729,0.943752583861351,1.0,0.99380863904953,0.9728059411048888,1.0
33.50000000040404,146.69738845653612,29.723567263988627,124.79281280322513,68.71785770913127,131.39298794639348,65.97905621229805,0.9273802638053894,0.9441305518150329,1.0,0.9939782038331031,0.9721644550561904,1.0
33.520000000401865,146.6803111912027,29.723072740465806,124.86838300919553,68.74414267553999,131.21668471080736,65.97400282987957,0.9267127960920334,0.9444426715373992,1.0,0.9941817477345466,0.9718800425529479,1.0
33.54000000039969,146.66320888822455,29.7264670439639,124.94185058540447,68.71136780629232,131.04109097516064,65.96840646150073,0.9259776562452317,0.9446802973747254,1.0,0.9944196507334708,0.9719749391078949,1.0
33.56000000039751,146.64665103918279,29.733634042300846,125.01093223988387,68.61854323459069,130.86627660020397,65.96226812893238,0.9251782953739166,0.9448391109704971,1.0,0.9947046980261802,0.9724565207958221,1.0
33.58000000039533,146.6312664340265,29.744331131238624,125.0736419223775,68.46611695206396,130.69231113661593,65.95558895289588,0.9243458092212676,0.9449353307485581,1.0,0.9951222822070122,0.9732836335897446,1.0
33.60000000039315,146.6176950971868,29.75823204329373,125.12825955688203,68.25612444126473,130.51926379733183,65.94837015285836,0.9234497144818306,0.9449440479278565,1.0,0.9956027910113334,0.9745109990239142,1.0
33.620000000390974,146.60656282192735,29.774938198089323,125.17331804201912,67.99228858619588,130.34720343000723,65.94061304681023,0.922592695057392,0.9449445843696594,1.0,0.9961515709757804,0.9760293215513229,1.0
33.640000000388795,146.5984707055658,29.793969877838155,125.20763457582564,67.67998217196212,130.17619848962647,65.93231905102436,0.9217046469449997,0.9448902159929276,1.0,0.9967862486839294,0.9778711229562759,1.0
33.66000000038662,146.5939867393854,29.814762401871704,125.23034014645806,67.3261215139955,130.00631701126756,65.9234896797977,0.9207817703485489,0.9447709739208221,1.0,0.9975077763199806,0.9800207793712615,1.0
33.68000000038444,146.59363665365274,29.836673553647017,125.24088239907468,66.93902265595422,129.83762658303414,65.91412654517461,0.9197789326310157,0.9445988476276398,1.0,0.9983588725328445,0.9823122978210449,1.0
33.70000000038226,146.59789296243852,29.859002504616754,125.23899223335965,66.52818138002154,129.6701943191653,65.90423135665272,0.9188193678855896,0.944357842206955,1.0,0.9992504432797431,0.9849383413791656,1.0
33.72000000038008,146.6071667613536,29.88101344249119,125.22467220318563,66.10403537424432,129.5040868333337,65.89380592087062,0.917846056818962,0.944065535068512,1.0,1.0,0.9876904219388961,1.0
33.740000000377904,146.6217898368667,29.901981427647872,125.19818286523015,65.67763533580099,129.33937021214328,65.8828521412782,0.9168862104415894,0.9437268614768982,1.0,1.0,0.9905053108930587,1.0
33.760000000375726,146.6420121907565,29.92122087414732,125.16001621100918,65.2603291201177,129.17610998883623,65.871372017789,0.9159767046570778,0.9434014737606048,1.0,1.0,0.9928445190191268,1.0
33.78000000037355,146.66800909853484,29.938103939350487,125.1108604464795,64.86342293010681,129.01437111722032,65.8593676464151,0.9154471024870873,0.943044900894165,1.0,1.0,0.9952787712216377,1.0
33.80000000037137,146.6998919533075,29.952077485697156,125.05155764564878,64.49778861556888,128.8542179458268,65.84684121888445,0.914667335152626,0.9426981627941131,1.0,1.0,0.9971335321664809,1.0
33.82000000036919,146.73770260620572,29.962672536152336,124.98311231156674,64.17361061074115,128.69571419230905,65.8337950222407,0.9140133410692215,0.942329028248787,1.0,1.0,0.9988569632172584,1.0
33.84000000036701,146.7814160069295,29.969514733244004,124.9068208228631,63.90005200170505,128.5389229180921,65.82023143842562,0.9134480163455009,0.9419523030519485,1.0,1.0,1.0,1.0
33.860000000364835,146.83094157757196,29.97233740391079,124.82451063613298,63.684848995272304,128.38390650328355,65.80615294384428,0.9129407167434692,0.9415654480457306,1.0,1.0,1.0,1.0
33.88000000036266,146.88610545330744,29.971002710172357,124.73846388292083,63.533807746499896,128.2307266218552,65.7915621089128,0.912354975938797,0.9411460936069488,1.0,1.0,1.0,1.0
33.90000000036048,146.9466129776136,29.96550286416885,124.65126129773967,63.45069280746386,128.07944421710593,65.77646159758915,0.9118724554777146,0.9407490640878677,1.0,1.0,1.0,1.0
33.9200000003583,147.0121049805361,29.955959484394917,124.56563424178164,63.43701113971208,127.93011947741496,65.76085416688673,0.9116360366344451,0.940394914150238,1.0,1.0,1.0,1.0
33.94000000035612,147.0821677333852,29.94260633326013,124.48432769033386,63.49208103046548,127.78281181229582,65.744742666371,0.9116558358073235,0.9400974929332733,1.0,1.0,1.0,1.0
33.96000000035394,147.15633750159162,29.925768616014544,124.4099768916739,63.61295356750681,127.6375798287599,65.72813003763922,0.9117478087544441,0.9398493438959121,1.0,1.0,1.0,1.0
33.980000000351765,147.23412091941427,29.905835912073083,124.3449999973593,63.79429988647648,127.49448130799944,65.71101931378338,0.9119140297174454,0.9396545261144638,1.0,1.0,1.0,1.0
34.00000000034959,147.31502951112913,29.883230109156578,124.29150847446547,64.02898973211232,127.35357318239893,65.69341361883643,0.9121390670537949,0.9395179569721221,1.0,1.0,1.0,1.0
34.02000000034741,147.39857484452554,29.858393496343908,124.2512365960005,64.30877244697612,127.2149115128845,65.6753161672019,0.9124074399471283,0.9394423991441726,1.0,1.0,1.0,1.0
34.04000000034523,147.48423411597133,29.83178660210536,124.22549069433065,64.62486299864992,127.07855146661959,65.65673026306702,0.9127004846930503,0.9394290775060653,1.0,1.0,0.9985992699861526,1.0
34.06000000034305,147.5714285808627,29.80388731388704,124.21511813387585,64.96842706413425,126.94454729505664,65.63765929979941,0.9129964441061019,0.9394774556159973,1.0,1.0,0.9969498053193092,1.0
34.080000000340874,147.65954318273725,29.775185224268753,124.22049525994927,65.3309645899756,126.81295231235279,65.61810675932765,0.913293507695198,0.9396010607481002,1.0,1.0,0.9951262250542641,1.0
34.100000000338696,147.74795010718933,29.746176335946576,124.24153304903729,65.70459615261258,126.6838188741587,65.59807621150537,0.9136029496788979,0.9398817360401154,1.0,1.0,0.9924155488610267,1.0
34.12000000033652,147.8360253200594,29.717360161914083,124.27769879242565,66.0822603425226,126.55719835678855,65.57757131345969,0.9138748675584792,0.9402061223983764,1.0,1.0,0.9896836251020431,1.0
34.14000000033434,147.9231682822377,29.689238393908422,124.3280518084369,66.4576335010701,126.43314113677971,65.55659580892332,0.9138254165649414,0.9406499654054642,1.0,1.0,0.9862055957317352,1.0
34.16000000033216,148.00882023269583,29.662314087984548,124.3912909142718,66.8244516962799,126.31169657085037,65.53515352755116,0.9139407426118851,0.9410363912582397,1.0,1.0,0.9836496964097022,1.0
34.18000000032998,148.09247144823215,29.637091572767773,124.46581121393614,67.17641351313517,126.19291297626256,65.51324838422103,0.9138917118310929,0.9414582222700119,1.0,1.0,0.9811307266354561,1.0
34.200000000327805,148.17356729708206,29.614090432010503,124.54976765807734,67.50716463622152,126.07683761159903,65.49088437831892,0.9137395367026329,0.9418926328420639,1.0,1.0,0.978769452869892,1.0
34.220000000325626,148.252240021831,29.593877664075116,124.64114274632048,67.80999306931095,125.9635166579612,65.46806559300884,0.9136374160647392,0.9424461245536804,1.0,1.0,0.9764578267931938,1.0
34.24000000032345,148.32825151601944,29.57699789914147,124.73781610957569,68.07786533929033,125.85299520059573,65.44479619448722,0.9136990040540695,0.9430242478847504,1.0,1.0,0.9743393287062645,1.0
34.26000000032127,148.40141808842887,29.563931365338238,124.83763425940026,68.30340073934171,125.74531721095724,65.42108043122236,0.9136682480573654,0.9435739666223526,1.0,1.0,0.9724648177623748,1.0
34.28000000031909,148.47179682989568,29.555027581064017,124.93847747810597,68.4797261348929,125.64052552921403,65.3969226331787,0.9135689616203307,0.9440759867429733,1.0,1.0,0.970903454720974,1.0
34.30000000031691,148.53959956501313,29.5506446475748,125.03832189629372,68.60084331314032,125.53866184720394,65.37232721102627,0.9132893592119217,0.9444926053285598,1.0,1.0,0.969702473282814,1.0
34.320000000314735,148.6051420032864,29.55102095499666,125.13529544213998,68.66182747267288,125.43976669184704,65.34729865533542,0.912863965332508,0.9448226511478424,1.0,1.0,0.968884927034378,1.0
34.34000000031256,148.66880548841516,29.556299514991284,125.22772635608182,68.65892115394885,125.34387940902187,65.32184153575692,0.912422339618206,0.9450559854507447,1.0,1.0,0.9686080917716026,1.0
34.36000000031038,148.7309885910932,29.566520998847338,125.31418316095623,68.58967534180952,125.25103814791143,65.29596050018768,0.9118543416261673,0.9452280044555664,1.0,1.0,0.9685889720916747,1.0
34.3800000003082,148.79210189273135,29.581597886759916,125.39350521313926,68.45310131332246,125.16127984582543,65.2696602739221,0.911219185590744,0.9453075230121613,1.0,1.0,0.9690186664462089,1.0
34.40000000030602,148.85257211930136,29.601291011642644,125.46482328588584,68.24981761635392,125.07464021350458,65.24294565878937,0.9104985028505325,0.9452933698892593,1.0,1.0,0.9698920294642448,1.0
34.420000000303844,148.91286331323886,29.62519008121159,125.5275700439346,67.98216405954165,124.9911537209129,65.21582153227678,0.9096413359045982,0.9452036052942275,1.0,1.0,0.9710641279816628,1.0
34.440000000301666,148.97347980457315,29.652709302309397,125.58148068551581,67.65428631669528,124.91085358352375,65.18829284663916,0.9087788224220276,0.9450125873088836,1.0,1.0,0.9727976128458976,1.0
34.46000000029949,149.03494502003008,29.683099082401693,125.62658438985414,67.27219704087554,124.8337717491048,65.16036462799472,0.9078476980328559,0.9447425335645675,1.0,1.0,0.9749141663312911,1.0
34.48000000029731,149.09779368776688,29.71547808756756,125.66318744413783,66.84356664380732,124.75993888500759,65.13204197540743,0.9068506896495819,0.9443824112415313,1.0,1.0,0.9774254158139228,1.0
34.50000000029513,149.16256150569365,29.748788547104038,125.69184910403061,66.3775817072021,124.6893843659663,65.10333005995598,0.9058416783809662,0.9439743310213089,1.0,1.0,0.9802347436547278,1.0
34.52000000029295,149.22980352666903,29.781955976010934,125.71335139632966,65.88475034297808,124.62213626241095,65.07423412378971,0.9049661159515381,0.9436342179775238,1.0,1.0,0.9831466257572173,1.0
34.540000000290775,149.30003104332974,29.813955700270014,125.72866421532167,65.37660244377143,124.55822132929937,65.04475947917152,0.904366534948349,0.9431816577911377,1.0,1.0,0.9869683623313903,1.0
34.560000000288596,149.3737073846955,29.84372795165784,125.73890708804004,64.86553214414054,124.49766499547269,65.01491150750792,0.9034327417612076,0.942751145362854,1.0,1.0,0.9901132121682167,1.0
34.58000000028642,149.45125359709766,29.87024686686425,125.74530888722781,64.36449520875159,124.44049135353835,64.98469565836655,0.9025920882821082,0.9423069089651107,1.0,1.0,0.9930505976080894,1.0
34.60000000028424,149.5330416528722,29.89255634215179,125.74916680743932,63.886648688046606,124.3867231502847,64.95411744848117,0.901821056008339,0.9419045150279999,1.0,1.0,0.9953089281916618,1.0
34.62000000028206,149.6193745969705,29.90982150662091,125.75180587939214,63.444888791684726,124.33638177763115,64.92318246074448,0.9011302798986435,0.9414777755737305,1.0,1.0,0.9974788263440132,1.0
34.64000000027988,149.71044205035037,29.921391287310044,125.75454017467982,63.05143596412574,124.2894872641173,64.89189634318878,0.9004821598529815,0.9410338073968887,1.0,1.0,0.9994728118181229,1.0
34.660000000277705,149.8062904678759,29.926799460065883,125.75863664424755,62.7177282848314,124.24605826693443,64.86026480795475,0.899721422791481,0.9405226945877075,1.0,1.0,1.0,1.0
34.68000000027553,149.90688477085993,29.925789189888473,125.76528230581889,62.45344344224701,124.2061120645027,64.82829363024858,0.8992390677332878,0.9398476898670196,1.0,1.0,1.0,1.0
34.70000000027335,150.0121126661133,29.91833288349901,125.77555544636944,62.26584393843638,124.1696645495969,64.79598864728754,0.8988133162260056,0.9392188370227813,1.0,1.0,1.0,1.0
34.72000000027117,150.12177245846127,29.904664671339145,125.7904014598495,62.15931199364046,124.13673022302332,64.76335575723418,0.8987146869301795,0.9387116134166718,1.0,1.0,1.0,1.0
34.74000000026899,150.23559661663276,29.885000542896744,125.81061373963796,62.13544082961719,124.10732218785064,64.73040091811956,0.8987140387296676,0.9382903277873993,1.0,1.0,1.0,1.0
34.760000000266814,150.3533049904047,29.85983197191878,125.8368198566655,62.19310863602102,124.08145214419679,64.69713014675533,0.8996246442198753,0.9379877924919128,1.0,1.0,1.0,1.0
34.780000000264636,150.47456715697817,29.82975727073858,125.86947321577539,62.32813393142174,124.05913038457399,64.6635495176353,0.9018277704715728,0.9378223538398742,1.0,1.0,1.0,0.9990673735737801
34.80000000026246,150.59898408228094,29.795378941793764,125.90885016548286,62.53361210177328,124.04036578979382,64.62966516182632,0.904023677110672,0.9376650512218475,1.0,1.0,1.0,0.9984132051467896
34.82000000026028,150.72612487004022,29.757169960653965,125.95505225249768,62.80071744603995,124.025165825434,64.59548326584891,0.9057753831148148,0.9374604791402816,1.0,1.0,0.9995868191123009,0.9983907327055931
34.8400000002581,150.8554799384288,29.71570033072886,126.0080131789958,63.11948683742553,124.01353653886812,64.56101007054767,0.9076874896883964,0.937190693616867,1.0,1.0,0.9974202960729599,0.9986716002225875
34.86000000025592,150.98641367255732,29.671619577312438,126.06750989609255,63.47948650544211,124.00548255685968,64.52625186995196,0.9097921520471572,0.9371019929647445,1.0,1.0,0.9949949085712433,0.9994937732815742
34.880000000253744,151.11802283451757,29.62549578404208,126.13317699827626,63.87078173814339,124.00100708372135,64.49121501012667,0.9119896590709686,0.9373033106327057,1.0,1.0,0.9916590049862861,1.0
34.900000000251566,151.24899033987808,29.577459288683364,126.20452327606932,64.2854366787189,124.00011190004007,64.45590588801356,0.9143046557903289,0.9377199202775955,1.0,1.0,0.9881138354539871,1.0
34.92000000024939,151.37769507266862,29.52771938782902,126.28094892549527,64.71618684327372,124.00279736196866,64.4203309502634,0.9162272632122039,0.9381834864616394,1.0,1.0,0.9837510973215102,1.0
34.94000000024721,151.50240920961053,29.47690024144278,126.36176209687862,65.15497572510536,124.00906240108411,64.38449669205892,0.9176197811961174,0.938396954536438,1.0,0.9983134359121322,0.9801309779286385,1.0
34.96000000024503,151.62137971795917,29.426537848110655,126.44619417486736,65.59050098732287,124.01890452481267,64.34840965592886,0.9191046923398971,0.9389487206935883,1.0,0.9970242768526076,0.9767150595784186,1.0
34.98000000024285,151.73287889378022,29.378348700088374,126.5334136909441,66.01027527192338,124.03231981742155,64.31207643055357,0.9202983379364014,0.9395367324352264,1.0,0.9960534378886222,0.9737571597099304,1.0
35.000000000240675,151.83525065597595,29.333853048872182,126.62253895332694,66.40197660624547,124.04930294157676,64.27550364956201,0.9207223460078239,0.9399401545524597,1.0,0.995327042043209,0.9714203789830207,1.0
35.0200000002385,151.92693629491498,29.293937057817544,126.7126495768028,66.75407494211686,124.0698471404666,64.23869799032059,0.920874860882759,0.9403668314218521,0.999610874056816,0.9947360172867774,0.9692630022764206,1.0
35.04000000023632,152.00670901378516,29.25913550471665,126.80297595813356,67.05545859189628,126.2113720114838,64.20166617271403,0.9210560753941536,0.9408388644456863,0.9990744233131408,0.9942180469632148,0.9673987954854965,1.0
35.06000000023414,152.07362092871668,29.229812544531818,126.89349192387286,67.29586344388132,129.03807888838443,64.16441495791852,0.9208863362669945,0.9412712812423706,0.9986011654138565,0.9938017904758453,0.9656529322266578,1.0
35.08000000023196,152.12773532819082,29.206152670922073,126.98469507223633,67.46620005755693,129.07615164158233,64.1269511471672,0.9204288274049759,0.9417033851146698,0.9981283947825431,0.9935610756278037,0.9640777602791786,1.0
35.100000000229784,152.16876975702192,29.18825164075446,127.0772491584865,67.55903195373342,129.11421212539574,64.08928158050847,0.9199694722890853,0.9419921427965164,0.9978343307971954,0.9933952346444129,0.9630386278033256,1.0
35.120000000227606,152.1969474208651,29.176102305386028,127.17166487653203,67.56908537382543,129.15225420760342,64.0514131355571,0.919693249464035,0.9422459781169891,0.9977364748716354,0.9931165039539337,0.9622719585895538,1.0
35.14000000022543,152.21305482746664,29.169573181305385,127.26788938114844,67.49333392899669,129.190271758949,64.01335272623857,0.9193470299243927,0.9425122052431106,0.9982499480247498,0.9925781577825545,0.9618677720427513,1.0
35.16000000022325,152.21829710380638,29.168415368709933,127.36518401600422,67.33099187549483,129.22825865412847,63.97510730152674,0.9189455479383468,0.9428083837032318,0.9989470273256301,0.9921715885400771,0.9618025407195091,1.0
35.18000000022107,152.21422154169463,29.172249355074175,127.46221707771025,67.08332348792918,129.26620877277708,63.936683844175114,0.9181374341249465,0.9429326236248016,0.9998744457960128,0.9918819546699523,0.9626055493950844,1.0
35.20000000021889,152.20263745746098,29.180558660970846,127.55716780001636,66.75351421002706,129.3041160004554,63.898089369441934,0.9170669287443161,0.9429309248924255,1.0,0.9919144764542579,0.9645157471299171,1.0
35.220000000216714,152.18546453905734,29.192661443874595,127.64802246783364,66.34676170143652,129.34197422963453,63.85933092380938,0.9160306930541992,0.9428983628749847,1.0,0.9921408280730247,0.9669422075152396,1.0
35.240000000214536,152.16456088803702,29.20773677222536,127.73306727709193,65.87011402272552,129.3797773606801,63.82041558369701,0.9147874712944031,0.9427341133356094,1.0,0.9924699038267135,0.969794575870037,1.0
35.26000000021236,152.1416032102959,29.22488595976068,127.81152721627555,65.33227116399411,129.41751930283502,63.78135045416981,0.9133257433772087,0.9424239695072174,1.0,0.9931364595890044,0.9728690937161445,1.0
35.28000000021018,152.11805517611268,29.24318061529233,127.88362220029684,64.74347023473202,129.4551939752008,63.74214266764092,0.9118665456771851,0.9419179171323776,1.0,0.993928824365139,0.9764082953333855,1.0
35.300000000208,152.09523560248644,29.261644173112366,127.95027200369697,64.11584496423791,129.49279530771736,63.70279938256943,0.9105912625789642,0.9413196325302123,1.0,0.9947647795081138,0.9803834766149521,1.0
35.32000000020582,152.07452796562188,29.27925242421035,128.0121923351745,63.463776756971185,129.5303172421409,63.66332778215343,0.9092352271080016,0.9406655132770538,1.0,0.9957539334893226,0.9846130654215812,1.0
35.340000000203645,152.0573296930678,29.29494422507523,128.06958558526784,62.80351145556003,129.56775373302014,63.6237350730185,0.9082187548279762,0.9401746958494186,1.0,0.9967995926737785,0.9889241933822631,0.9985442399978637
35.36000000020147,152.04440042102524,29.307736179439146,128.12215025351873,62.15246359062606,129.60509874867026,63.58402848390193,0.9075320422649383,0.9397150188684463,1.0,0.9978801876306533,0.9926856249570846,0.9964562654495239
35.38000000019929,152.0368790035148,29.316673355998876,128.16906024367003,61.52841196885209,129.64234627214466,63.54421526433296,0.9066682055592536,0.93926842212677,1.0,0.9992744356393813,0.9957714080810547,0.9952569603919983
35.40000000019711,152.03575066358835,29.32081908852154,128.20906851033894,60.94893442976477,129.67949030220458,63.50430268330913,0.9059093236923218,0.9387843370437622,1.0,1.0,0.9987614631652831,0.9942139700055121
35.42000000019493,152.0418217429206,29.31930086283891,128.2406665041301,60.43085881421992,129.71652485428578,63.46429802796913,0.9052432775497437,0.9382787048816681,1.0,1.0,1.0,0.9934245735406875
35.440000000192754,152.05569843246735,29.311451221815034,128.26220228933818,59.989403010733604,129.75344396146295,63.42420860226238,0.9045246601104736,0.9377155393362046,1.0,1.0,1.0,0.9929182931780814
35.460000000190576,152.07771435738866,29.296981579079937,128.27202726329105,59.63721062812342,129.79024167541095,63.38404172561545,0.903932674229145,0.9370465070009232,1.0,1.0,1.0,0.9925717204809188
35.4800000001884,152.10788621615313,29.275573291535668,128.2686109057419,59.38469250854197,129.82691206736328,63.34380473159569,0.9038715288043022,0.9363121718168258,1.0,1.0,1.0,0.9919823631644249
35.50000000018622,152.14586949159005,29.24693713114152,128.25063058197986,59.23933997669683,129.8634492290673,63.30350496657232,0.90412208288908,0.935692697763443,1.0,1.0,1.0,0.9915231376886368
35.52000000018404,152.19171486638564,29.210855305499276,128.21742161938656,59.205283004198364,129.89984727373607,63.26314978837513,0.9045368641614914,0.9351588666439056,1.0,1.0,1.0,0.991443096101284
35.54000000018186,152.24486213955367,29.167213808124764,128.16932389604602,59.28242122195399,129.93610033699696,63.22274656495111,0.9051266998052597,0.934722739458084,1.0,1.0,1.0,0.9917294979095459
35.560000000179684,152.30451184693865,29.116101601607163,128.10761004453113,59.46626191861521,129.97220257783633,63.18230267301922,0.9058794483542442,0.9343963414430618,1.0,1.0,1.0,0.9923810511827469
35.580000000177506,152.36977444417548,29.05782301968734,128.03431405042576,59.748792153904205,130.00814817954083,63.141825496723584,0.9067766383290291,0.9341879785060883,1.0,1.0,1.0,0.9933831870555877
35.60000000017533,152.4396289330213,28.992573456404486,127.95205510870747,60.11953629130926,130.04393135063435,63.101322426285286,0.9077917784452438,0.9341023176908493,1.0,1.0,1.0,0.9947117388248443
35.62000000017315,152.51290672630392,28.920753699114705,127.8638612912947,60.566406273319565,130.07954632581132,63.06080085665311,0.9090700209140777,0.9340264469385147,1.0,1.0,1.0,0.9960223019123077
35.64000000017097,152.58825813029893,28.843393757951965,127.77299754229864,61.075471866324264,130.11498736686548,63.02026818615337,0.9105422228574752,0.9339846402406692,1.0,0.9993412092328071,1.0,0.9976407647132873
35.66000000016879,152.66422264921425,28.76290999507629,127.6828021646313,61.6290849041622,130.15024876361448,62.97973181513916,0.9120980247855186,0.9340607434511184,1.0,0.9980350852012634,0.9969784244894981,0.9995804041624069
35.680000000166615,152.73929833072174,28.681984907296652,127.59653566119681,62.209438183067846,130.18532483481985,62.93919914463918,0.9136500984430312,0.9342449486255645,1.0,0.9966921925544738,0.993422320485115,1.0
35.70000000016444,152.81197966838843,28.603121690662455,127.5172454615504,62.80023535369048,130.22020992910237,62.89867757500654,0.9149404913187027,0.934786468744278,1.0,0.995716780424118,0.9881017833948135,1.0
35.72000000016226,152.88081581436302,28.528556427884798,127.44764952524851,63.38726741789735,130.2548984258526,62.85817450456753,0.916552123427391,0.9357218891382217,1.0,0.9947019934654235,0.9831695988774299,1.0
35.74000000016008,152.94466368531343,28.459989915037706,127.39011149683078,63.95886949773838,130.28938473613644,62.817697328270945,0.9179584190249442,0.9366499781608582,1.0,0.9937251508235931,0.9788096770644188,1.0
35.7600000001579,153.00243648801876,28.398651143910662,127.34688390546901,64.50528060481938,130.32366330359568,62.77725343633788,0.9190051555633545,0.9375099837779999,1.0,0.992845506966114,0.975525115430355,1.0
35.780000000155724,153.05283395864487,28.345479620918525,127.32028884401191,65.01712349268104,130.3577286053431,62.736850212912444,0.9176519989967346,0.9377938866615295,0.9993004977703094,0.9933909520506858,0.9735372766852378,1.0
35.800000000153545,153.09477658762466,28.300632596722306,127.31255530588437,65.48606587318473,130.39157515285245,62.69649503471361,0.9157084122300148,0.93825863301754,0.9980241239070892,0.9941430032253264,0.9712949767708778,1.0
35.82000000015137,153.12740605611594,28.263805083736525,127.32549812510202,65.90366799380436,130.42519749284264,62.656195269688354,0.9139702916145325,0.9390540689229965,0.996977624297142,0.99525638371706,0.9693673625588417,1.0
35.84000000014919,153.15002850663407,28.23473506591737,127.36039744487671,66.26087970226291,130.45859020815644,62.61595827566648,0.9128740236163139,0.9399767309427262,0.996088869869709,0.9962311923503875,0.967606322467327,1.0
35.86000000014701,153.1621581556937,28.213374843179896,127.4179179489437,66.54844159706401,130.49174791863317,62.57579139901719,0.9112849086523056,0.9408042460680007,0.9953637033700943,0.9969830960035324,0.9658144012093544,1.0
35.88000000014483,153.16371875090033,28.19981553563353,127.49773049632294,66.75807828513034,130.5246652819757,62.53570197330785,0.9093780100345611,0.9414305329322815,0.9946111425757408,0.9976762816309929,0.9642551615834236,1.0
35.900000000142654,153.1555328749147,28.19404319639637,127.59730596374749,66.88366365834679,130.557336994611,62.49569731796504,0.9075084030628204,0.9418822079896927,0.9940300732851028,0.9983731418848037,0.9631054148077964,1.0
35.920000000140476,153.13935748470684,28.195972991930756,127.7115990629646,66.92113518024274,130.58975779254487,62.45578473693815,0.9054673314094543,0.9422133445739745,0.9934731930494308,0.999100324511528,0.962211774289608,1.0
35.9400000001383,153.11755369780943,28.205549229706108,127.83363968536217,66.86858003974088,130.6219224522098,62.4159715173659,0.9043787032365799,0.943037748336792,0.9933772057294845,1.0,0.9617459952831268,1.0
35.96000000013612,153.09273724827688,28.222721759133478,127.95542403367197,66.72619097507936,130.6538257913068,62.37626492824582,0.9033083632588387,0.9434377908706665,0.9932835385203361,1.0,0.9615797206759452,1.0
35.98000000013394,153.06767968409804,28.247323606794403,128.068719663721,66.49600446665748,130.6854626696402,62.336672219107136,0.9018746197223663,0.9435264647006988,0.9933230429887772,1.0,0.9621376648545265,1.0
36.00000000013176,153.04522864008626,28.278945954875066,128.1655706548572,66.18183533761822,130.716827989946,62.29720061868716,0.9007531702518463,0.9435713827610016,0.9941587477922439,1.0,0.9640721499919891,1.0
36.020000000129585,153.02816129590258,28.316880321614782,128.23877194852648,65.78930195188192,130.747916698713,62.25785733361146,0.9002257585525513,0.9437070220708846,0.9947762817144393,1.0,0.9660158708691596,1.0
36.04000000012741,153.01903424526546,28.360185186808874,128.28223653508803,65.32568300420752,130.77872378699692,62.21864954707814,0.8995179414749145,0.9436408519744873,0.9954404100775718,1.0,0.9681659832596778,1.0
36.06000000012523,153.01990282846495,28.40788907041875,128.29156286449904,64.79980206660743,126.0,62.17958441754627,0.8988765716552735,0.9436240345239639,0.9960823833942413,1.0,0.9704909890890121,1.0
36.08000000012305,153.03229287032843,28.45889318067702,128.26449745697414,64.22187270195573,126.0,62.14066907742902,0.8989296525716781,0.9432702869176864,0.9970264494419098,1.0,0.973463761806488,1.0
36.10000000012087,153.05724941893126,28.5119103001162,128.201119654271,63.60381767252418,126.0,62.10191063179135,0.898726649582386,0.9427798539400101,0.9980848625302314,1.0,0.9766795918345451,1.0
36.120000000118694,153.0952416969103,28.56549982784405,128.1041451710385,62.95976758467498,126.0,62.063316157052824,0.8987612143158913,0.9421510279178619,0.999647906422615,1.0,0.9806535974144935,0.9972862169146537
36.140000000116515,153.14615942226231,28.618290228873047,127.97839548725308,62.30525464140891,126.0,62.024892699695634,0.8984242349863052,0.9413868308067321,1.0,1.0,0.9842831045389175,0.9949978053569793
36.16000000011434,153.20942205664375,28.66895130840948,127.83028850254244,61.65637220437821,126.0,61.98664727497802,0.8977755159139633,0.9403217792510986,1.0,1.0,0.9880782514810562,0.9934048682451248
36.18000000011216,153.28417736132806,28.716307846357044,127.66741092632932,61.0291827218295,126.0,61.948586865653475,0.8971741199493408,0.9392760574817657,1.0,1.0,0.9918404161930083,0.9925107270479202
36.20000000010998,153.3688949157757,28.759208239091805,127.49829340510628,60.439515781423026,126.0,61.91071842069587,0.896876099705696,0.9386082053184509,1.0,1.0,0.9943536907434463,0.9925519973039627
36.2200000001078,153.46183522022704,28.796645400323783,127.33212971749214,59.9023904089825,126.0,61.873048854030685,0.8964036509394645,0.9377486556768417,1.0,1.0,0.9967029213905334,0.9925320461392402
36.240000000105624,153.56112017120125,28.827850606274453,127.17839057954832,59.431510950120035,126.0,61.8355850432727,0.8958859801292419,0.9369361251592636,1.0,1.0,0.9987085878849029,0.9931107640266418
36.260000000103446,153.66500321993826,28.851787092434765,127.04547357896983,59.03981203086666,126.0,61.798333828470305,0.8954220473766327,0.9361586332321167,1.0,1.0,1.0,0.9940174579620361
36.28000000010127,153.77182948948217,28.867158010322395,126.94006686765789,58.73893912997193,126.0,61.76130201085665,0.8956016436219215,0.9353640735149383,1.0,1.0,1.0,0.9947242200374603
36.30000000009909,153.88026508628494,28.872701558810313,126.86708226156918,58.538252102660486,126.0,61.724496351607904,0.8954499199986458,0.9346165597438812,1.0,1.0,1.0,0.9948947995901107
36.32000000009691,153.98914918080087,28.867498341399493,126.82970260044065,58.4435833986101,126.0,61.68792357060881,0.8952734887599945,0.9340447217226028,1.0,1.0,1.0,0.9951235115528106
36.34000000009473,154.097668282812,28.85072270170098,126.82946723616371,58.45786631789808,126.0,61.65159034522578,0.8949365720152854,0.9335813254117965,1.0,1.0,1.0,0.9958627551794051
36.360000000092555,154.20503429903317,28.82156369304165,126.86639299405665,58.58164812142804,126.0,61.615503309087764,0.8946938723325729,0.9332515746355057,1.0,1.0,1.0,0.9968207105994225
36.38000000009038,154.31058378203625,28.780804602178154,126.93912628936472,58.80866124477319,126.0,61.579669050875104,0.8945499897003174,0.9330684691667557,1.0,1.0,1.0,0.998002415895462
36.4000000000882,154.4140177635632,28.73013447164835,127.04512060901585,59.12713889456133,126.0,61.544094113116586,0.8945287644863128,0.9330334663391113,1.0,1.0,1.0,0.9993548706173896
36.42000000008602,154.51487865653934,28.671405669422022,127.1808331699139,59.522785893813236,126.0,61.50878499099491,0.8946498662233352,0.9331407994031906,1.0,1.0,1.0,1.0
36.44000000008384,154.6129204446363,28.606581923471524,127.34193398915345,59.98036146068772,126.0,61.473748131160825,0.8949156016111374,0.9333819031715392,1.0,1.0,1.0,1.0
36.46000000008166,154.70806855209554,28.53768469590237,127.52352030997616,60.48433494665283,126.0,61.438989930556126,0.8953579962253571,0.933772012591362,1.0,1.0,0.9991392120718956,1.0
36.480000000079485,154.80038230448233,28.46675062845936,127.72032992707064,61.01960833078393,126.0,61.4045167352457,0.8961355865001678,0.9341306060552597,1.0,1.0,0.9964287951588631,1.0
36.50000000007731,154.89000984760207,28.395793431117465,127.92694732989585,61.57209102624251,126.0,61.37033483925889,0.8970810383558273,0.9346475660800934,0.9986067086458206,1.0,0.9925640180706977,1.0
36.52000000007513,154.97714250324918,28.326710439450864,128.13799708924446,62.129322286143605,126.0,61.33645048344033,0.8982933074235916,0.9353832602500916,0.9967852830886841,1.0,0.9884399697184563,1.0
36.54000000007295,155.0619667780263,28.260997926676325,128.3483195920549,62.68150027254914,126.0,61.30286985431052,0.8993324756622314,0.9362440347671509,0.9951058179140091,1.0,0.9841906487941742,1.0
36.56000000007077,155.1447188594709,28.199401059660016,128.55312503835566,63.221615249089844,126.0,61.26959908293632,0.9002492278814316,0.9371400356292724,0.9934104338288307,1.0,0.9799080997705459,1.0
36.580000000068594,155.22553108581315,28.14267083700436,128.74812264872259,63.74399910416481,126.0,61.23664424381152,0.9008807450532913,0.9381272494792938,0.9917183309793471,1.0,0.9758940890431403,1.0
36.600000000066416,155.30441816682375,28.091508042165408,128.929350400546,64.24246845733856,126.0,61.2040113537478,0.9013705164194107,0.9389952838420867,0.9905539169907569,1.0,0.9729826897382736,1.0
36.62000000006424,155.3813954762897,28.046742269771197,129.09220856110946,64.70930998982598,126.0,61.17170637077621,0.9017304912209511,0.9398527145385742,0.9894189760088921,1.0,0.9701603397727012,1.0
36.64000000006206,155.45650164506426,28.009220056431044,129.23128636036716,65.13523727037925,126.0,61.1397351930593,0.9020266473293305,0.9406730324029923,0.9883654803037643,1.0,0.9674815461039543,1.0
36.66000000005988,155.52990770017806,27.979849418617356,129.34082487747696,65.5097312904637,126.0,61.108103657814354,0.9023905023932457,0.9414565682411193,0.9874172389507293,1.0,0.9648905411362647,1.0
36.6800000000577,155.60188188433358,27.959671835604475,129.41509464824722,65.8215904624685,126.0,61.076817540247546,0.9027158632874489,0.9421720474958419,0.9865778058767318,1.0,0.9625152036547661,1.0
36.700000000055525,155.67280105955572,27.94962121938746,129.44882717749914,66.05991263142448,126.0,61.04588255249957,0.9029898911714553,0.9427827507257461,0.985935465991497,1.0,0.9603933170437813,1.0
36.720000000053346,155.74311644544576,27.950378336267885,129.43792679009522,66.21547323931654,126.0,61.015304342602725,0.9030733570456505,0.9432331562042237,0.9856553316116332,1.0,0.9585665181279183,1.0
36.74000000005117,155.81333916606815,27.962294633639353,129.37968944599842,66.28114342612047,126.0,60.98508849344971,0.9032006233930587,0.9435667157173157,0.9855416059494018,1.0,0.9570241585373879,1.0
36.76000000004899,155.88400732045523,27.98535794369488,129.2728874786913,66.25198478612543,126.0,60.95524052177429,0.9034054458141326,0.9435701131820678,0.9858025714755058,1.0,0.9561112776398658,1.0
36.78000000004681,155.95562976550926,28.01918978007752,129.1178248803451,66.12522302825417,126.0,60.92576587714411,0.9036391422152519,0.9433379411697388,0.9863424688577651,1.0,0.9556729197502136,1.0
36.80000000004463,156.028649654641,28.06305806573802,128.91635995125907,65.90024382630835,126.0,60.89666994096569,0.9038293063640594,0.9430693984031677,0.9869630515575408,0.9991537272930144,0.955406428873539,1.0
36.820000000042455,156.1034118848719,28.11589483079382,128.6720024935292,65.57856453138261,126.0,60.867958025501906,0.9042019680142402,0.9427704036235809,0.9878043979406357,0.9975472092628479,0.9554531976580619,1.0
36.84000000004028,156.1801356267929,28.176318981569935,128.39006211992591,65.16375847376858,126.0,60.83963537290211,0.90455641746521,0.9424240052700043,0.9887027859687805,0.9962196186184883,0.955924193561077,1.0
36.8600000000381,156.2588865938718,28.242486536855736,128.0775717812667,64.66138335017106,126.0,60.81170715424502,0.9045495912432671,0.942043998837471,0.9898623540997504,0.99522365629673,0.957272119820118,1.0
36.88000000003592,156.33954161573777,28.312507261182347,127.7432796332923,64.07910522393323,126.0,60.784178468594575,0.9042419463396072,0.9416538089513778,0.9910738229751587,0.9944721460342407,0.9589849561452866,1.0
36.90000000003374,156.42167788115373,28.384234264475488,127.39751590136115,63.42654731461942,126.0,60.75705434206901,0.9036826163530349,0.9410825878381729,0.992520722746849,0.9939279839396477,0.9614073887467384,1.0
36.920000000031564,156.5046626594988,28.455357296127747,127.05210926801394,62.71479601599735,126.0,60.730339726923155,0.9028914049267769,0.9401506006717681,0.9943682104349136,0.9935840621590614,0.9648983910679817,1.0
36.940000000029386,156.58769535275903,28.523473988121285,126.7201905766504,61.95603176814622,126.0,60.70403950064428,0.9018672347068787,0.939158147573471,0.9960260301828384,0.9936656281352043,0.9689668282866477,1.0
36.96000000002721,156.66978398626165,28.58652386454108,126.41539859184523,61.163441102136034,126.0,60.67815846506159,0.9005375117063522,0.938110226392746,0.9976204648613929,0.9941271513700485,0.9735650420188904,0.9996295735239982
36.98000000002503,156.74988981973573,28.642590893895086,126.15116157261272,60.351408785100745,126.0,60.6527013454695,0.8989889338612557,0.9369897425174712,0.9992880254983901,0.9949016481637954,0.9788354888558387,0.9978912696242332
37.00000000002285,156.8270553983431,28.689993275664857,125.93998492262025,59.535306936885725,126.0,60.62767278976491,0.8971883982419967,0.9358382970094681,1.0,0.9960581719875335,0.9845819026231766,0.9963740199804305
37.02000000002067,156.90045719633696,28.7272525078252,125.79304993815458,58.73156094490993,126.0,60.603077367598594,0.8958255410194397,0.9348579406738281,1.0,0.9974416643381119,0.9899104863405227,0.9949401780962943
37.040000000018495,156.96943308980966,28.753014871142213,125.7198961823714,57.957880782971294,126.0,60.5789195695409,0.8945995792746544,0.9342733442783355,1.0,0.9993206501007079,0.9945704266428947,0.994148801267147
37.060000000016316,157.03355881442607,28.766254566948717,125.72760591430149,57.232406213407685,126.0,60.55520380626188,0.8932948544621467,0.9337209701538086,1.0,1.0,0.9993668243288993,0.993499219417572
37.08000000001414,157.09270598282276,28.766641911096794,125.82027124550577,56.57214820728579,126.0,60.53193440772597,0.8921278566122055,0.9331643402576446,1.0,1.0,1.0,0.9926675736904144
37.10000000001196,157.1470751104625,28.75374644756963,125.9986430677681,55.99473073334863,126.0,60.509115622401445,0.89146349132061,0.9322997838258743,1.0,1.0,1.0,0.9911023795604705
37.12000000000978,157.19725280433505,28.72698904180635,126.25928345671524,55.517815924141516,126.0,60.48675161648478,0.8905053436756134,0.9314400732517242,1.0,1.0,1.0,0.9899017557501792
37.1400000000076,157.24409725105988,28.685954538014016,126.59433593733029,55.157300099500475,126.0,60.46484647313996,0.889031894505024,0.9305756688117981,1.0,1.0,1.0,0.9893935978412628
37.160000000005425,157.28864707249147,28.630462097798443,126.99227364311872,54.92581248810903,126.0,60.44340419175297,0.8885212689638138,0.9299233913421631,1.0,1.0,1.0,0.9876888304948807
37.18000000000325,157.33206872290913,28.560734096227677,127.4393922287748,54.831719451285416,126.0,60.42242868720165,0.8880380779504776,0.9294203877449035,1.0,1.0,1.0,0.9864849388599395
37.20000000000107,157.3754731690681,28.47744362757534,127.92098528243883,54.87709009871226,126.0,60.4019237891409,0.8876674950122833,0.929062357544899,1.0,1.0,1.0,0.9857149973511695
37.21999999999889,157.41981096803542,28.38146021405216,128.42205114292994,55.05812947187495,126.0,60.38189324130346,0.8874306917190552,0.9288559973239898,1.0,1.0,1.0,0.985390467941761
37.23999999999671,157.4659175668655,28.27346827122147,128.92786439925686,55.366390664554295,126.0,60.36234070081638,0.8873453482985496,0.9288015216588974,1.0,1.0,1.0,0.9855047345161437
37.259999999994534,157.51464622618423,28.154442856678713,129.4244804363758,55.78997430466388,126.0,60.34326973753337,0.8874186933040619,0.9288946390151978,1.0,1.0,1.0,0.9860448241233826
37.279999999992356,157.56658640988974,28.025619133685076,129.8991644021906,56.31489674224714,126.0,60.324683833382956,0.8878218740224838,0.929105406999588,1.0,1.0,1.0,0.9867153003811836
37.29999999999018,157.62204826574424,27.888480966559253,130.3407387743308,56.92597682598366,126.0,60.3065863817328,0.8887431412935257,0.9294002532958984,1.0,1.0,1.0,0.9871687188744545
37.319999999988,157.68107563247477,27.744852624916874,130.73984620849518,57.60749876552827,126.0,60.28898068677012,0.8898472860455513,0.9298074752092361,1.0,1.0,1.0,0.9878743410110473
37.33999999998582,157.74345230281781,27.596924883232333,131.08912715523815,58.34374755815164,126.0,60.27186996289845,0.8910460233688354,0.9302744477987289,1.0,1.0,1.0,0.9887226253747939
37.35999999998364,157.80875989706794,27.44724086210759,131.38331426973264,59.11763923973748,126.0,60.25525733415074,0.8920427232980728,0.930852472782135,0.9991015136241912,1.0,1.0,0.9904125332832336
37.379999999981464,157.87640424386953,27.30091300494534,131.61924796887558,59.9069506649027,126.0,60.239145833618984,0.8932327255606651,0.9316594064235687,0.9962599724531174,1.0,1.0,0.9926411315798759
37.399999999979286,157.94672128891216,27.162623360533363,131.79581952443107,60.69208057383052,126.0,60.223538402900445,0.8948278397321701,0.9330441057682037,0.9935805216431617,1.0,0.995533800125122,0.9956049188971519
37.41999999997711,158.01815778881888,27.035685409703486,131.91385037876915,61.458472828742956,126.0,60.208437891560585,0.8964654624462127,0.9343440383672714,0.9911297246813774,1.0,0.9883697673678398,0.9985248744487762
37.43999999997493,158.09068298692,26.922356114089546,131.97591647563576,62.195874634581266,126.0,60.19384705661281,0.8982704818248749,0.9353606939315796,0.9890558630228042,1.0,0.9820419311523437,1.0
37.45999999997275,158.16322096473831,26.824128590736123,131.98594943610962,62.89719059377787,126.0,60.179768562015084,0.8996199190616607,0.9363275498151779,0.9876236125826835,1.0,0.977498823404312,1.0
37.47999999997057,158.23460225521953,26.742006043166217,131.94794764868178,63.556883217226286,126.0,60.16620497818356,0.900770890712738,0.9372725188732147,0.986248242855072,1.0,0.9731194823980331,1.0
37.499999999968395,158.3042085828822,26.677465948187127,131.86431440234765,64.16949586800973,126.0,60.153158781523274,0.9016339719295502,0.9382448196411133,0.984804843366146,1.0,0.9688049703836441,1.0
37.51999999996622,158.3716909435534,26.63239893593184,131.73595457540756,64.72657219587732,126.0,60.14063235397601,0.9023797377943993,0.9390686422586441,0.9836777299642563,1.0,0.9651246130466461,1.0
37.53999999996404,158.4368850725894,26.608396840894777,131.56288335900382,65.21620193557658,126.0,60.12862798258543,0.9029198229312897,0.939828860759735,0.9826639264822006,1.0,0.9618156790733338,1.0
37.55999999996186,158.4997279716734,26.605828009892438,131.34501271050215,65.62634832862712,126.0,60.11714785907947,0.9035104274749756,0.9405332088470458,0.9818074077367782,1.0,0.9587561637163162,1.0
37.57999999995968,158.56023549719572,26.62364094484307,131.0829813316821,65.94761173474814,126.0,60.10619407947024,0.9040090546011924,0.9411487489938736,0.9811010524630546,1.0,0.9560793951153755,1.0
37.599999999957504,158.6185181919679,26.659989359537125,130.77824957261106,66.1724898200848,126.0,60.09576864367127,0.9043343037366867,0.9416211843490601,0.9806893736124038,1.0,0.9538152039051055,1.0
37.619999999955326,158.67480673941787,26.712774632386594,130.43298285177266,66.29446628366914,126.0,60.08587345513243,0.904384371638298,0.9416988611221313,0.9809023678302764,0.9991191759705543,0.9522795185446739,1.0
37.63999999995315,158.72941020083888,26.779891861825178,130.0502680837969,66.30809707770057,126.0,60.07651032049236,0.9044845074415206,0.9413416355848312,0.9815826520323753,0.9969956576824188,0.9515710979700088,1.0
37.65999999995097,158.78273534769357,26.85916885733435,129.6341381133278,66.20926447333058,126.0,60.06768094924864,0.9045466855168343,0.9409609138965607,0.9823514714837074,0.9949496686458588,0.9510680764913558,1.0
37.67999999994879,158.8351802890273,26.94870565980009,129.18954983363963,65.99545827130073,126.0,60.05938695344569,0.9047837972640991,0.9405425608158111,0.9829857468605041,0.9931269064545631,0.9505460605025291,1.0
37.69999999994661,158.8870844247892,27.046569799700055,128.72237936987125,65.66619521049961,126.0,60.051629847380404,0.9050027191638946,0.9401030719280242,0.9836080193519592,0.9915105938911437,0.9501744851469993,1.0
37.719999999944434,158.93875914183107,27.150838354800698,128.2397657958601,65.22346535150979,126.0,60.04441104732571,0.9050714641809463,0.9396540522575378,0.9843109503388404,0.9900847271084785,0.9500774070620537,1.0
37.739999999942256,158.99034941712952,27.259400262054726,127.7511314964132,64.67229115145932,126.0,60.03773187127197,0.9048932090401649,0.9391957253217696,0.9852069199085235,0.9889080062508583,0.9505347415804862,1.0
37.75999999994008,159.04178149729873,27.369779638881475,127.26871530986837,64.02099102265198,126.0,60.031593538686366,0.9041803985834121,0.9387199908494949,0.9866781696677207,0.9881368398666381,0.9524734959006309,1.0
37.7799999999379,159.09278744025906,27.479280418416977,126.8066876538134,63.280588447458264,126.0,60.025997170290225,0.9031845569610596,0.9382614403963089,0.9882401585578918,0.9876815751194954,0.9549260541796684,1.0
37.79999999993572,159.14333402718935,27.58511387006408,126.37978093645526,62.46388885134047,126.0,60.020943787854414,0.9019091665744782,0.9378224432468414,0.9899018093943596,0.9875518009066582,0.957983124256134,1.0
37.81999999993354,159.19309628652084,27.68448382753028,126.00225066180684,61.58477339459133,126.0,60.016434314012805,0.9004632860422134,0.936941784620285,0.9919120267033577,0.98779978454113,0.9624805629253387,0.999534811079502
37.839999999931365,159.24074770302173,27.774929690884754,125.68720810330986,60.65778178515206,126.0,60.01246957209379,0.898835676908493,0.935820710659027,0.9939569249749183,0.9885460332036018,0.9682090863585472,0.9971308588981628
37.85999999992919,159.28626566704656,27.854282141806745,125.44630936843706,59.69824353015967,126.0,60.009050285969984,0.8969519793987274,0.9346502214670181,0.9960873946547508,0.989753197133541,0.9748312324285506,0.9949737101793289
37.87999999992701,159.3286308913282,27.920609928262813,125.28974169730608,58.723013991647,126.0,60.006177079926054,0.894903227686882,0.9334271073341369,0.9983194038271903,0.9914021253585815,0.9823666214942932,0.9928623735904694
37.89999999992483,159.36736974088066,27.972418876624324,125.22574017671487,57.750323335858894,126.0,60.003850478544734,0.8929139226675034,0.9323488235473633,0.9999981850385665,0.9935411959886551,0.9889356419444084,0.991476359963417
37.91999999992265,159.4023285957368,28.00895122906379,125.26017017021853,56.79899774885976,126.0,60.00207090661105,0.8911805808544159,0.9317160189151764,1.0,0.9962069272994994,0.9951076284050941,0.9902555301785468
37.939999999920474,159.4334384209343,28.030501369649766,125.39637217106144,55.88756576190913,126.0,60.00083868903478,0.88953008800745,0.9312151700258254,1.0,0.9993358805775642,1.0,0.9890322595834732
37.959999999918296,159.46079768812504,28.0370051276543,125.63477728901927,55.03747588259324,126.0,60.0001540507911,0.8881870701909065,0.9304521173238754,1.0,1.0,1.0,0.9874506950378418
37.97999999991612,159.48471161942157,28.02797798263385,125.9726970839839,54.272948962791546,126.0,60.00001711687956,0.8871013388037682,0.9294976443052292,1.0,1.0,1.0,0.9857021898031234
37.99999999991394,159.50566740841916,28.002745141565413,126.40418255296007,53.61918661677516,126.0,60.00042791230119,0.8868642896413803,0.9285126566886902,1.0,1.0,1.0,0.9828951328992843
38.01999999991176,159.52433656423884,27.96084337582721,126.9193002880157,53.09932430119109,126.0,60.001386362054006,0.8861297130584717,0.9275083482265473,1.0,1.0,1.0,0.9813042923808097
38.03999999990958,159.54164447850744,27.901892717679715,127.5032172493773,52.73231972878373,126.0,60.00289229114666,0.8855664178729057,0.9266657501459121,1.0,1.0,1.0,0.9800721168518066
38.059999999907404,159.55875755799198,27.82603717557035,128.13733913591676,52.530877225084346,126.0,60.00494542463039,0.8853488594293594,0.9260212421417237,1.0,1.0,1.0,0.9785085991024971
38.079999999905226,159.57673020524138,27.733834396296604,128.8017263031762,52.499185262185925,126.0,60.007545387649266,0.8850879117846489,0.9255106389522553,1.0,1.0,1.0,0.9773955449461936
38.09999999990305,159.59653083107628,27.6259885314426,129.47655714502758,52.63400111062526,126.0,60.01069170550857,0.8848539024591445,0.9251361221075057,1.0,1.0,1.0,0.9766757160425186
38.11999999990087,159.61955320508213,27.503251013594983,130.14290743860352,52.92652529305212,126.0,60.01438380376149,0.8846794113516807,0.9249031588435173,1.0,1.0,1.0,0.9763216376304626
38.13999999989869,159.64584572918912,27.3665488566061,130.78334588603863,53.363683219676446,126.0,60.01862100831401,0.8846481367945671,0.9248364120721817,1.0,1.0,1.0,0.9765524461865425
38.15999999989651,159.67541558410304,27.217239262385547,131.38241854492946,53.9294121973087,126.0,60.023402545547974,0.8847800478339195,0.9249378934502601,1.0,1.0,1.0,0.9774033412337303
38.179999999894335,159.70943519555536,27.056907059993048,131.92701825193922,54.605950256543615,126.0,60.02872754246234,0.8850570663809776,0.925176453590393,1.0,1.0,1.0,0.9785215452313423
38.19999999989216,159.74737834315852,26.88678454961124,132.40664231588087,55.37475608408556,126.0,60.03459502683256,0.8865453034639358,0.9255238711833954,1.0,1.0,1.0,0.9792856663465499
38.21999999988998,159.78882138382508,26.70902957837095,132.81353947870463,56.2172173431945,126.0,60.04100392738808,0.8880305767059326,0.9259382277727127,1.0,1.0,1.0,0.9802154272794723
38.2399999998878,159.83323221095955,26.526679278612264,133.14275155451028,57.11376479943476,126.0,60.04795307400795,0.8893699780106544,0.9264602839946746,1.0,1.0,1.0,0.981665576994419
38.25999999988562,159.8799597075376,26.34498176562584,133.3920587941388,58.04030949077542,126.0,60.05544119793446,0.890720447897911,0.9270637810230254,0.9991081565618515,1.0,1.0,0.9832880452275276
38.279999999883444,159.92824278758482,26.16925582881688,133.56183941796536,58.97361837875949,126.0,60.063466932004744,0.8923078685998916,0.9280153840780258,0.9959335923194885,1.0,1.0,0.9853352278470993
38.299999999881265,159.97734258581428,26.003844820594807,133.65485515130095,59.89413603615561,126.0,60.07202881090047,0.8941684275865555,0.9294169187545777,0.9932027101516723,1.0,1.0,0.9874972850084305
38.31999999987909,160.02641021743324,25.851918856901754,133.67597583707044,60.78711377915891,126.0,60.08112527141531,0.8957833498716354,0.9309765070676803,0.9900832295417785,1.0,0.9935871064662933,0.9905279889702796
38.33999999987691,160.07426320129974,25.7159429893544,133.63185701922274,61.6420596907289,126.0,60.090754652740365,0.8969307631254196,0.9324916332960128,0.987118150293827,1.0,0.9856178164482117,0.993694993853569
38.35999999987473,160.11973981478874,25.597881547687958,133.53040224059436,62.45147892335746,126.0,60.1009151967674,0.898055475950241,0.9336414247751236,0.985165274143219,1.0,0.979999965429306,0.9951068729162216
38.37999999987255,160.16278222557796,25.498948759622717,133.3792533109395,63.21012693481099,126.0,60.11160504840985,0.899150389432907,0.9346720188856125,0.9836508139967918,1.0,0.9749604791402816,0.9967187866568565
38.399999999870374,160.20235749073922,25.420414779393642,133.1837807356416,63.91430665790847,126.0,60.12282225594144,0.9000502660870552,0.9356524467468261,0.9822807997465133,1.0,0.9702949866652488,0.9986092299222946
38.419999999868196,160.23798527647585,25.363796095355024,132.94716693958438,64.56047276123148,126.0,60.13456477135264,0.9006899684667588,0.9366409838199615,0.9809115052223205,1.0,0.9658545225858688,1.0
38.43999999986602,160.2696554922082,25.330880777932194,132.6704044849467,65.14063987476136,126.0,60.14683045072451,0.9012531518936157,0.9374814808368682,0.9798698067665099,1.0,0.9621083796024322,1.0
38.45999999986384,160.29779800334902,25.323130013483777,132.3529444539713,65.64256114618932,126.0,60.15961705462013,0.9017596378922462,0.9382502645254135,0.9789932250976562,1.0,0.9587770402431488,1.0
38.47999999986166,160.32307255870575,25.34072318864957,131.99423314118593,66.05422438909056,126.0,60.172922248493514,0.9029319912195205,0.9388847410678863,0.9784471899271011,1.0,0.9556788295507431,1.0
38.49999999985948,160.3462213531326,25.38286310109219,131.59454554886076,66.36447195446702,126.0,60.1867436031158,0.9034440159797669,0.9394393056631088,0.9778596699237823,0.9997582748532294,0.9530755624175071,1.0
38.519999999857305,160.36803648882463,25.4481843166415,131.15513079970603,66.56290455272955,126.0,60.20107859501883,0.9034330859780312,0.9397812515497207,0.9777604147791862,0.9976963758468628,0.9509592682123184,1.0
38.53999999985513,160.3893599552665,25.5346769376953,130.67815826050622,66.64105575015138,126.0,60.21592460695579,0.9034797787666321,0.9394574016332626,0.978406536579132,0.9953971862792969,0.9500088766217232,1.0
38.55999999985295,160.4110083253127,25.63948022644388,130.16696669098204,66.59406790222641,126.0,60.23127892837916,0.903690207004547,0.9390114039182663,0.9791546672582626,0.9931658968329429,0.9493039697408676,1.0
38.57999999985077,160.4336711891266,25.759154491707626,129.62617674796272,66.42020684740454,126.0,60.24713875593554,0.9041826605796813,0.9385500192642212,0.9797560945153236,0.9911449864506721,0.9485379666090011,1.0
38.59999999984859,160.4578295581556,25.890268137261987,129.06180073923298,66.12012678761832,126.0,60.26350119397746,0.904605957865715,0.9381128817796707,0.980461260676384,0.9892853394150734,0.9480186730623245,1.0
38.619999999846414,160.48410861456665,26.029713650517788,128.4812929053152,65.6966959941479,126.0,60.28036325509214,0.9049011349678039,0.937716943025589,0.9812763303518295,0.9876397728919982,0.9477734431624413,1.0
38.639999999844235,160.5129568343308,26.174124506366073,127.89474390913045,65.15519024100632,126.0,60.297721860646845,0.9048680186271667,0.9372796088457107,0.9823310464620589,0.98629080504179,0.9482185065746307,1.0
38.65999999984206,160.54354175125243,26.320459105506313,127.31542720876368,64.50384053435538,126.0,60.315573841351,0.9042372301220893,0.9367622017860412,0.9839146763086318,0.9853614553809166,0.9501064643263817,1.0
38.67999999983988,160.57540991690064,26.465504899132846,126.75882898873101,63.753426245562,126.0,60.33391593783485,0.9032705128192902,0.936265742778778,0.9856119245290755,0.984774212539196,0.952560918033123,1.0
38.6999999998377,160.6079663617116,26.60595620246464,126.24118593545663,62.91646565805141,126.0,60.35274480124454,0.9019757211208344,0.9357942104339599,0.9874265193939209,0.9845328718423842,0.9556758165359497,0.9980499356985092
38.71999999983552,160.640397497571,26.739026829526647,125.77851466888407,62.00670308538536,126.0,60.372056993853505,0.9004353821277619,0.9351385086774826,0.9893304541707039,0.9847273096442222,0.9598580062389374,0.9955444931983948
38.739999999833344,160.67172444572054,26.862095926858803,125.38589104685614,61.03880155134375,126.0,60.39184898969018,0.9023159235715866,0.9326381713151931,0.993700934946537,0.9819819524884223,0.971041664481163,0.9793291807174682
38.759999999831166,160.70095596580634,26.972834226545135,125.07705089913922,60.02857779328561,126.0,60.41211717518172,0.902999010682106,0.9305358290672302,0.9973616361618042,0.9808843120932579,0.9811641424894333,0.9741750121116638
38.77999999982899,160.72718391636542,27.06924728046227,124.86423656049278,58.993667778812814,126.0,60.43285784981376,0.9031756341457366,0.9306486696004868,1.0,0.9829112619161605,0.9914963245391846,0.9741454049944878
38.79999999982681,160.74968868601903,27.149896591326634,124.75760262743285,57.952683360112985,126.0,60.454067226806075,0.903152821958065,0.9306124061346054,1.0,0.9855611056089401,1.0,0.9741930142045021
38.81999999982463,160.76801846275757,27.21449634125787,124.76462331101189,56.9235055211481,126.0,60.475741433803925,0.9004008889198303,0.9302560925483704,1.0,0.9893036901950836,1.0,0.9740858554840087
38.83999999982245,160.78169154585194,27.262419016257226,124.89074906136398,55.928885043732606,126.0,60.497876513585084,0.8989209800958633,0.9292418241500854,1.0,0.9942020654678344,1.0,0.9738836213946342
38.859999999820275,160.78946148593155,27.29084577251485,125.14258978279518,55.00368584448486,126.0,60.52046842478234,0.896612161397934,0.9268445998430251,1.0,1.0,1.0,0.9748109012842178
38.8799999998181,160.78973116963482,27.296563234390348,125.52495195567717,54.18786838346072,126.0,60.54351304262133,0.9005371496081352,0.9251187324523925,1.0,1.0,1.0,0.9740204632282257
38.89999999981592,160.78105529840047,27.27793935046882,126.03631529427074,53.51942758353993,126.0,60.56700615967366,0.896293631196022,0.9218283504247665,1.0,1.0,1.0,0.9735525384545326
38.91999999981374,160.7626616709813,27.234848109072765,126.66629932437074,53.02884764835603,126.0,60.590943486625086,0.8945523455739021,0.9195944100618362,1.0,1.0,1.0,0.9730618461966514
38.93999999981156,160.73491842982574,27.167955854271085,127.39633638386601,52.73379476339653,126.0,60.61532065305862,0.8926556885242461,0.9185585275292396,1.0,1.0,1.0,0.9722632989287376
38.959999999809384,160.69899058622744,27.077348448529158,128.2012238786712,52.64277176659161,126.0,60.64013320825251,0.8887791097164154,0.9168407469987869,1.0,1.0,1.0,0.9714417830109596
38.979999999807205,160.65633546799648,26.9613388017243,129.05164601059545,52.75962460103848,126.0,60.66537662199278,0.887606130540371,0.9154586091637611,1.0,1.0,1.0,0.9708687424659729
38.99999999980503,160.60789435981184,26.82144342689105,129.91845101070604,53.07151404347966,126.0,60.69104628540043,0.8867160618305207,0.9142575651407242,1.0,1.0,1.0,0.9696923926472664
39.01999999980285,160.5552249253592,26.659178305584806,130.77425156306415,53.55866664554646,126.0,75.08134675544926,0.8874454483389854,0.9149358063936234,1.0,1.0,1.0,0.9693185016512871
39.03999999980067,160.50016638500074,26.476008683648182,131.59414200031097,54.19830955982346,126.0,72.8378976859504,0.8880827724933624,0.9142940521240234,1.0,1.0,1.0,0.9693970590829849
39.05999999979849,160.4446239222723,26.273837738062348,132.35627180942325,54.966270855905655,126.0,72.67606170557707,0.8886950314044952,0.9143157333135604,1.0,1.0,1.0,0.969413836300373
39.079999999796314,160.39075340903952,26.05430015735927,133.04227361388527,55.8382029595931,126.0,72.51475795497078,0.889461275935173,0.9146352067589759,1.0,1.0,1.0,0.9693810284137725
39.099999999794136,160.3404412842639,25.819372360298964,133.63754846467708,56.79051497694995,126.0,72.35425145577014,0.8912249892950058,0.9156739547848701,1.0,1.0,1.0,0.9692951753735541
39.11999999979196,160.29444171432905,25.571796083925584,134.13141455027488,57.8011978899101,126.0,72.19480591973185,0.893237817287445,0.9154536560177803,1.0,1.0,1.0,0.9681416198611259
39.13999999978978,160.25441295566966,25.3148731541792,134.51712645538333,58.85005840141855,126.0,72.03668331545289,0.8964800938963889,0.9158043503761292,1.0,1.0,1.0,0.9667081803083419
39.1599999997876,160.22031795847,25.05211692258508,134.79177414878194,59.9188743929103,126.0,71.88014343795683,0.8982472896575927,0.9156032025814056,1.0,1.0,1.0,0.9650740444660186
39.17999999978542,160.19115034266824,24.787479272301145,134.95607500421983,60.9916276908692,126.0,71.7254434818513,0.9008153796195983,0.9158303767442703,1.0,1.0,1.0,0.9636680170893669
39.199999999783245,160.1655665299413,24.525053429231086,135.01406954262382,62.05464257079193,126.0,71.57283761875793,0.90083427131176,0.915709364414215,1.0,1.0,1.0,0.9629245221614837
39.219999999781066,160.14185621159865,24.269135481529403,134.97273489902258,63.09671139164027,126.0,71.42257657970902,0.9012203305959702,0.9162298157811165,1.0,1.0,1.0,0.9633874356746673
39.23999999977889,160.11784591023684,24.023186170901766,134.8415329560969,64.10940778604899,126.0,71.27490724319709,0.9002598583698272,0.9161313205957412,1.0,1.0,1.0,0.9645080313086509
39.25999999977671,160.0908951534578,23.78962996281259,134.63191099278626,65.0870469368898,126.0,71.13007222955424,0.8996389806270599,0.9180961638689041,1.0,1.0,1.0,0.9669040530920028
39.27999999977453,160.05951560264262,23.570525518590404,134.35677360606266,66.0264255037452,126.0,70.98830950232755,0.8996657580137253,0.9199771210551262,0.9972054779529571,1.0,1.0,0.9689363673329353
39.29999999977235,160.02153354255987,23.36673669911309,134.02994715458007,66.92629669530774,126.0,70.84985197730556,0.9000941470265388,0.9217261493206024,0.9942543283104897,1.0,1.0,0.970805062353611
39.319999999770175,159.97457012793646,23.178894264035964,133.66565463267565,67.78535178027063,126.0,70.71492713983825,0.900316596031189,0.9232528135180473,0.9914847329258918,1.0,1.0,0.972864082455635
39.339999999768,159.91714778159778,23.00938079802159,133.27801753176226,68.59861212266918,126.0,70.58375667107926,0.900391599535942,0.9246820241212844,0.9889634430408477,1.0,1.0,0.9749769747257232
39.35999999976582,159.84861535053312,22.86064853409543,132.88060081397632,69.36065645990514,126.0,70.45655608376428,0.9004698932170868,0.9261428087949752,0.9865150734782219,1.0,0.996418571472168,0.9777732089161872
39.37999999976364,159.76902629710835,22.73601969880364,132.48542612101355,70.06536982879251,126.0,70.33353436812423,0.9005629301071166,0.9275819659233093,0.984344071149826,1.0,0.9892331346869468,0.9812767416238785
39.39999999976146,159.679229158778,22.638443254672882,132.10051700358514,70.70802232422288,126.0,70.21489364851485,0.9007031470537186,0.9287316054105759,0.9825689718127251,1.0,0.9830783858895301,0.9845240518450736
39.419999999759284,159.580736928647,22.57029751984264,131.72956800460813,71.28631966333174,126.0,70.10082885132687,0.9009451940655708,0.9296104669570923,0.9811785191297531,0.9996596187353134,0.9780848369002342,0.9873183369636536
39.439999999757106,159.47550589197763,22.533195280751475,131.37259734948884,71.79993485685942,126.0,69.9915273847225,0.9008538156747817,0.9307484835386276,0.9800010830163955,0.9988574549555778,0.9737557649612426,0.9899446755647658
39.45999999975493,159.36583808048525,22.528041036112764,131.0267278972681,72.24923664119491,126.0,69.88716883072438,0.9006694495677948,0.93181993663311,0.9790400654077529,0.9981742605566978,0.9700999364256858,0.9923005357384681
39.47999999975275,159.2542528711504,22.555553145586636,130.68686670206938,72.63135348888422,126.0,69.78792465016262,0.9004042416810989,0.9328833252191543,0.9780893921852112,0.9976796925067901,0.9667011752724647,0.9947024852037429
39.49999999975057,159.1433559826166,22.616260543495855,130.3466098165005,72.93785650717383,126.0,69.69395790096529,0.9001572102308273,0.9337844669818878,0.9775291547179221,0.9970935940742492,0.9642212137579917,0.9964091703295708
39.51999999974839,159.03566653084474,22.709892296858854,129.99932498409703,73.15762492091984,126.0,69.60542297025452,0.8999352753162384,0.9345848739147186,0.9771551832556724,0.9964915722608566,0.9622271925210952,0.9977648615837097
39.539999999746215,158.93345565556046,22.83488823495698,129.63923180640984,73.2800113388042,126.0,69.522465320689,0.9000210389494896,0.9352212995290756,0.9771424561738967,0.9953979015350342,0.9606769159436226,0.9982715308666229
39.559999999744036,158.83875688131113,22.98887793618034,129.2620921376867,73.29625827355976,126.0,69.44522125146908,0.9003137618303299,0.9355747520923614,0.977894239127636,0.9932598143815994,0.9595532134175301,0.9976349085569381
39.57999999974186,158.75327392496916,23.168738175811008,128.86537101594536,73.20014020884493,126.0,69.37381767439763,0.9003022015094757,0.9358050465583801,0.9783952981233597,0.9918238446116447,0.9587225645780563,0.9964950814843178
39.59999999973968,158.6785040629688,23.37047886970396,128.4481370368843,72.98802951194536,126.0,69.30837190536428,0.9003068327903747,0.935882893204689,0.9790055632591247,0.9905710875988006,0.9583912178874016,0.994808030128479
39.6199999997375,158.61557513610595,23.589929779816003,128.0114222165955,72.65996942610815,126.0,69.24899147159567,0.900351294875145,0.9358164727687835,0.9799165219068526,0.9893536150455474,0.9587123274803161,0.9927471593022346
39.63999999973532,158.56514940952155,23.822956919906176,127.55839986496534,72.21983124086015,126.0,69.19577393498855,0.9003624394536018,0.935616648197174,0.9811514645814895,0.9882351830601692,0.9597506418824195,0.9904119163751601
39.659999999733145,158.5277796816063,24.064929337611552,127.09503489083325,71.67446962244843,126.0,69.14880673181581,0.9002413064241409,0.9352250456809997,0.9826909452676773,0.987267978489399,0.9615917280316353,0.9880176156759262
39.67999999973097,158.5031370867527,24.312092425845677,126.63078658346554,71.0305055433961,126.0,69.10816702906891,0.8999887004494667,0.9346862167119979,0.9840749472379684,0.9866884514689445,0.9641981199383736,0.9859569460153579
39.69999999972879,158.4906578228728,24.561459290130863,126.17716732433848,70.29678334173963,126.0,69.07392159767274,0.8995027333498001,0.9339968174695968,0.9857095435261726,0.9863727733492851,0.967745466530323,0.983963930606842
39.71999999972661,158.48846729977396,24.80923112521894,125.7467947743902,69.48519057253442,126.0,69.04612670278115,0.8987519964575768,0.933170160651207,0.9875858873128891,0.9863534033298492,0.9722797185182571,0.9820841133594512
39.73999999972443,158.49506763961662,25.051792966778745,125.35304135980311,68.61056833479431,126.0,69.02482801133345,0.8977951496839524,0.9321779310703278,0.9897857680916786,0.9866074264049529,0.9780410543084144,0.9800831496715545
39.759999999722254,158.50880339018332,25.285681596235552,125.00970428669935,67.69057135225977,126.0,69.01006051702377,0.8965581238269805,0.9312698781490326,0.99163658618927,0.9873637914657593,0.9833595260977744,0.9789833143353461
39.779999999720076,158.5278981255121,25.507065393567444,124.73039211451675,66.74541218421801,126.0,69.00184848280648,0.8951310992240905,0.9303663671016693,0.9933562219142913,0.9885513797402381,0.9887620717287063,0.9782684251666068
39.7999999997179,158.55069297883432,25.71238119188406,124.52740933323007,65.79743602335157,126.0,69.0002054010322,0.8935024753212929,0.9294209241867065,0.9951292604207992,0.9901830077171325,0.9947343364357948,0.9777038559317588
39.81999999971572,158.57661084883938,25.898435456709265,124.41126355001748,64.8708274357932,126.0,69.00513397128002,0.8920641362667083,0.9288192510604858,0.9975554883480071,0.9922751933336258,1.0,0.9770608410239219
39.83999999971354,158.6030892788046,26.062512147999033,124.39039321155754,63.99130353807358,126.0,69.01662609592192,0.8910066664218902,0.9280741959810257,1.0,0.9950368538498878,1.0,0.9764182105660438
39.85999999971136,158.62850619872805,26.202009048119347,124.47081820776273,63.18540433304315,126.0,69.03466289342731,0.8899401038885116,0.9272278338670731,1.0,0.998477153480053,1.0,0.9761710092425346
39.879999999709185,158.6518949021647,26.315221085535097,124.65518043562582,62.47825176377942,126.0,69.05921472938526,0.8889048159122467,0.9264171808958054,1.0,1.0,1.0,0.9758599489927291
39.899999999707006,158.67257449277903,26.401163580142125,124.94228284053743,61.89207885825362,126.0,69.09024126519378,0.8883152082562447,0.9260263115167617,1.0,1.0,1.0,0.9760324060916901
39.91999999970483,158.69016861412646,26.45947906666553,125.3272940412249,61.44546304214708,126.0,69.12769152433599,0.8874326810240746,0.9257748812437058,1.0,1.0,1.0,0.9760776236653328
39.93999999970265,158.70446834732422,26.490539709939053,125.80244997013948,61.151618560501355,126.0,69.17150397613449,0.8870420306921005,0.9254118442535401,1.0,1.0,1.0,0.9752949774265289
39.95999999970047,158.71540620257136,26.495317898356053,126.35666242989255,61.01566361419798,126.0,69.22160663684602,0.8869838625192642,0.9249647200107575,1.0,1.0,1.0,0.9743381395936012
39.97999999969829,158.7232656244129,26.47527536788669,126.97417969848162,61.03525796599178,126.0,69.27791718793061,0.886764743924141,0.9246145755052566,1.0,1.0,1.0,0.9734289065003394
39.999999999696115,158.72862367243596,26.431949237480517,127.6363976614235,61.203280223352074,126.0,69.34034311130071,0.8866056978702544,0.92438043653965,1.0,1.0,1.0,0.9724857211112976
40.01999999969394,158.7321963301571,26.36694988072667,128.32381372445397,61.509661945939186,126.0,69.40878184132818,0.8865298941731453,0.9242787316441535,1.0,1.0,1.0,0.972025565803051
