{"time": 300.0208387374878, "pos_press": 153.53448486328125, "neg_press": 10.228370666503906, "pos_ref": 101.325, "neg_ref": 0.0, "pos_ctrl": 1.0, "neg_ctrl": 1.0, "act_pos_press": 101.27230834960938, "act_neg_press": 101.31956481933594, "act_pos_ref": 101.325, "act_neg_ref": 0.0, "act_pos_ctrl1": 1.0, "act_pos_ctrl2": 1.0, "act_neg_ctrl1": 1.0, "act_neg_ctrl2": 1.0, "angle": 0.0, "angle_reference": 0.0, "angular_vel": 0.0, "flowrate1": 3.229236602783203, "flowrate2": 2.4727940559387207, "flowrate3": -0.28780102729797363, "flowrate4": 0.0, "flowrate5": -0.040209293365478516, "flowrate6": -0.01303553581237793}