{"time": 1000.0207114219666, "pos_press": 230.13909912109375, "neg_press": 15.67193603515625, "pos_ref": 101.325, "neg_ref": 0.0, "pos_ctrl": 1.0, "neg_ctrl": 1.0, "act_pos_press": 179.05673217773438, "act_neg_press": 99.59852600097656, "act_pos_ref": 101.325, "act_neg_ref": 0.0, "act_pos_ctrl1": 1.0, "act_pos_ctrl2": 1.0, "act_neg_ctrl1": 1.0, "act_neg_ctrl2": 1.0, "angle": 0.0, "angle_reference": 0.0, "angular_vel": 0.0, "flowrate1": 0.7278561592102051, "flowrate2": 1.0201215744018555, "flowrate3": 10.09768295288086, "flowrate4": 10.30844497680664, "flowrate5": 0.9467840194702148, "flowrate6": 0.3846406936645508}