{"time": 77.24250912666321, "sen_pos": 174.7145538330078, "sen_neg": 16.450218200683594, "ref_pos": 124.0, "ref_neg": 16.0, "ctrl_pos": 0.9772289991378784, "ctrl_neg": 0.7491785287857056}