{"time": 26.986526489257812, "sen_pos": 179.81585693359375, "sen_neg": 32.282073974609375, "ref_pos": 101.325, "ref_neg": 101.325, "ctrl_pos": 1.0, "ctrl_neg": 1.0}