{"time": 4836.19873046875, "sen_pos": 100.58602142333984, "sen_neg": 101.34988403320312, "ref_pos": 101.32499694824219, "ref_neg": 101.32499694824219, "ctrl_pos": 1.0, "ctrl_neg": 1.0}