{"time": 1000.0207114219666, "pos_press": 95.88941192626953, "neg_press": 101.2793197631836, "act_pos_ref": 101.32499694824219, "act_neg_ref": 0.0, "pos_ctrl": 1.0, "neg_ctrl": 1.0, "act_pos_press": 101.7906265258789, "act_neg_press": 101.32466888427734, "act_pos_ctrl1": 1.0, "act_pos_ctrl2": 1.0, "act_neg_ctrl1": 1.0, "act_neg_ctrl2": 1.0, "angle": 0.0, "angle_reference": 0.0, "angular_vel": 0.0, "flowrate1": 2.0169496536254883, "flowrate2": 1.9496798515319824, "flowrate3": 1.3550937175750732, "flowrate4": 0.9518563747406006, "flowrate5": 1.7559468746185303, "flowrate6": 0.7890880107879639, "time_ctrl_sent": 1000.0207114219666, "time_rt_raw": 1128.6680908203125, "time_delta_ms": 128647.37939834595, "pos_ref": 101.32499694824219, "neg_ref": 0.0}