{"time": 300.0208387374878, "pos_press": 149.37826538085938, "neg_press": 26.235794067382812, "act_pos_ref": 101.32499694824219, "act_neg_ref": 0.0, "pos_ctrl": 1.0, "neg_ctrl": 1.0, "act_pos_press": 101.50142669677734, "act_neg_press": 101.31956481933594, "act_pos_ctrl1": 1.0, "act_pos_ctrl2": 1.0, "act_neg_ctrl1": 1.0, "act_neg_ctrl2": 1.0, "angle": 0.0, "angle_reference": 0.0, "angular_vel": 0.0, "flowrate1": 13.739848136901855, "flowrate2": 14.946138381958008, "flowrate3": -0.29407739639282227, "flowrate4": 0.0, "flowrate5": -0.0344693660736084, "flowrate6": -0.009816884994506836, "time_ctrl_sent": 300.0208387374878, "time_rt_raw": 1429.6544189453125, "time_delta_ms": 1129633.5802078247, "pos_ref": 101.32499694824219, "neg_ref": 0.0}