{"time": 51.04399871826172, "sen_pos": 126.5857162475586, "sen_neg": 15.662343978881836, "ref_pos": 124.0, "ref_neg": 16.0, "ctrl_pos": 0.9886144995689392, "ctrl_neg": 0.8745892643928528}