curr_time,press_pos,press_neg,act_pos_press,act_neg_press,ref_act_pos,ref_act_neg,displacement,displacement_vel,ref_displacement,ctrl_ch_pos,ctrl_ch_neg,ctrl_act_pos_in,ctrl_act_pos_out,ctrl_act_neg_in,ctrl_act_neg_out,flowrate1,flowrate2,flowrate3,flowrate4,flowrate5,flowrate6
0.019999999999999934,137.6441400838022,39.02215187709672,107.88166116897915,93.77038665833294,113.0,86.98743396011665,5.3238915655776164,-10.348354811270156,15.247860710055967,0.8572986006736756,0.962586522102356,0.9941530674695969,0.8516995549201966,0.897629052400589,0.9735718126525171,,,,,,
0.019999999999999934,137.6441400838022,39.02215187709672,107.88166116897915,93.77038665833294,113.0,86.98743396011665,5.3238915655776164,-10.348354811270156,15.247860710055967,0.8572986006736756,0.962586522102356,0.9941940143704414,0.8516995549201966,0.897629052400589,0.9736260762671008,,,,,,
0.019999999999999934,137.6441400838022,39.02215187709672,107.88166116897915,93.77038665833294,113.0,86.98743396011665,5.3238915655776164,-10.348354811270156,15.247860710055967,0.8572986006736756,0.962586522102356,0.994234960526228,0.8516995549201966,0.897629052400589,0.9736803398700431,,,,,,
0.019999999999999934,137.6441400838022,39.02215187709672,107.88166116897915,93.77038665833294,113.0,86.98743396011665,5.3238915655776164,-10.348354811270156,15.247860710055967,0.8572986006736756,0.962586522102356,0.9942759074270725,0.8516995549201966,0.897629052400589,0.9737346034962684,,,,,,
0.019999999999999934,137.6441400838022,39.02215187709672,107.88166116897915,93.77038665833294,113.0,86.98743396011665,5.3238915655776164,-10.348354811270156,15.247860710055967,0.8572986006736756,0.962586522102356,0.994316854327917,0.8516995549201966,0.897629052400589,0.9737888670992106,,,,,,
0.04000000000000012,138.64063887315226,37.017725975161156,108.96591327810798,91.7529398971011,113.0,86.98743396011665,4.588360142613386,-45.75756277772742,15.247860710055967,0.8572986006736756,0.962586522102356,0.9943578012287617,0.8516995549201966,0.897629052400589,0.9738431307254359,,,,,,
0.06000000000000069,139.63279784116267,35.22342326855178,108.61883153234297,91.97044407564852,113.0,86.98743396011665,4.236786145050797,10.434775908933798,15.247860710055967,0.8572986006736756,0.962586522102356,0.9922215707600117,0.8516995549201966,0.897629052400589,0.9738812547409907,,,,,,
0.08000000000000126,140.5446193467118,33.68025680745348,107.30624838846835,93.6043461561691,113.0,86.98743396011665,4.304276387927651,-17.63552649439145,15.247860710055967,0.8572986006736756,0.962586522102356,0.9929507881402969,0.8516995549201966,0.897629052400589,0.9739211188163608,,,,,,
0.10000000000000184,141.35213498950515,32.411525680186394,108.67200266882617,91.63818893885696,113.0,86.98743396011665,3.8174798423585288,-11.590216741761333,15.247860710055967,0.8572986006736756,0.962586522102356,0.9956214904785157,0.8516995549201966,0.897629052400589,0.973974054120481,,,,,,
0.12000000000000241,142.0554775460407,31.422423334801767,107.53696017763772,93.12484927882349,113.0,86.98743396011665,4.034533777686381,18.640607278628213,15.247860710055967,0.8572986006736756,0.962586522102356,0.9929246082901955,0.8516995549201966,0.897629052400589,0.974011260131374,,,,,,
0.1400000000000009,142.65594709064854,30.702448770488264,107.9025828212446,92.68773131584351,113.0,86.98743396011665,4.080807674903056,-10.340309088444993,15.247860710055967,0.8572986006736756,0.962586522102356,0.995238408446312,0.8516995549201966,0.897629052400589,0.9740603594575077,,,,,,
0.1599999999999987,143.1617290520323,30.231618756451102,108.57056587494459,91.88044656330653,113.0,86.98743396011665,4.127499698316939,21.561736648499032,15.247860710055967,0.8572986006736756,0.962586522102356,0.9945479407906532,0.8516995549201966,0.897629052400589,0.9741059618070722,,,,,,
0.1799999999999965,143.5827238180253,29.981369566722172,107.9325140506479,92.93475521882436,113.0,86.98743396011665,4.6497061596289315,19.470459387811218,15.247860710055967,0.8572986006736756,0.962586522102356,0.9932474084198475,0.8516995549201966,0.897629052400589,0.974145105900243,,,,,,
0.1999999999999943,143.931769332238,29.919404005068806,108.94503757493504,91.67252462268415,113.0,86.98743396011665,4.874226047356954,11.73503070223124,15.247860710055967,0.8572986006736756,0.962586522102356,0.9945640563964844,0.8516995549201966,0.897629052400589,0.9741926844697446,,,,,,
0.2199999999999921,144.22009329303265,30.012106008364142,109.16376297031279,91.56657465672612,113.0,86.80029001948559,5.379036772991418,36.97281521259338,15.370207720961549,0.8572986006736756,0.962586522102356,0.9925714410841465,0.8516995549201966,0.897629052400589,0.9742316623684019,,,,,,
0.2399999999999899,144.46010149030332,30.22592951854135,109.14849249444246,91.8439290599376,113.0,86.78799289007794,6.090552038583899,29.45039174416301,15.378247078370986,0.8572986006736756,0.962586522102356,0.9921646766364575,0.8516995549201966,0.897629052400589,0.974269891018048,,,,,,
0.2599999999999877,144.66284464616035,30.529072236543374,110.02526125505132,90.68209112051989,113.0,86.78799289007794,6.616954858822674,28.60192106594568,15.378247078370986,0.8572986006736756,0.962586522102356,0.9922260366380214,0.8516995549201966,0.897629052400589,0.9743103384040296,,,,,,
0.2799999999999855,144.8383384531522,30.892989996674824,110.35765072945101,90.40783835665147,113.0,86.78799289007794,7.363765259192849,44.92428469067029,15.378247078370986,0.8572986006736756,0.962586522102356,0.9904962942004204,0.8516995549201966,0.897629052400589,0.9743414911441505,,,,,,
0.2999999999999833,144.99606454101718,31.292358169479584,110.49788502666553,90.4586221409755,113.0,86.78799289007794,8.267950579585147,42.3163683611607,15.378247078370986,0.8577512502670288,0.960065495967865,0.987079619243741,0.8521465122699738,0.8958076059818268,0.9735837758518755,,,,,,
0.3199999999999811,145.14448408333024,31.70633098953865,111.12895385140595,89.55643954555364,113.0,86.78799289007794,9.04910286830147,38.15330904744312,15.378247078370986,0.8577736973762513,0.9599375605583191,0.9866714995354414,0.8521686792373657,0.895717591047287,0.973573730327189,,,,,,
0.3399999999999789,145.29102639711854,32.11689718969062,111.62899679881201,88.89072357473748,113.0,86.78799289007794,9.889228522880305,46.71413257912785,15.378247078370986,0.8584467291831971,0.9559725761413574,0.9805116511881351,0.8528340339660645,0.8930312097072601,0.9723957741633058,,,,,,
0.35999999999997667,145.44081093183263,32.51096315978936,111.8370942925356,88.80271398845079,113.0,86.77572923905062,10.873986018111129,49.62403540175106,15.386264548992386,0.8592559933662415,0.9508820295333862,0.9722644701600075,0.8536352157592774,0.8898385345935822,0.9709231740795076,,,,,,
0.37999999999997447,145.59977219579392,32.878922997215334,112.19630167180617,88.32108130107407,113.0,86.76350100297627,11.81512352770741,44.32387292049241,15.394258866774194,0.8604965090751648,0.9510663628578186,0.9741416245698928,0.8568345069885255,0.8917396843433381,0.9708121006377042,,,,,,
0.39999999999997227,145.7698926656444,33.19989773311011,112.67849442742313,87.65973821031555,113.0,86.75131011283514,12.680839395143309,43.19425525432942,15.40222876932095,0.8622710227966309,0.9471189856529236,0.969453151524067,0.8604966640472412,0.8910381972789765,0.9695239662192762,,,,,,
0.41999999999997006,145.95406116791548,33.43301932558891,113.08735809630016,87.62632859164964,113.0,86.73915849371011,13.541412813360354,41.88649669117578,15.410172998092651,0.8638271152973176,0.945121705532074,0.9675624112598598,0.8641427278518677,0.8916261315345765,0.9687816594727338,,,,,,
0.43999999999996786,146.15364694227986,33.58626425471029,113.5600248263028,87.58033831231708,113.0,86.72704806448267,14.314749016294963,34.98443458794149,15.418090298603499,0.8653279781341553,0.9435737729072571,0.9667137817945332,0.8678173795223757,0.8924852192401886,0.9681653533130884,,,,,,
0.45999999999996566,146.37030993080796,33.680760388005375,114.10986438715479,87.13449372958597,113.0,86.71498073753003,14.958770102158882,30.499942880471238,15.425979420619942,0.8667284488677979,0.941342294216156,0.9651582316961139,0.8711080962715642,0.8927012324333191,0.9673849703744054,,,,,,
0.47999999999996346,146.60637173914844,33.72708428831967,114.51006185650033,86.7867284904335,113.0,86.70295841842297,15.572961516478502,31.344595491974047,15.433839118358176,0.8680199682712555,0.9401374459266663,0.9652397827710957,0.8743927391667967,0.8935348391532898,0.9668846203014254,,,,,,
0.49999999999996125,146.86267070580988,33.73367524431071,114.69758110735678,86.65098572384446,113.0,86.69098300562506,16.202988645424504,30.952248484620316,15.441668150680805,0.8694268465042114,0.9385948657989502,0.964935858687386,0.8779500026139431,0.8942718327045441,0.9662760002538562,,,,,,
0.519999999999959,147.13940422163526,33.698540876030975,114.8037652045267,86.34274294595579,113.0,86.6790563901928,16.783614194398794,26.727964761285723,15.44946528129287,0.8707567811012269,0.9360819816589355,0.964644988020882,0.8809737191331806,0.8948176631587558,0.9643560750409961,,,,,,
0.5399999999999568,147.43569396831376,33.620759174162956,114.88927390201064,85.77529120047937,113.0,86.66718045547702,17.274113837908246,22.684641372724055,15.457229278937067,0.8720213890075684,0.9339798569679261,0.9651511387433857,0.8839218183420599,0.8967022486031055,0.9623976809903979,,,,,,
0.5599999999999546,147.74940342945237,33.50138740883969,114.89951997186631,85.25646512942954,113.0,86.6553570768255,17.70534853560784,20.607305242126635,15.464958917588156,0.8733817696571351,0.9315326452255249,0.9654260949697345,0.8870588152203709,0.8995650503784418,0.9601687772199512,,,,,,
0.5799999999999524,148.07747489050436,33.34209380541214,114.82214209634874,84.87947088446869,113.0,86.64358812128675,18.09439365741974,18.015613220562265,15.472652976646604,0.8745224118232727,0.9298349738121032,0.9662226514425128,0.889783388201613,0.9023767750710249,0.9583606703206897,,,,,,
0.5999999999999502,148.4159611607186,33.14769720507278,114.71534475556561,84.46232988569383,113.0,86.63187544731534,18.416103289846067,14.058495175977937,15.480310241131267,0.8754620075225831,0.9288749814033508,0.9675205902662128,0.892136583395768,0.9047758877277374,0.9569817645475268,,,,,,
0.619999999999948,148.76033218678924,32.9214708577068,114.60713769511231,84.00659604656735,113.0,86.6202209044782,18.660032642525547,10.506988230841511,15.48792950187135,0.8763943016529083,0.9277960777282714,0.9685861901845783,0.8944377536186948,0.907246196269989,0.9555475695058704,,,,,,
0.6399999999999458,149.1056408321326,32.659633416994396,114.4893365634682,83.69452143682031,113.0,86.6086263331628,18.840610139241726,7.528370782128613,15.495509555697229,0.8772344648838044,0.9266517162322998,0.9692833499517292,0.8964670060668141,0.9096791096031666,0.954175697080791,,,,,,
0.6599999999999436,149.4483057711542,32.357187736009884,114.38248646030706,83.52650503073053,113.0,86.59709356428635,18.95626248879643,3.881473931295885,15.50304920563054,0.8778192937374115,0.9262229442596436,0.9702598051633686,0.897968285845127,0.9115836799144745,0.9533327443525195,,,,,,
0.6799999999999414,149.78231832901105,32.011269536292644,114.32232092574486,83.3989413257148,113.0,86.58562441900673,18.992941983772955,-0.15554201670001755,15.510547261073167,0.8782587468624116,0.9259655117988587,0.9710604505147785,0.899111994903069,0.9127851322293282,0.952716170065105,,,,,,
0.6999999999999392,150.10188297134698,31.625936043450654,114.31037092458625,83.30420318013228,113.0,86.57422070843494,18.95756678793055,-3.1092494180222503,15.518002537995237,0.8786173582077027,0.92554612159729,0.9714287833776325,0.8999951854581013,0.9135890781879425,0.9521378619596362,,,,,,
0.719999999999937,150.40243496692818,31.208707587397832,114.31892372023209,83.31478937802193,113.0,86.56288423334908,18.87910190621444,-4.542940859235079,15.525413859122082,0.878846424818039,0.9252792835235596,0.9716633157338948,0.9005626261467115,0.91414974629879,0.951766918413341,,,,,,
0.7399999999999348,150.67959097357078,30.76764863805005,114.33463955076996,83.44399614572407,113.0,86.55161678390998,18.779471640957517,-5.419109454944961,15.532780054120195,0.8754845261573792,0.9413761734962464,0.9826681928243488,0.8954672529362142,0.9194952562451363,0.9610829455778003,,,,,,
0.7599999999999326,150.93016144050154,30.310914047050595,114.37127380400933,83.61456065640817,113.0,86.54042013937853,18.66132861196414,-6.394751708494635,15.540099959781987,0.873796546459198,0.9479297399520874,0.98601073785685,0.8926550659933128,0.9210697636008263,0.965016327612102,,,,,,
0.7799999999999304,151.15089376154728,29.84791176031896,114.43886304288728,83.77454663358533,113.0,86.5292960678347,18.52645732467752,-6.959909717019297,15.547372420209499,0.8725989997386933,0.9517475605010987,0.9875106291379779,0.8907667401712388,0.921577674895525,0.9673784596845507,,,,,,
0.7999999999999282,151.33925478773727,29.38831500730208,114.52555588906348,83.9617980071926,113.0,86.5182463258983,18.388781196842693,-6.690818588834216,15.554596286996937,0.8718323111534119,0.9529114723205566,0.9874013499822467,0.8892896906472743,0.9207605756819248,0.968413851968944,,,,,,
0.819999999999926,151.49400972080372,28.938642961763794,114.62009753492,84.20138518424491,113.0,86.50727265845173,18.260823787635882,-6.117630607145925,15.561770419411985,0.8711593866348267,0.9539871215820312,0.9874373631086201,0.8877274026395753,0.9197354562580585,0.9693960292264819,,,,,,
0.8399999999999238,151.61531816826184,28.507198898777045,114.73237850864976,84.44388269132129,113.0,86.49637679836427,18.142751226730294,-5.698844268878116,15.568893684575958,0.8705227971076965,0.9549928307533264,0.9874714927282184,0.8862505333730951,0.9185118891298771,0.9703066093847156,,,,,,
0.8599999999999216,151.70338348833118,28.113584225169014,114.88415323016342,84.65424829017718,113.0,86.48556046621852,18.035150830640596,-4.938952381895182,15.575964957642732,0.8699630618095399,0.9553788661956787,0.987404199084267,0.8847489621723071,0.9170884653925896,0.9705320103093982,,,,,,
0.8799999999999194,151.7575449655788,27.777725882417965,115.07552598014101,84.86769966439947,113.0,86.47482537003873,17.951165507272822,-3.319284374777924,15.582983121976305,0.8694191455841065,0.9557276010513306,0.9873331384267658,0.8832824129611254,0.915791193395853,0.9707211954519153,,,,,,
0.8999999999999172,151.77968728276045,27.51546939765729,115.29640107967838,85.11004591851717,113.0,86.46417320502103,17.906093064477712,-1.1486735094833753,15.589947069327174,0.8689202308654785,0.9560468912124633,0.9872674183454364,0.8819419147679582,0.914513847976923,0.9708944899961353,,,,,,
0.919999999999915,151.77491013508583,27.335920988384984,115.54382455680692,85.34979053856172,113.0,86.45360565326575,17.905396417617517,1.0710384885047382,15.596855700007321,0.8684398293495179,0.9563537836074829,0.9872036532964558,0.880655731051229,0.9131323151290417,0.9710611326619982,,,,,,
0.9399999999999128,151.74701197302082,27.241736309402956,115.81530564855427,85.54870302739697,113.0,86.44312438351184,17.949189765488924,3.335089407843522,15.603707923063872,0.8680722892284394,0.9565882325172425,0.9871545152273029,0.8796797244111076,0.9118479285389185,0.9711884839460254,,,,,,
0.9599999999999106,151.70126724194594,27.23110203151957,116.09854303053565,85.70325437894746,113.0,86.43273105087327,18.04028740502172,5.807802713136345,15.610502656451384,0.8677561640739442,0.9567896366119385,0.987112029036507,0.8788465923862532,0.9107657253742218,0.9712979419156909,,,,,,
0.9799999999999084,151.64332730683446,27.298318595969786,116.37828728367829,85.81846124067452,113.0,86.42242729657777,18.181927106236184,8.339702136584412,15.61723882720268,0.8675019979476929,0.9569514036178589,0.9870776967611163,0.8781844073906542,0.9099089343100787,0.9713858706876636,,,,,,
0.9999999999999062,151.57871080752346,27.434930584398455,116.6463134989631,85.8791076373901,113.0,86.41221474770755,18.372392942671215,10.659148014381003,15.623915371598315,0.8675224900245667,0.9562220096588134,0.9864136771764607,0.8777656266931445,0.9085662584751845,0.9713138086721301,,,,,,
1.019999999999904,151.51258312157344,27.63035919328761,116.89901046860719,85.86732734183077,119.42705098312474,86.40209501694251,18.606497045779893,12.713551489274225,19.83227281495249,0.8678081572055817,0.9542513251304626,0.9902326107025147,0.8779791782144457,0.9069295555353165,0.9707175118848681,,,,,,
1.039999999999902,151.44964104364882,27.873809403494363,117.13160805387574,85.78345527772366,117.05543671487739,86.39206970230542,18.879625755125677,14.566178623269769,18.288363092374496,0.8682875514030457,0.9519248485565186,0.9828750796616077,0.8786539802793414,0.9055898213759065,0.9700036151334643,,,,,,
1.0599999999998997,151.39383914243268,28.15408674755295,117.33970960644271,85.63607528519512,117.11085449816743,86.3821403869097,19.187491158856837,16.168360566053714,18.331084337682228,0.8688230752944947,0.9497461795806885,0.9805412975139915,0.8795488894917072,0.9047955928370357,0.9693306310102343,,,,,,
1.0799999999998975,151.34926652879454,28.460019700583715,117.522968951721,85.42767446642488,117.1662344247479,86.37230863870933,19.523922451638285,17.408552080065355,18.373717048411088,0.8693730711936951,0.947730553150177,0.9786305394954979,0.8805463006719947,0.9044536262750625,0.9687057120725513,,,,,,
1.0999999999998953,151.31863639159607,28.780515762430774,117.68386798216815,85.15984318654691,117.2215575824246,86.36257601025135,19.88119660780415,18.255337043146184,18.41624784555499,0.8699821710586548,0.9458568572998047,0.9769566026516259,0.8817571306135505,0.904607267677784,0.9680645329877734,,,,,,
1.119999999999893,151.3024420477599,29.09955844538141,117.8265427711241,84.87504868938942,117.27680507838987,86.35294403843059,20.25123427957254,18.627657021768442,18.45866337301476,0.8706427395343781,0.9435789108276367,0.9754942265339196,0.8829570040106773,0.9050628818571568,0.9667355043813586,,,,,,
1.1399999999998909,151.3014635806421,29.39470953750515,117.96804842918888,84.64835128625909,117.33195804567447,86.34341424424707,20.618073295508868,17.791075003657955,18.500950301974665,0.8713272988796235,0.9415549874305725,0.9744270888157189,0.884302816260606,0.9058505594730377,0.9654387576505542,,,,,,
1.1599999999998887,151.31731009073505,29.6500853129513,118.12846501345469,84.41002724084699,117.38699764959057,86.33398813256578,20.95357981498988,15.620520530179899,18.54309533527168,0.8718841314315796,0.9400606870651245,0.9737733569927514,0.885445108730346,0.9065958596765995,0.9644147736951709,,,,,,
1.1799999999998865,151.34924234830996,29.857583789196333,118.30313437825868,84.12459755176934,117.44190509416386,86.32466719187902,21.24246184685011,13.361472977486986,18.58508521175585,0.872408938407898,0.9387417554855346,0.9732884136028588,0.8865498896688223,0.9074721544981003,0.9634647948667407,,,,,,
1.1999999999998843,151.3971844787747,30.014412310767057,118.45909453855892,83.86279874017693,117.49666162855233,86.31545289407134,21.492960869087025,11.786546189296214,18.62690671064034,0.8728434085845947,0.9378815531730652,0.9732077208347618,0.8875282131135463,0.9087177842855454,0.9627420766279101,,,,,,
1.219999999999882,151.46071879913023,30.119829071602535,118.5704310674736,83.67278484804281,117.55124855344965,86.30634669418723,21.714946369328715,10.351350562329452,18.66854665583957,0.873231476545334,0.9373656034469604,0.9734772411175072,0.8884691706858575,0.9100365675985813,0.9621702654287219,,,,,,
1.2399999999998799,151.53881949612094,30.172734063536083,118.63912419569127,83.52843701590982,117.60564722747097,86.29735003020119,21.90226774456011,8.242997670244995,18.709991920294268,0.8734970092773438,0.9374385714530945,0.9742180553264916,0.8892252849414944,0.9112763367593288,0.9619118912145496,,,,,,
1.2599999999998777,151.62986173153305,30.174026764755475,118.67955929059521,83.36993524777529,117.65983907351894,86.28846432279076,22.040889462114674,5.594797854509407,18.75122943028176,0.8737780451774597,0.9384736299514771,0.9761776653118431,0.8902734467759729,0.9130358256399632,0.9619448287412524,,,,,,
1.2799999999998755,151.73175639769875,30.12824275585303,118.69344334624004,83.20175540030189,117.71380558512777,86.27969097511213,22.127947914674234,3.2049441590029284,18.792246169710104,0.8739068508148193,0.9395487427711486,0.9777479854412376,0.8909167192410677,0.9146344065666199,0.9621550900861621,,,,,,
1.2999999999998733,151.84208672312846,30.042096891843617,118.67137591386498,83.07235582605247,117.76752833278323,86.27103137257863,22.172896727738937,1.3643273956313757,18.833029184394668,0.8739274501800538,0.9409727573394775,0.9794155565090478,0.8913581020198763,0.916351817548275,0.9625947935506701,,,,,,
1.319999999999871,151.95818151000134,29.92408167326174,118.61092964925778,82.9841631918072,117.82098897021616,86.26248688264187,22.184330960067786,-0.19709088987976092,18.87356558631568,0.8738465189933777,0.9426512360572815,0.9810769048519432,0.8915938167367131,0.9179466262459756,0.9632252080366015,,,,,,
1.3399999999998689,152.07732469663551,29.783674116996846,118.51989754596512,82.90678929594965,117.87416924066788,86.25405885457586,22.165928506255273,-1.6066973712541077,18.913842557855368,0.8736845135688782,0.944464361667633,0.9826458898372948,0.8916502078529448,0.9193637996912003,0.9639838917180896,,,,,,
1.3599999999998666,152.19673169502923,29.63145926644382,118.40735266988915,82.82642541985527,117.92705098312474,86.24574861926394,22.122397037782367,-2.668478431933087,18.953847356013227,0.8734687089920045,0.9462428092956543,0.9840163913555443,0.8915568116586655,0.9206485405564309,0.9647851331159473,,,,,,
1.3799999999998644,152.31335072285097,29.47586705933801,118.28034959590411,82.76653897011816,117.97961613852014,86.2375574889886,22.06236574396008,-3.2736130541200996,18.993567316597975,0.8732245326042176,0.9478906035423279,0.9851642337627708,0.8913557598367333,0.9218243107199668,0.9655699593946337,,,,,,
1.3999999999998622,152.42419631061261,29.32295978654896,118.14996617232542,82.7518200868336,118.03184675590168,86.22948675722425,21.992466508681456,-3.7216185269944217,19.03298985839492,0.8729685187339783,0.9493109464645386,0.9860533681698144,0.8910625558812172,0.9227441877126694,0.9662890059873461,,,,,,
1.41999999999986,152.52667521788146,29.178699101957942,118.03460145699266,82.76480445054086,118.08372499856135,86.22153769843302,21.912978296330532,-4.231302485813474,19.07210248730709,0.8727056503295899,0.9504700541496277,0.9866862741298974,0.8906778549775481,0.9232824325561524,0.9669255478307605,,,,,,
1.4399999999998578,152.61942843248517,29.048430202645452,117.95007810053492,82.79741995160228,118.13523315012681,86.21371156786343,21.8239648298661,-4.628815434763525,19.110892800469106,0.8724409997463227,0.9513767242431641,0.9872972184792161,0.89021613355726,0.9235159754753113,0.96747737955302,,,,,,
1.4599999999998556,152.70026089116257,28.937505149131212,117.90334191133286,82.86573630939287,118.1863536206115,86.2060096013522,21.72992910289364,-4.72082539621591,19.14934849033202,0.8721826136112214,0.9520006299018859,0.9877500312402845,0.8896885549649597,0.9234585389494896,0.9679270250722766,,,,,,
1.4799999999998534,152.76788665544706,28.850586788306362,117.89652572829563,82.98005800013428,118.23706895242158,86.19843301512917,21.636910671282514,-4.548350265604934,19.18745734871801,0.8719465792179109,0.9522981643676758,0.9878848020918667,0.8891245877370239,0.9230309903621674,0.9682459218427539,,,,,,
1.4999999999998512,152.82176544989667,28.791331185846126,117.93127811046827,83.13181621813135,118.28736182631769,86.1909830056251,21.548957993758307,-4.226814125693058,19.22520727084351,0.871740186214447,0.9522644281387329,0.9876959789544344,0.8885421311482787,0.9221965283155441,0.9684272391721607,,,,,,
1.519999999999849,152.86205186968476,28.762161575535035,118.00751683660056,83.30789190264662,118.33721506732948,86.18366074928286,21.468723765247894,-3.770491642441034,19.262586259309373,0.8715611934661865,0.9519469380378723,0.9872043065726757,0.8879498993977905,0.9210243612527848,0.9684903366491199,,,,,,
1.5399999999998468,152.889529438199,28.76416641991822,118.1212131731691,83.50130294592003,118.3866116506208,86.17646740237161,21.399302881294645,-3.1417918504365248,19.299582428056766,0.8714031755924225,0.9514160633087159,0.9864463068544864,0.8873525714501739,0.919615899771452,0.968465624563396,,,,,,
1.5599999999998446,152.9054825987462,28.797121160050736,118.2654430635482,83.70640049808077,118.43553470730372,86.16940410080423,21.344123583984512,-2.3538804838972616,19.336184006287493,0.871266770362854,0.9507067441940308,0.9854463370516896,0.8867639577016234,0.918031756579876,0.9683649880811572,,,,,,
1.5799999999998424,152.9115866046707,28.859576780357518,118.43243541965344,83.91275075519074,118.4839675301992,86.1624719599579,21.30584707518732,-1.4599954004516993,19.372379342347344,0.87115678191185,0.9498446941375732,0.9842348041012883,0.8862064039334655,0.916326978802681,0.968193088285625,,,,,,
1.5999999999998402,152.90983164474534,28.948976365857618,118.61395163987584,84.10730830866166,118.53189357954257,86.15567207449803,21.286203627292686,-0.49309900250820227,19.40815690757127,0.8710726439952851,0.9488843441009521,0.9828689969144762,0.8856955384835601,0.9145890183746815,0.9679682357236743,,,,,,
1.619999999999838,152.90245374323467,29.062300083323116,118.80077480757068,84.2789836688835,118.57929648863191,86.14900551820536,21.286552624784612,0.5376743588709931,19.443505300089058,0.8710096955299378,0.9478960990905761,0.9814961818046868,0.8852395541034639,0.9129198275506497,0.9677170498296619,,,,,,
1.6399999999998358,152.89187555083555,29.196259617687485,118.98300859050282,84.41889758258466,118.6261600694172,86.14247334380639,21.307997745533086,1.610639424995153,19.478413248590147,0.87096546292305,0.9469462513923645,0.980349197704345,0.8848510889336467,0.911411402374506,0.967462251894176,,,,,,
1.6599999999998336,152.88062987385035,29.34433861218791,119.15114020484565,84.51849087791376,118.67246831802849,86.1360765828072,21.350964324469068,2.6814763632515155,19.512869616046384,0.870943295955658,0.946069872379303,0.979287197906524,0.8845483199693263,0.9101307518780232,0.9672108633443713,,,,,,
1.6799999999998314,152.8712340315106,29.499689352471556,119.29614613085162,84.53798672827394,118.71820542024135,86.12981624533052,21.415396874908083,3.808868630943486,19.5468634033916,0.8709420442581177,0.9453207731246949,0.9783872750587761,0.884341754578054,0.909149294346571,0.9669798953458667,,,,,,
1.6999999999998292,152.86702611618944,29.656433066608713,119.40204011473362,84.47782316629025,118.76335575687725,86.12369331995617,21.506812260703995,5.390398234965765,19.580383753156486,0.8709943771362305,0.9447067737579345,0.9777466443367302,0.8843221213202924,0.9086855843663216,0.9667392117902637,,,,,,
1.719999999999827,152.86968219658004,29.80352082613917,119.45848948539263,84.45029251873535,118.8079039091376,86.11770877356508,21.6284494828609,6.578729917564219,19.61341995305774,0.8710746824741364,0.9442964196205139,0.9774116900749504,0.8844362071715296,0.9087440095841884,0.9665340526029468,,,,,,
1.7399999999998248,152.88068606979886,29.930902390277126,119.48718499993045,84.39818465919984,118.85183466386921,86.1118635511865,21.75995265577183,6.34345094554221,19.645961439540294,0.8711188912391663,0.9441969275474549,0.9773842719383538,0.884535682760179,0.9088445693254471,0.9664600474759937,,,,,,
1.7599999999998226,152.90136589300232,30.033434709622888,119.51046112469655,84.24494650716562,118.89513301875958,86.10615857584878,21.87739053789046,5.401497225151481,19.677997801271317,0.8711485147476197,0.944371473789215,0.9776651290245354,0.8846693201456219,0.9092244669795037,0.9664850814267993,,,,,,
1.7799999999998204,152.9325555608629,30.10987339090589,119.51982645631217,84.04766965071013,118.93778418746018,86.10059474843366,21.979134854620302,4.875482691835674,19.7095187825849,0.8711680054664612,0.9447986602783203,0.9782299664802849,0.8848439774475992,0.910183347016573,0.966598485223949,,,,,,
1.7999999999998182,152.97463651965623,30.161281941744896,119.4965668097089,83.87687180299265,118.979773604636,86.09517294753402,22.074908956699765,4.705365758296575,19.74051428687622,0.8711749315261841,0.9455040454864502,0.9790900376625359,0.8850609970279039,0.9115112066268921,0.9668109996244312,,,,,,
1.819999999999816,153.0275466219698,30.190257846356694,119.43882960870675,83.7145227624559,119.02108693093949,86.08989402931505,22.16564840361373,4.3058750794625515,19.770974379944068,0.8711473464965821,0.9465167284011841,0.9802125838585198,0.8852696799207479,0.9129158422350884,0.9671535355970263,,,,,,
1.8399999999998138,153.09079002454135,30.20071622679134,119.35623467911304,83.51979488367576,119.0617100579076,86.08475882737912,22.245335879114712,3.6499707288131287,19.800889293280648,0.8710965037345887,0.9477316498756408,0.9814759400673211,0.8854741426650435,0.9144151493906975,0.9675827844068408,,,,,,
1.8599999999998116,153.16348092409564,30.19738524832871,119.25418333704607,83.30098701457673,119.10162911277969,86.07976815263417,22.31233825442912,3.0848541426930622,19.830249427307397,0.8710510909557343,0.9489878177642822,0.9827411559410393,0.8857097879517823,0.9161013647913933,0.9680212361738085,,,,,,
1.8799999999998094,153.24439242976206,30.184369875406016,119.13434056606822,83.09012932338008,119.14083046323508,86.07492279316558,22.36988695264969,2.6836017952152527,19.85904535455597,0.8710094094276428,0.9502323389053344,0.9839457300491631,0.8859572076704353,0.917898453772068,0.9684542400762439,,,,,,
1.8999999999998072,153.33199578333475,30.165358083580397,119.00315762837397,82.89737653336802,119.17930072204848,86.07022351411179,22.419498388768115,2.2590934674155574,19.887267822793078,0.8709760248661041,0.951401150226593,0.9851270728744567,0.8862103366758675,0.9196340724825859,0.9688573462888599,,,,,,
1.919999999999805,153.4245069145146,30.143850414618118,118.8724641475388,82.71751201162651,119.21702675166179,86.06567105754343,22.45945988470374,1.7239129233130508,19.914907758088326,0.8709597826004029,0.9524364113807678,0.9864123926497996,0.8864763700868935,0.9212325409054756,0.9692038400098681,,,,,,
1.9399999999998028,153.51996297176314,30.12336954233565,118.75375482974582,82.55401850373742,119.25399566867044,86.06126614234616,22.48841750593041,1.1821179238379442,19.94195626782385,0.8709665417671204,0.9532488465309144,0.9874926472082735,0.8867426359560341,0.9226459369063378,0.9694593055173755,,,,,,
1.9599999999998006,153.6163334101726,30.10738278328068,118.65527930574925,82.42205690389612,119.29019484822312,86.05700946410717,22.507372708886482,0.7298659991004776,19.968404643644845,0.870985597372055,0.9538604021072388,0.988366524130106,0.8869839095976204,0.9238548055291176,0.9696399195119738,,,,,,
1.9799999999997984,153.71164662994462,30.099121909789186,118.58368021286556,82.33277619791957,119.3256119283332,86.05290169500529,22.518121339825232,0.353200991233897,19.994244364350042,0.8710290372371674,0.9542033314704895,0.9889892123639583,0.8872109258081764,0.9247571855783463,0.9697120053693652,,,,,,
1.9999999999997962,153.80410335733492,30.101403917183895,118.54527248405664,82.28815526287178,119.36023481410027,86.04894348370487,22.521717729190577,0.011077572490773397,20.01946709872096,0.8711063385009766,0.9541849851608276,0.9892850250005722,0.8874484681989998,0.9252598345279693,0.9696291310712695,,,,,,
2.0199999999998384,153.89214192878305,30.11647762479337,118.54510523837826,82.28787856948769,119.39405168184054,86.04513545525339,22.518819498742523,-0.2921131715875876,20.044064708289145,0.8711809396743775,0.9540733337402344,0.9894455056637526,0.8875959360506386,0.9254695042967797,0.9695309979841114,,,,,,
2.0399999999998806,153.97446178457207,30.145899328224154,118.58590339623275,82.33343697818061,119.42705098312466,86.04147821098266,22.51046450548271,-0.5316284146164945,20.068029250040468,0.8712575674057007,0.9537303924560547,0.9893311128020287,0.8876980984117836,0.9253241151571274,0.969350360147655,,,,,,
2.059999999999923,154.05008315369,30.190443822944257,118.66795017898775,82.42530776527796,119.45922144872148,86.03797232841394,22.498005541786714,-0.7040815769030768,20.09135297905548,0.8713371753692627,0.9531753778457641,0.9889536172151565,0.887747766962275,0.9248277351260186,0.9690966827794909,,,,,,
2.079999999999965,154.11839289615517,30.250091268154044,118.78952758687903,82.55997829618788,119.49055209244648,86.03461836116675,22.482665761797637,-0.8213708749331431,20.11402835108495,0.871421217918396,0.9524074554443359,0.9883054867386818,0.887746270885691,0.923981437087059,0.9687696559354663,,,,,,
2.100000000000007,154.17916869453867,30.324027623661152,118.94690724117284,82.73071501955228,119.5210322149135,86.0314168388714,22.46550602908739,-0.8848331782108183,20.13604802505978,0.8715014576911927,0.9514753341674804,0.9874085169285536,0.8876874470617623,0.9228300109505654,0.9683931453153491,,,,,,
2.1200000000000494,154.23258128478477,30.410679879281215,119.13412550490624,82.92940041114274,119.55065140718867,86.02836826708536,22.447710565424263,-0.8825948766531744,20.157404865534442,0.8715685784816742,0.950442910194397,0.9863007202744484,0.8875661873724312,0.9214401349425316,0.9679971916601062,,,,,,
2.1400000000000916,154.27915691401537,30.509244036733367,119.34289945484777,83.1222307519592,119.57939955434495,86.02547312721344,22.43106145597949,-0.7255244730793563,20.178091945063017,0.8716193199157716,0.9493549346923829,0.985018790513277,0.8873876893427223,0.9198767885565757,0.9675998551771045,,,,,,
2.160000000000134,154.3198010669805,30.619734930982478,119.55742624182295,83.29332371466433,119.60726683891642,86.02273187643183,22.42252388322315,-0.03981862734343737,20.198102546507123,0.8716822862625122,0.9482112169265747,0.983616603910923,0.8872315430548042,0.918324439227581,0.9671741945669055,,,,,,
2.180000000000176,154.35582068498968,30.735798889085782,119.76139920211538,83.51537756159168,119.63424374425092,86.02014494761578,22.429952893870265,0.703824186457363,20.217430165274973,0.8717493414878845,0.9470733404159546,0.9821726527065039,0.8870930337812751,0.9168817430734635,0.9667474372312427,,,,,,
2.2000000000002182,154.38860142658524,30.849001841097525,119.95850810342536,83.74654780496729,119.66032105776002,86.01771274927134,22.44545954166602,0.7138788270506571,20.236068511490693,0.871768593788147,0.9460768818855285,0.9809755015186965,0.8868672493379564,0.9152727447450161,0.9664129121229053,,,,,,
2.2200000000002604,154.41957549741758,30.95229700424633,120.15658812076175,83.91612377581797,119.68548987406503,86.01543566547082,22.455609150478224,0.30506731769474,20.254011512093342,0.8717532098293305,0.9452525734901428,0.980022423248738,0.8865982144605369,0.9137059554457665,0.966167770139873,,,,,,
2.2400000000003026,154.45022413212564,31.04050011900784,120.34468075865534,84.04066828346207,119.70974159803822,86.01331405579215,22.460139660546165,0.236030913335171,20.271253312864665,0.8717104315757752,0.944627296924591,0.979215698223561,0.886311890091747,0.9124933250248433,0.9660132033750415,,,,,,
2.260000000000345,154.48204342238378,31.109965802157724,120.50195197800966,84.16007511802678,119.7330679477381,86.0113482552621,22.467808329959702,0.56218689263767,20.28778828038524,0.8716440856456757,0.944262707233429,0.9786492037586868,0.8860343404114247,0.9116182170808316,0.9659643275663257,,,,,,
2.280000000000387,154.5164551352879,31.158454934814113,120.61680682070701,84.26058684476097,119.75546095723762,86.00953857430336,22.482395692599567,0.8666878125676731,20.303611003918018,0.8715398073196412,0.9442404627799987,0.9784046339802444,0.8857470097951591,0.9109554946422577,0.9660601956769824,,,,,,
2.3000000000004293,154.55477469852752,31.185038327747282,120.68746653365892,84.30482400700672,119.77691297934452,86.00788529868554,22.501333159727043,1.0125008738950196,20.318716297218838,0.8714038610458374,0.9445489406585693,0.9784901547245681,0.8854634483344853,0.9105619564652443,0.9662900788709521,,,,,,
2.3200000000004715,154.59812334993092,31.190235474328805,120.71226639663996,84.28475722340086,119.79741668821292,86.00638868948,22.52306367261068,1.1775988530871586,20.333099200273256,0.8712587773799897,0.9451065063476562,0.978855590801686,0.8852236207108944,0.910566495358944,0.96660566162318,,,,,,
2.3400000000005137,154.6473559656277,31.175792572050753,120.68804228634544,84.21704981349187,119.81696508184507,86.00504898301871,22.54906118551131,1.4281976490663595,20.34675498095903,0.871108204126358,0.9458890795707703,0.9794735359959305,0.8850317095872015,0.9109931722283363,0.9669955236837268,,,,,,
2.360000000000556,154.70303023612234,31.144552896589463,120.6156281908304,84.10885265346828,119.83555148448241,86.00386639085683,22.57987837954668,1.6350371382657454,20.35967913663373,0.8709579348564148,0.9468590259552002,0.9803001451306045,0.8848943816963584,0.9117612056434155,0.9674422604963183,,,,,,
2.380000000000598,154.76540343199065,31.100418126749204,120.50126864308369,83.95514927799297,119.85316954888545,86.00284109973938,22.61363461967445,1.724354261617664,20.37186739564703,0.8708192765712739,0.9479657411575317,0.9812849688343703,0.8848299392499029,0.9128271847963333,0.9679196221753955,,,,,,
2.4000000000006403,154.83444274755755,31.047793892511923,120.35294883935919,83.76163264895125,119.86981325850134,86.00197327157173,22.64849173339779,1.7562976566318127,20.38331571877709,0.8707038760185242,0.9491121172904968,0.9823277520947158,0.8848440627101809,0.91415930762887,0.9683869464322925,,,,,,
2.4200000000006825,154.9097700374257,30.99021389579693,120.1790715722632,83.5453316297276,119.8854769295185,86.00126304339398,22.68364297385574,1.7498242454847213,20.394020300590494,0.870607876777649,0.950278639793396,0.9833913731388748,0.8849210387095809,0.9157147243618965,0.9688426239416004,,,,,,
2.4400000000007247,154.99066712772378,30.93096707309263,119.98983070437004,83.31775785150938,119.90015521280765,86.00071052735942,22.718012437284997,1.674104899601758,20.40397757072531,0.8705448806285858,0.9513672351837158,0.9843926477245987,0.8850698199588806,0.917370117455721,0.9692439658567309,,,,,,
2.460000000000767,155.07611242494062,30.873318522610695,119.79668321937595,83.08749286594872,119.91384309574845,86.0003158107167,22.750153273914247,1.531716506533859,20.413184195096978,0.8705251574516297,0.9522984743118286,0.9852720427326858,0.8852942492812872,0.9190292999148368,0.9695570571348071,,,,,,
2.480000000000809,155.16484102832575,30.820458523169485,119.61066146002246,82.86544159689178,119.92653590394143,86.00007895579618,22.77909741701709,1.36119822592086,20.421637077026354,0.8705432415008545,0.9530674695968628,0.9862851398065686,0.8855772104114294,0.9206400394439698,0.969785557501018,,,,,,
2.5000000000008513,155.25542206428966,30.77540539882987,119.44159225105871,82.66368787943931,119.93822930280423,86.0,22.80460640042274,1.190427552108502,20.429333358289803,0.8705943942070008,0.9536616802215576,0.9872990389354527,0.8859008755534887,0.9221360296010971,0.9699295623227954,,,,,,
2.5200000000008935,155.34635066064573,30.740885287649284,119.29814253888543,82.49196213512707,119.94891929905185,86.00007895579618,22.826732969123388,1.0222243171784429,20.436270420090757,0.8706836342811585,0.9540224194526672,0.9881064651533962,0.8862596299499274,0.9234240531921387,0.9699651701375842,,,,,,
2.5400000000009357,155.43612912491812,30.719169139471436,119.18771278458907,82.35704463229422,119.95860224206035,86.0003158107167,22.84548695048015,0.8529090408685319,20.442445883952523,0.8708159446716309,0.9540970921516418,0.9886614214628935,0.8866497185081244,0.9244260281324387,0.9698700292035938,,,,,,
2.560000000000978,155.5234282401369,30.711762262670455,119.11593584676113,82.264157199226,119.96727482511359,86.00071052735942,22.860843535350163,0.682536090942169,20.447857612532076,0.8709872364997864,0.9538764953613281,0.9889440100640059,0.8870564367622137,0.9250990703701973,0.9696436507627368,,,,,,
2.58000000000102,155.60710861891118,30.71969242939234,119.0864099841692,82.21728120533778,119.97493408653237,86.00126304339399,22.8727659537262,0.5085703893262216,20.452503710354385,0.8711880087852478,0.9533775568008422,0.9889484900981188,0.8874592270702124,0.9254225552082062,0.9692989809438586,,,,,,
2.6000000000010624,155.68616343859583,30.7432714252791,119.10103611873474,82.21844353575234,119.98157741068596,86.00197327157174,22.881119950670218,0.3247738339903128,20.456382524467266,0.8714104056358338,0.9526143312454224,0.9886674653738737,0.8878422226756811,0.9253834798932076,0.9688468201085925,,,,,,
2.6200000000011046,155.75975961546305,30.78210918476501,119.16008332597096,82.26757251093171,119.98720252888523,86.00284109973941,22.885677711779103,0.12935620876794096,20.459492645016265,0.8716468214988708,0.9516048789024353,0.9880952797830105,0.8881920006126166,0.9249818906188011,0.96829947065562,,,,,,
2.6400000000011468,155.82729480553323,30.835135153660005,119.26186715271024,82.36276104571856,119.99180752015748,86.00386639085686,22.886256876361585,-0.07153135364191825,20.46183290573965,0.8718867599964142,0.9503868699073792,0.9872379988431931,0.888493463024497,0.9242381691932678,0.9676787002012134,,,,,,
2.660000000001189,155.8884637066613,30.901345598369343,119.4023863307871,82.49074922079416,119.9953908119024,86.00504898301874,22.882979499380802,-0.23812322691382806,20.463402384383073,0.8721184551715851,0.9490151286125184,0.9861165180802345,0.8887325551360846,0.9231899991631508,0.9670136315748096,,,,,,
2.680000000001231,155.94332467679553,30.980548911412612,119.57335133660033,82.64719019588597,119.99795118042913,86.00638868948003,22.878036338360054,-0.23065239281680575,20.464200403034003,0.872343921661377,0.9475263118743896,0.9847608003765345,0.8889273073524236,0.9219271466135979,0.9663146359845995,,,,,,
2.7000000000012734,155.99219243198172,31.067504707783158,119.76569178499517,82.86142999228281,119.99948775137419,86.00788529868557,22.873396912225207,-0.28042408633400495,20.46422652837563,0.8725490927696229,0.9459851026535034,0.9832140635699034,0.8890583600848914,0.9204958990216255,0.9656167609617115,,,,,,
2.7200000000013156,156.0356263306262,31.154636733033204,119.9773697531339,83.10621798222591,120.0,86.0095385743034,22.86430398133108,-0.6853066741600436,20.463480571860195,0.8727036237716675,0.944491446018219,0.9815322459675372,0.8890699233859778,0.9188031494617462,0.9649832231923938,,,,,,
2.740000000001358,156.0743597397986,31.23455466371174,120.20531611220663,83.34506863035978,119.99948775137412,86.01134825526215,22.84507536949921,-1.222473476017916,20.461962589801818,0.8728089451789857,0.9431031227111817,0.979777061752975,0.8889808144420386,0.9169997707009315,0.9644326312467456,,,,,,
2.7600000000014,156.10926927598595,31.30080645340711,120.4364102887644,83.58072272018421,119.99795118042898,86.01331405579221,22.817089994387697,-1.5230293947813307,20.45967288338853,0.8728641867637634,0.9418826341629029,0.9784405859187245,0.8888057396281511,0.9152716681361198,0.9639869315549732,,,,,,
2.780000000001442,156.14136024832197,31.348093676701914,120.65291349150293,83.82133250583817,119.99539081190217,86.01543566547087,22.785922242834275,-1.5667858615853607,20.456611998613774,0.8728690326213837,0.9409029483795166,0.9772814663127065,0.8885616164188832,0.9136549383401871,0.9636703355237841,,,,,,
2.8000000000014844,156.17174699362818,31.372408082696616,120.84127417515894,84.04899880222753,119.99180752015718,86.01771274927141,22.75486999595415,-1.5374578519675504,20.452780726127145,0.8728181600570679,0.9402336120605469,0.9763450058177113,0.8882501364219934,0.9121524974703789,0.9635105712339282,,,,,,
2.8200000000015266,156.2016283698192,31.371161652229038,120.9923843495628,84.236925704324,119.98720252888486,86.02014494761586,22.72450630113004,-1.4911937938712811,20.448180101004663,0.8727178931236268,0.9398926019668579,0.9756868274882435,0.8878915924578905,0.9108551129698753,0.963506398908794,,,,,,
2.840000000001569,156.23226160224993,31.34327121806493,121.0976231913121,84.37287636016032,119.98157741068553,86.02273187643192,22.69582399875012,-1.3581322489783916,20.44281140243841,0.8725823402404785,0.9398612260818482,0.975331917591393,0.8875186681747437,0.9098782032728195,0.9636364800855517,,,,,,
2.860000000001611,156.26490033242766,31.289085029556322,121.14884671370761,84.45626095203382,119.97493408653187,86.02547312721356,22.67083845079997,-1.1301465373241915,20.436676153345754,0.8724174618721009,0.9401432871818542,0.9753097446635366,0.8871480753645301,0.9092834427952766,0.9638948304578662,,,,,,
2.8800000000016532,156.30065036642912,31.210364712648595,121.14177636063383,84.48369221336114,119.96727482511301,86.02836826708547,22.65073008509427,-0.8837258415782125,20.429776119898396,0.8722313404083253,0.9407262802124023,0.9756268652155995,0.8867988689336926,0.9090800121426582,0.9642680985853076,,,,,,
2.9000000000016954,156.3403971225523,31.110332565998647,121.07672106629965,84.44926812247341,119.95860224205971,86.03141683887152,22.63529201569474,-0.663900543357839,20.422113310971106,0.8720349669456482,0.9415802478790283,0.9762657793238759,0.8864938840735704,0.9092821672558785,0.964734755270183,,,,,,
2.9200000000017377,156.3847666093674,30.99364806912611,120.95683847869695,84.35357225763205,119.94891929905113,86.0346183611669,22.62412080928275,-0.45206216692381546,20.413689977510554,0.8718397498130799,0.9426402926445008,0.9771585853770375,0.886248412495479,0.9098907396197319,0.9652624947950244,,,,,,
2.94000000000178,156.43407721868005,30.866146879479242,120.78728963166861,84.20537882492805,119.93822930280345,86.0379723284141,22.617233938095733,-0.2380011063832226,20.40450861182449,0.8716526806354523,0.9438637971878052,0.9782521160319447,0.8860714949201792,0.9108891993761062,0.9658310515806079,,,,,,
2.960000000001822,156.48839685204672,30.73320679932481,120.57603635038556,84.0185006117919,119.92653590394058,86.04147821098283,22.614322564173634,-0.06809236217395076,20.394571946791153,0.8714878618717194,0.945158576965332,0.9794484050944448,0.8859781616833061,0.9122024238109588,0.9663982374593616,,,,,,
2.9800000000018643,156.54756256806002,30.598811554771935,120.33471640977639,83.80319284406319,119.91384309574752,86.04513545525357,22.613688790500692,-0.017158664163260742,20.383882954989716,0.8713526964187622,0.9464466452598572,0.9806591423228384,0.8859679620712996,0.9137312695384026,0.9669334275647998,,,,,,
3.0000000000019065,156.61098996758093,30.46663276099902,120.07701981904104,83.5666841328452,119.90015521280665,86.04894348370509,22.612942963968617,-0.06803340175673715,20.37244484775146,0.8712510824203492,0.9476755380630493,0.9818267734721303,0.8860369441099465,0.9154014438390732,0.9674175007268786,,,,,,
3.0200000000019487,156.67769112961724,30.340445221521513,119.81588506764946,83.3231220309448,119.88547692951745,86.05290169500552,22.610804579948397,-0.145104355826285,20.360261074132552,0.8711877703666687,0.9487833380699158,0.982892838306725,0.8861800494138151,0.9171421632170678,0.9678273780271411,,,,,,
3.040000000001991,156.7464322629499,30.223678974750214,119.5630236422762,83.08861945096702,119.86981325850022,86.05700946410741,22.607232876676914,-0.20956985353295615,20.347335319808277,0.8711712121963502,0.9496915578842163,0.9839050590991973,0.8863971950951964,0.9188453465700149,0.9681308610364795,,,,,,
3.060000000002033,156.81558757276647,30.119773800225143,119.32961780482043,82.87464612035957,119.85316954888424,86.06126614234643,22.602501047739036,-0.26174859825549496,20.333671505889413,0.8712079524993896,0.9503332376480103,0.9850772210396826,0.8866865994874388,0.9203987210988999,0.9683006508275867,,,,,,
3.0800000000020753,156.88445782820125,30.031734034934534,119.12600770877988,82.68903219680257,119.83555148448113,86.0656710575437,22.596875134349247,-0.29665623767256116,20.319273787661107,0.8713003039360047,0.9506640315055848,0.9859784405678511,0.887039643758908,0.9217192500829696,0.9683199627324939,,,,,,
3.1000000000021175,156.95140343924692,29.961921639470592,118.96070397716164,82.53912144229727,119.81696508184373,86.07022351411209,22.590856491894137,-0.2989058719781526,20.304146553244394,0.8714482605457307,0.9506528615951538,0.9865712713450193,0.8874458613339812,0.9227470725774765,0.9681777818128466,,,,,,
3.1200000000021597,157.01481902943388,29.912269495641006,118.83993386412604,82.43153349422812,119.79741668821153,86.0749227931659,22.585157886696688,-0.2660960427220896,20.28829442218128,0.8716502308845521,0.9502776980400085,0.9868240892887116,0.887894100183621,0.9234322905540466,0.9678670270368457,,,,,,
3.140000000002202,157.07341165802094,29.883952842527954,118.76777942532256,82.37037584666464,119.77691297934301,86.0797681526345,22.580338428563064,-0.2145707202830993,20.271722243943344,0.8719020605087281,0.9495304942131042,0.9867128737270832,0.8883717181626708,0.9237388014793396,0.9673871858045459,,,,,,
3.160000000002244,157.12613527583645,29.877290058571447,118.74646064277441,82.35700435476284,119.75546095723598,86.08475882737947,22.57656568580299,-0.16408921335301815,20.25443509636477,0.8721963822841645,0.9484222412109375,0.986222967505455,0.8888641121331603,0.9236540973186493,0.9667469723150134,,,,,,
3.1800000000022863,157.1721471806059,29.891687536383515,118.77647306742925,82.39109000748067,119.73306794773636,86.08989402931542,22.57370035792211,-0.12455336495586578,20.236438284000123,0.8725226879119874,0.9469827771186828,0.9853484198451042,0.8893543841782957,0.9231884971261024,0.9659643275663257,,,,,,
3.2000000000023285,157.2108570820651,29.925633030231374,118.85611874699613,82.47112501271327,119.70974159803635,86.09517294753442,22.571496575857505,-0.09812451792253621,20.217737336407353,0.8728693187236787,0.945253849029541,0.9840895406901836,0.8898259463254362,0.92236657589674,0.9650627357885242,,,,,,
3.2200000000023707,157.24198144297415,29.977632628196968,118.98115701376562,82.58602735238327,119.68548987406302,86.10059474843409,22.569784253963807,-0.0622290950328305,20.19833800635691,0.8732244491577149,0.9432900905609131,0.9824594467878341,0.8902648987714201,0.9212254077196121,0.964070568792522,,,,,,
3.240000000002413,157.2655951554729,30.046117273589708,119.14328170034624,82.7364533406067,119.66032105775788,86.10615857584922,22.56980599417913,0.0708611142366946,20.17824626796708,0.87358558177948,0.9411435008049012,0.9804906712844967,0.8906811478082091,0.9198507502675056,0.9630063874647021,,,,,,
3.260000000002455,157.28213846600502,30.12345939590081,119.3342632086401,82.95175646521265,119.63424374424865,86.11186355118697,22.571347179929298,0.012339210125086271,20.157468314766703,0.8739288330078125,0.9389145255088807,0.9782407801598311,0.8910371901933104,0.9182765811681748,0.9619270427152514,,,,,,
3.2800000000024974,157.2923190150985,30.199253038365892,119.552691445079,83.20167692595108,119.607266838914,86.11770877356558,22.567014604416954,-0.5151168996143356,20.13601055768551,0.874217438697815,0.9367380380630493,0.9757874276489019,0.8912669303361327,0.916418106853962,0.9609162671491503,,,,,,
3.3000000000025396,157.29703001947632,30.26316078987972,119.79398497338437,83.45125091219364,119.57939955434239,86.1236933199567,22.549567696478043,-1.2172439818283523,20.113879622972874,0.8744482040405274,0.9347010254859924,0.9732243680395186,0.8913822653237731,0.9144459992647171,0.9600081546232104,,,,,,
3.3200000000025818,157.29737545803238,30.305821987981748,120.04161541191526,83.7071207280991,119.55065140718597,86.12981624533107,22.519913865870016,-1.700039817544977,20.091082350045802,0.8746149063110352,0.932899558544159,0.9711646069772542,0.8913899936247617,0.9125480607151986,0.9592431170865894,,,,,,
3.340000000002624,157.29481475176075,30.31945765514734,120.27440736690214,83.97733307094181,119.52103221491066,86.13607658280777,22.483004071928384,-1.975572641652417,20.067625789266685,0.8747105658054353,0.9314437627792358,0.9693750490434467,0.8912959060166031,0.9107519939541817,0.958666823618114,,,,,,
3.360000000002666,157.29037494012294,30.297746489905457,120.47608069799668,84.23991465005938,119.49055209244348,86.142473343807,22.44085899673156,-2.249299938254507,20.04351719965158,0.8747244477272034,0.9304320931434631,0.9679438223131,0.8910919392947108,0.909065019339323,0.9583250625059009,,,,,,
3.3800000000027084,157.28498971362802,30.23633207797322,120.6346826182554,84.46464243745675,119.45922144871834,86.14900551820598,22.392780626971152,-2.5563822133389733,20.018764046510057,0.8746599316596986,0.929897952079773,0.96696224110201,0.8907930625602604,0.9075962774455547,0.9582258326932788,,,,,,
3.4000000000027506,157.28066671605546,30.13303370424601,120.73804792846788,84.63819237960135,119.42705098312136,86.15567207449868,22.33907847783785,-2.7970828163706236,19.993373999016914,0.8745284676551819,0.9298367142677307,0.9664831866510213,0.8904278521426022,0.9064792081713676,0.9583544118329883,,,,,,
3.420000000002793,157.2789304295579,29.987617041419814,120.77440031096599,84.75861035119722,119.39405168183708,86.16247195995858,22.281476679116167,-2.95503380924077,19.96735492771702,0.8743336915969849,0.9302659630775452,0.9665601124055684,0.8900097665842622,0.9057845175266266,0.9587108237668872,,,,,,
3.440000000002835,157.28104806323586,29.802541985989436,120.73665589485081,84.81916286990894,119.36023481409666,86.16940410080494,22.220921879683527,-3.1039358707464597,19.94071490196386,0.8740828037261963,0.9311788320541382,0.9672064890153707,0.889556944463402,0.9055301867425442,0.9592822415754199,,,,,,
3.460000000002877,157.2880013714684,29.582917687656483,120.62323550988837,84.81042034748079,119.32561192832942,86.17646740237235,22.157196553604102,-3.2677835916584437,19.913462187292758,0.8737879931926728,0.9325371980667114,0.9683877934701741,0.8890945546329022,0.9057443253695965,0.9600398285314441,,,,,,
3.4800000000029194,157.30036781795778,29.336595074896113,120.43613440840177,84.73118112181594,119.29019484821919,86.18366074928363,22.090440954309273,-3.397367429235608,19.885605242729586,0.8734635829925538,0.9342564702033996,0.9699939002282918,0.888642955198884,0.9064404413104058,0.9609380586072802,,,,,,
3.5000000000029616,157.31833095884744,29.073262362875003,120.18033220313222,84.58960393946771,119.25399566866633,86.1909830056259,22.0217365906668,-3.4632537804927095,19.857152718035863,0.873121726512909,0.9362631797790527,0.9719197024591267,0.8882197183556855,0.9076039642095566,0.9619383795186878,,,,,,
3.520000000003004,157.34150038366923,28.802464819462248,119.86511640181631,84.40209446571777,119.21702675165751,86.19843301513,21.952047581446724,-3.514100191433312,19.828113450891202,0.872783374786377,0.9384215950965882,0.9739983071573078,0.8878506639041007,0.9091535553336144,0.962974832765758,,,,,,
3.540000000003046,157.37026612259461,28.531308715801128,119.50596197714485,84.18397469089395,119.17930072204405,86.20600960135307,21.880358079317546,-3.6806392638752086,19.798496464014065,0.8724595189094544,0.9406157016754151,0.9760792960412801,0.8875380285549909,0.9109675854444504,0.9640001041814685,,,,,,
3.5600000000030882,157.40410044770607,28.266341772021313,119.12292531685743,83.93945966182768,119.14083046323046,86.21371156786432,21.804057053375995,-3.955840951240155,19.76831096222168,0.8721579432487488,0.9427537441253662,0.9780550827272236,0.8872800183482469,0.9129351057112217,0.9649788720533252,,,,,,
3.5800000000031305,157.44090586479007,28.01340530170958,118.73509581429518,83.68349943967988,119.1016291127749,86.22153769843395,21.722464823304605,-4.182642180240167,19.737566329430216,0.8718935132026673,0.9447214841842652,0.9798242439515888,0.887086390145123,0.9149791739881039,0.9658622367307543,,,,,,
3.6000000000031727,157.47826660863063,27.77906961611074,118.35887465884228,83.43842967071578,119.06171005790264,86.22948675722522,21.637800901498757,-4.256082491584518,19.706272125596136,0.8716836094856263,0.9463936805725097,0.9819515217095613,0.8869710432365537,0.9169683665037155,0.9665958745405078,,,,,,
3.620000000003215,157.51524699839385,27.57004138678763,118.00980780007589,83.21941247502413,119.02108693093435,86.23755748898958,21.553262972244184,-4.173146984653574,19.67443808359985,0.8715442657470703,0.947665023803711,0.9837437145411968,0.8869449244812131,0.9187478303909302,0.9671330673620104,,,,,,
3.640000000003257,157.54937717491518,27.391920842554534,117.70282027073901,83.03357091609276,118.97977360463067,86.24574861926496,21.47187786859909,-3.9384257478273925,19.642074106072556,0.8714858531951905,0.9484602570533752,0.9850952414795756,0.8870107339695096,0.9202025085687637,0.9674414617940783,,,,,,
3.6600000000032993,157.57809162340638,27.249834627770532,117.45034702830664,82.88728981634524,118.93778418745468,86.25405885457691,21.396901946579952,-3.5281665794028374,19.609190262167502,0.8715180397033692,0.948716115951538,0.9859517991542817,0.8871732817962766,0.9212598726153374,0.9674921853467822,,,,,,
3.6800000000033415,157.59936034152577,27.147601413142684,117.26116389190524,82.78763618574202,118.8951330187539,86.26248688264296,21.331960041597867,-2.938461460060974,19.575796784276598,0.8716477394104004,0.9483828544616699,0.9862629730254412,0.8874358939006924,0.921862818300724,0.9672620398923755,,,,,,
3.7000000000033837,157.61160518199898,27.08770870844481,117.14093931245985,82.73861750393716,118.85183466386334,86.27103137257976,21.280284859899005,-2.2109524976748114,19.541904064693586,0.8718761324882508,0.9474344611167907,0.9859850682318211,0.8877961145713925,0.9219699233770371,0.9667396051809192,,,,,,
3.720000000003426,157.61354850408856,27.071115391595022,117.09335013397576,82.74009922727443,118.80790390913155,86.2796909751133,21.24407496815786,-1.3998427611088737,19.507522652224804,0.8721993923187257,0.9458706855773926,0.9850800991058349,0.8882484482601285,0.9215734332799912,0.9659251434728503,,,,,,
3.740000000003468,157.6043183271166,27.097048193105508,117.11935162673608,82.79021823655702,118.76335575687102,86.28846432279195,21.22458635490049,-0.5443726890149727,19.472663248748724,0.8726085424423218,0.9437154531478882,0.9835115928202868,0.8887825237587095,0.9206993862986564,0.9648304803296923,,,,,,
3.7600000000035103,157.58353969909365,27.163008554078804,117.21637366455342,82.88624155499915,118.71820542023494,86.29735003020242,21.222366285977767,0.3206637658552131,19.437336705725397,0.8730906784534455,0.9410140514373779,0.9812474232167006,0.8893837379291654,0.9193925648927689,0.9634772880002856,,,,,,
3.7800000000035525,157.55147491894505,27.268078832844278,117.37748418133303,82.98163819974883,118.6724683180219,86.30634669418849,21.237815759449212,1.2924857659822209,19.40155402065697,0.8736300706863404,0.9378438234329224,0.9782826740294694,0.890037308819592,0.9177171394228936,0.9618999345228076,,,,,,
3.8000000000035947,157.50896642845998,27.41442930768162,117.58140342041064,83.07052567575579,118.6261600694104,86.31545289407265,21.279143951267503,2.9362625433486653,19.36532633350043,0.8742598354816438,0.9342265248298645,0.9746681600809097,0.8908458160236478,0.9159487724304199,0.9600616557523608,,,,,,
3.820000000003637,157.45748376489297,27.58736260833629,117.80776205518326,83.29611120161621,118.57929648862495,86.32466719188035,21.352902798330113,4.20505363740757,19.3286649230339,0.8749360322952271,0.9303277015686036,0.970505790039897,0.8917334424331784,0.9141625091433525,0.9580526454374194,,,,,,
3.840000000003679,157.39887821191596,27.764724732386014,118.07407839239693,83.58565531499977,118.53189357953542,86.33398813256716,21.434508831519643,3.6465055924092558,19.291581203177465,0.8755468130111694,0.9264583945274353,0.9659292109310627,0.8924689816311002,0.9118034988641739,0.9560955865308642,,,,,,
3.8600000000037213,157.33528984543864,27.925221654528112,118.39834113751245,83.82051475966504,118.48396753019185,86.34341424424849,21.491748686221428,2.059364724019274,19.25408671926999,0.8760906457901001,0.9227734088897706,0.9611136017367243,0.8930811809375883,0.909246951341629,0.954247604124248,,,,,,
3.8800000000037635,157.26917014294816,28.050310362524698,118.7544257275463,84.04811873017846,118.4355347072962,86.35294403843203,21.52062201517058,0.9635216392491368,19.216193144303098,0.8765522360801697,0.9194434523582459,0.9562736564315856,0.8935633467510343,0.907034806907177,0.9525898082181812,,,,,,
3.9000000000038058,157.2031078382954,28.123271455764407,119.09530155694681,84.34653586423389,118.38661165061309,86.36257601025282,21.533862807061023,0.3689520981944967,19.177912275113393,0.8769101798534393,0.9167130947113037,0.9526126557029784,0.8939117160625756,0.9050780475139618,0.9512388570234179,,,,,,
3.920000000003848,157.13858592507313,28.12965081789976,119.39222304410917,84.67902787177701,118.3372150673216,86.37230863871085,21.532947253806448,-0.560911735180741,19.13925602853462,0.8771114706993104,0.914866304397583,0.9499468737281859,0.8940429922193289,0.90313630849123,0.9503675563260913,,,,,,
3.94000000000389,157.07798180743023,28.058073397445057,119.63207107819939,84.96459506754124,118.28736182630962,86.38214038691126,21.508098427528857,-1.9674867171690238,19.100236437510496,0.8771457493305207,0.9139904618263245,0.9484141760505735,0.8939456334337592,0.9013814881443978,0.9500291926786304,,,,,,
3.9600000000039324,157.02370170108136,27.901249973162873,119.79559811775243,85.1824164087073,118.23706895241334,86.39206970230703,21.45435410994506,-3.375855870104739,19.06086564717004,0.877034866809845,0.9140392184257508,0.9480671339668334,0.8936665128916502,0.9001397825777531,0.9501850945875049,,,,,,
3.9800000000039746,156.9776651663895,27.657064639527302,119.85686579801926,85.35178808045617,118.18635362060307,86.40209501694414,21.374220794319086,-4.6284798816866175,19.021155910866256,0.8767672061920166,0.915093994140625,0.9490308218635619,0.8931917195208371,0.8995253637433053,0.9508744342252612,,,,,,
4.000000000004016,156.94295908093443,27.32953015269542,119.79821317081317,85.46239938010547,118.1352331501182,86.41221474770923,21.268620705462318,-5.961302502097305,18.981119586179904,0.8763416409492493,0.9171762585639954,0.9513106876052916,0.8925233472138644,0.8994783803820611,0.952095208875835,,,,,,
4.02000000000397,156.92093267438764,26.928340767635984,119.61490701640888,85.47908551363106,118.08372499855255,86.42242729657947,21.13486735472791,-7.41496632496977,18.940769130889365,0.8757767438888551,0.9202375769615173,0.9548069887794555,0.8917032298631966,0.9000549256801605,0.9537912232801318,,,,,,
4.040000000003923,156.91204788166584,26.470017029763405,119.30721418599776,85.38804374047221,118.03184675589272,86.43273105087502,20.973121509745475,-8.706325667222933,18.90011709890811,0.8751021265983582,0.9240615963935852,0.9591216021217406,0.8907676321454346,0.9013338431715966,0.9558362944051624,,,,,,
4.0600000000038765,156.91575830850334,25.97626720440733,118.87774835310623,85.20498986604942,117.979616138511,86.44312438351362,20.78910495627958,-9.633722033236008,18.859176136191127,0.8743354856967926,0.9285276412963868,0.9639842444099486,0.889745328295976,0.9033562138676644,0.9581534249708057,,,,,,
4.08000000000383,156.93063138345022,25.468373178336027,118.33809010632221,84.96056655260116,117.92705098311544,86.45360565326757,20.589483618976367,-10.319362926174524,18.81795897661163,0.8735289692878724,0.9332921624183654,0.9688990049995482,0.8887081001885235,0.9059615328907967,0.9605622513219714,,,,,,
4.100000000003783,156.95571224748917,24.960435772659793,117.71660974153183,84.67853499566174,117.87416924065839,86.46417320502289,20.375258534492215,-11.14799800242446,18.776478437809388,0.8727148890495301,0.9380634784698486,0.9734779291786253,0.8876827134750783,0.9089175283908845,0.9629338366910816,,,,,,
4.120000000003737,156.98748229294674,24.465114206595526,117.05471071416957,84.35111461793788,117.8209889702065,86.47482537004062,20.142470183852083,-12.12204111204009,18.734747417012258,0.8719040036201477,0.9426871180534363,0.9777635866776109,0.8866670741699636,0.9120602265000344,0.9652127845212817,,,,,,
4.14000000000369,157.02405572917772,23.995588727078285,116.39032123512638,84.00039587056017,117.7675283327734,86.48556046622045,19.892448379732187,-12.79372263180933,18.692778886831967,0.8711300671100617,0.9469463586807251,0.9824236661195755,0.885702772345394,0.915325528383255,0.9673045141622424,,,,,,
4.1600000000036434,157.05991397957726,23.566123744630147,115.75303985203189,83.67258705374947,117.7138055851178,86.49637679836624,19.634695058490383,-12.882581591836873,18.65058589103595,0.8704400360584259,0.9505687713623047,0.9863320134580136,0.8848366870544851,0.9184744030237199,0.9690890533849597,,,,,,
4.180000000003597,157.0901655235099,23.190585333760154,115.17137633082157,83.39532133219562,117.65983907350878,86.50727265845374,19.380707598518004,-12.435880248979288,18.608181540296318,0.869922971725464,0.9529800772666931,0.9893368542194366,0.8840982570312917,0.9210710257291794,0.9700767857953906,,,,,,
4.20000000000355,157.11066977545056,22.882600292304733,114.67429597197567,83.17458486687737,117.60564722746065,86.51824632590035,19.14043651424279,-11.50724985437733,18.56557900791764,0.869579029083252,0.95435471534729,0.9914868734776974,0.8835312499664724,0.9229800015687942,0.9705103380605579,,,,,,
4.220000000003504,157.11617559031163,22.65393029130745,114.28493204693493,83.01797372482064,117.55124855343918,86.52929606783678,18.92406532353556,-10.03425172798048,18.522791525544697,0.8693943738937379,0.9549403190612793,0.9928116746246815,0.8831832184456289,0.924202524125576,0.9707010610029101,,,,,,
4.240000000003457,157.10272608254712,22.5137443507348,114.01774781038131,82.93916447917016,117.4966616285417,86.54042013938066,18.74273886278818,-8.016294690926168,18.47983237885196,0.8693881332874298,0.9546671867370605,0.9932427532970906,0.8830818965099753,0.9246548697352409,0.9706243140622973,,,,,,
4.26000000000341,157.06746213192255,22.467549064011607,113.88188607792515,82.94528983077274,117.44190509415309,86.55161678391215,18.60609649382679,-5.59684927548127,18.436714903215897,0.8695681214332581,0.9534931421279907,0.9926900416612625,0.8832399680279196,0.9242647349834442,0.970268557779491,,,,,,
4.280000000003364,157.00868457276098,22.516952707803004,113.8821867901005,83.0332862192271,117.38699764957964,86.56288423335128,18.520347605386426,-2.953259620815854,18.393452479371817,0.8699315428733826,0.9514067053794861,0.9910291142761707,0.8836587204597891,0.9230274096131325,0.9696364743635059,,,,,,
4.300000000003317,156.92588691364088,22.65921973710531,114.01736928107299,83.1967241675088,117.33195804566338,86.57422070843718,18.48854576231629,-0.22241395837229672,18.350058529056557,0.8705199241638184,0.9478989124298096,0.9879839606583118,0.8842888369224966,0.920863789319992,0.9681818587705493,,,,,,
4.320000000003271,156.81980312932228,22.887203625549567,114.2791153099955,83.42738455152094,117.27680507837866,86.58562441900901,18.511224647348914,2.474449590390494,18.30654651063856,0.87130765914917,0.9429818749427795,0.98332399725914,0.8851053907535971,0.9178937166929245,0.96589845251292,,,,,,
4.340000000003224,156.69230791996026,23.193717651454566,114.65291093640768,83.71170451872223,117.22155758241348,86.59709356428861,18.586521137429813,5.022319863040329,18.26292991473685,0.8722324073314667,0.9370576500892639,0.9769383758306504,0.8861011995933951,0.9143607452511787,0.9631243808194995,,,,,,
4.360000000003177,156.54626736018704,23.57763981885616,115.11704788489276,83.959000308127,117.16623442473688,86.60862633316506,18.711751041189277,7.605005255627136,18.219222259829586,0.8732606649398804,0.9303377270698547,0.9687880016863346,0.8872531547211111,0.9104622036218644,0.9599272830411791,,,,,,
4.380000000003131,156.3858976057605,24.02933451099363,115.62076536927316,84.13915446196397,117.11085449815653,86.62022090448045,18.899737845871087,11.375695212900576,18.17543708785546,0.8744370818138123,0.9230231285095215,0.9591844581067562,0.8887312605045736,0.9067767411470413,0.9562798364087939,,,,,,
4.400000000003084,156.21801622677765,24.51095894050431,116.11573993173992,84.50147094622199,117.0554367148666,86.63187544731755,19.162486871535986,14.447388457457564,18.131587959807526,0.8756869792938233,0.9155259609222413,0.9486628964543342,0.890413726773113,0.9035311505198479,0.9523550374433398,,,,,,
4.4200000000030375,156.04606070995365,24.97592791343788,116.6383728452376,84.94505888850868,116.99999999998934,86.64358812128897,19.451926865159706,13.849371264280672,18.08768845132187,0.8763488113880158,0.9090570688247681,0.9357754949480295,0.8920215799473227,0.9000720992684365,0.9489382369443774,,,,,,
4.440000000002991,155.87526115983368,25.381601737786795,117.23265859599375,85.25612366106698,116.94456328511208,86.65535707682768,19.700227688756794,10.87357322411995,18.043752148262453,0.8767231345176697,0.9036127805709839,0.9224521540105343,0.8934938742779196,0.8967142455279827,0.9459941608831286,,,,,,
4.460000000002944,155.7127533871293,25.691050504585345,117.85094159773368,85.51174213298295,116.88914550182217,86.6671804554792,19.891401123342487,8.442118271125784,17.99979264230351,0.8770183622837067,0.8990641355514527,0.9110890024341644,0.89469143319875,0.8941465623676778,0.9434848411008716,,,,,,
4.480000000002898,155.56363047509717,25.87176184964553,118.40103844704016,85.86667410006774,116.83376557524184,86.67905639019496,20.042153536244488,6.577946727184691,17.95582352651109,0.8772346496582032,0.8957178950309753,0.9030074589885771,0.8955775828100742,0.8921661622822284,0.9415964705869555,,,,,,
4.500000000002851,155.43304029892934,25.89681926706931,118.83087656008253,86.2611180728446,116.77844241756527,86.6909830056272,20.14696971793116,3.646511875685963,17.911858390925097,0.8773253083229066,0.8940799117088318,0.89893843466416,0.8959910948760808,0.8902865320444108,0.9406745774671436,,,,,,
4.520000000002804,155.32593555215183,25.750236499265295,119.12129453817599,86.54200660107692,116.72319492160013,86.7029584184251,20.179835333290644,-0.45854159860677124,17.8679108181434,0.8772891879081727,0.8943794369697571,0.8995674663223326,0.8958963823504746,0.8888317573815584,0.9408654792234301,,,,,,
4.540000000002758,155.24711678159719,25.433105760216854,119.23755354615545,86.6718105995983,116.66804195431568,86.71498073753213,20.129406276795603,-4.486141076566871,17.823994378909465,0.8771689891815186,0.8965692818164825,0.9050089114345611,0.8953827016986907,0.8884461764246225,0.9420922143384814,,,,,,
4.560000000002711,155.20020203476685,24.963975157894268,119.13454555411703,86.70834358399296,116.61300235039973,86.72704806448476,20.004343620060173,-7.964837486848595,17.780122627704838,0.8769600450992585,0.9007283091545105,0.9153499477542937,0.8944302470423281,0.8893070302903653,0.9443573696538806,,,,,,
4.580000000002665,155.1867163103033,24.374436025810123,118.79742182299381,86.65322159201241,116.55809490582656,86.73915849371217,19.810641448145805,-11.447798795507572,17.736309098348247,0.8766471028327942,0.9067426443099976,0.9296901338733733,0.893022421374917,0.8911343909800052,0.9475532991811633,,,,,,
4.600000000002618,155.20539425863362,23.70347911167158,118.24730689639534,86.44828196287078,116.50333837143825,86.75131011283719,19.54535766326878,-15.054336710650702,17.69256729960251,0.8760493099689484,0.9144525527954102,0.945159160438925,0.8912760713137686,0.8939550958573819,0.9515536410734058,,,,,,
4.620000000002571,155.25455065654165,22.989190257416297,117.51214885219893,86.09528011221292,116.44875144654108,86.7635010029783,19.21214371713293,-18.136104038729417,17.648910710790766,0.874579668045044,0.923860490322113,0.9572366588748992,0.8894506551325322,0.8982447311282158,0.956381450407207,,,,,,
4.640000000002525,155.33165363326785,22.270059415053588,116.61877025666871,85.68049766422192,116.39435277251992,86.77572923905262,18.824063864163627,-20.61970619462873,17.605352777423708,0.8729957580566406,0.9335791587829589,0.9680948250927031,0.8874651961959898,0.9034336231648922,0.9612306935712696,,,,,,
4.660000000002478,155.43175991116968,21.583566203447944,115.61282097241327,85.22250152263409,116.34016092647211,86.78799289007992,18.3877819793622,-23.00944927375134,17.561906906838917,0.8713809967041016,0.9427518844604492,0.9767579668201506,0.8853913535363972,0.9088938288390637,0.9657546145841479,,,,,,
4.6800000000024315,155.54837454873564,20.93196529209002,114.55342636192098,84.70707187308484,116.28619441486343,86.80029001948755,17.905061968430278,-25.172455043509267,17.51858646385408,0.8698722362518311,0.9505028009414673,0.984458775818348,0.8833742667920887,0.9142811633646488,0.969394407980144,,,,,,
4.700000000002385,155.67617537266815,20.317069732422226,113.49460593917193,84.16777493724985,116.23247166720815,86.81261868541621,17.38674919256001,-26.46955206392412,17.475404766435325,0.868630975484848,0.9556653022766113,0.9907602656632661,0.881376235652715,0.919183299690485,0.9710085613653063,,,,,,
4.720000000002338,155.8052522143804,19.741206045722187,112.48644962806175,83.66623479475906,116.17901102977537,86.82497694102663,16.85443007870403,-26.559375085705106,17.43237508138223,0.8683266282081604,0.9564260244369507,0.9932562008500099,0.8810778071172536,0.9219430178403855,0.9711003644391895,,,,,,
4.740000000002292,155.9241407475902,19.210605662767275,111.58326388981922,83.25754609811734,116.1258307593238,86.837362834807,16.331415227782518,-25.591400738214798,17.389510620030876,0.8682415306568146,0.9564803123474122,0.9951839007437229,0.8808470834977925,0.9239564731717109,0.9711298568174243,,,,,,
4.760000000002245,156.0217366806797,18.77987863036685,110.84226901246491,82.93694474779782,116.07294901686711,86.8497744108811,15.837509682436627,-23.592169971766644,17.346824533976413,0.8681447565555573,0.9565420269966125,0.9969074793159962,0.8805848051793874,0.9255926430225372,0.971163378469646,,,,,,
4.7800000000021985,156.0868685498591,18.482442733103667,110.29929502377315,82.72401475173483,116.02038386147187,86.8622097093172,15.397417254272451,-20.16238617577346,17.304329910816538,0.8680807113647462,0.9565828561782836,0.9983171828091144,0.8804113020189107,0.9269052237272263,0.9711855752393603,,,,,,
4.800000000002152,156.11187950373798,18.333760165482303,109.96563845681696,82.66096331482248,115.96815324409052,86.8746667664375,15.039981931629386,-15.410487904147544,17.262039769917383,0.8680471658706665,0.9566042423248291,0.9993395432829857,0.8803204287774862,0.9278132349252701,0.9711971862241626,,,,,,
4.820000000002105,156.09244163695163,18.340215033686356,109.84639578909649,82.76241700566489,115.91627500143102,86.8871436151283,14.78521518448064,-10.033037285541724,17.219967058203,0.868047720193863,0.9566038846969604,0.9999507710337638,0.8803219367749989,0.9281496092677116,0.9711969954892993,,,,,,
4.840000000002059,156.02734627153572,18.498005322302173,109.94813221262866,83.02687324237625,115.86476684986572,86.89963828515054,14.636726428490586,-4.908566208461706,17.17812464597018,0.8681621789932251,0.9564786911010742,1.0,0.8802941192872823,0.9276235193014145,0.9713029725477099,,,,,,
4.860000000002012,155.9177512493426,18.794604647427164,110.27248558238487,83.39483614433094,115.8136463793812,86.91214880345099,14.585971895312623,-0.19683759909139373,17.136525322729707,0.8691141486167908,0.9512618541717529,0.9953023731708527,0.8814389039762318,0.9233980506658555,0.969707558862865,,,,,,
4.880000000001965,155.76658497973298,19.21243037613731,110.79233115931369,83.85418466265666,115.76293104757129,86.92467319447377,14.628943044009118,4.500547947896887,17.095181793075543,0.8702995479106903,0.9443866372108459,0.9877557069063186,0.8828592886216938,0.918256601691246,0.967314444296062,,,,,,
4.900000000001919,155.5783189262241,19.730772739115206,111.46329095853484,84.41018006039002,115.71263817367534,86.93720948047236,14.764764847815941,9.000343951432804,17.054106672583348,0.8717649340629579,0.9346847295761108,0.9764114744961262,0.884372149873525,0.9120585486292839,0.9628845317289233,,,,,,
4.920000000001872,155.3587062228809,20.327705961443797,112.24991906519526,85.02270299043133,115.66278493266374,86.94975568182187,14.984149713722347,12.802240871760816,17.013312483739654,0.8732969999313355,0.9240434408187866,0.9616774976253509,0.8860067297704518,0.9054901570081711,0.9579188687726855,,,,,,
4.940000000001826,155.11527312308633,20.98154166001081,113.12215959423764,85.63217085793698,115.61338834937258,86.96230981733169,15.27217808462425,15.91559814484312,16.97281165190298,0.8744430899620057,0.9137157201766968,0.9428715974092483,0.8877992142923177,0.899240405857563,0.952948365919292,,,,,,
4.960000000001779,154.85369956598768,21.670015744574556,114.03749939942065,86.18314378694689,115.56446529268985,86.97486990455825,15.61892813075259,18.770935725519372,16.932616501298504,0.874861514568329,0.9047380208969117,0.9195181414484978,0.8898344089277089,0.8939168140292167,0.9484611852094531,,,,,,
4.980000000001732,154.58507983648965,22.35600966151211,114.9317624083902,86.6849822009013,115.51603246979455,86.98743396011821,16.024249402295304,21.693115500391144,16.892739251047136,0.875336754322052,0.8964479565620422,0.8972645923495293,0.8918856491334737,0.8892018899321557,0.9440251810476183,,,,,,
5.000000000001686,154.3165954305686,22.9810939592185,115.76051439332483,87.26937219984492,115.46810642045133,88.0,16.474609676373042,22.786262926698953,16.199433142560935,0.8757863879203797,0.8892143130302429,0.8781805334612728,0.893753754068166,0.8890603296458721,0.9399192197248339,,,,,,
5.020000000001639,154.05716655510085,23.47680105117772,116.54483633504334,87.85198780103129,115.42070351136216,88.0,16.908916992203732,20.01050924008238,16.168443070343088,0.8761207401752472,0.8837506473064423,0.864816695265472,0.8951690490357578,0.8850507251918316,0.9366797907277942,,,,,,
5.0400000000015925,153.8188559673028,23.782728547471013,117.28933037102385,88.26848300272516,115.37383993057706,88.0,17.25882360262081,14.839155627183583,16.137805588787153,0.876384037733078,0.8802396714687348,0.8576374350115658,0.8961892521940172,0.8816852491348982,0.9344673497602344,,,,,,
5.060000000001546,153.61289674760187,23.859841086492697,117.90799373565095,88.55049261418036,115.32753168196592,88.0,17.50435379974672,9.839032548205493,16.107531160565,0.8765420794487,0.8789365887641907,0.8553559480234981,0.8967006904073059,0.8807728510349989,0.9335608129389584,,,,,,
5.080000000001499,153.44711829872716,23.700297459570496,118.2939912234266,88.77763156503535,115.28179457975324,88.0,17.655005242360954,5.181105758964263,16.07763012436615,0.8766292452812195,0.8799943387508393,0.8582332311198115,0.896743300743401,0.8812753718346358,0.934050565585494,,,,,,
5.100000000001453,153.32636327842587,23.325072011099817,118.40996429868977,88.9007841843533,115.23664424311751,88.0,17.70641444786167,-0.19807445286187117,16.048112691367066,0.8766258239746094,0.8837265074253082,0.8673698721453548,0.896237057633698,0.8826920848339797,0.9360961357131601,,,,,,
5.120000000001406,153.2502675444021,22.777755463772266,118.27367686933309,88.83193096652509,115.19209609085733,88.0,17.643414794637145,-6.0885817082717715,16.018988941744073,0.8765077233314514,0.8902915418148041,0.8841117797419429,0.8951244652271271,0.8850371461361647,0.9396808009594679,,,,,,
5.1400000000013595,153.21785486586452,22.113112753091396,117.90226019064556,88.58270373022816,115.1481653361259,88.0,17.467519300917637,-11.314514339953922,15.990268821230991,0.8763270497322083,0.8991411447525025,0.9077438173815608,0.8935920297168195,0.8881609540432692,0.9442929166369141,,,,,,
5.160000000001313,153.2244078098366,21.40930210589558,117.30511362447204,88.21595734944943,115.10486698123569,88.0,17.198566405009203,-15.404175160387632,15.961962137722654,0.8760524153709413,0.9096713304519654,0.9345022736117243,0.8916496370919049,0.8918476682156324,0.9495537900365889,,,,,,
5.180000000001266,153.26370388251433,20.728007256986167,116.50721025484039,87.76122870114177,115.06221581253526,88.0,16.85704155532752,-18.651294719615546,15.934078557925567,0.8747635960578919,0.9216670036315918,0.9544620810076594,0.8896168050356209,0.8963099282234908,0.9554952993988991,,,,,,
5.20000000000122,153.3329469898118,20.07316929833642,115.55732599426993,87.25003466893476,115.02022639535961,88.0,16.45419437629639,-21.626402179586144,15.906627604056666,0.8729727983474732,0.9334945678710938,0.9684134541079402,0.8875597878359258,0.9019729711115361,0.9612620487809181,,,,,,
5.220000000001173,153.42652972145478,19.44763437233965,114.51897368941114,86.67338174019777,114.97891306905628,88.0,15.992879296072426,-24.437695011247715,15.879618650591564,0.8712447166442872,0.94394371509552,0.9784732161089778,0.8855179552920163,0.9085139133036136,0.9662912741303444,,,,,,
5.240000000001126,153.53954785928548,18.85388674792768,113.44205305014385,86.04965997363317,114.93828994208832,88.0,15.481710851184424,-26.507857917654455,15.853060921063115,0.8697183549404145,0.952069091796875,0.9860247131437063,0.8835721259005368,0.9147743836045266,0.969882620871067,,,,,,
5.26000000000108,153.66631868252446,18.29544117195883,112.35864862670788,85.42933240721713,114.8983708872164,88.0,14.939859932469647,-27.501957082725383,15.82696348491164,0.8686519742012024,0.9562183141708374,0.9913320440798998,0.8821414773352444,0.9197480566799641,0.9710205927491188,,,,,,
5.280000000001033,153.79681931521137,17.776049139044122,111.3129325457224,84.85770824431981,114.85916953676117,88.0,14.387663825652265,-27.596287430332545,15.801335254387656,0.8683978319168091,0.9563805818557739,0.9934066377580166,0.8814517681486905,0.9220483392477036,0.9711087122559547,,,,,,
5.300000000000987,153.91878371430977,17.29957214520911,110.37224368997855,84.33727240822415,114.82069927794791,88.0,13.84242328468251,-26.68393117322404,15.776184981508422,0.8681795835494995,0.9565198183059692,0.9954200372099876,0.8808600251562894,0.9241864711046219,0.9711843386292458,,,,,,
5.32000000000094,154.02000508635842,16.906530890213094,109.58597451584407,83.90582758234143,114.78297324833476,88.0,13.332999670053601,-23.91280480513735,15.751521255069079,0.8679925203323364,0.9566390752792359,0.9972361646592617,0.880353278387338,0.9261485904455184,0.9712491407990456,,,,,,
5.340000000000893,154.0899504670595,16.65545697874177,108.97507225355746,83.63671528903105,114.74600433132628,88.0,12.897685505390777,-19.412562132960996,15.727352497709628,0.867812877893448,0.9567535161972046,0.9987518891692162,0.8798670773394406,0.9277638718485832,0.9713113322854042,,,,,,
5.360000000000847,154.11964054577214,16.562817119918027,108.56602986431776,83.53451437371675,114.70980515177374,88.0,12.561056436551313,-14.201523716693186,15.703686963038543,0.8676569104194641,0.9568528294563293,0.9999261528253556,0.8794452850706875,0.9287506863474846,0.9713653102517128,,,,,,
5.3800000000008,154.1037250462467,16.633990430050925,108.38751280005789,83.55852194082331,114.6743880716638,88.0,12.33111547706757,-8.742591466343587,15.680532732814243,0.8675271272659302,0.9569354176521301,1.0,0.8790945653803647,0.929091463983059,0.9714102044701576,,,,,,
5.4000000000007535,154.04071354303795,16.863540270234317,108.4403158688342,83.72747613231918,114.63976518589688,88.0,12.212977704358886,-3.092328488755152,15.657897714185136,0.867429268360138,0.9569976687431335,1.0,0.8788302903063596,0.9289526596665383,0.9714440479874611,,,,,,
5.420000000000707,153.93185489248233,17.237463010327374,108.71453084509528,84.04049463106816,114.60594831815675,88.0,12.204070686072152,2.0881812426478783,15.635789636989358,0.8673376858234406,0.9570559144020081,1.0,0.8785830740816891,0.9282376796007157,0.9714757099747657,,,,,,
5.44000000000066,153.78034946923339,17.736305594419076,109.1975473204078,84.44554743751902,114.57294901687277,88.0,12.292692323736645,6.71195368818537,15.614216051115012,0.8681994020938874,0.9521553754806519,0.9959806323051452,0.8792865340597928,0.9236713841557502,0.9701125040650368,,,,,,
5.460000000000614,153.59302151708556,18.33768741914363,109.85392333105807,84.9262183550891,114.54077855127608,88.0,12.470956299917253,11.074882674738873,15.5931843239219,0.8693549513816834,0.9450438737869262,0.9872473731637001,0.8805833880789579,0.9178829446434975,0.9680188074707985,,,,,,
5.480000000000567,153.37618766067942,19.017903863115023,110.63706988025781,85.47470814164674,114.50944790755122,88.0,12.732968846851174,15.024269671367854,15.572701637725608,0.8707473695278168,0.9356139898300171,0.9747771322727203,0.8820048813708127,0.9113770693540574,0.9642586126923561,,,,,,
5.5000000000005205,153.13457007028117,19.754106525139033,111.50836260761167,86.05139080434199,114.47896778508434,88.0,13.067077048870303,18.26528639872377,15.552774987344705,0.8722411572933197,0.9248790264129638,0.9589912466704845,0.8835093860514462,0.9046454355120659,0.9594059005379677,,,,,,
5.520000000000474,152.8764145265966,20.525272864760634,112.43179755897596,86.61045654887782,114.44934859280929,88.0,13.459640782530341,20.91996170418612,15.533411177712022,0.8731232166290284,0.9150640487670899,0.9389170356094837,0.8852118973620237,0.8986745461821556,0.9548456445336342,,,,,,
5.540000000000427,152.6092246820358,21.30830635148073,113.36322956937859,87.12472798884139,114.42060044565314,88.0,13.901813069892615,23.258700607130496,15.514616821550835,0.8734795153141022,0.9066882729530334,0.9163741335272789,0.8870381419546902,0.8936609655618668,0.9507951870560646,,,,,,
5.560000000000381,152.3429162994202,22.064024214156635,114.25170904862537,87.6060573055651,114.3927331610818,88.0,14.387578226631119,25.17539712591277,15.496398337116542,0.8738591432571412,0.8992602109909058,0.8959457442164421,0.8887788658030331,0.889264366030693,0.946983577311039,,,,,,
5.580000000000334,152.08565017290397,22.74001295729483,115.0637083556178,88.10138788925263,114.3657562557474,88.0,14.897872804829543,25.439939779432848,15.478761946004884,0.8742154836654663,0.8931291103363037,0.8794455220922828,0.890305454004556,0.8854692906141282,0.9436560288071633,,,,,,
5.600000000000287,151.84581481997466,23.27752368227009,115.79955546773907,88.55394062739624,114.33967894223841,88.0,15.386106194076925,22.91910907242656,15.461713671027269,0.8745291233062744,0.8887175619602203,0.8694720266386867,0.8915290644392372,0.8826091848313808,0.9411098857410252,,,,,,
5.620000000000241,151.63609358185593,23.621652762125457,116.44703504472395,88.87320682643696,114.31451012593352,88.0,15.800815265181932,18.354113422658784,15.445259334154002,0.8748002052307129,0.8862249791622162,0.8646817443892361,0.8924177709035576,0.8819864355027676,0.9395312894135713,,,,,,
5.640000000000194,151.46582179067263,23.737985850813114,116.94238638634184,89.04364136451177,114.29025840196043,88.0,16.117553923917637,13.333177070110967,15.429404554526034,0.8750083267688752,0.8858054935932159,0.8647206662222744,0.8929037083871663,0.8820657692849636,0.9390840280801058,,,,,,
5.660000000000148,151.34204659649154,23.621296237576196,117.20983022816961,89.09404603141311,114.26693205226064,88.0,16.334976800117637,8.398960799328654,15.414154746536077,0.8751606762409211,0.8876762449741363,0.8702033756300808,0.8929684684611857,0.8829403303563595,0.9398879919201135,,,,,,
5.680000000000101,151.26769306348504,23.293551224647285,117.21911374490323,89.01622371987492,114.24453904276123,88.0,16.451580846405857,3.19458633144312,15.399515117979607,0.8752556443214417,0.8920295834541321,0.8821978626772762,0.8925852281972766,0.8846785150468349,0.941997510008514,,,,,,
5.700000000000054,151.241501411763,22.796917433840786,116.98403028288257,88.77522416140683,114.22308702065443,88.0,16.461210614670275,-2.2167176786886698,15.385490668276361,0.8752910971641541,0.8988240957260132,0.9012267647311092,0.89176006866619,0.8872649870812893,0.9452931339852512,,,,,,
5.720000000000008,151.2590314875122,22.18426156150879,116.52855666525264,88.37776552344332,114.20258331178611,88.0,16.366016880972122,-7.1723389166742795,15.372086186763052,0.8752693116664887,0.9075905680656433,0.9253116248175501,0.8905572659336031,0.8905558191239834,0.9494363034144044,,,,,,
5.739999999999961,151.31692452851013,21.520617777745944,115.87403422482589,87.86473164274308,114.18303491815409,88.0,16.180361187059813,-11.235324730613327,15.359306251057848,0.8748169124126435,0.9179160118103028,0.9480268595740199,0.8890616965480149,0.8944948516786099,0.9542706872336566,,,,,,
5.7599999999999145,151.40813593248714,20.87688422204744,115.04860546063209,87.27762045001177,114.1644485155169,88.0,15.92228208000671,-14.46819654754911,15.34715522549709,0.8717000842094422,0.9370532751083374,0.9706859825178981,0.8851265416480602,0.9022852811962366,0.9637566233985126,,,,,,
5.779999999999868,151.52652842263018,20.26021913024041,114.09783592942672,86.66062052746389,114.14683045111396,88.0,15.603550681535676,-17.396900211645043,15.335637259644855,0.8689314246177674,0.9512064814567566,0.9840480683371424,0.881251484900713,0.9110138088464738,0.9697968865744769,,,,,,
5.799999999999821,151.66821632722807,19.672500723760365,113.08208249368502,86.0064138660832,114.13018674149816,88.0,15.227112427774816,-20.188107305830172,15.324756286875946,0.8673073053359985,0.9570752263069153,0.9888234723359346,0.8786670275032521,0.9166401013731956,0.971532907616347,,,,,,
5.819999999999775,151.82739972883843,19.115923391119228,112.05000973113974,85.32926411430107,114.1145230704811,88.0,14.800716226493913,-22.285180723993587,15.314516023032596,0.8668317914009095,0.957377302646637,0.9907671008259058,0.8773857660591603,0.9188910678029061,0.9716972018592059,,,,,,
5.839999999999728,151.99626604836544,18.59278087627692,111.03696150973728,84.68225877435387,114.09984478719205,88.0,14.343066310874404,-23.297019819716105,15.30491996515552,0.866442883014679,0.9576240062713623,0.9927649073302746,0.876340676099062,0.9213076382875443,0.971831455361098,,,,,,
5.8599999999996815,152.16416924432795,18.106556755474106,110.09602576495557,84.11891244223418,114.08615690425134,88.0,13.875385310359766,-23.2991005230001,15.295971390289697,0.8661050140857697,0.9578380584716797,0.9947413489222526,0.8754349537193775,0.9236490726470947,0.971947970520705,,,,,,
5.879999999999635,152.3157284997088,17.683710938278335,109.29961088737238,83.63662337932112,114.07346409605842,88.0,13.42067228084833,-21.85543809692758,15.287673354365236,0.8657863855361939,0.9580397009849548,0.9965854093432427,0.8745828337967396,0.925675205886364,0.9720577980391681,,,,,,
5.899999999999588,152.43684624742403,17.400239022684232,108.68869092927888,83.29198283359304,114.06177069719568,88.0,13.015253123113302,-18.35608137356692,15.280028691153817,0.86549471616745,0.958224105834961,0.9981522120535373,0.8738046534359456,0.9274022340774536,0.9721582557074726,,,,,,
5.919999999999542,152.52015889233263,17.27886494832861,108.27434376645508,83.1427872969768,114.05108070094812,88.0,12.695761861904852,-13.47784288527635,15.273040011300914,0.8652162671089173,0.9583999633789062,0.9993565157055855,0.8730634219944478,0.9285915583372116,0.9722540999762714,,,,,,
5.939999999999495,152.55998574919857,17.324834022500458,108.07450087178778,83.15987949111306,114.04139775793965,88.0,12.477101048210141,-8.41023504382772,15.26670970143429,0.8649442315101624,0.9585716247558593,1.0,0.8723409779369832,0.9290050357580185,0.9723477031104266,,,,,,
5.959999999999448,152.55566255464777,17.5317369946869,108.10402150778175,83.30780816267738,114.03272517488645,88.0,12.358654408588517,-3.460115626336372,15.261039923348978,0.8647158205509187,0.9587156534194946,1.0,0.871735704690218,0.9287884116172791,0.9724262381903828,,,,,,
5.979999999999402,152.50884446702807,17.88484854125601,108.35584400860164,83.58450018170973,114.0250659134677,88.0,12.337201467778018,1.2759966961810008,15.256032613269,0.8644940733909607,0.9588553667068481,1.0,0.8711492903530598,0.9280523777008056,0.9725024606101215,,,,,,
5.999999999999355,152.42355046873868,18.36436896340061,108.80619206282411,83.9676454630794,114.01842258931413,88.0,12.40818514971629,5.780059329700242,15.251689481186148,0.8642835080623628,0.9589879512786865,1.0,0.8705936081707478,0.926807901263237,0.9725748087279499,,,,,,
6.019999999999309,152.30333094487958,18.947570544435862,109.42055984144568,84.4401721976986,114.05764415879037,88.0,12.566110141220037,9.93677177752469,15.27733093007443,0.8640693664550781,0.9591226935386657,0.9991977199912071,0.870029640942812,0.9251312986016273,0.9726483489386737,,,,,,
6.039999999999262,152.1536463649786,19.610646944178466,110.16360390755639,84.97257190809536,117.05890107738175,88.0,12.802080018204254,13.565134136571546,17.239429257763508,0.8638756692409516,0.9592444896697998,1.0,0.8695205636322498,0.9231099188327789,0.9727148438803852,,,,,,
6.059999999999215,151.98168608947788,20.330858990938225,110.99933615207893,85.52860105269255,117.11777944727693,88.0,13.105161214274668,16.664723706970626,17.27792151425537,0.8637328445911407,0.9593342542648315,1.0,0.8691458351910115,0.9208865612745285,0.9727638627402484,,,,,,
6.079999999999169,151.79435809038634,21.08676913282636,111.88747838356939,86.08008344912113,117.17661241095315,88.0,13.465913989693494,19.346928197649493,17.316384086028897,0.8638649225234986,0.9581363439559937,1.0,0.869104815274477,0.9177060529589653,0.9724233771674335,,,,,,
6.099999999999122,151.59972633062068,21.85932870445236,112.78778927976624,86.60319571069756,117.23537728718298,88.0,13.876465901232292,21.642008315681405,17.354802145030497,0.8647909998893738,0.9523930549621582,0.9924570515751838,0.8700069077312946,0.9116981253027916,0.97069036019966,,,,,,
6.1199999999990755,151.4047640959815,22.632358140047284,113.66557704592108,87.07042425817781,117.294051420988,88.0,14.328972293358673,23.54714950456175,17.39316088036711,0.8656201004981995,0.9473800778388977,0.984733460098505,0.8709500439465047,0.9066431261599064,0.9692192937247455,,,,,,
6.139999999999029,151.21353681219134,23.39244178381326,114.49109253911054,87.45611984206023,117.35261219237269,88.0,14.81618125891304,25.122353175800363,17.43144550401606,0.8663214266300202,0.943241822719574,0.9775050438940525,0.8718295581638813,0.902535029500723,0.9680247093550861,,,,,,
6.159999999998982,151.03382550545638,24.129488227824535,115.24281719184306,87.73708086174113,117.41103702504495,88.0,15.331452549774509,26.340973990765786,17.469641256526163,0.8669331192970277,0.9400951623916626,0.9714973270893097,0.8727413423359395,0.8994866967201233,0.9671144868247211,,,,,,
6.179999999998936,150.86839760812992,24.833270843396786,115.9094357897355,87.88802303831055,117.46930339511961,88.0,15.867710073905652,27.251219810666303,17.507733412707736,0.8674604654312135,0.9379584908485412,0.9671286307275295,0.873680890351534,0.897527776658535,0.9664830590598286,,,,,,
6.199999999998889,150.72335566504347,25.483084912962834,116.47940645975997,87.93650915919996,117.52738883980184,88.0,16.42012497991232,27.899997462271987,17.54570728730944,0.8679599940776825,0.9366153955459595,0.9643131390213966,0.8747404463589192,0.8966345719993115,0.9660617495886982,,,,,,
6.2199999999988425,150.6025345145761,26.05334078136695,116.9484162995198,87.94039257659587,117.58527096604703,88.0,16.9760072548055,27.41435740791018,17.583548240679765,0.8684074521064759,0.9360234498977661,0.9630220372229814,0.8758385546505452,0.8966150194406509,0.9658418680541218,,,,,,
6.239999999998796,150.50863352291046,26.525908413234028,117.33002080070212,87.82925332053917,117.64292745919367,88.0,17.506272362057317,25.432267044579,17.621241684410844,0.8688080906867981,0.936080527305603,0.9630802389234304,0.8769644804298878,0.8971664037555457,0.9657962705008686,,,,,,
6.259999999998749,150.44613971609178,26.89359860975994,117.61500266015771,87.55707996854679,117.70033609156611,88.0,17.991095144308122,23.098897276818548,17.658773086962597,0.8691700100898743,0.9368054270744324,0.9644601631909608,0.8781468994915486,0.8985975243151189,0.9659293319098652,,,,,,
6.279999999998703,150.4199631754741,27.15956371518108,117.76404214038628,87.18449545653695,117.75747473104374,88.0,18.433203296594016,21.157001006082876,17.696127979264887,0.8695447742938995,0.9384459972381591,0.9675910845398903,0.879595834761858,0.9013501107692719,0.9662995005957782,,,,,,
6.299999999998656,150.43156180210238,27.33376344987249,117.7531108154812,86.74730280063454,117.81432134959337,88.0,18.836366012568863,19.071395935070942,17.733291960295656,0.8698845446109772,0.940434992313385,0.9715284388512373,0.8810312278568745,0.9048100650310517,0.9666120911948383,,,,,,
6.319999999998609,150.4814572368595,27.431673204312183,117.5926575130653,86.21425208169232,117.87085403176141,88.0,19.191797838152095,16.38062522626714,17.77025070263277,0.8701420068740845,0.9430676937103272,0.9762302212417125,0.882421524077654,0.9089228734374046,0.9671476508490742,,,,,,
6.339999999998563,150.56898088261173,27.47154788748555,117.3051772407121,85.58325213345933,117.92705098312275,88.0,19.489623854279028,13.393073193515002,17.806989957977514,0.8703097224235535,0.9462901830673218,0.9812954273074865,0.8837534196674824,0.913775060325861,0.967965021263808,,,,,,
6.359999999998516,150.69187093093652,27.471074155542816,116.91136464317695,84.9086967356057,117.98289053868288,88.0,19.72785670994435,10.43971901489347,17.84349556264759,0.8703991830348969,0.9498884320259094,0.986305969953537,0.8850181110203267,0.9192819118499755,0.9689935470931232,,,,,,
6.37999999999847,150.84629460209266,27.44285316188971,116.4383914191611,84.23530888402195,118.03835117123016,88.0,19.90715784137143,7.483899458463748,17.879753443037472,0.8704109430313111,0.9536606311798096,0.9909727983176708,0.8861764080822468,0.9251123666763306,0.9701741482131183,,,,,,
6.399999999998423,151.02681207391663,27.398596596995006,115.92390363969287,83.57611619244845,118.09341149963502,88.0,20.02756468598659,4.590816324520823,17.915749621044085,0.870739758014679,0.9546513795852661,0.9932306274771691,0.8878980703651905,0.9295296996831894,0.9700780059210956,,,,,,
6.419999999998376,151.22663947709157,27.3496012559598,115.40551655179809,82.9600107762286,118.14805029709274,88.0,20.09321811275301,2.0554410462864476,17.95147021945558,0.8714782476425171,0.9534790396690369,0.9943470880389214,0.8896262891590595,0.9324797511100769,0.9690128709189594,,,,,,
6.43999999999833,151.4380304730785,27.306569239776813,114.91752028798642,82.42771756845445,118.20224649930678,88.0,20.113298993315137,0.04016201697982786,17.986901467301294,0.8721517980098725,0.9523963212966919,0.9954786211252212,0.8912018485367298,0.9352367103099823,0.9680201436392963,,,,,,
6.459999999998283,151.652789839791,27.27920096501717,114.49392424025307,82.01503035567634,118.25597921260955,88.0,20.09786250836432,-1.5251209723855232,18.02202970516073,0.8727360904216767,0.9514467716217041,0.9965575978159904,0.8925675876438618,0.9376283377408982,0.9671425010077656,,,,,,
6.4799999999982365,151.8629417621611,27.276326753097713,114.16800484243657,81.71239181760178,118.30922772201718,88.0,20.055179377453833,-2.6418614500963624,18.05684139042948,0.8732166171073914,0.9506587743759155,0.9975161641836167,0.8936897523701192,0.939505523443222,0.9664092208258808,,,,,,
6.49999999999819,152.06122911383534,27.30509654606745,113.96191541492297,81.5585950780789,118.3619714992157,88.0,19.996097005113306,-3.196749528218607,18.091323102540212,0.8736158907413483,0.949999189376831,0.9982857495546341,0.8946213074028492,0.9409143060445786,0.9657920266501605,,,,,,
6.519999999998143,152.24186792178367,27.372959637277486,113.88962372914621,81.56868586795319,118.41419021047497,88.0,19.928767136423613,-3.522467700749243,18.125461548136528,0.8738790512084962,0.9495620965957642,0.998823992908001,0.895234776288271,0.9416783273220062,0.9653813148848712,,,,,,
6.539999999998097,152.40083718936455,27.490555228415275,113.95973151524412,81.73859844926872,118.46586372448775,88.0,19.85533899353096,-3.8403446597857394,18.15924356619777,0.8740246653556825,0.9493194341659545,0.9991007670760155,0.895574051886797,0.9417431652545929,0.9651527072302997,,,,,,
6.55999999999805,152.535781531884,27.651445671291178,114.17552229125386,82.08027780673434,118.51697212013076,88.0,19.77308936449983,-4.454886162125378,18.192656133112934,0.8740151226520538,0.9493353366851807,0.9990997433662414,0.8955518312752248,0.9411100834608078,0.9651677156798542,,,,,,
6.5799999999980034,152.64570481195466,27.84041021417063,114.53582502020767,82.54437758429816,118.56749569414457,88.0,19.675236308820697,-5.328779349262175,18.22568636770141,0.8738419711589813,0.9496237993240356,0.9988135576248169,0.8951483733952046,0.9397267997264862,0.9654393698088825,,,,,,
6.599999999997957,152.7304318729552,28.042078026550882,115.02110773576239,83.09162102200906,118.61741496872965,88.0,19.56255937694355,-5.822299202735223,18.258321536179025,0.8735276758670807,0.9501452922821045,0.9982421860098839,0.894415570050478,0.9377977877855301,0.9659289981238544,,,,,,
6.61999999999791,152.7905249868953,28.24380049144446,115.59186900273262,83.72357503789972,118.66671069905539,88.0,19.447480601743024,-5.572018485033441,18.290549057067086,0.8730928957462312,0.9508622646331787,0.9974225461483002,0.8934009321033954,0.9354868829250336,0.9665990258567035,,,,,,
6.639999999997864,152.82732842907367,28.437023534240478,116.20816009774195,84.41898386592771,118.71536388067935,88.0,19.342735452657614,-4.861657475535115,18.32235650604281,0.8726572096347809,0.9516991019248963,0.9966663405299186,0.8918965883553028,0.9326210141181945,0.9674355651251971,,,,,,
6.659999999997817,152.8437721634441,28.617775266766177,116.84094697462183,85.11776673868025,118.76335575687386,88.0,19.253965010554715,-3.9907018287330076,18.353731620729132,0.8727292358875275,0.94848473072052,0.9928878605365753,0.8910524316132069,0.9273720353841781,0.966330089699477,,,,,,
6.67999999999777,152.84183344249743,28.78593965232432,117.46488978668896,85.77934430565263,118.81066782585711,88.0,19.18458475535337,-2.909947617197527,18.384662305422097,0.8727183103561402,0.9455446243286133,0.9888327501714229,0.8901866503059864,0.9223211646080017,0.9653867985121906,,,,,,
6.699999999997724,152.82419905887775,28.942756656582482,118.05591532375418,86.4024197428565,118.85728184792583,88.0,19.138147322453705,-1.7434334033779957,18.41513663575395,0.8726137757301331,0.943117356300354,0.984841713309288,0.8892309315502643,0.9177045285701751,0.9647143150679767,,,,,,
6.719999999997677,152.79461929942278,29.090098742844745,118.59808437623387,86.9506669928141,118.90317985248723,88.0,19.114183342510298,-0.6602064679790294,18.445142863290258,0.8724156379699708,0.9413218021392822,0.9811964277178049,0.8882037110626698,0.9135797455906868,0.9643468762747943,,,,,,
6.7399999999976306,152.75717558023516,29.230496365347527,119.07718898475031,87.38963752641627,118.94834414498679,88.0,19.11242727938989,0.5266275016637579,18.474669420059097,0.8711457550525665,0.9440721035003662,0.9808238118886947,0.8854463703930379,0.9112747453153134,0.9664748336188496,,,,,,
6.759999999997584,152.7161961531997,29.36789062491437,119.47323535850344,87.68015769106266,118.99275731373005,88.0,19.137924119113286,2.1413635928033075,18.50370492301078,0.8704225659370423,0.9449376225471496,0.9796157266944647,0.8836936917155981,0.9089449055492879,0.9674434090964497,,,,,,
6.779999999997537,152.67668657151282,29.503010762650504,119.75355591902422,87.82292040852421,119.036402236595,88.0,19.204268080828992,4.592017840447013,18.532238178406196,0.8698309481143952,0.945902943611145,0.9796272899955512,0.8823282345198095,0.907543808221817,0.9682281876914203,,,,,,
6.799999999997491,152.64482748895418,29.622379172870303,119.89846373058212,87.93144165526171,119.07926208763305,88.0,19.318757004282467,6.61430868517348,18.56025818613224,0.8693352341651917,0.946690583229065,0.9800847675651312,0.881144712958485,0.9069380596280098,0.968509855400771,,,,,,
6.819999999997444,152.62451810979124,29.71180524950034,119.937391431146,87.91289735637952,119.12132034355577,88.0,19.4568354335312,6.944832239095274,18.587754143942544,0.8688149929046631,0.9479525089263916,0.981135668978095,0.8800255287438632,0.9068167947232724,0.9689234401099384,,,,,,
6.8399999999973975,152.62002444257553,29.766409611723216,119.89718202825611,87.67008800288636,119.16256079010485,88.0,19.592945250254964,6.744118256644709,18.614715451621958,0.8683566808700562,0.9495239973068237,0.9826256301254034,0.8791726158931852,0.9075508356094361,0.9694140817038714,,,,,,
6.859999999997351,152.63451091478726,29.793759252250332,119.76225005261358,87.28894917164634,119.20296752830315,88.0,19.733169671411087,7.441745014651885,18.641131715073158,0.8679309010505677,0.9514668703079223,0.9845385100692511,0.8785244676284493,0.9095607928931714,0.9700053836219013,,,,,,
6.879999999997304,152.67016391119043,29.80317711575371,119.51451559775757,86.86876809131381,119.24252498058387,88.0,19.893295921671243,8.526186776216404,18.666992750323704,0.8675492525100709,0.9536536455154419,0.9866586592048406,0.8780841774307192,0.9124376118183136,0.9706643606536091,,,,,,
6.899999999997258,152.72806990873997,29.803159572025095,119.17473221940135,86.37769663031784,119.28121789679616,88.0,20.06974277606475,8.99105823756145,18.692288587452236,0.8672343969345093,0.9559688329696655,0.98881577514112,0.8778883054852487,0.9157368436455727,0.9713594581000506,,,,,,
6.919999999997211,152.8082058351099,29.800950081807652,118.77973542080433,85.77980325508845,119.3190313600843,88.0,20.249614700122518,8.970772926290472,18.717009474432015,0.8671375036239625,0.9571831583976745,0.9901971898972988,0.878242625296116,0.9188776582479476,0.9715916062705219,,,,,,
6.939999999997164,152.90950732906515,29.802672417754955,118.35378644368136,85.12606332981503,119.35595079263832,88.0,20.429089537041328,9.00066789001455,18.74114588089051,0.8674546003341675,0.9569815635681153,0.9911087039858103,0.8790981724858284,0.9215411216020584,0.971481981407851,,,,,,
6.959999999997118,153.02998212828285,29.813474597877743,117.91583348133796,84.48164918076198,119.39196196131422,88.0,20.609690143979208,9.029344394854702,18.76468850178358,0.8678538262844087,0.9567274332046509,0.992094823718071,0.8801773563027382,0.9244980528950691,0.9713438416831195,,,,,,
6.979999999997071,153.16686972482273,29.837664107273874,117.4927349111039,83.86488032773094,119.42705098312096,88.0,20.788198141139326,8.763494022816698,18.787628260982725,0.8682724833488464,0.9564605712890625,0.9931091241538524,0.8813113227486611,0.9274372279644012,0.97119883550331,,,,,,
6.999999999997025,153.31686187274664,29.87875528601243,117.11341511547298,83.28152202096823,119.4612043305727,88.0,20.958477621432714,8.241052208826794,18.809956314774098,0.8687435269355774,0.9561598300933838,0.994102080911398,0.882589615881443,0.9303111150860787,0.9710355187766254,,,,,,
7.019999999996978,153.47638265757075,29.93929826066452,116.79864376151724,82.76006726237954,119.49440883690382,86.00824729526452,21.1175738090983,7.669666662856086,20.13379005018802,0.8692380666732789,0.9558435440063476,0.9950114980340004,0.8839340344071388,0.9250901937484741,0.9708638097159564,,,,,,
7.039999999996931,153.64193411532088,30.02249209209818,116.56097516885191,82.33365914563738,119.52665170114508,86.98572051871025,21.265081883495185,7.065432505027231,19.5158373199211,0.8697576522827148,0.9555106401443482,0.9957954451441765,0.8853486910462379,0.9315286532044411,0.9706831957213581,,,,,,
7.059999999996885,153.81031796647216,30.13459193181637,116.40974161387521,82.01536586182044,119.55792049305855,86.97144394920637,21.399121431401174,6.304662816417629,19.54561300387451,0.8702174484729768,0.9552155256271362,0.9964171037077904,0.886602021753788,0.9335748046636582,0.9705231334082782,,,,,,
7.079999999996838,153.97874171852365,30.273763481182883,116.3516864364841,81.80627809670769,119.5882031579297,86.9571732026805,21.515935105681336,5.347547939989218,19.574740191704862,0.8706872820854188,0.9547340869903564,0.9968309924006462,0.887808819115162,0.9351197302341461,0.9701527739875019,,,,,,
7.0999999999967915,154.14473931052618,30.43192167857756,116.38863859077269,81.7104906592776,119.61748802121477,86.94291118913736,21.612099703472786,4.250579578701505,19.60320934863422,0.8710731506347656,0.9541240572929383,0.9970111072063446,0.888711865246296,0.936085557937622,0.9696001674048602,,,,,,
7.119999999996745,154.30606908420395,30.596444443353622,116.51821037949817,81.76863758349381,119.64576379304151,86.92866081680093,21.68477223597674,2.935495300591274,19.631011192531275,0.8713596940040589,0.9536682963371277,0.997004472464323,0.8893824234604836,0.9365611970424652,0.9691855098120868,,,,,,
7.139999999996698,154.46074235843878,30.752325351915168,116.7437452094463,81.97470790396952,119.67301957256161,86.91442499152136,21.724394852631473,0.9225370666723028,19.65813669714445,0.8715283751487732,0.9533988952636718,0.9968160510063171,0.8897771313786507,0.9363761782646179,0.9689396764151752,,,,,,
7.159999999996652,154.60683051231996,30.895402063674705,117.06315257861448,82.19396742440244,119.69924485215324,86.90020661618244,21.722545531871887,-0.939058435419575,19.684577095236758,0.8715272426605225,0.953400707244873,0.9964411221444607,0.8897744908928872,0.9355339884757996,0.9689413453452289,,,,,,
7.179999999996605,154.74276792055105,31.026134980761807,117.43932279538963,82.45974326428666,119.7244295214719,86.88600859010972,21.696929355222238,-1.3700792800617314,19.71032388162104,0.8714898943901063,0.953460431098938,0.9958759605884552,0.8896870866417885,0.9346236675977707,0.9689958835951984,,,,,,
7.1999999999965585,154.867582276493,31.144047149455908,117.82841447036563,82.85821871574694,119.74856387134817,86.87183380847921,21.673551962915177,-0.9611108210425747,19.735368816094677,0.8713593244552613,0.9536688804626465,0.9951973639428615,0.8893815651535988,0.9334901660680771,0.9691860343329608,,,,,,
7.219999999996512,154.98082767531767,31.248202601687147,118.22077249190652,83.3273188713421,119.77163859753071,86.85768516172705,21.654598964885874,-1.0732558464360398,19.759703926272586,0.8713984608650208,0.9530765056610108,0.9941733568906784,0.8887681379914284,0.9311212211847305,0.9690879250876605,,,,,,
7.239999999996465,155.08259379267102,31.339221862567378,118.62468602758695,83.75270184195183,119.79364480427336,86.84356553496013,21.62705379623321,-1.6849578477761382,19.783321510317588,0.8714770913124085,0.9512826681137085,0.9919621288776398,0.8884430602192879,0.9278763324022293,0.9684333707205951,,,,,,
7.259999999996419,155.17351841077917,31.4195211732133,119.02952161883162,84.126197458673,119.8145740077645,86.82947780736777,21.59028222246877,-1.8650796777556045,19.80621413956708,0.8715004920959473,0.949650502204895,0.9896907486021519,0.8880259230732918,0.9248720198869705,0.9678868438117206,,,,,,
7.279999999996372,155.25478723298232,31.492599897876477,119.40804323062495,84.49250255651683,119.8344181393978,86.81542485163457,21.557194614202,-1.363861873650768,19.82837466105503,0.8714576184749604,0.9482784509658814,0.9874688558280468,0.887510760128498,0.9221896141767502,0.9674903894774616,,,,,,
7.299999999996325,155.32807189287752,31.561411401268717,119.74165412714716,84.84943352231126,119.85316954888275,86.80140953335471,21.53674190555583,-0.7039501210382424,19.849796199928598,0.8713486909866334,0.9472593545913697,0.9854713138192892,0.8869202330708504,0.9197109669446946,0.9672725345008075,,,,,,
7.319999999996279,155.39541462674853,31.627085552462546,120.02769644322309,85.1520474234023,119.87082100719404,86.78743471044751,21.527353881826716,-0.2708359006568174,19.87047216175827,0.8711885929107667,0.946590256690979,0.9837924152612686,0.886290629208088,0.9174572229385376,0.9672165180556476,,,,,,
7.339999999996232,155.45913593971963,31.689284592321158,120.26538801142637,85.36976736671225,119.88736570935848,86.77350323257475,21.525665041614843,0.12229127259111303,19.8903962347408,0.870995032787323,0.946246886253357,0.9827571731060744,0.8856625593267381,0.9156135529279709,0.967295768391341,,,,,,
7.359999999996186,155.52188550987898,31.743652014056856,120.44593724858599,85.52345148843553,119.90279727707846,86.75961794055955,21.533289642517833,0.6526346181124212,19.90956239179426,0.8707777500152588,0.9462095975875855,0.9822730880230666,0.8850566046312451,0.9143013894557953,0.9674930240027606,,,,,,
7.379999999996139,155.5864466419883,31.784033432778212,120.56174202795006,85.62112212268627,119.91710976119084,86.74578166580709,21.55127444221355,1.1164358778758774,19.92796489254423,0.8705326735973359,0.946536374092102,0.9821609955281019,0.8844767693430186,0.9134749934077263,0.9678283120505512,,,,,,
7.399999999996092,155.65551486975536,31.80615670791689,120.61107217836509,85.63086469399475,119.93029764396059,86.73199722972723,21.577028265943397,1.4567922285191108,19.945598285200777,0.8702826261520387,0.9471628427505493,0.9824002008885145,0.8839680528268218,0.9130949467420578,0.9682584191672504,,,,,,
7.419999999996046,155.73149534210668,31.80883733009382,120.59029895729563,85.5417051479786,119.94235584120781,86.7182674431592,21.610466957555772,1.9270702376820743,19.96245740832514,0.870033895969391,0.9481041669845581,0.9830190878361463,0.88355305865407,0.9133174881339073,0.9687811757437885,,,,,,
7.439999999995999,155.81638046687064,31.79349420473834,120.49371438877478,85.37456953872044,119.95327970426796,86.70459510579846,21.65551376170481,2.5951134595845136,19.9785373924859,0.8698227345943451,0.9490527749061585,0.9839258532971144,0.8832254952751101,0.9141072936356068,0.969082739483565,,,,,,
7.4599999999959525,155.91160788986952,31.76326681078083,120.3232718518532,85.1435149113626,119.96306502178386,86.69098300562575,21.7138955206173,3.2088593945812693,19.99383366180383,0.8696396112442017,0.9501869559288025,0.9850664716213942,0.8830309173092247,0.9154148615896702,0.969418969284743,,,,,,
7.479999999995906,156.01799316974856,31.722316349817643,120.09180096934101,84.84490787308533,119.97170802132936,86.6774339183386,21.78208109659152,3.565813131556362,20.008341935384998,0.869496500492096,0.9514280319213867,0.986321721598506,0.8829840731807054,0.9171352714300156,0.96978122247383,,,,,,
7.499999999995859,156.13570228883157,31.67447240408057,119.8160615036722,84.48501295747836,119.97920537086358,86.66395060678532,21.85521387756584,3.7264968515516252,20.022058228641527,0.8693972349166871,0.9527359724044799,0.9876308541744947,0.8830857236869634,0.9192598611116409,0.9701588178984821,,,,,,
7.519999999995813,156.26427454487182,31.623384544238185,119.51154585329664,84.08983700426452,119.98555418001558,86.65053582040169,21.93056251265724,3.795245500473829,20.034978854499773,0.8693388760089875,0.9540718555450439,0.9892756469547749,0.883318688441068,0.9217306166887284,0.9705420400016009,,,,,,
7.539999999995766,156.40266162234525,31.57265905731672,119.1939090584249,83.68545857031702,119.99075200119856,86.63719229465016,22.006340027115694,3.760489945529886,20.047100424495305,0.8693264305591584,0.9553542137145996,0.9911159545183181,0.8836745460517704,0.9243809431791306,0.9709076548926532,,,,,,
7.5599999999957195,156.5492955560156,31.52566352102591,118.88043702201732,83.2889958911688,119.99479683055353,86.62392275046223,22.07999500583687,3.5804904582228865,20.058419849754458,0.8694374084472657,0.9557659149169921,0.9922021672129631,0.8844274600036443,0.9267117917537689,0.97085703862831,,,,,,
7.579999999995673,156.70221446093598,31.485381402908438,118.58828321484597,82.91518390761267,119.99768710872175,86.61072989368347,22.148733578003657,3.2777006508221653,20.06893434186208,0.8697310626506806,0.9555276870727539,0.9928299024701118,0.8853079636581243,0.9285311445593833,0.9706924463622272,,,,,,
7.599999999995626,156.8592201159246,31.454366178952707,118.33216768979408,82.58154634351752,119.99942172144598,86.59761641452181,22.210657451497415,2.906598904689858,20.078641413615323,0.8700477480888367,0.9553245067596435,0.9934702217578888,0.8861710269935429,0.9302518621087075,0.9705822373740375,,,,,,
7.61999999999558,157.01795874993104,31.434808204219028,118.12408787927116,82.3048190981806,120.0,86.58458498699902,22.264707568616522,2.4908706309265765,20.08753887966304,0.8703575730323792,0.9551254868507385,0.9940371081233025,0.8870159049518407,0.9318088114261627,0.9704743172042072,,,,,,
7.639999999995533,157.17596513342477,31.42844894546404,117.974284516918,82.09706085805311,119.99942172144641,86.57163826840535,22.309967181707062,2.0266320131388165,20.095624857030867,0.8706692934036255,0.9547624230384827,0.9944753810763359,0.8877984245307744,0.9330709844827652,0.9701783801428974,,,,,,
7.659999999995486,157.33078940407063,31.43640535046937,117.89096233160309,81.9667742371152,119.99768710872262,86.55877889875774,22.34545503531651,1.5146561453748255,20.102897765531623,0.8709634184837342,0.9542979717254638,0.9947719514369965,0.8884867806918919,0.9339971512556076,0.9697579885832965,,,,,,
7.67999999999544,157.4802687391393,31.459975721131453,117.87854672580693,81.91993708115001,119.99479683055482,86.54600950026143,22.370262015255015,0.9588983595496703,20.10935632806105,0.8712059736251831,0.9539130806922913,0.9949366465210915,0.8890544255264103,0.9345951795578002,0.9694084073416889,,,,,,
7.699999999995393,157.6226865055144,31.50197830292384,117.93726145413619,81.95743053769415,119.99075200120029,86.53333267677533,22.383550961857676,0.36460576637751435,20.11499957077888,0.8713841199874879,0.9536293268203735,0.9949607461690902,0.8894713123328984,0.9348356604576111,0.9691499854438007,,,,,,
7.719999999995347,157.75680308392612,31.5606893352589,118.06371101659474,82.0757551479931,119.98555418001773,86.52075101328097,22.384708654422845,-0.24998250422294177,20.11982682317509,0.871490228176117,0.953459894657135,0.9948436230421066,0.8897195775993169,0.9347117215394973,0.9689953948371113,,,,,,
7.7399999999953,157.8817847188905,31.63037875875139,118.25161065246596,82.28157757060082,119.97920537086617,86.50826707535543,22.373415019518642,-0.8989881906329357,20.123837718021512,0.8716427385807037,0.9532212138175964,0.9947373181581497,0.8895218689925969,0.9339540809392929,0.9689103986136616,,,,,,
7.759999999995253,157.99711034568992,31.70337905180191,118.49524002072603,82.5672218567017,119.97170802133238,86.49588340864823,22.347375906218574,-1.7340007338785384,20.127032191208773,0.8719088792800904,0.9512485504150391,0.9930256821215153,0.889660628605634,0.9319419354200363,0.9680176164023578,,,,,,
7.779999999995207,158.1025314452868,31.77435415205771,118.78694121533228,82.8818755828982,119.9630650217873,86.48360253836212,22.304378765238482,-2.5118468155882336,20.1294104814688,0.8721071481704712,0.9492946624755859,0.99103934019804,0.8896321495063603,0.929550725221634,0.967194643151015,,,,,,
7.79999999999516,158.19807582908206,31.840348518993476,119.10795040375096,83.2177525711163,119.95327970427182,86.47142696873826,22.250369980499276,-2.7899938198399963,20.130973129983015,0.8722512304782868,0.9473584055900574,0.988790349662304,0.8894727905280888,0.9270009651780129,0.9664306069724262,,,,,,
7.8199999999951135,158.2840732584984,31.900140436043497,119.43474805367904,83.58323539351329,119.9423558412121,86.45935918254553,22.196032610677403,-2.5910916590766133,20.131720979876302,0.872338205575943,0.9455272436141968,0.986382619664073,0.8891977806575596,0.9243810683488846,0.9657582427375019,,,,,,
7.839999999995067,158.36117478767974,31.9538159149235,119.75128152070052,83.9527070675095,119.93029764396529,86.44740164057424,22.147731251347533,-2.2310214917020392,20.131655175597242,0.8723692953586579,0.9438754796981812,0.9839431166648864,0.8888284166343511,0.9217074036598205,0.9652011777274311,,,,,,
7.85999999999502,158.43036403643453,32.00050801425768,120.04856033148221,84.30493914803903,119.91710976119597,86.43555678113438,22.106879720130816,-1.8685578758282917,20.13077716218478,0.8723517894744873,0.9424402356147766,0.9815721541643143,0.8883916993625462,0.9191132351756096,0.9647643472068012,,,,,,
7.879999999994974,158.49315387893364,32.03447324726273,120.32020959252408,84.64537539028699,119.902797277084,86.42382701955842,22.071420159317682,-1.7337803913082266,20.12908868442155,0.8722829461097718,0.9412556409835815,0.9796351604163647,0.8878874539397658,0.9166957333683968,0.9644611979834735,,,,,,
7.899999999994927,158.55147221298256,32.049217871818925,120.56235643360895,84.93679612251469,119.88736570936445,86.41221474770872,22.035738559892284,-1.8494727648438454,20.126591785874552,0.87215456366539,0.9403849005699157,0.9782222680747509,0.8873083110898733,0.914457781612873,0.9643194581381976,,,,,,
7.9199999999948805,158.607513975529,32.039895364742776,120.76414488147626,85.15432383991515,119.87082100720042,86.40072233348985,21.998472875022646,-1.8180991019839776,20.123288807823325,0.8719824612140656,0.9398697853088379,0.9771235398948193,0.8867062633857131,0.9125990495085716,0.9643348838202656,,,,,,
7.939999999994834,158.66362671422374,32.00367442198239,120.90581316105991,85.30774001454348,119.85316954888954,86.38935212036577,21.965737464134072,-1.3964797434074903,20.119182388076158,0.8717787683010102,0.9397385358810425,0.9764390759170055,0.8861200140789152,0.9112562656402589,0.9645021582953632,,,,,,
7.959999999994787,158.72217964843577,31.939733122707278,120.97025305272338,85.39811831826329,119.834418139405,86.3781064268819,21.943958342794474,-0.7748024561318185,20.114275459674996,0.8715502262115479,0.9400231599807739,0.9762558870017528,0.8855751918628813,0.9104238502681256,0.9648223902098835,,,,,,
7.979999999994741,158.78549720736038,31.848913949848946,120.95077627889394,85.40488587269505,119.81457400777211,86.36698754619236,21.93428512193762,-0.2130077597798427,20.108571249489398,0.871299183368683,0.9407268524169922,0.9765970878303051,0.8850788408890367,0.910106485337019,0.9652921820990741,,,,,,
7.999999999994694,158.85561574222137,31.733844557912967,120.84827456787225,85.31518167862811,119.79364480428137,86.35599774559239,21.934668193397993,0.23652113424149868,20.102073276700267,0.8710393071174622,0.9418063402175904,0.9774326257407665,0.8846582173369825,0.9103849112987519,0.9658828164450824,,,,,,
8.019999999994647,158.93408635505784,31.598775829174933,120.66698891699761,85.1377762582106,119.77163859753911,86.34513926605597,21.943242243385324,0.6075399385510245,20.094785351173925,0.8707887172698975,0.9431697726249695,0.978661423176527,0.8843407155014574,0.9112834729254246,0.966547408234328,,,,,,
8.0399999999946,159.0219260786413,31.44933273038277,120.41472734513086,84.89042720194516,119.74856387135696,86.3344143217789,21.958188964674168,0.8600352604539543,20.086711571727335,0.8705492496490479,0.9447786808013916,0.9802060179412365,0.8841236335225403,0.912751741707325,0.967272665631026,,,,,,
8.059999999994554,159.1195558531641,31.29158641251766,120.10428386892355,84.5854835878551,119.72442952148111,86.32382509972726,21.976392525693182,0.928608998527136,20.077856324284973,0.8703261554241181,0.9465616822242737,0.9819512777030468,0.8840050114318728,0.9146846532821655,0.9680326129309833,,,,,,
8.079999999994508,159.22692455839336,31.130284227795663,119.75179229857608,84.2364166478139,119.69924485216283,86.31337375919146,21.994225514636355,0.8325487507348418,20.06822427992838,0.8701348900794983,0.948393440246582,0.9837454967200756,0.8839951805770397,0.9169714286923408,0.9687757874839008,,,,,,
8.099999999994461,159.34332249026096,30.97015210578954,119.3743502656902,83.86313673096566,119.67301957257159,86.30306243134599,22.00902728405234,0.6354690679774758,20.057820392838977,0.8699997544288636,0.9500238418579101,0.9854203633964062,0.8840816771611572,0.9194445610046387,0.9693246985785663,,,,,,
8.119999999994414,159.46729190142068,30.816051896850233,118.98940877576243,83.48673583744561,119.64576379305186,86.29289321881474,22.019278246144765,0.3829937481970669,20.04664989813512,0.869918841123581,0.9514492511749267,0.9874633740633726,0.8842627381905913,0.9219873815774917,0.9697297240607441,,,,,,
8.139999999994368,159.59676445336797,30.67239400379291,118.61463239522742,83.12498914271234,119.6174880212255,86.28286819524233,22.024188574470884,0.10728100478334189,20.03471830960422,0.8698880076408386,0.952694320678711,0.9894572321325541,0.884541223011911,0.9244811773300171,0.970081081520766,,,,,,
8.159999999994321,159.7300143704575,30.543752928403496,118.26701743214902,82.7930451906025,119.5882031579408,86.27298940487123,22.023695602528512,-0.1494173588206293,20.02203141733088,0.8699120163917542,0.953689455986023,0.9911670051515102,0.884907696209848,0.92679423391819,0.970357587467879,,,,,,
8.179999999994275,159.86480060286576,30.4339158125436,117.96172233686735,82.50496591622202,119.55792049307003,86.2632588621249,22.018636173111265,-0.3433714771050576,20.008595285222018,0.8699917078018189,0.954385495185852,0.9925395727157593,0.885346612893045,0.9288157135248184,0.9705439235083759,,,,,,
8.199999999994228,159.99814630087053,30.346442108781805,117.71136260652102,82.27312114853085,119.52665170115692,86.25367855119705,22.01052708415681,-0.45366255024266,19.994416248429904,0.8701297760009766,0.9547296047210694,0.9935227274894715,0.885846713744104,0.9304387629032135,0.9706234003417193,,,,,,
8.219999999994181,160.12737973906454,30.283992056918034,117.52599159627975,82.10691985640028,119.49440883691602,86.24425042564705,22.000979544743398,-0.4910344951969765,19.979500910674318,0.8703309595584869,0.9546581745147705,0.9940641224384308,0.8863987242802978,0.9315654814243317,0.9705652619712055,,,,,,
8.239999999994135,160.25000313077132,30.24813310783799,117.41371915497182,82.01227757427299,119.46120433058526,86.23497640800149,21.991204606233325,-0.48032522366817876,19.963856141464746,0.870626848936081,0.9538506984710693,0.9940732806921005,0.8869684433564544,0.932042945921421,0.9700407410971821,,,,,,
8.259999999994088,160.36375578960553,30.239320768583354,117.38020270262992,81.99254624708736,119.42705098313388,86.22585838936223,21.981963922897396,-0.43986423225865284,19.947489073223725,0.8709828913211823,0.9525260686874389,0.9935545183718204,0.8875498866662384,0.9319158017635345,0.9692911769263446,,,,,,
8.279999999994041,160.46675124430007,30.256940957835603,117.42771700347193,82.0489826533608,119.39196196132748,86.21689822902074,21.97372863770277,-0.38171559800151333,19.930407098312767,0.8713858485221864,0.9507036447525025,0.9924705296754837,0.888119844160974,0.9311857998371125,0.968332281243056,,,,,,
8.299999999993995,160.5575918324803,30.299388804011922,117.5547117112192,82.17962099608881,119.35595079265192,86.20809775407902,21.966736067712166,-0.31728113291843163,19.912617865961582,0.8718215346336365,0.9484183549880981,0.9907853692770004,0.8886582409963012,0.9298770755529404,0.9671864415518939,,,,,,
8.319999999993948,160.6354444799644,30.364164419461925,117.75571585294917,82.3782440717354,119.31903136009822,86.19945875907693,21.96104083102999,-0.25182315379538395,19.89412927910232,0.8722736597061158,0.9457311868667603,0.9884771019220352,0.8891462897881866,0.9280416369438171,0.965887155663222,,,,,,
8.339999999993902,160.70008336977656,30.448876000523555,118.02106053489833,82.62184790570679,119.28121789681043,86.19098300562635,21.95689883247477,-0.1367351917388376,19.874949491109753,0.872724711894989,0.9427342891693116,0.9855536758899689,0.8895681655034423,0.9257635965943336,0.9644800330512225,,,,,,
8.359999999993855,160.75193218132839,30.550542476219345,118.33398847640218,82.90231513155821,119.24252498059846,86.18267222205188,21.957410216620104,0.2187404566647586,19.85508690244885,0.8731742143630982,0.9395151615142823,0.9820656403899193,0.8899500882253051,0.923209136724472,0.9629925991408527,,,,,,
8.379999999993808,160.7920390137268,30.658374929047014,118.67704348399205,83.26433751364324,119.20296752831806,86.1745281030385,21.964502691044867,0.39638603045243603,19.834550157231018,0.8735952734947205,0.9362197518348694,0.9781124055385589,0.8902570521458983,0.9204720824956893,0.9614986564032734,,,,,,
8.399999999993762,160.82192164752797,30.758400132998407,119.04520121573839,83.66259228567189,119.16256079012008,86.16655230928595,21.968446143557607,-0.11113243142805829,19.81334813968045,0.8739354133605958,0.9330565452575683,0.973841267824173,0.8903954958543182,0.9174221485853196,0.9601227785460651,,,,,,
8.419999999993715,160.8434581331896,30.837192784940914,119.43121748155416,84.03749754921388,119.12132034357128,86.15874646717008,21.958013395898163,-0.9194472009707545,19.79148997051192,0.8741925477981568,0.9301683783531189,0.9694552842527628,0.8903903102502227,0.9143184125423431,0.958917489182204,,,,,,
8.439999999993669,160.85885514595572,30.882713497474573,119.80978149174182,84.39601244244467,119.07926208764889,86.15111216841123,21.93392375594114,-1.4190152486481016,19.7689850032215,0.8743591725826264,0.9277042865753173,0.9659156676381826,0.8902543424628675,0.911468243598938,0.9579434300772846,,,,,,
8.459999999993622,160.87063251121464,30.884414410833624,120.14796468877434,84.75375657404412,119.03640223661112,86.14365096974964,21.903264294456662,-1.6311007804869295,19.745842820291575,0.8744275808334351,0.9258245348930358,0.9630106326192618,0.8899999499320984,0.9089183211326599,0.9572650815360249,,,,,,
8.479999999993575,160.88158116222365,30.833500603176255,120.42110800879415,85.08055625536689,118.99275731374647,86.13636439262807,21.868164846992705,-1.9095221039642862,19.72207322931183,0.8743809878826142,0.924682343006134,0.9608747597783804,0.8896124988794327,0.9066619545221329,0.9569542552344501,,,,,,
8.499999999993529,160.89468889470436,30.72348603482276,120.61221581456522,85.33247953613889,118.94834414500349,86.12925392288143,21.825830626079192,-2.338113819178219,19.697686259017612,0.874221420288086,0.9243373394012451,0.9596958514302969,0.8891077470965684,0.904851233959198,0.9570287848822773,,,,,,
8.519999999993482,160.9130327430064,30.55092835947161,120.70428245672137,85.49308023743095,118.9031798525042,86.12232101043394,21.774640795280117,-2.7739239085291025,19.67269215524722,0.8739626109600067,0.9247871518135071,0.9595689889043569,0.8885206044651568,0.9036798693239689,0.9574696923606097,,,,,,
8.539999999993436,160.93956879071848,30.315996883489696,120.6812376014045,85.56447600611413,118.85728184794309,86.11556706900336,21.714970554673556,-3.2010456410879042,19.64710137681982,0.8736051321029663,0.9260627269744873,0.9605662938207388,0.8878597499802708,0.9032379142940045,0.9582803751341998,,,,,,
8.559999999993389,160.97669659832832,30.023203450416823,120.53502886150869,85.54088636096576,118.81066782587462,86.1089934758128,21.645863208254948,-3.733691215356649,19.620924591335502,0.8731547713279725,0.9281482815742492,0.96265470944345,0.8871393958106637,0.9035278759896755,0.9594403888098896,,,,,,
8.579999999993342,161.02609160542502,29.681192077870314,120.26677174221146,85.41240407164919,118.76335575689164,86.10260157130979,21.564787823313555,-4.385375754010792,19.594172670899248,0.8726266324520111,0.9309679627418518,0.9656886454671622,0.8863876376301051,0.9045695468783379,0.9608986522071064,,,,,,
8.599999999993296,161.088219597558,29.302765486632413,119.88327569272063,85.18220050857117,118.71536388069737,86.09639265889304,21.470427319292437,-5.04035640879294,19.56685668777034,0.8720410227775575,0.9343562841415405,0.9693635698407889,0.885627799294889,0.9063562206923962,0.9625721122138202,,,,,,
8.619999999993249,161.16509613332173,28.903541146665248,119.39619694126144,84.87661137034274,118.66671069907365,86.09036800464659,21.36360058333772,-5.643699315242453,19.538987909939063,0.8714156508445741,0.9381604671478272,0.9733915206044912,0.8848805529996753,0.9088358998298646,0.9643884564749896,,,,,,
8.639999999993202,161.2555474409789,28.494992236433276,118.82651097230455,84.5260326732229,118.61741496874815,86.08452883708168,21.24381605379659,-6.3699229384267895,19.51057779663238,0.870772659778595,0.9421449780464173,0.9774031635373831,0.8841572461649776,0.9118102967739106,0.9662504221312702,,,,,,
8.659999999993156,161.3572988857505,28.08869205994066,118.20533203745508,84.13630790436457,118.5674956941633,86.07887634688622,21.107607484641544,-7.263193346210924,19.48163799375027,0.870135486125946,0.9460831880569458,0.9811123009771109,0.8834706818684935,0.9150581136345863,0.968067457806319,,,,,,
8.67999999999311,161.4692591157748,27.69597810627945,117.56516544409767,83.72516160965748,118.5169721201497,86.07341168668196,20.9538474203167,-8.074060691025704,19.452180329234732,0.8695909023284912,0.949207067489624,0.984847254306078,0.882806751690805,0.9182968497276306,0.9691569472663104,,,,,,
8.699999999993063,161.58696860237436,27.32852428258254,116.93502112384483,83.3271423024556,118.46586372450692,86.06813597078956,20.786806378506263,-8.568080583381148,19.422216808372973,0.8691171526908875,0.9518261671066284,0.9885711133480072,0.8822106992825866,0.9214736565947532,0.9699432040564716,,,,,,
8.719999999993016,161.70565385388434,26.998298206800484,116.34268977852908,82.9699919661858,118.41419021049434,86.06305027500123,20.61362284619543,-8.688507607121137,19.391759609036836,0.8687201201915742,0.9540000557899475,0.9916911721229553,0.8817242061719298,0.924394428730011,0.9706044579856098,,,,,,
8.73999999999297,161.82045118071366,26.716579989969517,115.8157990685259,82.66736479173451,118.36197149923528,86.05815563636143,20.44179338001647,-8.42750747973986,19.36082107686037,0.868427038192749,0.9555953741073608,0.9941317699849606,0.8813745653256774,0.9268369823694229,0.9710952903144061,,,,,,
8.759999999992923,161.9264331648922,26.49315470121639,115.37848808528354,82.42999599786441,118.30922772203695,86.05345305295545,20.279411757464533,-7.734369769069417,19.329413720357085,0.8682607769966126,0.9565198183059692,0.9958485834300518,0.8811872458085418,0.9286605000495911,0.9713815356604755,,,,,,
8.779999999992876,162.0202769039484,26.33560967777769,115.0491635971064,82.28196485184843,118.25597921262948,86.04894348370576,20.13505845251927,-6.653374530461043,19.297550205979316,0.8682446718215943,0.956630539894104,0.9967280641198158,0.8812095737084746,0.9297250494360924,0.9713986660353839,,,,,,
8.79999999999283,162.09796837327522,26.24864819134236,114.84265015676388,82.20635883673984,118.2022464993269,86.04462784817657,20.01538651313131,-5.242703937167499,19.265243353121157,0.8683540582656861,0.9561271429061889,0.9969179674983024,0.8813307559117675,0.9299974232912064,0.9712567473761737,,,,,,
8.819999999992783,162.15631516557767,26.233567374728267,114.76434162770714,82.21523265607756,118.14805029711303,86.04050702638635,19.928620789369667,-3.374229298968972,19.232506129067126,0.8686378955841065,0.9547297954559326,0.9961196951568126,0.8817102944478393,0.9294546648859978,0.970821478497237,,,,,,
8.839999999992736,162.19328646431512,26.288486706634497,114.81477260219569,82.33473940473132,118.09341149965547,86.03658185862824,19.88093641037304,-1.4174299171688796,19.199351643888622,0.8690581917762756,0.9525286912918091,0.9942843243479729,0.8822484707459808,0.9280952662229538,0.9701466704718769,,,,,,
8.85999999999269,162.20793190655593,26.408823032218244,114.99644744071475,82.53300381506251,118.03835117125077,86.03285314529882,19.870616606165502,0.35938182417209347,19.165793145289953,0.8696018934249878,0.9495512485504151,0.9912731304764748,0.8829349672421813,0.9258769974112511,0.9692496205680072,,,,,,
8.879999999992643,162.20022301238419,26.587792618352008,115.30323655688106,82.79198031073804,117.98289053870363,86.02932164673489,19.89493944744776,2.0770278052888353,19.13184401340603,0.8702874302864075,0.9454602837562561,0.9868376538157463,0.8837174152955413,0.9229030996561051,0.9677326346747577,,,,,,
8.899999999992596,162.17109587937713,26.818115321736297,115.71663991310463,83.11170940749894,117.92705098314364,86.02598808305838,19.953868048989623,3.8112516529108365,19.09751775555384,0.8711255490779877,0.9399749398231506,0.9807340554893017,0.8845598256215453,0.9192685812711716,0.9652369881980121,,,,,,
8.91999999999255,162.12323411620136,27.09417394906563,116.21195007610532,83.43800755852327,117.87085403178244,86.02285313402952,20.047239467760463,5.573122333065495,19.06282800093964,0.8720207691192627,0.933902382850647,0.9731323614716529,0.88547838088125,0.915286973118782,0.9624542857520282,,,,,,
8.939999999992503,162.05956305727833,27.405744571210082,116.75063069162124,83.73731213577648,117.81432134961452,86.01991743890824,20.181189398004946,7.906772850871454,19.027788495323854,0.8729808151721955,0.9274801135063171,0.9643349826335907,0.886550590954721,0.9113494366407394,0.9594266201369465,,,,,,
8.959999999992457,161.9836397283296,27.727253800375127,117.29410874853788,84.13486093099537,117.757474731065,86.01718159632384,20.360736637882635,9.80029831902091,18.992413095645993,0.8739595711231232,0.9210272431373596,0.9548033982515335,0.8877140974625946,0.9076900109648705,0.956282892357558,,,,,,
8.97999999999241,161.90019108232923,28.02875480156721,117.84392499471207,84.55509492363,117.70033609158747,86.01464616415286,20.55960150508063,9.746641327579491,18.956715764611456,0.8747330188751221,0.9151199102401734,0.9446232926100493,0.8887752210721374,0.9039263665676117,0.9533696915023029,,,,,,
8.999999999992363,161.81429010570218,28.282008788249946,118.40423693745223,84.89217575167062,117.64292745921513,86.01231165940538,20.74159140272749,8.350449560548764,18.920710565242388,0.8749463558197021,0.9105055212974549,0.9333177149295807,0.8898234866559506,0.9007107943296433,0.9510937239043414,,,,,,
9.019999999992317,161.73143994215062,28.458275425111324,118.9394204839708,85.19922442142702,117.58527096606858,86.01017855811953,20.892532184365475,6.732428899824754,18.884411655394764,0.8751121640205384,0.9068006753921509,0.9244065582752228,0.8906566355377435,0.8981398433446884,0.9492361332289875,,,,,,
9.03999999999227,161.65776677303634,28.530721230194217,119.39768806270983,85.52146104455561,117.52738883982347,86.00824729526452,21.008940892827273,4.808006067361572,18.847833282243695,0.8752026081085206,0.904219651222229,0.917873328924179,0.8911936804652214,0.8960360497236252,0.947947337757796,,,,,,
9.059999999992224,161.59957285021144,28.477304314918207,119.73963049851463,85.808771189242,117.46930339514131,86.00651826465183,21.079869607486685,2.1591063114609557,18.810989776739287,0.8751959562301637,0.903120505809784,0.9147904217243195,0.891344153881073,0.8943204939365387,0.9474403525702655,,,,,,
9.079999999992177,161.56276673416644,28.28319663686658,119.9336183111626,86.00210908164766,117.4110370250667,86.00499181885499,21.09164092497284,-1.0333161762043197,18.773895548034982,0.8750929117202759,0.9037283420562744,0.9158686935901642,0.8910784624516964,0.8932763181626797,0.947831931244582,,,,,,
9.09999999999213,161.55231968795442,27.945105553631183,119.94668141138898,86.08296563406944,117.3526121923945,86.0036682691376,21.037959252531728,-4.3213544296401105,18.73656507789078,0.8749134719371796,0.9060561299324036,0.9212313115596771,0.8904330046847463,0.8931701712310315,0.9490963841788471,,,,,,
9.119999999992084,161.57209793141854,27.474302576072382,119.75097552365979,86.04790829247403,117.29405142100985,86.00254788539,20.919843374910908,-7.46297792379911,18.699012915053167,0.8746538043022156,0.9101346731185913,0.9307264149188995,0.8893938053399325,0.8944160953164101,0.9512186310254037,,,,,,
9.139999999992037,161.62373202852785,26.89442590910977,119.33697956300017,85.8966329792952,117.23537728720488,86.00163089607406,20.740155064622112,-10.496146850710854,18.661253669614357,0.8743134856224061,0.9157684922218323,0.9432577192783356,0.8879805993288755,0.8961969211697579,0.9540615824982523,,,,,,
9.15999999999199,161.70627189520013,26.236689249459623,118.71729842402436,85.61781367944741,117.17661241097508,86.00091748817675,20.500461209361394,-13.445597021592885,18.62330200735262,0.8732302486896515,0.9234090209007263,0.9545221149921417,0.8864106880500913,0.8993221014738083,0.9578778294846415,,,,,,
9.179999999991944,161.81827078139304,25.534045152725096,117.91818129954758,85.22216635742357,117.11777944729889,86.00040780717191,20.20429019877224,-16.113661835025795,18.58517264405622,0.8718548059463501,0.9319761514663696,0.9651199638843536,0.8847001530230045,0.9036896131932736,0.9620434192940592,,,,,,
9.199999999991897,161.95585421701384,24.81045859394723,116.97517730642451,84.76310789490915,117.0589010774037,86.00010195699062,19.85748265686013,-18.550412486996535,18.546880339832864,0.8703816175460816,0.9406736373901368,0.9745631515979767,0.8828561779111624,0.9088030435144901,0.9661931781098246,,,,,,
9.21999999999185,162.11604237072928,24.08658064028461,115.93785557754063,84.25664457350953,117.00000000002197,86.0,19.46270180255963,-20.903672846777297,18.50843989340712,0.869011402130127,0.9476304650306702,0.9819368995726109,0.8808817740529776,0.9138939887285232,0.9688098935410381,,,,,,
9.239999999991804,162.29263111595446,23.38277887890571,114.86287476029631,83.71457820369962,116.94109892264021,86.00010195699052,19.02373701151549,-22.8897935959754,18.46986613640775,0.8677634835243225,0.9532089948654174,0.9893238142132759,0.8789326306432486,0.918876302242279,0.9705122856423258,,,,,,
9.259999999991757,162.47706164131043,22.721057077799614,113.80547249211915,83.17818225193813,116.88222055274501,86.0004078071717,18.552744937917783,-24.040033069243144,18.431173927647446,0.8666445136070252,0.9575077414512634,0.9948599666357041,0.8772691603749991,0.9235303461551666,0.9717774061486125,,,,,,
9.27999999999171,162.6573979924308,22.12545412870757,112.8187300818882,82.69817916181947,116.82338758906877,86.00091748817644,18.069423692395713,-24.10644716683803,18.39237814739687,0.8663004040718079,0.957714295387268,0.9968210555613041,0.8763641234487296,0.9254297211766243,0.9718816189095378,,,,,,
9.299999999991664,162.82459448609944,21.62083664993101,111.95720547300765,82.3260824805013,116.76462271283891,86.00163089607365,17.59497974876447,-23.19262964474798,18.35349369165547,0.865996265411377,0.9579069018363953,0.9986664742231369,0.8755495604127645,0.927132910490036,0.9719864873215556,,,,,,
9.319999999991618,162.96742443853958,21.230258378287864,111.2734961040026,82.05408571273946,116.70594857903386,86.00254788538948,17.14845340842989,-21.25533494907747,18.31453546642113,0.8656968951225281,0.9580963015556335,1.0,0.8747495349496603,0.9284114986658096,0.972089639119804,,,,,,
9.339999999991571,163.07776624971223,20.970999901839996,110.79824270024535,81.90637661541423,116.64738780764912,86.00366826913698,16.753903786812963,-17.97121935844986,18.275518381960907,0.8654401183128357,0.9582586050033569,1.0,0.8740648325532675,0.9293267339468002,0.9721780685707927,,,,,,
9.359999999991524,163.14768717559423,20.852013213288796,110.54274072304003,81.91911582227617,116.58896297497681,86.00499181885425,16.437287743859144,-13.549599310714777,18.236457347084972,0.8652150750160218,0.9584007263183594,1.0,0.8734659191220999,0.9297722190618515,0.9722555307671428,,,,,,
9.379999999991478,163.1725433910488,20.87462801866485,110.51190552826851,82.09625605427412,116.53069660490209,86.006518264651,16.21543028970809,-8.604695955529246,18.197367263426187,0.8650345802307129,0.9585146427154541,1.0,0.872986375913024,0.9296127334237099,0.9723176388069987,,,,,,
9.399999999991431,163.15139124325103,21.03157568585338,110.70690047854728,82.43881628779087,116.47261116021977,86.00824729526359,16.09138898645941,-3.886638940227633,18.15826301972725,0.8648862898349763,0.9586081743240357,1.0,0.872592967376113,0.9288211524486542,0.9723686484619976,,,,,,
9.419999999991385,163.0853278598787,21.30934120228774,111.1232692677754,82.88378428123981,116.41472903397451,86.0101785581185,16.057136916106135,0.4303377490469872,18.11915948613775,0.8654914200305939,0.9546229600906372,0.9985242769122123,0.8729758616536856,0.9246158629655838,0.97121362965554,,,,,,
9.439999999991338,162.97709877228309,21.69062810872329,111.7305487265809,83.41113074171231,116.35707254082777,86.01231165940423,16.108710298003,4.7389026065535065,18.080071508523282,0.8664868950843811,0.9481878757476807,0.9904091119766235,0.8739604588598013,0.9188353151082993,0.9693141488358379,,,,,,
9.459999999991291,162.83165777672824,22.156489573693047,112.47978345466032,84.02118801734235,116.29966390845524,86.01464616415161,16.245942630993827,8.920206393223676,18.04101390278892,0.8675975203514099,0.9407671451568603,0.9789934694766999,0.8751455005258322,0.9125635981559753,0.9671923546120524,,,,,,
9.479999999991245,162.65571308535783,22.687191849825062,113.32883035818267,84.67166594845294,116.2425252689775,86.01718159632249,16.461406924904924,12.504519625161652,18.00200144921893,0.8687735080718995,0.9327611207962037,0.964429059624672,0.8764935668557883,0.9060505658388138,0.9649493245407939,,,,,,
9.499999999991198,162.45779583248003,23.263549277034787,114.24310668081554,85.29914303899136,116.18567865042777,86.01991743890679,16.741796168381,15.453548144467726,17.96304888683532,0.8697203040122986,0.9238608717918396,0.9457073584198952,0.8779596444219351,0.8996595501899719,0.9616627244278788,,,,,,
9.519999999991152,162.2441670278296,23.867391826311508,115.18139540281798,85.83328241234183,116.1291459682596,86.02285313402795,17.078013289349094,18.208204503296482,17.92417090777695,0.8699903964996338,0.915366268157959,0.9221122965216637,0.8796231802552938,0.8941547110676765,0.9579681066796184,,,,,,
9.539999999991105,162.02114249633175,24.470638674982183,116.08193428935466,86.2719025991738,116.07294901689814,86.02598808305672,17.473875040207123,21.395901337673383,17.885382151701734,0.87035151720047,0.9073949217796325,0.8997829139232636,0.8813779350370169,0.8894415736198426,0.9542653350159526,,,,,,
9.559999999991058,161.79826349383927,25.026411133441734,116.89156708724352,86.75707575922308,116.01710946133788,86.02932164673314,17.92512066937943,23.263530386619315,17.846697200213836,0.8707298278808594,0.9001680493354798,0.8805174916982651,0.8830682691186666,0.88643599152565,0.950710928812623,,,,,,
9.579999999991012,161.58788400140682,25.486840505116604,117.61473443837522,87.15756013645718,115.96164882879044,86.03285314529695,18.38215893200928,21.942114721527147,17.808130571318056,0.8710721135139465,0.8943492889404298,0.867672672867775,0.8845168119296432,0.8846979439258575,0.9476888304576278,,,,,,
9.599999999990965,161.4002709181714,25.810918782359323,118.23801346453837,87.33039071632619,115.90658850038544,86.03658185862626,18.79120164925625,18.86312372816912,17.769696713903585,0.8714408278465271,0.8902963697910309,0.860057619214058,0.8857981426641345,0.8836377024650574,0.9453701773658395,,,,,,
9.619999999990918,161.24834578031988,25.961947934839575,118.68250709256908,87.38977501369678,115.85194970292756,86.04050702638429,19.135168745452457,15.445728481244888,17.731410002259146,0.8718041598796845,0.8882496356964111,0.8572403937578201,0.8868108823895454,0.883302116394043,0.9439807051792741,,,,,,
9.639999999990872,161.1436094578651,25.914901372609712,118.88664895857782,87.40541705816358,115.79775350071334,86.04462784817441,19.400661250082692,10.795489902868622,17.693284730621816,0.8721191167831421,0.888591754436493,0.8594992369413377,0.8874110706150532,0.8837874233722687,0.9438122949562967,,,,,,
9.659999999990825,161.09177903298794,25.664460889305143,118.85429224052362,87.28149180468678,115.7440207874104,86.04894348370348,19.55525978961703,4.459211959053657,17.65533510776119,0.8723461866378784,0.8916689634323121,0.8678540736436844,0.887471223436296,0.8851805925369263,0.9450799106620252,,,,,,
9.679999999990779,161.09243995610376,25.228356886738414,118.60457859655081,86.98637272436767,115.69077227800258,86.05345305295309,19.57658197094076,-2.2581387569562787,17.617575251601505,0.8724779605865479,0.8974938750267029,0.8835094004869462,0.8869787104427814,0.8874829113483429,0.9477197422645987,,,,,,
9.699999999990732,161.14387426850607,24.64339959687105,118.14288359197286,86.60377479306548,115.63802850080387,86.05815563635898,19.47038893621219,-8.205040878075202,17.58001918388338,0.8725213527679444,0.9057151794433594,0.90650352537632,0.8859950944781304,0.8905973255634309,0.9514378909021616,,,,,,
9.719999999990685,161.2390300995586,23.95715185197071,117.48247685671977,86.18198022544539,115.58580978954441,86.06305027499867,19.253768941501296,-13.340835771325336,17.5426808248673,0.8724455833435059,0.9156846880912781,0.9335410863161087,0.8845319796353579,0.8943141579627991,0.955874680262059,,,,,,
9.739999999990639,161.37274005053862,23.224386376015694,116.65552260486318,85.68896126714942,115.53413627553141,86.06813597078691,18.94174813809491,-17.69839549195051,17.505573988080986,0.8715317130088807,0.9269161462783814,0.9551356703042984,0.8828016985207796,0.8986731588840485,0.9609311616048217,,,,,,
9.759999999990592,161.5376380212775,22.514121360540962,115.69512228548075,85.13329404357485,115.4830278798882,86.07341168667921,18.55390508573269,-20.886525945247943,17.468712375112517,0.8687198877334595,0.9419692158699036,0.9737420946359634,0.8787559242919087,0.9060988172888756,0.9674142396077514,,,,,,
9.779999999990546,161.72559267688385,21.83623189965388,114.6352025997685,84.59443979275187,115.43250430587416,86.07887634688336,18.11150036587618,-23.300303196295367,17.43210957045115,0.8669821441173554,0.9500683188438416,0.9832186132669449,0.8760330617427826,0.9123557433485985,0.9698248421773314,,,,,,
9.799999999990499,161.93216990303526,21.192171126071432,113.52860963692876,84.05523431803132,115.38258503128885,86.08452883707874,17.622633858339785,-25.558349675219006,17.395779036378084,0.8654568254947663,0.9567402601242065,0.9910761937499046,0.8736878633499146,0.9182302847504616,0.9718865429982543,,,,,,
9.819999999990452,162.15026125831957,20.584284156506893,112.4297068980396,83.4933179281549,115.33328930096289,86.09036800464355,17.092647779372,-27.285236766586262,17.35973410790872,0.8646998107433319,0.9587257385253907,0.9946253299713135,0.872284471988678,0.9213083773851395,0.972503880225122,,,,,,
9.839999999990406,162.37106769137512,20.014668723843197,111.3843073864068,82.96729396021372,115.28463611933867,86.0963926588899,16.53856029642986,-27.927750510696754,17.32398798778861,0.8643032670021058,0.9589755177497864,0.99669219404459,0.8712368488311768,0.9232754468917846,0.9726401602849364,,,,,,
9.85999999999036,162.58058509635015,19.486108845643482,110.46264965817565,82.5085830355533,115.2366442431439,86.10260157130655,15.98461186815305,-27.18994378867963,17.28855374154493,0.8639297544956208,0.9592104911804199,0.9986642986536026,0.8702537655830384,0.9251218110322952,0.9727684175595641,,,,,,
9.879999999990313,162.76606597584058,19.050620563515718,109.6963255737936,82.15852682665852,115.18933217416041,86.10899347580947,15.461924054854762,-24.822733238150537,17.253444292595326,0.8635785341262818,0.9594311952590943,1.0,0.869332754611969,0.9267207890748977,0.9728889500722289,,,,,,
9.899999999990266,162.9117566615398,18.76672815565503,109.14629836129183,81.95689254796336,115.14271815209142,86.11556706899995,15.001612273698228,-20.978527199548665,17.218672417415984,0.8632245898246765,0.9596533417701721,1.0,0.8684081196784974,0.9278855800628663,0.9730103289708495,,,,,,
9.91999999999022,163.00985175075297,18.647479371752,108.8410771934952,81.92997293473276,115.09682014752975,86.12232101043043,14.630698873674731,-15.954908912047687,17.184250740770842,0.8629519224166871,0.959815239906311,1.0,0.8676994442939758,0.9285203665494919,0.9730991518124938,,,,,,
9.939999999990173,163.05480865267958,18.694141535565812,108.78857602678639,82.07989856390286,115.0516558550299,86.12925392287784,14.367974862098558,-10.243189458199241,17.150191731003606,0.8627058506011963,0.9599359512329102,1.0,0.8670650720596313,0.928464412689209,0.9731662904843688,,,,,,
9.959999999990126,163.04505945888803,18.89778488772975,108.98237704070968,82.41461112986507,115.00724268628638,86.13636439262437,14.221805846909085,-4.427430298186048,17.116507695394528,0.8625313103199006,0.9600215554237366,1.0,0.8666161954402924,0.9277657091617584,0.9732139145955443,,,,,,
9.97999999999008,162.98256927857415,19.242210784099385,109.41291815465786,82.89331494869197,114.96359776342113,86.14365096974586,14.187221626857122,0.8786143752539918,17.083210775583492,0.8627969205379487,0.9577364921569824,1.0,0.8666608333587646,0.9247059792280197,0.9725229060277343,,,,,,
9.999999999990033,162.87204211381703,19.706857295086515,110.05603550816805,83.46128244723864,114.92073791238279,86.15111216840735,14.25470586295357,5.845874452189672,17.050312943061396,0.8638362884521484,0.9507467985153198,0.9917190313339234,0.867552137374878,0.9181900665163995,0.970446459017694,,,,,,
10.019999999989986,162.71827866328914,20.268932283328507,110.86173354636946,84.10654927098716,114.87867965645977,86.15874646716613,14.420197855791548,10.660200633346236,17.017825994731254,0.8650440573692322,0.9425168991088867,0.9786986380815506,0.868759971857071,0.9111708760261535,0.9680941855534911,,,,,,
10.03999999998994,162.5287526730985,20.90535301229243,111.77700059570974,84.8057677341765,114.83743920991037,83.5492512579881,14.677794471010753,14.980911240494349,18.696845322806052,0.8663676738739015,0.9333158969879151,0.96125747859478,0.870215255022049,0.8956218093633652,0.965536335669458,,,,,,
10.059999999989893,162.31237040451077,21.593958583193317,112.76101038938953,85.49986440453529,114.79703247171177,85.05235389661563,15.014139385725027,18.527950456220736,17.687762378829248,0.8670082688331604,0.9247120380401611,0.9369937792420387,0.8721341967582703,0.8927682213485241,0.963394800387323,,,,,,
10.079999999989846,162.07762554567728,22.314608887071298,113.77452342626368,86.09497960189908,114.75747501943073,85.10467191248564,15.415710353664764,21.651231164052728,17.6276979767122,0.8671308219432832,0.9168687224388122,0.9094327315688133,0.8740700244903565,0.8887255758047105,0.9612534464336931,,,,,,
10.0999999999898,161.8330256067304,23.03854486784167,114.7533355052184,86.57757099536795,114.71878210321809,85.15691819145532,15.884499716305921,25.27152041406361,17.568245671351963,0.867527997493744,0.9071984887123108,0.8828055903315545,0.8760780453681947,0.885579177737236,0.9570065382868052,,,,,,
10.119999999989753,161.5910249870273,23.71558979455724,115.63741719315472,87.1155129618524,114.68096863992965,85.20905692653483,16.417746972442124,27.542381845140437,17.50943862391247,0.8679060459136964,0.8987014651298523,0.8620151210576297,0.877901465445757,0.8829302519559861,0.9530420234426856,,,,,,
10.139999999989707,161.36024532473436,24.292867430211125,116.43631143760453,87.57973679390432,114.64404920737528,85.2610523844395,16.960857870041636,26.18579818619277,17.45130972571797,0.8682889759540559,0.8919911682605743,0.8496597874909639,0.8795266354456545,0.8809592157602311,0.9496569863520563,,,,,,
10.15999999998966,161.15529102515004,24.725111449821522,117.13855049814129,87.7743939997496,114.60803803869904,85.31286893007974,17.451672734566625,22.828011833274083,17.393891578568468,0.8687747836112977,0.8870926260948181,0.842640070989728,0.881141383945942,0.8797538131475449,0.9468513632193207,,,,,,
10.179999999989613,160.99306100459253,24.9804960411573,117.64250916728125,87.75718210394288,114.57294901689194,85.36447105098345,17.87737013789869,19.843757716248387,17.337216475186064,0.869255554676056,0.8847270846366883,0.8404062140733004,0.8824274703860283,0.8794452756643296,0.9451899346895516,,,,,,
10.199999999989567,160.88353012764534,25.038043470943446,117.85696102764516,87.67788466474836,114.53879566943986,85.41582338163457,18.24357949556257,16.507223258642643,17.281316379804384,0.8698195457458496,0.884510600566864,0.8420855153352023,0.8835981337353588,0.8800047963857651,0.944473728351295,,,,,,
10.21999999998952,160.8321113117262,24.884331463723882,117.7972959483515,87.53815696868851,114.50559116310838,85.46689072771075,18.519729201114487,10.596589805579082,17.226222908913545,0.8703158378601075,0.8871514439582825,0.8488552022725344,0.8842529155313968,0.8815284103155137,0.9452431024052202,,,,,,
10.239999999989474,160.83904965230238,24.528465520652613,117.53959388384722,87.2034783795548,114.47334829886675,85.51763809020386,18.652728558721172,2.5680898913187393,17.1719673121727,0.8707312464714051,0.8928250908851624,0.8628073740750551,0.8843453224748373,0.8840716153383256,0.9475311094895005,,,,,,
10.259999999989427,160.89953010064886,24.00576208794509,117.11815439810456,86.71313120031152,114.44207950695294,85.56803068940656,18.626566936557843,-4.9190136436589675,17.118580453502275,0.8710622072219849,0.9009514570236207,0.8850225735455751,0.883950742147863,0.8874370008707047,0.9509351132437587,,,,,,
10.27999999998938,161.00866501979593,23.36556768666432,116.52445707516763,86.21726441464011,114.41179684208142,85.61803398874851,18.46737549339242,-10.758441645388116,17.06609279236792,0.8712843775749207,0.9108870625495911,0.9140490639954806,0.8830977603793144,0.8914149671792985,0.9550815330818295,,,,,,
10.299999999989334,161.15830247051915,22.672252791959156,115.76854485400173,85.72739537345714,114.38251197879596,85.66761371846604,18.20325765177939,-15.514366853876078,17.014534365268094,0.8713613867759705,0.9216852068901062,0.9436574805527925,0.881813094764948,0.895705047249794,0.9595566124655306,,,,,,
10.319999999989287,161.3391436951599,21.99758497814654,114.88573532033207,85.19903628441021,114.35423620696885,85.716735899089,17.85268853594746,-19.38439310245077,16.96393476743689,0.8700539469718933,0.9332702398300171,0.9621430862694978,0.8805036658421159,0.900675567984581,0.9645557630807161,,,,,,
10.33999999998924,161.545296884994,21.349517680229166,113.91477024769077,84.66956861765445,114.32698042744836,85.76536686472849,17.43345065990637,-22.42881020583759,16.914323134773984,0.8687444925308228,0.9421623468399047,0.9745765913277864,0.8790772428736091,0.9073282197117806,0.967618714645505,,,,,,
10.359999999989194,161.7697313326225,20.730751712682743,112.89884948477965,84.14771585121446,114.30075514785634,85.81347328614982,16.959233036629243,-24.900883837980754,16.86572812601311,0.8675892233848572,0.948975431919098,0.9837466917932034,0.8776339223608375,0.9133980095386506,0.9696008194237947,,,,,,
10.379999999989147,162.0062035759498,20.14398105869936,111.8787709174418,83.62700725530178,114.27557047853729,85.86102219361472,16.44201610671837,-26.67672350835475,16.81817790514045,0.866583263874054,0.9543449878692627,0.9912246569991112,0.8763301005586982,0.9188444346189499,0.9712172258645296,,,,,,
10.3999999999891,162.24609969326022,19.592039795326787,110.89969066547945,83.13866314415526,114.25143612866064,85.90798099947713,15.898228016133814,-27.535813250384393,16.771700124074233,0.8657771468162537,0.9580849170684814,0.9964575320482254,0.8752874007448554,0.923477652668953,0.9723397243767977,,,,,,
10.419999999989054,162.46748327013864,19.078367499335663,110.0707520522531,82.71350559661101,114.2283614024777,85.95431752051718,15.351437131271163,-26.797942025182795,16.726321905616697,0.8656167924404145,0.9581469416618347,0.9983295053243637,0.8749225607141853,0.9255322247743607,0.9723455894738435,,,,,,
10.439999999989007,162.6668812320294,18.63660394838715,109.33874565413637,82.4168571714538,114.20635519573464,85.99999999999788,14.837450685025,-24.459809097822777,16.68206982668923,0.8654952645301819,0.9582237482070923,0.9999594494700432,0.8745985141023994,0.9273430287837983,0.9723874319344759,,,,,,
10.45999999998896,162.84525285628592,18.327437741501647,108.69296761837884,82.21179693052223,114.1854259922431,86.04499712942972,14.372966697088623,-22.031702856171638,16.638969901861614,0.8653163015842438,0.9583368062973022,1.0,0.8741219392046333,0.9285929054021835,0.9724490392953158,,,,,,
10.479999999988914,162.9802260674932,18.167016220842616,108.29564310025859,82.05009043760879,114.1655818606094,86.0892780700278,13.962404865303233,-18.65780170079481,16.59704756718592,0.8651870250701905,0.9584184288978577,1.0,0.8737781038507819,0.9295158416032792,0.9724935401231051,,,,,,
10.499999999988868,163.06312269450493,18.16215932994673,108.14900854423969,82.06442431629142,114.14683045112405,86.13281247384735,13.643536576835382,-12.88945509244905,16.556327664345464,0.8650974631309509,0.9584749579429627,1.0,0.8735401144251228,0.9302963763475418,0.972524355724454,,,,,,
10.519999999988821,163.08881457503367,18.310206577688234,108.2211889858981,82.34388360890229,114.12917899281234,86.17557050458258,13.451904076015694,-6.373891371547761,16.51683442512915,0.8650710761547089,0.9582033634185791,1.0,0.8732571115717292,0.9300532460212707,0.9725133646279573,,,,,,
10.539999999988774,163.055986452407,18.600461947838028,108.53323610636734,82.80622230650154,114.11263429064748,86.21752285801502,13.378824144590816,-1.1941956201379773,16.47859145624128,0.8657671749591828,0.9537645816802979,0.9990904837846756,0.8738826682791114,0.9261067301034928,0.9711653459817171,,,,,,
10.559999999988728,162.96752902053018,19.016075057720066,109.10299539691299,83.32180243273498,114.0972027229271,86.2586407820972,13.399250904121446,3.2772346510001653,16.441621724456517,0.8666625142097474,0.9479608058929443,0.9919096484780312,0.8747744789347053,0.92084299325943,0.9694567907601594,,,,,,
10.579999999988681,162.82945564816842,19.53656576356149,109.87279153447444,83.92051790876137,114.08289023881427,86.29889609665786,13.514687232006995,8.368025984434974,16.405947542129883,0.8677600920200348,0.9407170534133911,0.9809435054659843,0.8759706726297737,0.9148975044488907,0.9673837650567293,,,,,,
10.599999999988635,162.64743684158586,20.139947484781043,110.76573219357064,84.64155121323107,114.06970235604412,86.33826121271518,13.7330726743372,13.31234062374975,16.371590553071165,0.8689808249473572,0.932397472858429,0.965933895111084,0.8773703923448921,0.9084253251552582,0.9650527346879244,,,,,,
10.619999999988588,162.42873485517657,20.803909539226872,111.74873594177474,85.39584911526408,114.05764415879646,86.37670915138494,14.038225542520102,16.988273033129875,16.338571718792856,0.8699255943298341,0.9223897337913514,0.9447834357619286,0.878943788073957,0.9015331655740738,0.9611204613000155,,,,,,
10.639999999988541,162.18269617293933,21.503991097076955,112.79471044484389,86.05388987271712,114.0467202957359,86.4142135623705,14.408210102322544,20.062118319566917,16.306911305140773,0.870202648639679,0.9127848029136658,0.9178757637739182,0.8807650556787849,0.8952682510018349,0.956924008205533,,,,,,
10.659999999988495,161.91868149996895,22.210637252801575,113.82621577158463,86.62320023923938,114.03693497821956,86.45074874202197,14.84717367941998,23.930951298089916,16.276628869316077,0.8705331146717072,0.9034615874290467,0.8916416667401791,0.8826360931620002,0.8896800428628922,0.9526022780686617,,,,,,
10.679999999988448,161.64685852030865,22.875811965725017,114.76885760387094,87.26224311950506,114.02829197867365,86.48628965095217,15.357809124776017,26.633237410996127,16.247743247297272,0.8708361685276031,0.8949724078178406,0.8692989766597748,0.8843477478250862,0.8853244625031949,0.9484521125443279,,,,,,
10.699999999988401,161.38197459232606,23.44875771665511,115.634509215704,87.82429572285386,114.020794629139,86.52081193119744,15.887635900726835,25.789264480175365,16.220272541670386,0.8711112082004547,0.8882748484611511,0.8550548244267703,0.8857881896197796,0.8831917606294155,0.9449659986421466,,,,,,
10.719999999988355,161.13477039602927,23.883258941923916,116.41586744134922,88.14732562902138,114.01444581998658,86.55429192291133,16.37673096806932,23.021615248256595,16.194234109875502,0.8714311361312866,0.8836025834083557,0.8471022237092257,0.887067379243672,0.8818416260182858,0.9422844725660979,,,,,,
10.739999999988308,160.92028227083168,24.133711584170122,117.02062094068106,88.35449967042511,114.00924799880316,86.58670668057987,16.80657835233246,19.83690014344456,16.169644552877457,0.8717425107955933,0.8812152922153473,0.8439277458935976,0.8880323255434632,0.8813119970262051,0.9407101984135806,,,,,,
10.759999999988262,160.75156548161397,24.168016447685844,117.38296963332601,88.50234298469732,114.00520316944777,86.61803398874731,17.159296471548927,15.055923043029038,16.14651970426805,0.8734517812728883,0.8688045859336854,0.8300815034657717,0.8932331003248691,0.8785166464745999,0.9317629250697792,,,,,,
10.779999999988215,160.6357053012523,23.97902991284705,117.51430077488924,88.47595877518945,114.00231289127912,86.64825237724148,17.395236856358032,8.32433424554212,16.12487461980737,0.8739982068538666,0.8681614398956299,0.8306321907788515,0.8944427613168955,0.8788630031049252,0.9307232800871134,,,,,,
10.799999999988168,160.57427831799657,23.58748423462999,117.43143111886756,88.249958566702,114.00057827855446,86.67734113588833,17.490808068046302,1.3440386884689821,16.104723567410904,0.874302327632904,0.8715590357780457,0.8364565838128328,0.8945691710337996,0.8805166922509671,0.9323950238525868,,,,,,
10.819999999988122,160.5644923558532,23.036891989959372,117.12727119307787,87.92475146845327,114.0,86.7052803287057,17.455711135342693,-4.689811903464347,16.086080017589502,0.8745043754577637,0.8778645038604737,0.8483385909348726,0.8940859956666828,0.8831531904637814,0.9357571623288095,,,,,,
10.839999999988075,160.6008324658467,22.381880302221088,116.60917963330886,87.54313707710558,114.00057827855315,86.73205080756644,17.307982092097483,-9.993037626539381,16.06895663434841,0.874554455280304,0.8867515623569489,0.8682652045041324,0.8929706709459424,0.8865517638623714,0.9404468844644726,,,,,,
10.859999999988029,160.67578427453452,21.69445851864222,115.91474665738399,87.20338850937587,114.00231289127653,86.75763422532154,17.05793441224723,-15.158020729928882,16.053365266551722,0.874484920501709,0.8975088238716126,0.8962996531277895,0.8913955936208368,0.8904858373105526,0.9458639589138329,,,,,,
10.879999999987982,160.78419520947747,20.997764116332544,115.13802418224444,86.99844252119614,114.00520316944389,86.78201304837441,16.685639027834945,-22.480575803500848,16.039316939757985,0.8742097735404969,0.9090581774711609,0.9267715383321047,0.8893179720267653,0.8945201002061367,0.9515098870731891,,,,,,
10.899999999987935,160.91820154216552,20.301181775444302,114.38773989053273,86.58573555097186,114.00924799879799,86.80517056869746,16.15877199535059,-29.706636553191057,16.02682184853286,0.8733856916427613,0.920669960975647,0.9511910367757082,0.8868256397545338,0.8984876237809658,0.9571757580153644,,,,,,
10.919999999987889,161.07091980076598,19.614828053861,113.62997462687656,86.15501650827167,114.01444581998011,86.82709091528302,15.527425006391981,-32.696455658434836,16.015889349243793,0.8715581297874451,0.9318038821220398,0.9652605939656496,0.884461284428835,0.9035479925572872,0.9626426721923054,,,,,,
10.939999999987842,161.23562501523458,18.947929663672724,112.79490900931015,85.92502075505709,114.02079462913125,86.84775906502047,14.867471324138615,-33.24607208738993,16.00652795334197,0.8698080778121948,0.9412677049636841,0.9761086821556091,0.8820476599037648,0.9089499175548553,0.9672698284499347,,,,,,
10.959999999987796,161.4033888548579,18.308700079602037,111.92830737372618,85.74167195389104,114.02829197866463,86.8671608529924,14.19159403118692,-34.511704422569494,15.998745321136223,0.8683912634849549,0.94699786901474,0.9842188209295273,0.8795677848160267,0.912427581846714,0.9690605903975665,,,,,,
10.979999999987749,161.5560710110568,17.70581951534209,111.19965117299832,85.4534695916124,114.03693497820926,86.88528298218245,13.4925413764838,-34.84661916428584,15.992548256063252,0.8671181738376618,0.9516584873199463,0.9905707761645317,0.8772762723267079,0.9153321385383606,0.9705045844428242,,,,,,
10.999999999987702,161.68489025272106,17.14681070661625,110.55841075157797,85.2389280598201,114.04672029572431,86.9021130325885,12.825224903385223,-31.331977194224038,15.98794269945834,0.8661024570465088,0.9550168991088868,0.994980788230896,0.8753987677395344,0.9180828511714936,0.9715762163512409,,,,,,
11.019999999987656,161.79285883379663,16.650382946731995,109.8855922356807,85.20765922705964,114.05764415878362,86.91763946973468,12.24566324674614,-26.848231382595483,15.98493372583033,0.8652449607849122,0.9570857524871826,0.9977977037429809,0.8736205168068409,0.9197089433670044,0.9722761298529804,,,,,,
11.039999999987609,161.8844138170734,16.269646886208125,109.21558820803149,85.13565278815105,108.77649703782369,86.93185165257655,11.73694245502113,-24.294097826955287,12.523045618170826,0.8645050883293153,0.9584351420402527,0.9915936157107353,0.8719819650053978,0.9201409906148911,0.9727602149359882,,,,,,
11.059999999987562,161.95737724396363,16.029926299477587,108.64351570145772,84.88552913348467,112.08518929169452,86.9447398407939,11.275013111396374,-21.50918600662087,14.677706755493471,0.8638430953025819,0.9592649698257446,0.9976730331778526,0.8704544231295586,0.9204091429710388,0.9730612779967487,,,,,,
11.079999999987516,161.98591663595747,15.945489657204817,108.29032864528327,84.68463364648287,112.17033993919144,86.95629520146629,10.903538564450084,-14.98015210326625,14.725820326947389,0.8633543372154237,0.9595719337463379,0.9989449858665467,0.8691748842597008,0.9210679903626442,0.9732289577834308,,,,,,
11.09999999998747,161.96320158302657,16.021566510098562,108.08334106414975,84.77325095354105,112.25541331582323,86.96650981512673,10.685655430236388,-7.033119206234799,14.77475990713765,0.8629963874816895,0.9593979597091675,0.9993837505578995,0.8681228682398796,0.9212551310658454,0.9732356692664326,,,,,,
11.119999999987423,161.8876900746522,16.254546284667967,108.08909905052367,84.98858155345428,112.34037082997456,86.97537668118925,10.6043862123643,-1.484265639783046,14.824504843148624,0.8629407763481141,0.9576201677322388,0.9979907304048539,0.8674457415938378,0.9192168802022934,0.9727338339202106,,,,,,
11.139999999987376,161.76122328646957,16.633215392231147,108.37037190227144,85.17353770851443,112.42517394258847,86.98288972274675,10.623360399741294,3.5931541667723814,14.87503391256196,0.8632674336433411,0.954608416557312,0.9948351293802261,0.8674790188670158,0.9161520332098008,0.9718449021689594,,,,,,
11.15999999998733,161.58956009081015,17.141247020585176,108.83609891793938,85.45420558179592,112.5097841846488,86.98904379073583,10.758020710450428,9.980819850006721,14.926325332163017,0.8637871146202087,0.950308108329773,0.9891225636005402,0.8677327260375023,0.9125232100486755,0.970598032604903,,,,,,
11.179999999987283,161.38031270726586,17.75831303540372,109.42014018997764,85.86855388012984,112.5941631746307,86.9938346674657,11.017188587721028,15.620777750273186,14.978356767042317,0.8645491719245911,0.9448722004890442,0.980758011341095,0.8684210643172264,0.9081679180264474,0.9690447832457721,,,,,,
11.199999999987236,161.14019702731596,18.46375331554398,110.13728275382141,86.27566096406355,112.67827263591165,86.99725906950877,11.37089327640695,19.581455926059622,15.031105340088331,0.8654778599739075,0.9388465166091919,0.9702726602554321,0.8694954916834832,0.9033332645893097,0.9673439170233905,,,,,,
11.21999999998719,160.87688135595698,19.239110258328278,110.96007367086337,86.59311148997419,112.76207441413477,86.99931464995093,11.801054101612564,23.61885965702779,15.084547641867758,0.8665557503700256,0.9323056459426879,0.9576319798827171,0.8709274753928185,0.8986186817288399,0.9655091191641987,,,,,,
11.239999999987143,160.60267607625775,20.058429520498432,111.78885845832833,86.89975501672285,112.84553049451655,87.0,12.323287642333463,28.60654870652582,15.138659740889139,0.8672372460365296,0.9263373851776123,0.9417986541986465,0.8727021083235741,0.8948988452553749,0.9639715219847858,,,,,,
11.259999999987096,160.32235298979538,20.875125165553435,112.57867758073084,87.32013084418043,112.9286030190916,86.99931464995132,12.931777946432199,31.62639260452791,15.193417194245427,0.8675447165966035,0.9213745713233947,0.9244841888546944,0.8746478781104088,0.8919210366904736,0.9628142382018268,,,,,,
11.27999999998705,160.04723766697828,21.642730171682366,113.38428201857238,87.68824364527234,113.01125430388585,86.99725906950954,13.563568344598886,31.11784953555285,15.248795058630794,0.8678066968917847,0.9151143431663513,0.9063407018780708,0.8760301277041436,0.889409190416336,0.9602078781463206,,,,,,
11.299999999987003,159.78661675275154,22.32451924889984,114.19550289234967,87.89528574334446,113.09344685601125,86.99383466746686,14.171121861375546,29.740397653805346,15.304767901726773,0.8682480752468109,0.9101626157760621,0.8941781692206859,0.8775283463299275,0.8880721390247345,0.9577976094558835,,,,,,
11.319999999986956,159.55395063196985,22.891563223940636,114.89867579764969,88.05281838871232,113.17514339067338,86.98904379073737,14.758463977496454,29.012278634490706,15.361309813952435,0.8686637282371521,0.9067079305648804,0.8871875517070293,0.8787917591631413,0.8872822046279908,0.9559693463146687,,,,,,
11.33999999998691,159.3587162963907,23.321958467958744,115.40845914137417,88.17068751995122,113.25630684808496,86.98288972274865,15.32406659612015,27.204551003308165,15.418394420573275,0.8690673589706421,0.9051494836807251,0.8853835456073285,0.8797947643324733,0.887183403968811,0.9549225458875299,,,,,,
11.359999999986863,159.2099507727045,23.603730609533194,115.711485851222,88.0729700968401,113.3369004102772,86.97537668119153,15.833661004222197,23.552338218629043,15.475994894162888,0.8694788336753846,0.9056254148483277,0.8891267411410809,0.8805544875562191,0.8878446400165558,0.9547306683845818,,,,,,
11.379999999986817,159.11596226310164,23.73232383197773,115.78873593925067,87.73658638490163,113.41688751780133,86.9665098151294,16.264072218642347,19.498500600812058,15.534083967411561,0.8699314594268799,0.9080575942993164,0.8986150376498699,0.8811413714662195,0.8892843425273895,0.9553358050063252,,,,,,
11.39999999998677,159.0811543467695,23.70372581614912,115.62049166996997,87.32623021636095,113.4962318863131,86.95629520146933,16.61047540866239,14.92864459182976,15.59263394627554,0.8703704297542573,0.9125069379806519,0.9139000527560711,0.881433130055666,0.8914835631847382,0.9568030763417482,,,,,,
11.419999999986723,159.1053831310705,23.52470078844722,115.24860969937191,86.8418472934888,113.57489752303225,86.94473984079733,16.84973678689005,8.736349752635611,15.651616723460346,0.8707154214382172,0.918879234790802,0.9336533538997174,0.8812726775184274,0.8943574011325837,0.9591387679800392,,,,,,
11.439999999986677,159.18480140674714,23.217883797468193,114.73416577390135,86.20442470792123,113.6528487430699,86.93185165258035,16.9558416451968,1.9678831436825495,15.711003792231626,0.8705743312835694,0.9269185304641724,0.9525820724666119,0.8807572033256292,0.8982949942350388,0.9622907569631934,,,,,,
11.45999999998663,159.31327095760133,22.817429930765968,114.09192866312742,85.47751974996072,113.73005018561614,86.91763946973884,16.938010385569026,-3.442038121718895,15.770766260546225,0.8694995284080506,0.9363436698913574,0.9666774742305279,0.880089015699923,0.9052354335784912,0.9661474039778113,,,,,,
11.479999999986584,159.4831110279657,22.355969278092783,113.31595737726163,84.78166547894762,113.80646682998066,86.90211303259302,16.828503665019607,-7.359459053653779,15.83087486549655,0.8684785306453705,0.9439570665359497,0.977824854105711,0.8791360098868609,0.9123131588101387,0.968288486264646,,,,,,
11.499999999986537,159.68545345840718,21.86114820138025,112.4371465795926,84.14069605273946,113.88206401147916,86.88528298218733,16.644749594415313,-11.060261670387021,15.891299988060613,0.8673942685127258,0.9510837316513061,0.9874174490571022,0.8780143160372973,0.9192636772990227,0.9703603914007545,,,,,,
11.51999999998649,159.91345838091888,21.359593929900907,111.52184626249864,83.4885720657664,113.95680743715812,86.86716085299764,16.385517838522667,-14.792662652804477,15.952011668150039,0.8663194656372071,0.9573308110237122,0.9952586233615875,0.8768277365714312,0.9257716804742813,0.9722562244161963,,,,,,
11.539999999986444,160.1561528739004,20.879258778398977,110.62703369666811,82.83743447082307,114.03066320135109,86.84775906502608,16.060080490175146,-17.49276696908606,16.012979619948144,0.8661722421646119,0.9577954769134521,0.9975835733115673,0.8767507154494525,0.9287105679512024,0.9723117044195533,,,,,,
11.559999999986397,160.40145879525195,20.449654531273232,109.79660387678427,82.27846743924724,114.10359780105915,86.82709091528898,15.69677081640368,-18.58505486604058,16.074173247529902,0.866129744052887,0.9578223943710327,0.9995409816503524,0.8766368944197893,0.9312299758195877,0.972326367162168,,,,,,
11.57999999998635,160.63441813037193,20.099657413514187,109.08447525520192,81.85640603370028,114.17557815114888,86.80517056870377,15.325438494008168,-18.352837363285925,16.13556166075552,0.8660292983055116,0.957885992527008,1.0,0.8763680178672075,0.9333330452442169,0.9723609855398536,,,,,,
11.599999999986304,160.84207655579954,19.85360915803775,108.55074890841807,81.57733062670681,114.24657159936065,86.78201304838106,14.970548244179628,-16.92370360124208,16.197113691428893,0.8658953666687013,0.9579707622528076,1.0,0.8760097939521074,0.9348595112562179,0.9724071433767676,,,,,,
11.619999999986257,161.01154902198843,19.729124029697633,108.23868523240247,81.46578984365895,114.31654594112052,86.75763422532853,14.657608710483112,-14.147526531254723,16.25879790971217,0.8657308101654053,0.9580748558044434,1.0,0.8755701500922441,0.9357861995697021,0.9724638512358069,,,,,,
11.63999999998621,161.13333395150332,19.735622104464376,108.16877111271266,81.57015347060451,114.38546943414923,86.73205080757376,14.411453521105704,-10.361674568593399,16.320582640787563,0.8655335128307343,0.9581995725631713,1.0,0.8750437755137682,0.9360117703676224,0.9725318124517799,,,,,,
11.659999999986164,161.2021041431215,19.872643241572227,108.34855642466154,81.88038526351487,114.45331081286125,86.70528032871334,14.24531538463324,-6.234350644906938,16.38243598175697,0.8652949333190918,0.9583503007888794,1.0,0.874408395960927,0.9353340685367584,0.9726139357313514,,,,,,
11.679999999986117,161.21622631656734,20.13178784842881,108.77187353366152,82.35971618986326,114.52003930254779,86.6773411358963,14.162248208760401,-2.072459670779724,16.44432581877021,0.865025132894516,0.9585206031799316,1.0,0.873691375926137,0.9337995082139969,0.9727067759260535,,,,,,
11.69999999998607,161.17743058054668,20.49886581066113,109.41109522039174,82.97909433515116,114.58562463333703,86.64825237724978,14.162258715187816,2.0593640061309673,16.50621984437219,0.8647160053253174,0.9587155342102051,1.0,0.872871907427907,0.9315472185611725,0.972813086770475,,,,,,
11.719999999986024,161.090113473655,20.95681414927288,110.22381790317957,83.71004072087075,114.65003705392536,86.61803398875593,14.24325312926961,5.9836179205392375,16.56808557505917,0.8650148034095765,0.9553941011428833,0.9998723536729812,0.8726069170981646,0.9262783154845238,0.9718797137960792,,,,,,
11.739999999985978,160.9615323618273,21.487078735451984,111.16515632570758,84.5080479417543,114.71324734507336,86.58670668058879,14.398713604356802,9.483566422165158,16.629890369034293,0.865849107503891,0.9484266042709351,0.9902811989188194,0.8729892391711473,0.9185179620981216,0.969853918813169,,,,,,
11.759999999985931,160.7979737398072,22.071249439114496,112.18998238204978,85.3225323848715,114.77522683286048,86.55429192292054,14.619705664009008,12.555117475917188,16.691601444152244,0.8666817367076874,0.9410517096519471,0.9778475880622863,0.8734176833182574,0.9106777086853981,0.9677870323881507,,,,,,
11.779999999985884,160.60827128913078,22.691796625799565,113.25089245618622,86.11275613468486,114.83594740169235,86.52081193120696,14.898826572145564,15.308141056751252,16.753185896042602,0.8674585223197937,0.933751356601715,0.9632744625210762,0.8738292176276445,0.9031569913029671,0.965790014527738,,,,,,
11.799999999985838,160.4029122208024,23.332645220336612,114.302960369054,86.84192627096044,114.89538150705467,86.48628965096198,15.230064653768329,17.766415256060323,16.81461071640164,0.8679410934448243,0.927337920665741,0.9473239280283451,0.8742299754172564,0.896461781859398,0.9641167333349585,,,,,,
11.819999999985791,160.18700032543205,23.980621171133823,115.30676033779251,87.42187605120904,114.95350218800829,86.45074874203205,15.608518590098715,20.151893538321755,16.875842811441828,0.8676701843738557,0.9227433562278747,0.9291695863008499,0.87472751326859,0.8927044831216335,0.9631489269435406,,,,,,
11.839999999985745,159.96835633849793,24.614228664804404,116.20366016428996,87.81910993488626,115.01028307941932,86.41421356238087,16.04325837087776,23.447598994548372,16.936849020488282,0.8675821125507355,0.9185173034667969,0.9143501579761505,0.87527285348624,0.8909121535718442,0.9618174691684545,,,,,,
11.859999999985698,159.75861587028322,25.189291859338276,116.93763708637351,88.23204359659634,115.06569842391919,86.37670915139556,16.540066141963653,25.750388122570236,16.997596134711443,0.8676140427589417,0.9149058818817138,0.9041448771953583,0.8758123075589538,0.8895677410066128,0.9603718059137464,,,,,,
11.879999999985651,159.56731534870514,25.661031489004007,117.53626806736753,88.53875196694558,115.1197230835888,86.33826121272605,17.04791923008522,24.444434320804177,17.058050915984683,0.8676441311836243,0.9127686023712158,0.8982431471347809,0.8761606428772212,0.8887964509427547,0.9595035675913095,,,,,,
11.899999999985605,159.4063149033115,25.996496269458987,118.01709783879156,88.5368399704422,115.17233255136178,86.298896096669,17.504853974895436,21.220818791124913,17.11818011585589,0.8677391171455384,0.9122175335884094,0.897275960445404,0.8764345072209836,0.8887031100690365,0.9592113395221531,,,,,,
11.919999999985558,159.2896733160019,26.179026589829633,118.30213227062518,88.30593003417759,115.22350296214162,86.25864078210859,17.902443222855897,18.71390979271512,17.177950494621754,0.8678891181945801,0.9133185505867004,0.9013290524482728,0.876605611294508,0.8892970465123654,0.9595350031740963,,,,,,
11.939999999985512,159.22517672574924,26.208414992456717,118.30552331434167,87.97480665246194,115.27321110362755,86.21752285802664,18.25526176241649,16.43831494139979,17.237328840493234,0.8681063055992126,0.9162016868591308,0.9109438240528107,0.8766764415428043,0.8906536243855954,0.9605101530440152,,,,,,
11.959999999985465,159.2187791100741,26.09381178344525,118.02634726072054,87.51217227109153,115.32143442684412,86.17557050459442,18.549682308138333,12.69717534240139,17.296281988840786,0.8683426260948182,0.9210546493530274,0.9262723743915557,0.8765192354097963,0.8928214929997921,0.9622402190230787,,,,,,
11.979999999985418,159.2723331186403,25.852175472459226,117.51765318752948,86.84652338958972,115.36815105637025,86.13281247385942,18.753677032344164,7.586317059267858,17.354776841507817,0.8685973942279817,0.9269491910934449,0.944877701997757,0.8760199498385192,0.8955389998853207,0.964026387501508,,,,,,
11.999999999985372,159.38382540533314,25.51039711447657,116.81999516431846,86.02367148517921,115.41333980026235,86.08927807004008,18.85342831334031,2.484483359489547,17.412780386180568,0.8679606437683106,0.9339789748191833,0.9595371782779694,0.875414344854653,0.8991831682622433,0.9658936720341444,,,,,,
12.019999999985325,159.5480485437403,25.099912224936958,115.95621807374035,85.15650029763601,115.45698015966765,86.0449971294422,18.85747233548076,-1.9938926996936968,17.47025971580273,0.8670050263404847,0.9417060256004334,0.9723683893680573,0.8746326621621847,0.9035044990479947,0.9680323343724012,,,,,,
12.039999999985278,159.7607630500328,24.64740599645013,114.96189849115765,84.29960662296838,115.49905233812304,86.00000000001057,18.775313000467058,-6.213705002668258,17.5271820480229,0.865943741798401,0.9493501663208008,0.982811838388443,0.873663792386651,0.9112937703728676,0.9702115755528211,,,,,,
12.059999999985232,160.01404856465814,24.17696303718283,113.89099863254285,83.44782536995697,115.53953725053522,85.95431752053005,18.609493077746734,-10.322112894500735,17.583514744662995,0.864841377735138,0.9564627170562744,0.9917021095752716,0.8726072046905756,0.9191323548555375,0.9723265033215285,,,,,,
12.079999999985185,160.29795464119675,23.713619797226958,112.79976737116763,82.61636912542315,115.57841653183833,85.90798099949018,18.36630323822429,-13.851128081591497,17.639225331195632,0.8644474387168884,0.9588847398757935,0.9961525678634644,0.872329917922616,0.9241343200206756,0.9730276089161635,,,,,,
12.099999999985139,160.60259298893135,23.282619209345626,111.7443215934416,81.86418451954863,115.61567254532476,85.86102219362793,18.062505171000346,-16.341804201464644,17.694281516218346,0.8644891023635864,0.9588585138320923,0.9984380051493644,0.8724399361759425,0.9273324489593506,0.9730132918804884,,,,,,
12.119999999985092,160.9127063747632,22.90868638802229,110.78968284186816,81.26633150778089,115.65128839064565,85.8134732861632,17.718646974261315,-17.914873027510847,17.74865121091277,0.8644817829132081,0.9588631153106689,1.0,0.8724206004291774,0.9301766067743301,0.9730158071964979,,,,,,
12.139999999985045,161.2125851433989,22.614800845963327,110.00938185682435,80.8060521314035,115.6852479114774,85.76536686474202,17.35265365353717,-18.45244216122369,17.802302548476465,0.8643988132476808,0.9589153528213501,1.0,0.8722015533596278,0.932343402504921,0.9730443220585585,,,,,,
12.159999999984999,161.48723976847413,22.419382305242205,109.4536823737394,80.51253218267317,115.71753570285063,85.71673589910267,16.992037587372817,-17.29602847679919,17.85520390351526,0.8642740428447724,0.9589939117431641,1.0,0.871872428432107,0.9339267283678054,0.9730871897190809,,,,,,
12.179999999984952,161.72512073125682,22.334783566373616,109.14315937608644,80.44042294283015,115.74813711813817,85.66761371847986,16.67226316773643,-14.450902265136824,17.907323911383997,0.8640939593315125,0.9591072201728821,1.0,0.8713981244713068,0.934797289967537,0.9731490354984998,,,,,,
12.199999999984906,161.91744863152138,22.365051102232467,109.08447911031202,80.59266174021924,115.77703827569937,85.61803398876243,16.42038441208202,-10.639756602804669,17.958631487463556,0.8638814210891724,0.9592408776283264,1.0,0.8708394322544337,0.9347535967826843,0.973222003504634,,,,,,
12.219999999984859,162.05850030269283,22.50611307981124,109.27658327478849,80.93273010298282,115.80422606517699,85.5680306894206,16.249168074493145,-6.448111946277498,18.009095846361642,0.86364004611969,0.9593925476074219,1.0,0.8702064249664545,0.9337849915027618,0.9733048420399427,,,,,,
12.239999999984812,162.14644493118777,22.748199881974628,109.70736331913184,81.46887900932232,115.82968815344458,85.51763809021801,16.160950891738345,-2.467626269988105,18.05868652102553,0.8633693218231202,0.9595625281333924,1.0,0.8694983873516322,0.9320355892181397,0.9733977060765028,,,,,,
12.259999999984766,162.18404227414422,23.077238864950015,110.3584812278557,82.12626082584474,115.85341299020102,85.46689072772499,16.14699821841363,1.023198321798322,18.107373381754297,0.8630366861820221,0.9597711801528931,1.0,0.868631336465478,0.9294437497854233,0.9735117416828871,,,,,,
12.27999999998472,162.17408558776268,23.477965200849333,111.18913598217333,82.86306911113792,115.87538981321012,85.41582338164889,16.201590037832247,4.450591000257375,18.15512665509844,0.8631424069404603,0.9574067831039429,1.0,0.8682164583355189,0.9245705395936966,0.9728203039616347,,,,,,
12.299999999984673,162.12216682687838,23.934342150513146,112.14108245688682,83.67016259931808,115.89560865318259,85.36447105099785,16.324884357348246,7.839059574870161,18.20191694263472,0.8640157699584962,0.9501870155334473,0.9913779303431511,0.8686044607311487,0.9163912728428841,0.9707072239369154,,,,,,
12.319999999984626,162.03521147209148,24.430912768723864,113.16358327146234,84.50336956209136,115.91406033829848,85.3128689300942,16.51209412258351,10.785309008394918,18.24771523960415,0.8648630738258363,0.9427237033843994,0.9784992814064026,0.8690329644829036,0.9082946047186852,0.9686115603893996,,,,,,
12.33999999998458,161.92082447556135,24.95339809245113,114.21694962448295,85.29334520454881,115.9307364983677,85.26105238445402,16.752897047132144,13.237408447565047,18.29249295340093,0.865629780292511,0.9354403495788575,0.9636019349098206,0.8694121275097132,0.9005673751235008,0.9666230421513319,,,,,,
12.359999999984533,161.78884020558223,25.48896043173621,115.2597245644352,85.99833860150873,115.94562956862694,85.20905692654938,17.040522261930626,15.51947044113875,18.336221921900417,0.8661491513252259,0.9290236711502076,0.9476536542177201,0.8697800192981959,0.8940978132188321,0.9649413395673037,,,,,,
12.379999999984486,161.64470467023096,26.028569716486928,116.24779445413765,86.53892028231272,115.9587327931714,85.15691819146993,17.37449149512278,17.995098440199037,18.378874431614015,0.8658863604068756,0.9244267225265503,0.9292495727539063,0.8702839646488428,0.8918306790292263,0.9639802344143391,,,,,,
12.39999999998444,161.49577923286404,26.557227696718925,117.12020265319828,86.8859560599394,115.97004022801923,85.10467191250027,17.769133186900522,21.61798727036075,18.42042323565918,0.8657789707183838,0.9207367420196533,0.914465443789959,0.8709146460518241,0.8901749096810818,0.9631992528215051,,,,,,
12.419999999984393,161.3540380083855,27.03420249850132,117.8249260741648,87.27678185233287,115.9795467438081,85.05235389663027,18.232302949690958,24.166001045112893,18.46084157153259,0.8657811522483826,0.9178937792778016,0.904410420358181,0.8716002602130175,0.8890188179910183,0.9625875722616911,,,,,,
12.439999999984346,161.22849820125893,27.416246676150305,118.3957798410756,87.5709720219556,115.9872480281219,85.00000000001465,18.70772663418278,22.719517743536557,18.50010317867483,0.8657963633537293,0.9160810351371765,0.8981241628527642,0.8720768619328738,0.8883066020905972,0.9622032403945923,,,,,,
12.4599999999843,161.13038050109418,27.671746472752556,118.85576309216556,87.54057124714517,115.99314058744696,84.94764610339901,19.12631506244186,19.09420077466667,18.538182315814716,0.8658876240253449,0.9154022932052612,0.8961118325591088,0.8724714612588287,0.8881370387971401,0.9620567379519344,,,,,,
12.479999999984253,161.07214279732082,27.78392277507442,119.12942727296915,87.28295022000198,115.99722174875687,84.89532808752898,19.47751537464589,16.228453278184727,18.575053778081845,0.8660517930984497,0.9159630656242371,0.8986599549651146,0.8727516427636147,0.8885442577302456,0.9621699653565884,,,,,,
12.499999999984206,161.06412289370775,27.752875263732818,119.12707062867005,86.94203487955957,115.99948966072503,84.84308180855928,19.778746020398774,13.813178236128548,18.610692913875894,0.8663099586963654,0.9179238319396973,0.9064869686961174,0.8729249190539122,0.889622636884451,0.9625727064907551,,,,,,
12.51999999998416,161.1127841329379,27.590406375793417,118.83673856621562,86.46766278501289,115.99994329456439,84.79094307347974,20.022169091543446,10.293190622243559,18.645075641481032,0.8666275382041931,0.921450400352478,0.9201155230402946,0.8728582760319115,0.891423674672842,0.9633080080151558,,,,,,
12.539999999984113,161.2203543137609,27.316733091040263,118.29844722113252,85.78888089616837,115.9985824444942,84.73894761557501,20.183499897019534,5.757888122579058,18.678178465414536,0.8669687628746033,0.9263291120529175,0.938081507384777,0.872497926093638,0.8938636086881161,0.9643374057486653,,,,,,
12.559999999984067,161.3852915841926,26.957600522584823,117.55076519826297,84.97560624733622,115.99540772783338,84.68713106993472,20.252188959493324,1.1420240917548745,18.70997849249824,0.8667596101760865,0.932646107673645,0.954588608443737,0.8719999356195332,0.897124769538641,0.9658912675455212,,,,,,
12.57999999998402,161.60334799613258,26.540451575834393,116.63039393471882,84.13133223175305,115.99042058472038,84.63552894903094,20.229969737356456,-3.3673139001421135,18.740453447641862,0.8658902406692506,0.9400395154953003,0.9678722187876702,0.8713497638702393,0.9011379800736904,0.9679198069497943,,,,,,
12.599999999983973,161.86862442719442,26.087022255931398,115.58701482308788,83.28589638986439,115.98362327746004,84.58417661837976,20.116944710272584,-7.937249546028729,18.769581689327467,0.8649024069309235,0.9474451899528503,0.9790761277079583,0.8704837149009109,0.9072217270731926,0.9700037403032183,,,,,,
12.619999999983927,162.17454307136106,25.618203752710496,114.47415834783885,82.44477685225307,115.97501888949722,84.53310927230349,19.914056036257886,-12.265058331568321,18.79734222478413,0.863862681388855,0.9543871879577637,0.988402459025383,0.8694975322112442,0.9147472977638245,0.9720324678346515,,,,,,
12.63999999998388,162.51266251264164,25.154831363345703,113.33858052614863,81.65046666235426,115.96461132401814,84.48236190981028,19.631187214903914,-15.880201778397426,18.823714724842503,0.8629490375518799,0.9598166584968567,0.9960213422775268,0.8685816055163742,0.9216189175844193,0.9736929221078754,,,,,,
12.659999999983834,162.8731331338883,24.71771596953028,112.23139350982802,80.95321158611964,115.95240530217973,84.43196931060749,19.28467233324591,-18.628962033710437,18.848679538458658,0.8629346430301666,0.9598237156867981,0.9982847958803177,0.8685444420203567,0.9246036976575851,0.9736968560144306,,,,,,
12.679999999983787,163.24082109420206,24.328578463004167,111.22007947614918,80.39992400285033,115.93840636096806,84.38196601126542,18.89074551794172,-20.645309799820577,18.87221770689721,0.8628857791423798,0.9598476886749268,1.0,0.8684183543547989,0.9271755039691925,0.9737101836130023,,,,,,
12.69999999998374,163.60233708997652,24.00789640860626,110.37882906904512,79.97191349555905,115.92262085068656,84.33238628154776,18.465924273135297,-21.586102595706905,18.89431097756341,0.86275572180748,0.9599114775657653,1.0,0.8680830901488662,0.9291028827428818,0.9737456841394305,,,,,,
12.719999999983694,163.94139017588824,23.773457094047288,109.75872228285704,79.71059027768469,115.90505593207531,84.28326410092467,18.03950192432091,-20.73012140988124,18.914941817474627,0.8625774383544922,0.9599989295005799,1.0,0.867624325118959,0.9304896503686905,0.9737943215295672,,,,,,
12.739999999983647,164.24392875043216,23.63866754038953,109.38597401038183,79.67207919168729,115.88571957306284,84.23463313528504,17.648546978469415,-18.122743308686857,18.934093426361358,0.8623427271842957,0.96011403799057,1.0,0.8670218830928207,0.9311613261699676,0.9738583846017719,,,,,,
12.7599999999836,164.49896175423663,23.61040917563006,109.2767129857308,79.85623165220358,115.86462054515158,84.18652671386356,17.321913963686317,-14.40840102214888,18.951749749388348,0.8620793461799622,0.9602431893348694,1.0,0.8663479154929519,0.9309168457984924,0.973930267803371,,,,,,
12.779999999983554,164.69969089257398,23.687675146823295,109.43304092059209,80.22484450337492,115.84176841943885,84.1389778063985,17.07629431554723,-10.069040471705986,18.967895489486562,0.8609086275100708,0.9608171343803406,1.0,0.8633800631389023,0.928940623998642,0.9742499871179462,,,,,,
12.799999999983507,164.84322147466295,23.863241564974462,109.83751538027335,80.77808316295489,115.81717356227523,84.09201900053591,16.921339719381358,-5.445123517051176,18.982516119287013,0.8598181009292603,0.9613516211509705,1.0,0.860659701190889,0.9262890040874481,0.9745480818673968,,,,,,
12.81999999998346,164.93031435583669,24.12555889079435,110.46507377214851,81.48462980009643,115.79084713056201,84.0456824794957,16.85538655277535,-1.243572822575219,18.99559789264744,0.8588507056236268,0.9618257284164429,1.0,0.8582853382453323,0.9230028331279755,0.9748128218576312,,,,,,
12.839999999983414,164.96439163319792,24.461341923740687,111.28362906872715,82.26211627548221,115.7628010666902,84.0000000000148,16.869147226574686,2.6001349910208007,19.007127855763446,0.8580116927623749,0.9622369527816772,1.0,0.8562576597556473,0.9192143142223358,0.975042705051601,,,,,,
12.859999999983367,164.95101125147664,24.8554882910495,112.2401220102021,83.08390496898994,115.73304809312303,83.95500287058277,16.959519578633426,6.438560856375007,19.017093857855492,0.8572986006736756,0.962586522102356,1.0,0.8545586174353957,0.9152529805898667,0.9752382917329669,,,,,,
12.87999999998332,164.89728557593895,25.293740314340074,113.27567572762943,83.92887961140747,115.70160170662483,83.91072192998448,17.12552443162279,10.098238779619292,19.02548456142387,0.8575747847557068,0.9610617637634278,0.9969402328133583,0.8548312788829208,0.9106826663017273,0.9747601790353656,,,,,,
12.899999999983274,164.813010410997,25.762502867215563,114.34349539278166,84.7371691295413,115.66847617213836,83.86718752616471,17.360182409541927,13.286807351247589,19.032289452063342,0.8583976805210114,0.956269896030426,0.9890256464481354,0.8556445783004165,0.9040850780904294,0.9733012529090047,,,,,,
12.919999999983228,164.70533236528792,26.25011208039201,115.40400783158069,85.44865308030121,115.63368651631399,83.82442949542927,17.654663891814025,16.129172626634386,19.037498847830353,0.8590935826301576,0.9519314050674439,0.9807643912732601,0.8563333814963698,0.9013347886502743,0.9720334088429808,,,,,,
12.939999999983181,164.5826181511054,26.74651554221341,116.41707069125385,86.03799287832776,115.59724852069313,83.7824771419966,18.00467298674471,18.856758558203378,19.041103908154852,0.8596625924110413,0.9481955528259277,0.9727380119264126,0.856897277198732,0.899110396951437,0.9709760956466198,,,,,,
12.959999999983134,164.45424198321993,27.243321778606244,117.34886006721283,86.49235967351025,115.55917871454928,83.74135921791417,18.40776074904369,21.4042064254661,19.043096642289953,0.8600921511650086,0.9452675104141235,0.9674014039337635,0.857330253906548,0.8974468015134335,0.9701694689691067,,,,,,
12.979999999983088,164.3289524487464,27.735451886329216,118.17659728289104,86.71208830319169,115.51949436738994,83.70110390335327,18.85959428975925,23.86458113812412,19.04346991729244,0.8603892087936402,0.9431906342506409,0.9637001104652881,0.8576397767290473,0.8963046573102474,0.9696128472685814,,,,,,
12.999999999983041,164.21255552730017,28.216814473647812,118.85623182942639,86.6754604462539,115.47821348112265,83.6617387872957,19.37090480992897,27.41598045883755,19.042217465527504,0.8605675339698792,0.9419241428375245,0.9613695688545704,0.8578384552150965,0.8956223748624325,0.9692863931879401,,,,,,
13.019999999982995,164.1132392787021,28.658605927426166,119.35121730548143,86.68806791607543,115.43535478188886,83.62329084862569,19.948399857754264,29.75173396053046,19.039333891691353,0.8606391668319703,0.9414113402366638,0.9604107327759266,0.8579369783401489,0.8953490398824215,0.9691691661253572,,,,,,
13.039999999982948,164.03971326998803,29.03360364555634,119.71878503270007,86.61279130446955,115.39093771156922,83.58578643763985,20.530561468863294,27.755672042196654,19.034814679345775,0.8606234312057496,0.9415241718292237,0.9606224365532399,0.8579530382528902,0.8954090379178524,0.9692251337692142,,,,,,
13.059999999982901,164.00025519776665,29.32765175770755,120.01190849984263,86.21996756929201,122.32065535069995,83.5492512579881,21.04268018166233,23.407855342579275,21.0,0.8605430960655213,0.9420985817909241,0.9669183328747749,0.8578732276335359,0.8957157336175442,0.969408369064331,,,,,,
13.079999999982855,164.00263273353875,29.5392443604233,120.19065889321205,85.66244894034716,122.97629208822556,83.51371034905762,21.47364584008218,19.922178561922653,21.0,0.8603882968425751,0.9431970834732055,0.9696851551532746,0.8577195012941957,0.8963081620633603,0.9697344440966844,,,,,,
13.099999999982808,164.04956618083847,29.67442596922415,120.19567616321795,85.14094520099998,122.95259750371342,83.47918806881206,21.84423297583316,17.094933874627547,21.0,0.8602090775966644,0.9448932409286499,0.9724632054567337,0.8576376462355256,0.8973264060914516,0.9702150501310826,,,,,,
13.119999999982761,164.14301235408743,29.744971948573234,120.02527394244707,84.60207951818668,122.92892956623405,83.44570807709789,22.15159783851204,13.469674298350629,21.0,0.8603970050811768,0.9472296357154846,0.9774014547467231,0.8586370611563325,0.8993816159665585,0.970807945355773,,,,,,
13.139999999982715,164.28286175656808,29.76658046886562,119.71064791373323,83.95734533371738,122.90530158057844,83.41329331942904,22.37895755918125,9.259876155921239,21.0,0.8604495465755463,0.9502482175827026,0.9832916140556336,0.8594775224104524,0.9018618069589138,0.9716057866811753,,,,,,
13.159999999982668,164.4665765610747,29.754602132984456,119.27680636396097,83.2681933484899,122.88172682907891,83.3819660112613,22.524504663446827,5.390508116370214,21.0,0.8603937387466432,0.9535936832427978,0.9892843097448349,0.860157516039908,0.9045807860791684,0.9725181683897972,,,,,,
13.179999999982622,164.688579248169,29.720077700033983,118.75385312166287,82.62098490675915,122.85821856414249,83.35174762276682,22.5980650392269,2.0320365000713765,21.0,0.8601850807666779,0.957230520248413,0.9951184421777726,0.8605657542124391,0.9078380562365055,0.9735503181815147,,,,,,
13.199999999982575,164.9416498970739,29.672368997575624,118.18309732711292,82.03918361211888,122.8347900008012,83.32265886411966,22.607821510573704,-1.0078484339385656,21.0,0.8598883390426636,0.9607400178909302,1.0,0.8607685113325716,0.9132008239626884,0.9745882138609886,,,,,,
13.219999999982528,165.2177249208177,29.620265573469176,117.61022203376272,81.53131354967819,122.81145430928328,83.29471967130195,22.56034387482871,-3.6597430530778343,21.0,0.8600539207458496,0.961236047744751,1.0,0.8613462949171663,0.9161467269062996,0.9747103556990624,,,,,,
13.239999999982482,165.50757433563692,29.572374028749984,117.08010226085169,81.1285746339027,122.78822460760962,83.26794919244088,22.46466288785966,-5.811144063326046,21.0,0.8602586805820466,0.9611356973648071,1.0,0.861855491437018,0.9182769984006882,0.9746543750166893,,,,,,
13.259999999982435,165.80108956218106,29.53682748198035,116.63383944188168,80.82386072672472,122.76511395421956,83.24236577468544,22.33320794472406,-7.167560455537865,21.0,0.8603446960449219,0.961093544960022,1.0,0.8620698655024172,0.9198829978704453,0.9746308669447898,,,,,,
13.279999999982389,166.08800437628005,29.521040516379987,116.30102132394926,80.6413937947336,122.74213534063011,83.21798695163224,22.18527648855455,-7.442189119456987,21.0,0.8603429555892945,0.9610943913459777,1.0,0.8620655441656709,0.9210218966007233,0.974631343781948,,,,,,
13.299999999982342,166.35960916583596,29.53151059048595,116.10250110611666,80.59670769090184,122.71930168413293,83.19482943130885,22.042174183706468,-6.723647998158247,21.0,0.8604903280735017,0.961022162437439,1.0,0.8624334717169404,0.9218173563480377,0.9745910510420799,,,,,,
13.319999999982295,166.60745382842256,29.5730115233995,116.05201783207744,80.67712434576852,122.69662582053292,83.17290908472295,21.921282298487743,-5.260057680104886,21.0,0.8605971455574036,0.9609698057174683,1.0,0.8627006495371461,0.9220287963747978,0.9745618686079979,,,,,,
13.339999999982249,166.82614777238862,29.64745549961777,116.14948246958453,80.86031200088121,122.67412049693256,83.15224093498513,21.835353145640962,-3.2589071425299294,21.0,0.860649973154068,0.9609439134597778,1.0,0.862832965888083,0.9216935753822326,0.9745474204421043,,,,,,
13.359999999982202,167.01299909674444,29.75404900072843,116.38275692230707,81.12276884762404,122.65179836456637,83.13283914701286,21.793240159149093,-0.9109892886892521,21.0,0.8606704354286194,0.9609338879585266,1.0,0.8628842258825898,0.9209204465150833,0.9745418414473533,,,,,,
13.379999999982156,167.16808737255081,29.88995107815726,116.73246029993406,81.44623997231427,122.62967197168896,83.11471701782244,21.799886044904007,1.573956126731382,21.0,0.8606749892234803,0.960931658744812,1.0,0.8628956461325288,0.9198183119297028,0.9745405778288841,,,,,,
13.399999999982109,167.29239324865884,30.051124700990783,117.17859991978992,81.82436870888083,122.60775375652113,83.09788696741603,21.854279234883467,3.791029435805844,21.0,0.8610610604286194,0.9587311506271362,1.0,0.8632821464911103,0.9169087663292885,0.9738565310835838,,,,,,
13.419999999982062,167.38799418533213,30.23300668989982,117.70362933052996,82.19590961795792,122.58605604025783,83.08236053026947,21.949067518430272,5.653272674941635,21.0,0.8617765784263611,0.9544962644577026,0.9973194926977158,0.8640145206823946,0.9125184372067452,0.972574220597744,,,,,,
13.439999999982016,167.45824221459324,30.43041455210469,118.28273589490519,82.54301123520717,122.56459102014188,83.06814834742724,22.080010407700566,7.442934596769176,21.0,0.8625060558319092,0.9501205444335937,0.9907002002000809,0.864816095866263,0.9083031624555588,0.9712844952940941,,,,,,
13.459999999981969,167.50710213249405,30.6387207955477,118.88675817091577,82.86908698697371,122.54337076260727,83.05526015920952,22.24650231842249,9.18145573242553,21.0,0.8632171154022217,0.9457853674888611,0.9833468616008758,0.8656372332945467,0.9044061526656151,0.9700340613722801,,,,,,
13.479999999981922,167.53867345586738,30.853604634597794,119.49215718131865,83.15665764322767,122.52240719649623,83.04370479853675,22.445540687136436,10.667135229194484,21.0,0.8638920426368714,0.9417709827423095,0.9758742362260818,0.8664838874712587,0.9009548291563988,0.968890605866909,,,,,,
13.499999999981876,167.55709272275416,31.07132344119459,120.08167858868774,83.34262176362043,122.50171210635337,83.03349018487594,22.67147592428211,11.939791325107663,21.0,0.8645203769207002,0.9382408857345581,0.9688202619552613,0.8673496568575502,0.89855787307024,0.9678903523832559,,,,,,
13.51999999998183,167.56684345102906,31.283541513629185,120.63141389123237,83.4335880524061,122.48129712580116,83.02462331881304,22.92581475847992,13.519446562916919,21.0,0.8651420712471009,0.9352723002433777,0.962675079703331,0.8683450365439058,0.8973177805542946,0.9670412175357341,,,,,,
13.539999999981783,167.57312534762295,31.469554112620056,121.12088993016495,83.58927370954692,122.4611737310001,83.01711027725517,23.206809968146995,14.272274776118445,21.0,0.8657322049140931,0.9329063415527343,0.9576984956860543,0.8694034123793245,0.8964900866150857,0.9663527300581336,,,,,,
13.559999999981736,167.58009081763313,31.608483173065384,121.55911618254586,83.71993353592053,122.44135323419749,83.0109562092657,23.481630299485087,12.864297577981727,21.0,0.866204333305359,0.9312059998512268,0.9539829686284065,0.8702997470274568,0.8959748640656472,0.9658529462292791,,,,,,
13.57999999998169,167.5940340765086,31.68540201746012,121.94668498224459,83.70611430236255,122.42184677736832,83.00616533253545,23.71326783783271,10.254240965115379,21.0,0.866582202911377,0.9301780819892883,0.9516447149217129,0.8710938597097994,0.8957905367016793,0.965539163723588,,,,,,
13.599999999981643,167.6217004375399,31.691637821607195,122.24325886436878,83.60978549578847,122.40266532595184,83.002740930492,23.89410753851475,7.924794357536969,21.0,0.8668589353561402,0.9299046397209167,0.9508814789354801,0.8717821979895235,0.8959729865193368,0.9654321141541005,,,,,,
13.619999999981596,167.66964490191654,31.623981319904143,122.3969051258927,83.50993178674467,122.38381966268749,83.00068535004945,24.03238234952613,5.889367184217982,21.0,0.8670073449611664,0.9305736660957337,0.9521234795451164,0.8723316574469209,0.8966099336743355,0.9655834356322884,,,,,,
13.63999999998155,167.74353774551446,31.484528430057605,122.37984019898116,83.37339098841836,122.3653203815533,83.0,24.126981616356144,3.4759351065014217,21.0,0.8669742405414582,0.9323481678962707,0.9556948028504848,0.8726366506889462,0.8977528527379036,0.9660435501486063,,,,,,
13.659999999981503,167.8475572983324,31.280363896924904,122.1873187714305,83.14614949229717,122.34717788181074,83.0006853500483,24.168179048213005,0.5921995606885316,21.0,0.866758143901825,0.9351264238357544,0.9611267767846584,0.8726775087416172,0.8993633940815926,0.9667882161214948,,,,,,
13.679999999981456,167.98402619586156,31.022495930861247,121.82322594991543,82.83792018604737,122.32940236215863,83.0027409304897,24.14983046266122,-2.426757750417067,21.0,0.8663754463195801,0.9387164115905762,0.9678172402083873,0.872467253357172,0.9013794258236886,0.9677686082199216,,,,,,
13.69999999998141,168.1531094643584,30.724348204530305,121.29867503940412,82.485759348275,122.31200381500017,83.00616533253199,24.071317074615713,-5.419617751635968,21.0,0.8658195197582246,0.942966365814209,0.9753231428563595,0.8719697393476964,0.9044208243489266,0.9689535247161984,,,,,,
13.719999999981363,168.35532428945805,30.40145761063177,120.636698428553,82.1043426202615,122.29499202082567,83.01095620926111,23.933290609947747,-8.367411100373939,21.0,0.8651135981082917,0.9476268649101257,0.9829341121017933,0.8712092436850072,0.9084898501634598,0.9702848063781857,,,,,,
13.739999999981316,168.5870086701386,30.066640299401296,119.8709050141927,81.70482369418474,122.27837654271458,83.01711027724943,23.737924424526682,-11.120470121163901,21.0,0.864303731918335,0.9524070739746093,0.9901068940758705,0.8702591814100743,0.912858234345913,0.9716890322044491,,,,,,
13.75999999998127,168.84202756206037,29.731122875511822,119.04238897340618,81.31414902909707,122.26216672095958,83.02462331880618,23.490964578608992,-13.500363145193441,21.0,0.8634306550025941,0.9569746494293213,0.9964208111166954,0.8691564358770848,0.9173036694526673,0.9730781303718686,,,,,,
13.779999999981223,169.11462901570562,29.407694835176837,118.19868621048722,80.95674149820846,122.24637166781604,83.03349018486793,23.201422745759594,-15.352592896464229,21.0,0.8632462978363038,0.9596397161483765,1.0,0.8694569744169712,0.921152400970459,0.9738585578277708,,,,,,
13.799999999981177,169.395475073327,29.1084531201655,117.39111338196622,80.65786229442573,122.2310002623796,83.04370479852761,22.881457557853484,-16.518072618138753,21.0,0.8633487939834595,0.9595754146575928,1.0,0.8697244204580784,0.922724598646164,0.9738234149292111,,,,,,
13.81999999998113,169.67398086463027,28.845396183041878,116.67130264141124,80.44500322048845,122.21606114559488,83.05526015919926,22.54587359870615,-16.902093717058488,21.0,0.863419008255005,0.9595313429832458,1.0,0.8699078001081944,0.9240437477827073,0.9737993346527218,,,,,,
13.839999999981083,169.93928439661426,28.629941866055148,116.08627902609838,80.32688419083532,122.20156271539797,83.06814834741586,22.21154503353068,-16.36144141419467,21.0,0.8634193539619446,0.9595311164855957,1.0,0.8699087239801884,0.9249680176377296,0.9737992154434323,,,,,,
13.859999999981037,170.18119525265706,28.471340739853453,115.67127939488452,80.32242011254854,122.18751312199561,83.08236053025699,21.89843070142561,-14.776984242611194,21.0,0.8634087204933167,0.9595378041267395,1.0,0.8698809184134007,0.9255105674266815,0.9738028632476926,,,,,,
13.87999999998099,170.39105623576688,28.37636852323488,115.44759780351438,80.44538852439135,122.17392026328358,83.09788696740246,21.62683499938321,-12.244143455593571,21.0,0.8634015977382661,0.9595422744750977,1.0,0.8698623217642307,0.9256068259477616,0.9738053070381284,,,,,,
13.899999999980944,170.56266179457864,28.347790597877033,115.42221167088485,80.70970091830789,122.16079178040697,83.11471701780778,21.41253223189019,-9.137024275702833,21.0,0.8633762121200562,0.9595582008361816,1.0,0.8697960175573827,0.9251825675368309,0.9738140093162656,,,,,,
13.919999999980897,170.69304343383888,28.3837464052804,115.59014035711398,81.0821587834079,122.14813505346473,83.13283914699711,21.26217300889399,-5.89171275304777,21.0,0.8633525013923645,0.9595730781555176,1.0,0.86973410025239,0.9241975232958793,0.9738221513107419,,,,,,
13.93999999998085,170.78199030158393,28.478990736894595,115.93370920526729,81.52477850488148,122.13595719736101,83.15224093496832,21.17717774476424,-2.5978778878160798,21.0,0.8633213341236115,0.9595926403999329,1.0,0.8696527399122715,0.9227760374546051,0.9738328324630856,,,,,,
13.959999999980804,170.83131409172768,28.626212702531035,116.42259943855996,82.0181113053973,122.12426505780556,83.17290908470507,21.158473643346714,0.7217781181357598,21.0,0.8632517099380493,0.9596363306045532,1.0,0.8694710768759251,0.9210436373949051,0.9738567100837827,,,,,,
13.979999999980757,170.84434372258445,28.81696396519868,117.02140853919754,82.53946446989578,122.11306520746545,83.19482943128993,21.20512862295419,3.90355959693802,21.0,0.8633234262466432,0.9591204881668091,1.0,0.8694974638521672,0.9187657848000527,0.9737052546814084,,,,,,
13.99999999998071,170.8254935987764,29.042403606376737,117.69622183946585,83.05352426304299,122.10236394227024,83.21798695161229,21.312555821066628,6.782144112323958,21.0,0.8641177594661713,0.9544354438781738,0.9998365715146065,0.8703107990324498,0.9136208176612854,0.9722738848999143,,,,,,
14.019999999980664,170.77988307858587,29.29359920703442,118.41524874841802,83.52621049358928,122.09216727787287,83.24236577466448,21.474194952210066,9.33013877590847,21.0,0.8649903297424317,0.9496446013450622,0.9930635929107666,0.8713974036276341,0.9088175550103188,0.9708431350067258,,,,,,
14.039999999980617,170.7131416657615,29.562135312595785,119.1481269408434,83.93501572297458,122.08248094626786,83.26794919241893,21.683823901549165,11.585391240748132,21.0,0.8658205628395081,0.9450327157974243,0.9856917977333068,0.8724852718412877,0.9055402882397176,0.9694979215040803,,,,,,
14.05999999998057,170.63073258565498,29.84094951321203,119.86776769711437,84.26414319930767,122.07331039256921,87.44170719339309,21.93562585976164,13.541731646467806,20.882632692347844,0.8665554523468018,0.94113187789917,0.9787431091070176,0.8735379435122014,0.9176513016223907,0.9683694386854768,,,,,,
14.079999999980524,170.53784139530842,30.12232278507385,120.55267828923226,84.49890724700927,122.0646607719494,85.96073261507884,22.223238241707687,15.160848355929513,21.0,0.8672617018222809,0.9376128196716309,0.9720610320568085,0.8746349729597569,0.9088240385055543,0.9673535013571382,,,,,,
14.099999999980477,170.43932781447975,30.394627639944556,121.18687947774447,84.61019652451381,122.0565369467415,85.92148036848205,22.539958320623054,16.484975572786546,21.0,0.8679567098617554,0.9347699165344239,0.9664733186364174,0.8758812226355076,0.9066668465733528,0.9665177131071687,,,,,,
14.11999999998043,170.34075554383006,30.64218070037261,121.7527721321063,84.63406691209974,122.04894348370576,85.88225839269789,22.881974336340917,17.63318400310462,21.0,0.8686115443706512,0.9325446844100952,0.9620213717222214,0.8771732009947301,0.9054100528359413,0.9658476019278168,,,,,,
14.139999999980384,170.24616121519963,30.84133159157452,122.2371509043343,84.68456095677799,122.04188465146248,85.84308180854468,23.236334357069715,17.45408759915863,21.0,0.8692821264266968,0.9308631181716919,0.9588132940232754,0.8786427952349186,0.9049081817269325,0.9653140807524323,,,,,,
14.159999999980338,170.16130773435086,30.97197745051799,122.64733200112593,84.6651775812048,122.03536441809244,85.80396571934133,23.565583513960014,15.17722877427662,21.0,0.8698834538459779,0.9291852712631226,0.9571805842220783,0.8798770396038891,0.9044616416096688,0.9642391705885529,,,,,,
14.179999999980291,170.0925155190058,31.023945578809265,122.97543697680595,84.50024906818078,122.02938644890625,85.76492520508486,23.83744229682883,11.99881484576364,21.0,0.8703708410263062,0.9283263564109803,0.95742744281888,0.8809974363073707,0.9046564936637879,0.963468506373465,,,,,,
14.199999999980244,170.04575081929596,30.994692250034976,123.18050075253524,84.26561863436267,122.02395410438392,85.72597531663669,24.048165491591686,9.155737358223353,21.0,0.8707350730895996,0.9283532500267029,0.958948815613985,0.8819957131519914,0.905799500644207,0.9630853200331331,,,,,,
14.219999999980198,170.0260819443679,30.88784010577372,123.22128844832814,84.02569783970756,122.01907043828575,85.68713106992026,24.20514345497834,6.520553801667995,21.0,0.870866870880127,0.9296995162963867,0.9620871908962727,0.8826771542429924,0.9076903194189072,0.9633442426100374,,,,,,
14.239999999980151,170.03715844173743,30.712140220412657,123.0834510723105,83.74864785516345,122.01473819593575,85.6484074401321,24.30657470398222,3.5485765490445638,21.0,0.8707328081130982,0.9326735019683838,0.9671262629330158,0.8830308267846704,0.9102478548884392,0.9643722558394074,,,,,,
14.259999999980105,170.08078146774298,30.4787187282447,122.77388615785645,83.41941174913396,122.01095981267832,85.60981935596864,24.344629371580552,0.200539256029949,21.0,0.8704021334648133,0.9364889144897461,0.9726493008434772,0.8830718850716949,0.9132504373788833,0.9658502006903291,,,,,,
14.279999999980058,170.15685263493754,30.197215647663732,122.31219443891764,83.07875048614261,122.00773741250926,85.57138169387088,24.312185270825744,-3.502288358826221,21.0,0.8698437035083771,0.9413451910018921,0.978722906857729,0.8827856656163932,0.9169148057699203,0.9678526425734162,,,,,,
14.299999999980011,170.26293666893653,29.880517811979995,121.72951421762203,82.72001227465982,122.00507280688173,85.53310927228925,24.203415554018193,-7.352846973310552,21.0,0.8691012263298035,0.9463626742362976,0.9849272258579731,0.8820196161046624,0.9209397614002228,0.9693844819441437,,,,,,
14.319999999979965,170.39632012471108,29.544318875371246,121.05811706277107,82.34599414754337,122.00296749368803,85.49501684597084,24.02137325344389,-10.717322901260179,21.0,0.8682612121105194,0.9511543273925781,0.9906181007623672,0.8809737214818597,0.9249957919120788,0.9708039427176118,,,,,,
14.339999999979918,170.55061600131876,29.200852650713216,120.32813240376285,82.00779182674033,122.00142265641752,85.45711910027109,23.780774559409412,-13.194843021773204,21.0,0.8673453569412232,0.9557680606842041,0.9961669892072678,0.8797410080209375,0.9291120916604996,0.972217514552176,,,,,,
14.359999999979872,170.71795534881343,28.863153742745585,119.57749870164909,81.73149059962077,122.00043916349131,85.41943064549238,23.49877179716152,-14.891069423320719,21.0,0.8668145477771759,0.9573882579803467,0.9987984403967858,0.8789730498567224,0.9312763750553131,0.9726330304518342,,,,,,
14.379999999979825,170.8892806987798,28.54532912685835,118.85332175375329,81.51116094062294,122.00001756777415,85.38196601125149,23.189614099173564,-15.904915736767776,21.0,0.8665469765663147,0.9575580000877381,1.0,0.8782538065686822,0.9320453464984894,0.9727253938093782,,,,,,
14.399999999979778,171.05510684609908,28.262120324233376,118.20275964828309,81.35153869629755,122.00015810626356,85.34473964087809,22.86798777072275,-16.10878795230325,21.0,0.8662314772605897,0.9577579617500305,1.0,0.8774073848500848,0.9325536519289017,0.972834231890738,,,,,,
14.419999999979732,171.2060336114863,28.02699335404567,117.66557176952159,81.27838901936252,122.00086069995666,85.30776588584656,22.551356161486076,-15.4077309931788,21.0,0.8658787846565247,0.9579812526702881,1.0,0.876463426090777,0.9327902346849442,0.9729558253660798,,,,,,
14.439999999979685,171.33479103046798,27.851071150766803,117.27352189630557,81.31397288142678,122.00212495389458,85.27105900024333,22.256898321034374,-13.927372774439508,21.0,0.8654941439628602,0.9582244634628296,1.0,0.8754368076100946,0.9326554626226425,0.9730883145704865,,,,,,
14.459999999979638,171.43431472718132,27.74245307185972,117.0508616384043,81.46390071058345,122.00395015738444,85.23463313527151,21.99791515310382,-11.896475715333768,21.0,0.8650879383087159,0.958480966091156,1.0,0.874356091953814,0.9320676386356354,0.9732281232252717,,,,,,
14.479999999979592,171.4999389586479,27.704356160866226,117.00880238323172,81.72142397884765,122.0063352843989,85.19850233379547,21.783521838181017,-9.49051380076323,21.0,0.8646713972091675,0.9587436437606811,1.0,0.8732518205419183,0.9310124903917313,0.9733713770285248,,,,,,
14.499999999979545,171.5298132864244,27.735146141178657,117.14280022428815,82.07358276919798,122.00927899415292,85.16268052492697,21.620071510190854,-6.8185951579218145,21.0,0.8642493605613709,0.9590094566345215,1.0,0.8721372613683344,0.9295200705528259,0.9735164070501924,,,,,,
14.519999999979499,171.52462220627922,27.82962720710967,117.43428566972885,82.50264593660715,122.01277963185748,85.1271815186552,21.511786826314264,-3.9965279452839626,21.0,0.863828444480896,0.959274172782898,1.0,0.8710302719846368,0.9276469051837921,0.9736609244719148,,,,,,
14.539999999979452,171.4868068684811,27.980430111363287,117.85635537848263,82.98267916008184,122.01683522964983,85.09201900052287,21.460268062582724,-1.1643423686008425,21.0,0.8635737776756287,0.9587054133415223,1.0,0.8701091596856714,0.9248860001564025,0.9735548997297883,,,,,,
14.559999999979405,171.42003775223174,28.17900254231675,118.37834105062788,83.48160912985924,122.02144350769964,85.05720652635003,21.464567874576126,1.5735684312233276,21.0,0.8639883995056152,0.9543506145477295,0.9981821954250336,0.8699835667386652,0.9194799512624741,0.9722699666395783,,,,,,
14.579999999979359,171.3290441911777,28.416267299776926,118.96811470573078,83.96789530810304,122.0266018754907,85.02275751700816,21.522299344865846,4.175699791643062,21.0,0.8644387483596803,0.9498369574546814,0.9915444135665894,0.8699918756261469,0.9141698822379113,0.9709743285551667,,,,,,
14.599999999979312,171.21973975314796,28.682505136093038,119.59388381599342,84.41406893305465,122.03230743327708,84.98868525324616,21.63059569735845,6.627445959381674,21.0,0.8648999333381653,0.9453126668930054,0.9839239463210105,0.8700935969129205,0.9091404348611832,0.9697044158354402,,,,,,
14.619999999979266,171.09695103671598,28.969786095962565,120.2263573461001,84.79593227925258,122.03855697371323,84.95500287057028,21.78625080988056,8.90713885236915,21.0,0.8653561890125275,0.9410447359085083,0.9758806586265564,0.8702962884679437,0.9046389520168304,0.968523826636374,,,,,,
14.639999999979219,170.96585261799413,29.26952524960061,120.8405207271846,85.09223254602219,122.04534698365697,84.92172335418023,21.985560168581696,10.989071630699947,21.0,0.8657990097999573,0.9372424125671387,0.968066431581974,0.8706079969182611,0.9008437283337116,0.9674784922972322,,,,,,
14.659999999979172,170.8316531202085,29.570052196030666,121.41502028361357,85.25348526195965,122.0526736461444,84.88885953396309,22.224840368381674,12.959514928918674,21.0,0.8662270247936249,0.9340446591377258,0.9610824629664421,0.8710403690114618,0.8986931540071964,0.9665983520448208,,,,,,
14.679999999979126,170.69946856710635,29.85636973700553,121.92111358688075,85.29999666194959,122.06053284253555,84.8564240795471,22.505937294131975,15.129859822752948,21.0,0.8666801869869233,0.9314951658248901,0.955401548743248,0.8716990718618036,0.8975695528090001,0.965883387811482,,,,,,
14.69999999997908,170.57527647733912,30.10248969883065,122.33598617393649,85.37795347886961,122.0689201548297,84.82442949541742,22.821990358299068,16.098762934973713,21.0,0.8671208262443543,0.9296321630477905,0.9512565419077873,0.872483123280108,0.8969121672213077,0.9653457200154663,,,,,,
14.719999999979033,170.46608826035143,30.28449978450813,122.67019802791417,85.37537900771045,122.07783086814887,84.79288811609527,23.132811159985113,14.614799665670263,21.0,0.8674188494682312,0.9286028981208801,0.9491304121911526,0.8731822827830911,0.8966787733137608,0.9650499694049358,,,,,,
14.739999999978986,170.3796558982565,30.38785323272705,122.92202882986983,85.18371748565293,122.08725997338827,84.76181210138277,23.398397401653725,11.906108911617489,21.0,0.867669439315796,0.9283599853515625,0.9491489253938198,0.8738373104482889,0.8968564905226231,0.9649551713839173,,,,,,
14.75999999997894,170.323002231417,30.40613065088215,123.04792838168768,84.89068071425842,122.09720217003223,84.73121343167519,23.61127024320414,9.457468112729849,21.0,0.8678795039653778,0.9289565443992615,0.9512543998658657,0.8744137533009053,0.8974585749208928,0.9650683922693133,,,,,,
14.779999999978893,170.30143397202406,30.339849940418105,123.00044490111303,84.58005625701371,122.10765186913373,84.70110390334214,23.777489869065306,7.111638958430658,21.0,0.8679028570652009,0.9307224869728088,0.9552415810525418,0.8748789675533772,0.89865717664361,0.9655153462663293,,,,,,
14.799999999978846,170.31944590094406,30.195694992957936,122.76324434316022,84.21602513790303,122.11860319645626,84.67149512417997,23.891715784861564,4.19607429138793,21.0,0.8677360773086549,0.9336940526962281,0.9612130843102932,0.8751034064218403,0.9008108891546727,0.9662991711869836,,,,,,
14.8199999999788,170.37956401216758,29.9856332144685,122.34382092439445,83.75683815135297,122.13004999577596,84.64239850893667,23.941848986947544,0.7720645162440344,21.0,0.8673782348632812,0.9376808762550354,0.9684385739266872,0.8750550124794245,0.9044590637087823,0.9673769185319543,,,,,,
14.839999999978753,170.4830416890509,29.725840414932698,121.75741981574552,83.23089857320815,122.14198583234234,84.6138252749113,23.92228705066521,-2.710985295911431,21.0,0.8668540477752686,0.9423839807510376,0.9760228596627712,0.8747517079114915,0.908911806344986,0.9686756798997521,,,,,,
14.859999999978706,170.62723532527858,29.433325260187132,121.0272972328475,82.6877554615495,122.15440399649552,84.5857864376295,23.83432795584814,-6.061162124562542,21.0,0.8661674499511719,0.9475472927093506,0.9840358301997185,0.8741697698831559,0.9139613330364228,0.9701396176591516,,,,,,
14.87999999997866,170.80766626344752,29.121895200455974,120.18989543501975,82.15225277473293,122.167297507438,84.55829280659677,23.680862919259177,-9.252570694528481,21.0,0.8653526425361634,0.9528370022773742,0.9917944833636284,0.8733464390039445,0.9192825198173523,0.9716887066140771,,,,,,
14.899999999978613,171.0175557524873,28.805016868600955,119.29258120487022,81.63837349171254,122.1806591171589,84.53135498113124,23.46627470070921,-12.13125507960237,21.0,0.8644617438316345,0.9579063296318054,0.9985186979174614,0.8723507195711137,0.9246164560317993,0.9732320139184594,,,,,,
14.919999999978566,171.24787784165338,28.496550993627654,118.38812907415878,81.18869606384362,122.19448131450838,84.50498334627743,23.19943214535125,-14.459566793112895,21.0,0.8641645252704621,0.9590628385543823,1.0,0.8719483643770218,0.9273179739713668,0.973568863607943,,,,,,
14.93999999997852,171.48785493608793,28.210795864228913,117.53450803993492,80.83401632473809,122.20875632942001,84.47918806880256,22.89131529943334,-16.24285697705763,21.0,0.8640194535255432,0.9591540813446044,1.0,0.8715666383504868,0.928920316696167,0.9736186930909753,,,,,,
14.959999999978473,171.726046511263,27.961439060345306,116.78814791640816,80.5600602262573,122.22347613727865,84.45397909327714,22.556063224644205,-17.077069477681675,21.0,0.863810920715332,0.9592851877212525,1.0,0.8710188716650009,0.9300950974225998,0.9736902663484216,,,,,,
14.979999999978427,171.95121784824974,27.761397050157512,116.19134042006927,80.40650070600522,122.2386324634314,84.42936613824112,22.21733400089689,-16.56691075120931,21.0,0.8635573863983155,0.9594444632530212,1.0,0.870354524254799,0.9309137880802154,0.9737772652879357,,,,,,
14.99999999997838,172.15140995333758,27.621756901783996,115.77528522766887,80.40210293562488,122.2542167878392,84.40535869245718,21.90166369781311,-14.82180592968277,21.0,0.8632668018341065,0.9596268653869628,1.0,0.8695953041315079,0.9312230944633484,0.9738769242540002,,,,,,
15.019999999978333,172.31693540455916,27.549599818989332,115.56222828854298,80.53915081959344,122.27022034986632,84.38196601125269,21.630523437299352,-12.163971372473602,21.0,0.8629558682441711,0.9598133087158203,1.0,0.8687867552042008,0.9309154838323593,0.9739791342988611,,,,,,
15.039999999978287,172.44340589279088,27.547202755230906,115.55711392226758,80.82707737577498,122.28663415320507,84.35919711295153,21.419086567877947,-8.945028428062463,21.0,0.8626433253288269,0.9599666118621826,1.0,0.8679812580347062,0.9300209224224091,0.9740644166246056,,,,,,
15.05999999997824,172.52745119644308,27.612308569772345,115.75490353877446,81.26032973387275,122.30344897093303,84.33706077539745,21.271191596558975,-5.90982628144461,21.0,0.8623113512992859,0.9601294279098511,1.0,0.8671289771795273,0.9285042315721512,0.9741550156846642,,,,,,
15.079999999978194,172.5691297286397,27.73927686208604,116.14301333740096,81.75453179842366,122.32065535069995,84.31556553256995,21.181222405105007,-3.081075300497442,21.0,0.8619663715362549,0.9602985858917237,1.0,0.8662470132112503,0.9263922840356826,0.9742491910234093,,,,,,
15.099999999978147,172.57091674389312,27.920219961368566,116.68736050243086,82.2961803445874,122.33824362004123,84.2947196712943,21.149350982921536,-0.06502308324011873,21.0,0.861625111103058,0.9604659080505371,1.0,0.8653783589601517,0.9240373954176903,0.9743423650041223,,,,,,
15.1199999999781,172.5383810774768,28.145952045454788,117.34263659405792,82.88505733368035,122.35620389181535,84.27453122804687,21.179232020572933,3.032645440486515,21.0,0.8621392726898194,0.9558529496192932,1.0,0.8654337495565415,0.9182390630245209,0.9729620883241296,,,,,,
15.139999999978054,172.47529148170761,28.407522194557274,118.06959315579563,83.4790410054215,122.37452606976186,84.25500798585682,21.268643895963788,5.842358203101736,21.0,0.8627694606781007,0.9505275249481201,0.9935972481966019,0.8657055050134659,0.9121319860219955,0.9714179227128625,,,,,,
15.159999999978007,172.38774521076897,28.69576277166262,118.83579848287201,84.02270478489912,122.3931998541768,84.23615747130566,21.410515036723265,8.299650459128635,21.0,0.863386595249176,0.9452067494392395,0.9842728540301323,0.8660342842340469,0.9063151642680168,0.9699191996827722,,,,,,
15.17999999997796,172.28254982959925,29.001897656292588,119.60880222928871,84.48739376077523,122.41221474770279,84.21798695162559,21.59946806933832,10.576480387417805,21.0,0.863973343372345,0.9402350783348083,0.9744238570332527,0.8664319902658463,0.9011704802513123,0.9685441443696619,,,,,,
15.199999999977914,172.16493967089247,29.318990234722488,120.35733227934162,84.86240237945496,122.43156006122996,84.20050343189783,21.83271345211227,12.717967492609583,21.0,0.8645233631134034,0.935850715637207,0.9649116814136505,0.8669096618890763,0.8980328641831875,0.9673431886360049,,,,,,
15.219999999977867,172.04062315172132,29.639671872287487,121.05647117341641,85.0845519665301,122.4512249199048,84.18371365235205,22.107207741389676,14.765625074888394,21.0,0.8650295972824097,0.9322338461875915,0.9565529510378837,0.8674663096666336,0.896250768750906,0.9663539238274097,,,,,,
15.23999999997782,171.915141134201,29.94860405951563,121.6758652044916,85.16133540844518,122.47119826924337,84.1676240857679,22.426892942697318,17.222443363206004,21.0,0.8654076039791108,0.929585063457489,0.949229933321476,0.8682927638292313,0.8951854310929775,0.9656594265252352,,,,,,
15.259999999977774,171.79474407957696,30.215607186029327,122.19035450346607,85.29181987930323,122.49146888134554,84.15224093497953,22.78798921375079,18.455044678061594,21.0,0.8656664311885834,0.9278847932815552,0.9433004215359688,0.8693030387163163,0.894743075221777,0.9652439843863249,,,,,,
15.279999999977727,171.68716369167595,30.41142815882695,122.61553066799237,85.35089488997704,122.51202536120668,84.13757013048443,23.14444189969674,16.72707428905426,21.0,0.8659294366836549,0.9268797039985657,0.9398406036198139,0.870157089829445,0.8946102343499661,0.9649826847016811,,,,,,
15.29999999997768,171.60115226467096,30.517978975164898,122.95366914547891,85.18851389043495,122.53285615312328,84.123617328157,23.446416343698548,13.414369473321806,21.0,0.866225552558899,0.9265806674957275,0.9392018161714077,0.87092026155442,0.8948183618485928,0.9648718034848571,,,,,,
15.319999999977634,171.54597900916912,30.527092060161802,123.1532545063867,84.9022538385423,122.55394954718894,84.11038790706813,23.683863184457042,10.4396268213066,21.0,0.8665574669837952,0.9270522594451904,0.9418950401246547,0.8715836044400931,0.8953971825540066,0.9649237491190433,,,,,,
15.339999999977588,171.5283688881445,30.439262993791033,123.15394031358248,84.59887290072,122.575293685877,84.0978869674115,23.86586989979684,7.722172147972052,21.0,0.8669206619262696,0.9285380363464355,0.9479061923921108,0.8720713118091226,0.8964522562921048,0.9651935055851937,,,,,,
15.359999999977541,171.55389931572876,30.263597250657654,122.9312925785514,84.23232371951063,122.59687657070621,84.08611932853731,23.98883655236736,4.457654175568267,21.0,0.8668754220008851,0.9316616773605346,0.9554848514497281,0.8723129352554679,0.8983042560517788,0.965975209698081,,,,,,
15.379999999977494,171.6275280188203,30.016117584133802,122.48962556382146,83.74941663102489,122.6186860689856,84.07508952709435,24.040668413464363,0.6792751357273558,21.0,0.8664873719215394,0.9361815214157104,0.9642530284821987,0.8722824031487107,0.9008796416223049,0.967188492231071,,,,,,
15.399999999977448,171.75003929306598,29.715896772948913,121.84421769925152,83.18876154830524,122.64070992063478,84.06480181528103,24.01539062754523,-3.207187704450359,21.0,0.8659095108509064,0.9415430188179016,0.9737893447279931,0.8719698244705797,0.9052159860730171,0.9686573652550579,,,,,,
15.419999999977401,171.91992504774822,29.381809422507953,121.0227813563778,82.60502981033243,122.66293574507584,84.0552601592061,23.912272335805156,-7.11052595858886,21.0,0.8651361286640168,0.9474408030509949,0.9838418669998645,0.8713233644142747,0.9108846455812455,0.9703200129792094,,,,,,
15.439999999977355,172.1327976024987,29.02852385498243,120.07003587333476,82.01709821832706,122.68535104819316,84.0464682373596,23.73104281733027,-10.98950406390999,21.0,0.8642006814479828,0.9534977436065674,0.9929897636175156,0.8703768784180284,0.9169133082032204,0.9720909861847759,,,,,,
15.459999999977308,172.38103236362815,28.66994728617925,119.04215954337512,81.43903187871972,122.70794322935669,84.03842943919479,23.47510182545196,-14.504885581830496,21.0,0.8631671369075775,0.9593043565750122,1.0,0.8692254954949021,0.9230639696121216,0.9738668231293559,,,,,,
15.479999999977261,172.65417325703788,28.3207136280393,117.99890321689018,80.91563816499675,122.7306995885055,84.03114686382136,23.156073523017,-17.247984781956163,21.0,0.8629920363426209,0.9597955703735351,1.0,0.8688955957069994,0.9255931839346886,0.974031868390739,,,,,,
15.499999999977215,172.94047816444262,27.995998714866612,117.00439231199039,80.50771433046728,122.75360733328696,84.02462331881075,22.790613601298308,-19.169698434636036,21.0,0.862849235534668,0.9598656177520752,1.0,0.8685270542278887,0.9275550797581673,0.9740708379074932,,,,,,
15.519999999977168,173.22604982257255,27.71174153865114,116.12771794770985,80.20162182708296,122.77665358624792,84.01886131911377,22.395586316084515,-20.132654038854145,21.0,0.8626206994056702,0.9599777102470398,1.0,0.8679385239258409,0.9289827108383178,0.9741331962868571,,,,,,
15.539999999977121,173.49545919857965,27.48208635218313,115.42750825057531,80.02050621464227,122.79982539207364,84.01386308609095,21.99484840548967,-19.680105867392474,21.0,0.8623522281646729,0.9601093769073487,1.0,0.8672491723671556,0.9299713373184204,0.974206462316215,,,,,,
15.559999999977075,173.73723417908823,27.319136319367505,114.94399917030614,80.00482361768644,122.82310972487063,84.00963054665628,21.61858601317683,-17.712843261526384,21.0,0.8620436370372773,0.9602607011795044,1.0,0.8664596492424608,0.9304269909858703,0.9742906956002116,,,,,,
15.579999999977028,173.93918281947265,27.231357086524017,114.69952868710357,80.1637189120929,122.84649349548897,84.0061653325343,21.294276696807177,-14.558375711301062,21.0,0.8617185473442078,0.9604200959205628,1.0,0.8656312579289079,0.9302080541849136,0.9743794588372111,,,,,,
15.599999999976982,174.09421880465422,27.22119204541775,114.69463401335486,80.49008550148957,122.8699635588804,84.00346877963098,21.04099888309417,-10.70686429659291,21.0,0.861390221118927,0.9605810642242432,1.0,0.8647981876507402,0.9292886674404144,0.9744691042229533,,,,,,
15.619999999976935,174.19956799705497,27.285754219955397,114.9180462444138,80.97795126567556,122.89350672148768,84.00154192751883,20.865325026842704,-6.923079192438331,21.0,0.8610581398010254,0.9607438564300537,1.0,0.8639593774452806,0.9276954174041748,0.9745598224923014,,,,,,
15.639999999976888,174.2557632258279,27.418535026453338,115.35245347670336,81.54126634976625,122.91710974866126,84.00038551903602,20.762081322672703,-3.417157360924257,21.0,0.8607118546962739,0.9609135866165162,1.0,0.863088875450194,0.9254411339759827,0.974654426984489,,,,,,
15.659999999976842,174.2657945198995,27.610919967458322,115.96108898591194,82.15137507143454,122.94075937209911,84.0,20.729245818490437,0.16104939492880294,21.0,0.8603785872459412,0.9610769271850585,1.0,0.8622552210465074,0.9228947281837463,0.9747455028817058,,,,,,
15.679999999976795,174.23439109040854,27.853116356643973,116.6942027268773,82.80469919259414,122.96444229730537,84.00038551903573,20.768844503310238,3.7743550869072773,21.0,0.8605412185192108,0.9585468530654907,1.0,0.8619589859619737,0.9182806000113487,0.9739973692223429,,,,,,
15.699999999976749,174.16756100107023,28.134718285338728,117.50691672951031,83.46210616162716,122.98814521106375,84.00154192751826,20.877962827408457,7.060903339157449,21.0,0.8613046884536744,0.9525382995605469,0.9978246837854385,0.8623614424839616,0.9114200234413147,0.9722285179421306,,,,,,
15.719999999976702,174.07281823542303,28.445404490958804,118.36251807002084,84.0653847483412,123.0118547889216,84.00346877963013,21.04829193351314,9.91034273181575,21.0,0.8620486676692963,0.9466219782829285,0.9875168204307556,0.8628576094284655,0.9050438955426217,0.9705468086525798,,,,,,
15.739999999976655,173.9573964798613,28.776113958526555,119.22565530724007,84.57983446206642,123.03555770268,84.00616533253314,21.272598612695415,12.488306257401753,21.0,0.8627507090568542,0.9410924673080444,0.9765056058764457,0.8634200865402818,0.8996876552700996,0.969010436348617,,,,,,
15.759999999976609,173.82771374423908,29.117935586110796,120.06232014507276,84.99252311054542,123.05924062788627,84.00963054665485,21.546556398814026,14.868893985975918,21.0,0.8634070277214051,0.9362364411354065,0.9658673763275146,0.8640681916847825,0.8971382811665535,0.9676777558401227,,,,,,
15.779999999976562,173.69003148807178,29.465282288407902,120.84472001624607,85.22194530500006,123.08289025132414,84.01386308608922,21.86630709957242,17.165767649703724,21.0,0.864014494419098,0.9322343707084656,0.9565423890948296,0.8648047620430589,0.8952402129769326,0.9665805865079165,,,,,,
15.799999999976515,173.54977458285566,29.806936808813553,121.53728780902495,85.2711795331022,123.10649327849777,84.01886131911175,22.238966319767744,20.168340138972184,21.0,0.8644518196582794,0.9295375347137451,0.9482592105865478,0.8661302024498583,0.8944067433476448,0.9658935997635126,,,,,,
15.819999999976469,173.41309429178204,30.11027899139741,122.11698783161846,85.4104590150829,123.13003644110508,84.02462331880847,22.66441482509194,21.86053397080558,21.0,0.8650481224060059,0.9278127670288085,0.9431705430150032,0.8679083401337266,0.8943436279892921,0.965413705445826,,,,,,
15.839999999976422,173.28751619770063,30.342970809168204,122.61446400652892,85.49346926097566,123.15350650449656,84.03114686381879,23.087928264489893,19.911696804172315,21.0,0.8656427741050721,0.9268375158309936,0.9408110409975052,0.8695168668404222,0.8946029260754585,0.9650999661535025,,,,,,
15.859999999976376,173.18199417138084,30.483143470253786,123.04240840794452,85.32246478909757,123.17689027511496,84.03842943919193,23.447647903745143,16.00027943917953,21.0,0.8662738144397736,0.9265596389770507,0.9410922110080719,0.8710528070107103,0.8952007368206978,0.964933805912733,,,,,,
15.879999999976329,173.10612697996305,30.519904988690637,123.34071746917982,85.01731263156883,123.200174607912,84.04646823735646,23.732254305699705,12.621846561434944,21.0,0.866946691274643,0.9270424842834473,0.9441434159874916,0.8725093597546221,0.8961706653237344,0.964927276968956,,,,,,
15.899999999976282,173.0686884503741,30.452548101558797,123.43320625142827,84.71474025669406,123.2233464137378,84.05526015920267,23.95587131104164,9.715992898949441,21.0,0.867671012878418,0.9285488843917846,0.9509640611708164,0.8738378135487438,0.8976439788937569,0.9651377839967609,,,,,,
15.919999999976236,173.07658687439036,30.29053308388148,123.2862800544935,84.35434904433033,123.24639266669884,84.06480181527733,24.1169077889556,6.259225683232394,21.0,0.8678150534629823,0.9319957971572876,0.9590234436094761,0.8749571932479739,0.9000986948609352,0.9659942211583257,,,,,,
15.93999999997619,173.133908044789,30.050493239680574,122.90299927650743,83.86853568717733,123.2693004114804,84.07508952709037,24.202255119799258,2.220633026710585,21.0,0.8677028179168702,0.9368238568305969,0.9686360038816929,0.8757660388946533,0.9032759621739388,0.9672503938898445,,,,,,
15.959999999976143,173.24165892771862,29.75312305881783,122.30058626958373,83.29798726163588,123.29205677062932,84.08611932853306,24.204957532834218,-1.9510830917187476,21.0,0.8673850238323212,0.9425178289413452,0.9791045516729355,0.8762716412544251,0.907856085896492,0.9687764873728156,,,,,,
15.979999999976096,173.39780674180466,29.418775185028718,121.50972361777275,82.70505235032974,123.31464895179295,84.09788696740698,24.124138321377632,-6.135188589412223,21.0,0.8668383121490479,0.94877849817276,0.9891191527247429,0.8763759255409241,0.9143162623047829,0.9705192556604743,,,,,,
15.99999999997605,173.59695343260967,29.06298803901534,120.57893247649785,82.11050333922293,123.33706425491036,84.11038790706334,23.959745243216663,-10.274620345294936,21.0,0.8660980939865113,0.9551921129226685,0.9979043737053871,0.8761138796806336,0.9211574628949165,0.9723871340975165,,,,,,
16.019999999976005,173.83031215560425,28.700629136246313,119.56910228180713,81.52869818943303,123.35929007935155,84.12361732815192,23.716020475869833,-13.982416329864732,21.0,0.8658205389976502,0.9580180883407593,1.0,0.8763603508472443,0.925917600095272,0.9731423130258918,,,,,,
16.039999999975958,174.0861211273698,28.347113844839164,118.54472085941363,81.00709851373473,123.38131393100086,84.13757013047909,23.406400466918747,-16.80895542536749,21.0,0.8660568416118622,0.9578685522079468,1.0,0.8769922733306885,0.928513066470623,0.9730608692392707,,,,,,
16.05999999997591,174.35151518116606,28.018995361029383,117.57476915376942,80.60817732870817,123.40312342928038,84.15224093497392,23.050091088234257,-18.669916830848855,21.0,0.8662131428718567,0.9577695846557617,1.0,0.8774108648300172,0.9308098435401917,0.9730069747194647,,,,,,
16.079999999975865,174.60965926444825,27.732746493693085,116.73255597755181,80.32391531094584,123.42470631410974,85.06567105753916,22.666635916175824,-19.462720271964006,21.0,0.8662615776062013,0.9577388882637023,1.0,0.87754065990448,0.9361340522766113,0.9729902734979987,,,,,,
16.099999999975818,174.8469426665459,27.503397752255125,116.07885151480502,80.174084422676,123.44605045279796,86.05024431817965,22.28145259488146,-18.78916778759338,21.0,0.8662486791610718,0.9577470660209656,1.0,0.8775060772895813,0.9412447810173035,0.9729947200044989,,,,,,
16.11999999997577,175.04926177575874,27.343371819329427,115.65098684264974,80.19559125385018,123.46714384686378,86.10036171485098,21.925398722925298,-16.585253388631045,21.0,0.8661799967288971,0.9577905654907226,1.0,0.8773220360279084,0.9420364141464234,0.9730184068903327,,,,,,
16.139999999975725,175.20622723928065,27.25952492482052,115.46079215196255,80.402679320956,123.48797463878053,86.15022558912041,21.62542073593041,-13.28787032436875,21.0,0.866073763370514,0.9578578472137451,1.0,0.8770375549793243,0.9421114683151245,0.9730550279840827,,,,,,
16.15999999997568,175.31237949152123,27.252401171960486,115.50603743667503,80.80518202600426,123.50853111864184,86.19970998051394,21.395052783390835,-9.794702034865445,21.0,0.86593616604805,0.9579449415206909,1.0,0.8766694188117982,0.9414159595966339,0.9731024732813239,,,,,,
16.17999999997563,175.36615728237504,27.317706592815405,115.78009686682857,81.32022797557234,123.52880173074419,86.24868988716429,21.231401064507175,-6.60795278953266,21.0,0.865757441520691,0.9580580115318298,1.0,0.8761917948722839,0.9399004071950913,0.9731640568003058,,,,,,
16.199999999975585,175.36886601908625,27.448227178929447,116.2585247235432,81.92266669112112,123.54877508008295,86.29704158157637,21.130190150346657,-3.5196717683545145,21.0,0.8655611693859101,0.9581820964813232,1.0,0.8756680607795716,0.9379139721393586,0.9732316484674811,,,,,,
16.21999999997554,175.32402962899548,27.634601203214302,116.90176078855137,82.62090995567755,123.56843993875799,86.34464292317375,21.08943492503916,-0.6162671384972019,21.0,0.865320348739624,0.9583342552185059,1.0,0.8750265717506409,0.9355339109897614,0.9733145704492927,,,,,,
16.239999999975492,175.23682078974085,27.866892663737016,117.67069741446467,83.37555496802128,123.58778525228536,86.39137366683634,21.10227007145896,1.8125782350941502,21.0,0.8650353491306305,0.9585141539573669,1.0,0.8742690443992616,0.9327254623174668,0.9734126320108771,,,,,,
16.259999999975445,175.11341783633733,28.135014462948185,118.52741951076669,84.13016326030103,123.60680014581156,86.43711576664998,21.159121237884676,3.8272945835911876,21.0,0.86534184217453,0.9552730798721314,1.0,0.8740294218063355,0.9272902935743332,0.97251121904701,,,,,,
16.2799999999754,174.96065107332532,28.429083397646885,119.42947778032197,84.8518728332803,123.62547393022672,86.48175367410069,21.254498730768063,5.705083025276548,21.0,0.8660110235214233,0.9495397925376892,0.9977926433086395,0.8742832601070405,0.9205155357718467,0.9708405962213874,,,,,,
16.299999999975352,174.78756094238818,28.740116322401967,120.33314622499205,85.51939448011565,123.64379610817343,86.5251746299602,21.387219137163868,7.560765151827634,21.0,0.8665781378746034,0.9443325519561767,0.9889951527118683,0.8744957566261292,0.9144793763756752,0.9693705191835761,,,,,,
16.319999999975305,174.59919675699112,29.060515043485527,121.20106591473727,86.10122931597256,123.66175637994779,86.5672689491256,21.556437242521998,9.345197255003601,21.0,0.8670269072055817,0.9400034785270691,0.9805382817983628,0.8746636033058167,0.9093642801046372,0.9681731095537544,,,,,,
16.33999999997526,174.40280604524398,29.383497160678903,122.00448780627244,86.5621043700559,123.6793446492893,86.6079302976934,21.76047219314157,11.049253102048702,21.0,0.8673778295516968,0.9367106795310974,0.9732978284358978,0.8748443961143494,0.905315999686718,0.9672701826319099,,,,,,
16.359999999975212,174.20352619349646,29.70528099459323,122.71999125263638,86.80884441873985,123.69655102905645,86.6470559615682,21.999252763651192,12.95414360308716,21.0,0.867673534154892,0.934344220161438,0.967598544061184,0.8751060009002686,0.9023742750287056,0.9666181555017829,,,,,,
16.379999999975166,174.00660937756354,30.015247048917647,123.31191260572588,86.85148881181348,123.71336584678467,86.68454710592741,22.28738926803611,15.998445321284649,21.0,0.8680198967456818,0.9327840089797974,0.9637120649218559,0.8756995439529419,0.9014234125614167,0.9661670845001936,,,,,,
16.39999999997512,173.81731905608385,30.282562868697852,123.75827114480562,86.96645396025349,123.72977965012367,86.72030902488662,22.632803660400363,18.070926206615166,21.0,0.8683969855308533,0.9319522857666016,0.9616346575319767,0.8765476822853089,0.901354318857193,0.9658976003527642,,,,,,
16.419999999975072,173.64172023877978,30.47793435245593,124.09936199219128,86.98926756822458,123.74578321215105,86.7542513807348,22.986489922625562,16.76962393033352,21.0,0.8686854124069214,0.9318160533905029,0.9611403934657574,0.8773126766085625,0.901639312505722,0.9658200236037373,,,,,,
16.439999999975026,173.48663785833415,30.585177606813712,124.3621917134439,86.72117413584135,123.7613675365591,86.78628843213532,23.292774576308357,13.86421882903383,21.0,0.8689456880092621,0.9323032021522522,0.9627125732600689,0.8781478490680457,0.9023085474967957,0.9659062623977661,,,,,,
16.45999999997498,173.35884017832507,30.601509570256464,124.50187895545412,86.3023802107868,123.77652386271212,86.8163392507159,23.547614109551674,11.82032910361136,21.0,0.8691770732402802,0.9334336757659912,0.9654875986278058,0.8790579168125987,0.9037624627351761,0.9661607623100281,,,,,,
16.479999999974932,173.26398278985818,30.53362776231232,124.46068808390095,85.88609496564608,123.79124367057102,86.84432792550076,23.76957141390507,10.343236294435398,21.0,0.8693471670150758,0.93542320728302,0.9696913234889507,0.880008263885975,0.9071517705917359,0.9666471481323242,,,,,,
16.499999999974886,173.20598945351895,30.39517482842019,124.2271935432071,85.41808704575493,123.80551868548294,86.87018375466832,23.9563576258254,8.175364170380456,21.0,0.8693805575370789,0.9384127140045166,0.9751886837184429,0.8808323003351689,0.9110877111554146,0.967416787147522,,,,,,
16.51999999997484,173.1866003049467,30.203785596930924,123.82238105340384,84.82728387140831,123.81934088283272,86.89384142415011,24.0916434617626,5.288599140380156,21.0,0.8692781805992127,0.9422191977500916,0.9813150398433208,0.8815045658499002,0.9157180070877076,0.968428635597229,,,,,,
16.539999999974793,173.20539147010146,29.977708577098777,123.2706340376745,84.16182962845423,123.83270249255389,86.91524117261983,24.16729672016753,2.29001141661551,21.0,0.8690751194953918,0.946514368057251,0.9873235300183296,0.8820610586553812,0.9212005347013473,0.9696007132530212,,,,,,
16.559999999974746,173.25955805361795,29.73008285350974,122.60099458446213,83.49769487817281,123.84559600349667,86.93432894245561,24.183728824665447,-0.6412938508571474,21.0,0.8687531709671021,0.9510976433753967,0.9938459247350693,0.8824231449514628,0.9272319406270981,0.9708928346633912,,,,,,
16.5799999999747,173.3440083345681,29.473051843652332,121.85472999659524,82.85737037058782,123.85801416765014,86.95105651629424,24.14206684840629,-3.499113018681323,21.0,0.8683353066444397,0.9556824922561645,0.9996935129165649,0.8825952652841806,0.9333631038665772,0.9722338914871216,,,,,,
16.599999999974653,173.45138279319366,29.218735327013878,121.08036130102488,82.26209119777852,123.86995000421682,86.96538163883248,24.0457643827604,-6.055857883616606,21.0,0.8684843480587006,0.956325364112854,1.0,0.8835603658109904,0.9370465248823165,0.9722270488739013,,,,,,
16.619999999974606,173.5725849508547,28.97897277078888,120.32725903443998,81.74725279380144,123.88139680353683,86.97726812356753,23.903671000102868,-8.04198556188947,21.0,0.8688090324401856,0.9561179637908935,1.0,0.8844419363886118,0.9397701799869538,0.9721144318580628,,,,,,
16.63999999997456,173.69736819408783,28.765696775677235,119.64391591028944,81.38343945573101,123.89234813085966,86.98668594420734,23.728076850409728,-9.4627205528135,21.0,0.8690416812896729,0.9559692144393921,1.0,0.8850742820650339,0.9420931041240692,0.9720336675643921,,,,,,
16.659999999974513,173.81514906394366,28.589795320939338,119.08090996349624,81.14058637539608,123.90279782996147,86.99361131051963,23.527616680511766,-10.469301180655401,21.0,0.8691520035266876,0.9558986306190491,1.0,0.8853743080049753,0.943708074092865,0.9719953656196594,,,,,,
16.679999999974466,173.9163283990153,28.460480246925215,118.67521078945646,80.9938365859358,123.91274002660575,86.99802672842804,23.316627232292426,-10.39681638654745,21.0,0.8692074835300446,0.9558631181716919,1.0,0.8855252210050821,0.9447877526283264,0.9719760894775391,,,,,,
16.69999999997442,173.99257949877952,28.3848968368404,118.43816082220926,81.0176800181428,123.92216913184548,86.99992104420377,23.12095128242821,-9.007008035743306,21.0,0.8691949009895326,0.9558711767196655,1.0,0.8854909840971231,0.9454204857349395,0.9719804644584655,,,,,,
16.719999999974373,174.03787672421296,28.370449477054724,118.37336400668669,81.29651198411584,123.93107984516496,86.99928947264073,22.956353827119433,-7.576075901035894,21.0,0.8691058218479157,0.9559281826019287,1.0,0.8852487090975046,0.9453001290559768,0.972011399269104,,,,,,
16.739999999974327,174.0494219625295,28.43097129246527,118.49555867865143,81.69229322539455,123.93946715745943,86.99613360914351,22.81261747372302,-6.8780615604064534,21.0,0.8688864588737488,0.956068468093872,1.0,0.8846523467451334,0.9440444111824036,0.972087562084198,,,,,,
16.75999999997428,174.0271223584758,28.563868230482374,118.79912530304077,82.15645917666231,123.94732635385091,86.9904614256972,22.68135018444619,-6.178480867884856,21.0,0.8685999751091004,0.9562515258789063,1.0,0.8838741842657328,0.942254114151001,0.9721869587898254,,,,,,
16.779999999974233,173.97280025843375,28.753849135129474,119.24907504427713,82.72770622848572,123.95465301633868,86.98228725072946,22.568904374173734,-4.999220654455523,21.0,0.8682294130325318,0.956488037109375,1.0,0.8828689578920603,0.9401091158390045,0.9723154067993164,,,,,,
16.799999999974187,173.8901229969952,28.980695365465543,119.80500883712145,83.40178680137593,123.96144302628275,86.97163173291567,22.482264985819384,-3.684431629893731,21.0,0.8676076531410217,0.9568841695785523,1.0,0.8811860326677561,0.9373197495937348,0.9725306749343872,,,,,,
16.81999999997414,173.78265357108242,29.22583895211874,120.43530397312801,84.11409510408966,123.96769256671924,86.9585217890186,22.420046468778857,-2.5709259861137825,21.0,0.8674871563911438,0.9547508239746094,1.0,0.8799098376184702,0.9323199033737183,0.9720824599266052,,,,,,
16.839999999974093,173.65415720086935,29.475124589186745,121.11021741649904,84.80725426153924,123.97339812450595,86.94299053589434,22.379059159631005,-1.5087317124030404,21.0,0.867577075958252,0.9509065628051758,0.9986542105674744,0.8790503028780222,0.9262773185968399,0.971001398563385,,,,,,
16.859999999974047,173.50893292791815,29.719743144982107,121.795236215952,85.45790363477961,123.97855649229734,86.92507720683619,22.36125077570807,-0.22421081511491675,21.0,0.8676258802413941,0.947320306301117,0.9926833152770996,0.8782051388174296,0.9206113696098328,0.970021390914917,,,,,,
16.879999999974,173.35154639708932,29.95721797980466,122.45599095841351,86.0488816225434,123.9831647703475,86.90482705246801,22.371782102650684,1.308991505818467,21.0,0.867608940601349,0.9442004680633544,0.9866890907287598,0.8773417476564647,0.9154944211244583,0.9691925764083862,,,,,,
16.899999999973954,173.1865311300251,30.18708299506206,123.06539598999453,86.54813829933826,123.98722036814019,86.8822912264372,22.414469981708216,2.975817957376723,21.0,0.8675008893013001,0.9417895078659058,0.9812918975949287,0.8764328900724649,0.9110909670591355,0.9685741662979126,,,,,,
16.919999999973907,173.01818645352637,30.41234575499555,123.60245259260005,86.8359164723761,123.99072100584509,86.85752665619619,22.492724449623434,5.022954755540771,21.0,0.8673633456230164,0.9400581955909729,0.9768359526991844,0.8756264094263315,0.9075428515672684,0.9681429624557495,,,,,,
16.93999999997386,172.85065014486048,30.634817154286285,124.02902553161104,86.89591801901184,123.99366471559945,86.83059589919861,22.627388099603724,8.688356199825767,21.0,0.8672993957996369,0.9389647483825684,0.9736640021204949,0.8751856211572886,0.9054294124245644,0.9678688950836658,,,,,,
16.959999999973814,172.68863792089888,30.83557378491183,124.31532045142967,87.02911768648936,123.99604984261425,86.80156698487396,22.837900039543655,11.965766423617724,21.0,0.8672906517982484,0.9384940505027771,0.9719881750643253,0.875049014762044,0.9050801053643227,0.9677492007613182,,,,,,
16.979999999973767,172.53775913895836,30.99254992148158,124.50390128097335,87.08282077165907,123.99787504610447,86.77051324277915,23.08360797296609,12.071036902356106,21.0,0.867244851589203,0.9385809659957886,0.9720661617815495,0.8749462209641934,0.9050815835595131,0.967780571244657,,,,,,
16.99999999997372,172.4023456113587,31.093196781608345,124.63844953202194,86.84209599864512,123.99913930004273,86.7375131173618,23.308913609603508,10.436960919991519,21.0,0.8671951532363892,0.9391201734542847,0.9729791499674321,0.8749425819143654,0.9054028823971748,0.9679302114993333,,,,,,
17.019999999973674,172.28782382187887,31.134244830457916,124.6915427144536,86.43765000700931,123.99984189373619,86.70264996980276,23.507100184542725,9.585720060728109,21.0,0.8671717762947083,0.9400744438171387,0.9746813990175724,0.875113600306213,0.9060625270009041,0.9681822268292308,,,,,,
17.039999999973627,172.19911398340784,31.118874104745107,124.6134779191761,86.0364013492225,123.99998243222593,86.66601186743844,23.696847875543146,9.371567275790749,21.0,0.8671469748020173,0.9416336297988892,0.9773919798433781,0.8754321226850152,0.9080886021256447,0.968591901473701,,,,,,
17.05999999997358,172.13995274472282,31.055583340718034,124.39383037950735,85.59433659413669,123.99956083650912,86.62769136129516,23.877276135711035,8.51005410904805,21.0,0.8670580565929413,0.9438936591148377,0.9810279108583927,0.8757558712735772,0.9111198037862778,0.9691976992413401,,,,,,
17.079999999973534,172.11240390397754,30.956168686966503,124.05196487992714,85.03396879043687,126.5075931797104,86.58778525229721,24.03201429111906,6.888421444671086,21.0,0.866938328742981,0.9466076493263245,0.9893047779798507,0.8761220941320063,0.9146693900227547,0.9699345318600535,,,,,,
17.099999999973488,172.11662325474123,30.833007085990104,123.60822789072678,84.3972846191977,126.04435028067014,86.54639434673926,24.151725501440236,5.081511860248368,21.0,0.8667693495750428,0.9497310280799866,0.9932593613862991,0.8764859328046442,0.9190285980701447,0.9707989064976573,,,,,,
17.11999999997344,172.15091708275878,30.694733731174615,123.08365028519222,83.76023539364293,126.08869086806963,86.50362320164102,24.234972318243656,3.222526539576108,21.0,0.866585373878479,0.9529444694519043,0.9980921313166619,0.8768689522519708,0.9238547757267952,0.9717056481167674,,,,,,
17.139999999973394,172.21178500254302,30.54942585502244,122.50875628997034,83.14144998116718,126.1330120710464,86.45957986062699,24.279779305639494,1.2476833389140312,21.0,0.8663223743438722,0.9562728404998779,1.0,0.877108515240252,0.928806409239769,0.9726751415058971,,,,,,
17.159999999973348,172.29410930968095,30.405233433187867,121.91918672988193,82.5577033935515,126.17730420268505,86.41437558099904,24.285295030264333,-0.6634769034078213,21.0,0.8663440942764282,0.9576866149902343,1.0,0.8778059849515558,0.932600349187851,0.9729739157482982,,,,,,
17.1799999999733,172.39236004369363,30.27016215560793,121.35169425757381,82.04164495005027,126.22155758242411,86.36812455269066,24.25527907634078,-2.2720590576050057,21.0,0.8666644930839539,0.957483458518982,1.0,0.8786662230268121,0.9350393205881119,0.9728633610531687,,,,,,
17.199999999973254,172.4973483239875,30.151678008124303,120.84696397456227,81.6600833755708,126.26576253817173,86.32094360981341,24.197135835566634,-3.5159489525208123,21.0,0.8669028341770173,0.9573322057723999,1.0,0.8793073067441584,0.9371409058570862,0.9727810589596629,,,,,,
17.219999999973208,172.6002430753779,30.056601693256024,120.44688326090339,81.42218109498647,126.30990940841973,86.27295193552374,24.114175767923502,-4.757152922336419,21.0,0.867051899433136,0.9572375416755676,1.0,0.8797087261453271,0.9386318504810334,0.972729560546577,,,,,,
17.23999999997316,172.69295917830365,29.991120357668095,120.18258869343771,81.25311595674427,126.35398854435518,86.22427076095599,24.011329458515238,-5.335464232020163,21.0,0.8671277225017548,0.9571893692016602,1.0,0.8799130627885461,0.9394880294799804,0.9727033583447338,,,,,,
17.259999999973115,172.76916652088897,29.959988301933155,120.05321295262544,81.20272213358389,126.39799031196924,86.17502305898208,23.909478941663032,-4.648691704131264,21.0,0.8671512186527253,0.9571744441986084,1.0,0.8799763927236199,0.9400255441665649,0.9726952521130443,,,,,,
17.279999999973068,172.82478286177954,29.968756418857264,120.04312588599296,81.29959378201092,126.44190509416289,86.12533323357127,23.83101603129045,-3.1292978623209686,21.0,0.8671081185340882,0.9572018146514892,1.0,0.8798602351918817,0.9400331497192382,0.9727101413533091,,,,,,
17.29999999997302,172.85776622561647,30.027557348918158,120.14575871503482,81.59386386332552,126.48572329284873,86.07532680553506,23.78151463951304,-2.0194528841431945,21.0,0.8670072793960572,0.9572658777236939,1.0,0.879588539339602,0.9394028544425964,0.9727449862286448,,,,,,
17.319999999972975,172.86787505579738,30.134952782746495,120.37221172679665,81.9411343785998,126.52943533104882,86.02513009545059,23.742521681511473,-1.9938331863068757,21.0,0.8668459534645081,0.9573683261871337,1.0,0.8791542122140528,0.9379307359457016,0.9728007046505809,,,,,,
17.339999999972928,172.85621166906137,30.280549736236637,120.71609942286986,82.29289479730568,126.57303165498784,85.97486990456403,23.70163660280659,-2.0115284863627143,21.0,0.8666303873062134,0.9575051069259644,1.0,0.8785745451226831,0.9361993193626403,0.9728751389309764,,,,,,
17.35999999997288,172.82474584619243,30.450726132621334,121.14314042536071,82.7128871533624,126.61650273618119,85.92467319447954,23.66618087133818,-1.4525708999279259,21.0,0.8664439916610718,0.957349169254303,1.0,0.8777783880010248,0.9340532839298248,0.9729666201397776,,,,,,
17.379999999972835,172.77606899507245,30.632504629013116,121.61830074426244,83.2071319855534,126.65983907351749,85.87466676644324,23.644741162222953,-0.708057941264552,21.0,0.866733729839325,0.9540037393569947,1.0,0.8775904664769769,0.9296131908893586,0.9719804970547556,,,,,,
17.39999999997279,172.7129813110104,30.816073358435073,122.11953317381017,83.71068706314946,126.70303119533523,85.82497694103233,23.636459434441228,-0.15052604757172958,21.0,0.8669402360916139,0.950889277458191,1.0,0.8772821674123407,0.9250964969396591,0.9710910050198436,,,,,,
17.41999999997274,172.6397182828147,30.994722193062117,122.62840399341509,84.17275044465102,126.74606966149287,85.77572923905826,23.63854860543613,0.3842488640764964,21.0,0.8670613765716553,0.948070740699768,0.9970464378595352,0.876851666904986,0.9207713276147842,0.9703093020245432,,,,,,
17.439999999972695,172.5576722227804,31.165162009353796,123.12236738411629,84.58339958822619,126.78894506543209,85.72704806449033,23.653565916896596,1.167719550286786,21.0,0.8671085238456726,0.945648992061615,0.9926742449402809,0.8763454208150506,0.9168989568948746,0.9696549860760569,,,,,,
17.45999999997265,172.46982495886817,31.326241724908204,123.57933597445735,84.93758810503374,126.83164803623376,85.67905639020044,23.68693936031326,2.198925221129466,21.0,0.8670856475830079,0.9437569737434387,0.9887951970100403,0.875797719694674,0.9135928526520729,0.9691576926037669,,,,,,
17.479999999972602,172.3791120663614,31.47913703043286,123.98307479819638,85.16337357757136,126.87416924066599,85.63187544732294,23.74289711250613,3.4904573854080647,21.0,0.867025637626648,0.942363154888153,0.9855856731534004,0.8752823838964106,0.9108650982379913,0.9688003985211253,,,,,,
17.499999999972555,172.28796238103521,31.62262544945491,124.31291333011869,85.24854923735032,126.91649938522406,85.58562441901428,23.832820323079687,5.619384214273025,21.0,0.8669988811016083,0.9414574980735779,0.9832831412553787,0.8749847898259759,0.9090727210044861,0.9685676304623485,,,,,,
17.51999999997251,172.1985141037738,31.743165086320857,124.55609302763408,85.36709070837527,126.9586292181616,85.540420139386,23.965521079728873,7.4134349704431735,21.0,0.8669976234436035,0.9409677743911743,0.9818657755851745,0.8748613545671106,0.9081913232803345,0.9684401957318187,,,,,,
17.539999999972462,172.113222579176,31.826914650529144,124.73683687585688,85.42301785613651,127.00054953151269,85.49637679837161,24.116681899416452,7.410281766568056,21.0,0.8669474780559541,0.9409008979797363,0.981277921795845,0.8747068414464594,0.9074261322617531,0.9684301583096385,,,,,,
17.559999999972415,172.0353695683085,31.866686194935454,124.87587788563454,85.29778666334289,127.04225116310435,85.45360565327299,24.255704192182705,6.488635846353245,21.0,0.8669158816337585,0.9410899877548218,0.9812992990016938,0.8746659526601435,0.9071283206343651,0.9684840409085155,,,,,,
17.57999999997237,171.96840573230608,31.861545726226215,124.95509877491833,85.06808851779041,127.08372499855905,85.41221474771463,24.379907546836574,6.053523065723425,21.0,0.8669108986854553,0.9415355324745178,0.9818968951702118,0.874761332012713,0.9077863037586212,0.9686008898541332,,,,,,
17.599999999972322,171.91452313524965,31.815118551118864,124.94454243034974,84.82638405388204,127.12496197328676,85.37230863871622,24.500710164071126,6.025431700573239,21.0,0.8669058680534363,0.9424237489700318,0.9833618104457855,0.8749666461721063,0.9092005714774132,0.9688337175175548,,,,,,
17.619999999972276,171.87631633756348,31.734283612027916,124.8358465413065,84.54937027537433,127.16595307446613,85.33398813257247,24.618477188668642,5.658394040635355,21.0,0.86685910820961,0.9438357949256897,0.9857624918222427,0.8751906285062433,0.9110176712274551,0.9692111937329173,,,,,,
17.63999999997223,171.85527506215894,31.62797954662768,124.63893658878479,84.19406567926985,127.20668934301433,85.29735003020765,24.723671610118355,4.801219691665106,21.0,0.8667823910713196,0.945643138885498,0.9888353869318962,0.8754389414563776,0.9132675275206567,0.9696999995037914,,,,,,
17.659999999972182,171.85299842198918,31.50513555146426,124.3665459424276,83.78158956481604,127.24716187554516,85.26248688264808,24.80913793316161,3.7262001093136727,21.0,0.8666985034942627,0.947674822807312,0.992248710989952,0.8757365951314569,0.9160390123724937,0.9702539889141917,,,,,,
17.679999999972136,171.86904433205768,31.371873860617505,124.0324272695534,83.3584973145938,127.28736182631502,85.22948675723018,24.87192051839769,2.5263215511294552,21.0,0.8665868103504182,0.9498836755752563,0.9958261132240296,0.8760189423337579,0.9191985338926315,0.9708657233044505,,,,,,
17.69999999997209,171.90181548504648,31.233470257034234,123.65588635243594,82.94445740184423,127.32728040915623,85.1984330151348,24.909035797200588,1.1619004714014924,21.0,0.8664467573165894,0.9521805763244628,0.9993869230151177,0.8762648234143854,0.9225009888410568,0.9715133754536509,,,,,,
17.719999999972043,171.94868075895698,31.095570535528747,123.2601042452413,82.54350097345699,127.36690889939734,85.16940410080953,24.91824740837946,-0.22208308641614172,21.0,0.8662962079048158,0.9544497489929199,1.0,0.8764945397153497,0.9258032649755478,0.9721641985699534,,,,,,
17.739999999971996,172.00591146329293,30.963860866939704,122.86762919932289,82.18028159008016,127.40623863577001,85.14247334381135,24.90159141225883,-1.3964490410113117,21.0,0.8661522626876832,0.9565162181854248,1.0,0.8767045984044671,0.9289583012461662,0.9727669207379221,,,,,,
17.75999999997195,172.06896876963344,30.84345333871455,122.50058628263136,81.8802654691487,127.44526102230206,85.11770877356967,24.86439323571678,-2.273380818536607,21.0,0.866056364774704,0.9578688621520997,1.0,0.8770350703969598,0.9315862089395524,0.9730731455609203,,,,,,
17.779999999971903,172.13280799280474,30.73940952038441,122.18287362160324,81.69497583727532,127.4839675301962,85.09517294753822,24.811515219804665,-3.033105400811274,21.0,0.8662342309951783,0.9577562212944031,1.0,0.8775114366784692,0.9328658282756805,0.9730118123814464,,,,,,
17.799999999971856,172.19217776646605,30.656211564256587,121.94185179201243,81.56664574862342,127.52234969969405,85.07492279316936,24.743277884479802,-3.7294120804292,21.0,0.8663465261459351,0.9576850652694702,1.0,0.8778125056996942,0.9336437582969666,0.9729730812832713,,,,,,
17.81999999997181,172.24211753971005,30.597783612578997,121.79152508716402,81.48692483466691,127.56039914192523,85.05700946411052,24.667029263620375,-3.745509613497829,21.0,0.8668968677520752,0.9573359966278077,1.0,0.8792912373319268,0.9345569312572479,0.9727831212803721,,,,,,
17.839999999971763,172.27893199161176,30.567150827302175,121.72669195462181,81.49430043952313,127.59810754074076,85.04147821098556,24.599058159499858,-2.9430240385020285,21.0,0.8671722710132599,0.9571610689163208,1.0,0.8800331482663751,0.9350633352994919,0.9726879684254527,,,,,,
17.859999999971716,172.3011703357586,30.566184246567374,121.73830628439366,81.60171569578696,127.63546665453063,85.02836826708779,24.551813011300467,-1.7850633782333454,21.0,0.8674178838729859,0.9570049166679382,1.0,0.8806958267465235,0.93520647585392,0.9726030556485057,,,,,,
17.87999999997167,172.30789361043526,30.595159801645597,121.82610582943971,81.81474951795757,127.67246831802522,85.01771274927329,24.523864889893375,-1.1436028166312613,21.0,0.8675847172737122,0.9568987727165222,1.0,0.8811464438214899,0.9348950237035751,0.9725453583523631,,,,,,
17.899999999971623,172.29946822347333,30.65252895891344,121.99559655326168,82.03236385188934,127.70910444407978,85.00953857430481,24.50233942182721,-1.0367537093500019,21.0,0.8676956772804261,0.9568281412124634,1.0,0.8814463863149286,0.9341243922710418,0.9725069729611278,,,,,,
17.919999999971576,172.27696260579182,30.738080624842983,122.23511072597377,82.21432638665613,127.74536702544204,85.00386639085778,24.484149200504625,-0.6483551677539744,21.0,0.8678149282932281,0.9568549394607544,1.0,0.8816030213609338,0.933290085196495,0.9725941626355052,,,,,,
17.93999999997153,172.24149052892375,30.854704537399428,122.51111157280755,82.39007629834927,127.78124813650227,85.00071052735981,24.483888450622096,0.7714387687551505,21.0,0.8682074427604676,0.9551109671592712,1.0,0.8820801803842188,0.9314591646194458,0.9720951048657298,,,,,,
17.959999999971483,172.19500747084987,30.99485248937379,122.79402794324356,82.6831319375942,127.81673993502555,85.00007895579604,24.515112572353686,2.1980764645953914,21.0,0.8686506390571594,0.9530788898468018,1.0,0.8827303418889642,0.929600390791893,0.9714636890217662,,,,,,
17.979999999971437,172.13954693611993,31.14755377740636,123.08899639339208,82.99637566487517,127.85183466386572,85.00197327157103,24.562668380002435,2.3359742627769338,21.0,0.8689850389957429,0.9512254238128662,1.0,0.8831392774358392,0.9273342981934547,0.9709032027050852,,,,,,
17.99999999997139,172.07716315044945,31.30367420150525,123.40721675524006,83.21830727960383,127.88652465266082,85.00638868947873,24.60369708103298,1.7649328992352127,21.0,0.8692273378372193,0.9494571805000305,1.0,0.8833234438672662,0.9249807626008988,0.9703839031979442,,,,,,
18.019999999971343,172.0098237459063,31.457489859634347,123.73401733208337,83.38931836259582,127.92080231950959,85.01331405579029,24.636607611732362,1.6505876337509946,21.0,0.8694318294525147,0.9480164289474488,1.0,0.8835013279691338,0.9232441246509552,0.9699631182476878,,,,,,
18.039999999971297,171.93920514833178,31.60435924719321,124.04230241597898,83.58465651553436,127.9546601726285,85.02273187642938,24.673673673122344,2.0924803501249487,21.0,0.8695543885231019,0.9469218492507935,0.9984605178236962,0.8835480282083154,0.9219042986631394,0.9696498123928905,,,,,,
18.05999999997125,171.86669218810223,31.73713579208562,124.31936612009372,83.80421698704042,127.98809081198918,85.03461836116371,24.718934849846136,2.3492222582624973,21.0,0.869677084684372,0.9460988521575928,0.9969979226589203,0.8836719581857324,0.9206983596086502,0.9694109169766307,,,,,,
18.079999999971204,171.79328270975338,31.84844529229338,124.56875444857822,83.9767395930884,128.02108693093587,85.04894348370122,24.7643625236187,2.145348321261,21.0,0.8696848690509796,0.9457271456718445,0.9960470259189605,0.8835938701406122,0.9196083426475525,0.9693100182339549,,,,,,
18.099999999971157,171.72051210349602,31.932871695365442,124.79103257866906,84.07489507703139,128.05364131778222,88.97145216186713,24.804988941852145,1.9688933201063556,21.0,0.8695985734462739,0.9458520531654357,0.9957049727439881,0.8833834597840905,0.9346318721771241,0.9693557230755687,,,,,,
18.11999999997111,171.64788197974315,31.987190235268248,124.9770596589464,84.13128380749724,128.0857468573877,86.90337324094921,24.845826305667625,2.1770386826120762,21.0,0.8695150256156922,0.9459282994270325,0.9953520953655243,0.8831678340211511,0.9259389877319336,0.9693879811093211,,,,,,
18.139999999971064,171.57530759897452,32.01122581878613,125.1182606408714,84.16053266661011,128.11739653271246,86.80697215817142,24.893592037805362,2.6114313592853136,21.0,0.8694488286972046,0.9461747884750367,0.9953215599060059,0.8830471048131585,0.9254542469978333,0.9694635240361095,,,,,,
18.159999999971017,171.50327485857017,32.00731145633902,125.21168646657154,84.1440061826948,128.14858342635114,86.71102190086222,24.950040600854393,3.01709305271766,21.0,0.8693569839000702,0.9465245127677917,0.9954850450158119,0.8828819999471307,0.9251265421509742,0.9695704905316234,,,,,,
18.17999999997097,171.43248014715024,31.979630377453113,125.2577301141145,84.0680369760166,128.17930072204476,86.61574656529346,25.013564208705713,3.3195234729116816,21.0,0.869336497783661,0.9468806385993958,0.9958328872919082,0.8829206356778742,0.9250840842723846,0.969669291190803,,,,,,
18.199999999970924,171.3636946040809,31.934062015511817,125.25807929664734,83.95111582192068,128.20954170617037,86.52136867142598,25.082099058246452,3.4982640034568906,21.0,0.869294422864914,0.9474224925041199,0.9964858457446099,0.8829493531957269,0.9254026025533676,0.9698214499279857,,,,,,
18.219999999970877,171.29758923256412,31.877573700066467,125.21948662925246,83.82453147246675,128.23929976920851,86.42810864320391,25.150738497388275,3.280554422178032,21.0,0.869266426563263,0.9479461312294006,0.997210194170475,0.8830138573423029,0.9258964151144028,0.9699670998379588,,,,,,
18.23999999997083,171.23476166100312,31.81583766476568,125.15385160148402,83.65742788830089,128.26856840718773,86.33618429374442,25.2107742671003,2.6935873259994727,21.0,0.8692534089088441,0.9483654856681824,0.9978860586881637,0.8830927858129144,0.9263732701539993,0.9700827328488231,,,,,,
18.259999999970784,171.17568548669934,31.751794398211917,125.06806484187263,83.46833014476103,128.29734122310612,86.24581031662503,25.258479840777664,2.094048562020879,21.0,0.8692070245742798,0.9487979769706726,0.9985880762338638,0.8830815562978387,0.9269874185323715,0.9702068177983165,,,,,,
18.279999999970737,171.1205277846675,31.68768759371938,124.96504107178069,83.29149477186611,128.32561192832947,86.15719778445678,25.295152740702843,1.579619189719325,21.0,0.8691167354583741,0.9494793295860291,0.9995790481567383,0.8830163845792413,0.927843326330185,0.9704052297398448,,,,,,
18.29999999997069,171.0690749659161,31.625607938601313,124.85026632987322,83.13231716818346,128.35337434396575,86.07055365591445,25.321543698042216,1.0532455386859974,21.0,0.8690428078174591,0.9499562025070191,1.0,0.8829413065686822,0.9285177052021026,0.9705459682270885,,,,,,
18.319999999970644,171.020714786222,31.567702124218187,124.73178840616758,82.9833039760574,128.3806224022155,85.98608029237495,25.337264411777312,0.5272275646488152,21.0,0.8689562976360321,0.9505235910415649,1.0,0.8828570732846857,0.929191055893898,0.9707136360928417,,,,,,
18.339999999970598,170.97457318017248,31.5158407770407,124.6166177859771,82.85185125382138,128.40735014769803,85.90397498529292,25.343243830272616,0.08889387207274059,21.0,0.8688196241855621,0.9514603853225708,1.0,0.8827379474416376,0.9300784587860107,0.9709907023236155,,,,,,
18.35999999997055,170.930388075132,31.471255586725874,124.51051208503976,82.74867799157327,128.43355173875315,85.82442949541742,25.341446284519087,-0.25655883593025025,21.0,0.8687244653701782,0.9520279884338378,1.0,0.88263233397156,0.9306597143411637,0.971160933189094,,,,,,
18.379999999970504,170.8868010148503,31.434846144141073,124.41935063563824,82.6756208550475,128.4592214487178,85.74762960492583,25.33335265422538,-0.5455952294771182,21.0,0.8686369478702546,0.9524745464324951,1.0,0.8825142214074732,0.9310502767562866,0.9712969271466136,,,,,,
18.399999999970458,170.8426629663942,31.407302869912886,124.34880840126768,82.6316005579336,128.48435366717777,85.67375468352094,25.31993497582232,-0.7865029487925568,21.0,0.8685679554939271,0.9527350187301635,1.0,0.8823948035016657,0.9312006264925003,0.971378823928535,,,,,,
18.41999999997041,170.79707823576462,31.38906314236922,124.30226201792054,82.61668590327265,128.5089429011938,85.6029772695047,25.302363587317412,-0.9575670485261502,21.0,0.8685205698013306,0.9527941584587097,1.0,0.8822777995839716,0.931104987859726,0.9714017121121288,,,,,,
18.439999999970365,170.74950322861523,31.380397719416774,124.2801344458754,82.6312447338302,128.53298377650228,85.53546266680706,25.282139159831885,-1.0536688438302004,21.0,0.8684905052185059,0.9526593923568726,1.0,0.8821531543508172,0.9307637155056,0.971368214301765,,,,,,
18.459999999970318,170.6997283607053,31.381575830465493,124.28098049870496,82.67257710679027,128.55647103868978,85.47136855891092,25.260577202992657,-1.0955309096174346,21.0,0.8684713482856751,0.9523739457130432,1.0,0.8820156821981072,0.9302047342061996,0.9712913719937205,,,,,,
18.47999999997027,170.64781389473322,31.392662664570004,124.30231734840564,82.7349346375433,128.57939955434142,85.41084464057509,25.23855276618905,-1.1014369440198422,21.0,0.8684635937213898,0.9519477486610413,1.0,0.8818701574578881,0.9294497907161713,0.9711741177365184,,,,,,
18.499999999970225,170.5940308300347,31.413424325349105,124.34079818843645,82.8122131061529,128.60176431216297,85.35403226821525,25.216753909917806,-1.071947257934188,21.0,0.86845862865448,0.951435923576355,1.0,0.8817088255658746,0.9285589396953583,0.9710331646725535,,,,,,
18.519999999970178,170.5388015674535,31.44327540204132,124.39233803629628,82.89894079365571,128.62356042407595,85.30106412975945,25.195959022427086,-0.9999819763537598,21.0,0.8684486091136933,0.9508959412574768,1.0,0.8815263399854303,0.9275956094264984,0.9708856550976634,,,,,,
18.53999999997013,170.48264217992286,31.48125038868014,124.45247711870749,82.98960749585784,128.64478312628611,85.25206393474937,25.1770627401222,-0.881878584458694,21.0,0.8684323191642762,0.9503610610961915,1.0,0.8813288936391473,0.9266083985567093,0.9707409588620066,,,,,,
18.559999999970085,170.42611106992706,31.526063120719698,124.51678145979298,83.07828553186647,128.66542778032462,85.20714612541089,25.1609939750301,-0.7172101361911832,21.0,0.8684108674526215,0.9498552441596985,1.0,0.881126261688769,0.9256406426429749,0.9706054298207164,,,,,,
18.57999999997004,170.37037716407337,31.575830932597402,124.58110008769232,83.15923051014613,128.68548987406174,85.166415609369,25.148685596537145,-0.5058789910789913,21.0,0.8683843851089478,0.9494076132774353,1.0,0.8809267411008478,0.9247398674488068,0.9704869000241161,,,,,,
18.59999999996999,170.31532937821981,31.62754644680395,124.64173978873917,83.22749322540713,128.7049650226931,85.12996751463116,25.14105850916451,-0.24975618751208015,21.0,0.8683542549610138,0.9490408301353455,1.0,0.8807401606813073,0.9239488154649734,0.9703912226483226,,,,,,
18.619999999969945,170.26137225924097,31.677685471059434,124.6956445634005,83.27911981747498,128.72384896969803,85.0978869674115,25.138948057497682,0.04409050759280242,21.0,0.868324625492096,0.948762845993042,0.9999292567372322,0.8805800447240473,0.9232987225055694,0.9703198162838816,,,,,,
18.6399999999699,170.208925124772,31.722929043700923,124.74055801826937,83.31117593207395,128.74213758776986,85.0702488933145,25.14298938231322,0.36292466268406726,21.0,0.8683000981807709,0.9485761761665344,0.9996209502220154,0.8804597029462458,0.9228132322430611,0.9702725855633616,,,,,,
18.659999999969852,170.15815539420603,31.76093422960088,124.77510386538158,83.32186186128588,128.759826879718,85.04711784234281,25.153523940358628,0.6905719912279612,21.0,0.8682847321033478,0.9484806418418884,0.9994566366076469,0.8803902516141534,0.922509229183197,0.9702488390728832,,,,,,
18.679999999969805,170.10912462616085,31.790284606027047,124.79876694227242,83.31066404246295,128.77691297934155,85.0285478381378,25.170556122598917,1.0098165967927093,21.0,0.8682821333408356,0.9484721064567566,0.9994396001100541,0.8803806016221642,0.9223955601453782,0.9702468840405345,,,,,,
18.69999999996976,170.06178367734057,31.81045209657879,124.8118056800561,83.27836717623332,128.79339215227432,85.01458225180471,25.193748105072153,1.3038356166344816,21.0,0.8682956814765931,0.9485414385795593,0.9995631128549576,0.8804377207532526,0.9224717617034912,0.9702637879177928,,,,,,
18.719999999969712,170.0160357869289,31.821725938089692,124.8150997864372,83.22690090532377,128.80926079680108,85.00525370061753,25.22243827243601,1.5572299638230278,21.0,0.8683279991149903,0.9486769556999206,0.9998134225606918,0.8805659303441644,0.9227293372154236,0.9702960459515453,,,,,,
18.739999999969665,169.9717848630451,31.82504285881602,124.8098218605778,83.15908575457044,128.82451544464465,85.00058397183979,25.255676525588065,1.7565224773210386,21.0,0.868380743265152,0.9488658905029297,1.0,0.8807665178552271,0.9231529280543327,0.9703400103375316,,,,,,
18.75999999996962,169.92899505272032,31.821780791279217,124.79707606574037,83.0782521501926,128.83915276172394,85.00058397183943,25.292256021806597,1.889444343147961,21.0,0.8684540390968323,0.9490968942642212,1.0,0.8810369739308954,0.9237227022647858,0.9703926293179392,,,,,,
18.779999999969572,169.8876503452586,31.81356037458535,124.77816254023347,82.98795778315711,128.85316954888273,85.00525370061646,25.330750663122,1.947083110816268,21.0,0.8685469031333923,0.949359655380249,1.0,0.8813719103112817,0.9244161307811737,0.9704513279721141,,,,,,
18.799999999969526,169.84769990727264,31.802074108802003,124.7547685679222,82.8921327979047,128.8665627425889,85.01458225180293,25.369625203072175,1.927855565139453,21.0,0.8686575949192048,0.9496441006660461,1.0,0.8817638644948602,0.9252086818218231,0.9705136625096202,,,,,,
18.81999999996948,169.80901913397955,31.78894898205806,124.72895946604318,82.79520930782573,128.8793294156039,85.02854783813534,25.407390524450264,1.8376126694139028,21.0,0.8687837481498719,0.9499404430389404,1.0,0.8822036335244775,0.9260736972093582,0.9705773202702404,,,,,,
18.839999999969432,169.77139255205168,31.77546117024515,124.70305109134287,82.70190408685926,128.89146677762253,85.04711784233966,25.442724951887165,1.6866574252278017,21.0,0.8689226865768434,0.9502384901046753,1.0,0.8826809713616968,0.9269814550876617,0.9706399289891123,,,,,,
18.859999999969386,169.73455251112912,31.76211415626185,124.67918981988078,82.61673197928704,128.9029721758829,85.07024889331065,25.47452633833764,1.4860071208094696,21.0,0.8690715670585633,0.9505281925201416,1.0,0.8831850359216332,0.9279008716344833,0.9706991164013743,,,,,,
18.87999999996934,169.69823194465386,31.74930602620716,124.65896602465702,82.54347677140518,128.91384309574613,85.09788696740698,25.50189208680155,1.244280305207018,21.0,0.8692273736000061,0.9508004426956177,1.0,0.8837046990171075,0.92880197763443,0.9707527844235301,,,,,,
18.899999999969292,169.66217518589974,31.73748269337965,124.64345123913247,82.48492352771575,128.92407716124603,85.12996751462597,25.52406699824151,0.9679538487309368,21.0,0.8693869233131409,0.9510485649108886,1.0,0.884228945709765,0.9296594023704529,0.970799490623176,,,,,,
18.919999999969246,169.626142313033,31.72711509906637,124.63328270629506,82.44301271444395,128.93367213560833,85.16641560936314,25.54042301947584,0.6635361384082556,21.0,0.8695469319820405,0.9512682914733886,1.0,0.8847471365705133,0.9304536193609237,0.9708384959027171,,,,,,
18.9399999999692,169.58991457426453,31.718673473850533,124.62871259560491,82.41906823736966,128.9426259217396,85.20714612540439,25.550468365330378,0.33806498907668864,21.0,0.8697040140628816,0.9514586687088012,1.0,0.8852491686120629,0.9311709463596344,0.9708698956295848,,,,,,
18.959999999969153,169.55329926829128,31.712600792468546,124.62966289322843,82.41384671360994,128.95093656268548,85.25206393474225,25.55385141707841,-0.001580845212717521,21.0,0.8698545813560487,0.9516222476959229,1.0,0.8857254395261407,0.9318028926849365,0.9708948818966746,,,,,,
18.979999999969106,169.5161335868035,31.70928750306687,124.63578795788155,82.42750167448057,128.9586022420586,85.30106412975172,25.55035490034389,-0.3487786080583244,21.0,0.8699950456619263,0.9517641305923462,1.0,0.8861670622602106,0.9323452919721603,0.9709153143689037,,,,,,
18.99999999996906,169.4782872670705,31.70904967527201,124.64652525619809,82.45959693561848,128.96562128443534,85.35403226820692,25.539896480454043,-0.696543216283333,21.0,0.8701220512390138,0.9518915057182312,1.0,0.8865664074197411,0.9327986717224122,0.9709336010739207,,,,,,
19.019999999969013,169.43966407878884,31.712112708944424,124.66112942171178,82.50916557872716,128.9719921557223,85.4108446405662,25.52254130930568,-1.0370872602934664,21.0,0.8702378749847413,0.95196533203125,1.0,0.8869142243638635,0.9331531703472138,0.9709012953564524,,,,,,
19.039999999968966,169.40020228428182,31.718602012075504,124.67870065173821,82.57475802473171,128.97771346349123,85.47136855890147,25.49851758264248,-1.3619539779611332,21.0,0.8703413307666779,0.95198655128479,1.0,0.8872066268697382,0.9334136515855789,0.970813843421638,,,,,,
19.05999999996892,169.35987430989013,31.728541641608373,124.69821712023617,82.65447170612022,128.9827839572837,85.53546266679709,25.468225715015347,-1.6624578280480569,21.0,0.8704221904277802,0.952041506767273,1.0,0.8874467322602868,0.9336135506629943,0.9707575408741832,,,,,,
19.079999999968873,169.31868593186235,31.7418611714742,124.71857289664347,82.74599238267393,128.98720252888415,85.60297726949423,25.432238284905345,-1.9301407992054926,21.0,0.8704797863960266,0.9521368026733399,1.0,0.8876346478238702,0.9337642341852188,0.9707352129742504,,,,,,
19.099999999968826,169.27667521230984,31.75840987664957,124.73861955731059,82.84666700561586,128.99096821256234,85.67375468350998,25.391291088190783,-2.1572170702348568,21.0,0.8705146908760071,0.9522766828536987,1.0,0.8877732763066888,0.933878892660141,0.970747789554298,,,,,,
19.11999999996878,169.2339108697762,31.77796769871689,124.75721195989254,82.95366811998394,128.99408018528416,85.74762960491441,25.346264058986563,-2.3372431351372214,21.0,0.8705284714698792,0.9524624347686768,1.0,0.8878673980012536,0.9339714109897613,0.9707942692562938,,,,,,
19.139999999968733,169.19048867321143,31.80022889081918,124.77327223230103,83.06423074313068,128.99653776689172,85.82442949540558,25.298138551959983,-2.4668435993830644,21.0,0.8705235838890076,0.9526926517486572,1.0,0.8879234680905939,0.9340556681156158,0.9708719698712229,,,,,,
19.159999999968687,169.146527310831,31.824803756774962,124.78587498781987,83.17557470924073,128.99834042025196,85.90397498528067,25.247924328637744,-2.5463497789072638,21.0,0.8705029368400574,0.9529645562171936,1.0,0.8879488179460168,0.9341449648141861,0.970977327041328,,,,,,
19.17999999996864,169.1021665221302,31.851283097078156,124.79428953481431,83.28480002231855,128.99948775137395,85.98608029236233,25.196611400048358,-2.5767618745805163,21.0,0.8704698860645295,0.9532738447189331,1.0,0.8879515418782831,0.9342522084712982,0.9711058823391795,,,,,,
19.199999999968593,169.05756590253833,31.879302035275817,124.79794770519716,83.38925201129798,128.99997950949512,86.07055365590149,25.145182846125454,-2.5578433152983417,21.0,0.8704282104969026,0.9536148309707642,1.0,0.887940532900393,0.9343903094530106,0.9712523667141795,,,,,,
19.219999999968547,169.01290375821984,31.908585132904733,124.79641835387922,83.48671769947802,128.99981558713597,86.1571977844435,25.094623948354663,-2.490078734553205,21.0,0.8703817248344422,0.9539816617965698,1.0,0.8879246601834894,0.9345710277557373,0.9714114395901561,,,,,,
19.2399999999685,168.96837564732036,31.938972836994438,124.78943346215378,83.57534632788823,128.99899602012368,86.24581031661147,25.04588420480255,-2.376724612722863,21.0,0.8703343510627747,0.9543675303459167,1.0,0.8879128465428948,0.9348038226366043,0.9715773789212108,,,,,,
19.259999999968453,168.92419218936618,31.97043049905188,124.77692811553644,83.65361288556595,128.99752098758415,86.33618429373061,24.999819564797022,-2.223730498817172,21.0,0.870293253660202,0.9547356128692627,1.0,0.887911225296557,0.9350867003202439,0.971711858920753,,,,,,
19.279999999968407,168.88057597817433,32.003042766727006,124.75905643756779,83.72042159980063,128.99539081190292,86.42810864318989,24.95714826473384,-2.038784598388727,21.0,0.8702614068984986,0.955084228515625,1.0,0.8879278430715204,0.9354266107082367,0.9718155113980174,,,,,,
19.29999999996836,168.83775775524896,32.03699646894784,124.73618610790155,83.77521906222067,128.99260595865474,86.52136867141176,24.91842151277268,-1.830885167508945,21.0,0.8702379882335664,0.9554396629333496,1.0,0.8879715153947473,0.9358365625143051,0.9719201294705272,,,,,,
19.319999999968314,168.79597188694555,32.072555327158156,124.70888716616726,83.818028289165,128.98916703650173,86.6157465652791,24.883997642121333,-1.610309064013177,21.0,0.87027086019516,0.9553130149841309,1.0,0.8882317433133722,0.9361035317182541,0.9717773167416454,,,,,,
19.339999999968267,168.75545126767526,32.11003012239652,124.67791755619002,83.84943055487724,128.98507479706038,86.71102190084774,24.854018692559706,-1.3883245406796227,21.0,0.8703192591667176,0.9551685571670532,1.0,0.8885467121377587,0.936438924074173,0.9716191021725535,,,,,,
19.35999999996822,168.716421535943,32.149741781986926,124.64419915427797,83.87058349659034,128.9803301347373,86.80697215815684,24.82839607305548,-1.1766720855231712,21.0,0.8704042196273805,0.9550955057144165,1.0,0.8888082275167107,0.9367976635694504,0.971566459350288,,,,,,
19.379999999968174,168.67909406382498,32.19196862400037,124.60879130298548,83.88326195164201,128.97493408653375,86.90337324093458,24.80680106678961,-0.9876690405115638,21.0,0.8705077528953553,0.9550164699554443,1.0,0.8890854427590966,0.9371984004974365,0.97151600997895,,,,,,
19.399999999968127,168.64365910795772,32.23691031153932,124.57286724877336,83.88968354404967,128.96888783181896,86.99999999998535,24.78865525440843,-0.8337248668833123,21.0,0.8706369638442993,0.9548133373260498,1.0,0.8893878350034357,0.9376079231500626,0.9713327376171946,,,,,,
19.41999999996808,168.61027677170588,32.28461648831646,124.53765558309995,83.89238408106159,128.96219269207234,87.09662675903617,24.773148257417297,-0.7253119905694286,21.0,0.8707779407501222,0.9545911312103271,1.0,0.8897177884355187,0.9380475908517838,0.9711319176480174,,,,,,
19.439999999968034,168.57905781518667,32.33476398596675,124.50434175025225,83.89427622641061,128.95485013059468,87.193027841814,24.759284617313703,-0.6705935524277137,21.0,0.8709272146224976,0.954355263710022,1.0,0.8900671372190118,0.9385050803422927,0.9709183303639293,,,,,,
19.459999999967987,168.5500529040747,32.38672179347544,124.4740172589795,83.89813396037846,128.94686175218837,87.28897809912328,24.745928980898196,-0.6748854602853707,21.0,0.8710808396339417,0.9541118502616882,1.0,0.8904266545549036,0.9389663100242615,0.9706974713131785,,,,,,
19.47999999996794,168.52324269543928,32.43962690982769,124.44758701170055,83.90614687813469,128.9382293028066,87.38425343469216,24.731914256358525,-0.7352070577435933,21.0,0.8712346196174622,0.953867506980896,1.0,0.8907865474000574,0.9394177436828614,0.9704753367230297,,,,,,
19.499999999967894,168.49877949837793,32.49211848807087,124.42573757911549,83.92883961672496,128.9289546691718,87.4786313285598,24.716107936545257,-0.8653811697295768,21.0,0.8713845670223237,0.9536286115646362,1.0,0.8911374339833856,0.939848130941391,0.9702577320858836,,,,,,
19.519999999967848,168.47670113593978,32.54189587703562,124.41059402038775,83.9765150568977,128.91903987836315,87.57189135678205,24.6959825676549,-1.1856512982991512,21.0,0.8715165734291077,0.9534177660942078,1.0,0.8914463171735406,0.9402090907096863,0.9700653044506907,,,,,,
19.5399999999678,168.4562405830219,32.58711267439885,124.4054202516653,84.0316843210925,128.90848709737378,87.66381570624175,24.66760865417321,-1.6591804754543364,21.0,0.8716205596923828,0.9532513380050659,1.0,0.8916896114125848,0.9404545962810517,0.9699131933972239,,,,,,
19.559999999967754,168.4371449871563,32.6267076883617,124.40945240108708,84.09304996014467,128.89729863263696,87.7541896833614,24.630140076925144,-2.060637872807226,21.0,0.8717031538486482,0.9531189203262329,1.0,0.8918828377500176,0.9406561434268952,0.9697920290753246,,,,,,
19.579999999967708,168.419039410372,32.66033144171983,124.41806134668906,84.17342698283088,128.88547692952199,87.84280221552994,24.586318405140723,-2.2993400791255314,21.0,0.8717625856399537,0.9530235290527344,1.0,0.8920218596234918,0.9408174186944962,0.9697046725079417,,,,,,
19.59999999996766,168.4015247535327,32.687928007396955,124.42762337027804,84.27293452517236,128.87302457179987,87.92944634407257,24.53864676449778,-2.4648933603294223,21.0,0.8717981517314911,0.9529663920402527,1.0,0.8921050736680627,0.9408858478069305,0.9696522919461131,,,,,,
19.619999999967614,168.3842151302187,32.7097557704161,124.43719062558515,84.3798941374202,128.85994428107847,88.01391970761242,24.487711602951038,-2.628179030304705,21.0,0.8718080759048462,0.9529504299163818,1.0,0.8921282896772027,0.9408593475818634,0.9696376768872141,,,,,,
19.639999999967568,168.36676022783863,32.72638699752497,124.4463571755136,84.48655913648318,128.84623891620777,88.09602501469483,24.433718281617224,-2.761357226209421,21.0,0.8717955946922302,0.9529705047607422,1.0,0.8920990893617272,0.9407850086688996,0.9696560589596629,,,,,,
19.65999999996752,168.34886640899407,32.738634359111245,124.45378859679816,84.59281647130256,128.83191147265498,88.17557050457073,24.3777645356225,-2.820755694362581,21.0,0.871764099597931,0.9530210971832276,1.0,0.8920254239812494,0.9406942248344421,0.9697024313732981,,,,,,
19.679999999967475,168.33031021605072,32.747419236518155,124.4579646264249,84.69905485477511,128.8169650818498,88.25237039506275,24.321337059195653,-2.813469965922723,21.0,0.8717154860496521,0.9530991435050964,1.0,0.8919116804376245,0.9405874609947205,0.9697739211842418,,,,,,
19.699999999967428,168.31094533610937,32.75370937740645,124.45814655847197,84.80153964611348,128.80140301050014,88.3262453164681,24.265485325087372,-2.766011542831557,21.0,0.8716537237167359,0.9531981945037842,1.0,0.8917672047391534,0.9404638707637787,0.9698645798489451,,,,,,
19.71999999996738,168.29070501649142,32.75847577783142,124.4541049163885,84.89578748368565,128.78522865987802,88.39702273048482,24.210954323267575,-2.679144432347652,21.0,0.8715826451778412,0.9533120632171631,1.0,0.8916008958593011,0.9403391778469086,0.9699687210842967,,,,,,
19.739999999967335,168.26960093801262,32.762642492616855,124.44547916694259,84.97992488740178,128.76844556507626,88.46453733318296,24.158686120852316,-2.5378327047073403,21.0,0.871504557132721,0.9534369707107544,1.0,0.8914182016626001,0.9402314782142639,0.9700828520581126,,,,,,
19.759999999967288,168.24771735899878,32.767024811046525,124.43182382112933,85.05368593952808,128.7510573942358,88.52863144107964,24.109805492181955,-2.3423558348502054,21.0,0.8714234232902527,0.953566598892212,1.0,0.8912283489480615,0.940149238705635,0.9702011791989207,,,,,,
19.77999999996724,168.22520108696946,32.77229699171713,124.41305906980426,85.11605024027818,128.73306794774402,88.58915535941601,24.065236309211876,-2.1098426576371203,21.0,0.8713435113430024,0.9536940932273865,1.0,0.8910413512960077,0.9400945574045181,0.9703174082562327,,,,,,
19.799999999967195,168.2022492167349,32.77898825762545,124.38956670903003,85.16549961047834,128.71448115740404,88.64596773177644,24.025559544617234,-1.8546476188416654,21.0,0.8712674140930177,0.9538153171539306,1.0,0.8908632883802057,0.9400719821453094,0.9704278199002146,,,,,,
19.81999999996715,168.1790955147239,32.78747382770223,124.36194264349794,85.20165295345733,128.6953010855755,88.69893587023282,23.991157146078027,-1.583358014583567,21.0,0.8711969137191773,0.953927481174469,1.0,0.8906983027234674,0.9400878489017487,0.970529898814857,,,,,,
19.8399999999671,168.15599626072114,32.79797448342886,124.33087959974927,85.22524568147485,128.67553192428662,88.74793606524351,23.962278542570797,-1.3040436492757466,21.0,0.8711340069770813,0.9540274500846863,1.0,0.8905510911718011,0.9401439160108567,0.9706207958981394,,,,,,
19.859999999967055,168.13321664088136,32.81057506141005,124.29722723316124,85.23721644825966,128.6551779943179,88.79285387458262,23.938969013014926,-1.0284734801197246,21.0,0.8710803449153901,0.9541126370429993,1.0,0.8904255041852593,0.9402375936508178,0.9706981865689158,,,,,,
19.87999999996701,168.11101796799815,32.82523830509888,124.26198572665102,85.23870314507987,128.63424374425801,88.83358439062516,23.921040018572082,-0.767627385241005,21.0,0.8710364699363708,0.95418221950531,1.0,0.8903228292241693,0.9403648912906647,0.9707613674923777,,,,,,
19.899999999966962,168.08964596656924,32.8418148331767,124.22622284895353,85.23130935440801,128.6127337495312,88.87003248536364,23.908105296328984,-0.5304162794310877,21.0,0.8710017800331116,0.9542371988296509,1.0,0.8902416417375207,0.9405207186937332,0.9708112565800547,,,,,,
19.919999999966915,168.06932083983497,32.86006513839268,124.19100743752018,85.2169164941682,128.59065271139747,88.90211303258397,23.899615242957655,-0.32425218522245813,21.0,0.8709751009941101,0.9542794704437256,1.0,0.8901791999116541,0.9406979352235794,0.9708496062085032,,,,,,
19.93999999996687,168.05022965283493,32.87968811852224,124.15735420428484,85.19751258990001,128.568005455925,88.92975110668166,23.89489194321111,-0.15443666758782051,21.0,0.8709549188613892,0.9543114185333252,1.0,0.8901319632306696,0.940888124704361,0.9708785740658641,,,,,,
19.959999999966822,168.0325210263649,32.90034394808917,124.12616962938347,85.1752033764035,128.54479693293538,88.95288215765402,23.89317310745166,-0.02424510713756706,21.0,0.8709393382072449,0.9543360829353332,1.0,0.8900955030694604,0.9410824656486512,0.9709009377285838,,,,,,
19.979999999966775,168.01630201745195,32.92167326832632,124.09822388534735,85.15208714438228,128.5210322149218,88.97145216185973,23.893643805600103,0.06427506397184059,21.0,0.8709258079528809,0.9543574810028076,1.0,0.8900638470426202,0.9412712454795837,0.9709203450009227,,,,,,
19.99999999996673,168.00163726240368,32.9433195561192,124.07413568497154,85.13004345109948,128.49671649594026,88.98541774819353,23.89546359890547,0.11083503964960253,21.0,0.8709115147590638,0.9543800950050354,1.0,0.8900304028764368,0.9414448738098145,0.9709408251568675,,,,,,
20.019999999966682,167.98855048957472,32.96495388358657,124.05433900560571,85.11067174952736,128.47185509047455,88.99474629938142,23.897814462826748,0.11808027536873993,21.0,0.8708937287330628,0.9544082283973694,1.0,0.8899887690320611,0.9415945470333099,0.9709663359448314,,,,,,
20.039999999966636,167.97702823392896,32.98629589153404,124.03904632429978,85.09532331773389,128.44645343227447,88.99941602815986,23.899959856581543,0.09131871696639182,21.0,0.8708697319030763,0.9544461727142334,1.0,0.8899325976148248,0.9417127698659897,0.9710007039830089,,,,,,
20.05999999996659,167.9670253389361,33.007128307917164,124.02824399442896,85.08503996911384,128.42051707316847,88.99941602816092,23.90128416795133,0.03711652811970055,21.0,0.8708370089530946,0.9544978857040405,1.0,0.8898560294881463,0.9417930662631988,0.9710475174710155,,,,,,
20.079999999966542,167.95847179868713,33.027307236253385,124.02171737637083,85.08042283883708,128.39405168185007,88.9947462993846,23.901309013253677,-0.037363621455297875,21.0,0.8707933306694031,0.9545668601989746,1.0,0.8897537956014275,0.9418303430080414,0.9711099473759532,,,,,,
20.099999999966496,167.95128060360963,33.04677011998417,124.01907494822218,85.08158765618438,128.3670630426389,88.98541774819883,23.899708211135867,-0.12398817967335582,21.0,0.8707369327545167,0.9546558380126953,1.0,0.889621795155108,0.9418214738368988,0.9711904255673289,,,,,,
20.11999999996645,167.94535618889472,33.0655395044308,124.01976284356225,85.08823422605394,128.3395570542166,88.97145216186713,23.896328786916435,-0.21366494493825897,21.0,0.8706665456295014,0.9547667503356934,1.0,0.8894570657983423,0.9417654871940613,0.9712906805798411,,,,,,
20.139999999966403,167.94060299172833,33.08372104742712,124.02308972091961,85.09970212576704,128.31153972833744,88.95288215766351,23.89120170725107,-0.29727930742699893,21.0,0.8705815553665162,0.9549004912376404,1.0,0.8892581710591912,0.9416634500026703,0.9714114157482981,,,,,,
20.159999999966356,167.93693366200338,33.10149704541561,124.02827054292844,85.11497189593402,128.2830171885145,88.9297511066932,23.88453272717657,-0.3665506447819781,21.0,0.8704834222793579,0.9550445795059204,1.0,0.8890242883935571,0.9415142327547074,0.9715388504788279,,,,,,
20.17999999996631,167.93427651730062,33.1191165219536,124.03447441702473,85.13269725566819,128.2539956686812,88.90211303259754,23.876682966301775,-0.4142193508192018,21.0,0.8703832030296326,0.9551090121269226,1.0,0.8887508878484368,0.9412946045398712,0.9715737788006663,,,,,,
20.199999999966263,167.93258190004565,33.136882053629016,124.04086511680975,85.15130558598067,128.22448151182888,88.87003248537921,23.86814831774821,-0.434107246558427,21.0,0.8702718496322632,0.95518057346344,1.0,0.8884471664205194,0.9410382121801376,0.9716125695034862,,,,,,
20.219999999966216,167.9318271380457,33.15513348683962,124.04663960719569,85.16911436405891,128.19448116862048,88.8335843906427,23.859533995106208,-0.42155897351439586,21.0,0.8701507091522217,0.9552583932876587,1.0,0.8881168255582452,0.940752649307251,0.9716547695919872,,,,,,
20.23999999996617,167.9320198813374,33.17422972589648,124.05107117334593,85.18441826210845,128.16400119598057,88.79285387460209,23.851518535350593,-0.37396090416572225,21.0,0.8700216591358185,0.9553412437438965,1.0,0.8877649793401361,0.9404463768005371,0.9716997114941478,,,,,,
20.259999999966123,167.9331995067601,33.194510918644816,124.05355698339619,85.19587083533088,128.13304825566237,88.74793606526487,23.844806738885953,-0.29179516280458795,21.0,0.8698868215084077,0.9554277896881104,1.0,0.887397457100451,0.9401282399892807,0.971746644191444,,,,,,
20.279999999966076,167.93543466414067,33.216096490020895,124.05376031351382,85.20484222572769,128.10162911279167,88.698935870256,23.839996250116833,-0.18927105474657108,21.0,0.8697481989860535,0.9555167198181153,1.0,0.8870197186246515,0.9398056477308273,0.9717948762699962,,,,,,
20.29999999996603,167.93881220544506,33.23863533089465,124.05219531752361,85.21286208262899,128.06975063438827,88.64596773180139,23.837047086933413,-0.11314665255374566,21.0,0.8696051597595216,0.9556084156036377,1.0,0.8866301128640771,0.9394729912281037,0.9718446223065257,,,,,,
20.319999999965983,167.94344039420523,33.26158005492644,124.05010689640793,85.21474608275275,128.0374197878651,88.58915535944269,23.835242175205323,-0.06840946765466588,21.0,0.869457745552063,0.9557028770446777,1.0,0.8862287053838372,0.9391246914863587,0.9718958823010325,,,,,,
20.339999999965936,167.9494516628831,33.284747032531236,124.04780353103585,85.20851457700638,128.00464363950542,88.52863144110796,23.834503883963293,0.004233233782059809,21.0,0.8693093180656434,0.9557979345321655,1.0,0.8858246991410852,0.9387846350669861,0.9719474522396923,,,,,,
20.35999999996589,167.95691988482676,33.308007617189425,124.04429828240544,85.19711180659031,127.97142935291839,88.46453733321289,23.835850301649664,0.14042560123861167,21.0,0.8691622316837311,0.9558920860290527,1.0,0.8854245195165277,0.9384632229804992,0.9719985572621226,,,,,,
20.379999999965843,167.96592188259902,33.33127144170652,124.03868301889581,85.18135647996421,127.93778418747338,88.39702273051626,23.840398779931494,0.31825286358870664,21.0,0.8690183401107788,0.9559841394424439,1.0,0.8850332269445061,0.9381507456302642,0.9720485178753734,,,,,,
20.399999999965797,167.97653565912177,33.35447832879354,124.03092721838914,85.15861919750517,127.90371549671337,88.32624531650099,23.848649934110707,0.5076434330032471,21.0,0.868878996372223,0.9560732483863831,1.0,0.8846544453874231,0.937845641374588,0.9720968930050731,,,,,,
20.41999999996575,167.98883632120098,33.37758385606908,124.02142919400502,85.12708843054368,127.86923072674773,88.252370395097,23.86073783683337,0.7023200141460844,21.0,0.8687460184097291,0.9561582326889038,1.0,0.884293163754046,0.9375605911016465,0.9721430389210581,,,,,,
20.439999999965703,168.0028931416078,33.40054242703974,124.01053476506442,85.08737018022146,127.83433741462477,88.17557050460627,23.876785134967378,0.9029725917981033,21.0,0.8686208128929138,0.9562382221221923,1.0,0.8839531430974603,0.9373046845197678,0.9721864668652416,,,,,,
20.459999999965657,168.01876644070833,33.42330078397544,123.99862467804434,85.04058348107378,127.79904318668447,88.09602501473158,23.8968358334487,1.1004801017464056,21.0,0.8685039997100831,0.9563128113746643,1.0,0.883636094070971,0.9370768249034882,0.9722269741818309,,,,,,
20.47999999996561,168.03650449198827,33.44580211058517,123.98627715087693,84.9871674725326,127.76335575689164,88.01391970765029,23.920703334737237,1.2832233895241405,21.0,0.8683963298797608,0.9563815355300903,1.0,0.8833439657464623,0.936873871088028,0.9722643105313182,,,,,,
20.499999999965564,168.05614094291434,33.4679871042273,123.97415042800054,84.92761386564649,127.7272829251499,87.92944634411147,23.94803593162844,1.44685829116269,21.0,0.8682980716228486,0.956444239616394,1.0,0.8830774853006006,0.9366951048374176,0.9722983567044139,,,,,,
20.519999999965517,168.07769287293456,33.48979066227907,123.96281187905551,84.86308242140719,127.69083257559699,87.84280221556978,23.978449661111622,1.591243574817426,21.0,0.8682087898254395,0.9565011978149414,1.0,0.8828354546800256,0.9365391105413436,0.9723293034359812,,,,,,
20.53999999996547,168.10115926722085,33.51114036827443,123.95273434812101,84.79500039139862,127.65401267488157,87.7541896834021,24.011542798462916,1.7141821021522738,21.0,0.8681280612945557,0.9565526723861695,1.0,0.882616681791842,0.936401653289795,0.9723572699353099,,,,,,
20.559999999965424,168.12652001066618,33.531959962304725,123.94436406385532,84.72457657985295,127.61683127042198,87.6638157062832,24.046847674398173,1.8118584742259969,21.0,0.8680554628372192,0.956598949432373,1.0,0.882420034147799,0.9362776696681976,0.9723824111744761,,,,,,
20.579999999965377,168.15373564616644,33.552174322397036,123.93811688175262,84.65287987325915,127.57929648864744,87.57189135682415,24.083834913458364,1.8823276733344443,21.0,0.8679901242256165,0.9566406011581421,1.0,0.8822430858388544,0.9361623734235763,0.9724050490185618,,,,,,
20.59999999996533,168.18274784487497,33.57171258938601,123.93432747187136,84.58106711463432,127.54141653322192,87.47863132860246,24.12196116547227,1.9259012353546834,21.0,0.8679354012012482,0.9566947460174561,1.0,0.8820638129487633,0.9360438644886017,0.9724481074139476,,,,,,
20.619999999965284,168.21348059097608,33.590511418820626,123.93323128918522,84.51031257490095,127.50319968325107,87.38425343473527,24.160697391394763,1.9434773386636601,21.0,0.867905741930008,0.9568184375762939,1.0,0.8818142423406243,0.9358910471200943,0.9725893704220653,,,,,,
20.639999999965237,168.24584211307342,33.608519490668385,123.9349761276533,84.4416258184704,127.46465429147278,87.28897809916675,24.199534507346655,1.9362606901300548,21.0,0.8679116249084473,0.9566048979759216,1.0,0.8816985616460443,0.935579526424408,0.9725602118298411,,,,,,
20.65999999996519,168.27972738859523,33.625700629735064,123.93962292157632,84.37583023993139,127.42578878243161,87.19302784185773,24.237997233022814,1.9065221455024868,21.0,0.8679362177848816,0.9562376022338868,1.0,0.8816548118367792,0.9351955235004425,0.9724517790600657,,,,,,
20.679999999965144,168.3150210207027,33.64203486462967,123.94713664049685,84.31360623943024,127.38661165063743,87.09662675908004,24.275667380731768,1.8576229619711824,21.0,0.8679634928703308,0.9558675050735473,1.0,0.8816184708848596,0.9348008126020432,0.9723425237461925,,,,,,
20.699999999965097,168.35160012009456,33.65754666351596,123.95737933455904,84.25491995187451,127.34713145870896,87.00000000002929,24.312207211490268,1.7950469342441135,21.0,0.8679922103881836,0.9554908633232116,1.0,0.88158492539078,0.9343886435031891,0.9722315041348338,,,,,,
20.71999999996505,168.3893360727657,33.67247710373744,123.96997074040296,84.19692943329905,127.30735683550218,86.90337324097847,24.347499994806093,1.7391563569342376,21.0,0.8680220603942872,0.9551086902618409,1.0,0.8815535912290215,0.9339605569839478,0.9721190897747874,,,,,,
20.739999999965004,168.42809519585595,33.68711927602755,123.98383767363299,84.14127151690487,127.26729647422448,86.80697215820057,24.38209035505965,1.7251163909946672,21.0,0.868055272102356,0.95472092628479,1.0,0.8815307745710016,0.9335317611694336,0.9720049588009715,,,,,,
20.759999999964958,168.46773068654642,33.700666302001856,123.99833387367536,84.0985634742458,127.22695913053465,86.71102190089121,24.416326942992338,1.6827758362649465,21.0,0.8680893898010255,0.9543297767639161,1.0,0.8815102169290185,0.9330953508615494,0.9718900648877025,,,,,,
20.77999999996491,168.5080616992608,33.71161621327963,124.01518393680053,84.06430314114782,127.18635362062919,86.61574656532221,24.448542887923985,1.5185280125872975,21.0,0.8681175112724304,0.9539405345916748,1.0,0.8814739355817437,0.9326050758361817,0.9717768041417003,,,,,,
20.799999999964864,168.54886230709346,33.71864930636035,124.036213019451,84.02841301832562,127.14548881931547,86.52136867145441,24.476671911614698,1.2972361788441145,21.0,0.8681405425071717,0.953553318977356,1.0,0.8814245054498315,0.9320810288190842,0.9716651169583201,,,,,,
20.819999999964818,168.58986853263445,33.7208653898815,124.06032565868942,83.99333700764917,127.104373658072,86.42810864323198,24.500961539582274,1.1506140003454444,21.0,0.8681606769561768,0.9531699180603027,1.0,0.8813686618581414,0.9315687507390976,0.9715551583096385,,,,,,
20.83999999996477,168.6307933659092,33.717724127110856,124.08468844872917,83.96509444623373,127.0630171230964,86.33618429377206,24.523402970811187,1.1067022014888872,21.0,0.8681785345077515,0.9527981281280518,1.0,0.881310416199267,0.9310667365789413,0.9714490501210093,,,,,,
20.859999999964725,168.67134084284592,33.708982332944466,124.1074593533822,83.94143003620522,127.0214282533413,86.24581031665215,24.54554117436976,1.1106264288864562,21.0,0.868193507194519,0.9524447917938232,1.0,0.8812499413266779,0.9305565774440765,0.9713487116619944,,,,,,
20.879999999964678,168.71121858732852,33.69463391053851,124.12821694817211,83.91606417802682,126.97961613853882,86.15719778448334,24.567916469912078,1.12927705217089,21.0,0.8682078301906586,0.9521059036254883,1.0,0.8811923453584314,0.9300473690032959,0.9712527124211192,,,,,,
20.89999999996463,168.75014936182427,33.674828317910816,124.14684401198694,83.88643858085014,126.93758991721387,86.07055365594039,24.590855142593455,1.1688727818674054,21.0,0.8682254493236542,0.9517720222473145,1.0,0.8811459908261896,0.9295623242855072,0.9711578575894236,,,,,,
20.919999999964585,168.78787877684945,33.64979572008963,124.16309356726983,83.85331564580221,126.89535877468687,85.9860802924002,24.61483000158355,1.2313919734981418,21.0,0.8682479739189148,0.9514407038688659,1.0,0.8811146864667535,0.929112434387207,0.9710632411763072,,,,,,
20.939999999964538,168.82417873206896,33.619817393955444,124.1769455772397,83.81679318987835,126.85293194106612,85.90397498531742,24.640163804749676,1.3019722735283616,21.0,0.8682767987251282,0.95111243724823,1.0,0.881102485395968,0.92869773209095,0.9709687916561961,,,,,,
20.95999999996449,168.85884846431895,33.585229169429425,124.1887169362444,83.77578606936284,126.81031868923051,85.82442949544112,24.666889695933936,1.3700853433135787,21.0,0.8683135390281678,0.9507885575294495,1.0,0.8811142692342401,0.9283218950033187,0.9708746401593089,,,,,,
20.979999999964445,168.891714567734,33.54641493409197,124.19876536355868,83.7299824553537,126.7675283328028,85.74762960494867,24.694963711221945,1.4374875448374191,21.0,0.8683589994907379,0.9504678964614868,1.0,0.8811519810929895,0.9279900372028351,0.9707803456112742,,,,,,
20.9999999999644,168.92262903291697,33.50376993282684,124.20734143491929,83.68035178750337,126.724570224114,85.67375468354287,24.724393253360155,1.5049929409410292,21.0,0.8684128165245056,0.9501546144485473,1.0,0.8812157223001122,0.9277071088552475,0.9706870762631297,,,,,,
21.01999999996435,168.9514636919843,33.45766713819553,124.21474306830366,83.62795136378327,126.68145375215938,85.60297726952567,24.755111964851206,1.564614752950011,21.0,0.8684760928153992,0.9498461008071899,1.0,0.8813077995553613,0.9274691283702851,0.9705939261242748,,,,,,
21.039999999964305,168.97809343004812,33.40847715293805,124.22142935095302,83.5733037514486,126.63818834054631,85.535462666827,24.78686291194421,1.6071242589347663,21.0,0.8685494363307953,0.9495407342910767,0.9998462542891502,0.8814295062795282,0.9272720754146576,0.9705003825947642,,,,,,
21.05999999996426,169.00242003779792,33.356251385712085,124.22791578266748,83.51700008179921,126.59478344543464,85.47136855892981,24.81926256711299,1.629482291639164,21.0,0.8686314463615418,0.9492441892623902,0.9994853854179382,0.881578434444964,0.9271171540021896,0.9704081503674388,,,,,,
21.079999999964212,169.0244222617531,33.30114897834585,124.2346356292776,83.46013001098935,126.55124855347003,85.41084464059287,24.851914661515707,1.6325121432693093,21.0,0.868720841407776,0.9489601969718933,0.9991462543606758,0.8817520031705499,0.9270038962364197,0.970318409614265,,,,,,
21.099999999964165,169.0440398282926,33.24334679343515,124.24192388481823,83.40392161267606,126.5075931797104,85.35403226823189,24.884435018933367,1.6161866848818125,21.0,0.8688177943229676,0.9486850142478943,0.9988239780068398,0.8819495925679803,0.9269255816936492,0.9702301112934947,,,,,,
21.11999999996412,169.06119615384875,33.18301575511201,124.25005372002433,83.34936247680335,126.46382686554641,85.30106412977491,24.916430257239455,1.5799871852392329,21.0,0.868922507762909,0.9484140634536743,0.9985128358006478,0.8821705469861627,0.9268743395805359,0.9701419560238719,,,,,,
21.139999999964072,169.07581673988304,33.12032683096061,124.25917868766372,83.29735102334377,126.41995917661602,85.25206393476361,24.94750552453511,1.5242679431299062,21.0,0.8690341830253602,0.9481469392776489,0.9982111141085624,0.8824124881997705,0.9268453389406204,0.9700539318844676,,,,,,
21.159999999964025,169.08787566190188,33.05545379394356,124.26906740039402,83.24864197887554,126.37599970071383,85.20714612542388,24.977270383403994,1.448742904386188,21.0,0.8691514492034913,0.9478853702545166,0.9979194730520249,0.8826720068231225,0.9268349260091782,0.9699666706845165,,,,,,
21.17999999996398,169.09743982129766,32.9885915220895,124.27893240027991,83.20350446916338,126.33195804569556,85.16641560938069,25.005309733109723,1.3512657187297352,21.0,0.8692728161811829,0.9476314067840577,0.9976395577192306,0.8829454550519585,0.926840078830719,0.9698809711262584,,,,,,
21.199999999963932,169.10464591700327,32.919967935818875,124.28769018016888,83.1618084706465,126.28784383737813,85.12996751464155,25.0311597383596,1.229506277217115,21.0,0.8693966090679169,0.9473888158798218,0.9973761782050132,0.883229143358767,0.9268608748912811,0.9697980491444469,,,,,,
21.219999999963886,169.10966671114662,32.849831393646795,124.29419846235808,83.12346535815126,126.24366671743581,85.09788696742055,25.05431965288961,1.0820688704561994,21.0,0.869520753622055,0.9471638679504395,0.99713743776083,0.8835188874974848,0.9269002854824067,0.9697198716923594,,,,,,
21.23999999996384,169.11267869743307,32.77844460327741,124.29740888257282,83.08850931756413,126.19943634129298,85.07024889332219,25.07426632635154,0.9081303295937382,21.0,0.8696427464485169,0.9469642281532288,0.9969329416751862,0.8838096449151636,0.9269616156816483,0.9696488587185741,,,,,,
21.259999999963792,169.11383171251185,32.706077438839074,124.29645377878666,83.05694413260362,126.15516237601373,85.04711784234914,25.090474922216806,0.7086955703416341,21.0,0.8697601914405824,0.9467972397804261,0.9967717915773392,0.8840966353192926,0.9270474523305893,0.969587322883308,,,,,,
21.279999999963746,169.11336069304616,32.63269767829261,124.29065568416492,83.02878352430797,126.11085449818913,85.02854783814273,25.102473833818326,0.48818057463576936,21.0,0.8698710501194,0.9466687679290772,0.9966611728072167,0.8843756029382348,0.9271597802639008,0.9695371000096202,,,,,,
21.2999999999637,169.11138002717377,32.55852046850677,124.27950481520526,83.00413709860032,126.06652239182216,85.01458225180824,25.10990933863233,0.2536438971282802,21.0,0.8699766039848328,0.9465548634529114,0.9965996205806732,0.8846413025632501,0.9272921264171601,0.969469997100532,,,,,,
21.319999999963652,169.10785062118413,32.4838727312488,124.26266168829143,82.9831151971402,126.02217574621127,85.00525370061965,25.11257863576251,0.012854162182775165,21.0,0.8700821936130524,0.9463956356048584,0.9965753555297852,0.8848874578252435,0.9274274915456772,0.9693216292187572,,,,,,
21.339999999963606,169.10349421395992,32.40882361394708,124.23998403826016,82.96569830689218,125.97782425383265,85.0005839718405,25.1104335148728,-0.22651616143146328,21.0,0.8701763272285462,0.9462985396385193,0.9966153502464294,0.8851193675771356,0.9275951683521271,0.9692027417942881,,,,,,
21.35999999996356,169.09817966581116,32.33355157787135,124.21155068368958,82.9517572835279,125.93347760822176,85.00058397183872,25.10357865265627,-0.45686393787324997,21.0,0.8702593088150025,0.9462581872940063,0.9967133000493049,0.8853363463655114,0.92779161632061,0.9691115705296397,,,,,,
21.379999999963513,169.09179080259955,32.2584510254445,124.17767865352134,82.94115454362465,125.88914550185477,85.00525370061435,25.092266755743957,-0.6711292766534185,21.0,0.8703320741653443,0.946269178390503,0.9968635767698288,0.8855394432321191,0.9280147522687912,0.9690457073971629,,,,,,
21.399999999963466,169.0842361423176,32.18397504586936,124.13895032638051,82.93457070741687,125.84483762403013,85.01458225179941,25.076869159656436,-0.8658510745993266,21.0,0.8703962743282319,0.9463220715522767,0.9970568373799324,0.8857306132093072,0.9282607287168503,0.9690007893368602,,,,,,
21.41999999996342,169.07539709031184,32.110395623655286,124.09639802570645,82.93538942753237,125.80056365875086,85.02854783813041,25.05767251594928,-1.0565369098431587,21.0,0.8704529643058777,0.9464080095291137,0.9972827464342118,0.885910345055163,0.9285218805074692,0.9689731685444712,,,,,,
21.439999999963373,169.06511382502265,32.037673135855115,124.05196183641276,82.94486470288804,125.75633328260797,85.04711784233334,25.03436890388767,-1.2803994338567195,21.0,0.8705005884170532,0.9465218544006347,0.9975294187664986,0.8860729763284326,0.9287780046463012,0.9689628092572093,,,,,,
21.459999999963326,169.05317996543374,31.965987068612215,124.0079611362838,82.95735450857694,125.71215616266561,85.07024889330296,25.006377044184735,-1.5138739414705844,21.0,0.8705398321151734,0.9466554164886475,0.9977842822670937,0.8862180838361383,0.9290188044309616,0.9689665762707591,,,,,,
21.47999999996328,169.0393521294117,31.89586417734585,123.96542936807516,82.97230407234919,125.6680419543481,85.09788696739793,24.97429016020941,-1.6780160942465094,21.0,0.8705755114555359,0.9467948079109192,0.9980360314249992,0.8863551268354058,0.9292642563581467,0.968975612334907,,,,,,
21.499999999963233,169.02336657312676,31.828031345341063,123.92421044506807,82.9936777635482,125.62400029932975,85.12996751461559,24.939949578944244,-1.740776112934224,21.0,0.8706106901168824,0.9469309568405151,0.9982780307531357,0.8864899763837457,0.9295145750045777,0.9689842192456126,,,,,,
21.519999999963186,169.00495309070604,31.763267170251762,123.88454483688145,83.02193230904143,125.58004082342748,85.16641560935145,24.905109825983065,-1.735804144856332,21.0,0.8706477642059327,0.9470557451248169,0.9985061213374138,0.8866269895806909,0.9297514021396637,0.96898755710572,,,,,,
21.53999999996314,168.9838507591652,31.702309920397266,123.84768332385731,83.05377644532061,125.53617313449699,85.20714612539142,24.870717700172094,-1.699448882327133,21.0,0.8706894040107728,0.9471566200256347,0.9987106859683991,0.8867699453607202,0.9299673169851304,0.9689792124554515,,,,,,
21.559999999963093,168.95982402786456,31.645796450564475,123.8151879030763,83.08708836769863,125.49240682033289,85.25206393472803,24.837300904958344,-1.6374042645713403,21.0,0.8707396268844605,0.9472167730331421,0.9988781303167343,0.8869252214208245,0.9301689118146896,0.9689500896260143,,,,,,
21.579999999963047,168.93267709350172,31.594201241779068,123.78827935873689,83.1225378828794,125.44875144657316,85.30106412973628,24.80542105220647,-1.5460058844123914,21.0,0.870801317691803,0.9472258567810059,0.9989995688199997,0.8870978066697717,0.930361020565033,0.9688941685482859,,,,,,
21.599999999963,168.90226403300673,31.547785193451976,123.76786813096693,83.16129788445772,125.40521655460842,85.3540322681903,24.77559711343693,-1.4343365899229854,21.0,0.8708752632141114,0.9471832752227783,0.9990739792585372,0.8872896859422327,0.9305414408445358,0.9688104121014476,,,,,,
21.619999999962953,168.86849373941513,31.50658768215861,123.75474607241243,83.20329783904324,125.36181165949662,85.41084464054842,24.74808447755857,-1.3167897216859892,21.0,0.8709619164466859,0.9470907330513001,0.9991027384996414,0.8875025877729058,0.930706974864006,0.9686988083645701,,,,,,
21.639999999962907,168.83133055547228,31.470436098678636,123.74947217734234,83.24810701141331,125.3185462478834,85.47136855888259,24.72292198049871,-1.19966043042317,21.0,0.871060860157013,0.9469527959823608,0.999089139699936,0.8877367267385126,0.9308604419231414,0.9685610024258494,,,,,,
21.65999999996286,168.79079217897927,31.438952342024383,123.75217325183996,83.29605472201708,125.27542977592863,85.53546266677715,24.700086075337662,-1.0847052195243247,21.0,0.8711707949638368,0.9467767119407654,0.999037952721119,0.8879905352368951,0.931006446480751,0.9684003798291088,,,,,,
21.679999999962813,168.74694307256482,31.41146875863064,123.76257070441083,83.34778539435163,125.23247166723968,85.60297726947327,24.679474637637966,-0.9789634636529758,21.0,0.8712899804115296,0.9465727210044861,0.9989573419094085,0.8882621178403497,0.9311480969190598,0.9682216612622142,,,,,,
21.699999999962767,168.6999187044639,31.387127222959002,123.78012088404947,83.40325784319035,125.18968131081179,85.67375468348806,24.66079592319862,-0.892962686597424,21.0,0.8714166998863221,0.9463498711585998,0.9988548874855041,0.8885493585839868,0.9312863528728486,0.9680292097851634,,,,,,
21.71999999996272,168.6498733248327,31.364967773790127,123.80401290328075,83.46182955778585,125.147068058976,85.74762960489157,24.643591182754747,-0.8317181565501655,21.0,0.8715481281280518,0.9461224555969239,0.9987424075603485,0.8888484546914697,0.9314269334077835,0.9678301421925426,,,,,,
21.739999999962674,168.5970147694062,31.343868957228718,123.83306977808792,83.52296910182251,125.10464122535507,85.82442949538188,24.62737498603379,-0.7936030410048935,21.0,0.8716811180114746,0.9459064126014709,0.9986332580447197,0.8891551623120905,0.9315785586833953,0.9676325289532542,,,,,,
21.759999999962627,168.54157307485846,31.32274585844252,123.86576782671385,83.58625832285561,125.06241008282787,85.90397498525617,24.611711623917493,-0.7762055489146754,21.0,0.8718135356903076,0.9457119703292847,0.9985369458794594,0.8894663939252496,0.9317466348409653,0.9674416748806834,,,,,,
21.77999999996258,168.48378207995466,31.300609456163702,123.90038505938995,83.65097386373402,125.02038386150271,85.98608029233709,24.59619533182051,-0.778834932915626,21.0,0.8719437599182129,0.9455468416213989,0.9984617307782173,0.889779813028872,0.9319352030754089,0.9672616926953197,,,,,,
21.799999999962534,168.4238709863228,31.276637622565133,123.93514133791165,83.7160986124032,124.97857174670001,86.07055365587556,24.580432888572112,-0.800560233018105,21.0,0.8720700204372407,0.9454198122024536,0.9984169393777848,0.8900929341092706,0.9321498870849609,0.9670971600338817,,,,,,
21.819999999962487,168.36205489392376,31.25019611724841,123.96829013163526,83.7806003197516,124.93698287694468,86.15719778441694,24.564061112574663,-0.8393474395303433,21.0,0.8725899815559388,0.943825364112854,0.9975019291043281,0.8910883078351617,0.9319334924221039,0.9660722939297557,,,,,,
21.83999999996244,168.29853209758105,31.220882136268358,123.99820464789765,83.84344364396507,124.89562634196884,86.24581031658434,24.54676677316745,-0.8922091194725774,21.0,0.8725411653518678,0.9444515228271484,0.997960302233696,0.8911253103986383,0.9324345767498017,0.966321131400764,,,,,,
21.859999999962394,168.23347765961407,31.18855687230154,124.0234547180442,83.90369191577784,124.85451118072513,86.33618429370298,24.528307605537833,-0.9551248544259603,21.0,0.872513508796692,0.9448951125144959,0.9982565194368362,0.8911713251844049,0.9328507989645004,0.9664905397221446,,,,,,
21.879999999962347,168.1670380357058,31.153343411594232,124.04288131287761,83.96073635544596,124.81364637941115,86.42810864316182,24.508519603941746,-1.024688853817495,21.0,0.8724523782730103,0.9455274105072021,0.9986959859728813,0.8911780485883355,0.9333719968795776,0.96675367038697,,,,,,
21.8999999999623,168.09932693794272,31.11560096106754,124.05569032310639,84.0142217817285,124.77304086950544,86.52136867138333,24.487285637964867,-1.099629710810884,21.0,0.8724010646343232,0.9461590051651001,0.9991540312767029,0.8912129173055291,0.9339308828115463,0.9670068709179759,,,,,,
21.919999999962254,168.03044477281185,31.07415277956286,124.06145703544942,84.08640852109602,124.73270352581534,86.61574656525035,24.46420899136074,-1.245605985438757,21.0,0.8724030792713166,0.946639609336853,0.999552658200264,0.891353721357882,0.9344858169555664,0.9671592680737376,,,,,,
21.939999999962208,167.9604634974474,31.024955504733445,124.06381415970263,84.17941371013518,124.69264316453736,86.71102190081875,24.434738527855856,-1.7621906400623573,21.0,0.8723428070545197,0.9472822785377503,1.0,0.891369272209704,0.9349922299385071,0.9674251524731516,,,,,,
21.95999999996216,167.88915025430552,30.969539714672315,124.06809802044582,84.23806361500296,124.65286854133029,86.80697215812769,24.393326426975577,-2.3357422681590947,21.0,0.872258472442627,0.9479865312576294,1.0,0.8913373598828912,0.9354293525218964,0.9677343098446727,,,,,,
21.979999999962114,167.81650936009308,30.910724208403725,124.06924836556473,84.29100221148148,124.61338834940152,86.90337324090532,24.344118921825654,-2.5123291715306078,21.0,0.8721765756607056,0.9487120866775512,1.0,0.8913199791684747,0.9360313594341279,0.9680478302761912,,,,,,
21.999999999962068,167.74261814446572,30.851411883489483,124.06039628559057,84.36431953522643,124.57421121760704,86.99999999995606,24.294790296135943,-2.4007869637217536,21.0,0.8720632791519165,0.9495104193687439,1.0,0.8912388453260064,0.9366674333810806,0.968414899520576,,,,,,
22.01999999996202,167.66705252556272,30.794469716330635,124.04235065278421,84.44216911941459,124.53534570856556,87.09662675900691,24.248024774329465,-2.2878005387694222,21.0,0.8719773173332215,0.9503214836120606,1.0,0.8912394234910608,0.9372844159603119,0.9687597481533885,,,,,,
22.039999999961974,167.58955636396107,30.742479526602377,124.02028560081632,84.5054075748614,124.49680031678696,87.19302784178485,24.20295713095443,-2.2177236294018825,21.0,0.8718693852424622,0.95115966796875,1.0,0.8911897012963891,0.9378742873668671,0.9691341964527964,,,,,,
22.059999999961928,167.50999589692015,30.697734533583475,123.99756038564462,84.5559640397131,124.45858346681577,87.28897809909431,24.15973368696832,-2.0888220134921496,21.0,0.8717831254005433,0.9518826723098754,1.0,0.8911679515615106,0.9384705692529678,0.9694506732746959,,,,,,
22.07999999996188,167.42844736848562,30.662218583161103,123.97475326885878,84.60341147217451,124.4207035113899,87.38425343466342,24.11997292061843,-1.8781760798547678,21.0,0.8717145383358003,0.9525196552276611,1.0,0.8911711225286126,0.9390796422958374,0.9697226015850902,,,,,,
22.099999999961835,167.3451838337923,30.63757136456536,123.95235541540607,84.64968514021386,122.06370412420533,87.47863132853136,24.08469838269482,-1.6526012767000355,20.852213028395468,0.8716331243515015,0.9531804084777832,1.0,0.8911629982292653,0.9397006869316101,0.9700142709538341,,,,,,
22.119999999961788,167.2606390770237,30.62509874452905,123.93164754682076,84.69104096080676,125.05385298139417,87.571891356754,24.053643809771007,-1.458693983965357,21.0,0.8716429829597474,0.9533250808715821,1.0,0.8913173265755177,0.9400979936122894,0.9700324861332774,,,,,,
22.13999999996174,167.17536286991785,30.62576127243514,123.91359426308759,84.7264861120337,125.1076886079035,87.66381570621412,24.02617533958322,-1.2910440334565318,21.0,0.8716432809829713,0.9532740116119385,1.0,0.8915210492908955,0.940412449836731,0.9699619023129344,,,,,,
22.159999999961695,167.08998773549254,30.640167576368786,123.89830027467154,84.7584776334078,125.16148953023601,87.75418968333427,24.001906766313905,-1.1386637942675455,21.0,0.8717093229293824,0.9531402826309204,1.0,0.8917873091995716,0.9407296925783157,0.969826409034431,,,,,,
22.179999999961648,167.00518915383182,30.66851422266879,123.88552150552927,84.78935001592518,125.21523841028363,87.84280221550338,23.98045573130662,-1.0124817569451796,21.0,0.8717402994632721,0.9530599117279053,1.0,0.8919826276600361,0.9410458147525788,0.9697382776066661,,,,,,
22.1999999999616,166.92165063154985,30.710586183809358,123.87517783445792,84.81975356286183,125.26891792670968,87.92944634404664,23.96111307349599,-0.9299148445075461,21.0,0.8718119621276856,0.9529441952705383,1.0,0.8921526618301868,0.9413218677043915,0.9696319548413157,,,,,,
22.219999999961555,166.84003473722512,30.765770474428706,123.86728450930708,84.85002408096624,125.32251078053082,88.01391970758718,23.942936803519572,-0.8953932162270237,21.0,0.871896255016327,0.9528085947036743,1.0,0.8923498339951038,0.9415952563285828,0.9695075718685985,,,,,,
22.23999999996151,166.76093800935868,30.832857606347137,123.86167957020119,84.88143434494238,125.37599970069203,88.09602501467033,23.925009850817027,-0.9041097306778256,21.0,0.871936595439911,0.9527436375617981,1.0,0.8924442000687123,0.9418436825275421,0.9694479195401072,,,,,,
22.25999999996146,166.6852253179093,30.91004661234592,123.85802732271685,84.91554084189434,125.42936744963237,88.17557050454704,23.90650785390098,-0.9526822396385106,21.0,0.8719766736030579,0.9526790499687194,1.0,0.8925379402935505,0.9420775681734085,0.9693886009976268,,,,,,
22.279999999961415,166.61344213866252,30.994990771898028,123.85597057218821,84.95348131321646,125.48259682883997,88.25237039503992,23.88663851000039,-1.0407147047498082,21.0,0.8720010340213776,0.9526397705078125,1.0,0.8925949163734913,0.9422841489315033,0.9693525044247508,,,,,,
22.29999999996137,166.5453617381491,31.08510005321729,123.85519950471121,84.99565262962727,125.53567068439467,88.32624531644618,23.86464262542891,-1.1639922394424256,21.0,0.8720207929611207,0.9526079058647156,1.0,0.8926411159336567,0.9424622595310211,0.9693232147023082,,,,,,
22.319999999961322,166.48124876985082,31.17819737094587,123.85534886906115,85.04241375552492,125.58857191249594,88.39702273046386,23.839915130438488,-1.3118701620786206,21.0,0.8720209479331971,0.9526076555252075,1.0,0.8926414914429188,0.9426039695739746,0.9693229762837291,,,,,,
22.339999999961275,166.4211341205172,31.27223284260756,123.85595342373162,85.0941726128423,125.64128346497488,88.46453733316302,23.81207660952734,-1.4734639377307885,21.0,0.8719075798988343,0.952790355682373,1.0,0.892376334220171,0.9426719516515731,0.9694908348843455,,,,,,
22.35999999996123,166.36494518171835,31.36534774865178,123.85652589859257,85.15069808522315,125.69378835478827,88.52863144106075,23.780951549160957,-1.6387882327984555,21.0,0.8718788027763367,0.9528366804122925,1.0,0.8923090286552906,0.9427379965782166,0.9695333449169994,,,,,,
22.379999999961182,166.3125518981697,31.455982532766342,123.85656644246855,85.21141414389226,125.74606966149287,88.58915535939823,23.746570503512064,-1.7973211947216858,21.0,0.8718330264091492,0.9529103398323059,1.0,0.8922019250690937,0.9427643537521362,0.9696009127423167,,,,,,
22.399999999961135,166.2637805820126,31.54291647089699,123.85556633830222,85.2754905992717,125.7981105366982,88.6459677317598,23.70917040662664,-1.939167701257712,21.0,0.8717697620391847,0.9530120134353638,1.0,0.8920539446175099,0.9427525162696838,0.9696941105648875,,,,,,
22.41999999996109,166.21842780012943,31.625270830085356,123.85303182427997,85.34184178865138,125.84989420949633,88.69893587021737,23.669169512232198,-2.0561911337877117,21.0,0.871689248085022,0.9531412363052368,1.0,0.8918655879795552,0.9427052974700928,0.9698124615475535,,,,,,
22.439999999961042,166.1762848693352,31.702531832653918,123.8485237179315,85.4087704533286,125.90140399186632,88.74793606522928,23.627137727213388,-2.1406685855753524,21.0,0.8715922832489014,0.9532966256141663,1.0,0.8916387386620045,0.9426267743110657,0.9699546067044139,,,,,,
22.459999999960996,166.13717133615245,31.774591511185196,123.84161042274503,85.47417784679632,125.9526232840524,88.79285387456964,23.583844426594133,-2.180139684456828,21.0,0.8714806318283081,0.9534752249717713,1.0,0.8913775034248829,0.9425239443778992,0.970117780379951,,,,,,
22.47999999996095,166.10091925529517,31.84159456771123,123.83177304249828,85.53699755572218,126.00353557991329,88.83358439061345,23.540282207232824,-2.1675552621045777,21.0,0.8713565170764923,0.9536733508110047,1.0,0.8910870857536793,0.942405515909195,0.97029850166291,,,,,,
22.499999999960902,166.0673760999961,31.903872543376142,123.81863789025412,85.5957337383824,126.05412447224168,88.87003248535325,23.49745988139378,-2.1072746530173316,21.0,0.8712218105792999,0.9538878917694091,1.0,0.8907718546688557,0.9422760516405105,0.9704938856884837,,,,,,
22.519999999960856,166.03641274586897,31.96181463097953,123.80208790027568,85.64830937940208,126.10437365805159,88.90211303257492,23.456275848729216,-2.0040815078804775,21.0,0.8710790634155274,0.9541146636009217,1.0,0.890437800437212,0.9421421706676483,0.970700022391975,,,,,,
22.53999999996081,166.00819228468757,32.01590076499597,123.78213372713077,85.69302757126809,126.15426694383225,88.92975110667396,23.41758100096248,-1.8582461966533168,21.0,0.8709308743476868,0.9543494820594788,1.0,0.890090972930193,0.9420128583908081,0.970913085155189,,,,,,
22.559999999960763,165.9828200892129,32.06689749332248,123.75882646161723,85.72881892790025,126.20378825076678,88.95288215764771,23.382225803841497,-1.6705870754245877,21.0,0.8707799792289734,0.9545879125595093,1.0,0.8897378452122212,0.9418956875801087,0.9711290089413523,,,,,,
22.579999999960716,165.9597766092367,32.11547207358581,123.7323066763206,85.7548424102427,126.25292161991365,88.9714521618548,23.351004084966547,-1.4459987991791838,21.0,0.8706289172172547,0.9548259973526001,1.0,0.8893842943012714,0.9417957425117492,0.9713441817089915,,,,,,
22.59999999996067,165.9391483338779,32.16228462428787,123.70285862841232,85.77033209190373,126.30165121734984,88.98541774819,23.32458449491238,-1.19158097890866,21.0,0.8704818487167358,0.9550455927848815,1.0,0.8890352614223958,0.9417127907276154,0.9715393988415599,,,,,,
22.619999999960623,165.92095974229815,32.208154101723615,123.67089505888161,85.77479676513028,126.34996133927345,88.9947462993793,23.303492876211454,-0.9143475429763903,21.0,0.8703546404838562,0.9551273703575134,1.0,0.8886882551014423,0.9416145265102387,0.9715837327763438,,,,,,
22.639999999960576,165.90525775455168,32.25377044485874,123.63692134994993,85.76817266926113,126.39783641706448,88.99941602815915,23.28811499755315,-0.6214864401267226,21.0,0.8702333271503448,0.9552053213119507,1.0,0.8883573956787586,0.941546282172203,0.9716259924694896,,,,,,
22.65999999996053,165.8921109380894,32.29973363127959,123.60152671747053,85.7507722596181,126.44526102230206,88.99941602816163,23.27868223075584,-0.32132515592499883,21.0,0.8701189517974854,0.9552787780761719,1.0,0.8880455203354359,0.941509085893631,0.9716658322140574,,,,,,
22.679999999960483,165.8816024984001,32.34654545149937,123.56538668057186,85.72319683326378,126.49221987173651,88.99474629938672,23.275249364495856,-0.023041821597153272,21.0,0.8700124621391296,0.9553471565246582,1.0,0.887755186110735,0.9415025353431702,0.9717029063031077,,,,,,
22.699999999960436,165.87382301296694,32.394598258508324,123.52924792168866,85.68634808067507,126.53869783221448,88.98541774820235,23.277687503966,0.2642976291424096,21.0,0.8699142932891846,0.9554101586341858,1.0,0.8874876148998737,0.9415246427059174,0.971737071685493,,,,,,
22.71999999996039,165.86886174018574,32.444137800642935,123.49390407393548,85.64161269010332,126.58467992555595,88.97145216187207,23.285688267341257,0.5315535360235543,21.0,0.8698244094848633,0.9554678320884704,1.0,0.8872426636517048,0.9415719121694565,0.9717683522030711,,,,,,
22.739999999960343,165.86679506898244,32.495187895297825,123.4602139402021,85.5909020407405,126.63015133338105,88.95288215766982,23.29873819863459,0.7670972619600376,21.0,0.8697421252727509,0.9555206060409546,1.0,0.8870184727013112,0.9416384637355805,0.9717969862744212,,,,,,
22.759999999960296,165.86767900867247,32.547581686632086,123.42912475846322,85.53603089822387,126.67509740188555,88.92975110670089,23.316084621487697,0.9597308195277886,21.0,0.8696661412715913,0.9555693149566651,1.0,0.8868114896118641,0.9417157530784607,0.9718234149739147,,,,,,
22.77999999996025,165.87154406383877,32.60101634414219,123.40157043391328,85.47886948618262,126.71950364656327,88.9021130326066,23.336803199286763,1.103891874781811,21.0,0.8695948362350464,0.9556150197982788,1.0,0.886617273837328,0.9417955666780472,0.9718482224270701,,,,,,
22.799999999960203,165.87839205197002,32.655101178346754,123.37833628179587,85.4215635037027,126.76335575687386,88.8700324853896,23.359911357668842,1.1987377812061264,21.0,0.8695261776447296,0.955659031867981,1.0,0.8864302940666676,0.9418690264225006,0.9718720881268382,,,,,,
22.819999999960157,165.8881949246205,32.70939885611955,123.36001402862433,85.36628841810833,126.80663960085464,88.8335843906544,23.38442778581386,1.2448647349811317,21.0,0.8694579184055329,0.9557027578353882,1.0,0.8862444527447224,0.9419260263442993,0.9718958107754588,,,,,,
22.83999999996011,165.9008954238421,32.76345979165151,123.34701433710268,85.31493055048107,126.84934122967475,88.79285387461508,23.409391248772003,1.2438657926183614,21.0,0.868930983543396,0.9560400009155273,1.0,0.884811020642519,0.9415958523750305,0.972078844718635,,,,,,
22.859999999960063,165.91640938304806,32.81684995484697,123.33956205540139,85.26902451138089,126.89144688213044,88.74793606527909,23.43389368485379,1.1996419979326167,21.0,0.8686416149139404,0.9562249422073364,1.0,0.8840249367058277,0.9414199829101563,0.9721792547032237,,,,,,
22.879999999960017,165.93462913415664,32.86907592559758,123.33767361930015,85.22979602648071,126.93294298907973,88.69893587027146,23.457131142228874,1.1185971508976074,21.0,0.8683630287647248,0.9564028024673462,1.0,0.8832689352333546,0.9412140130996705,0.9722758499905467,,,,,,
22.89999999995997,165.9554999759009,32.919700133530405,123.34115183752529,85.19812127914165,126.97381617781535,88.64596773181803,23.47844491611209,1.0086792091015697,21.0,0.8681173086166383,0.9565595269203186,1.0,0.8826028294861317,0.9409909844398499,0.9723609892651439,,,,,,
22.919999999959924,165.97888035958016,32.968556667424686,123.34960421025893,85.17443534423897,127.0140532763742,88.58915535946048,23.497344305548353,0.8786891681990296,21.0,0.8678570032119751,0.9567254066467286,1.0,0.8818980403244495,0.9407101750373841,0.9724511353299021,,,,,,
22.939999999959877,166.00463706234277,33.01550294509678,123.36248762380313,85.15784011471459,127.05364131778222,88.52863144112686,23.51353285794871,0.740691307127575,21.0,0.8675852537155152,0.9568984270095825,1.0,0.8811631985008717,0.9403726309537888,0.9725451676174999,,,,,,
22.95999999995983,166.03279193356954,33.06061474058479,123.37898088242395,85.14581023873524,127.09256754423323,88.46453733323283,23.527118519673742,0.624521412889023,21.0,0.8673451125621796,0.9570511937141418,1.0,0.880514670163393,0.9400169253349304,0.9726282207295298,,,,,,
22.979999999959784,166.0634436289112,33.10408403513357,123.39768767072103,85.1378513344009,127.13081941120028,88.39702273053722,23.538845207740913,0.556991850813258,21.0,0.8670998096466065,0.9572071075439453,1.0,0.8798531122505665,0.9396242737770081,0.9727130142971874,,,,,,
22.999999999959737,166.09672228949353,33.14615666082999,123.41713135256447,85.13286491682233,127.16838459147827,88.3262453165229,23.54972694905381,0.538499673599488,21.0,0.8668792009353639,0.9573472023010254,1.0,0.879258967190981,0.9392212778329849,0.9727892128750681,,,,,,
23.01999999995969,166.13276634451688,33.187097719620915,123.4362173742545,85.1279833991172,127.20525097915662,88.25237039511984,23.560649720686303,0.5601256471882138,21.0,0.8667148709297181,0.9574515104293824,1.0,0.8788169093430043,0.9388383954763413,0.9728459684178233,,,,,,
23.039999999959644,166.17171632173677,33.22717763259263,123.45413570667532,85.12011555393934,127.24140669352053,88.17557050462996,23.572396824428008,0.6216904194022294,21.0,0.8665287017822266,0.9575695991516113,1.0,0.8783166952431203,0.9384250521659852,0.9729102222248912,,,,,,
23.059999999959597,166.21370875417742,33.26665831957996,123.47012288740984,85.10722938889742,127.27684008287974,88.09602501475608,23.58581530316707,0.7276655001111403,21.0,0.8663898348808289,0.9576576232910157,1.0,0.8779439575970174,0.938050064444542,0.9729581324383616,,,,,,
23.07999999995955,166.25886148138878,33.30577098490976,123.4834954583982,85.0879729663124,127.31153972832345,88.01391970767554,23.6017846434724,0.8756081339178193,21.0,0.866215318441391,0.9577682018280029,1.0,0.8774760492146015,0.9376553952693939,0.9730183331295847,,,,,,
23.099999999959504,166.30726830023954,33.34470675364165,123.49382703563998,85.06084152886483,127.34549444740017,87.9294463441374,23.621060069451808,1.056666503949205,21.0,0.866095781326294,0.9578438997268677,1.0,0.8771558828651905,0.9373205333948136,0.9730595557019115,,,,,,
23.119999999959457,166.35898681446582,33.383601545573576,123.50097906475172,85.02458622311877,127.37869329772153,84.01961362679302,23.644211624098,1.2617677913784087,21.0,0.8660216808319092,0.9578908205032348,1.0,0.876957518607378,0.9258946374058723,0.9730934320017696,,,,,,
23.13999999995941,166.41402507539385,33.422522150769204,123.50505071465459,84.9786523909096,127.41112558048849,86.03866334716153,23.67162895203144,1.481611915799486,21.0,0.865988439321518,0.9579118490219116,1.0,0.8768686003983022,0.9299321264028549,0.9731048880144954,,,,,,
23.159999999959364,166.47236208913023,33.46143249929794,123.50636077339868,84.92291168899297,127.44278084393927,86.07731224395407,23.7035105323148,1.7066109123874462,21.0,0.8659629940986634,0.9579279661178589,1.0,0.8768005259335041,0.930258609354496,0.9731136618182064,,,,,,
23.179999999959318,166.5339201425064,33.50030131037152,123.505415846672,84.85777161875323,127.47364888671758,86.11593224540943,23.739862244494898,1.927010011521856,21.0,0.8660096883773805,0.9578984022140503,1.0,0.87692543938756,0.930683434009552,0.973097568564117,,,,,,
23.19999999995927,166.59859658772461,33.53900658936038,123.50287735073171,84.7839480644784,127.5037197611601,86.15450891735902,23.780502389144687,2.134140070718299,21.0,0.8660370826721192,0.9578810691833496,1.0,0.8769987531006337,0.9311308920383453,0.9730881152674555,,,,,,
23.219999999959224,166.66623818527788,33.577436058550425,123.49931499010835,84.6897704802786,127.53298377650228,86.19302784182858,23.825239014165774,2.356039263906449,21.0,0.8661115050315857,0.9578339576721191,1.0,0.877197951823473,0.9316517949104309,0.9730624614283443,,,,,,
23.239999999959178,166.73663806641298,33.61541588282639,123.49202816162052,84.55557088131539,127.56143150200131,86.2314746224269,23.876564842721773,2.838189452015623,21.0,0.866229236125946,0.9577593803405762,1.0,0.8775133319199085,0.9322898775339127,0.9730218706652523,,,,,,
23.25999999995913,166.80954291439474,33.65270784300186,123.47469561317516,84.41328058576906,127.58905376997538,86.26983488972641,23.940609083070772,3.582087052044682,21.0,0.8664066791534424,0.9576469421386719,1.0,0.8779891557991505,0.9331372231245041,0.9729606566950679,,,,,,
23.279999999959085,166.88465785059236,33.6890229122688,123.44725583573215,84.26623171838757,127.61584167875796,86.30809430663378,24.01916880509856,4.232750234331753,21.0,0.8666719794273376,0.9574787139892578,1.0,0.8787016279995442,0.9340885579586029,0.9728691039606929,,,,,,
23.299999999959038,166.96164230048237,33.72403114301108,123.41654566677795,84.0978578244874,127.64178659556664,86.34623857374834,24.108029325030607,4.609888930334276,21.0,0.8669737696647645,0.9572871685028076,1.0,0.879513580352068,0.9350887715816498,0.9727648792788386,,,,,,
23.31999999995899,167.0401255449182,33.757386180856585,123.38899689608692,83.91080462159701,127.66688015928507,86.38425343470654,24.202231720190348,4.7856539890111085,21.0,0.8673148393630982,0.9570704460144043,1.0,0.8804329760372639,0.9362063318490982,0.9726470170542598,,,,,,
23.339999999958945,167.11970956520875,33.788727495668,123.36792929943827,83.7240122185581,127.69111428315746,86.42212468151011,24.298562812112934,4.823182564086322,21.0,0.8676706731319428,0.9568440675735473,1.0,0.8813940532505512,0.9374108195304871,0.9725239453837276,,,,,,
23.359999999958898,167.19996784185227,33.817684092646125,123.35587673276906,83.55150673193141,127.71448115739469,86.45983815983642,24.39398461067981,4.684832964914682,21.0,0.8680178940296174,0.9566228985786438,1.0,0.8823335595428944,0.9386077255010605,0.9724037466570735,,,,,,
23.37999999995885,167.28043649986762,33.84375071305192,123.35591296282992,83.39902612987753,127.73697325169107,86.49737977432858,24.484517248054857,4.333048464793509,21.0,0.8683709502220154,0.9563977479934692,1.0,0.8832904167473317,0.9397523462772369,0.9722814379259944,,,,,,
23.399999999958805,167.36060153144223,33.86604575799182,123.3706369171098,83.2722394772429,127.75858331765114,86.5347354938635,24.566024424715525,3.7896291141407827,21.0,0.8687148869037629,0.9561781167984009,1.0,0.8842239029705524,0.9408095836639404,0.9721621571108698,,,,,,
23.41999999995876,167.4399005629746,33.8838266859084,123.40124778769976,83.17941031035312,127.77930439112555,86.57189135679609,24.635133222651525,3.100003750517374,21.0,0.869036877155304,0.9559722900390625,1.0,0.8850988931953907,0.9417464435100555,0.9720504222437739,,,,,,
23.43999999995871,167.51773639433154,33.8966093494513,123.44779112330022,83.12793873987725,127.79912979445531,86.60883347617737,24.6892544566767,2.294404498650061,21.0,0.8693258523941041,0.9557873487472535,1.0,0.8858849950134754,0.9425209879875183,0.9719500361010432,,,,,,
23.459999999958665,167.59350214440866,33.90416236097463,123.50971607451017,83.12169327206888,127.81805313862384,86.6455480449447,24.726270483476355,1.3933698678235413,21.0,0.8695740103721619,0.9556283712387085,1.0,0.8865605540573597,0.9430972635746002,0.9718637881800533,,,,,,
23.47999999995862,167.66661045922135,33.90649372315478,123.58596445237094,83.16168084276023,127.83606832531588,86.68202134108216,24.744558227188225,0.42808843491382487,21.0,0.8697723686695099,0.9555011987686157,1.0,0.8871008701622486,0.9434525281190872,0.9717948017641902,,,,,,
23.499999999958572,167.73651498790696,33.903807883403324,123.67477933987954,83.24747473005284,127.85316954888275,86.71823973274907,24.743254882310524,-0.5581232255602739,21.0,0.8699127852916718,0.9554111242294312,1.0,0.8874835081398488,0.9435761153697968,0.9717459378764033,,,,,,
23.519999999958525,167.80273026808203,33.896470650635315,123.77369121481672,83.37709271816131,127.86935129821329,86.75418968337497,24.7223884481109,-1.5212896753577168,21.0,0.8699915528297425,0.9553605794906617,1.0,0.8876982100307942,0.9434665709733963,0.9717185197398066,,,,,,
23.53999999995848,167.864850623069,33.88498631366623,123.8797049440117,83.54628728342837,127.88460835850996,86.78985775671882,24.682818006439934,-2.4223365871050238,21.0,0.8700080037117005,0.9553500175476074,1.0,0.8877430327236653,0.9431309640407562,0.9717127857729793,,,,,,
23.559999999958432,167.92256656885536,33.869980579123286,123.98947222975649,83.74855188073246,127.89893581296931,86.8252306218908,24.626151563735757,-3.224907405136339,21.0,0.869963014125824,0.9553788900375366,1.0,0.8876204021275044,0.9425866454839706,0.9717284498736263,,,,,,
23.579999999958385,167.97567713436877,33.85218565184083,124.09937974144722,83.97575426894399,127.91232904436653,86.86029505833471,24.554711946188323,-3.8940510515530855,21.0,0.8698599696159364,0.9554450154304505,1.0,0.8873395629227162,0.9418619126081467,0.9717643080279231,,,,,,
23.59999999995834,168.02409646401338,33.83243085150784,124.20564332151618,84.21870780616734,127.92478373654338,86.89503796076914,24.471485217767896,-4.399061249773387,21.0,0.8697053790092468,0.9555441617965699,1.0,0.8869183607399463,0.9409940063953399,0.9718180952593685,,,,,,
23.619999999958292,168.06788110926777,33.81155676918353,124.30446969201316,84.46752897589383,127.93629587579917,86.92944634408555,24.37999857836185,-4.716969817405232,21.0,0.8695083856582642,0.955670428276062,1.0,0.8863818474113941,0.9400266140699387,0.9718866048380732,,,,,,
23.639999999958246,168.10721222822096,33.79047988392398,124.39225705603532,84.71200289968715,127.94686175218426,86.96350734820138,24.28414695468692,-4.834005553665476,21.0,0.8692798376083375,0.9558168053627014,1.0,0.8857597716152669,0.9390075117349624,0.971966033987701,,,,,,
23.6599999999582,168.14241060524375,33.77007275203371,124.4657787821993,84.94202475858329,127.95647796069552,86.99720824286659,24.188014393228013,-4.744828823470267,21.0,0.8690316796302796,0.955975604057312,1.0,0.885084778815508,0.9379868239164353,0.9720522223040462,,,,,,
23.679999999958152,168.17390229805002,33.75122787157781,124.52232961373721,85.1482326175483,127.96514140237379,87.03053643242148,24.09571150132298,-4.452231863032187,21.0,0.8687766075134278,0.9561386942863465,1.0,0.8843915410339832,0.9370150208473206,0.9721407471224666,,,,,,
23.699999999958106,168.20220966390698,33.73477149039691,124.55987045642459,85.32245655835933,127.97284928530246,87.06347946050437,24.01120412750536,-3.968026653410917,21.0,0.8685274958610535,0.9562978148460388,1.0,0.8837151356041432,0.9361398756504059,0.972227161936462,,,,,,
23.71999999995806,168.22793698932844,33.721427121031205,124.57716638816582,85.4579976200376,127.97959912550725,87.09602501470708,23.938129900903444,-3.3131075402098435,21.0,0.868296766281128,0.9564450740814209,1.0,0.8830892391502857,0.9354041427373886,0.9723071394488215,,,,,,
23.739999999958012,168.25175210625838,33.7117812977515,124.5738865878091,85.5498761400582,127.98538874775672,87.12816093117671,23.879627224519165,-2.5162407209920175,21.0,0.8680958271026612,0.956573224067688,1.0,0.882544643431902,0.9348440319299698,0.9723767576739192,,,,,,
23.759999999957966,168.2743607545612,33.706254768280296,124.55064759349915,85.59504815564546,127.9902162862632,87.15987519916187,23.838193687485987,-1.6124885776746025,21.0,0.8679346263408662,0.9566759586334228,1.0,0.8821081168949604,0.9344878673553467,0.9724325833842158,,,,,,
23.77999999995792,168.29647761929382,33.70508167612765,124.50900236431482,85.5925181998468,127.99408018528415,87.19115596550168,23.81557487106985,-0.6417446550600071,21.0,0.8678214311599732,0.9567480683326721,1.0,0.8818017788231373,0.9343547761440277,0.9724717674776912,,,,,,
23.799999999957873,168.3187965363577,33.708298171479896,124.45137976775081,85.54333253062462,127.99697919962347,87.22199153905582,23.81268333062768,0.35288183001400786,21.0,0.8677623867988586,0.9567856788635254,1.0,0.8816420502960682,0.9344541400671005,0.9724922118708491,,,,,,
23.819999999957826,168.34196137942527,33.71574101211979,124.38097350633502,85.45048809772769,127.99891239503278,87.25237039507417,23.82955349918969,1.3270407562127755,21.0,0.8677614688873292,0.9567862510681152,1.0,0.8816395826637745,0.9347853541374207,0.9724925337359309,,,,,,
23.83999999995778,168.36653909556412,33.727056122184614,124.30158245316652,85.31878501908187,127.99987914851252,87.28228117950407,23.86533821531983,2.237272946407875,21.0,0.8678202152252198,0.9567488431930542,1.0,0.8817984946072102,0.9353379219770431,0.9724721966311336,,,,,,
23.859999999957733,168.39299621956016,33.741716336659586,124.2174136811745,85.15462375911319,127.99987914851272,87.31171271323396,23.918346829010027,3.042999480297276,21.0,0.8679377257823945,0.9566739797592163,1.0,0.8821165092289448,0.9360921174287796,0.9724315224215389,,,,,,
23.879999999957686,168.42167995078512,33.759046979361685,124.13286506569833,84.96574690549203,127.99891239503336,87.34065399627148,23.98612059769716,3.7082588808495323,21.0,0.868110740184784,0.9565637111663818,1.0,0.8825850553810597,0.9370198249816895,0.9723715959116817,,,,,,
23.89999999995764,168.45280455737208,33.7782575112809,124.05230384022042,84.76092606455899,127.99697919962445,87.36909421185482,24.06554051663113,4.203233702890329,21.0,0.8683336138725282,0.9564215660095214,1.0,0.8831891484558583,0.9380855828523635,0.9722943840548396,,,,,,
23.919999999957593,168.48644359625442,33.798477391702434,123.97985290720416,84.54963246564816,127.99408018528553,87.3970227304953,24.152964806194852,4.505654215898062,21.0,0.8685985684394837,0.9562524318695068,1.0,0.8839080519974232,0.9392479717731476,0.9722025213763118,,,,,,
23.939999999957546,168.5225285032392,33.81879425347706,123.91920189743409,84.34174128148828,127.99021628626498,87.42442911395027,24.24438704571613,4.601346118218926,21.0,0.8688958764076233,0.9560624480247497,1.0,0.8847156174480916,0.9404612094163894,0.9720993576571345,,,,,,
23.9599999999575,168.5608544387764,33.83829289410978,123.8734606476338,84.14711253101599,127.98538874775889,87.45130311912433,24.335600508764593,4.484546943173098,21.0,0.8692141890525819,0.9558588266372681,1.0,0.8855811603367328,0.9416765362024307,0.971988838724792,,,,,,
23.979999999957453,168.60109065755452,33.856093393083825,123.84504422541549,83.97520377526428,127.97959912550981,87.47763470189768,24.422372010672728,4.158434353869999,21.0,0.8695409536361695,0.9556495666503906,1.0,0.886470527201891,0.9428445070981979,0.9718752799555659,,,,,,
23.999999999957407,168.64279287195248,33.871387032147325,123.83559112135475,83.83470708618268,127.9728492853054,87.50341402088009,24.500622054809053,3.6351473949914292,21.0,0.869862824678421,0.9554431796073913,1.0,0.8873473472893239,0.9439163684844971,0.9717633305117488,,,,,,
24.01999999995736,168.68542210196244,33.88346899822554,123.8459191444962,83.7331593377236,127.96514140237713,87.52863144108908,24.566599451714513,2.935267949565185,21.0,0.8701663076877595,0.9552483797073364,1.0,0.8881746478378773,0.9448466747999191,0.9716576633974909,,,,,,
24.039999999957313,168.7283678470387,33.89176699486165,123.87601520985876,83.67654706033129,127.95647796069925,87.55327753755105,24.617043301140342,2.087120956038489,21.0,0.8704383373260498,0.9550735712051391,1.0,0.8889165766537189,0.9455947250127792,0.9715628920122981,,,,,,
24.059999999957267,168.77097407680552,33.8958650862461,123.92504966945252,83.6689548037474,127.94686175218837,87.5773430988238,24.649329984046044,1.1259525942650104,21.0,0.8706899106502534,0.954729950428009,1.0,0.889527041465044,0.9460662841796875,0.9712657509371638,,,,,,
24.07999999995722,168.8125671612319,33.895522152947585,123.99140939228553,83.71228725450226,127.93629587580368,87.60081913043926,24.661600880829816,0.09278999975801196,21.0,0.8708885908126831,0.9544163584709168,1.0,0.8899920292198659,0.9462969303131104,0.9709820209071041,,,,,,
24.099999999957173,168.8524847916876,33.89068429866971,124.07274961769872,83.80608561932495,127.92478373654826,87.62369685826526,24.65286282367325,-0.9671519557717134,21.0,0.8710175037384034,0.9542122840881347,1.0,0.8902937181293965,0.9462949395179748,0.9707969961687922,,,,,,
24.119999999957127,168.89010488939962,33.881490639132544,124.16606723913716,83.94746069513677,127.9123290443718,87.64596773178475,24.62305247140171,-2.0064654452725805,21.0,0.8710707068443299,0.9541279315948487,1.0,0.8904182381927968,0.9460595935583115,0.9707203922793269,,,,,,
24.13999999995708,168.92487341527664,33.86827192355686,124.26779814804821,84.13116811334692,127.89893581297497,87.66762342729159,24.573057772128802,-2.9778251443836883,21.0,0.8710460901260376,0.9541669726371765,1.0,0.8903606243431569,0.9456011980772019,0.9707558570429683,,,,,,
24.159999999957034,168.9563271587781,33.85108176934799,124.37409964711732,84.35893157040236,127.884608358516,87.68865585100151,24.504558879071755,-3.865019382166513,21.0,0.8709453642368317,0.9543265461921692,1.0,0.8901248998939991,0.9449410319328309,0.9709006248041987,,,,,,
24.179999999956987,168.9840977861189,33.82976399445049,124.48245279147157,84.61392233067208,127.8693512982197,87.70905714207719,24.418664001106094,-4.705740470257452,21.0,0.8707630038261414,0.9546147227287293,1.0,0.8896981008350849,0.9440696448087692,0.9711615858599544,,,,,,
24.19999999995694,169.0079273837879,33.805622534684524,124.58870879604179,84.86061202188483,127.85316954888954,87.72881967556614,24.318255582404877,-5.258577509418532,21.0,0.8705201327800751,0.9549970149993896,1.0,0.8891297049820424,0.9430619508028031,0.9715068159624934,,,,,,
24.219999999956894,169.02770879072682,33.78043943346823,124.6830290239315,85.10229808591603,127.83606832532304,87.74793606525063,24.211813289923967,-5.302723429168546,21.0,0.8702716290950776,0.9551807165145874,1.0,0.8884618528187275,0.9419909447431565,0.9716209826990962,,,,,,
24.239999999956847,169.0435103611468,33.755922126768276,124.7562363860636,85.34133036470278,127.81805313863137,87.76639916640819,24.10862435881034,-4.977247077918893,21.0,0.8700065970420838,0.955350923538208,1.0,0.8877392120659352,0.940911841392517,0.9717132864519954,,,,,,
24.2599999999568,169.05557876610646,33.733752949377084,124.80562707625616,85.55474043720878,127.79912979446321,87.78420207848201,24.01362611936753,-4.507159950596492,21.0,0.8697343707084656,0.9555255770683289,1.0,0.8869973428547383,0.9398328423500061,0.9718080101534724,,,,,,
24.279999999956754,169.0643315903439,33.715178734030104,124.83223664386054,85.72764788954555,127.7793043911338,87.80133814765992,23.928976152433187,-3.9440010393237714,21.0,0.8694688200950623,0.9556957721710205,1.0,0.886274141818285,0.938856890797615,0.9719003496691585,,,,,,
24.299999999956707,169.07033536874937,33.70021873796379,124.8379265766329,85.8633348587639,127.75858331765978,87.81780096936137,23.85618565360094,-3.330918820782731,21.0,0.8692190825939179,0.9558557033538818,1.0,0.8855944581329823,0.9380510330200196,0.9719871340319515,,,,,,
24.31999999995666,169.07425771716964,33.68890161174618,124.82542556946466,85.95476984094181,127.73697325170006,87.833584390631,23.79597479325851,-2.6796039831337732,21.0,0.8689925670623779,0.9560006380081176,1.0,0.8849784202873707,0.9374083340167999,0.972065812163055,,,,,,
24.339999999956614,169.07681944563086,33.68130185157858,124.79655996813462,86.00053922631815,127.71448115740404,87.8486825124384,23.74963153509039,-1.9356606706854713,21.0,0.8688008069992066,0.9561232209205628,1.0,0.8844572968780995,0.9369664669036866,0.9721323547884821,,,,,,
24.359999999956568,169.07875952433545,33.67744694670607,124.75207316740205,86.0048847923241,127.69111428316717,87.86308969188279,23.719274027876185,-1.0852741401930948,21.0,0.8686524629592896,0.9562180042266846,1.0,0.8840543694794178,0.9367384195327759,0.9721838293597103,,,,,,
24.37999999995652,169.08080370390508,33.6772955191505,124.69322786463431,85.9695366474309,127.66688015929513,87.87680054430213,23.706607770668512,-0.17673414639282892,21.0,0.8685530006885529,0.9562815308570862,1.0,0.8837843544781209,0.9367120116949081,0.9722183285281062,,,,,,
24.399999999956474,169.08363425149147,33.68072496671053,124.62248876051909,85.89419198591428,127.64178659557706,87.8898099452855,23.712230944164656,0.7365778752993947,21.0,0.8685045838356018,0.9563124418258667,1.0,0.883652950078249,0.9368823856115341,0.9722351131960749,,,,,,
24.419999999956428,169.0878632623957,33.68752344946646,124.54299837499387,85.78109215306961,127.61584167876872,87.9021130325885,23.73587276478988,1.620126120372291,21.0,0.8685119330883027,0.9563077449798584,1.0,0.8836728997528553,0.9372548639774323,0.9722325621172786,,,,,,
24.43999999995638,169.0940105636647,33.69738644778932,124.45816147943984,85.63567280143286,127.58905376998646,87.91370520795037,23.77661681603958,2.440393993519053,21.0,0.8685762524604798,0.9562666893005372,1.0,0.8838474698364734,0.9378217250108719,0.9722102580592036,,,,,,
24.459999999956334,169.10248530514605,33.70991747230671,124.3716863936636,85.46463412999316,127.56143150201275,87.92458213881268,23.832786838356387,3.155474967593941,21.0,0.8686938405036927,0.9561915755271911,1.0,0.8841667242348195,0.9385584175586701,0.9721694765612483,,,,,,
24.479999999956288,169.11357212213406,33.72463398702055,124.2875667042365,85.27508810450918,127.53298377651404,87.93473975993857,23.901867848576376,3.725788781033152,21.0,0.8688608348369599,0.9560848474502563,1.0,0.8846203871071339,0.9394351422786713,0.9721115289255977,,,,,,
24.49999999995624,169.12742298548739,33.740978883544166,124.20978611341688,85.07501309777254,127.5037197611722,87.94417427493208,23.980667870414077,4.123851894145826,21.0,0.8690717816352844,0.9559499502182007,1.0,0.88519381955266,0.940419203042984,0.9720382986590266,,,,,,
24.519999999956195,169.1440549813983,33.75833684649157,124.14199124271768,84.87339681392035,127.47364888673002,87.95288215765719,24.06556158012763,4.333005644007045,21.0,0.8693178772926331,0.9557924509048462,1.0,0.8858632870018482,0.9414715081453323,0.9719528136774898,,,,,,
24.539999999956148,169.16335306105432,33.77605361100694,124.08732019125407,84.67961992795759,127.44278084395202,87.96086015355553,24.152660832328532,4.343223029836676,21.0,0.8695888757705689,0.9556188583374023,1.0,0.8866010375320912,0.9425479590892791,0.9718586144968867,,,,,,
24.5599999999561,169.18507859497447,33.7934580322464,124.04832639976438,84.50275765693198,127.41112558050155,87.96810528086293,24.237940844795514,4.1512430121885995,21.0,0.8698735475540161,0.9554363012313842,1.0,0.8873765654861927,0.943601980805397,0.9717595873400569,,,,,,
24.579999999956055,169.2088818877354,33.80988664446267,124.02689384333438,84.35123370350078,127.37869329773491,87.97461483172373,24.317400563613212,3.763026763866214,21.0,0.8701595306396485,0.955252718925476,1.0,0.888156158477068,0.9445874392986298,0.9716600237414241,,,,,,
24.599999999956008,169.23431575867292,33.82470881036972,124.0241459340984,84.23261351198275,127.34549444741387,87.98038637320289,24.387257054636237,3.1942791425556147,21.0,0.8704339623451234,0.9550763845443726,1.0,0.8889046497642994,0.9454602569341659,0.9715644178912044,,,,,,
24.61999999995596,169.26085451585888,33.83735118683563,124.04039954987539,84.1532520047328,127.31153972833745,87.98541774819529,24.44412669559194,2.468929318950373,21.0,0.8707097351551056,0.9546987056732178,1.0,0.8895734377205372,0.9461133927106857,0.9712375221773982,,,,,,
24.639999999955915,169.28791624830944,33.84712429921524,124.0751715993715,84.1178533513585,127.27684008289404,87.98970707623197,24.485174465167415,1.61775711911539,21.0,0.8709538459777832,0.9543131113052368,1.0,0.8901447542011738,0.9465707212686538,0.9708884535357356,,,,,,
24.65999999995587,169.31488141079817,33.8528942367104,124.12720913678338,84.12913887010724,127.24140669353513,87.99325275418286,24.50824352031488,0.6776849515064765,21.0,0.8711460947990418,0.9540082454681397,1.0,0.8905946679413319,0.9468298882246018,0.9706116734072566,,,,,,
24.67999999995582,169.34110903405872,33.853934561050345,124.19452962646545,84.18766479230094,127.20525097917151,87.9960534568561,24.511968648112134,-0.30930385034177443,21.0,0.871276730298996,0.9538004875183106,1.0,0.8909003682434559,0.9468760132789612,0.9704226551577448,,,,,,
24.699999999955775,169.36596611252216,33.85005662369355,124.27448148162324,84.29173589106831,127.16838459149345,87.99810813749316,24.495859132350642,-1.2981268155328878,21.0,0.871338951587677,0.9537013530731201,1.0,0.8910459823906421,0.946703964471817,0.9703323660418391,,,,,,
24.71999999995573,169.38885913443752,33.84060547220412,124.36415337354137,84.45706284057394,127.13081941121574,87.99941602816021,24.460069384792504,-2.3019976463182417,21.0,0.871329289674759,0.9537167549133301,1.0,0.8910233564674854,0.9463189482688904,0.9703463969752193,,,,,,
24.739999999955682,169.4092350492945,33.8240470459855,124.46408513641572,84.6759452010267,127.09256754424898,87.99997664003502,24.402219224766203,-3.510024904670107,21.0,0.8712240219116212,0.9538843631744385,1.0,0.8907770283520222,0.9456486701965332,0.9704990087077021,,,,,,
24.759999999955635,169.42659379339335,33.801605254502476,124.5738232562001,84.88571227876459,127.05364131779824,87.99978976358973,24.320685501225817,-4.559564435644503,21.0,0.8710367262363434,0.9541818141937256,1.0,0.8903387136757374,0.9447285026311875,0.9707693276926875,,,,,,
24.77999999995559,169.44055613457402,33.77551375780317,124.68090809512873,85.09839722355571,127.01405327639048,87.99885546866916,24.224510755349527,-4.936995996383291,21.0,0.8708052039146423,0.9545481204986572,1.0,0.8897968716919422,0.943823367357254,0.9711013136431574,,,,,,
24.799999999955542,169.4509124249366,33.74773379092951,124.77032914016078,85.33709884848757,126.97381617783189,87.99717410446462,24.12677253643479,-4.788586349503481,21.0,0.8705346107482911,0.9549742817878724,1.0,0.8891635842621327,0.9428869664669037,0.9714863119646907,,,,,,
24.819999999955495,169.45763468318967,33.72003813106702,124.83740064450072,85.57276214344007,126.93294298909653,87.99474629938354,24.0336012730289,-4.5290451438238595,21.0,0.8702665805816651,0.9551839590072632,1.0,0.8884480841457844,0.9417504757642746,0.9716227350756526,,,,,,
24.83999999995545,169.4608761290245,33.694171544790585,124.88430338048673,85.76666433467754,126.89144688214749,87.99157296081447,23.94581973329646,-4.228352266623179,21.0,0.8699904680252075,0.955361270904541,1.0,0.8876952476799488,0.9405982404947281,0.9717188892886043,,,,,,
24.859999999955402,169.46097011296246,33.6712573431211,124.91121179363887,85.9193503490918,126.84934122969204,87.98765527478801,23.86580827735894,-3.7390648222115526,21.0,0.8697213709354401,0.9555339097976685,1.0,0.8869619376957417,0.9396135568618774,0.9718125401064753,,,,,,
24.879999999955356,169.458407776546,33.65152584773115,124.9172928475185,86.04668228179423,126.80663960087217,87.98299470553356,23.797041977142378,-3.1324533465300894,21.0,0.8694649338722229,0.9556985974311829,1.0,0.8862630136311055,0.9387988030910492,0.9719021139666438,,,,,,
24.89999999995531,169.45379337386728,33.63530285019769,124.90503792837427,86.1364086780087,126.76335575689164,87.97759299493198,23.740479968202347,-2.5226871838038134,21.0,0.8692378282546998,0.9558955311775208,1.0,0.8855617232620716,0.9380747020244599,0.9720453796908259,,,,,,
24.919999999955262,169.44780847289883,33.62306090754831,124.87735899772517,86.17879333633701,126.71950364658127,87.97145216186466,23.696526241467044,-1.8539093448067108,21.0,0.8690409600734711,0.9560635924339295,1.0,0.8849582441151143,0.9375261604785919,0.9721663055941463,,,,,,
24.939999999955216,169.44117425059164,33.615168983053735,124.83492148392536,86.17874753603294,126.67509740190377,87.96457450145891,23.667237977816036,-1.0525873154684517,21.0,0.8688811302185059,0.9561960935592652,1.0,0.8844747610390187,0.9371994018554688,0.9722596226260066,,,,,,
24.95999999995517,169.43461736707513,33.61180779758255,124.77796819308821,86.14169559426911,126.63015133339948,87.95696258423015,23.655079764469868,-0.15425425704809453,21.0,0.8687618136405946,0.9562902808189392,1.0,0.8841216154396534,0.9370784372091293,0.9723233995959163,,,,,,
24.979999999955123,169.42883594678264,33.612971709305064,124.70842583760589,86.06695555460612,126.5846799255746,87.94861925512123,23.661154663803558,0.7587230771212427,21.0,0.8686887621879578,0.9563402652740478,1.0,0.8839178510010243,0.9371478885412217,0.9723528919741511,,,,,,
24.999999999955076,169.424468604977,33.618493586715914,124.6295782006617,85.95387087257195,126.53869783223334,87.9395476324391,23.68519737313265,1.638107842974491,21.0,0.8686699330806733,0.9563501358032227,1.0,0.8838702030479908,0.9374118477106095,0.9723567305132746,,,,,,
25.01999999995503,169.4220669221892,33.62808985031902,124.54491190683866,85.80641589044971,126.49221987175557,87.92975110668935,23.7263280336807,2.4642969525676017,21.0,0.8687042593955994,0.956320333480835,1.0,0.8839761681854725,0.9378725945949554,0.9723349867388607,,,,,,
25.039999999954983,169.4220760309505,33.64136461604182,124.45784201782912,85.63180296365633,126.44526102232132,87.91923333930905,23.783221511515283,3.2076748055596442,21.0,0.8687893152236938,0.9562533855438232,1.0,0.8842275865375996,0.9385120034217834,0.9722897348925471,,,,,,
25.059999999954936,169.42482150521178,33.65780925319425,124.37204927939239,85.43735008145313,126.39783641708391,87.90799826129823,23.85378453505733,3.823768332828987,21.0,0.8689260423183441,0.9561580419540405,1.0,0.8846119470894337,0.9392965942621231,0.9722323713824153,,,,,,
25.07999999995489,169.43050181438798,33.67681041486743,124.2914709049577,85.23019701967671,126.34996133929306,87.89605007175074,23.93507094712633,4.2752830884094735,21.0,0.8691115081310272,0.9560431003570556,1.0,0.885110241919756,0.9401908576488495,0.9721725521609187,,,,,,
25.099999999954843,169.43918478198538,33.69766448625436,124.21987605105825,85.01857147528686,126.30165121736964,87.88339323628482,24.023562007808206,4.541969135545776,21.0,0.869336622953415,0.9559145212173462,1.0,0.8856976099312306,0.9411588788032532,0.9721136627718806,,,,,,
25.119999999954796,169.4508075217543,33.71960190017993,124.16053548765427,84.81181806060248,126.25292161993362,87.87003248537403,24.115446422357564,4.613198586087373,21.0,0.8695906519889832,0.9557762861251831,1.0,0.886349631100893,0.9421609103679657,0.9720558701083064,,,,,,
25.13999999995475,169.46518265540243,33.74181638449801,124.11614741711345,84.61928875292494,126.2037882507869,87.85597281257934,24.206743086689656,4.482586999562779,21.0,0.8698638021945954,0.9556360721588135,1.0,0.8870373614132404,0.9431508868932724,0.9720043001696468,,,,,,
25.159999999954703,169.48200966338513,33.763497932276465,124.08880490307452,84.4495988614009,126.15426694385253,87.84121947268272,24.293409855971998,4.151311848775053,21.0,0.870146244764328,0.9554801464080811,1.0,0.8877366729080677,0.944072675704956,0.9719522533938288,,,,,,
25.179999999954656,169.50088777159596,33.7838709454543,124.07988664818873,84.31046935239638,126.104373658072,87.82577797972321,24.37154056763336,3.632095768389862,21.0,0.8704523086547852,0.9550465106964111,1.0,0.8884674139320851,0.9447795271873474,0.9716990767046809,,,,,,
25.19999999995461,169.52132904161923,33.80223335121936,124.08994524979944,84.20855779314074,126.05412447226225,87.80965410493603,24.437597147747688,2.9485923906187437,21.0,0.8707681894302368,0.9543834805488587,1.0,0.8891361780464649,0.9452678143978119,0.9712021885439753,,,,,,
25.219999999954563,169.54277836913508,33.81799050552496,124.11867547974059,84.14902936548117,126.003535579934,87.79285387459561,24.488598684363357,2.13238000808776,21.0,0.8710532009601594,0.9537403583526611,1.0,0.8897271104156971,0.9455746650695801,0.970736032538116,,,,,,
25.239999999954517,169.56463771498989,33.83068118047491,124.16495298031316,84.13509469853658,125.95262328407323,87.77538356776324,24.522255983706255,1.2208277885410006,21.0,0.8712947726249696,0.9531379461288452,1.0,0.8902115233242512,0.9456748545169831,0.9703198252245784,,,,,,
25.25999999995447,169.58629184440068,33.83999442845702,124.22689609666529,84.16772706255901,125.90140399188726,87.75724971394037,24.537076885800683,0.25612724713167667,21.0,0.8714820504188538,0.9525979995727539,1.0,0.8905657060444355,0.9455542862415314,0.969971781782806,,,,,,
25.279999999954423,169.60712933776304,33.84434704673082,124.30234858474901,84.27217656010019,125.84989420951739,87.73845909062811,24.532097451398517,-0.7946007907881537,21.0,0.8716067612171173,0.9521387815475464,1.0,0.8907719023525715,0.9452087193727493,0.9697067676112056,,,,,,
25.299999999954377,169.62651739370534,33.83969269979113,124.39395479765814,84.45041452688662,125.79811053671938,87.71901872079422,24.502495107004748,-2.228629218101662,21.0,0.8716321468353272,0.9518216729164124,1.0,0.890746445208788,0.9445238649845124,0.9695800123736262,,,,,,
25.31999999995433,169.64377871380745,33.82524324350562,124.50442303734624,84.62607988858618,125.74606966151414,87.69893587024828,24.44291886128802,-3.655686316506287,21.0,0.8715608298778534,0.9516502499580384,1.0,0.8904972441494465,0.9434970736503601,0.9695908604189754,,,,,,
25.339999999954284,169.65826398265628,33.80189753090619,124.62123663118217,84.81267561750643,125.69378835480964,87.67821804492603,24.361175517033804,-4.381440898879144,21.0,0.8714340329170227,0.9515661239624024,1.0,0.8901207156479359,0.9424543887376785,0.9696817694231867,,,,,,
25.359999999954237,169.66942225403113,33.770632152206545,124.72627823101247,85.04547898710001,125.64128346499633,87.65687298808413,24.27189944933344,-4.486591098812864,21.0,0.8712494790554047,0.951589035987854,1.0,0.8896164245903492,0.9413535803556442,0.9698606668040156,,,,,,
25.37999999995419,169.67683303882922,33.73251421023768,124.81247877657647,85.29570317753023,125.58857191251747,87.63490867740614,24.18249205792895,-4.4574427873487155,21.0,0.8710139751434327,0.9517188787460327,1.0,0.8890031822025776,0.9400642216205597,0.9701203046366572,,,,,,
25.399999999954144,169.68022551072616,33.68902564528782,124.88144949318493,85.51500022316696,125.53567068441629,87.61233332202077,24.093664074231064,-4.405921210092933,21.0,0.8707430124282838,0.9519046783447266,1.0,0.8883087702095509,0.9386859387159348,0.9704290209338069,,,,,,
25.419999999954097,169.6795045822068,33.642145663177295,124.93260635312468,85.69073086493736,125.48259682886166,87.5891553594338,24.007861771937467,-4.119260228049636,21.0,0.8704685807228089,0.9520668864250184,1.0,0.8875979609787464,0.937401196360588,0.9707316217944026,,,,,,
25.43999999995405,169.67476594218434,33.59409708843464,124.96154940679205,85.83317266170218,125.42936744965411,87.56538345237458,23.93107998345911,-3.5133556579850342,21.0,0.870206767320633,0.9521894931793213,1.0,0.8869105644524098,0.9362749516963959,0.9710084734484553,,,,,,
25.459999999954004,169.66627039962376,33.54683618793968,124.9658030644679,85.94629082799217,125.37599970071383,87.5410264855583,23.86846160499712,-2.739517116318304,21.0,0.8699874639511109,0.9520614981651306,1.0,0.8862480945885182,0.935224661231041,0.9710075197741389,,,,,,
25.479999999953957,169.65449047054344,33.501481204134244,124.94799598433666,86.01989748534847,125.32251078055266,87.51609356236541,23.82132076156875,-1.9833524471248964,21.0,0.869791340827942,0.9519404888153076,1.0,0.8856537885963917,0.9343267619609833,0.9710003195330501,,,,,,
25.49999999995391,169.64006310787553,33.459176415674676,124.91274318514019,86.03950903747022,125.26891792673155,87.49059400143918,23.78907733681634,-1.2310144134333005,21.0,0.8696234047412873,0.9518361806869506,1.0,0.8851451702415943,0.9336345434188843,0.9709940491244197,,,,,,
25.519999999953864,169.62367359194337,33.42036899568601,124.86211601216907,86.00837372842571,125.21523841030555,87.46453733320291,23.77283729686847,-0.37009105285510174,21.0,0.869490671157837,0.9517415523529053,1.0,0.8847399421036244,0.9332097917795181,0.970985728316009,,,,,,
25.539999999953817,169.60603377199507,33.385361533739314,124.7964855452257,85.9360947407575,125.16148953025794,87.43793329629793,23.775031266886792,0.6009228709703325,21.0,0.8693986058235169,0.95167475938797,1.0,0.884458739310503,0.9330625325441361,0.9709796844050288,,,,,,
25.55999999995377,169.58784279561814,33.35435341223851,124.71761951305166,85.82494967083474,125.10768860792545,87.4107918339438,23.796977638690965,1.5885807067558602,21.0,0.8693591058254242,0.9516057252883912,1.0,0.8843263991177083,0.9331452369689941,0.9709658918902278,,,,,,
25.579999999953724,169.56974593628945,33.32724585775131,124.62920674132477,85.6743883178366,125.05385298141613,87.38312309022206,23.83817540474876,2.5181464871376913,21.0,0.8693694353103638,0.95154949426651,1.0,0.8843394286930562,0.9334582448005676,0.9709488926455379,,,,,,
25.599999999953678,169.5523043250881,33.30366632843467,124.5355240595424,85.48836122243182,125.00000000002197,87.35493740628486,23.897111991900804,3.3589168829582543,21.0,0.8694288969039917,0.9515036463737487,1.0,0.8844951279461384,0.9340010672807694,0.9709281025454402,,,,,,
25.61999999995363,169.5359726666464,33.2830495744339,124.44070252346948,85.27529511268871,124.9461470186278,87.32624531649002,23.971762606047765,4.083595137793235,21.0,0.8695446610450746,0.9514230132102967,1.0,0.884800822287798,0.934729939699173,0.9708900032564998,,,,,,
25.639999999953584,169.52108365516557,33.264711203399926,124.34890618445147,85.04429517404255,124.89231139211846,87.2970575444638,24.059406613072973,4.651082385244146,21.0,0.8697190999984742,0.9512763023376465,1.0,0.8852544017136097,0.9355883598327637,0.9708256063982844,,,,,,
25.659999999953538,169.5078386471049,33.247917018764845,124.26438596022987,84.80387999423245,124.83851046978593,87.26738499909294,24.156513946295835,5.025504415935445,21.0,0.8699454665184021,0.951067042350769,1.0,0.8858379252254963,0.9365342497825623,0.970736819319427,,,,,,
25.67999999995349,169.4963032399717,33.23192987465119,124.19107561326108,84.56308023010747,124.78476158973827,87.23723877044753,24.259029076869215,5.190688162591762,21.0,0.8702222168445588,0.9507182598114013,1.0,0.8865171976387501,0.9375033706426621,0.9705327806994319,,,,,,
25.699999999953445,169.48641109300073,33.21605330971789,124.13220005246245,84.33184501185161,124.73108207331221,87.20663012563607,24.362731018283693,5.144374592348555,21.0,0.8705598533153535,0.9500384211540223,1.0,0.8872509725391865,0.9383922427892685,0.9700081644579768,,,,,,
25.719999999953398,169.4779742835578,33.199660869468644,124.09018110340193,84.11999581581031,124.67748921949101,87.17557050459442,24.463414025205772,4.889689562072147,21.0,0.8709205746650697,0.9492796182632446,1.0,0.8880272097885609,0.9392228245735168,0.9694325981661678,,,,,,
25.73999999995335,169.47069427255406,33.18219118237386,124.06666184155038,83.93626409780626,124.62400029932975,87.14407151581015,24.556989728776518,4.435971085438487,21.0,0.8712899804115296,0.9484613180160523,1.0,0.8888121075928211,0.9399481266736984,0.9688248930498957,,,,,,
25.759999999953305,169.46417127119034,33.162943197983616,124.06247147839585,83.78808195956712,124.57063255038938,87.11214493198386,24.63965384863746,3.8026701996712298,21.0,0.8716505646705628,0.9476210236549377,0.9998062938451767,0.8895682580769062,0.9405337035655975,0.9682132540270686,,,,,,
25.779999999953258,169.45790852837055,33.138750036447675,124.07830052326028,83.73020607517915,124.5174031711817,87.07980268562919,24.707467013061397,2.8786094090060255,21.0,0.8719853579998017,0.9467957377433777,0.9994376599788666,0.8902592785656452,0.9409499585628509,0.9676262198016048,,,,,,
25.79999999995321,169.45125665346345,33.10329586950307,124.1238979477699,83.78591872757946,124.46432931562694,87.04705686461303,24.748221146464633,1.0345544667551947,21.0,0.8722212553024292,0.9461102604866027,0.9990020871162415,0.890718037635088,0.9409490525722504,0.9671765623614192,,,,,,
25.819999999953165,169.4433815978644,33.055886888215674,124.21028878595332,83.82447532864555,124.41142808752561,87.01391970763767,24.746667563837015,-1.1112747194617782,21.0,0.8723435163497926,0.9455974340438843,0.9984838455915451,0.8909123487770557,0.9404351711273193,0.96689214091748,,,,,,
25.83999999995312,169.43338230882287,32.997909382737504,124.3212093820041,83.88311929439045,124.35871653504658,86.98040359966669,24.710592402854367,-2.2967917527294284,21.0,0.8724169611930848,0.9451613545417785,0.9978736445307732,0.8909939058125019,0.9399658739566803,0.9666800079867244,,,,,,
25.85999999995307,169.42039376222948,32.92982452143595,124.42916166203761,84.04528845986103,124.3062116452331,86.946521067296,24.660597394138673,-2.6411970839145984,21.0,0.8721321403980256,0.9450279593467712,0.9968924164772034,0.8901712611317635,0.9390414983034134,0.9669197617098689,,,,,,
25.879999999953025,169.4036562463486,32.851500374619214,124.5248355202418,84.27518408824793,124.2539303385284,86.91228477407215,24.604486494837708,-3.0242731738983144,21.0,0.8719221353530884,0.9447559714317322,0.9961760640144348,0.8895185556262731,0.9377209663391113,0.967041271738708,,,,,,
25.89999999995298,169.38254601525082,32.76325538251366,124.61316833866002,84.49492473694588,124.20188946332297,86.87770751575921,24.53779771574051,-3.6574409543302964,21.0,0.8716071426868439,0.9448100328445435,0.9956063032150269,0.8886677138507366,0.9361935168504715,0.9673685608431697,,,,,,
25.919999999952932,169.35677785880463,32.666027080655184,124.69393958404362,84.68641371834764,124.15010579052475,86.8428022155565,24.45935338439547,-4.12520423970129,21.0,0.8712886929512025,0.944720447063446,0.9948417901992798,0.8877696417272091,0.9345883935689926,0.9676527200266719,,,,,,
25.939999999952885,169.3262082614756,32.56187877952474,124.75800897048325,84.87216774227764,124.09859600815463,86.8075819192685,24.37556250908765,-4.193847741295294,21.0,0.8709313571453094,0.9446683526039124,0.9940147161483764,0.8867766767740249,0.9330542504787445,0.9679851112887263,,,,,,
25.95999999995284,169.29103681794783,32.45324468101017,124.79693068347707,85.05651055586112,124.04737671596844,86.77205979042903,24.293094843010376,-4.037911049464087,21.0,0.8705368578433991,0.9446681380271912,0.9931425809860229,0.8856977358460426,0.9315144270658493,0.9683675346896052,,,,,,
25.979999999952792,169.25277563749552,32.34227438723527,124.80818520456586,85.21797485115539,123.99646442010742,86.73624910538133,24.214064002443443,-3.868955880067956,21.0,0.8701483845710755,0.9446861982345581,0.9922782182693481,0.8846424378454686,0.929999589920044,0.9687472639605403,,,,,,
25.999999999952745,169.2121038995808,32.23132546763125,124.79200791285672,85.33303321495586,123.94587552777888,86.70016324831617,24.138556350723135,-3.6624668276956514,21.0,0.8697485744953156,0.9447001218795776,0.9914881467819214,0.8835464775562286,0.9285978764295578,0.9690344391390682,,,,,,
26.0199999999527,169.17011429495852,32.122929765979336,124.74659810144908,85.39849946889635,123.89562634196884,86.66381570626939,24.068815838085403,-3.273799279013267,21.0,0.8693891882896424,0.9444565892219543,0.9906728029251098,0.8824749238789081,0.9273436486721038,0.969020682387054,,,,,,
26.039999999952652,169.12811606043624,32.01914398575202,124.6685327857241,85.4195937198092,123.84573305618801,86.62722006408123,24.009008084022923,-2.679004877942086,21.0,0.8690517306327821,0.9444042921066285,0.9901461005210876,0.8815178945660591,0.9264604687690735,0.9690549431368709,,,,,,
26.059999999952606,169.08754855283738,31.92143358448178,124.55619708677649,85.39345936820416,123.79621174925335,86.590389999319,23.962400948470297,-1.9711264709442482,21.0,0.8687297224998475,0.9443659901618957,0.9896516084671021,0.8806097153574228,0.9257836073637009,0.9690907893702387,,,,,,
26.07999999995256,169.04991014995375,31.830782096373106,124.41061769622786,85.31302305202364,123.7470783801063,86.55333927716512,23.93040317837805,-1.2250757297107622,21.0,0.868450790643692,0.9444379925727844,0.989374303817749,0.8798524025827646,0.9254351735115052,0.9691498218104243,,,,,,
26.099999999952512,169.01667477655545,31.747734113185345,124.23408096835605,85.1773884306183,123.69834878266994,86.51608174527233,23.913494885662804,-0.46497860096993926,21.0,0.8681490659713745,0.9447413921356201,0.9894109964370728,0.8790920320898294,0.9254499614238739,0.9692735491320491,,,,,,
26.119999999952466,168.98921335343425,31.672250308580814,124.02956362506822,84.99271026116774,123.65003866074616,86.47863132858824,23.91169352915895,0.27697023076355626,21.0,0.8679075002670289,0.945088267326355,0.9895969867706299,0.8785114578902722,0.9257989376783371,0.9694002209231257,,,,,,
26.13999999995242,168.96871753233904,31.603451183920846,123.80136020950663,84.76709329896262,123.60216358295496,83.90834936262073,23.92400268115485,0.9334733221949512,21.0,0.8677562832832337,0.9452823638916016,0.9896790981292725,0.8781430397182703,0.9205425441265106,0.969482090510428,,,,,,
26.159999999952372,168.95608547078757,31.540299487561533,123.5556689581982,84.50792832845161,123.55473897771718,84.96603846850356,23.948031913097104,1.441397938111599,21.0,0.8676417350769043,0.9456503629684448,0.9900713443756104,0.8779212091118098,0.9214721277356148,0.9695963406935334,,,,,,
26.179999999952326,168.95188579312062,31.48191406802938,123.29971383681797,84.22442982497421,123.50778012828255,84.93208673039867,23.98049327473542,1.7753415010324003,21.0,0.8675583422183991,0.9460333585739136,0.990525197982788,0.8777891147881747,0.9225628465414047,0.9697102690115571,,,,,,
26.19999999995228,168.95629166288145,31.427809762477473,123.04100993174382,83.92878869690895,123.46130216780438,84.89815457625278,24.01788156815628,1.9348111204256944,21.0,0.8675321638584137,0.946464741230011,0.9914457410573959,0.8778294671326876,0.9238684862852097,0.9698291564360261,,,,,,
26.219999999952233,168.96910983510338,31.377540232645252,122.7872577237672,83.6341001035645,123.4153200744627,84.86425179098599,24.056763562131145,1.926111895244284,21.0,0.8675036370754242,0.9469401240348816,0.9925219401717186,0.8778754819184542,0.9252581238746643,0.9699604058638215,,,,,,
26.239999999952186,168.98985851427838,31.33077060489612,122.545949604987,83.34909166642727,123.3698486666374,84.83038815104938,24.093925716873983,1.7712588840086247,21.0,0.8675211608409882,0.9473278999328614,0.9935159891843796,0.8780275631695986,0.9266404688358307,0.9700619364157319,,,,,,
26.25999999995214,169.0177197481332,31.28738785116742,122.32287694725149,83.07744840890584,123.32490259813267,84.79657342160576,24.127281650420265,1.564637385669966,21.0,0.8675620138645173,0.9476848125457764,0.994465397298336,0.878237246349454,0.9279943495988846,0.9701521182432771,,,,,,
26.279999999952093,169.05152103171,31.24742252955701,122.1217036607934,82.83400615997806,123.28049635345474,84.7628173537138,24.15659791965544,1.366628266453604,21.0,0.8676182389259339,0.9480352878570557,0.9953824236989022,0.8784888435155154,0.9293135553598404,0.9702386284247041,,,,,,
26.299999999952046,169.08977434485553,31.211044414867676,121.94629409180172,82.62822685155695,123.2366442431439,84.7291296815161,24.181714017316597,1.1344282699495272,21.0,0.8677145123481751,0.9483214735984802,0.9962104961276055,0.8788359511643649,0.9305248975753784,0.9703023934736847,,,,,,
26.319999999952,169.13148293377574,31.178447463599912,121.80211995491463,82.46150326263991,123.1933603991629,84.69552011943215,24.201507055010023,0.8347226530578493,21.0,0.8678404688835144,0.9483885526657104,0.9967245727777481,0.8792073834687472,0.9314516097307205,0.9703029179945588,,,,,,
26.339999999951953,169.17455779004686,31.149914071576543,121.69461410738153,82.33631001832926,123.15065877034255,84.66199835935709,24.214864814560947,0.4996012128237741,21.0,0.8679574012756348,0.9484761476516723,0.9971925675868988,0.8795595098286868,0.932227897644043,0.970310285128653,,,,,,
26.359999999951906,169.21697965531413,31.125749462827613,121.6274845747866,82.25829722564552,123.10855311788661,84.6285740678668,24.221569604806582,0.17495604821565117,21.0,0.8680845856666566,0.9483371257781983,0.9972997024655342,0.8798789251595736,0.9326708495616913,0.9702549124136567,,,,,,
26.37999999995186,169.25686757134412,31.1062153761553,121.60269770559236,82.23130414570566,123.06705701093706,84.59525688343047,24.222050302029228,-0.1221464425818841,21.0,0.8682494282722474,0.9477293968200684,0.996747113764286,0.8801771271973848,0.9326020091772079,0.9700676703825593,,,,,,
26.399999999951813,169.29251051386967,31.091512157925255,121.62087865663139,82.25488377114414,123.02618382220119,84.56205641363105,24.21687981573306,-0.3894859606085937,21.0,0.8683902382850648,0.9471123099327088,0.9960604801774025,0.8804063487797976,0.9322936505079269,0.9698816562071443,,,,,,
26.419999999951767,169.3224366140386,31.08172089865224,121.68107917605333,82.32582888324774,122.98594672364209,84.52898223239492,24.2067336006823,-0.6171849050166492,21.0,0.8685224175453187,0.9463292598724365,0.9950365334749222,0.8805680859833956,0.9316451728343964,0.9696527624502778,,,,,,
26.43999999995172,169.34550833870867,31.076714717762805,121.78026792148478,82.4394757502587,122.9463586822338,84.4960438772309,24.192565674137274,-0.7891115950355738,21.0,0.8686418414115906,0.9454093217849732,0.9936965733766556,0.8806594539433719,0.9306895822286606,0.9693897986784578,,,,,,
26.459999999951673,169.36095756289555,31.076186599568043,121.91350366063722,82.58954771686727,122.9074324557825,84.46325084648005,24.175619563777285,-0.8937006694015814,21.0,0.8687451124191284,0.9443765878677368,0.992059588432312,0.8806783366948366,0.9294624894857406,0.9691000724211335,,,,,,
26.479999999951627,169.36847294493424,31.079609124881365,122.07378011178605,82.76259240339968,122.86918058881518,84.43061259657665,24.157352840465204,-0.9133047642812784,21.0,0.8688298821449281,0.9432650804519653,0.990165738761425,0.8806278098374606,0.9280140191316605,0.9687932992354036,,,,,,
26.49999999995158,169.36829800727062,31.08595870761007,122.25066306051103,82.93996394959433,122.8316154085369,84.39813853932125,24.140343401340257,-0.7511879052100334,21.0,0.8688996315002442,0.9421087145805359,0.9880725011229515,0.8805270303040743,0.9264295935630799,0.9684781217947602,,,,,,
26.519999999951533,169.36118295136356,31.09241614516314,122.43108517278611,83.12739883816589,122.79474902085828,84.36583803916662,24.128357198070404,-0.4395885218140626,21.0,0.8689571619033813,0.940956449508667,0.9858753755688667,0.8803964901715517,0.9248244285583496,0.9681670809164643,,,,,,
26.539999999951487,169.34831752657792,31.094998671230364,122.6045643858705,83.31576762246569,122.75859330649408,84.33372041051737,24.122310251498448,-0.18992543301084405,21.0,0.868990582227707,0.9398652076721191,0.9836759924888611,0.8802169848233462,0.923200809955597,0.9678766990080476,,,,,,
26.55999999995144,169.33126109807083,31.089592925933694,122.76357415210337,83.48149724347475,122.72315991713455,84.30179491504397,24.11973922945764,-0.08703018551159471,21.0,0.8689987182617188,0.9388861179351806,0.9815878838300705,0.8799973774701357,0.9216288536787033,0.967620232142508,,,,,,
26.579999999951394,169.31187666734996,31.072497420660994,122.89931189030945,83.61332875785826,122.68846027169056,84.27007075901197,24.118426697503786,-0.04686610094745697,21.0,0.8689789414405823,0.938072121143341,0.9798790469765664,0.8797431565821171,0.9202348679304123,0.9674115682020783,,,,,,
26.599999999951347,169.2922626485245,31.04064876738755,123.00078945399656,83.71217980148421,122.65450555261351,84.23855709062724,24.117827106307722,-0.01692808613226024,21.0,0.8689283251762391,0.937487256526947,0.9787347212433815,0.8794615935534239,0.9191029369831085,0.9672674084082246,,,,,,
26.6199999999513,169.27467087333125,30.991770085962834,123.05769088832847,83.77548463957986,122.62130670229186,84.20726299739789,24.117366543029657,-0.04474601167446073,21.0,0.8688401341438294,0.9371946573257446,0.9780400291085243,0.8791480392217637,0.9182626903057098,0.9672047877684236,,,,,,
26.639999999951254,169.26140411837594,30.924505629763704,123.0622587410479,83.7953366450757,122.58887441952459,84.17619750351382,24.115282852638725,-0.1839657998099462,21.0,0.8687103509902955,0.9372357964515686,0.9778789058327675,0.8788003787398339,0.917746976017952,0.9672348404303193,,,,,,
26.659999999951207,169.25469964972777,30.83850887712476,123.00900758787178,83.767190563016,122.55721915607347,84.14536956724432,24.10922896742853,-0.43993099585374057,21.0,0.8685396552085877,0.9376219749450684,0.9782788291573524,0.8784228179603816,0.9175966560840607,0.9673602724447846,,,,,,
26.67999999995116,169.25658910164373,30.734489587473412,122.89456695863743,83.69277008286143,122.52635111329484,84.11478807835488,24.096965909454934,-0.8045676294401084,21.0,0.8683273077011109,0.9383533954620361,0.9792320027947425,0.8780134879052639,0.9178319066762924,0.9675813937559724,,,,,,
26.699999999951114,169.26870706197664,30.614305118144074,122.71871072677784,83.5760510010331,122.496280238852,84.08446185554365,24.07630389854591,-1.2799399738984671,21.0,0.8680739879608155,0.9394117593765259,0.9806875720620155,0.8775707125663758,0.9184387654066086,0.9678936863318086,,,,,,
26.719999999951067,169.2920801709996,30.481077807250383,122.48509749429738,83.42140526789896,122.46701622350949,84.0543996438984,24.045106216203635,-1.85314684115256,21.0,0.8677836000919342,0.9407600879669189,0.9825580134987831,0.8770977247506381,0.9193870455026627,0.9682875657454133,,,,,,
26.73999999995102,169.32713992356747,30.33877825143739,122.2007711607484,83.23553305896428,122.43856849801011,84.0246101123748,24.001818885842333,-2.479396563041975,21.0,0.8674630165100098,0.9423309922218323,0.9847054734826088,0.876598908007145,0.9206275224685669,0.9687452578917146,,,,,,
26.759999999950974,169.37370290540736,30.192232847935937,121.8755510458579,83.02828996303386,122.41094623003572,83.99510185129644,23.94596360984478,-3.1005440511785536,21.0,0.8671189308166505,0.9440552473068238,0.9874172553420066,0.8760791793465614,0.922098982334137,0.9692485237494111,,,,,,
26.779999999950928,169.43075776984594,30.045234621383678,121.52184934671641,82.81352641295474,122.3841583212528,83.96588336987779,23.87812336621377,-3.6749974058442927,21.0,0.8667631030082703,0.9458388328552246,0.990296857059002,0.875549639761448,0.9237131267786026,0.9697717333212494,,,,,,
26.79999999995088,169.49663038640435,29.901464846360188,121.15489140434026,82.60351662939617,122.35821340444376,83.93696309377034,23.7993267254792,-4.193536293093802,21.0,0.8664075374603272,0.9475805401802063,0.9930837944149971,0.875018371641636,0.9253552049398422,0.9702867770567536,,,,,,
26.819999999950834,169.57005226610787,29.76488421940515,120.79188887507105,82.40782301122344,122.33311984072499,83.90834936263299,23.710995061802336,-4.619180632435911,21.0,0.8660650193691254,0.9491901874542237,0.9956447929143906,0.874496765434742,0.9269203007221222,0.9707676911726594,,,,,,
26.839999999950788,169.6476046873263,29.63914868699447,120.45020908605014,82.23789384461227,122.30888571685225,83.8800504277271,23.615584877962533,-4.891691307968833,21.0,0.8658451437950134,0.9503339290618896,0.9976448372006417,0.8741960957646371,0.9282384097576142,0.9711080575361848,,,,,,
26.85999999995074,169.72603703305276,29.528041190018705,120.14633410421064,82.10528689853204,122.28551884261466,83.85207444953713,23.516654465025468,-4.96601417760711,21.0,0.8655494451522827,0.9515007734298706,0.9995106026530266,0.8736963644623756,0.9293866693973541,0.9714669728651643,,,,,,
26.879999999950694,169.8018703669734,29.435347447559355,119.89583899628705,82.01893320707865,122.26302674831793,83.82442949541742,23.418410791519335,-4.820680007425606,21.0,0.8659927487373352,0.951589035987854,1.0,0.874949111044407,0.9304933220148086,0.9714300775900483,,,,,,
26.899999999950648,169.8715451404013,29.364463165491507,119.71254722014068,81.98500969351649,122.24141668235748,83.79712353726583,23.32536157659609,-4.445559423060677,21.0,0.8664067745208741,0.9517982125282287,1.0,0.8761595621705056,0.9314768671989441,0.9714306140318513,,,,,,
26.9199999999506,169.93168081888882,29.318180018245286,119.60722432095668,82.00750631076957,122.22069560888272,83.77016444922488,23.242119099609862,-3.8415376900937432,21.0,0.8668556213378906,0.9516482591629029,1.0,0.8773713782429695,0.9319959998130798,0.9713278794661164,,,,,,
26.939999999950555,169.97940512008157,29.298223862419764,119.58656626256888,82.087638741559,122.20087020555259,83.74356000541118,23.173099566614116,-3.0283739596062804,21.0,0.8673268139362336,0.9512129902839661,1.0,0.878569556772709,0.9320805430412292,0.9711436295881868,,,,,,
26.959999999950508,170.0124889504683,29.305381690241358,119.65263229891724,82.22275796903216,122.1819468613837,83.71731787767352,23.122115516610506,-2.0456802203702913,21.0,0.8678526997566224,0.9503993511199951,1.0,0.8798192277550698,0.9316956698894501,0.97084822896868,,,,,,
26.97999999995046,170.0294576130859,29.33930476091944,119.8028597437665,82.40669850349445,122.16393167469128,83.69144563338067,23.092084996666983,-0.9419599053944002,21.0,0.8684367895126344,0.9492700934410095,1.0,0.8811499670147896,0.9309164345264435,0.970459177531302,,,,,,
26.999999999950415,170.02971793965293,29.398236612632008,120.02915976907423,82.63141535268855,122.14683045112405,83.66595073323911,23.08479820343712,0.21527470347554797,21.0,0.8690496742725373,0.9478593826293945,0.9998888492584228,0.8824908807873726,0.929765397310257,0.9699908519163728,,,,,,
27.019999999950368,170.01345551855616,29.47957154113628,120.3193313056206,82.88441973240992,122.13064870179312,83.64084052914168,23.100506136400192,1.3451348299199146,21.0,0.869710385799408,0.9461467742919922,0.9979450345039368,0.8838927283883095,0.9282939523458481,0.9694361234083771,,,,,,
27.03999999995032,169.98152436376236,29.581756411782113,120.65836589309295,83.11397904064366,122.11539164149607,83.61612226204748,23.138540754461975,2.5042660305184206,21.0,0.8704598784446717,0.943617844581604,0.995510832965374,0.8852834835648536,0.9264756917953492,0.9681305909529329,,,,,,
27.059999999950275,169.935299927727,29.704647250127262,121.02162261353142,83.29881915739209,122.10106418703634,83.59180305989383,23.204654239032596,4.194566099150627,21.0,0.8712491631507874,0.9406214356422424,0.9926597118377686,0.8866575375199318,0.9246137171983719,0.9664355540648103,,,,,,
27.07999999995023,169.87649217626233,29.83852974815569,121.38492489458056,83.54848478698072,122.08767095563874,83.56788993554082,23.3055174549882,5.744626509443863,21.0,0.8720548927783967,0.9377146244049073,0.9899011641740799,0.8881181553006172,0.9230773985385895,0.9647177362814545,,,,,,
27.09999999995018,169.80685940876432,29.970021535088513,121.7524511226625,83.80822980993578,122.07521626346151,83.54438978474904,23.425718337650263,6.054293203681068,21.0,0.8727553963661194,0.9351958990097046,0.9874030843377113,0.8894022956490517,0.9214327216148377,0.9631986970081925,,,,,,
27.119999999950135,169.72816395206252,30.087840771798803,122.13420026395184,83.98599370363074,121.1838493120595,83.52130938419104,23.542145982413366,5.552407274759388,21.0,0.873466432094574,0.9328333854675293,0.9845232039690017,0.8907679699361325,0.9210172235965729,0.9616930425167084,,,,,,
27.13999999995009,169.6423358590301,30.18179294143699,122.51383294824225,84.13010914495241,122.0163192374002,83.49865538949716,23.649219589776465,5.2018963033956815,21.0,0.8741351544857026,0.9307585477828979,0.9833362489938736,0.8920913431793451,0.9207449376583099,0.9603013578802347,,,,,,
27.159999999950042,169.55249084047654,30.239762038068093,122.86445237592713,84.32851507136388,122.03263412841233,88.0,23.74985325876948,4.775417310598054,20.49105135027643,0.8746194303035737,0.9297567009925842,0.9832430750131607,0.8931771665811539,0.9363971948623657,0.9594374600797891,,,,,,
27.179999999949995,169.45984194777162,30.24980533071599,123.17483051425683,84.54398828498508,122.04894032780595,88.0,23.834977003003388,3.599879442949845,20.501711672744328,0.8749469757080078,0.9293638706207276,0.9836115390062332,0.8939849082380533,0.9359170496463776,0.9589399043470621,,,,,,
27.19999999994995,169.36663411891655,30.20393573446181,123.43992059176965,84.69979625362616,122.06523349266547,88.0,23.890523176955035,1.9434376527749777,20.512363473769955,0.8751354336738587,0.9296987056732178,0.9846496611833573,0.8945911727845669,0.9356149107217788,0.9588341299444437,,,,,,
27.219999999949902,169.27487463550733,30.09918832750137,123.64170713849622,84.80226958745422,122.08150928354688,88.0,23.914713031038218,0.5536655456705627,20.523003916403308,0.8751601934432984,0.9307382822036743,0.986215952038765,0.8949241850525141,0.9357463330030441,0.9591436926275492,,,,,,
27.239999999949855,169.18608872039883,29.936107965213772,123.7564297881138,84.89752400060581,122.09776336563344,88.0,23.915051121297623,-0.499496533362724,20.533630166719504,0.8751331806182862,0.9321815729141235,0.9881469756364822,0.8952188361436129,0.9362798988819122,0.9596436444669962,,,,,,
27.25999999994981,169.10126960793013,29.719393839355092,123.77572379306913,84.9793571026023,122.11399140989028,88.0,23.894036185701925,-1.647528858393622,20.544239394573594,0.8749435186386109,0.9344310522079468,0.9906437784433365,0.8952749267220498,0.9371303528547287,0.9605872455984354,,,,,,
27.279999999949762,169.0210905024921,29.45997875252415,123.70865619202446,85.0223056009708,122.13018909421726,88.0,23.847024640404484,-3.0915927688068923,20.55482877435429,0.8746250152587891,0.9371942639350891,0.9933388382196426,0.8951189327985049,0.9382040411233902,0.9618353668600321,,,,,,
27.299999999949716,168.94421022544054,29.172334563405816,123.56974526914499,85.00607220265567,122.14635210460021,88.0,23.770372166883476,-4.531747797502467,20.565395485736566,0.8742219924926758,0.9401527881622315,0.995918133854866,0.8947970256209373,0.9394765496253967,0.963229900971055,,,,,,
27.31999999994967,168.86909405465735,28.869452216303507,123.37016647330832,84.967942786516,122.16247613625983,88.0,23.66830289557719,-5.616621459172441,20.57593671443277,0.8736996531486512,0.943289041519165,0.998304870724678,0.894213417544961,0.9409755796194077,0.9647957388311624,,,,,,
27.339999999949622,168.79361393827745,28.56226169870391,123.12500894860017,84.95497430803444,122.17855689479822,88.0,23.546697463817228,-6.551031687836671,20.5864496529422,0.8730770587921143,0.9466075420379638,1.0,0.8934277828782797,0.9426075041294097,0.9665065351873636,,,,,,
27.359999999949576,168.71514383377144,28.260928936290547,122.86007419551689,84.95242611959732,122.19459009734267,88.0,23.405666365408685,-7.55504547489899,20.596931501298833,0.8724144220352174,0.9494837999343873,1.0,0.8924314718693495,0.9438149571418762,0.9680927578359843,,,,,,
27.37999999994953,168.63082582921967,27.976005505573237,122.60197479976294,84.9527581422795,122.21057147368626,88.0,23.245568523669217,-8.397162619621508,20.607379467817022,0.8717775762081147,0.9520079135894776,1.0,0.8914242830127478,0.9448147207498551,0.9695199552923441,,,,,,
27.399999999949483,168.53781409875978,27.717682749706604,122.36938240198165,84.98010378606882,122.22649676742525,88.0,23.07284731611287,-8.790934865816322,20.617790769835075,0.8711456120014192,0.9540727257728576,1.0,0.8905571602284909,0.9456405818462372,0.9707151237875223,,,,,,
27.419999999949436,168.43348941485786,27.495411121644405,122.17555039420888,85.0548060063578,122.24236173709266,88.0,22.897014924918878,-8.72670827166031,20.628162634456345,0.8707398116588593,0.9546512961387634,1.0,0.8898663990199566,0.9455148816108704,0.9712095562368631,,,,,,
27.43999999994939,168.31679154276054,27.317930543120664,122.03241137243218,85.17483828857127,122.25816215728794,88.0,22.725977057949656,-8.32910670557484,20.638492299287734,0.8703885674476624,0.9551055669784546,1.0,0.8890033714473248,0.9450643062591553,0.9715951386839151,,,,,,
27.459999999949343,168.18641604508593,27.192485538550894,121.94825583712938,85.33005022180195,122.27389381980235,88.0,22.565711685489756,-7.650464535040614,20.64877701317547,0.8700553297996522,0.9553196430206299,1.0,0.8880946151912212,0.944346034526825,0.9717112127691507,,,,,,
27.479999999949296,168.04261731886712,27.12419626001955,121.92346753708155,85.51384365144847,122.28955253473973,88.0,22.42181754508287,-6.695315000112817,20.659014036937766,0.8697177290916444,0.9555362462997437,1.0,0.8871745817363262,0.9434816479682923,0.9718287054449319,,,,,,
27.49999999994925,167.88702451366424,27.115635062543266,121.95216392580271,85.71972682152409,122.3051341316324,88.0,22.29937792309647,-5.520053043611206,20.669200644094406,0.8693811416625977,0.9557519435882569,1.0,0.8862580291926861,0.9425015270709991,0.971945733204484,,,,,,
27.519999999949203,167.72223343333516,27.16666546686136,122.02563934167985,85.93534820831802,122.32063446055201,88.0,22.20181616334614,-4.223018308086027,20.67933412159292,0.8690790295600892,0.9560435533523559,1.0,0.8852773539721966,0.941401281952858,0.9721733871847391,,,,,,
27.539999999949156,167.55127522406937,27.274380776272405,122.13397395444184,86.14431045781141,122.33604939321468,88.0,22.130836131509344,-2.8671186740407113,20.689411770531102,0.8689940690994263,0.955199408531189,1.0,0.8845821551978589,0.9395506769418717,0.9720391217619181,,,,,,
27.55999999994911,167.3772597865553,27.433595016101215,122.26607963867355,86.33322066150522,122.35137482408057,88.0,22.087429487541385,-1.4669237713435113,20.69943090687588,0.8690027356147767,0.9537539005279541,1.0,0.8841690234839916,0.9374833524227142,0.9716289583593607,,,,,,
27.579999999949063,167.20326987563757,27.63747861151143,122.41036350658179,86.49279520084576,122.3666066714473,88.0,22.072323669651368,-0.042991367508206424,20.709388862178123,0.8690459370613098,0.952278470993042,1.0,0.8838553301990032,0.9355404734611511,0.9712102238088847,,,,,,
27.599999999949016,167.03303565535006,27.877642208207003,122.55624623948366,86.6139030825143,122.38174087853714,88.0,22.08557689117766,1.36143508731527,20.71928298428341,0.8691174685955048,0.9508463144302368,0.9988878712058067,0.8836441293358803,0.9338119685649872,0.9708036962896586,,,,,,
27.61999999994897,166.86894307746516,28.14593654450794,122.69500134152617,86.68742287052989,122.39677341457737,88.0,22.12640933162754,2.7111142192761717,20.72911063803832,0.8692109346389771,0.949548089504242,0.9974610075354576,0.8835418779402971,0.9323966056108475,0.9704342667013407,,,,,,
27.639999999948923,166.7131333865656,28.434097110018254,122.81963227204677,86.70631798175559,122.41170027587383,88.0,22.19357769130224,3.9948374011738905,20.7388692059923,0.8693200886249542,0.9484671115875244,0.9962553724646568,0.8835513144731522,0.9313833355903626,0.9701243225485087,,,,,,
27.659999999948877,166.56757468916587,28.731614263355777,122.92412397236109,86.6439972560549,122.42651748687729,88.0,22.28612173268835,5.289781442843826,20.748556089094784,0.8694455921649933,0.9476460695266724,0.9953584894537926,0.8836830504238605,0.9308277130126953,0.9698840323835611,,,,,,
27.67999999994883,166.4337885037654,29.026807239531717,122.9991137796722,86.52690048242815,122.44122110124226,88.0,22.406980321757754,6.793008312485726,20.758168707387405,0.8696171522140503,0.947077465057373,0.9948223575949668,0.8840167537331581,0.9308633178472518,0.9697062555700541,,,,,,
27.699999999948783,166.3124616853227,29.303345315562254,123.04501419546986,86.44629538318961,122.45580720287805,88.0,22.553313887693747,7.629741653556996,20.767704500691135,0.8698054552078247,0.9467585563659668,0.9946261033415794,0.8844672527164221,0.9313397437334061,0.9695937696844339,,,,,,
27.719999999948737,166.20404788374634,29.548107749725332,123.08443426244183,86.3274672505681,122.47027190699173,88.0,22.703323812958647,7.207728965563517,20.77716092928815,0.869971626996994,0.946677303314209,0.9947296604514122,0.8849190466105938,0.9318353563547135,0.9695351902395487,,,,,,
27.73999999994869,166.10941742393564,29.755234594923405,123.12834720392485,86.11616908661624,122.48461136112282,88.0,22.839641275948264,6.481341191219338,20.786535474598253,0.8701618552207947,0.9466179609298706,0.9950620397925377,0.8854302283376455,0.9326028198003768,0.9693372789770365,,,,,,
27.759999999948644,166.0284946717805,29.92411554116819,123.15872351162376,85.8785678205453,122.4988217461693,88.0,22.96678549039126,6.336318365454964,20.795825639849618,0.8703652381896974,0.9467380404472351,0.9956349834799767,0.8860279727727175,0.9339016199111938,0.9691812578588724,,,,,,
27.779999999948597,165.96000301172617,30.057467751549098,123.1551456949013,85.66259567424261,122.51289927740483,88.0,23.0951607170412,6.494000108436167,20.805028950743836,0.870575910806656,0.947070860862732,0.996460197865963,0.8867058675736189,0.9354834526777267,0.9690837923437357,,,,,,
27.79999999994855,165.90351194036205,30.160086558279517,123.11560300307283,85.43674731946822,122.5268402054867,88.0,23.22475082387049,6.406328490679059,20.81414295611487,0.870775318145752,0.9476401686668396,0.9975056156516076,0.8874203737825156,0.937145185470581,0.9690710965543985,,,,,,
27.819999999948504,165.85819266198956,30.238196865999914,123.0480501802695,85.17331826908689,122.54064081745447,88.0,23.349595816132606,6.0522308367634565,20.823165228581882,0.8709763944149018,0.9483401417732239,0.9986532673239708,0.8881784118711948,0.9389555662870407,0.9690993133932352,,,,,,
27.839999999948457,165.82287236501406,30.2977248035065,122.95895415040121,84.89783210671365,122.55429743771879,88.0,23.466236559194815,5.592999420319859,20.83209336519575,0.8711940288543701,0.9490515708923339,0.9997877106070518,0.8889876984059811,0.9409591376781463,0.969117683544755,,,,,,
27.85999999994841,165.79612217146052,30.343380195196932,122.85597262031446,84.64529009901523,122.56780642904036,88.0,23.571854106075968,4.915303268359752,20.840924988079024,0.8714080393314362,0.9497699022293091,1.0,0.8897911332547664,0.9430163085460663,0.9691440168768167,,,,,,
27.879999999948364,165.7762706414651,30.379070872706848,122.75178704491496,84.41614552524942,122.58116419349871,88.0,23.660606196912067,3.913606151752358,20.84965774505929,0.8716093003749847,0.9504692077636718,1.0,0.8905557107180357,0.9449509859085083,0.9691786590963603,,,,,,
27.899999999948317,165.7614243637174,30.407507149688783,122.65846812929395,84.21044428128906,122.5943671734504,88.0,23.727416374246943,2.766022170967378,20.858289310295586,0.8718008041381836,0.9511084198951721,1.0,0.8912771727889777,0.9467326998710632,0.9692052666097879,,,,,,
27.91999999994827,165.74951608931136,30.431496796494248,122.58290347908174,84.0485570191762,122.60741185247655,88.0,23.771804140053394,1.6932698802266335,20.8668173848979,0.8719771564006806,0.9516377091407776,1.0,0.8919249594211579,0.9483105421066285,0.969212144985795,,,,,,
27.939999999948224,165.73840425613758,30.45386389464408,122.52961988107415,83.95194423497603,122.6202947563194,88.0,23.79576862035245,0.7091224502338627,20.875239697539396,0.872122472524643,0.9520895957946778,1.0,0.8924644291400909,0.949601286649704,0.9692241016775369,,,,,,
27.959999999948177,165.7260491785569,30.477161006249535,122.5043122868976,83.92537548180533,122.63301245380764,88.0,23.800034576793486,-0.29156886230204204,20.88355400506141,0.8722433149814606,0.9523860692977906,1.0,0.8928922355175019,0.9504661738872529,0.9692080084234476,,,,,,
27.97999999994813,165.7108237315198,30.503689229764923,122.5119051672675,83.96336524447514,122.64556155777021,88.0,23.783792766184085,-1.335658219440145,20.891758093070813,0.8723694026470185,0.9521472930908204,1.0,0.8933243334293366,0.9507117122411728,0.9689716640859842,,,,,,
27.999999999948084,165.69160826017838,30.535454360494906,122.55370041445309,84.06413832688372,122.65793872593845,88.0,23.746748184132947,-2.3599857093366343,20.899849776529834,0.8724283456802369,0.9520378112792969,1.0,0.893517029285431,0.9506378710269928,0.9688640777021646,,,,,,
28.019999999948038,165.66775429957545,30.574030464345505,122.6273283084565,84.22868731437302,122.67014066183629,88.0,23.68983243175286,-3.3204844320468814,20.907826900337998,0.8724123120307923,0.9520726203918457,1.0,0.8934447705745697,0.9502451986074447,0.9689003888517618,,,,,,
28.03999999994799,165.63902589752507,30.620513389829487,122.72859143505572,84.45140605860186,122.68216411565815,88.0,23.614351028915312,-4.2163570526921275,20.9156873399061,0.8723236441612244,0.9522487640380859,1.0,0.8931091070175171,0.9495284140110016,0.9690781656652689,,,,,,
28.059999999947944,165.60572361538013,30.675553919501553,122.85226853052177,84.72010803925203,122.69400588513454,88.0,23.52176479819887,-5.023194849919612,20.923429001722045,0.8722072184085846,0.9520868778228759,1.0,0.892698808759451,0.9483163893222809,0.9691436711698771,,,,,,
28.079999999947898,165.56859305906653,30.739471611010536,122.99182546826066,85.02788706598743,122.70566281638493,88.0,23.414309957328925,-5.702184094468229,20.931049823908474,0.8720409274101257,0.9518314361572265,1.0,0.8921616088598967,0.9467815041542054,0.9692157570272684,,,,,,
28.09999999994785,165.52767651515435,30.81249265616741,123.14069253022627,85.3649861255669,122.71713180475767,88.0,23.294325610730418,-6.278107122571598,20.938547776771834,0.8718067526817322,0.9516406297683716,1.0,0.8914572589099408,0.9450267970561981,0.9693728748708963,,,,,,
28.119999999947805,165.48394484036356,30.893440403648977,123.29225328693424,85.70118116696399,122.72840979565697,88.0,23.164452569754058,-6.657433912256435,20.945920863343044,0.8715101003646851,0.9515427827835083,1.0,0.8906092420220375,0.943122136592865,0.9696182552725077,,,,,,
28.139999999947758,165.4383439312386,30.980642733658186,123.43634149366808,86.02549355323275,122.73949378535639,88.0,23.03074266895777,-6.64407667987543,20.953167119909292,0.8711704254150391,0.9515483140945434,1.0,0.8896745450794697,0.9412287294864654,0.9699357930570841,,,,,,
28.15999999994771,165.3918379955312,31.07186890119108,123.56242002480656,86.34559448974406,122.75038082179883,88.0,22.900705474551156,-6.330545052765254,20.96028461653708,0.8707922518253327,0.9516910076141357,1.0,0.8886757899075747,0.9394254446029663,0.9703306380659342,,,,,,
28.179999999947665,165.34538933355617,31.16463030447816,123.66591310026078,86.63493064058235,122.7610680053828,88.0,22.778266110019413,-5.893986700368048,20.967271457586214,0.8703803181648255,0.9519906640052795,1.0,0.8876321163028479,0.9377061992883682,0.9708028618246317,,,,,,
28.199999999947618,165.29992898332188,31.255614493168345,123.74441922498143,86.86800410210384,122.77155248973466,88.0,22.66621336634337,-5.2655829639884395,20.97412578221469,0.8699870049953461,0.9521637320518493,1.0,0.8865851987153291,0.9361173272132873,0.9710510078817606,,,,,,
28.21999999994757,165.25631960028784,31.342366083637465,123.79312121129722,87.04106754822101,122.78183148246673,88.0,22.569792732854424,-4.321345698576582,20.98084576487428,0.8696262300014497,0.952243196964264,1.0,0.8855885609984399,0.9347886264324188,0.9711219135671854,,,,,,
28.239999999947525,165.21534896514123,31.423793662059246,123.80708508493458,87.15404569437919,122.79190224592098,88.0,22.4952745675586,-3.0926122130436218,20.987429615796785,0.8692925810813904,0.9524183154106141,1.0,0.8846987161785365,0.9338137596845627,0.9712158385664225,,,,,,
28.25999999994748,165.1777383807318,31.500056002612162,123.78478355327762,87.19855965787703,122.80176209789818,88.0,22.44722129209753,-1.6914499523419746,20.99387558147066,0.8689965128898621,0.952688992023468,1.0,0.8839448384940625,0.9332081794738769,0.9713313404470683,,,,,,
28.27999999994743,165.14415507993436,31.572197978274243,123.72781115790234,87.16641635964015,122.81140841237224,88.0,22.42833122999632,-0.18164758114405163,21.0,0.8687541604042054,0.953034782409668,1.0,0.8833662409335375,0.9330110818147659,0.971460634842515,,,,,,
28.299999999947385,165.11521638945948,31.641393698786906,123.63909405430248,87.05806414033033,122.82083862018969,88.0,22.440497318804788,1.407748790683909,21.0,0.8685802936553956,0.9534262418746948,1.0,0.8829957824200392,0.9332515358924866,0.9715936247259378,,,,,,
28.31999999994734,165.0914685123783,31.708640098893316,123.52276535428399,86.88034744766318,122.83005020975381,88.0,22.484741185798534,3.010641538497466,21.0,0.8684829592704774,0.9538415431976318,1.0,0.8828493867069483,0.9339210897684097,0.9717232290655374,,,,,,
28.339999999947292,165.07335884486662,31.774552926929832,123.38501311100141,86.64071638693562,122.83904072769366,88.0,22.560324342694543,4.52450969920253,21.0,0.8684689760208131,0.9542589545249939,1.0,0.8829399302601815,0.9349836826324462,0.9718425933271646,,,,,,
28.359999999947245,165.0614029688769,31.83946017969804,123.23383169777068,86.34710982099422,122.84780777951747,88.0,22.66454745312526,5.863531553877409,21.0,0.8685436725616456,0.9546494483947754,1.0,0.8832739368081093,0.936391630768776,0.9719429079443216,,,,,,
28.3799999999472,165.05617518011394,31.903760575331063,123.07778322895979,86.01108233506173,122.85634903025036,88.0,22.793347214503598,6.97497815322514,21.0,0.868706238269806,0.954989230632782,1.0,0.8838422231376172,0.9380909740924835,0.9720175568014383,,,,,,
28.399999999947152,165.057168218626,31.967451841339514,122.9251639325979,85.64759565548265,122.86466220505622,88.0,22.94174381062259,7.815807983604057,21.0,0.868950915336609,0.955267333984375,1.0,0.884625506028533,0.9400173366069794,0.9720641676336527,,,,,,
28.419999999947105,165.06431778326683,32.03076819080688,122.78382357752797,85.27247043792568,122.87274508984365,88.0,23.103880846623213,8.342161533224118,21.0,0.8692725896835327,0.9554592370986938,1.0,0.8856021478772164,0.9420813947916031,0.9720763508230448,,,,,,
28.43999999994706,165.07738921653586,32.09382392040068,122.66097520859188,84.90135398060401,122.88059553185555,88.0,23.27311062454259,8.521174328588335,21.0,0.8696608781814575,0.9555522441864014,1.0,0.8867397144436836,0.944193771481514,0.9720517221838236,,,,,,
28.459999999947012,165.09600360078133,32.156630994613586,122.56279579599494,84.55017516828322,122.88821144024254,88.0,23.442317465701528,8.339014103677874,21.0,0.8701022863388062,0.9555138111114502,1.0,0.8880061998963357,0.9462567538022995,0.9719744745641947,,,,,,
28.479999999946966,165.11965306025374,32.21911897848481,122.49412619948932,84.23502501746769,122.8955907866198,88.0,23.604269667437325,7.796831345084856,21.0,0.8706238627433778,0.9549151420593261,1.0,0.8894090488553047,0.9480273991823196,0.9714857880026102,,,,,,
28.49999999994692,165.14771659068387,32.28113571706159,122.45840424573532,83.97115142983245,122.90273160560736,88.0,23.751869809224576,6.906811378976572,21.0,0.8711831688880921,0.9540197491645813,1.0,0.8907650068402291,0.9495499759912491,0.9706701580435038,,,,,,
28.519999999946872,165.17947481706764,32.342449836417586,122.45767550519513,83.77200841377959,122.90963199535341,88.0,23.878390162280528,5.694437464932661,21.0,0.8717186868190766,0.9531636238098145,1.0,0.8920240476727486,0.950841760635376,0.9698891464620829,,,,,,
28.539999999946826,165.21412977550693,32.40275223206268,122.49256037308538,83.64862723775938,122.916290118041,88.0,23.977777965413733,4.202125212652799,21.0,0.8722028255462647,0.9523917436599731,1.0,0.893125607073307,0.951840278506279,0.9691847387701273,,,,,,
28.55999999994678,165.25082803085564,32.461657703095604,122.56220042878178,83.60899175581196,122.9227042003774,88.0,24.045005529250354,2.489763545490572,21.0,0.8726095855236053,0.9517469525337219,1.0,0.89401645809412,0.9524946957826614,0.9685972038656473,,,,,,
28.579999999946732,165.28867796857597,32.516519763251615,122.66503946450509,83.70731462536428,122.92887253406643,88.0,24.07573194484649,0.4830332817389048,21.0,0.8729166269302369,0.9512669563293457,1.0,0.8946507707238197,0.9527670174837113,0.9681627098470926,,,,,,
28.599999999946686,165.32669848701335,32.560749266503954,122.80881947986931,83.96070001904582,122.93479347626344,88.0,24.05785190077581,-2.4255967828450387,21.0,0.8730449080467224,0.9510823488235474,1.0,0.8948506727814675,0.9524128466844559,0.9680035416036844,,,,,,
28.61999999994664,165.3637882538245,32.59278194244798,123.00213571549924,84.22555941550301,122.94046545001284,88.0,23.977301729298127,-5.516004974510095,21.0,0.8729998290538789,0.9510294914245605,1.0,0.8946659937500954,0.9512882620096207,0.9680403772741556,,,,,,
28.639999999946593,165.39884758303688,32.613411855320386,123.22274184598507,84.52544939839785,122.94588694466815,88.0,23.84600948660156,-7.354250623748729,21.0,0.8728517591953278,0.9510516285896301,1.0,0.8942629918456078,0.9500310122966766,0.9681896511465311,,,,,,
28.659999999946546,165.43089004222105,32.62324320441301,123.43437791210316,84.9365323162096,122.95105651629424,88.0,23.69128824084245,-8.003298697236186,21.0,0.8725815892219544,0.9512951135635376,1.0,0.8935899045318365,0.9486064910888672,0.9685282055288553,,,,,,
28.6799999999465,165.45909523618525,32.62308477342289,123.62141834614982,85.41039678620547,122.95597278805204,88.0,23.527180394957707,-8.423500493012078,21.0,0.8721974492073059,0.9517564058303833,1.0,0.8926683638244868,0.9467207014560699,0.9690439764410257,,,,,,
28.699999999946453,165.4828529288677,32.6148677717633,123.78627245983148,85.85040761598931,122.96063445056507,88.0,23.354057506142844,-8.858397276563839,21.0,0.8717229127883912,0.9523468375205993,1.0,0.8915372159332037,0.9445354372262955,0.9696815554052591,,,,,,
28.719999999946406,165.50183273705082,32.6017976747946,123.92665111405687,86.22969953250538,122.96504026226835,88.0,23.17588460067014,-8.850623316816074,21.0,0.871216642856598,0.9529193878173828,1.0,0.8903147261589766,0.9424155563116073,0.9703354183584452,,,,,,
28.73999999994636,165.51603605605712,32.58734341665888,124.03157960257948,86.57265903763678,122.96918904973892,88.0,23.004288217315636,-8.223872992011628,21.0,0.8707064628601074,0.9534456253051757,1.0,0.8890693351626396,0.9404912620782853,0.970970231667161,,,,,,
28.759999999946313,165.52579192356296,32.57404933319781,124.09443045055983,86.88487337072259,122.97307970800847,88.0,22.848886783885305,-7.304940809500568,21.0,0.8702020406723023,0.9539051651954651,1.0,0.8878146015107632,0.9386940896511078,0.9715114656835795,,,,,,
28.779999999946266,165.53171574715557,32.56270916477702,124.11930986638731,87.14091882002491,122.9767112008576,88.0,22.711665847664662,-6.430021757146918,21.0,0.8697575688362122,0.9539715409278869,1.0,0.8865745279937983,0.9369313180446625,0.9715894762426615,,,,,,
28.79999999994622,165.53464359074349,32.55416430151008,124.11324346419246,87.31067518321574,122.98008256109176,88.0,22.592036421935706,-5.496338918126815,21.0,0.8693348467350006,0.9540944814682006,1.0,0.8854153666645289,0.9354665249586105,0.9716805879026651,,,,,,
28.819999999946173,165.53557964691723,32.549588632848675,124.07669429729194,87.3997570786745,122.98319289079892,88.0,22.49408747675251,-4.23333526547798,21.0,0.8689455807209016,0.9542727828025818,1.0,0.8843697387725115,0.9344359785318375,0.9717828813940287,,,,,,
28.839999999946127,165.53564012302928,32.550272551406955,124.00662489743519,87.42305843736297,122.98604136158863,88.0,22.424944558747644,-2.64105856950065,21.0,0.8685993969440461,0.9545481324195861,1.0,0.8834770809859037,0.9338676780462265,0.9719068352133036,,,,,,
28.85999999994608,165.53599253663063,32.557416510263884,123.90380826908499,87.37704270780334,122.98862721481278,88.0,22.38936008293414,-0.9072516373266446,21.0,0.8683221638202667,0.9548666715621948,1.0,0.882793977856636,0.9336912095546722,0.9720338646322488,,,,,,
28.879999999946033,165.53779418145928,32.57189827371209,123.77322666295545,87.25255827671738,122.99094976176748,88.0,22.38886096734266,0.8607627916928933,21.0,0.8681148827075958,0.9552510261535645,1.0,0.8823294565081596,0.9339436650276184,0.9721703592687845,,,,,,
28.899999999945987,165.54212562014018,32.59397518011876,123.62067094127536,87.05354196454827,122.99300838387666,88.0,22.423866383681293,2.637907582555426,21.0,0.8679821610450745,0.9556958675384521,1.0,0.8820946451276541,0.9346651583909988,0.9723143879324198,,,,,,
28.91999999994594,165.5499424432997,32.623358965429006,123.45218419087138,86.79211069090316,122.99480253285665,88.0,22.493992514168717,4.355483622953565,21.0,0.8679443359375001,0.9561156272888184,1.0,0.8821209844201804,0.9357922881841659,0.9724390808492899,,,,,,
28.939999999945893,165.562039468022,32.65937899152123,123.2753232544202,86.47890132385966,122.9963317308624,88.0,22.596924269551817,5.90007389975523,21.0,0.868015706539154,0.9564418077468873,1.0,0.882427953183651,0.937234166264534,0.9725230041891336,,,,,,
28.959999999945847,165.57902534219116,32.70113913936713,123.09890545996815,86.12386800394353,122.99759557061455,88.0,22.728257866126217,7.1856168691581965,21.0,0.8681936800479889,0.9566658735275269,1.0,0.8830055922269822,0.9389358818531036,0.9725638929754495,,,,,,
28.9799999999458,165.60130490328797,32.74762936846863,122.93157120758181,85.74069832027502,122.99859371550805,88.0,22.88232894180012,8.168252821381477,21.0,0.8685040712356568,0.9564042091369629,1.0,0.8839758820831776,0.9406741172075271,0.9723644677549601,,,,,,
28.999999999945754,165.6290740335427,32.79775063406935,122.7810192158292,85.34634071463843,122.99932589970173,88.0,23.052738542643088,8.81315820791744,21.0,0.8688966035842896,0.9560856103897095,1.0,0.8851515300571918,0.9425752907991409,0.9721435371786356,,,,,,
29.019999999945707,165.6623822135927,32.85041159101106,122.6540538020763,84.9579009792493,122.99979192818913,88.0,23.23235041589195,9.082733085560333,21.0,0.8693594455718995,0.9557658314704895,1.0,0.8864485032856465,0.9445529699325561,0.9719532672315836,,,,,,
29.03999999994566,165.70103561520557,32.90479191243958,122.55654103039247,84.59164218838836,122.99999167685046,88.0,23.41337930657231,8.952777036333147,21.0,0.869869202375412,0.9554390907287598,1.0,0.8878368146717549,0.946531918644905,0.9717760030180216,,,,,,
29.059999999945614,165.7446201159339,32.960029275446594,122.4930583674402,84.26367071193664,122.9999250924856,88.0,23.587791001410128,8.42273029099614,21.0,0.8703980684280396,0.9550994515419007,1.0,0.8892788179218769,0.9484383702278137,0.9715918246656656,,,,,,
29.079999999945567,165.7925475477811,33.01280146516229,122.46760197149612,84.04987965585939,122.9995921928283,88.0,23.746949063365186,7.331772519450359,21.0,0.870979392528534,0.9542726635932922,1.0,0.8906766243278981,0.9500383496284485,0.9708666626363993,,,,,,
29.09999999994552,165.84399534756406,33.055715118254824,122.49609808897827,83.99063791968166,122.99899306654149,88.0,23.871036252151878,4.829357452277832,21.0,0.8714769840240479,0.9534915924072266,1.0,0.8917986579239369,0.9510937809944153,0.9701609317213297,,,,,,
29.119999999945474,165.89788255134536,33.08918166400933,122.59514632158479,83.9116623637025,122.9981278731936,88.0,23.93633029611904,1.798207468293924,21.0,0.8718491852283479,0.9529198169708252,1.0,0.8925700433552265,0.951459276676178,0.9696496788412332,,,,,,
29.139999999945427,165.95303377704684,33.1165004768213,122.74042214399148,83.86488199650616,122.99699684321612,88.0,23.952262514076978,0.07073900364914151,21.0,0.8721749126911164,0.9524230718612671,1.0,0.8932188101112842,0.951880869269371,0.9692069713026286,,,,,,
29.15999999994538,166.00830957603117,33.13937863824764,122.89119453351553,83.97745084061552,122.9956002778422,88.0,23.946886916202264,-0.541532940978029,21.0,0.8724141597747803,0.9520613312721252,1.0,0.8936761446297169,0.9521463513374329,0.9688860002905131,,,,,,
29.179999999945334,166.0626320347206,33.157391386540624,123.03606547932775,84.22083458405956,122.99393854902641,88.0,23.92860571152794,-1.4191303624580278,21.0,0.8725473999977112,0.9518641233444214,1.0,0.8939116664230824,0.951745229959488,0.9687131468206645,,,,,,
29.199999999945287,166.11495720244355,33.167835480107705,123.18966682111869,84.50656434124713,122.9920120993457,88.0,23.88442458321258,-3.1073731519751213,21.0,0.8725445687770844,0.951890742778778,1.0,0.8938184574246407,0.9507632493972779,0.9687482658773661,,,,,,
29.21999999994524,166.16428149131798,33.16855352374533,123.36239868014206,84.79413902265195,122.9898214418815,88.0,23.802874972734514,-5.007802470150558,21.0,0.8724468946456909,0.9518616080284119,1.0,0.8934907048940659,0.9494324088096618,0.9688434664160013,,,,,,
29.239999999945194,166.20970211521404,33.15935964309262,123.54563454557687,85.10758739932555,122.98736716008312,88.0,23.687780497304594,-6.385830107827967,21.0,0.8722753047943116,0.9517557382583618,1.0,0.8929860584437848,0.9479355216026306,0.968970400467515,,,,,,
29.259999999945148,166.25048043358942,33.14148037369468,123.72232290239576,85.46924601338078,122.98464990761228,88.0,23.551615307034496,-7.1499697262236115,21.0,0.8720055222511292,0.951810646057129,1.0,0.892259417846799,0.946299010515213,0.9692421618849039,,,,,,
29.2799999999451,166.2861004912862,33.11726115185773,123.88127790576077,85.84965987192551,122.9816704081691,88.0,23.40413040008758,-7.550711600286747,21.0,0.8716584742069244,0.9520249724388122,1.0,0.8913682512938976,0.9444666147232056,0.9696365181356669,,,,,,
29.299999999945054,166.31631791546477,33.08992798163599,124.01692997493082,86.20325522883948,122.97842945529926,88.0,23.251727216704115,-7.622124408990031,21.0,0.8712532877922059,0.9523779630661011,1.0,0.8903594113886356,0.942571422457695,0.9701264683157206,,,,,,
29.319999999945008,166.34119487978228,33.063000883559695,124.12266216173633,86.51271287653562,122.97492791218275,88.0,23.10241203010388,-7.227224855943682,21.0,0.8708126962184907,0.9528039216995239,1.0,0.8892762433737517,0.9407808631658554,0.9706676546484232,,,,,,
29.33999999994496,166.36109305826318,33.03901699138842,124.1915817362731,86.78172894760256,122.97116671140391,88.0,22.965397187808296,-6.425124170968739,21.0,0.8703592121601105,0.9533140063285828,1.0,0.8881848078221083,0.9392127096652985,0.9712417427450418,,,,,,
29.359999999944915,166.37662704062353,33.01910791959654,124.22225412249415,87.0034043880355,122.96714685470305,88.0,22.846516089130365,-5.4535074117415725,21.0,0.8699668765068055,0.9534665584564209,1.0,0.8871296115219593,0.9377234101295471,0.9714190308004618,,,,,,
29.379999999944868,166.38860274852462,33.00342788242252,124.2189957279886,87.15994198970738,122.96286941270967,88.0,22.747384432473133,-4.452531502740523,21.0,0.8696034073829652,0.9535849332809448,1.0,0.8861384712159633,0.9364708095788956,0.9715009991079568,,,,,,
29.39999999994482,166.3979541463344,32.99178540596807,124.18626433172268,87.23931480408731,122.95833552465734,88.0,22.66922079684732,-3.3305297089027306,21.0,0.8692593574523926,0.9538168430328369,1.0,0.8852378990501165,0.9355995893478394,0.9716123525053263,,,,,,
29.419999999944775,166.40568969835365,32.98421654905473,124.12505092310961,87.24827229842296,122.95354639808025,88.0,22.615729460780056,-1.9804619449988723,21.0,0.8689635515213013,0.9540860176086425,1.0,0.8844866510480642,0.9351317107677459,0.9717277590185404,,,,,,
29.439999999944728,166.41284987503212,32.98102994181786,124.03583512501996,87.19409864694293,122.94850330849155,88.0,22.591167997193285,-0.4576781814499593,21.0,0.8687383294105531,0.9543389797210693,1.0,0.8839316733181477,0.9350245386362076,0.9718292061239481,,,,,,
29.45999999994468,166.42046395483354,32.98264626392588,123.9218629387839,87.07542319914377,122.94320759904377,88.0,22.5977448395543,1.1157417168178003,21.0,0.8685905814170838,0.9545841574668884,1.0,0.8835943795740605,0.9352661907672882,0.9719181839376688,,,,,,
29.479999999944635,166.42949440811225,32.98924559531759,123.78860358804626,86.89228737796468,122.93766068017096,88.0,22.635625717215927,2.6642446610459745,21.0,0.8685188531875611,0.9548452019691467,1.0,0.8834773752838373,0.9358817011117935,0.9720016185194253,,,,,,
29.49999999994459,166.44079576030683,33.00070173073461,123.64219661563324,86.65215081974245,122.93186402921309,88.0,22.70382101720047,4.137663646611716,21.0,0.8685253977775574,0.9551146388053894,1.0,0.883584662899375,0.9368680566549301,0.9720771614462137,,,,,,
29.51999999994454,166.45508665872498,33.01668487953432,123.48927235945516,86.36616694909254,122.92581919002262,88.0,22.80016436797183,5.465540776257815,21.0,0.8686178088188172,0.9553502917289733,1.0,0.8839251458644867,0.9381687045097351,0.9721318785101175,,,,,,
29.539999999944495,166.47292499026872,33.036725374082636,123.3371815910813,86.04550277409412,122.91952777255327,88.0,22.920945698907328,6.569749878723896,21.0,0.8688009858131409,0.9555114388465882,1.0,0.8845005787909032,0.9397092372179031,0.9721535507589578,,,,,,
29.55999999994445,166.49468788240335,33.06023852656018,123.19349122779842,85.70213225367426,122.9129914524312,88.0,23.06108685749193,7.394615667476748,21.0,0.8690720498561859,0.9555777311325073,1.0,0.8852968573570251,0.9414223402738571,0.9721366588026286,,,,,,
29.579999999944402,166.52056155396244,33.08655721938085,123.06518541872583,85.3502266987968,122.90621197050886,88.0,23.214650898866413,7.907717185758936,21.0,0.869420063495636,0.955547571182251,1.0,0.8862828470766545,0.943243658542633,0.9720821205526591,,,,,,
29.599999999944355,166.55054230611242,33.114979554187265,122.9582839248565,85.00529790409847,122.8991911324012,88.0,23.3751605032028,8.085649802314343,21.0,0.8698327660560609,0.9554147958755493,1.0,0.8874220751225949,0.9450945794582367,0.971989757195115,,,,,,
29.61999999994431,166.5844458431921,33.14480754216249,122.87779178376222,84.68263623678851,122.89193080800484,88.0,23.535729275674676,7.911846027262581,21.0,0.8702951788902283,0.9551795840263366,1.0,0.888672086596489,0.9468935400247573,0.9718615237623454,,,,,,
29.639999999944262,166.62192118065823,33.17535812499362,122.82760284452488,84.39674204959377,122.88443293100005,88.0,23.68927276549697,7.384328119385921,21.0,0.8708481907844544,0.9543326377868653,1.0,0.8899450451135635,0.9484040975570679,0.9711286131292581,,,,,,
29.659999999944215,166.6624644410962,33.205954044011605,122.81031740220183,84.16124116441415,122.87669949833571,88.0,23.828850879194807,6.519496824641087,21.0,0.8714154958724976,0.9533472061157227,1.0,0.8912134498357773,0.9497022926807404,0.9702921930700541,,,,,,
29.67999999994417,166.7054378923758,33.23591333810204,122.82712970961032,83.98832623264826,122.86873256969751,88.0,23.948019908466467,5.350102931403388,21.0,0.8719631314277649,0.9523247718811035,1.0,0.8924190551042557,0.9507462680339813,0.9694505516439677,,,,,,
29.699999999944122,166.75009425430835,33.264548367385736,122.87782262210958,83.88779364831403,122.8605342669593,88.0,24.041136985751535,3.9233860586544806,21.0,0.8724657118320466,0.9513107538223267,1.0,0.8935052365064621,0.9514823138713837,0.968643457069993,,,,,,
29.719999999944076,166.79560453601889,33.29108334612828,122.96079240063773,83.8661986156043,122.85210677361805,88.0,24.103649608928947,2.301182093583969,21.0,0.8728993296623231,0.9503520846366882,1.0,0.8944197293370962,0.951868337392807,0.9679117027670145,,,,,,
29.73999999994403,166.8410760417021,33.31179077298856,123.07397669471158,83.98321894374021,122.84345233421223,88.0,24.13162436588902,0.38945028810656607,21.0,0.8732423305511475,0.9494970917701722,1.0,0.8951169818639756,0.9518783450126648,0.9672955099493266,,,,,,
29.759999999943982,166.88548663188385,33.31837415565327,123.22618968821895,84.25569613711092,122.83457325372407,88.0,24.112112250898765,-2.5095146169226563,21.0,0.8734083592891694,0.9488969326019288,1.0,0.8954020906239748,0.9512455493211747,0.9669335190206766,,,,,,
29.779999999943936,166.92765118921423,33.309327935644724,123.42726197412411,84.52083733087353,122.82547189696562,88.0,24.029911404843165,-5.578071783513892,21.0,0.8733889102935791,0.948587167263031,1.0,0.8952611725777387,0.9499108612537384,0.9668497268110514,,,,,,
29.79999999994389,166.96636945292403,33.286078587307536,123.65255833117624,84.81335897868313,122.81615068794898,88.0,23.89883169059783,-7.248776258353975,21.0,0.87326939702034,0.9484499573707581,1.0,0.894895725697279,0.9485725909471512,0.9669217769056558,,,,,,
29.819999999943843,167.0005561483977,33.2495088766176,123.86344337868354,85.22281877745635,122.80661210924056,88.0,23.748402021926246,-7.689359338971293,20.997046319398898,0.8730343222618103,0.948539137840271,1.0,0.8942783255130052,0.9471067577600479,0.9671817366033792,,,,,,
29.839999999943796,167.02929059785603,33.20027660083883,124.04592226344386,85.69380108585143,122.79685870130008,88.0,23.591764204107335,-8.01364526869122,20.990669942458045,0.872688764333725,0.9488635540008545,1.0,0.8934253089129925,0.9451694369316102,0.967624980583787,,,,,,
29.85999999994375,167.05184919127626,33.13989271505894,124.20559277250449,86.12114759104585,122.78689306180381,88.0,23.426883748761632,-8.452299940770642,20.98415481725538,0.8753297507762909,0.9357611298561096,0.9925387635827064,0.8971522554755211,0.9380914121866226,0.9605966154485941,,,,,,
29.879999999943703,167.0677671746736,33.07125669311642,124.34125890126501,86.47978293025686,122.77671784495274,88.0,23.25673153196359,-8.446575728625248,20.977502678998345,0.8781142711639405,0.9208170413970947,0.9795094981789589,0.9011261019855737,0.9311802566051484,0.9523464981466532,,,,,,
29.899999999943656,167.07688019955674,32.998247898970476,124.4407460981324,86.79751152456575,122.76633576076576,88.0,23.093772296282815,-7.75029146716023,20.970715299385816,0.8795947790145875,0.911356794834137,0.9687443390488625,0.9029720563441516,0.9263308465480804,0.9471900884062052,,,,,,
29.91999999994361,167.0794326012872,32.924323152165066,124.49565038508923,87.0831432635952,122.75574957435775,88.0,22.949126493677113,-6.696736754620924,20.963794486136177,0.8811746120452881,0.9003808736801148,0.9530354991555214,0.9055179413408041,0.9214647382497787,0.9408249918371439,,,,,,
29.939999999943563,167.07601919687465,32.85202774791639,124.5096323211724,87.31246620657429,122.74496210520324,88.0,22.825443809748595,-5.6914159100633235,20.956742082505905,0.8817817211151123,0.8921861588954926,0.9350328698754311,0.9078186672180891,0.9178863048553467,0.935886949673295,,,,,,
29.959999999943516,167.06766428327518,32.768811723052465,124.49028902893251,87.59720621647892,122.73397622638548,88.0,22.71938636453422,-5.1456971595953975,20.94955996679865,0.8821931123733521,0.8853925466537476,0.9183149710297585,0.90955755636096,0.9148260474205018,0.9317140404134989,,,,,,
29.97999999994347,167.0565138575704,32.611855885806754,124.46349053760005,88.17695788088754,122.72279486383115,88.0,22.599084218625947,-7.658280098606251,20.94225005186493,0.8822748899459839,0.8797618389129639,0.9025987520813942,0.9105156671255827,0.9115882098674775,0.9284206215292216,,,,,,
29.999999999943423,167.04582581045935,32.30061787772093,124.49030717321209,88.77949684876673,122.71142099553117,88.0,22.38285807305445,-14.41889747817614,20.934814284592722,0.881915831565857,0.8757845580577851,0.8894143119454384,0.9104081738740206,0.9080037385225296,0.926517716422677,,,,,,
30.019999999943376,167.03857805106526,31.790269643869433,124.56054349411244,89.1171425523467,122.6998576507475,88.0,22.025976920616426,-20.72577964242712,20.927254645388903,0.8812834799289704,0.8735933780670166,0.8802464619278908,0.9095245532691479,0.9064245373010635,0.9259767221286893,,,,,,
30.03999999994333,167.04077422927506,31.069539043387316,124.52969460935157,89.47661708019938,122.68810790920641,88.0,21.580168880679164,-23.31035476788653,20.919573147651818,0.8805354297161103,0.8734078526496888,0.8760752275586129,0.9081232905387878,0.9055165201425552,0.9267851125448943,,,,,,
30.059999999943283,167.05643913004033,30.163938715135547,124.26189300793274,89.91718060853198,122.67617490027814,88.0,21.103888443177418,-24.335550043483703,20.911771837235037,0.8795979797840119,0.8758628249168396,0.8776572123169899,0.9059639438986778,0.9054404467344285,0.9293935183435679,,,,,,
30.079999999943237,167.08700120754864,29.123847403928206,123.72718155004692,90.18142461698399,122.66406180214354,88.0,20.60091334970179,-26.11333124787331,20.903852791902455,0.8785505950450898,0.8810457348823548,0.8856186166405678,0.9031959436833858,0.9062784045934678,0.9336227133870125,,,,,,
30.09999999994319,167.13645379683425,28.00674016395583,122.94752077404169,90.11960771942844,122.65177184094753,88.0,20.05780305151874,-28.104939803622415,20.895818120774948,0.87749902009964,0.8884886205196381,0.8998803988099099,0.9001099213957787,0.9079248636960984,0.9388795323669911,,,,,,
30.119999999943143,167.2047900852797,26.898626426965144,121.93546200045465,89.806028054826,122.63930828993993,88.0,19.48328988371163,-29.16982528571829,20.887669963768598,0.8765047490596771,0.8977937757968902,0.9200621739029884,0.8968927826732397,0.9102943152189255,0.9447078110650182,,,,,,
30.139999999943097,167.2893758342992,25.842708451276344,120.70967129124617,89.35865475628933,116.8494126282195,88.0,18.895170314200513,-29.650685485803596,17.10247432623957,0.8754759788513184,0.9086262464523316,0.9437150493264198,0.8934495497494936,0.9132061511278152,0.9509294273331761,,,,,,
30.15999999994305,167.38983176420197,24.839520122726746,119.33045030074946,88.81752935452579,115.95258417645111,88.0,18.292569028057947,-30.77839852219188,16.516164772219575,0.873866856098175,0.9209203720092773,0.9645997419953346,0.8898095346987248,0.9168013006448746,0.9575926993042231,,,,,,
30.179999999943004,167.50673648045952,23.888899735688394,117.88487297567343,88.14135529552522,115.90519500742684,86.5274601065295,17.659455824731246,-32.54301271470267,17.447869697519085,0.8714688956737519,0.9335490107536316,0.9789061322808266,0.8862840052694082,0.9209640413522721,0.9641841962933541,,,,,,
30.199999999942957,167.63762993252988,22.99146573019357,116.43242776158507,87.37735370553236,115.8578591324681,87.96935151524448,16.99488060043805,-33.73801640233295,16.474274153350688,0.8693210363388062,0.944040060043335,0.9896909251809121,0.883058175817132,0.9249450415372849,0.9690576558932662,,,,,,
30.21999999994291,167.77741589949122,22.14899147594625,114.99868278242984,86.62595102484448,115.81060316115689,87.93871022816892,16.31711001898969,-33.89503222245724,16.463412156181466,0.8674895167350769,0.9511960506439209,0.9970940247178077,0.8798518549650908,0.9304574936628341,0.9712460523471236,,,,,,
30.239999999942864,167.92338462883393,21.36409621188564,113.61984006046286,85.97172289177274,115.76345365815781,87.9080833347629,15.640737506891773,-33.79903083367929,16.452610353626408,0.8659602582454682,0.9569703340530396,1.0,0.8772476028651,0.9363139867782593,0.9730682021006942,,,,,,
30.259999999942817,168.06775527355913,20.639272237402487,112.37509564984136,85.32878114624873,115.71643712828498,87.87747802763577,14.965331308022161,-33.58099187294644,16.441881371210673,0.8651383876800538,0.958449125289917,1.0,0.8755305599421264,0.9391758263111114,0.9735356813296676,,,,,,
30.27999999994277,168.1986459744571,19.990217190142488,111.32696313811223,84.71545766494827,115.6695800016024,87.84690149432737,14.311128294073827,-31.376834617730115,16.43123778890508,0.8647357046604157,0.9587031245231629,1.0,0.8744624685496092,0.9413161277770996,0.9736741906031966,,,,,,
30.299999999942724,168.30069439714387,19.468813202891535,110.4889392496134,84.27915220484053,115.62290861856657,87.81636091562011,13.728873408620755,-26.464892043222466,16.420692132516482,0.8644642353057862,0.9588741660118103,1.0,0.8737446140497923,0.9434494346380233,0.973767495714128,,,,,,
30.319999999942677,168.36097821603084,19.099372595659975,109.87832120024106,84.08394520631909,115.57644921521924,87.78586346385264,13.26158265012501,-20.187430057925024,16.410256865109858,0.8642842590808869,0.9589874744415283,1.0,0.8732697080820799,0.9449528157711029,0.973829329572618,,,,,,
30.33999999994263,168.37243752985472,18.8964152093433,109.54023935606773,84.0667771083022,115.5302279084391,87.75541630123539,12.92170853279042,-13.793381071307547,16.399944378467676,0.8641919374465943,0.9590455770492554,1.0,0.8730264138430357,0.9455652475357056,0.9738610392436385,,,,,,
30.359999999942584,168.32944592794956,18.864381980333132,109.49411127606162,84.17748676409816,115.48427068126021,87.72502657816858,12.712286525115166,-7.0420736440760905,16.38976698459133,0.8641490817070008,0.9590725421905517,1.0,0.8729135584086181,0.945506352186203,0.9738757615908981,,,,,,
30.379999999942537,168.2335445425787,18.997727447809748,109.70772249766132,84.48828051149532,115.43860336826587,87.69470143156296,12.642391210179824,-0.05852854261974143,16.379736907250077,0.8639575719833374,0.9591929912567139,1.0,0.8724098157137633,0.9448125064373016,0.9739415174350142,,,,,,
30.39999999994249,168.08786054255015,19.282529828890716,110.16539670354351,84.9914935590435,115.39325164106582,87.66444798316375,12.699052073158992,5.406889531964446,16.369866273582357,0.8642256140708924,0.9566196084022522,1.0,0.8723230432718992,0.9414178431034088,0.9731986170634628,,,,,,
30.419999999942444,167.8988734323336,19.699214598546874,110.86412058380697,85.54775535386673,115.34824099386513,87.63427333787813,12.850330951074602,9.661392829601166,16.36016710575477,0.8653437376022339,0.9490704774856568,1.0,0.8733061265200377,0.9343857347965241,0.9709659105166792,,,,,,
30.439999999942398,167.67435156256926,20.225417364868026,111.74052545605832,86.15998386676334,115.30359672913275,87.60418458210665,13.086811843947904,14.028162820105562,16.350651312683556,0.8665865242481232,0.9404061913490296,0.9884970843791961,0.8745383512228728,0.9270876079797745,0.968501234613359,,,,,,
30.45999999994235,167.42100210257425,20.837556398070475,112.71281917743431,86.86070578146332,115.25934394337793,87.57418878207906,13.409423554015705,18.07287263030404,16.341330681823862,0.8678796887397766,0.9310691356658936,0.9705594390630722,0.8759130250662566,0.919730806350708,0.9659087901934982,,,,,,
30.479999999942304,167.1471703945972,21.512256641524576,113.7359033042661,87.57277912176781,115.21550751304227,87.54429298219476,13.801020112651017,20.871922509918253,16.332216871031424,0.8682615876197816,0.9227921843528748,0.9460086703300477,0.8775548350065947,0.9131172597408295,0.9637563711032271,,,,,,
30.499999999942258,166.86200099589936,22.227369495312583,114.78026004271996,88.17898657886808,115.17211208051567,87.51450420336857,14.239403325371537,22.987335640666995,16.32332140050185,0.8684551119804382,0.9135032653808594,0.9185993313789368,0.8791505884379149,0.9070174753665924,0.9598809974268079,,,,,,
30.51999999994221,166.57294521042022,22.950555169415615,115.78565586823673,88.70202535919613,115.12918204028374,87.48482944138175,14.724995816567446,25.620444826412697,16.314655644792406,0.8686616480350495,0.9049328327178955,0.8939323186874389,0.8806608866900206,0.9040671527385712,0.9561308024451136,,,,,,
30.539999999942165,166.2872379356009,23.627580967994124,116.70627428208209,89.2886022553105,115.08674152521453,87.45527566523918,15.256086601622885,27.027794480398594,16.30623082493087,0.8688456177711488,0.8977027893066406,0.8761807024478913,0.8819600656628609,0.9016440510749817,0.9528139311820268,,,,,,
30.559999999942118,166.01551847022503,24.202059402850203,117.56024484280456,89.78916152778949,115.04481439299245,87.42584981553267,15.785002356130878,25.435354557117478,16.298058000616553,0.8690110087394715,0.8923642694950104,0.8652481853961945,0.8829929422587156,0.899904751777649,0.950234922580421,,,,,,
30.57999999994207,165.76680429622328,24.6273488779245,118.31857477994987,90.03304896428818,115.00342421270675,87.39655880281097,16.266374465195344,22.760550963952674,16.290148062518053,0.869234573841095,0.8888337671756744,0.8592498302459717,0.8839183680713177,0.8988864243030549,0.9483567403629423,,,,,,
30.599999999942025,165.55612599929515,24.868496565488858,118.85548685905734,90.10943094250098,114.96259425160233,87.36740950595693,16.7005728896154,20.68404533631734,16.2825117246724,0.8695099711418153,0.8871434450149537,0.8572244346141815,0.8847136270254851,0.8985891222953797,0.9472652347758412,,,,,,
30.619999999941978,165.39669252943636,24.899306172857358,119.08600933328799,90.12223826486753,114.9223474620002,87.3384087705719,17.08491951618576,17.314532747558466,16.27515951699042,0.8698028683662415,0.8876376569271088,0.8593236684799195,0.8852584730833769,0.8991016745567322,0.9472053987905383,,,,,,
30.63999999994193,165.2956953646931,24.71462331378234,119.04172009274787,89.92134755620248,114.88270646839499,87.30956340736819,17.374882028403718,11.350953045753807,16.26810177787254,0.8700595259666444,0.8908174395561218,0.8668061673641205,0.8853771317750215,0.9005491495132446,0.9484723022207617,,,,,,
30.659999999941885,165.25470930671656,24.336141623856637,118.76549420224997,89.43411922584774,114.84369355473663,87.2808801905695,17.535400066736926,4.832761616532959,16.26134864693985,0.870301365852356,0.8966085135936738,0.8812234938144684,0.8851248759776355,0.9029368817806244,0.9509310651570558,,,,,,
30.67999999994184,165.27083853111137,23.806480241340605,118.25183973547885,88.81020706880666,114.8053306519037,87.25236585632013,17.577016081762988,-0.464886116697733,16.25491005788464,0.8705186724662781,0.9046995878219605,0.9036595642566682,0.8845237825065851,0.9061682820320129,0.9543397491797805,,,,,,
30.69999999994179,165.33845464857387,23.177353239744228,117.50725508619867,88.1508473564835,114.76763932537497,87.22402710110286,17.521014951597245,-5.122563351192964,16.248795731444893,0.8706792891025543,0.9146161675453186,0.9325353741645813,0.883558714389801,0.9101007103919984,0.9584351541474462,,,,,,
30.719999999941745,165.449602804678,22.516226065855218,116.58347975389174,87.40397029539548,114.73064076310662,87.1958705801665,17.371938953576368,-9.739111703174922,16.24301516850695,0.8706061124801636,0.9253764390945435,0.9603254556655884,0.8822853367775679,0.9144494235515594,0.9628426419571042,,,,,,
30.7399999999417,165.5993364331026,21.87937730022879,115.5335360491503,86.5648783465703,114.69435576362147,87.16790290596278,17.136815159646844,-13.585523435171508,16.237577643340597,0.869200336933136,0.9363665580749512,0.9769906044006348,0.8810614719986916,0.9194424152374268,0.9672428764402866,,,,,,
30.759999999941652,165.78029262821536,21.27032171769494,114.39125036027806,85.7402072673459,114.65880472431725,87.14013064659348,16.834797403255564,-16.523934077745597,16.232492196970703,0.868002736568451,0.9445425748825074,0.9888639688491822,0.8797633484005929,0.9261604726314545,0.9695566095411777,,,,,,
30.779999999941605,165.98627059295956,20.690558617766484,113.20416341253843,84.95114186436204,114.62400763000034,87.112560324268,16.477343973989207,-19.203441428663613,16.227767630689435,0.8668797254562378,0.9515063762664795,0.9975455805659295,0.8784978523850442,0.9334255784749985,0.9715917743742466,,,,,,
30.79999999994156,166.2103723459641,20.141784065798184,112.02997828998059,84.17212227358544,114.58998404165136,87.08519841377156,16.06891005976953,-21.520529926471195,16.223412499713113,0.8659033477306366,0.9570770144462586,1.0,0.8773892894387245,0.940029400587082,0.9732830204069615,,,,,,
30.819999999941512,166.44183914235367,19.626659627164543,110.9219198513106,83.45786502299488,114.55675308542916,87.05805134094467,15.623201542267731,-22.88037381366312,16.219435106987472,0.8656586408615112,0.9581204891204834,1.0,0.8771846547722817,0.9438155770301819,0.9735334075987339,,,,,,
30.839999999941465,166.66342762404406,19.147372218080836,109.95739191056802,82.85396322683266,114.52433344191915,87.031125481174,15.161300191378215,-23.0600004640041,16.21584349714532,0.8656134128570557,0.9581490755081177,1.0,0.8770639851689339,0.9465567290782928,0.9735490001738072,,,,,,
30.85999999994142,166.8596933357791,18.745478172559253,109.19432720732262,82.39002367604782,114.49274333563207,87.00442715789524,14.712626235710276,-21.481659765178513,16.212645450620016,0.865558135509491,0.958184015750885,1.0,0.8769165650010109,0.9488537669181824,0.9735680259764194,,,,,,
30.879999999941372,167.01296493621297,18.481610046026137,108.68299650300996,82.13105574650561,114.4620005247592,86.97796264110792,14.314896341472728,-18.001704985008534,16.209848477918804,0.8654807209968567,0.9582329392433167,1.0,0.8767102137207985,0.9505774199962616,0.973594681173563,,,,,,
30.899999999941326,167.11203834028893,18.369125962448646,108.44645351352428,82.11249743360328,114.43212229118977,86.95173814590308,14.001956051324076,-13.122037868843176,16.20745981405915,0.8654142856597901,0.9582749128341674,1.0,0.8765332415699959,0.951492840051651,0.9736175574362278,,,,,,
30.91999999994128,167.14951535487896,18.41190389704621,108.4919563290361,82.36395953491528,114.40312543079594,86.92575983100356,13.793358287018599,-7.7984467676487625,16.205486413171755,0.8653286457061768,0.9583290100097657,1.0,0.8763052240014076,0.9514319092035294,0.9736470378935337,,,,,,
30.939999999941232,167.12329144776265,18.604541887347803,108.83094632133621,82.86036678389405,114.37502624399121,86.9000337973177,13.683098631054532,-3.4199782962907848,16.20393494327358,0.8651827096939088,0.9584211587905884,1.0,0.8759170845150948,0.9502404272556305,0.9736972726881504,,,,,,
30.959999999941186,167.0355626214176,18.933930428619167,109.4613372928503,83.49522675881606,114.34784052656715,86.87456608650658,13.652322308514764,0.34102995753933946,16.202811781213942,0.866032099723816,0.9527943015098572,1.0,0.8764945879578591,0.9442238867282867,0.9720625914633274,,,,,,
30.97999999994114,166.89191590016605,19.38183378338059,110.32557314616332,84.27057588287424,114.32158356081392,86.84936267956509,13.698742551075835,4.339298391654251,16.202123007797095,0.8671144843101501,0.9450428128242493,0.9982425838708877,0.8774180427193642,0.9367986887693405,0.9698164857923984,,,,,,
30.999999999941092,166.70213706892724,19.927131158779396,111.34966773923186,85.19255568644273,114.29627010692944,86.82442949541742,13.824152513523206,8.069142296394638,16.20187440308417,0.8682771742343903,0.9359505653381348,0.982580018043518,0.8784032240509987,0.9285004794597626,0.967274347692728,,,,,,
31.019999999941046,166.4731598204544,20.547840561518065,112.48698506317939,86.17788665208575,114.27191439472202,86.79977238952692,14.014567823656888,10.80960114206932,16.20207144187744,0.8693110466003419,0.925993025302887,0.9615483030676841,0.8794149532914162,0.9197337746620178,0.9642935313284398,,,,,,
31.039999999941,166.21330586724167,21.22291719615088,113.69577888298227,87.13762837057921,114.24853011561113,86.77539715252105,14.252692867692158,12.98071721524539,16.202719289389766,0.8691981434822083,0.9158787131309509,0.9308676734566689,0.8805515840649605,0.9115687012672424,0.9603391088545322,,,,,,
31.059999999940953,165.93256705412333,21.932111669352384,114.91202749399645,88.00210672567843,114.22613041493089,86.75130950883138,14.535409021724153,15.427377514659957,16.203822797101992,0.869048035144806,0.9063874244689941,0.9007299914956093,0.8814965859055519,0.9054247617721558,0.956543785892427,,,,,,
31.079999999940906,165.64018179916917,22.64423833591246,116.04957081786712,88.74974506574091,114.20472788454049,86.72751511534936,14.877888190150284,18.93128034148837,16.205386498810782,0.868853521347046,0.8976579368114471,0.8763455778360367,0.8822501931339503,0.9020015895366669,0.9529599655419588,,,,,,
31.09999999994086,165.34455421730274,23.30182648839522,117.04924087878472,89.52651792893738,114.18433455574574,86.70401956009768,15.285629745023364,21.366826044646377,16.207414606869627,0.868682736158371,0.8906068801879883,0.8605521827936173,0.8828464213758708,0.8992588996887207,0.9499445293098688,,,,,,
31.119999999940813,165.06013971825223,23.842207268574313,117.92673672748734,90.18645978575849,114.16496189253571,86.68082836091804,15.709012167964529,20.44571826195946,16.209911008625102,0.8685108065605164,0.8857324123382568,0.8513040572404862,0.8831722635775805,0.8973097980022431,0.9478379307314754,,,,,,
31.139999999940766,164.79947554111246,24.210214704325537,118.66521568866233,90.5629021393697,114.14662078513841,86.65794696417528,16.091921089932196,17.774539101712488,16.212879263051025,0.8683984339237214,0.8830965876579285,0.8468990415334702,0.8833314470946789,0.8962344229221344,0.9467009477317333,,,,,,
31.15999999994072,164.57898473030363,24.364423981834495,119.16343392419049,90.74456038032544,114.12932154389881,86.63538074347828,16.41980875094239,14.96011745482116,16.216322597582412,0.8682887673377991,0.8826957404613495,0.8459859043359756,0.8832044057548046,0.8959666788578033,0.9466563243418932,,,,,,
31.179999999940673,164.4108572631552,24.288094660130596,119.35688083235034,90.77437364319165,114.11307389348299,86.61313499841809,16.68350680439898,11.15294201668899,16.220243905151296,0.8682051301002502,0.884973418712616,0.8490703076124192,0.8827758930623532,0.8966909229755402,0.9478994572535158,,,,,,
31.199999999940626,164.30094022323706,23.995068835350295,119.25934704504739,90.56066551468433,114.0978869674115,86.59121495332322,16.856817191493306,6.050998581369674,16.224645741426645,0.8681417465209962,0.8902241230010987,0.8576168209314347,0.8820027463138104,0.8985015213489532,0.9504946704953909,,,,,,
31.21999999994058,164.24979090413984,23.525652645932478,118.89540607235598,90.09124856199769,114.08376930292495,86.56962575603279,16.925991515655713,0.9900923063137044,16.229530322259745,0.8680757522583008,0.8982065320014954,0.8736380606889725,0.8808824744075537,0.901294630765915,0.9541966950520873,,,,,,
31.239999999940533,164.25415178116793,22.934564969873588,118.27370181971636,89.461856612087,114.07072883618488,86.54837247668762,16.902615507773724,-3.190011688213654,16.23489952133707,0.8680346488952637,0.9084285497665405,0.899137333035469,0.8795301914215088,0.9049800217151642,0.9586127744987607,,,,,,
31.259999999940487,164.30811931512912,22.292926213258056,117.41990855141798,88.72169632848829,114.05877289781252,86.52746010653941,16.801926544678786,-6.821610643320957,16.24075486804217,0.8680038452148438,0.9200522422790527,0.9319465428590774,0.8779961600899697,0.9093559205532075,0.9633444918319582,,,,,,
31.27999999994044,164.4080473587093,21.67251092461468,116.38463228914156,87.87665801003513,114.04790820876784,86.50689355677869,16.63209237838376,-10.10201851336321,16.24709754552789,0.8679022610187531,0.9298721671104431,0.9612012773752212,0.8763086799532176,0.9136775553226472,0.9660575203597546,,,,,,
31.299999999940393,164.54763520775725,21.079100979435083,115.22529370697465,86.98272693818537,114.0381408765715,86.48667765738136,16.399670455786154,-13.10777638697728,16.253928389000446,0.8665356397628785,0.9394797325134278,0.9781012088060379,0.8747976988554002,0.9185032606124878,0.9687367944046855,,,,,,
31.319999999940347,164.72147550712054,20.514162243370016,114.00136625538167,86.06869737890901,114.02947639187151,86.46681715597443,16.109240080787234,-15.879520548706145,16.2612478842164,0.8652667939662934,0.9478230118751526,0.990260997414589,0.8734000355005265,0.923108434677124,0.9711145097389817,,,,,,
31.3399999999403,164.92349501986877,19.97963372555031,112.76289587643566,85.15690600262305,114.02191962535665,86.44731671672102,15.767993445315533,-18.127010218744005,16.26905616619372,0.8641449511051178,0.9546980023384094,0.9984324991703033,0.872180250287056,0.9288291782140732,0.9731423193588853,,,,,,
31.359999999940253,165.14587654024075,19.47836643601807,111.5459633307782,84.28384126989636,114.01547482501852,86.42818091922507,15.389567514151434,-19.574182786508253,16.277353018137923,0.8632922768592834,0.9596108675003052,1.0,0.8712980717420579,0.9357359558343887,0.9746419006958604,,,,,,
31.379999999940207,165.37697491089855,19.01262990409495,110.4047023167619,83.52416737239218,114.01014561376346,86.40941425745575,14.988755843724753,-20.455691216935485,16.286137870583946,0.8633298993110657,0.9595872640609742,1.0,0.8713962525129318,0.939201346039772,0.974629002250731,,,,,,
31.39999999994016,165.5978376533199,18.59827531599821,109.45345779372643,82.86457699387918,114.00593498737607,86.39102113869212,14.577662779698075,-20.378174807743726,16.29540980075477,0.8633579075336457,0.9595696926116943,1.0,0.8714693695306779,0.9422126293182373,0.9746193939819932,,,,,,
31.419999999940114,165.80107392255687,18.30292561751692,108.67948713506652,82.35336353880744,114.00284531283503,86.3730058824881,14.185002564386362,-18.616571168091777,16.305167532137023,0.8633951187133789,0.9595463275909424,1.0,0.8715665608644486,0.944837874174118,0.9746066385880112,,,,,,
31.439999999940067,165.96706829514667,18.149168730102208,108.16984409789718,82.05056788719,114.00087832698263,86.35537271965804,13.844776257496504,-15.11373764195085,16.315409434274336,0.863388341665268,0.9595505952835083,1.0,0.8715488463640213,0.9468385696411132,0.9746089512482285,,,,,,
31.45999999994002,166.08235726699928,18.145810671565755,107.94754089552225,82.0007153635703,114.00003513554829,86.33812579128305,13.590052579544178,-10.19442668142246,16.32613352277863,0.8634060025215149,0.9595395088195801,1.0,0.8715949982404709,0.9480297207832337,0.9746028954163194,,,,,,
31.479999999939974,166.13968706726482,18.293106750274475,108.01229104705428,82.18754322719742,114.00031621252711,86.32126914773862,13.440420755934445,-4.744970101631283,16.33733745955951,0.8633783042430878,0.9595568895339965,1.0,0.8715226322412492,0.9481732845306396,0.9746123963966966,,,,,,
31.499999999939927,166.13713673332165,18.58224261521369,108.353064632436,82.59701051700972,114.00172139991334,86.30480674774331,13.399375867596683,0.5224711964398111,16.349018553271936,0.8633524775505066,0.9595731019973754,1.0,0.8714552074670792,0.9473716706037522,0.9746212536469102,,,,,,
31.51999999993988,166.0765859093439,18.99757612519428,108.95935975782436,83.21104930376185,114.00424990778916,86.28874245742908,13.453018335993265,4.628920899475467,16.361173759982094,0.863990068435669,0.9555891990661621,1.0,0.872008815407753,0.942897492647171,0.9734121615067124,,,,,,
31.539999999939834,165.96381916503753,19.51936767830724,109.81016768759349,83.92580883650946,114.00790031476888,86.27308004943333,13.579536498901465,7.998059542534517,16.373799684051306,0.8651553511619569,0.9480280876159668,1.0,0.8731479912996293,0.9356377780437469,0.9711850697174669,,,,,,
31.559999999939787,165.80762146278272,20.126078402196793,110.8391968973346,84.73786847433686,114.01267056879779,86.25782320201297,13.773806415636619,11.439280800334044,16.38689257923754,0.8664111733436585,0.9392361640930176,0.9859994381666184,0.8744088917970658,0.9277774751186371,0.9686964923515916,,,,,,
31.57999999993974,165.61337269080641,20.79585355740741,111.97257491200473,85.64548710022649,114.01855798830583,86.2429754981805,14.0346885695221,14.515338919787489,16.400448350014386,0.8676626145839692,0.9297791600227356,0.9669977977871895,0.8756612569093705,0.919623327255249,0.9660865837708116,,,,,,
31.599999999939694,165.38959298935748,21.508392709375997,113.16482804216244,86.56841209547125,114.02555926371497,86.22854042486266,14.34802833628654,16.678310608344766,16.41446255310657,0.8676728844642639,0.9218860745429993,0.9398269101977348,0.8771129041910172,0.9123228460550309,0.964295225776732,,,,,,
31.619999999939647,165.1465942084508,22.24422719963074,114.3742871675859,87.38918995723157,114.03367045929964,86.21452137208145,14.699487903695285,18.54801869056884,16.428930399241658,0.8676600694656372,0.9129012584686279,0.9112657204270364,0.8783172458410263,0.9065072536468506,0.9608471626415849,,,,,,
31.6399999999396,164.8914126580881,22.974253129856383,115.5264026609919,88.08674480978554,114.04288701539929,86.20092163215804,15.09743025782346,21.38409801128617,16.44384675511695,0.8676207065582275,0.9044527769088745,0.8864543378353119,0.8793247181922198,0.9033322274684906,0.9574265645816922,,,,,,
31.659999999939554,164.63432066356964,23.64716723216553,116.55855027840686,88.82035161396469,114.05320375098141,86.18774439893957,15.550170530422653,23.485523186655627,16.459206145580616,0.8675840556621552,0.897499805688858,0.869876354932785,0.8801523957401515,0.9007718682289124,0.9545013044029474,,,,,,
31.679999999939508,164.38476092820326,24.208016131873226,117.47844748751395,89.46156034261804,114.06461486655415,86.17499276704909,16.015527574077005,22.557721913654152,16.475002756026154,0.8675331294536591,0.8926030516624451,0.8597552478313446,0.8807010944932699,0.8989583611488342,0.9523967510089278,,,,,,
31.69999999993946,164.15509081150253,24.61208115448528,118.2685015436757,89.80469785971732,114.07711394742644,86.1626697311588,16.44211746731052,20.10411619724503,16.491230434998876,0.8675334811210633,0.8898010551929474,0.8547344148159027,0.8810913629829884,0.8979583263397217,0.9511410463601351,,,,,,
31.719999999939414,163.96212872131022,24.829536470322754,118.81402871064715,89.90961209975556,114.09069396731392,86.15077818528677,16.82505924527288,18.278280811640332,16.507882697013095,0.8675957083702088,0.8891261875629425,0.8538229823112489,0.8813349153846503,0.8977886199951172,0.9507905721664429,,,,,,
31.739999999939368,163.8194441066539,24.839825935088815,119.0272773318419,89.92140655777602,114.10534729228878,86.13932092211726,17.167609224609944,15.599119912158466,16.524952725578682,0.8676991224288941,0.8908099174499512,0.8571434378623963,0.8813573259860278,0.8985083281993866,0.9514889862388373,,,,,,
31.75999999993932,163.73448569620797,24.6413909365133,118.94084341841717,89.72366916344757,114.1210656850711,86.1283006323449,17.430979860298155,10.36566007042168,16.542433376435383,0.8677872717380524,0.8953211963176727,0.8662251770496369,0.8809874080121518,0.9002252399921418,0.9534678306430578,,,,,,
31.779999999939275,163.7091083237147,24.258317406355317,118.61283139393275,89.21790000274544,114.1378403096594,86.11771990404281,17.57653085925386,4.28423441843327,16.560317180993092,0.8678786754608154,0.9025464057922363,0.8831204950809479,0.8802789796143771,0.9029411792755128,0.9565483763813972,,,,,,
31.799999999939228,163.74094651321522,23.73446815568069,118.04860960142982,88.53741344387214,114.15566173629772,86.10758122205472,17.611200677173372,-0.5744493323026507,16.578596349976614,0.8679771423339844,0.9119654417037965,0.908850371837616,0.879298485070467,0.9065348863601684,0.9603905906900764,,,,,,
31.81999999993918,163.82486232891057,23.121782298291247,117.25151752436207,87.80611674743149,114.17451994677656,86.0978869674115,17.55966494884049,-4.526141385249271,16.59726277727258,0.8680570065975189,0.9228470206260682,0.9404262721538543,0.8780609119683505,0.910825228691101,0.9646643763408065,,,,,,
31.839999999939135,163.9539535064163,22.486859570572996,116.26936176696613,87.00781529104286,114.19440434006447,86.08863941677195,17.430228824059995,-8.425964449167218,16.616308043976776,0.8677003145217896,0.9320792078971862,0.96579869389534,0.8765814363956452,0.9151914119720459,0.9669178679585457,,,,,,
31.859999999939088,164.12216966472204,21.8766110905597,115.16724634069999,86.14521310259852,114.21530373826747,86.07984074188813,17.22336540970789,-12.202207487139423,16.63572342263972,0.8663724660873413,0.941504693031311,0.9817505419254303,0.8751655634492637,0.9200673222541809,0.9695496365427971,,,,,,
31.87999999993904,164.32399002771936,21.293666597275756,113.9985929718245,85.26055470835777,114.23720639291251,86.07149300909532,16.945957095839642,-15.417983650988772,16.655499881707954,0.8651131808757783,0.9497927308082581,0.9932035267353058,0.8738198649138212,0.9247907340526581,0.9719248278066516,,,,,,
31.899999999938995,164.55308952996018,20.739997358285947,112.80348169131462,84.40162378435964,114.26009999155193,86.06359817882681,16.61163040919182,-17.895330507094375,16.675628090158956,0.8639660477638245,0.9567010998725891,1.0,0.872589023038745,0.9323733687400818,0.9739882333204151,,,,,,
31.91999999993895,164.80168142208663,20.217832515297026,111.62252386093166,83.58957089998957,114.28397166468469,86.05615810515341,16.234684036779292,-19.68097868632529,16.696098422327054,0.86346675157547,0.9595013618469238,1.0,0.872079111263156,0.9377245247364044,0.9748418791219592,,,,,,
31.9399999999389,165.05877518243506,19.729700840480426,110.51576140346444,82.86561432494793,114.30880799299104,86.0491745353481,15.829535420885462,-20.718712535807896,16.71690096291776,0.8635007619857789,0.9594800233840942,1.0,0.8721680294722319,0.9409926474094391,0.9748302204534411,,,,,,
31.959999999938855,165.30658546258124,19.296894799009827,109.57139498591442,82.2584964631107,114.33459501487599,86.04264910947566,15.41159060484869,-20.85982665217923,16.73802551220762,0.8635014832019806,0.959479570388794,1.0,0.8721699070185424,0.9438883781433105,0.9748299701139331,,,,,,
31.97999999993881,165.52617943942005,18.98706422728207,108.8639968696309,81.79858971160175,114.36131823431778,86.03658336000751,15.007375353005978,-19.196484247370115,16.75946159142707,0.8634799718856812,0.9594930648803711,1.0,0.8721136521548033,0.9463049858808518,0.9748373491689563,,,,,,
31.999999999938762,165.70344041659433,18.820311783237447,108.42677076860926,81.57351756432224,114.38896262901676,86.03097871146183,14.657730930099142,-15.4802981141398,16.781198448323092,0.863441812992096,0.9595170259475708,1.0,0.8720139157027007,0.9481244325637818,0.9748504383489489,,,,,,
32.01999999993942,165.82634739216772,18.805297059472952,108.27339410159514,81.61145418719971,114.41751265884004,86.02583648006897,14.395899251880124,-10.596394787295438,16.803225062898715,0.8633985877037049,0.9595441579818725,1.0,0.8719009649008513,0.9490039587020874,0.9748652679845691,,,,,,
32.039999999940086,165.88934032350897,18.940590540461457,108.40645213662555,81.8828150865373,114.44695227455729,86.02115787346241,14.236050956695667,-5.389056625761188,16.825530153326195,0.8633437991142273,0.9595785498619079,1.0,0.8717578779906034,0.9488233208656311,0.9748840553686022,,,,,,
32.05999999994075,165.89228641512057,19.215979066180854,108.81864081241865,82.40034667047244,114.47726492686279,86.0169439903951,14.175905179746799,-0.8062732689668521,16.848102182030647,0.8632542192935944,0.9596347570419311,1.0,0.8715241204947234,0.9476797997951507,0.9749147636815906,,,,,,
32.079999999941414,165.8378081377728,19.615285563755172,109.4993796302152,83.06546154889001,114.50843357567838,86.01319582048143,14.197784098156356,2.916211728225095,16.870929361940682,0.8634353756904602,0.9578863263130188,1.0,0.871482301875949,0.9442221522331238,0.9743954164907336,,,,,,
32.09999999994208,165.73204353309882,20.118588761722958,110.40158947808652,83.84204055049585,114.54044069973263,86.00991424396483,14.29217337252777,6.543007932839217,16.893999662902747,0.8645423769950867,0.9504494190216064,1.0,0.8724318992346526,0.9366153389215469,0.9721820456907153,,,,,,
32.11999999994274,165.5808915882712,20.70434448842707,111.45325060185947,84.7363140846821,114.57326830641013,86.00710003151106,14.458848843838755,10.04573526513688,16.91730081825538,0.8656913220882416,0.9419849395751954,0.9899465501308441,0.8734278570860625,0.9284720301628113,0.9697753055021167,,,,,,
32.139999999943406,165.39272940644054,21.351364767907345,112.59869479443952,85.69432789326844,114.60689794186607,86.00475384402718,14.68873340743972,12.789341950532885,16.94082033156002,0.8668213963508606,0.9329707384109497,0.972258722782135,0.8744073998183013,0.9200247049331665,0.9672886593267321,,,,,,
32.15999999994407,165.17744434276932,22.03961460091948,113.79724147166033,86.62704163223982,114.64131070139989,86.00287623250641,14.965455643395378,14.810934220126896,16.96454548348432,0.867157018184662,0.925070834159851,0.9491285651922226,0.8754356157034636,0.9123010694980621,0.9653568727895617,,,,,,
32.179999999944734,164.94351991371067,22.752365295737057,114.99693657737492,87.43224893765607,114.67648724008245,86.00146763789866,15.281367320081122,16.921860956986002,16.988463338834368,0.8669103145599366,0.9185898542404175,0.9233648315072059,0.8764235626906157,0.9080922722816468,0.9639743765816092,,,,,,
32.1999999999454,164.7000817266257,23.467197017662592,116.11472741516528,88.08527066648313,114.71240778363071,86.000528391007,15.65256857721876,20.387780515637147,17.01256075373182,0.8668365120887757,0.9113230824470521,0.9002564489841461,0.8772534433752299,0.9052461385726929,0.9612495241686702,,,,,,
32.21999999994606,164.4565036842131,24.135240992620048,117.0892048952849,88.79019477824103,114.7490521395237,86.00005871241,16.091891346613295,23.07037226743135,17.03682438293181,0.8667904496192933,0.9052125692367554,0.8839256823062897,0.8779494944959879,0.9029436469078064,0.9588299019262194,,,,,,
32.239999999946725,164.2191137757674,24.702659520594867,117.953791312317,89.40229579558796,114.78639970835358,86.0000587124099,16.55036292456751,22.20879616597569,17.061240687277706,0.8667240738868713,0.900977611541748,0.873525482416153,0.8783740390092135,0.9013330817222596,0.9571501407772303,,,,,,
32.25999999994739,164.00083147832223,25.12500884793962,118.71403327644724,89.69595634110387,114.82442949540557,86.00052839100667,16.96906386924359,19.695217386305494,17.085795941288545,0.8667288661003113,0.8986824095249176,0.8685290873050691,0.8786987181752921,0.9005147874355316,0.9561958812177181,,,,,,
32.27999999994805,163.81877409054883,25.37522746602323,119.25518389728616,89.73605107784884,114.86312012245992,86.00146763789809,17.3460764557947,18.209682189395178,17.110476240874625,0.8667985737323761,0.89826899766922,0.8679862856864929,0.8789178643375636,0.9004480600357055,0.9559775412082672,,,,,,
32.29999999994872,163.6855563898315,25.44191765576335,119.4618264837283,89.64966318989835,114.90244983980959,86.00287623250563,17.698458670089668,16.813919086499837,17.135267511177254,0.8669571995735169,0.8999742805957794,0.8724515438079834,0.8790459077805282,0.9012452602386475,0.956578490883112,,,,,,
32.31999999994938,163.60989132854104,25.322557972694973,119.3355794240076,89.3906945437125,114.94239653848673,86.00475384402617,18.003094928585224,13.206624131090702,17.16015551452809,0.8671590209007264,0.9042065978050232,0.8834770619869232,0.8789384096860886,0.9030129551887512,0.9581930857151747,,,,,,
32.339999999950045,163.5953530728182,25.030275303402366,118.9450506008664,88.8375598274753,114.98293776269253,86.0071000315099,18.214140333144883,7.782633339124691,17.185125858524344,0.8673712253570557,0.9109837174415588,0.9025891780853271,0.8785223871469499,0.9057589054107666,0.9607977453619242,,,,,,
32.35999999995071,163.640508171626,24.597044221065094,118.32661935727505,88.05499972611834,115.02405072241629,86.00991424396359,18.317089510944964,2.6905726776208496,17.210164004211144,0.8676131129264832,0.9197316646575928,0.9290803372859955,0.8778903137892485,0.9093775570392609,0.9640757340937853,,,,,,
32.37999999995137,163.74158757891388,24.065292732282664,117.48980262965861,87.19719298545874,115.06571230625102,86.01319582048012,18.328390194353293,-1.4569215044212045,17.23525527437507,0.8679703533649445,0.927881395816803,0.9568822801113128,0.8769075267016888,0.9131936371326447,0.9660696431994438,,,,,,
32.39999999995204,163.89366382504247,23.47721050223631,116.4703879792332,86.30950001108748,115.10789909438388,86.01694399039377,18.260030336898236,-5.3992846055954535,17.26038486193534,0.8669188857078552,0.9372310638427734,0.9749746501445771,0.8759204555302859,0.9180275559425354,0.9686102919280529,,,,,,
32.4199999999527,164.08861419703564,22.863883462007777,115.33128614751757,85.38339976489755,115.1505873717616,86.02115787346108,18.111526474416696,-9.442938930898688,17.285537838432514,0.8657277405261994,0.9462614297866822,0.9889505326747894,0.8748685967177153,0.923121964931488,0.9711421482264996,,,,,,
32.439999999953365,164.31791008114345,22.26974355888435,114.13116324084089,84.43595953258972,115.19375314142167,86.02583648006767,17.884815345988436,-13.115140153566184,17.310699162608707,0.8645688652992249,0.954250180721283,0.9987339198589325,0.8738243982195855,0.9306945323944091,0.9734691612422466,,,,,,
32.45999999995403,164.57581057280865,21.70451962132695,112.91226368025855,83.52215946229391,115.23737213798209,86.03097871146059,17.5924310331656,-15.979199452555523,17.335853689074728,0.8637935101985932,0.9592961311340332,1.0,0.8732162639498711,0.9380702048540115,0.9749788038432599,,,,,,
32.47999999995469,164.85180139803336,21.170228129760616,111.72313977253907,82.68377875678708,115.28141984128212,86.03658336000639,17.251120813601506,-18.015857761846494,17.360986177059104,0.8639294147491455,0.9592107057571411,1.0,0.8735730394721032,0.9418801605701447,0.9749321572482585,,,,,,
32.49999999995536,165.13094470756155,20.690222038538774,110.6434154854003,81.98400459145708,115.32587149016597,86.04264910947467,16.87709650411866,-19.277414672496867,17.386081299233947,0.8640732884407044,0.959120225906372,1.0,0.8739512905478478,0.9454034328460693,0.9748827569186688,,,,,,
32.51999999995602,165.39537839902567,20.3114730596324,109.76930663389564,81.43312646206473,115.37070209640228,86.04917453534728,16.486114938272,-19.57740818491138,17.41112365061276,0.864140009880066,0.9590782642364502,1.0,0.8741268798708917,0.9483161181211471,0.9748598448932171,,,,,,
32.539999999956684,165.6266376858511,20.05599726822174,109.1677675623807,81.06254017309172,115.41588645873108,86.05615810515278,16.10750168557533,-17.89288248133686,17.436097757515125,0.8641749024391174,0.959056305885315,1.0,0.8742187544703484,0.9506132781505585,0.9748478643596172,,,,,,
32.55999999995735,165.80968072166553,19.938207274887734,108.85678805624681,80.9572537619103,115.46139917703046,86.06359817882641,15.784783267561021,-14.101253029685864,17.46098808659296,0.8641703307628632,0.9590591788291931,1.0,0.8742067262530328,0.9521616339683533,0.9748494379222393,,,,,,
32.57999999995801,165.93561465891653,19.963422999307696,108.83209831255411,81.12928426924856,115.50721466659515,86.07149300909519,15.550068969352568,-9.307929767502955,17.485779053913507,0.8641488254070282,0.9590727090835571,1.0,0.8741500958800317,0.9526375740766525,0.9748568169772625,,,,,,
32.599999999958676,166.00088328367121,20.127233021059247,109.09250277624591,81.5911899031555,115.55330717251883,86.07984074188829,15.409477506369763,-4.959657893051685,17.510455034093596,0.8640988767147064,0.9591041326522827,1.0,0.8740186259150505,0.9519812881946563,0.9748739711940289,,,,,,
32.61999999995934,166.00606909582046,20.41732445746727,109.64540743049479,82.23251244214536,115.59965078417204,86.08863941677245,15.343355219850505,-1.7781088672210643,17.535000369480052,0.8639472365379334,0.9591995000839233,1.0,0.8736198827624322,0.9500798583030701,0.9749260298907757,,,,,,
32.639999999960004,165.95484224188695,20.817085950030002,110.46014391140538,82.99021238827359,115.64621944976778,86.09788696741236,15.338049399649067,1.321419213936227,17.559399379371115,0.8637606739997864,0.9593167662620544,1.0,0.8731301352381706,0.9474284291267395,0.9749900810420513,,,,,,
32.65999999996067,165.8531123834243,21.30715000012739,111.46067649105369,83.89818049081049,115.69298699100624,86.10758122205597,15.398593084829486,4.722240226252288,17.583636369273275,0.8648171782493592,0.9518708229064942,1.0,0.8738473519682884,0.9392401218414307,0.9727794878184796,,,,,,
32.67999999996133,165.70899205933472,21.867198480925296,112.58164103028828,84.92504001195454,115.73992711779087,86.11771990404448,15.522768459776188,7.526032542852007,17.607695640188645,0.8659042179584504,0.9434345960617065,0.9933092057704925,0.8746443793177605,0.9304360836744309,0.970371650904417,,,,,,
32.699999999961996,165.53097892456387,22.47778740665802,113.78401997002418,85.96030037363926,115.78701344300718,86.12830063234703,15.693242607949582,9.416427317432705,17.631561497927137,0.8669023513793945,0.9347602128982544,0.9765689954161644,0.8753149196505547,0.921469846367836,0.9679817073047161,,,,,,
32.71999999996266,165.32705501209645,23.120929703593948,115.02044923535215,86.93683930302903,115.8342194973561,86.13932092211988,15.898347181808006,11.128327271598808,17.655218262438385,0.8674386620521546,0.9269922494888305,0.956679368019104,0.8759061977267266,0.9132994174957275,0.9659805290400982,,,,,,
32.739999999963324,165.10871149649873,23.780248464222623,116.2274854719621,87.84949667801405,115.88151874423353,86.1507781852899,16.140166447502946,13.07712724015445,17.678650277157868,0.8670868277549744,0.92115877866745,0.9332619369029999,0.8765049263834954,0.9097217619419098,0.9647593554109335,,,,,,
32.75999999996399,164.8824470072894,24.440203589921293,117.35273461063876,88.61787238428676,115.92888459464776,86.16266973116248,16.4216849764052,15.143339470859532,17.701841918361893,0.866788387298584,0.9159039616584778,0.913096709549427,0.8768571823835374,0.9072853147983552,0.963357537612319,,,,,,
32.77999999996465,164.6544301590207,25.070081550020287,118.34154006397684,89.17505804399235,115.97629042216626,86.17499276705334,16.752808112055224,18.109550918973312,17.724777604526203,0.866610050201416,0.9111421823501588,0.8986161068081856,0.8771314557641745,0.9052835643291474,0.96165901273489,,,,,,
32.799999999965316,164.43428676322446,25.61693931785109,119.14054347069248,89.70862145711251,116.02370957788362,86.18774439894443,17.141706669030544,20.373945825270976,17.747441805682488,0.8665315508842468,0.9078734397888184,0.8894441083073616,0.8774117462337018,0.9039841115474702,0.9604435872286559,,,,,,
32.81999999996598,164.2338787396669,26.029641115008314,119.759842878876,90.09839815535123,116.07111540540208,86.20092163216353,17.54551920646123,19.481817048901217,17.769819052767836,0.8664766848087311,0.9063754320144654,0.8853082671761513,0.8775190152227879,0.9033712983131409,0.9599153589457273,,,,,,
32.83999999996664,164.06576438810652,26.276345104591236,120.19666686454445,90.12178367487199,116.11848125581625,86.2145213720876,17.909766022576292,16.947290031925608,17.791893946961256,0.8665182352066041,0.9066652894020081,0.8862741962075233,0.8775920867919922,0.9035263359546661,0.9600248575210572,,,,,,
32.85999999996731,163.94401309741545,26.34776619853523,120.36434588160766,89.84967059935568,116.16578050269361,86.22854042486951,18.230137548036428,15.267301192872951,17.81365116900225,0.8666684210300446,0.9087696552276612,0.8925887599587441,0.8776493020355702,0.9044762074947358,0.9607668843120336,,,,,,
32.87999999996797,163.87900194127704,26.249092169440228,120.19019574699925,89.44735145701323,116.21298655704241,86.24297549818807,18.520596598810126,13.566033802986324,17.835075488485813,0.8669302999973297,0.9128773093223572,0.9053878977894784,0.8776668190956116,0.9063143908977509,0.9621975675225258,,,,,,
32.899999999968635,163.87539293833873,25.99584832061047,119.70405691114452,88.86695260486165,116.26007288225858,86.25782320202129,18.759092329334223,9.93057188006793,17.856151773128648,0.8672364234924317,0.9192347407341004,0.9255368247628212,0.8774693187326194,0.9091040551662445,0.9644484471529722,,,,,,
32.9199999999693,163.9336053146927,25.616495715889364,118.97977300299544,88.01678711821496,116.30701300904305,86.27308004944243,18.90930862563857,5.061114044190699,17.876864998000997,0.8676794409751892,0.925873601436615,0.9497211590409279,0.8769621096551419,0.9123742699623109,0.9659163031727076,,,,,,
32.93999999996996,164.05061041643503,25.1467597591369,118.05649792466603,86.99436104684304,116.35378055028131,86.28874245743897,18.965787844753223,0.7571972677794416,17.897200254718964,0.8673007309436799,0.9339386224746704,0.9693214192986488,0.8764463178813457,0.916619747877121,0.9679533239454031,,,,,,
32.95999999997063,164.2205288113929,24.61818493976959,116.95683994425238,85.95258483178648,116.40034921587682,86.30480674775403,18.944656925858105,-2.8298252968829805,17.91714276059182,0.8663408994674683,0.9426573276519775,0.9841795578598976,0.8758938655257226,0.9215716481208801,0.9703525628894567,,,,,,
32.97999999997129,164.43715664936383,24.058211813125556,115.73199131998265,84.92551373692635,116.44669282752979,86.3212691477502,18.851150951313052,-6.589869662960494,17.936677867719087,0.8653211474418641,0.9510428309440613,0.9956565991044044,0.875256571173668,0.9282704025506974,0.9727318610996007,,,,,,
32.999999999971955,164.69358809513588,23.493642657647893,114.45225344966894,83.88574593037958,116.4927853334532,86.3381257912955,18.679852840615105,-10.499734705871813,17.95579107203202,0.8643129229545594,0.9585883975028991,1.0,0.8746364504098892,0.9377200722694397,0.9749780263751745,,,,,,
33.01999999997262,164.97879818232985,22.95214738088032,113.17929661584134,82.87282313064486,116.53860082301757,86.35537271967138,18.43575505288107,-13.739086077241502,17.974468022274166,0.8645361781120301,0.9588288545608521,1.0,0.8754199355840684,0.9425718009471893,0.9749717082828283,,,,,,
33.03999999997328,165.27801596523634,22.46084002853886,111.97806629127889,81.97296167868306,116.58411354131663,86.37300588250238,18.137926474811106,-15.849853073470987,17.992694528916005,0.8648661851882935,0.9586208581924438,1.0,0.876293382048607,0.9469924509525299,0.9748582687228918,,,,,,
33.05999999997395,165.57527841582296,22.04569707670623,110.9341513654395,81.29670456665895,116.62929790364505,86.39102113870734,17.80746994650302,-17.112855733118874,18.01045657299808,0.865144032239914,0.9584455728530884,1.0,0.8770308047533035,0.9509263753890991,0.97476268671453,,,,,,
33.07999999997461,165.8506502829683,21.730283155194765,110.14515164695756,80.8070831692287,116.67412850988099,86.40941425747195,17.458765062899168,-17.514075380797713,18.027740314897837,0.8653265118598938,0.9583303451538085,1.0,0.8775160759687424,0.9538947194814682,0.9746998872607946,,,,,,
33.099999999975275,166.08803089783368,21.532977413045593,109.66490144183103,80.52233811023042,116.71858015876442,86.42818091924227,17.121084417272957,-15.840683834753147,18.044532103014742,0.865481162071228,0.9582326650619507,1.0,0.8779279083013535,0.9560992002487183,0.9746466483920813,,,,,,
33.11999999997594,166.27421779455082,21.464457826879304,109.4863228673347,80.52684840916571,116.76262786206401,86.44731671673924,16.839841003728026,-12.020612582197868,18.060818482368692,0.8655699789524078,0.9581765294075012,1.0,0.8781646579504013,0.9574343800544739,0.9746160592883826,,,,,,
33.1399999999766,166.4024553593834,21.535102500827918,109.58873294975841,80.86301685658042,116.80624685862398,86.46681715599368,16.644722306267386,-7.586728326243543,18.07658620310673,0.865624064207077,0.9581423401832581,1.0,0.8783089131116868,0.9575858414173126,0.9745974387973547,,,,,,
33.159999999977266,166.47108497817283,21.768368792749474,109.98128947107158,81.48954102158389,116.84941262828355,86.48667765740169,16.52527306696741,-4.676899173068609,18.091822228912942,0.8655838370323181,0.9581677675247192,1.0,0.8782016187906265,0.9563328921794891,0.9746112909168005,,,,,,
33.17999999997793,166.4824614134711,22.153768695719542,110.67434603776611,82.22949559633429,116.89210090566075,86.5068935568001,16.45034472354843,-2.818756783312962,18.106513745316708,0.8654392242431641,0.9582591533660889,1.0,0.8778161734342576,0.9538301289081573,0.9746610846370458,,,,,,
33.199999999978594,166.44181686037422,22.655737210324524,111.61012946860481,83.09853034331127,116.93428769379308,86.52746010656192,16.417208005569197,-0.3492004340617461,18.120648167894206,0.8652125597000122,0.9584022998809815,1.0,0.8772129505872727,0.9508022218942642,0.9747391071170568,,,,,,
33.21999999997926,166.3563008927158,23.23038819314997,112.70024218699672,84.1516531826257,116.97594927762724,86.54837247671125,16.438455697059297,2.3981276577777395,18.134213150358605,0.8661461830139161,0.9514449119567872,1.0,0.8776509493589402,0.9424676597118378,0.972727807983756,,,,,,
33.23999999997992,166.23527587489855,23.83669364581208,113.89102253971775,85.30160631195791,117.01706223735042,86.56962575605756,16.506508332271068,4.217839753534461,18.147196592533952,0.8671821713447572,0.9427963495254517,0.9946115493774415,0.8782524079084397,0.9329164743423461,0.9702664818614721,,,,,,
33.259999999980586,166.08531940526947,24.443094717451075,115.14804624257226,86.41665336702735,117.05760346155559,86.59121495334914,16.60239601792496,5.352618744520248,18.159586648208005,0.8680676698684693,0.9342657804489136,0.9781728178262711,0.8786458879709245,0.9234668463468552,0.967925414070487,,,,,,
33.27999999998125,165.91251058785915,25.02902172537145,116.4133800523236,87.46337797862076,117.09755016023351,86.61313499844519,16.7231406329362,6.8228118694173086,18.171371732859612,0.8685654222965241,0.9267720341682434,0.9596282660961151,0.8788757294416428,0.9150013625621796,0.9659733381122351,,,,,,
33.299999999981914,165.7241857050254,25.583502198159767,117.61873879083797,88.44862729413188,117.1368798775839,86.63538074350659,16.87819998606378,8.703159720160729,18.182540531255665,0.8681413471698761,0.9209878206253052,0.9378357335925103,0.8790480107069016,0.9113405317068101,0.9643882915377617,,,,,,
33.31999999998258,165.52938837757284,26.1049079209843,118.7183008717514,89.24839574424207,117.17557050463887,86.65794696420478,17.07150807782666,10.738948881557839,18.193082004913464,0.8677687287330628,0.9161280035972595,0.9201409101486206,0.8789687890559436,0.9090082973241806,0.9628130562603474,,,,,,
33.33999999998324,165.33186638986706,26.588614109292358,119.65582856191827,89.77825866523484,117.21360029169142,86.68082836094877,17.318717012909847,14.239744518134279,18.202985399423778,0.8674972772598267,0.9125271201133728,0.9081658124923706,0.8789205305278301,0.9073189705610275,0.9616426005959511,,,,,,
33.359999999983906,165.13894385757166,26.997580666788302,120.37114945352792,90.30315312621958,117.25094786052179,86.70401956012965,17.63897924836131,17.351680814504356,18.212240251630313,0.8673544108867646,0.9103546619415284,0.9012316703796387,0.8789412599056959,0.9063367575407029,0.9609237939119339,,,,,,
33.37999999998457,164.96360476289428,27.288280046426813,120.89056127341665,90.68625320907157,117.28759221641518,86.72751511538259,17.987166284038718,16.8479652441085,18.220836396661394,0.8672321319580079,0.9098370909690857,0.8990718781948089,0.8787950061261655,0.9059987515211105,0.9608574725687504,,,,,,
33.39999999998523,164.81749305557554,27.43070266329361,121.235302947803,90.66413910555944,117.32351275996379,86.75130950886587,18.29986200992537,14.432601698592135,18.228763974809436,0.8672324120998383,0.9109265565872192,0.9020639538764954,0.8786850810050965,0.9064038783311844,0.9613290134817362,,,,,,
33.4199999999859,164.71381183156024,27.41446025874798,121.32318746637735,90.34676132169834,117.35868929864661,86.77539715255682,18.572369014934313,13.023527282022885,18.236013438254133,0.8673582434654237,0.9135191440582275,0.9101070106029511,0.8786275751888752,0.9075253337621689,0.9622836854308844,,,,,,
33.43999999998656,164.66268574376187,27.244415786215992,121.07675278646457,89.90817469033477,117.3931020581806,86.79977238956398,18.821471318137558,11.69015907008386,18.242575557625532,0.8675981938838959,0.9178361177444458,0.9240001201629638,0.8785643815994263,0.9094578832387924,0.963806564360857,,,,,,
33.459999999987225,164.66963060627256,26.939380268542592,120.51904710390498,89.2608090362952,117.42673169363663,86.82442949545579,19.028012042023438,8.681027064383757,18.24844142840255,0.8679262399673462,0.9236508369445801,0.9433760046958923,0.8783157583326102,0.9121630638837814,0.9656066544353962,,,,,,
33.47999999998789,164.73650993682827,26.529716728749676,119.71163821099918,88.326888636655,117.45955930031414,86.84936267960477,19.16295079756936,4.825298780163629,18.25360247714362,0.8680727243423463,0.9301327228546142,0.9631160855293274,0.8779212791472674,0.9155243903398514,0.9670989077538252,,,,,,
33.49999999998855,164.8610475672553,26.050405629942336,118.68938454639222,87.23206230959613,117.4915664243683,86.87456608654757,19.22489902712179,1.4738366310799031,18.258050467545093,0.8673061847686768,0.9381194829940795,0.9779153823852539,0.8776755396276713,0.9200035244226455,0.9692726369947195,,,,,,
33.51999999998922,165.0387138935589,25.529186244821044,117.48757674977463,86.11084465092732,117.52273507318375,86.90003379736004,19.223216991370403,-1.689136777709607,18.26177750632429,0.8664645612239839,0.9463113307952881,0.9905655026435852,0.8773919396102429,0.9249845415353775,0.971542141214013,,,,,,
33.53999999998988,165.2646379890108,24.99063804245891,116.17215385501382,84.9740725515322,117.553047725489,86.92575983104723,19.15400800763987,-5.304045935232212,18.26477604892305,0.8655796468257905,0.9541351318359375,1.0,0.8770656041800976,0.9334915906190873,0.9737921211868524,,,,,,
33.559999999990545,165.52868462096862,24.45929050996175,114.81989669655584,83.8251092888052,117.58248734120592,86.9517381459481,19.010707683430862,-8.958080861415143,18.267038905028684,0.8652107954025269,0.9584034204483032,1.0,0.8774395100772381,0.9416007339954376,0.9749835941940546,,,,,,
33.57999999999121,165.8208325527752,23.959825053297212,113.50355643671791,82.73782258422845,117.61103737102877,86.9779626411543,18.800886028361358,-11.852802033018563,18.26855924390872,0.8656968235969544,0.9580963373184204,1.0,0.8787343196570874,0.946722400188446,0.9748162601143122,,,,,,
33.59999999999187,166.12308073082815,23.51646395700033,112.30253884631091,81.80911560811599,117.63868176572724,87.00442715794297,18.543970826032403,-13.658117892473038,18.269330599556202,0.8661682546138764,0.9577980041503906,1.0,0.879994945973158,0.9515937268733978,0.9746537897735834,,,,,,
33.61999999999254,166.41596852486055,23.152312158860592,111.30700776563363,81.1539970299731,117.66540498516842,87.03112548122311,18.258693262717927,-14.818088574022113,18.269346875642277,0.8665830373764039,0.9575351238250732,1.0,0.8811076156795026,0.955792173743248,0.9745106909424066,,,,,,
33.6399999999932,166.6805882446417,22.88719374858152,110.60773753548091,80.69864535110399,117.69119200705268,87.05805134099514,17.956684731368302,-15.111261527163666,18.26860235027317,0.8668963015079498,0.9573363542556763,1.0,0.8819499902427197,0.9588197767734528,0.9744025323539972,,,,,,
33.659999999993865,166.9032689675589,22.735857997726796,110.23713987862295,80.4717464265058,117.71602833535825,87.0851984138234,17.66951542555016,-13.184780888679397,18.267091680548223,0.8671842455863953,0.9571534633636475,1.0,0.882725714892149,0.9610321283340454,0.9743030522018671,,,,,,
33.67999999999453,167.07318603299504,22.71941607766612,110.16448688389067,80.48417427852164,117.73990000849012,87.11256032432122,17.44412382959663,-8.996007326112922,18.264809906916472,0.8673961400985718,0.9570187449455261,1.0,0.8832974009215832,0.9622721433639526,0.9742297980934381,,,,,,
33.69999999999519,167.18598289142284,22.880751518910778,110.33612211959202,80.77785713737343,117.76279360712856,87.14013064664809,17.32128546576452,-3.284528655552156,18.261752457328836,0.8676441252231598,0.9568609595298767,1.0,0.8839672856032849,0.9625843048095704,0.9741440270096063,,,,,,
33.719999999995856,167.24248226043454,23.20918348848991,110.74219564799333,81.45234422321073,117.78469626177254,87.16790290601877,17.29821035151734,0.3629466329897348,18.257915151183166,0.8677884161472321,0.9567690968513489,1.0,0.8843574576079846,0.9616870164871216,0.9740940902382136,,,,,,
33.73999999999652,167.24672498412477,23.662668721068478,111.43794534720394,82.26133580329548,117.80559565997437,87.19587058022387,17.31257312853246,0.7043196578608591,18.253294203059816,0.8677920341491699,0.9567667961120605,1.0,0.8843672387301922,0.9591497600078582,0.9740928385406733,,,,,,
33.759999999997184,167.20523356301877,24.193849592565094,112.41591854054342,83.09152254187036,117.82548005326103,87.22402710116162,17.324478249019243,0.7068421105503393,18.247886226245132,0.8678948283195496,0.9558980464935303,1.0,0.8840933255851269,0.9551937639713287,0.9739795181900263,,,,,,
33.77999999999785,167.12273923506982,24.76134480876663,113.569214549895,84.07060984663275,117.84433826373852,87.25236585638025,17.352469286646727,2.3104781196474264,18.241688236040783,0.8691560745239258,0.9471159696578979,1.0,0.8851351015269756,0.9463399767875671,0.9713772747665643,,,,,,
33.79999999999851,167.0059167283243,25.333211314605876,114.79523350757333,85.22698867135394,117.86215969037539,87.28088019063102,17.418280806658853,4.138279563526186,18.234697652856315,0.8703813135623932,0.9371779084205627,0.9917031288146972,0.8859521441161633,0.9370616555213929,0.9678742740303278,,,,,,
33.819999999999176,166.86222127700768,25.888804871547684,116.05241786797684,86.3844119687544,117.87893431496215,87.30956340743109,17.51083265644229,4.987117973691071,18.226912305083484,0.8714751422405244,0.9267166256904602,0.974243925511837,0.8864128641784191,0.9274425238370896,0.9635886047035456,,,,,,
33.83999999999984,166.69916304969485,26.41693828754109,117.3051360132726,87.41700985887556,117.89465270774284,87.33840877063616,17.61767173063208,5.81212749493439,18.218330431749756,0.8718024969100953,0.9182637453079224,0.9540151715278625,0.8867528431117535,0.91904017329216,0.9602265808731317,,,,,,
33.860000000000504,166.52162060172324,26.912871146257384,118.48871396791286,88.3545477447024,117.90930603271597,87.36740950602257,17.749271821894162,7.461766285797779,18.20895068494962,0.8715084969997406,0.9120718359947205,0.9330252707004547,0.8870100490748882,0.9124772489070893,0.9578767664730549,,,,,,
33.88000000000117,166.33607165080318,27.368281808561655,119.55172742863847,89.24157795555352,117.92288605260164,87.39655880287799,17.91653019263933,9.13470323477774,18.19877213205185,0.8711878418922425,0.9073773980140686,0.916642627120018,0.8870086211711169,0.9103208839893341,0.9561698667705059,,,,,,
33.90000000000183,166.14972450870712,27.754206128501565,120.49087597677315,90.05401698729287,117.93538513347201,87.42584981560104,18.10523208028345,9.447038781607738,18.18779425768104,0.8702798366546631,0.9078764081001282,0.9124900251626968,0.885176895186305,0.9094352960586548,0.9572914060205221,,,,,,
33.920000000002496,165.96783685326622,28.027599850203806,121.31174065138087,90.705355302837,117.94679624904276,87.4552756653089,18.284938083352507,8.366533111573284,18.176016965472158,0.869659560918808,0.9078500270843506,0.9086192578077317,0.8839872974902392,0.9086915493011475,0.9579052027314902,,,,,,
33.94000000000316,165.79982147379863,28.144185003452467,121.9700693174475,91.16395720004502,117.9571129846228,87.48482944145282,18.436939354746855,6.825475948601514,18.16344057959654,0.8691033601760865,0.9091088533401489,0.908733007311821,0.8827641297131777,0.9085021674633026,0.9589989986270666,,,,,,
33.960000000003824,165.6585832263633,28.077552423251998,122.38133071874472,91.3941629925376,117.96632954072024,87.51450420344098,18.559050437872553,5.432085843688676,18.150065846058386,0.8685765385627747,0.9119625568389893,0.9135267943143844,0.881399741768837,0.9089452266693115,0.9607098441570997,,,,,,
33.98000000000449,165.55648405188435,27.82796431035415,122.46660886264031,91.3502823584897,117.97444073630265,87.5442929822685,18.655962505401966,4.2865391029794475,18.135893933760546,0.8681336283683777,0.9164875984191895,0.9237128287553787,0.8799873549491167,0.9101333260536194,0.9629787620157003,,,,,,
34.00000000000515,165.5020206832554,27.419985065760866,122.18909961005208,91.01205094293982,117.98144201170942,87.57418878215411,18.73043372252382,3.132013320978507,18.120926435338497,0.8678243815898896,0.9224603652954102,0.9392149716615676,0.8785863116383553,0.9120961010456086,0.9655543033033609,,,,,,
34.020000000005815,165.49904785459137,26.893316839462717,121.56169869220388,90.39451340137762,117.987329431215,87.60418458218302,18.77888594765613,1.631489948214438,18.105165367762076,0.8677453517913819,0.928252124786377,0.9580864578485488,0.8769948709756137,0.9144810378551483,0.9668834749609232,,,,,,
34.04000000000648,165.54913292958366,26.28625405214345,120.63285604791763,89.52478667421882,117.99209968524139,87.63427333795579,18.79240811255286,-0.34701401310049124,18.08861317270392,0.8665886282920838,0.9362444996833801,0.9730822831392288,0.8755096066743135,0.9182770013809204,0.9691097725182771,,,,,,
34.06000000000714,165.64970429808344,25.63387616228773,119.46523374326034,88.45592480548281,117.99575009221847,87.6644479832427,18.763283151621415,-2.5853727473573467,18.071272716674134,0.8653296768665314,0.9447363972663879,0.9865960389375686,0.874127633869648,0.9227876305580139,0.9715120356529952,,,,,,
34.08000000000781,165.79872291107532,24.96845826440564,118.12388353737505,87.26418892034239,117.99827860009161,87.69470143164318,18.688737234220717,-4.868132050263237,18.053147290921004,0.8640712976455689,0.9529711723327636,0.997300723195076,0.8728485297411681,0.9277172029018402,0.9739051960408688,,,,,,
34.10000000000847,165.98888182641673,24.32023758915329,116.67872585716995,86.01801907132028,117.99968378747504,87.72502657825005,18.56879324736739,-7.111106808581715,18.034240611097076,0.8630118370056152,0.9597858428955078,1.0,0.8719174675643444,0.9342510223388671,0.9759679339826107,,,,,,
34.120000000009135,166.21281241045972,23.717841630497148,115.21091839695482,84.7756909437665,117.99996486445099,87.75541630131812,18.405697918857427,-9.135566113644785,18.014556816690682,0.8632245302200318,0.959653377532959,1.0,0.8724712423980236,0.9395484626293182,0.9758954904973507,,,,,,
34.1400000000098,166.4551556304118,23.187578507117543,113.81378982571421,83.60639043843072,117.9991216730137,87.7858634639366,18.207257419835962,-10.576424975061878,17.99410047022288,0.8634944558143616,0.9594839811325073,1.0,0.8731760792434216,0.9448875218629837,0.9758029244840145,,,,,,
34.16000000001046,166.69839174699803,22.753226910425557,112.58010820470193,82.59195567248251,117.99715468715826,87.81636091570527,17.989099201907283,-11.058278272851764,17.97287655620969,0.863783860206604,0.9593021869659424,1.0,0.8739340595901013,0.9499597609043121,0.9757036350667476,,,,,,
34.18000000001113,166.92699638831695,22.434525054383077,111.59632281680823,81.87553472061639,117.99406501261413,86.10483670859819,17.769394076862245,-10.884598777324703,19.089780783416387,0.8640695333480836,0.9591225862503052,1.0,0.8746845059096814,0.9474351942539215,0.9756055735051632,,,,,,
34.20000000001179,167.12451240238315,22.24592102517165,110.94133472671473,81.39028266954983,117.98985438622356,86.96304850060963,17.55691373255557,-10.165173315327252,18.52596447884544,0.8642984926700592,0.9589785218238831,1.0,0.875287549942732,0.9539629280567169,0.9755269311368465,,,,,,
34.220000000012455,167.28067545673775,22.19394720439255,110.6301767873355,81.13274030627792,117.98452517496526,86.92614747252267,17.375133802196675,-7.658719427421173,18.54660483409723,0.8645081996917725,0.9588464736938477,1.0,0.8758410505950451,0.9559729039669037,0.9754548691213131,,,,,,
34.24000000001312,167.38905954269862,22.284236122435452,110.61936681242946,81.172741894776,117.9780803746238,86.88934731810484,17.261874043166927,-3.5098695184654938,18.56644991603631,0.8646920680999757,0.9587306261062623,1.0,0.8763272635638715,0.9570527315139771,0.9753916881978512,,,,,,
34.26000000001378,167.44758082666777,22.534577174427383,110.87053976604511,81.5228251594795,117.97052360810555,86.8526983019405,17.235102446118656,0.6494998312327033,18.585469232252024,0.8648195683956147,0.9586502552032471,1.0,0.8766649059951306,0.9568959891796112,0.9753478430211544,,,,,,
34.28000000001445,167.45807378316542,22.931255640905636,111.38489743167757,82.1416038321947,117.9618591234021,86.8162504821774,17.273057140030254,2.7520193270435147,18.603632833948538,0.8648458242416383,0.9586337089538575,1.0,0.8767344705760479,0.9554137229919434,0.9753388069570065,,,,,,
34.30000000001511,167.4258095081567,23.437087689477742,112.16677006461603,82.81582279835634,117.95209179120225,86.78005364215315,17.33695120439326,3.6570641663526153,18.62091135908334,0.8647781848907471,0.9586763381958008,1.0,0.8765552811324597,0.9527755498886108,0.9753620766103268,,,,,,
34.320000000015774,167.35725406712012,24.008028033596254,113.14788674784577,83.5933774571557,117.941227102154,86.74415722239726,17.425211163155655,5.32772164466604,18.63727607503164,0.8652191996574402,0.9555445432662963,1.0,0.876736193150282,0.9476269602775573,0.9744649790227413,,,,,,
34.34000000001644,167.25787831809694,24.60445165713108,114.23855225788786,84.5469397482056,117.92927116377798,86.70861025310128,17.551548350281255,7.196553572080273,18.652698920716656,0.8664505124092102,0.9468335628509521,1.0,0.8777523867785931,0.938799586892128,0.9719129227101803,,,,,,
34.3600000000171,167.13283231702263,25.195931855913305,115.39417704468016,85.57090704863641,117.91623069703422,86.67346128714948,17.70530563975394,7.979598449141376,18.667152548146916,0.867520821094513,0.9381839156150817,0.9862598419189453,0.8785555772483349,0.9298209369182586,0.9694895409047604,,,,,,
34.380000000017766,166.98838698165054,25.762444198420724,116.5874723419976,86.53061528985452,117.90211303254392,86.6387583338014,17.86646612283785,8.147241878520639,18.68061036330184,0.8683837652206421,0.9302664995193481,0.9696276128292084,0.8790965251624585,0.9212799042463302,0.9673284672200679,,,,,,
34.40000000001843,166.83265122789712,26.293820497297368,117.76479665905522,87.41367641466856,117.88692610646864,86.60454879311706,18.03493809595375,8.824605428191505,18.69304656630782,0.8683724045753479,0.9242479562759399,0.9499980211257935,0.8795445017516613,0.9142026662826538,0.9659199379384518,,,,,,
34.420000000019094,166.6688428673686,26.79044046919269,118.86321000940008,88.17566184439976,117.87067845604898,86.57087939121409,18.223912898471852,10.230696466725512,18.704436190847815,0.8681073784828186,0.9187662124633789,0.9305473819375039,0.879770302027464,0.9114223182201385,0.9640155293047428,,,,,,
34.44000000001976,166.50185321713312,27.25351015305672,119.82279282436808,88.75366856610637,117.85337921480549,86.53779611644555,18.453560459709603,12.908443120510958,18.714755142748217,0.8678909540176392,0.9145582556724549,0.9168949484825134,0.879908360913396,0.9095475673675537,0.9625477783381939,,,,,,
34.46000000002042,166.33898177742876,27.653288131973433,120.6047695297039,89.33867635669266,117.83503810740424,86.5053441565853,18.736722103185212,15.026707743511595,18.723980237687805,0.8677420794963837,0.9115763664245605,0.9075047612190247,0.8800204645842314,0.9082454741001129,0.9615015719085932,,,,,,
34.480000000021086,166.18697226786566,27.94975068548883,121.23184431240637,89.79132816993302,117.81566544419026,86.473567837107,19.03426087564682,14.266507400323864,18.73208923797454,0.8675762057304383,0.9101435303688049,0.9024993240833282,0.8799048703163863,0.9075128614902497,0.9610980812460184,,,,,,
34.50000000002175,166.05554181854504,28.11301302920864,121.70455794900563,89.89706906230518,117.79527211539148,86.44251056064081,19.29880118621563,12.24595356897807,18.739060888337153,0.867482739686966,0.9100771188735962,0.9017471313476563,0.8797595631331205,0.9073767364025116,0.9611857518553734,,,,,,
34.520000000022414,165.95777557590236,28.128339464900122,121.9334069008851,89.74370432615497,117.77386958499704,86.41221474769065,19.53214531951034,11.27215831944229,18.744874950679552,0.8674889028072358,0.9113947510719299,0.9054352760314942,0.8796342719346285,0.907875019311905,0.9617416683584452,,,,,,
34.54000000002308,165.90570632172333,27.992340718318978,121.83418008504157,89.47536242724647,117.75146988431274,86.38272177869283,19.74937919149075,10.236073359373522,18.749512237747382,0.8676057577133179,0.9142309069633484,0.9141761064529419,0.8795293435454369,0.9090811550617218,0.9627999670803546,,,,,,
34.56000000002374,165.9072233049541,27.715719143845668,121.41660642147596,88.98670676616925,117.72808560519775,86.35407193749542,19.929188194572394,7.45352476379767,18.752954645657297,0.867768955230713,0.9190380215644837,0.9290268063545227,0.8792529810220003,0.9111188054084778,0.9645832385867834,,,,,,
34.580000000024405,165.9654791898257,27.32249840958555,120.72982052241943,88.19505592345875,117.70372989298619,86.32630435633531,20.0412500756238,3.7464778552847964,18.755185185241153,0.868027263879776,0.924897038936615,0.9483984470367431,0.8787634860724212,0.9137953341007233,0.9663166176527739,,,,,,
34.60000000002507,166.079714117113,26.8451019743162,119.80310253235535,87.2165340119135,117.67841643909757,86.29945696238832,20.082203948962995,0.4457368561142314,18.756188012158326,0.8678811311721802,0.9314899563789367,0.966139042377472,0.878217874467373,0.9171695053577423,0.9679219987243414,,,,,,
34.62000000002573,166.24765936529965,26.31762229671546,118.66812267881001,86.18456414577778,117.65215947334018,86.27356642596523,20.0605146730791,-2.6553977824434396,18.755948455731282,0.8670234203338624,0.9392781376838684,0.9800600290298462,0.8776903249323369,0.9214489758014679,0.9700578935444355,,,,,,
34.6400000000264,166.46333170543994,25.764418482442476,117.38644866124433,85.11676321368452,117.62497375591194,86.2486681104245,19.97270123540503,-6.2067892634715705,18.754453046461105,0.8660821199417115,0.9471473813056945,0.99180109500885,0.8770672783255578,0.9263733386993408,0.9722602017223835,,,,,,
34.66000000002706,166.722024778719,25.207233752838174,116.03035602527855,84.01418121517109,117.59687456910302,86.22479602387027,19.811102331138542,-9.915267365319336,18.75168954218085,0.8651250958442689,0.9545529961585999,1.0,0.8764396652579308,0.9354048281908035,0.9744110114872455,,,,,,
34.680000000027725,167.01276902809965,24.66819269906066,114.66354929996061,82.94046262837455,117.567877708705,86.20198277270127,19.579817649748154,-13.082925731421364,18.747646952806974,0.8646128416061402,0.9587805509567261,1.0,0.8763688668608666,0.9429468214511871,0.9756301887333393,,,,,,
34.70000000002839,167.32466953373188,24.169855243612282,113.35510724460777,81.97408815618094,117.53799947513137,86.1802595170745,19.293495863816663,-15.400631233618265,18.7423155636504,0.8648926138877869,0.9586041927337646,1.0,0.8771097168326378,0.9474098891019821,0.9755339987576008,,,,,,
34.72000000002905,167.63945847383127,23.734461569541352,112.18960144889095,81.18659616096238,117.50725666425431,86.15965592834415,18.970031301914947,-16.803042944511425,18.735686957250568,0.8651641726493836,0.9584328532218933,1.0,0.8778305992484093,0.9514483213424683,0.9754405744373799,,,,,,
34.74000000002972,167.93807024656434,23.38307740870308,111.25883835182778,80.64975313020577,117.47566655796302,86.14020014853409,18.624909773806596,-17.60406798163616,18.727754033698115,0.8653728842735291,0.9583010673522949,1.0,0.8783857688307762,0.9547302782535553,0.9753687389194965,,,,,,
34.76000000003038,168.20258457467938,23.13325720787558,110.63870082026438,80.30150712629707,117.44324691444882,86.12191875189927,18.274649398230135,-17.079809018018434,18.718511029413257,0.8654959559440614,0.9582233190536499,1.0,0.8787135884165764,0.9569485425949097,0.9753263719379902,,,,,,
34.780000000031045,168.42065539133574,22.997753406581793,110.34339547590686,80.20330250150965,117.41001595822246,86.10483670862853,17.957637237427416,-14.241565257225192,18.70795353434913,0.86558758020401,0.9581654071807861,1.0,0.8789578542113304,0.9583941459655761,0.975294829159975,,,,,,
34.80000000003171,168.58288549622142,22.990941241513106,110.3432244047189,80.4165579086814,117.37599236986932,86.08897735073823,17.715781258114866,-9.81995123632527,18.696078507591466,0.865634024143219,0.9581360459327698,1.0,0.8790817603468896,0.9588083744049072,0.9752788312733174,,,,,,
34.82000000003237,168.68604228620217,23.141972710302323,110.6226356169144,81.00064391802692,117.34119527554826,86.07436234020359,17.559848799035418,-6.123811626746925,18.68288429132783,0.8656442046165467,0.958129620552063,1.0,0.8791089043021203,0.9579504370689392,0.9752753265202045,,,,,,
34.84000000003304,168.73153133212443,23.44529213330454,111.20313968741893,81.75839814987842,117.30564423623993,86.06101163937102,17.45674862342122,-4.401941699890769,18.66837062316181,0.8654915153980256,0.9582261204719543,1.0,0.8787017568945885,0.9554769992828369,0.9753278978168964,,,,,,
34.8600000000337,168.72420756774795,23.868388220696847,112.0638535055222,82.5942866688524,117.26935923675067,86.04894348369196,17.383465948767153,-2.7728877303758566,18.652538646749676,0.8663901090621948,0.9540450572967529,1.0,0.8798148557543755,0.9497761309146882,0.9740985043346881,,,,,,
34.880000000034364,168.67099240799726,24.368867574022396,113.11669687984121,83.59485890305378,117.23236067447826,86.03817435681543,17.352583454316118,-0.22612815813586054,18.635390920739383,0.8673655986785889,0.9458484292030335,1.0,0.8802878126502037,0.9410064876079559,0.9717315442860126,,,,,,
34.90000000003503,168.57759306573007,24.906833948413876,114.28173049165368,84.75614095670167,117.1946693479455,86.02871896807338,17.372408077283726,2.0448577157748957,18.616931425993474,0.8682770609855652,0.9370930194854736,0.9866450816392899,0.8806375727057457,0.9317136168479919,0.9693058975040912,,,,,,
34.92000000003569,168.4512751090932,25.450526825245245,115.5198484427867,85.93295749677503,117.15630644510857,86.02059023238947,17.42725348380213,3.3179010720577393,18.597165571080303,0.8691142618656159,0.9281497716903686,0.9676162287592888,0.8808844789862633,0.9220597535371781,0.9668861635029316,,,,,,
34.940000000036356,168.29932852856197,25.978704144182732,116.78856725139033,87.02714801934827,117.11729353144626,86.01379925263888,17.504574975589158,4.497460589392933,18.57610019601979,0.8687827110290528,0.9198968529701232,0.9410814106464386,0.8811778530478478,0.9134429067373276,0.9640697725117207,,,,,,
34.96000000003702,168.13104766111826,26.48330955157652,118.01794770623097,87.95964563932807,117.07765253783714,86.00835530448309,17.61318337805966,6.6418714818081614,18.55374357427233,0.8683610677719117,0.9126490235328675,0.9151838675141335,0.8813103899359703,0.9098294794559479,0.9615422576665879,,,,,,
34.980000000037684,167.95028951351264,26.96202334316725,119.11315913962873,88.69430519933591,117.03740574823115,86.00426582370044,17.785816329539607,10.912257727664684,18.5301054129618,0.8679924130439759,0.9062645316123963,0.8947312012314796,0.8814234837889672,0.9070138216018677,0.959276270866394,,,,,,
35.00000000003835,167.76346567911054,27.379609373534585,120.009311003967,89.48415745018895,116.99657578712292,86.00153639602978,18.045923645478148,14.583535676219274,18.505196851325895,0.8677180409431458,0.9012500166893006,0.8805338934063912,0.8815464951097965,0.9048602283000946,0.9574481140822172,,,,,,
35.02000000003901,167.58216079092608,27.689872398741407,120.74606575179531,90.13649708112573,116.95518560683347,86.000170749541,18.34113541345628,14.297589223032986,18.479030457389285,0.8674418449401856,0.8981382966041566,0.8720073118805886,0.8814284607768059,0.9034142255783081,0.9564119711518287,,,,,,
35.040000000039676,167.41849343208065,27.85282732732922,121.33947617181656,90.39731333730305,116.91325847460769,86.00017074954292,18.60518041565892,12.12212227506768,18.45162022285749,0.8672820925712585,0.8968775808811188,0.8685506120324136,0.8813076026737691,0.9027757167816163,0.9560580965131521,,,,,,
35.06000000004034,167.28806789739966,27.841366913462277,121.68664968572502,90.40441832960674,116.87081795953485,86.00153639603556,18.832430189700943,10.735750148252082,18.422981556231623,0.8671867787837982,0.897492527961731,0.8693945124745369,0.881078564375639,0.9028852999210358,0.956458818167448,,,,,,
35.080000000041004,167.2040268027566,27.646478275168164,121.69605121684137,90.27908995150591,116.82788791929936,86.00426582371006,19.032640535990303,9.053986717399507,18.393131274146672,0.8672039151191712,0.9000701665878296,0.8751173689961433,0.8808228917419911,0.9038316667079925,0.9575887896120548,,,,,,
35.10000000004167,167.17412402326335,27.27861346400318,121.37615577926927,89.90484735042538,116.78449248676928,86.00835530449653,19.183005474675117,5.740303967449354,18.362087590937907,0.8672961473464966,0.9050631523132324,0.8875997677445412,0.8804074242711067,0.9057502150535583,0.9596378073096276,,,,,,
35.12000000004233,167.20177302453385,26.766284294646578,120.77069196928011,89.22011066569577,116.7406560564302,86.01379925265614,19.258211715573367,1.821911037653913,18.329870106442925,0.8674550294876099,0.9124393820762634,0.9083837226033211,0.8798115432262421,0.9086665987968445,0.9625316988676786,,,,,,
35.140000000042996,167.28462788573972,26.14981682538627,119.90468031080319,88.34186412028673,115.04041869597252,86.02059023241053,19.26025003128256,-1.5053350096092752,17.213885189956688,0.8676846265792847,0.9214631080627441,0.935734786093235,0.8791221022605896,0.9124058902263642,0.9659084592014551,,,,,,
35.16000000004366,167.4209516304138,25.470489153417063,118.8106209996124,87.38433419929822,116.93556822420952,86.02871896809819,19.19994169006022,-4.5509896355669,18.447541768452247,0.8679065942764282,0.9294822096824646,0.9620082393288613,0.8781635701656342,0.9163084387779236,0.9677006434649229,,,,,,
35.18000000004432,167.604067193043,24.761900422838206,117.55218584539628,86.36658058066016,116.8712033371629,86.03817435684397,19.07550069078111,-7.962940071724693,18.39928110846523,0.8668514251708985,0.9385004043579102,0.9785080805420876,0.877356779575348,0.9211029410362244,0.9701793313026428,,,,,,
35.20000000004499,167.82888296575516,24.076507835948885,116.20161565177472,85.2925850992883,116.80697215816458,86.04894348372419,18.880537263581328,-11.4943784571016,18.35024899334411,0.865831995010376,0.9469750165939331,0.9914204135537148,0.8766554966568947,0.9260846257209778,0.9725491419434548,,,,,,
35.22000000004565,168.08781878960758,23.424345834984315,114.81299236272008,84.2203194170901,116.74294136771232,86.06101163940689,18.619219853377476,-14.52320103494431,18.30049863241187,0.864898943901062,0.954273772239685,1.0,0.8760568276047707,0.9339331060647964,0.9746631518006325,,,,,,
35.240000000046315,168.37174914141565,22.80646826420861,113.42967684704861,83.21199368463847,116.67917743827392,86.07436234024306,18.30406496176467,-16.890618847848156,18.250084258965593,0.864319658279419,0.9589651942253112,1.0,0.8759165063500405,0.9418061971664429,0.9760303035378456,,,,,,
35.26000000004698,168.67146714991165,22.2237629269576,112.11249158285925,82.30721860290232,116.61574656527999,86.08897735078124,17.94763197860516,-18.651003665402747,18.199061070443214,0.8646080255508424,0.9587835907936096,1.0,0.8766780629754067,0.9461577773094177,0.975931216776371,,,,,,
35.28000000004764,168.96931259085224,21.69792134066231,110.9567206844432,81.5917749645469,116.5527145984043,86.10483670867502,17.560094609681148,-20.04624491794693,18.147485167213965,0.8649140715599061,0.9585906505584717,1.0,0.8774885550141335,0.9501213431358337,0.9758259907364846,,,,,,
35.30000000004831,169.24590383354706,21.28483549752621,110.06394392635606,81.01745832047037,116.49014697320307,86.12191875194918,17.15315614705942,-20.309550735634822,18.095413490061485,0.8651272416114808,0.9584561586380005,1.0,0.8780543997883797,0.9532618910074234,0.9757526531815529,,,,,,
35.32000000004897,169.48342618253582,21.004088286632697,109.48121055495143,80.66448314509935,116.42810864318417,86.14020014858734,16.765055171061544,-18.05061168497543,18.042903756430213,0.8653306126594544,0.9583277702331543,1.0,0.8785951748490334,0.9558391571044922,0.9756826773285866,,,,,,
35.340000000049635,169.66718863916014,20.866803952263375,109.20928946340734,80.62831263682904,116.36666401237676,86.15965592840068,16.44541832148361,-13.689646493747665,17.990014395507774,0.865481472015381,0.9582324624061584,1.0,0.8789969220757485,0.9574956893920898,0.9756307378411293,,,,,,
35.3600000000503,169.78871127141787,20.886788423112883,109.242052806737,80.87357196706634,116.30587686847133,86.18025951713423,16.221346245292555,-8.706608042214048,17.93680448221742,0.8656210958957673,0.958144211769104,1.0,0.8793691888451577,0.9578807830810547,0.9755826488137245,,,,,,
35.38000000005096,169.84545852997516,21.093723971908226,109.57373771161406,81.39648712509012,116.24581031659959,86.20198277276413,16.094861850946955,-4.146433535160735,17.883333670196336,0.8656734585762025,0.9581111192703247,1.0,0.8795089259743691,0.9570718050003052,0.9755646124482155,,,,,,
35.40000000005163,169.83978659600754,21.477836044682963,110.20494605389229,82.1489812636248,116.186526713823,86.22479602393615,16.04421813877918,-1.1604751255095902,17.829662123837448,0.8661553084850312,0.9556787014007568,1.0,0.8799593821167946,0.9534246325492859,0.9748884215950966,,,,,,
35.42000000005229,169.77721709829117,21.999637638495173,111.11525536396671,83.00765269161806,116.12808760439782,86.24866811049333,16.044370801473484,1.2112089916146664,17.775850449473072,0.867577087879181,0.9469681978225708,1.0,0.8814945712685586,0.9451720356941223,0.9723000779747963,,,,,,
35.440000000052954,169.66622283025117,22.60919335260259,112.2276470484971,84.00019723113988,116.07055365588405,86.2735664260369,16.096063004952633,4.015465948277922,17.72195962578097,0.869050258398056,0.9368793129920959,0.9896534323692322,0.8830582812428475,0.9362984716892242,0.9694342985749245,,,,,,
35.46000000005362,169.51376189685786,23.25977409788757,113.45974046978341,85.13095126091385,116.01398459616435,86.29945696246274,16.203365126760147,6.578666778517262,17.66805093349379,0.8706037640571594,0.9240573167800903,0.9670173764228821,0.8844666376709939,0.9265687435865402,0.9644385948777199,,,,,,
35.48000000005428,169.32843838569974,23.914475862297603,114.76306461826661,86.28973824978115,115.95843915143863,86.32630435641238,16.352526162019064,8.197867397053397,17.614185884494802,0.8706137001514436,0.9126487731933594,0.9337325111031533,0.8860207930207252,0.9177062034606934,0.9597160950303077,,,,,,
35.500000000054946,169.12048662993521,24.552428776138164,116.09152677527591,87.30094972635429,115.90397498525844,86.35407193757503,16.5303091736365,9.774195120019773,17.56042615038312,0.8705355048179627,0.9021588444709778,0.9012555584311486,0.887246610224247,0.9091607362031937,0.9552630081772804,,,,,,
35.52000000005561,168.89417097712752,25.163783672181406,117.3475163348664,88.12968828529095,115.85064863866457,86.38272177877488,16.759167410122238,13.460852380471684,17.506833490593134,0.8703960418701172,0.892551988363266,0.8743237391114236,0.8882362097501755,0.905222824215889,0.9510339424014091,,,,,,
35.540000000056274,168.65643964836826,25.707126031610883,118.44110189375824,89.06766052009186,115.79851547148984,86.41221474777502,17.067075216592446,16.828406415362288,17.45346968015347,0.8702971816062928,0.8847199141979217,0.8580482378602028,0.8890983432531357,0.9022581309080124,0.9473646514117717,,,,,,
35.56000000005694,168.41790901236683,26.125265464482574,119.40329615001438,89.96291543551179,115.74762960488835,86.4425105607274,17.40251775233249,15.95000119007377,17.40039643717153,0.8701418042182922,0.8793073177337647,0.8486975923180581,0.8895500518381596,0.9001047104597092,0.9447989895939827,,,,,,
35.5800000000576,168.19323544102383,26.355855547309332,120.25769865363225,90.56066220763621,115.69804386515047,86.47356783719566,17.684845987915143,12.100750969862096,17.347675350130395,0.8699959933757783,0.8761867463588715,0.843988497555256,0.8897236086428165,0.898794612288475,0.9433418191969395,,,,,,
35.600000000058266,167.99867912013235,26.35526791771346,120.90553483724187,90.89774166580953,115.64980972886215,86.50534415667593,17.888619781235366,8.420475260993937,17.295367805085277,0.8698352575302124,0.8754978001117707,0.8427037492394448,0.8895373299717904,0.8983624309301377,0.9431903693825007,,,,,,
35.62000000005893,167.84791674953487,26.11312754093181,121.23287493004356,91.09647072680421,115.60297726946538,86.53779611653802,18.023995852569406,5.034196496834932,17.243534912847377,0.8696850180625916,0.877306616306305,0.8446007564663888,0.889028275758028,0.8988615661859513,0.9443678222596645,,,,,,
35.640000000059594,167.74806006087738,25.65270679290272,121.21593809379748,91.09716322334029,115.55759510527533,86.5708793913083,18.08294062221913,0.6710084098349539,17.192237436242902,0.8695214748382569,0.8821147680282593,0.8509447887539864,0.8880892604589462,0.9004344910383225,0.9470792863517999,,,,,,
35.66000000006026,167.70041744097804,25.02373908072668,120.8875990587009,90.80380750810461,115.513710349008,86.60454879321284,18.047231922392623,-4.196796219122249,17.141535717535728,0.8693686485290528,0.8900409042835236,0.8642832770943643,0.886773657053709,0.9031320244073868,0.9511570062488317,,,,,,
35.68000000006092,167.70411459618268,24.287272709120348,120.27088500535575,90.26471054035918,115.47136855887106,86.63875833389865,17.921109061654633,-8.211684120725009,17.091489606101803,0.8692538619041443,0.900407361984253,0.8870671644806862,0.8852378688752651,0.9067603915929795,0.9560328226536512,,,,,,
35.700000000061586,167.7563338666718,23.539228288777753,119.38429465395245,89.5753405014739,115.43061369126832,86.67346128724805,17.72574156523429,-11.200367285159752,17.04215838644376,0.8691643357276917,0.912585210800171,0.9196545496582985,0.8835203342139721,0.9111735790967942,0.9613284576684237,,,,,,
35.72000000006225,167.8508969490458,22.820651357239672,118.27267668964325,88.77241983117807,115.39148805516717,86.70861025320104,17.47601895221712,-13.75166935666261,16.993600706633856,0.869097125530243,0.9251724123954773,0.9543543949723243,0.8817486286163331,0.9160080820322037,0.9664824217557907,,,,,,
35.74000000006291,167.98509992352135,22.133682363348147,117.00638033379789,87.89310617632623,115.35403226817623,86.74415722249807,17.174782760032794,-16.40784323353602,16.94587450727317,0.8679462313652039,0.9356670379638672,0.9753863230347634,0.8800794437527657,0.9209604352712631,0.9695983756333589,,,,,,
35.76000000006358,168.1526097993166,21.480477528048848,115.66160359504967,86.94676776884283,115.31828521437886,86.78005364225488,16.819681715936035,-19.046591866805798,16.89903695105474,0.8665995240211487,0.9446354508399963,0.9891047850251198,0.8785594046115875,0.9257101207971573,0.9721385698765517,,,,,,
35.78000000006424,168.34807746242743,20.862917025310285,114.29326861385985,85.9768481062253,115.28428400396636,86.81625048227991,16.417328443648877,-21.042800065369253,16.853144353017797,0.8654118895530701,0.9521716117858887,0.9984692230820655,0.8772742353379727,0.9301569014787674,0.9743328385055066,,,,,,
35.800000000064905,168.565284974063,20.283650040931597,112.93568300674141,85.04120740929505,115.25206393471265,86.85269830204366,15.983832485542553,-22.17541157311421,16.80825211157972,0.8644397020339967,0.9580621957778931,1.0,0.8762856923043728,0.9375458776950836,0.976114933937788,,,,,,
35.82000000006557,168.7943101019945,19.745680354455043,111.63510590144433,84.18936834877321,115.22165845533046,86.8893473182085,15.534616545881736,-22.68359197473241,16.764414640431596,0.8643441319465638,0.9589497923851014,1.0,0.8763707362115384,0.9422121703624725,0.9763425283133984,,,,,,
35.84000000006623,169.01272702910853,19.253046335028696,110.52466858129743,83.45928612827072,115.19309913074714,86.92614747262668,15.080035624820672,-22.576514116686624,16.721685301382657,0.8644597411155701,0.9588769912719727,1.0,0.8766758762300015,0.9458835840225219,0.9763028077781201,,,,,,
35.8600000000669,169.21574882479075,18.86150304367858,109.59721888943149,82.85234810972798,115.16641560933608,86.96304850071385,14.641850205408344,-20.98761855508465,16.68011633823774,0.8645924806594849,0.9587933778762817,1.0,0.8770266257226468,0.9490884780883789,0.976257186383009,,,,,,
35.88000000006756,169.38249365990072,18.61236945511293,108.93635490290282,82.4230844804109,115.14163559213776,87.0000000001043,14.252078519335031,-17.64628611345484,16.63975881179133,0.8646931648254395,0.9587299346923828,1.0,0.877292998880148,0.9517797827720642,0.9762225799262524,,,,,,
35.900000000068225,169.49763093431676,18.51755597546969,108.5840840550576,82.24881263036738,115.11878480410236,87.03695149949459,13.949404532562875,-12.354792357404772,16.600662536019975,0.8648628473281861,0.9586229681968689,1.0,0.8777424298226834,0.9538204848766327,0.9761642388999462,,,,,,
35.92000000006889,169.5518845998615,18.580484794185026,108.53060010632325,82.35229664538652,115.09788696738391,87.07385252758132,13.763652505918191,-6.195657949261458,16.562876015554476,0.8649977564811707,0.9585378646850586,1.0,0.878100248426199,0.9548141419887543,0.9761178307235241,,,,,,
35.94000000006955,169.54233964113794,18.794747597409938,108.769063313711,82.68745542068459,115.07896377671345,87.11065268199881,13.699678432943704,-0.3182542513824291,16.526446384511218,0.8651453137397767,0.9584447622299195,1.0,0.8784920893609525,0.9547059714794159,0.9760670714080334,,,,,,
35.96000000007022,169.4704009030432,19.146356299875578,109.29514414156854,83.25991098119832,115.06203487687708,87.14730169816265,13.741610990796758,4.234510417500828,16.491419346761177,0.8657722294330598,0.9556579232215882,1.0,0.8792718134820462,0.9517573475837707,0.9752542667090893,,,,,,
35.98000000007088,169.34064854794713,19.616109783260892,110.0981935251792,83.95322785550329,115.04711784232207,87.18374951792511,13.86136399686003,7.6697659651878425,16.45783911771314,0.86713205575943,0.94786057472229,1.0,0.880879458039999,0.9449213743209839,0.9729229860007763,,,,,,
36.000000000071545,169.16274807830015,20.182055843712327,111.11615252301927,84.75535130732133,115.03422815891219,87.21994635794859,14.048860466229316,11.108104439903384,16.425748367686356,0.8686273515224457,0.9386567831039428,0.992291396856308,0.8827010296285153,0.9373527526855469,0.9702787332236766,,,,,,
36.02000000007221,168.9432949110597,20.821574827428808,112.26655952604874,85.68578327565413,115.02337920785139,87.25584277770356,14.3040200055498,14.276055163970309,16.395188166946237,0.8702399551868439,0.9272557258605957,0.9728359699249267,0.8844247840344907,0.9290207326412201,0.9661527089774609,,,,,,
36.04000000007287,168.6899697385798,21.512972897722126,113.4977801338497,86.67008444299917,115.01458225179229,87.29138974699848,14.61250715963948,16.38695135713557,16.366197932474368,0.870762062072754,0.9157736420631409,0.9440939456224442,0.8862846396863461,0.9210688441991806,0.9612083368003368,,,,,,
36.060000000073536,168.41248126932314,22.23606129250423,114.77018762317506,87.56913994116508,115.00784642314406,87.32653871294909,14.955213941160235,17.926377039707074,16.338815376542914,0.870941162109375,0.9054471015930176,0.9136698395013809,0.8880011461675167,0.9135752052068711,0.9566245250403881,,,,,,
36.0800000000742,168.12003084543338,22.96258969281317,116.00854478502552,88.35010248675077,115.0031787145918,87.36124166629584,15.336771722860586,20.387268738208462,16.313076457160992,0.8710363447666168,0.8959097027778625,0.8862856283783913,0.8894435487687588,0.9075388163328171,0.9522353284060955,,,,,,
36.100000000074864,167.81994034521142,23.639685535632875,117.14273110937708,89.1875881084756,115.00058397183713,87.39545120697873,15.767052194283316,22.25853845907251,16.289015330458607,0.8711005568504334,0.8879258215427399,0.8678261071443558,0.8906408980488777,0.9046913832426071,0.9483680676668882,,,,,,
36.12000000007553,167.52385934611758,24.205773319573158,118.18223556155938,89.97215739937162,115.00006488856779,87.42912060888011,16.20625398683979,21.148260672718674,16.266664305071828,0.8711190819740295,0.8821880996227265,0.8568775147199631,0.8914730846881866,0.9026088684797288,0.9454786144196987,,,,,,
36.14000000007619,167.24183571303985,24.59803973829979,119.11613309633024,90.54585605915028,115.00162200366117,87.46220388364694,16.599568609156442,18.03102187537681,16.246053798590175,0.8711480975151062,0.8786849975585938,0.8511632293462754,0.8920401804149151,0.90134936273098,0.9436340104788542,,,,,,
36.160000000076856,166.990240629344,24.76549334688672,119.845522093437,90.9412234851905,115.00525370062492,87.49465584350534,16.9250130969836,14.455846946503378,16.227212296125366,0.8711448550224304,0.8774777352809906,0.8493066459894181,0.8922353118658066,0.9008984178304672,0.9430171575397253,,,,,,
36.18000000007752,166.78359406596422,24.686101602257498,120.27972306769696,91.17315665782073,115.01095620927508,87.52643216298168,17.173160147310387,10.18840094643272,16.210166311057705,0.8711137771606445,0.8787363827228547,0.8511318594217301,0.8920363798737526,0.9013300389051437,0.9437526863068342,,,,,,
36.200000000078184,166.63019335409933,24.373286564412968,120.39590977403732,91.16843660935109,115.01872360965002,87.55748943944576,17.326187285238156,5.012302042737466,16.194940348014185,0.8710528016090393,0.8829164385795594,0.8579210847616197,0.8913809865713119,0.9028018206357956,0.9460280150175094,,,,,,
36.22000000007885,166.53250536223194,23.869818153335284,120.20239435089813,90.90198050628112,115.02854783815614,87.58778525239372,17.373260887702514,-0.22931305429735233,16.18155686812959,0.8709747731685639,0.8900918900966645,0.8718738287687302,0.8903012186288833,0.9053395479917526,0.9497031893581152,,,,,,
36.24000000007951,166.48869624266376,23.23449183231516,119.7101404313501,90.42965197624216,115.040418695939,87.61727822138921,17.321737891459957,-4.793683620949196,16.170036256639616,0.8708981275558472,0.899976533651352,0.8954900413751602,0.8888841196894646,0.9088723331689835,0.9544161323457956,,,,,,
36.260000000080176,166.49382906701314,22.548344128459146,118.9445556343266,89.79674218227186,115.054323859471,87.6459280625842,17.18593063416137,-8.689812128095861,16.160396792851746,0.8708103477954865,0.9119647860527039,0.9282290250062942,0.8871711060404778,0.9132484465837479,0.9597615141421556,,,,,,
36.28000000008084,166.5452647478352,21.883024234176958,117.95141168721233,89.02767289829468,115.07024889334492,87.67369564374177,16.97788061420941,-12.034883591104725,16.152654622537412,0.8706588566303254,0.9246811985969543,0.9614409238100052,0.8852826997637749,0.9181049317121506,0.9651560060679912,,,,,,
36.3000000000815,166.63736407968278,21.24379156405918,116.7897060539689,88.18473203086094,115.08817726525977,87.7005430376861,16.70632226913711,-15.106674675912453,16.146823732785762,0.8689348042011261,0.9371571898460388,0.9803230553865433,0.8835329331457615,0.9236581653356553,0.9700729914009572,,,,,,
36.32000000008217,166.76514855023052,20.632653772025094,115.52857049196474,87.28799419854055,115.10809036318348,87.72643357410645,16.374254836816704,-18.05693188428181,16.142915929356647,0.867448353767395,0.9464778423309326,0.9933474332094192,0.8817482277750969,0.9286208897829056,0.9727402459830046,,,,,,
36.34000000008283,166.92278538904336,20.052476516387056,114.22735140429258,86.35990691584615,115.12996751467469,87.75133188964432,15.987632687469008,-20.472242847000416,16.140940816567436,0.866091823577881,0.9543929100036621,1.0,0.8801498457789422,0.9351881265640258,0.9750885020941495,,,,,,
36.360000000083495,167.10233147295898,19.506640721684764,112.92634783778209,85.44792677085141,115.15378600834349,87.77520397619561,15.56152126557097,-21.98013645619586,16.140905779745207,0.8653350234031678,0.9583249807357788,1.0,0.8793529316782952,0.9416348069906235,0.9762343417853117,,,,,,
36.38000000008416,167.2931877723799,18.998674752005748,111.67340052799163,84.59258823697859,115.17952111742885,87.79801722736157,15.114560324099223,-22.56125459351958,16.142815970273016,0.8653460204601289,0.958318030834198,1.0,0.8793821975588799,0.9454017400741577,0.976230550929904,,,,,,
36.40000000008482,167.4808107223238,18.53219027056755,110.55732423873822,83.86346619642235,115.20714612546833,87.81974048298522,14.664334759847252,-22.325831396079042,16.146674293255558,0.8653792202472688,0.9582970619201661,1.0,0.8794705793261528,0.9489628493785858,0.976219130679965,,,,,,
36.42000000008549,167.64498029523304,18.15135783290825,109.67689674177923,83.25689514118851,115.23663235403322,87.84034407171238,14.230797205868559,-20.67580764244555,16.15248139782669,0.8653854966163635,0.958293104171753,1.0,0.8794872865080834,0.9519987076520919,0.9762169610708952,,,,,,
36.44000000008615,167.7689450796916,17.91612466845129,109.07784925245208,82.85652233206658,115.26794919250065,87.85979985151917,13.854144642885712,-16.580645000627072,16.16023567011791,0.8654269218444824,0.9582669377326966,1.0,0.8795975968241692,0.9545733571052551,0.9762027036398649,,,,,,
36.460000000086815,167.83893802479824,17.84023169008529,108.76189998925894,82.74624343444201,115.30106412983146,87.87808124815062,13.579109350177994,-10.787831070420742,16.169933228903904,0.8654483199119568,0.9582534074783325,1.0,0.8796546146273614,0.9563055813312531,0.9761953365057707,,,,,,
36.48000000008748,167.8485290573062,17.92666217065844,108.73479907570164,82.89682663703513,115.33594278832095,87.89516329141796,13.422976263305753,-4.911985333972047,16.181567923937713,0.8654678821563722,0.9582410454750061,1.0,0.8797067329287529,0.9568721294403076,0.9761886011809111,,,,,,
36.50000000008814,167.79680701271892,18.16763239675078,109.01091843934003,83.29438577836872,115.37254895928751,87.91102264930478,13.374885459589393,-0.1355709958535927,16.19513133698525,0.8654659330844879,0.9582422852516175,1.0,0.8797015294432641,0.9563717603683471,0.9761892806738615,,,,,,
36.52000000008881,167.68625001671955,18.548205038202443,109.5915379557192,83.83994176253674,115.41084464066212,87.92563765983587,13.411104667936865,3.70736343082273,16.210612785565278,0.8653969407081604,0.9582858800888061,1.0,0.8795177504420281,0.9548208475112915,0.97621302716434,,,,,,
36.54000000008947,167.52205751112996,19.048326834587147,110.4223518544015,84.5281398124737,115.4507900764394,87.93898836066485,13.524005797940688,7.609483503844887,16.227999329397683,0.865858805179596,0.9554023981094361,1.0,0.8797944471240045,0.9506195366382599,0.9754032026976347,,,,,,
36.560000000090135,167.31195299181903,19.645267878814934,111.42657367295847,85.377381594072,115.49234379794977,87.95105651634027,13.713490803868904,11.195690236781767,16.24727577956006,0.8670931518077851,0.9471458196640015,1.0,0.8809375330805779,0.9427102088928223,0.9729692112654448,,,,,,
36.5800000000908,167.06763000816744,20.31581062833822,112.55575271410528,86.31343422609362,115.53546266690935,87.96182564321312,13.963992825217177,13.659418734508453,16.26842471034848,0.8683201730251313,0.9382358312606811,0.9895507663488388,0.882100336253643,0.9343225300312042,0.9704476844519376,,,,,,
36.60000000009146,166.79483131536918,21.037571743934215,113.77041072340053,87.24267106708427,115.58010192020326,87.97128103195143,14.25471867065464,15.364844382726782,16.291426473835816,0.8694683015346527,0.9290712833404541,0.9718086034059524,0.883122406899929,0.9259185433387757,0.9677353631705046,,,,,,
36.620000000092126,166.50231264390578,21.79050016138465,115.00923987897295,88.14149435508922,115.6262152163557,87.97940976763158,14.578727766474186,17.054431841844078,16.316259217117146,0.8697375774383546,0.9199874401092529,0.9481341868638993,0.8840839967131615,0.9183988958597183,0.9641083013266325,,,,,,
36.64000000009279,166.20059417854168,22.55579897525533,116.20816431032415,88.95976338765091,115.6737546836385,87.98620074737839,14.936993456555456,18.802755506258517,16.342898902228725,0.8696508407592773,0.9126361846923828,0.9245493948459625,0.8848895236849785,0.9125099748373032,0.9611753977835178,,,,,,
36.660000000093454,165.8959065579067,23.30528863179291,117.31031884902008,89.63666644257646,115.72267096976842,87.99164469553037,15.334452410218754,20.995070286779473,16.371319328723658,0.8695491850376129,0.9065931677818299,0.9055796474218368,0.8854841731488705,0.910121300816536,0.95873680151999,,,,,,
36.68000000009412,165.59891889274166,23.9872784495348,118.27798654515269,90.29215666971773,115.77291329314126,87.99573417630918,15.771436313990101,22.361570337560842,16.401492158883876,0.869455623626709,0.9021276950836182,0.8930224627256393,0.8858934216201305,0.9083630174398423,0.9569153934717178,,,,,,
36.70000000009478,165.31465114613513,24.548123829135754,119.12233989119568,90.82978369298623,115.82442949555005,87.998463603976,16.212056906109577,21.327588233034664,16.43338694554529,0.8693531870841981,0.8995681464672088,0.8859312146902084,0.8860443770885468,0.9073066800832749,0.9559121906757355,,,,,,
36.720000000095446,165.05417700378626,24.9417144762092,119.82295197756815,91.11965087923724,115.87716609633209,87.99982925046093,16.61674912642743,19.10370272376733,16.466971162509115,0.8693161964416505,0.8988050282001495,0.883850309252739,0.8860967963933944,0.9069853097200394,0.9556341126561165,,,,,,
36.74000000009611,164.83203693121067,25.134961602036196,120.28730485159765,91.2175452007623,115.93106834788904,87.99982925045515,16.976202436385847,16.800290155970583,16.502210237509583,0.8693139016628266,0.8999362528324127,0.8866319388151169,0.8859765715897083,0.907395151257515,0.9561626113951206,,,,,,
36.760000000096774,164.6620698582944,25.117728616742426,120.44364868858905,91.11980375070968,115.98608029252219,87.99846360395867,17.28394128807431,13.80307345606358,16.539067587704885,0.8693526387214661,0.9031922936439515,0.8952183932065964,0.8856645651161671,0.9086331576108932,0.9575734805315733,,,,,,
36.78000000009744,164.55020315020172,24.905211813903303,120.28185725154606,90.7439695046559,116.04214482052393,87.99573417628032,17.52266174009663,9.998595482171945,16.577504657654984,0.8694348692893983,0.9088707208633423,0.9112233251333237,0.8851229593157769,0.9108347028493882,0.9599433910101652,,,,,,
36.8000000000981,164.49840122443229,24.53185668580764,119.8133992432593,90.0960290435417,116.09920372946534,87.99164469549001,17.684270823668587,6.227973043128195,16.61748095974705,0.8695518016815186,0.9168213486671448,0.934500727057457,0.8843410044908524,0.9139942973852158,0.9631500858813524,,,,,,
36.820000000098766,164.5070881638182,24.043389054879345,119.05732929852203,89.25971330767966,116.1571977846179,87.98620074732659,17.7743982516712,2.8240028300120716,16.658954117025644,0.8696828365325928,0.9262320637702942,0.9605906575918197,0.8833560034632683,0.9178867548704147,0.9668389201164246,,,,,,
36.84000000009943,164.571635814137,23.48462473534345,118.05741392066297,88.29530619644228,116.21606678044714,87.97940976756843,17.797194574571233,-0.5787767167063043,16.70187990838262,0.8684951066970825,0.9362449407577514,0.9779892295598984,0.8823558524250984,0.9228236943483352,0.9700948264449835,,,,,,
36.860000000100094,164.68585167790104,22.88862105798323,116.88040713024684,87.23566997491855,116.27574960311385,87.971281031877,17.749528880804597,-4.216852891210219,16.746212316057655,0.8672533512115479,0.9456037998199462,0.9919758886098862,0.8812418498098851,0.9280667692422867,0.9727255661040545,,,,,,
36.88000000010076,164.84223174923713,22.306649974010725,115.59495636735649,86.11665654340385,116.3361842939185,87.9618256431275,17.628833301063374,-7.804460577209217,16.791903575398297,0.8660032033920289,0.9543118476867676,1.0,0.8801454968750477,0.9364381909370423,0.9752683121711015,,,,,,
36.90000000010142,165.03524841588091,21.75286454525936,114.25993716287682,84.99793294955542,116.39730811362251,87.9510565162436,17.440473319380825,-10.933242531001314,16.83890422682503,0.8645688951015473,0.9588082432746887,1.0,0.8775871820747853,0.9430770874023438,0.9766883928328752,,,,,,
36.920000000102085,165.25373972939107,21.22899225461171,112.9408930232853,83.93535442252623,116.45905760757994,87.93898836055725,17.19593433530159,-13.39127710822031,16.88716316994409,0.8641797840595246,0.9590532302856445,1.0,0.8765604503452779,0.9472074449062348,0.9768220860511064,,,,,,
36.94000000010275,165.48163575085562,20.740657978928965,111.72719072203424,82.97686786829165,116.52136867161182,87.92563765971748,16.91139065717552,-14.85685922292017,16.936627719748227,0.8639059185981751,0.9592254638671875,1.0,0.8758401520550252,0.9512105405330658,0.9769161064177752,,,,,,
36.96000000010341,165.69972619254168,20.34034664097857,110.71132849443734,82.23396475705209,116.5841766185549,87.91102264917576,16.61008224688822,-15.10867833223968,16.987243664842644,0.8636607289314271,0.9593795537948608,1.0,0.8751970000565052,0.9548229694366455,0.9770002562552691,,,,,,
36.98000000010408,165.8885058490037,20.062209756715927,109.97844921937526,81.72227008203025,116.6474162454154,87.8951632912785,16.31413173079636,-14.247883357437047,17.038955327630898,0.8633658647537232,0.9595647096633911,1.0,0.8744257397949696,0.9575322270393372,0.9771014053374529,,,,,,
37.00000000010474,166.03272381369584,19.92302628900223,109.56880354248497,81.44174961949699,116.71102190105842,87.87808124800091,16.05252261517337,-11.571950388484982,17.09170562639289,0.8631206452846527,0.9597185373306274,1.0,0.8737862654030324,0.9593563675880432,0.9771854836493731,,,,,,
37.020000000105405,166.12396098178652,19.92972288260431,109.46401684926501,81.46015356468884,116.7749275543626,87.85979985135941,15.862792279836723,-7.237950406751404,17.14543613918478,0.8628660440444946,0.9598573684692383,1.0,0.8731268592178822,0.9602324903011322,0.9772620875388384,,,,,,
37.04000000010607,166.15918578741437,20.078874206337947,109.64762593387265,81.84811078380011,116.83906686276912,87.84034407154279,15.759524398734001,-3.37531624413154,17.200087169487986,0.8625712633132935,0.9600019574165344,1.0,0.8723678655922413,0.9598623037338256,0.9773425299674272,,,,,,
37.06000000010673,166.1393544532573,20.359029960371032,110.13886676660542,82.4317333800902,116.90337324115411,87.81974048280603,15.716204740308774,-1.133935525465691,17.255597813532393,0.8621925175189973,0.9601876974105835,1.0,0.8713966317474843,0.9579280972480774,0.9774458963423968,,,,,,
37.0800000001074,166.0684324704856,20.753698175477506,110.91499120323769,83.13276859903473,116.9677799309529,87.79801722717303,15.71380521370255,1.0090129321730636,17.31190602921656,0.8617649376392365,0.9603973627090454,1.0,0.8703056998550892,0.9551556587219239,0.9775626141577959,,,,,,
37.10000000010806,165.952430654998,21.243669606542706,111.89301532898769,84.01334006083015,117.0322200694642,87.77520397599797,15.7610384877039,3.7444654688618257,17.368948706545623,0.8612860918045044,0.9606321096420288,1.0,0.8690912194550038,0.9518543004989624,0.9776933867484331,,,,,,
37.120000000108725,165.79935682703777,21.808409827667653,113.00106188433988,85.05468750541701,117.09662675926256,87.75133188943785,15.859895710711923,5.958130436392254,17.426661739505395,0.8607496023178101,0.9608950853347779,1.0,0.8677400179207325,0.947767585515976,0.9778399426490069,,,,,,
37.14000000010939,165.61780481503473,22.428089658096642,114.2024611478344,86.1263491665597,117.16093313764668,87.72643357389143,15.99216245352756,7.152633072426131,17.48498009928956,0.861175000667572,0.9550210952758789,1.0,0.8672224469482899,0.9386849910020828,0.9761211592704058,,,,,,
37.16000000011005,165.41541681482798,23.084306891482253,115.45139437975978,87.14726692433702,117.22507244605191,87.70054303746284,16.145385446709184,8.237052169274007,17.54383790879474,0.861840546131134,0.9471776843070984,0.9924462378025055,0.8670021958649159,0.9287356406450271,0.9739186484366655,,,,,,
37.18000000011072,165.20351729428697,23.760341161393313,116.6785847389871,88.12004080510302,117.28897809935435,84.19375314120796,16.325095650161405,9.796203205307798,19.878211791641622,0.8623790323734284,0.9398427486419678,0.9766475200653076,0.8667331524193287,0.9176948755979538,0.9719656195491553,,,,,,
37.20000000011138,164.98855678028818,24.442142220138482,117.82653210231811,89.0189648008924,117.35258375499524,85.04741582355057,16.537638607539947,11.427099407963864,19.361705003679596,0.8628309309482575,0.9333488583564759,0.9606645077466964,0.8665208406746387,0.9138183504343033,0.9702776879072189,,,,,,
37.220000000112044,164.77648977086145,25.11828560785457,118.86424342326634,89.76549377116999,117.41582338185314,85.09480499257653,16.7809608762134,12.903415590900483,19.372067381059725,0.8624474525451661,0.9291653871536255,0.9446266740560532,0.8662623070180416,0.9113528698682786,0.9694337751716375,,,,,,
37.24000000011271,164.57506990105912,25.779045424198443,119.76421955473998,90.24985189167279,117.47863132879321,85.14214086753694,17.05652362803163,14.862728437681154,19.38218238533314,0.8620876550674439,0.9262091398239136,0.9327676862478256,0.8661412723362446,0.9096848636865617,0.9688931692391634,,,,,,
37.26000000011337,164.39032598056087,26.40371143073779,120.46956626837456,90.47745568743395,117.54094239282168,85.18939683884982,17.388371793457114,18.55432472596245,19.392024785714618,0.8618624448776245,0.9243378639221191,0.9251453727483749,0.8660740859806538,0.9086486905813217,0.9685696352273225,,,,,,
37.280000000114036,164.2275143551911,26.94835944474889,120.93612158750743,90.70112388778749,117.60269188677525,85.23654634185054,17.793675378308997,21.46776950903438,19.401569659282554,0.8618051171302796,0.9235419154167175,0.9220477551221847,0.8661452174186707,0.908255735039711,0.9684497956186533,,,,,,
37.3000000001147,164.0984747404671,27.371638434631418,121.2135245769997,90.74913004094884,117.663815706475,85.28356287172502,18.220552173377992,20.631989964208294,19.41079242511874,0.8618965864181519,0.9236725091934204,0.922872194647789,0.8663469076156617,0.9084140688180924,0.9685040440410375,,,,,,
37.320000000115364,164.01285550970746,27.650626443957343,121.33247780283975,90.39626670546069,117.72425039727499,85.33041999840923,18.60798022477228,18.172596016963467,19.41966887807438,0.8621297359466553,0.9251275658607483,0.9290253013372421,0.8665721967816353,0.9092822045087815,0.9688191551715135,,,,,,
37.34000000011603,163.9796578503621,27.784468603797638,121.21909665869855,89.77533190153596,117.78393321993664,85.37709138144668,18.956749352647268,16.935933851371036,19.42817522212288,0.8625503301620484,0.9274607300758362,0.9389836758375167,0.8670147120952607,0.9107444554567338,0.9692885097116232,,,,,,
37.36000000011669,164.0068358206651,27.78672945054055,120.80350638237432,89.05600862396572,117.8428022157604,85.42355078479557,19.287220373648445,15.944002951381854,19.436288103259916,0.8631075382232667,0.9308143615722656,0.9526138514280319,0.8675148285925389,0.9128296703100205,0.9699549425393343,,,,,,
37.380000000117356,164.09867637064465,27.68033943446509,120.1092094762279,88.16887121341121,117.90079627090711,85.46977209157727,19.58311352057186,13.347961705678374,19.44398464191217,0.8631613254547119,0.9360777497291565,0.9664657324552536,0.8681375660002232,0.9161128848791122,0.971255524083972,,,,,,
37.40000000011802,164.25567659551126,27.49371653385275,119.20047094391239,87.05431005320125,117.95785517984227,85.51572931875769,19.813294773155185,9.594228608023808,19.45124246481649,0.8628668785095215,0.9425185799598694,0.9794948428869248,0.868808526545763,0.9203063279390336,0.9729660399258137,,,,,,
37.420000000118684,164.4749400210886,27.255184049108617,118.12415122771542,85.8250904923383,118.0139197078374,85.56139663175352,19.966760300780628,5.777483246105995,19.458039736331763,0.8625237166881562,0.9492103815078735,0.9910063356161117,0.869506822526455,0.9249989777803421,0.9747810594737529,,,,,,
37.44000000011935,164.7503511184676,26.985841071834386,116.92563729449715,84.58950665005418,118.06893165246353,85.60674835895504,20.044902962021844,2.0285997370169326,19.464355189146392,0.862099575996399,0.9558744192123413,1.0,0.8701203219592571,0.9300593882799149,0.9766561683267355,,,,,,
37.46000000012001,165.07373551010645,26.704141548630737,115.67075445749524,83.39477967657074,118.12283390401312,85.65175900615716,20.04725965408667,-1.796646733677658,19.470168154345263,0.8619755625724793,0.9602940797805786,1.0,0.8710573010146618,0.9382432997226715,0.9779293950647115,,,,,,
37.480000000120675,165.4315277450789,26.428871613456568,114.44178167801691,82.27611644020993,118.17557050478744,85.69640327089093,19.97451694144145,-5.388607505247487,19.475458590800045,0.8627028107643128,0.9599374294281006,1.0,0.872921209782362,0.943887123465538,0.9777308877557516,,,,,,
37.50000000012134,165.80693335133984,26.178155663421425,113.32195212007052,81.30420370385247,118.22708670718815,85.74065605664711,19.837328866720366,-8.154384548112155,19.48020711384825,0.8634212017059326,0.959529972076416,1.0,0.8747852496802807,0.9491894394159317,0.9775066908448935,,,,,,
37.520000000122,166.1831181425389,25.970156112488034,112.39229408977748,80.62451861369249,118.2773290305526,85.78449248698408,19.65272281930664,-10.261213615124106,19.48439502322672,0.8640497684478761,0.9591350197792053,1.0,0.8764331929385663,0.9538077712059021,0.9772909816354514,,,,,,
37.54000000012267,166.5404741369833,25.821293047987673,111.73516034098674,80.15725173621789,118.32624531667375,85.82788791951194,19.43142382596182,-11.628360469597302,19.488004330225973,0.864529037475586,0.9588333487510681,1.0,0.8776967875659466,0.9571358978748321,0.9771263536065817,,,,,,
37.56000000012333,166.86273723870147,25.743939304546394,111.38417970081369,79.90978144214242,118.37378478394747,85.87081795974507,19.20186319679275,-10.915161572681784,19.49101778403325,0.8649693787097932,0.9585557699203491,1.0,0.8788627974689007,0.9595831036567688,0.9769749578088522,,,,,,
37.580000000123995,167.13896727764205,25.756245397826365,111.31349255165264,79.9159796142178,118.41989808009052,85.91325847481544,19.009803438256878,-7.956692433543152,19.493418897232203,0.8653114557266236,0.9583398580551148,1.0,0.879771738499403,0.9610700011253357,0.9768572505563498,,,,,,
37.60000000012466,167.36333845116602,25.89172943315396,111.47715879036642,80.14683876587111,118.46453733337475,85.95518560703863,18.89501437701083,-3.368754129411332,19.495191970428763,0.8656297266483307,0.9581387639045715,1.0,0.880619751662016,0.9615202903747558,0.9767476733773947,,,,,,
37.62000000012532,167.53459121712018,26.14630687298986,111.85156080271322,80.7731384915654,118.50765620232434,85.99657578732538,18.867032178062516,0.04398695566561155,19.496322115973264,0.8658892393112183,0.957974624633789,1.0,0.8813127867877484,0.9610199213027955,0.9766582664102316,,,,,,
37.64000000012599,167.65443248944524,26.49247708284272,112.47932989300593,81.54109845052852,118.54920992382444,86.0374057484308,18.874330689146802,0.29387511256216975,19.496795280750078,0.8659266769886017,0.9579509377479554,1.0,0.8814128927886486,0.9587505102157593,0.9766453679651022,,,,,,
37.66000000012665,167.72657182987138,26.897525877342353,113.36320699987041,82.29289703281714,118.58915535959117,86.07765253803386,18.875719724277438,0.04715050147924579,19.496598268006977,0.8658814251422883,0.9579795837402344,1.0,0.8812919013202191,0.9558392524719238,0.9766609605401755,,,,,,
37.680000000127315,167.75589300791026,27.33092509581985,114.41242242141533,83.17228620277963,118.62745104095495,86.11729353163994,18.88787104027537,1.4025005291775248,19.495718758197437,0.8663928866386414,0.9543286561965942,1.0,0.88145457431674,0.9502987086772918,0.9756447967141867,,,,,,
37.70000000012798,167.74946473009248,27.768537662805514,115.53371856037185,84.23915054814414,118.66405721191047,86.15630644529911,18.933936721777947,3.0824780082994576,19.494145328810323,0.8674370169639588,0.9465714573860169,1.0,0.8822259776294231,0.9419598519802094,0.9733816798776388,,,,,,
37.72000000012864,167.71335513756827,28.19394320469288,116.69034932646213,85.32514015730382,118.69893587038865,86.19466934813278,19.003809345954007,3.7550048055181784,19.4918674731623,0.8682768821716309,0.9391866207122803,0.9897042810916901,0.8826929442584515,0.933425810933113,0.9713156756013632,,,,,,
37.74000000012931,167.6524178119307,28.59952023925113,117.85444207443786,86.2956653298929,118.73205080770794,86.23236067466217,19.083045010239182,4.2649861833522476,19.4888756181297,0.8689104497432709,0.9325649261474609,0.9759964510798455,0.882876842468977,0.9254372477531433,0.9695129688829184,,,,,,
37.76000000012997,167.57231088174692,28.981852303200036,118.96911679963354,87.17652761656781,118.76336764616362,86.26935923693114,19.180380506803083,5.605536757908078,19.485161140797427,0.8693440079689027,0.9268253564834594,0.9625404283404351,0.8828766338527203,0.9186984986066818,0.9677990335971117,,,,,,
37.780000000130634,167.47908775013585,29.339060603552127,119.98188887852568,88.00436837555625,118.79285387471656,86.30564423641681,19.309452789710424,7.253001120212707,19.480716384004094,0.8690264582633973,0.9227050185203552,0.9481509521603584,0.8828249596059322,0.9166491538286209,0.9664473246783019,,,,,,
37.8000000001313,167.3779876317567,29.659452918118202,120.87880334859021,88.7406564301815,118.82047888274388,86.34119527572149,19.465581907730922,8.195113950123954,19.47553467076316,0.8687276959419251,0.9200052499771119,0.9389064505696296,0.8826172061264516,0.9152215391397477,0.9656495776027441,,,,,,
37.82000000013196,167.2740589840452,29.918765556410815,121.66513451303537,89.31529532012293,118.84621399181694,86.37599237003879,19.63174444267705,8.346600462347961,19.46961031754197,0.868443512916565,0.9185809135437012,0.9331407740712165,0.8822720482945442,0.914323177933693,0.9653538778424263,,,,,,
37.840000000132626,167.17549908909464,30.09052925231671,122.31469532149266,89.6859600220037,118.87003248547325,86.41001595838807,19.799815213445616,8.533087129764269,19.46293864638081,0.8682079195976258,0.9181599378585815,0.9304875686764718,0.881894151866436,0.9138758450746537,0.9654200352728367,,,,,,
37.86000000013329,167.08982420368628,30.15289512884518,122.7640822195336,89.86769171669697,118.89190963695181,86.44324691461048,19.976208433427697,9.144882657641226,19.45551599583636,0.8680593609809876,0.9187762975692749,0.9313401058316231,0.8815536193549633,0.9139352947473526,0.9658226549625397,,,,,,
37.880000000133954,167.02794701500753,30.09267177673044,122.95326582070842,89.85300474779906,118.91182273486272,86.47566655812065,20.16414291574814,9.54032243872345,19.447339730734413,0.8680281400680543,0.9203645467758179,0.9356965973973275,0.8813152566552163,0.9145162075757981,0.9665036778897047,,,,,,
37.90000000013462,167.00084680805884,29.90998907097185,122.8527104493637,89.57661955387861,118.92975110676466,86.5072566644078,20.352130526025665,9.117072270848688,19.43840825071865,0.8676570534706116,0.9253986835479736,0.9500938728451729,0.8795007444918156,0.9161595672369004,0.9681289449334145,,,,,,
37.92000000013528,167.01712514248015,29.618626263718532,122.4588734960533,89.00865986000781,118.94567614062557,86.53799947528064,20.52445387056855,8.040983049778145,19.428720997583113,0.8671569168567658,0.9307341575622559,0.9640812948346138,0.8778167515993118,0.9182830482721329,0.9694839630275964,,,,,,
37.940000000135946,167.08180402072995,29.24297440282409,121.7835790611482,88.20338411516774,118.95958130414444,86.56787770884998,20.671279056683954,6.572144374983998,19.41827846137772,0.8661134898662568,0.9373607397079468,0.9758744671940803,0.8765081532299519,0.9214376717805862,0.9713537130504847,,,,,,
37.96000000013661,167.19836181678312,28.810547310888477,120.86032163202552,87.23188492363536,118.97145216191409,86.59687456924361,20.78350430665285,4.532003103928992,19.40708218527741,0.8650790810585023,0.9444050431251526,0.9871362879872322,0.8753988534212113,0.9252051800489426,0.9733452126383781,,,,,,
37.980000000137274,167.36533146181512,28.343405829580316,119.74578959199049,86.13038165188678,118.98127639040693,86.62497375604806,20.84802447186552,1.8302570528148305,19.395134769206603,0.8640329718589783,0.951546049118042,0.9968151047825813,0.8743975609540939,0.9294700354337693,0.9754036031663418,,,,,,
38.00000000013794,167.5776752731403,27.86241511109834,118.50792318076253,84.95313472515559,118.98904379076852,86.65215947347177,20.85462939721741,-1.1820296438627291,19.38243987221258,0.8630185127258301,0.958383846282959,1.0,0.8735590524971486,0.9361910879611969,0.9774459205567837,,,,,,
38.0200000001386,167.82573165369277,27.38940607670155,117.22542579003537,83.78199783995336,118.99474629940529,86.67841643922456,20.801666134534294,-4.060672193943749,19.369002213582267,0.8629589319229126,0.959811806678772,1.0,0.8738240487873554,0.942283707857132,0.9778650365769863,,,,,,
38.040000000139266,168.09688016185572,26.946700676967726,115.9860073891843,82.699091601865,118.99837799635563,86.7037298931085,20.69534913709332,-6.468706266311658,19.354827572698557,0.8632319927215577,0.9596487045288086,1.0,0.8745339281857014,0.9473246932029724,0.9777756057679653,,,,,,
38.06000000013993,168.3746154603385,26.555837477976226,114.87716503613491,81.77087671596614,118.99993511143558,86.7280856053153,20.547947171410016,-8.122766861475615,19.339922787633622,0.86351135969162,0.9594733595848084,1.0,0.8752635009586811,0.9520176500082016,0.9776797853410244,,,,,,
38.08000000014059,168.64435489118668,26.236826744041426,113.97598185620186,81.06411645001788,118.9994160281528,86.75146988442548,20.377134041077618,-8.79150904403974,19.32429575247817,0.8637621343135834,0.9593158483505249,1.0,0.8759202904999257,0.9560713410377503,0.9775937519967556,,,,,,
38.10000000014126,168.8904210443376,26.00523550758935,113.34422396890054,80.66310234017241,118.99682128538468,86.7738695851049,20.20003554197361,-8.857545860411994,19.307955413406848,0.8639735102653504,0.9591829776763916,1.0,0.876475239545107,0.9592081308364868,0.977521201223135,,,,,,
38.12000000014192,169.1009686297515,25.871687837400174,113.01874298818225,80.46521765018099,118.99215357681902,86.7952721154944,20.02820227064289,-8.095065606337545,19.290911763481546,0.8640990257263184,0.959104037284851,1.0,0.8768053300678731,0.9610503137111663,0.9774781070649624,,,,,,
38.140000000142585,169.26904629767768,25.839362492788343,112.98184852232194,80.48872419889945,118.98541774815743,86.81566544428817,19.88755529385387,-5.703277187141928,19.27317583619553,0.8641831994056702,0.9590510845184326,1.0,0.877026928216219,0.9620435476303101,0.9774491988122463,,,,,,
38.16000000014325,169.39179707087587,25.910339791197664,113.19403516627175,80.88871399933808,118.97662079208501,86.83503810749711,19.80237595729112,-3.010133534306489,19.254759697763262,0.8642003536224365,0.9590402841567993,1.0,0.8770721085369587,0.9620918869972229,0.9774433098733425,,,,,,
38.18000000014391,169.46962480411307,26.094501150858306,113.65512971500803,81.52043192723686,118.96577184101096,85.0,19.755001984841513,-2.0111479101376295,20.447339536908164,0.8640649318695068,0.9591254830360413,1.0,0.8767156310379506,0.9530731320381165,0.9774898134171963,,,,,,
38.20000000014458,169.50529433563696,26.38034510407268,114.36110994859236,82.23567250732998,118.95288215758792,85.0,19.716301955476595,-1.844212159887074,20.43891279205599,0.8638662278652192,0.9592504262924194,1.0,0.8761934287846089,0.9504102230072021,0.9775580249726772,,,,,,
38.22000000014524,169.50327696691264,26.740936306421982,115.25672985474766,83.07463237013927,118.93796512301982,85.0,19.68523833000386,-1.1491859636907218,20.42916064841282,0.8636030912399293,0.9590827465057373,1.0,0.8753675110638142,0.9470102846622467,0.9775698505342006,,,,,,
38.240000000145905,169.46897004695805,27.145884048773937,116.270377058488,84.07336299575627,118.92103622317049,85.0,19.672102541323685,-0.2042628584127993,20.41809322999948,0.8645897030830384,0.9511573791503907,1.0,0.8758176036179066,0.9380162984132767,0.9752206645905972,,,,,,
38.26000000014657,169.4081356736785,27.567989989532975,117.35375764578497,85.14532039256008,118.90211303248718,85.0,19.673498523946623,0.25041487322348027,20.405722026266716,0.8653825044631959,0.9432648897171021,0.9910113900899887,0.8759655483067036,0.9288746356964112,0.9730074487626552,,,,,,
38.28000000014723,169.328041426085,27.98688743990663,118.4695549404691,86.17400532878636,118.88121519575601,85.0,19.68064122814632,0.5129548872592024,20.39205988016768,0.8659719467163086,0.9358055114746093,0.9755514934659004,0.8758117564022542,0.920576760172844,0.9709959652274847,,,,,,
38.3000000001479,169.2342637199767,28.389246913331913,119.564199204026,87.10453632228666,118.85836440770805,85.0,19.699415964115648,1.549678736586505,20.377120974825203,0.866339260339737,0.9292497515678406,0.9592132315039634,0.8755599386990071,0.9167452424764634,0.9692975770682096,,,,,,
38.32000000014856,169.13113693078077,28.769707579436957,120.57412918017793,87.94852191480892,118.83358439049732,85.0,19.749231043997007,3.54261168334218,20.360920818807873,0.8657708048820496,0.924909257888794,0.9420153796672821,0.8752983018755913,0.9142355173826218,0.9684589315205813,,,,,,
38.340000000149224,169.02307059306645,29.127482684978705,121.45582536754543,88.59269608722879,118.80690086907403,85.0,19.84411889844463,6.090700204422174,20.34347623003002,0.8652854919433595,0.9215744853019714,0.9285050690174103,0.8749733492732048,0.9122957795858383,0.9678398504853248,,,,,,
38.36000000014989,168.91506421769975,29.45555175867956,122.16431138192004,88.95995793919444,118.77834154447866,85.0,20.003432767598586,10.06036695768218,20.32480531829255,0.8649625360965729,0.9190250873565674,0.9182391822338104,0.874837400764227,0.9108903616666794,0.9673702970147133,,,,,,
38.38000000015055,168.81395770918496,29.71950658187041,122.6527376596932,89.31150087124045,118.74793606508462,85.0,20.2433193181289,13.498019674667246,20.304927466482503,0.8648234248161316,0.9174073815345765,0.91202552318573,0.8749147936701775,0.9100820332765579,0.9670735906809569,,,,,,
38.400000000151216,168.729965916354,29.880671209350425,122.94434673376263,89.50289624623838,118.71571599581927,85.0,20.5189473883975,13.474817846737604,20.28386331045109,0.8647476434707642,0.9168825030326844,0.9099136173725129,0.8748902194201946,0.9097868770360947,0.9670074824243784,,,,,,
38.42000000015188,168.6754446829981,29.915338599104484,123.05918778815457,89.28830740235641,118.68171478539534,85.0,20.768960809663728,11.498570742755854,20.2616347175909,0.8648172736167908,0.9173722743988038,0.9118798255920411,0.8749741204082966,0.910061052441597,0.967137585580349,,,,,,
38.440000000152544,168.66276880538828,29.819528246613828,122.93480525171421,88.76841906741858,118.6459677315868,85.0,20.985501010739984,10.365946662330726,20.238264764134705,0.8650377929210663,0.9189114212989807,0.9181198120117188,0.875168040394783,0.910928925871849,0.9674674116075039,,,,,,
38.46000000015321,168.7016812718265,29.60300093420423,122.50307629437259,88.13494758573596,118.6085119445849,85.0,21.1863367841121,9.594951941222709,20.21377771119917,0.8654188394546509,0.9217461943626404,0.9296109020709992,0.8754284441471101,0.9125170916318893,0.9680477574467659,,,,,,
38.48000000015387,168.79785041821324,29.284154864060735,121.77584094622357,87.3539489502205,118.56938630847309,85.0,21.358878235000926,7.348240457773068,20.188198979598678,0.8658908247947693,0.9260069847106933,0.9462140381336213,0.8755435034632684,0.9148370236158371,0.968922870978713,,,,,,
38.500000000154536,168.95306934926109,28.886814267254646,120.8147240079449,86.35352560134562,118.52863144085994,85.0,21.470515880614155,3.6780512072525666,20.161555123455077,0.8661162853240967,0.931635069847107,0.9637482941150666,0.8755331225693226,0.9179305285215378,0.9702022217214108,,,,,,
38.5200000001552,169.16582494485698,28.43666435126265,119.67287004503794,85.22211045409145,118.48628965071288,85.0,21.50414748124521,-0.309548682496311,20.13387380263103,0.8655380964279176,0.9386797785758972,0.9774605929851532,0.8755782321095467,0.9220206826925278,0.9720978200435638,,,,,,
38.540000000155864,169.43162417193815,27.95379024683303,118.39485705119728,84.08576272169054,118.4424048944357,85.0,21.458138641553564,-4.308321501296243,20.105183754015364,0.8648536741733551,0.9460039258003234,0.9895827829837799,0.8754941798746586,0.9265440374612808,0.9741063065826893,,,,,,
38.56000000015653,169.74365820827353,27.457223883199735,117.03565857392408,82.97707866296426,118.3970227302361,85.0,21.331198754175563,-8.382000501424812,20.075514761690396,0.8640878558158875,0.9530996799468994,0.9991110011935234,0.8752632297575474,0.9349382549524308,0.9761237926781178,,,,,,
38.58000000015719,170.0937691708117,26.96625723624256,115.65845701359183,81.92285073693203,118.3501902708301,85.0,21.12442578895713,-12.216587329889917,20.04489762601205,0.8633143305778503,0.9595562219619751,1.0,0.8750089444220066,0.9441419243812561,0.9780474252998829,,,,,,
38.600000000157856,170.4683309960365,26.4997651543018,114.33458019090584,80.97520583912369,118.30195613453287,85.0,20.847143380119853,-15.363418468662406,20.013364131635058,0.8636535525321961,0.9593840599060058,1.0,0.8759258605539799,0.9487178534269333,0.9779338903725148,,,,,,
38.62000000015852,170.8519833111824,26.07677768827133,113.14741950089788,80.2581259449074,118.25237039478641,85.0,20.515508044187513,-17.736080445487282,19.9809470145162,0.8639793872833252,0.9591792821884155,1.0,0.8767808593809605,0.9528097450733185,0.9778220720589161,,,,,,
38.64000000015918,171.22355878679699,25.716867330969073,112.19366942636009,79.75611628585754,118.20148452817666,85.0,20.14056259043911,-19.584551010563192,19.94767992793007,0.8641588509082795,0.9590664029121398,1.0,0.8772529818117619,0.9558638751506805,0.9777604408562184,,,,,,
38.66000000015985,171.56550830300532,25.436986563770862,111.54372843392638,79.43239541123901,118.14935136099403,85.0,19.745050808769296,-19.528082972368328,19.913597407532524,0.8642882227897645,0.9589849948883057,1.0,0.8775938428938389,0.9580203175544739,0.9777160115540028,,,,,,
38.68000000016051,171.8613310145558,25.250832839969128,111.20900924935795,79.38692956579985,118.09602501439261,85.0,19.377462029489255,-16.842110184647538,19.878734835508023,0.8643457055091859,0.958948802947998,1.0,0.8777454473078251,0.9594070196151734,0.9776962585747242,,,,,,
38.700000000161175,172.09994238026704,25.176165498858733,111.17008648950598,79.64821889314969,118.04156084820525,85.0,19.08180262432839,-12.595166776756901,19.84312840383827,0.8643539190292359,0.9589436292648316,1.0,0.8777671314775944,0.959640520811081,0.9776934452354908,,,,,,
38.72000000016184,172.27629641359985,25.245608608461126,111.41575985000563,80.27024206397685,117.98601540347272,85.0,18.871293783272026,-8.764222179150586,19.80681507673011,0.8643149733543396,0.9589681386947632,1.0,0.8776643969118596,0.9586061835289001,0.9777068205177784,,,,,,
38.7400000001625,172.39033860066374,25.458296849044757,111.96552382274798,81.10093361482097,117.92944634374658,85.0,18.716293769434362,-7.012873092063382,19.769832552241766,0.8641030550003053,0.9591015100479126,1.0,0.8771060921251774,0.9559815049171447,0.9777796097099781,,,,,,
38.76000000016317,172.44557013992682,25.786403123847318,112.80953890557949,81.99478173838914,117.87191239522674,85.0,18.588349775975562,-5.645983151203179,19.732219223147272,0.864182186126709,0.9573452830314636,1.0,0.8767306841909885,0.9511144459247589,0.9772983856499196,,,,,,
38.78000000016383,172.44786357010213,26.1916959564225,113.86547444513452,83.03469862906259,117.81347328579591,85.0,18.49844506820222,-3.1859847249458486,19.69401413707963,0.8652813315391541,0.9487082242965699,1.0,0.8773533798754216,0.9416664868593216,0.9747653789818287,,,,,,
38.800000000164495,172.40459560745944,26.63762869201341,115.04414298327218,84.24838514253483,117.75418968301405,85.0,18.461842538436883,-0.5837704698016692,19.655256955994226,0.8663497567176819,0.939264452457428,0.988091042637825,0.8779310680925847,0.9317868471145629,0.9721288748085499,,,,,,
38.82000000016516,172.3238634898533,27.09433027291349,116.29731124686656,85.49746693458437,117.69412313113745,85.0,18.468625089137966,1.1220945328158327,19.615987914994417,0.8672974526882172,0.9296453356742859,0.9675425380468369,0.8783199883997441,0.9215756058692932,0.9695257015526295,,,,,,
38.84000000016582,172.21169877412416,27.541799426718338,117.5845209125491,86.65667153710416,117.63333598722755,85.0,18.504971030653806,2.5723117187159747,19.57624778056215,0.8668518662452698,0.9222021460533142,0.9393200546503067,0.8787726022303105,0.9147277534008026,0.9679389644414187,,,,,,
38.86000000016649,172.07550324961213,27.975431340961368,118.83861498124305,87.59956112655331,117.57189135641609,85.0,18.578048193499864,5.098346623901441,19.536077808236943,0.8671424269676209,0.907746160030365,0.8949828594923019,0.8816562801599502,0.9094997048377991,0.962672808021307,,,,,,
38.88000000016715,171.92377255488898,28.400324105195136,119.95059520970085,88.29493245861256,117.50985302639356,85.0,18.73035901384849,10.557183483411096,19.495519699787177,0.8676544666290283,0.8920548677444459,0.8619990319013596,0.8846697270870209,0.9044291019439697,0.9554253425449133,,,,,,
38.900000000167815,171.76426956921338,28.779845288846342,120.84108982902437,89.11484745311864,117.44728540118912,85.0,18.99703577861344,15.46410612394108,19.4546155599181,0.86809800863266,0.879241955280304,0.843910774588585,0.8872578613460064,0.9003397643566132,0.9487972609698773,,,,,,
38.92000000016848,171.60545831161758,29.06306026478493,121.57143391546037,89.81391301494865,117.38425343431062,85.0,19.3125954616462,15.246515013914822,19.41340785256151,0.8683953166007996,0.8698944330215455,0.8350355595350266,0.8891820348799229,0.8972516119480133,0.9434646531939507,,,,,,
38.94000000016914,171.4615189089708,29.207354598781162,122.17975947536154,90.02245574136404,117.32082256131432,85.0,19.590239182761113,12.587094094906789,19.371939356792637,0.8686906695365906,0.8635899901390076,0.8308416396379471,0.8907379902899265,0.8951981902122498,0.9394361726939678,,,,,,
38.960000000169806,171.35055412054368,29.180351757055927,122.54392854419977,89.96632909283892,117.25705863187397,85.0,19.828758095048116,11.493470827463485,19.330253122419705,0.8690138757228851,0.859649384021759,0.8288806229829788,0.8920354470610619,0.8940166175365448,0.9365932278335094,,,,,,
38.98000000017047,171.2874487140206,28.939044337937652,122.56005030440919,90.04710288481158,117.1930278414202,85.0,20.041376647294314,9.051175740446405,19.288392425292542,0.8693488359451295,0.858008098602295,0.828337249159813,0.8930123902857304,0.893720817565918,0.9351346053183078,,,,,,
39.000000000171134,171.27949549199437,28.460409738409844,122.30657071179479,90.07415899044759,117.12879666242081,85.0,20.15306166065021,1.2502404388518797,19.246400722376503,0.8695142388343812,0.8593032479286195,0.8291994601488114,0.893180301040411,0.8944065809249878,0.9358202025294304,,,,,,
39.0200000001718,171.32684679018348,27.76736271027714,121.90004884459402,89.7377902322572,117.06443177537354,85.0,20.07465637782429,-8.979252704537203,19.20432160663834,0.8695062398910522,0.8637027263641358,0.8319641500711441,0.8925207570195198,0.8961108565330506,0.9386616058647632,,,,,,
39.04000000017246,171.42628850316916,26.915629060257505,121.33296691203851,89.21358409094474,116.99999999958284,85.0,19.813676426233606,-16.450315806802056,19.16219876179096,0.8694296598434449,0.8709442496299744,0.8378711491823196,0.8913341045379639,0.8987681269645691,0.9430611968040467,,,,,,
39.060000000173126,171.5708164326668,25.984238614929062,120.54144130309552,88.7686580739865,116.93556822379257,85.0,19.438691540314156,-20.71811009020217,19.120075916943854,0.8692414343357087,0.8809964537620545,0.8494719654321671,0.8895902402698994,0.9022536396980286,0.9486980520188808,,,,,,
39.08000000017379,171.75557597783876,25.064176193296536,119.53125312785883,88.33760352326178,116.8712033367466,85.0,18.989880305435857,-24.147864957993797,19.077996801206552,0.8689612627029419,0.8932644844055176,0.870120605826378,0.8874359138309956,0.9063685357570649,0.9549581743776798,,,,,,
39.100000000174454,171.97453834071848,24.17335816806729,118.3664702615296,87.7731812562666,116.80697215774937,85.0,18.47479064351639,-27.24067353619781,19.03600509829192,0.8686755299568176,0.906631350517273,0.9010972708463669,0.885168156772852,0.9109060049057007,0.9611429765820503,,,,,,
39.12000000017512,172.21841061474666,23.317104296849845,117.10203671857744,87.14379537001966,116.74294136729863,85.0,17.906045736752414,-29.502175617331606,18.99414440116674,0.8683995127677918,0.9190963983535767,0.9346313685178756,0.8830233134329319,0.9152930736541748,0.9665129981935024,,,,,,
39.14000000017578,172.48175085297814,22.49858559795939,115.78613634087502,86.50802185122862,113.47863132919825,85.0,17.29845486031178,-31.192247251350118,16.860072763667105,0.8681404352188111,0.9281615018844604,0.9608223766088486,0.8807735972106457,0.9187195658683777,0.9694845117628574,,,,,,
39.160000000176446,172.75702383784125,21.722262592899636,114.46983965820358,85.8757636464341,112.90337324094578,85.0,16.661025445001517,-32.48160221015622,16.483992686697373,0.866806972026825,0.9353838324546814,0.9735750645399094,0.8787246711552144,0.9217992424964905,0.9715393468737602,,,,,,
39.18000000017711,173.03572683804762,20.99190973664966,113.22129676907576,85.29754389957681,112.80697215816458,85.0,15.999879739439168,-33.583726494120945,16.420969623879685,0.8656728804111481,0.9408945322036744,0.9821581929922104,0.8769379131495953,0.9242088973522187,0.9731345780193805,,,,,,
39.20000000017777,173.2939189816787,20.312693548734,112.18346149222847,84.73648913704744,112.71102190085203,85.0,15.329122188483979,-33.00982958000305,16.358241292210348,0.8647554397583008,0.9448500633239746,0.9876625508069992,0.8754097990691663,0.9259292423725128,0.9743025988340378,,,,,,
39.22000000017844,173.52745482400113,19.688616933638393,111.27044528355412,84.31626730752564,112.61574656527999,85.0,14.69756633413854,-29.864364301691523,16.295954196614527,0.864122062921524,0.9472647786140442,0.9915852382779121,0.8742968194186688,0.9279981106519699,0.9750307410955429,,,,,,
39.2400000001791,173.74045809029275,19.12587506353881,110.40842850480675,84.03158898090632,112.5213686714093,85.0,14.136156157133154,-26.41429216912199,16.234253811490085,0.8637176036834717,0.9482200860977172,0.9941772148013115,0.8734472565352918,0.9298887580633164,0.9753421753644943,,,,,,
39.260000000179765,173.9353354038438,18.67025896373502,109.60407205820911,83.72970484851773,112.42810864318417,85.0,13.635064098620083,-23.764347006487707,16.173284240945403,0.8635585069656373,0.948132848739624,0.9953535079956055,0.8729980163276196,0.930747801065445,0.9753416270017624,,,,,,
39.28000000018043,174.11709445752658,18.350970809199747,108.85882347351126,83.36434677718478,112.33618429372176,85.0,13.187657805809012,-20.839325248308608,16.113187882237543,0.863516092300415,0.947521197795868,0.9957308769226074,0.8727317862212658,0.9314224183559418,0.9751853674650193,,,,,,
39.30000000018109,174.2612199763659,18.178206197223492,108.33170867650234,83.03250640949467,112.24581031659959,85.0,12.81185537875184,-16.2803621046715,16.054105093196863,0.863530844449997,0.9467681765556335,0.9958247303962707,0.8725853495299817,0.9323255240917205,0.9749841660261154,,,,,,
39.32000000018176,174.34661693735535,18.154535410853438,108.09058437075534,82.9359968788523,112.15719778442875,85.0,12.554903453277353,-9.133394796078033,15.996173864414786,0.8637926280498505,0.9451458215713501,0.9943443834781647,0.8728903584182263,0.9327709347009658,0.9745198100805282,,,,,,
39.34000000018242,174.36872206488528,18.27485871320546,108.09728766848941,83.13293169800228,112.07055365588405,85.0,12.445991067851141,-2.009258645523492,15.939529496960432,0.8642496824264527,0.9419588804244995,0.989635968208313,0.8733548752963544,0.9313993811607361,0.9736230939626693,,,,,,
39.360000000183085,174.32668358657213,18.527480807689106,108.38571654592621,83.4593529818293,111.9860802923424,85.0,12.463170178306605,3.5479886359985153,15.884304286378608,0.8650236248970032,0.9371180772781372,0.9813486635684967,0.8743140868842603,0.9281887412071228,0.9722630351781845,,,,,,
39.38000000018375,174.22457879046289,18.899496300999797,108.94793284191933,83.851970294711,111.90397498525844,85.0,12.587889452018004,9.023906358539584,15.830627213707526,0.8660058796405793,0.9303625702857972,0.9679892748594284,0.8754559747874737,0.9236089527606964,0.9703959435224533,,,,,,
39.40000000018441,174.06628266761464,19.385203157860822,109.7089676188124,84.35896352177838,111.82442949538131,85.0,12.82584873661671,14.781141494863261,15.778623644237577,0.8661068618297577,0.9234622478485107,0.9443400204181671,0.8771833829581738,0.9191139876842499,0.9688386529684067,,,,,,
39.42000000018508,173.85920769776678,19.965783404280085,110.59555755007588,84.9159211973693,111.74762960488835,85.0,13.179352785535416,20.49922575930337,15.728415034714846,0.8662704944610596,0.9157818555831909,0.9162377387285233,0.8793973378837109,0.9141314655542374,0.9671133846044541,,,,,,
39.44000000018574,173.613987848719,20.594174023139818,111.558635923035,85.58907458745556,111.67375468348239,85.0,13.635909786605376,24.7307438694962,15.680118649673332,0.8666675925254822,0.9041339635849,0.8855481639504433,0.8816598884761334,0.9080678522586823,0.9621121615171433,,,,,,
39.460000000186405,173.344162379119,21.216656211341668,112.59686510641228,86.28886225709127,111.60297726946538,85.0,14.149507414580073,26.21730824275558,15.633847287558126,0.8669998764991761,0.8923171162605286,0.860161691904068,0.8838085286319256,0.903882697224617,0.9566858060657978,,,,,,
39.48000000018707,173.05867936134197,21.783823796836764,113.67678745748256,86.89441400747678,111.5354626667673,85.0,14.675314597476802,26.300790001033693,15.58970901727946,0.8673454880714417,0.8816998481750489,0.8451966628432275,0.8858833521604538,0.9004945129156113,0.9513176806271076,,,,,,
39.50000000018773,172.7739364476072,22.252018686908812,114.68291272656727,87.41299010450061,111.47136855887106,85.0,15.201117672006545,26.22772064503848,15.547806925812743,0.8676394045352936,0.873084318637848,0.8367016837000847,0.8876595236361027,0.8977131754159927,0.9465426124632359,,,,,,
39.520000000188396,172.51054151026077,22.58625391244196,115.48882643374712,87.8116197553978,111.41084464053547,85.0,15.718122975936964,25.218398940180716,15.508238877434135,0.8679555118083955,0.86701580286026,0.8324148938059808,0.8891848877072335,0.8958182960748673,0.9427792154252529,,,,,,
39.54000000018906,172.28583516078743,22.755526670712094,116.02964720564802,88.02671486469444,111.35403226817623,85.0,16.19775636592768,22.3799710655588,15.471097285154045,0.8682926952838899,0.863776296377182,0.830726419389248,0.8903742901980877,0.894958582520485,0.9404615700244904,,,,,,
39.560000000189724,172.11158160927053,22.727506621288047,116.30972712727558,88.10820336158571,111.3010641297214,85.0,16.596070511036917,16.971997833731894,15.43646889488221,0.8685755848884583,0.8635050296783447,0.8308965668082238,0.8910193175077439,0.8951563149690628,0.9399721346795559,,,,,,
39.58000000019039,171.99322355852598,22.49304913874616,116.38269928844639,88.05517755733048,111.25206393471265,85.0,16.859238420482946,9.019466287136748,15.404434582828639,0.8687479257583619,0.8662218153476715,0.8329634830355644,0.890996377170086,0.8963717609643936,0.9414230532944202,,,,,,
39.60000000019105,171.93057866387056,22.076160237747906,116.29445835395536,87.86324986577735,111.20714612537589,85.0,16.95106672941308,0.20180635234236272,15.375069166613457,0.8687975645065308,0.8718946337699891,0.8377992853522301,0.8903117969632149,0.8985435515642166,0.9446412548422813,,,,,,
39.620000000191716,171.91930486910024,21.522451213461757,116.04937090954255,87.59750048955419,111.16641560933608,85.0,16.874217170892937,-7.632857567120963,15.348441230526895,0.8687075853347779,0.8803203761577607,0.8471957966685295,0.8890031635761261,0.901523569226265,0.9492449440062046,,,,,,
39.64000000019238,171.95478279042288,20.902346871834357,115.63640990534236,87.30538219773138,111.12996751460072,85.0,16.656478175048342,-13.876588362045371,15.324612965347491,0.8685063302516938,0.8911174833774567,0.8640334710478783,0.8872099027037621,0.9051847726106644,0.9547274053096771,,,,,,
39.660000000193044,172.03024778374225,20.2860371210501,115.05864760629136,86.95367728679597,111.09788696738391,85.0,16.329599521670012,-18.531700299415757,15.30364002309269,0.8682334065437317,0.9033453822135925,0.8901170119643211,0.8851319506764412,0.9092898041009904,0.9604531601071358,,,,,,
39.68000000019371,172.13833016196,19.688374916176898,114.3274830899895,86.53651395881016,111.07024889329014,85.0,15.926872421895236,-21.490028726817805,15.2855713870409,0.8679153621196747,0.9155587434768677,0.9217265114188194,0.8829727970063687,0.9134602576494217,0.9658007949590683,,,,,,
39.70000000019437,172.2735080270585,19.11442207871489,113.46984316589756,86.12746065513466,111.04711784232207,85.0,15.47524952209868,-23.656539322490886,15.270449257328842,0.8676642656326294,0.9253189206123352,0.9503901228308678,0.8807784385979176,0.9170693844556809,0.969195818156004,,,,,,
39.720000000195036,172.42947067598286,18.567524359706468,112.54806445992251,85.6832425713123,111.02854783812103,85.0,14.979823865959057,-25.871000076412965,15.258308952391157,0.8668441951274872,0.9325767517089844,0.9679600223898888,0.8786063179373742,0.9200419932603836,0.9710714876651764,,,,,,
39.7400000001957,172.60155670222235,18.05116930564117,111.61636683660593,85.17417851983659,111.01458225179229,85.0,14.444908431267278,-27.412758183827314,15.249178826472555,0.865597677230835,0.9389577269554138,0.9785559639334679,0.8766935110092163,0.9228194862604141,0.9728981256484985,,,,,,
39.760000000196364,172.77867463646933,17.56972365936146,110.71312828363726,84.66208416649789,111.00525370060981,85.0,13.893813511596367,-27.381758083140028,15.24308020340516,0.8645161867141724,0.9440900325775147,0.9861843928694725,0.8749947383999825,0.9251395851373673,0.9743896827101708,,,,,,
39.78000000019703,172.94225560414418,17.12755537155844,109.92053657153686,84.25015424221444,111.00058397183713,85.0,13.36465804874639,-25.20858995149976,15.24002732680573,0.863640171289444,0.9478946924209595,0.9918449237942696,0.8735741391777992,0.9282488048076629,0.9755181297659874,,,,,,
39.80000000019769,173.0900578124037,16.72890958324436,109.17757386518011,83.98362348191408,111.00058397184218,85.0,12.890972930672874,-22.21311949438234,15.240027326809031,0.8629722476005555,0.9502645373344422,0.9962401449680328,0.8723838999867439,0.9308956086635589,0.9762456998229027,,,,,,
39.820000000198355,173.22360865010953,16.411128588894126,108.47888766693117,83.74293060750017,111.00525370062492,85.0,12.47055121355652,-19.955666917664807,15.243080203415037,0.8624589920043946,0.9515417814254761,0.9990027710795403,0.871342708170414,0.9323164105415345,0.9766619190573692,,,,,,
39.84000000019902,173.34653295516546,16.208293438099584,107.8358058679248,83.44143175414348,111.01458225181743,85.0,12.092111729509053,-17.790767901507238,15.24917882648899,0.8620950281620026,0.9520955801010131,1.0,0.8705189958214761,0.9332479536533356,0.9768626436591148,,,,,,
39.86000000019968,173.44769933218257,16.13379032201297,107.33644383861275,83.13545998791241,111.02854783815614,85.0,11.766484455286118,-14.401608456857486,15.258308952414115,0.8617998003959656,0.9522133708000183,1.0,0.8697686925530435,0.9341547071933747,0.9769357427954674,,,,,,
39.88000000020035,173.4986457410611,16.19454521525645,107.11108109322602,83.00819236752149,111.04711784236707,85.0,11.534963044355248,-8.373003421075813,15.270449257358266,0.8616772174835206,0.9516829490661621,1.0,0.8693106308579446,0.9347779929637909,0.9768094882369042,,,,,,
39.90000000020101,173.49317317351532,16.390311612936458,107.12555509670804,83.18466826367109,111.07024889334492,85.0,11.434872026453945,-1.8336427761832166,15.285571387076715,0.8617554545402527,0.9498073101043701,0.9996096283197403,0.8690475180745125,0.9338673770427703,0.9762953743338585,,,,,,
39.920000000201675,173.42771505201839,16.714335429567516,107.42619520138012,83.5294370713448,111.09788696744836,85.0,11.450385992526328,3.181987780407959,15.303640023134822,0.8620932459831239,0.9464426517486573,0.9943595409393311,0.8691204383969308,0.9309738576412201,0.9753577217459679,,,,,,
39.94000000020234,173.30287263105262,17.154553460260964,108.02709516028015,83.94696374560199,111.12996751467469,85.0,11.562006839438768,8.142262199896745,15.32461296539585,0.8627179861068726,0.9415086269378662,0.9855008780956268,0.8696167066693307,0.9267520904541016,0.9739860996603966,,,,,,
39.960000000203,173.1208321257207,17.694542602907404,108.84836806116704,84.50908015621187,111.16641560941937,85.0,11.782680203750497,13.9787299296967,15.348441230581347,0.8635848164558411,0.9349239945411683,0.9720792502164841,0.8704398050904274,0.9216210126876831,0.9721775516867638,,,,,,
39.98000000020367,172.88738998211446,18.317519464648026,109.820979053612,85.21799469013197,111.20714612546833,85.0,12.116307802276458,19.13291690418868,15.375069166673892,0.8640202760696412,0.9277753829956055,0.9510943114757537,0.8717533126473427,0.9160516887903214,0.970427106320858,,,,,,
40.00000000020433,172.61151355263883,19.009387882714098,110.92466673148127,85.9126106691752,111.25206393481402,85.0,12.5388057305012,23.039366831254597,15.404434582894908,0.8640458226203919,0.9206763505935669,0.9241755679249763,0.8734595134854317,0.9111564040184021,0.9688696883618831,,,,,,
