curr_time,press_pos,press_neg,act_pos_press,act_neg_press,ref_act_pos,ref_act_neg,ctrl_ch_pos,ctrl_ch_neg,ctrl_act_pos_in,ctrl_act_pos_out,ctrl_act_neg_in,ctrl_act_neg_out
0.019999999999999823,102.80046083479571,95.4254319107495,101.325,101.32455785114277,130.0,70.0,0.9591174393892288,0.9307933211326599,0.9570255697006359,0.8999953165650367,0.9122121572494507,0.9771706261439248
0.019999999999999823,102.80046083479571,95.4254319107495,101.325,101.32455785114277,130.0,70.0,0.9584325730800628,0.9317476063966751,0.9577815354336053,0.8993459984660148,0.9126051992177963,0.9783501253928989
0.019999999999999823,102.80046083479571,95.4254319107495,101.325,101.32455785114277,130.0,70.0,0.9586578607559204,0.9324424237012863,0.9588631302118301,0.8986229062080383,0.9127131670713424,0.9793699438683688
0.019999999999999823,102.80046083479571,95.4254319107495,101.325,101.32455785114277,130.0,70.0,0.9589238822460174,0.9329881995916366,0.9600343198515474,0.8980108350515366,0.912897752225399,0.9804090651683509
0.019999999999999823,102.80046083479571,95.4254319107495,101.325,101.32455785114277,130.0,70.0,0.9592102348804473,0.9333631366491317,0.9611473058350384,0.8975776091217994,0.9131631657481193,0.9814143909141421
0.03999999999999961,105.17064934484782,90.16876897474273,101.32985601403699,101.27006114170604,130.0,70.0,0.9594814330339432,0.9335277080535889,0.9622757142409682,0.8973329335451126,0.9134946465492249,0.9823976060375571
0.060000000000000185,107.71982160896982,85.396908147392,101.36548047960653,100.93934140443437,130.0,70.0,0.9601402282714844,0.9384461820125579,0.9637346398085356,0.8927417248487473,0.9114259660243987,0.9843353847041726
0.07999999999999834,110.21528906554747,81.10297216444711,101.46544112156555,100.16909168308953,130.0,70.0,0.9621006727218627,0.9437715917825699,0.9654160853475332,0.8881629437208175,0.9091662004590034,0.9867636080831289
0.09999999999999613,112.58018646663125,77.27258906743772,101.66205598200487,98.9144084514442,130.0,70.0,0.9638455837965011,0.9490708321332931,0.9671551587060093,0.8836916252970696,0.9072044551372528,0.9889841787517071
0.11999999999999393,114.79305437141932,73.87100798731001,101.98329100383198,97.22070901690907,130.0,70.0,0.9650985956192016,0.9540550470352173,0.968414270877838,0.8796886295080185,0.9052656561136245,0.990944342687726
0.13999999999999174,116.85197470109013,70.84745357797917,102.45102421765777,95.18690108794353,130.0,70.0,0.9664582341909408,0.9577045232057572,0.9698927715420722,0.8769373401999473,0.9043147951364517,0.9919597867876291
0.15999999999998954,118.75686587818393,68.14651665977873,103.08071188035645,92.93129090122973,130.0,70.0,0.9705808252096175,0.9592108339071274,0.973876030743122,0.8760983005166053,0.9085903838276863,0.9900196846574545
0.17999999999998734,120.51506886277635,65.71765130065191,103.8828448860062,90.56463166775629,130.0,70.0,0.973022449016571,0.9603433161973953,0.976772917062044,0.8753969028592109,0.9120521456003189,0.9881638340651988
0.19999999999998513,122.13455246291072,63.51757780504486,104.86385078459588,88.17560927018756,130.0,70.0,0.9741291999816895,0.9610796809196472,0.9786922577768564,0.8748996168375015,0.9143854036927223,0.9865853674709797
0.21999999999998293,123.6209415675101,61.51543413771031,106.02633805525636,85.82668461026951,130.0,70.0,0.974038416147232,0.9614401698112488,0.9795780919492244,0.8746759161353111,0.9148079141974449,0.9855750977993011
0.23999999999998073,124.98091565172776,59.688235786628525,107.3687850838529,83.55594012150434,130.0,70.0,0.9725998580455779,0.9613967627286911,0.9795429393649101,0.8746681556105613,0.9138473615050315,0.9851281311362982
0.25999999999998963,126.22315357540494,58.01802145596589,108.88634633599798,81.38071942523614,130.0,70.0,0.9693510234355927,0.961103418469429,0.9788297735154629,0.8745551183819771,0.9131314933300018,0.9852189250290393
0.28000000000000963,127.35729064766694,56.49382906495892,110.572900751748,79.30114085170183,130.0,70.0,0.9671740353107452,0.9618134438991547,0.9801196612417697,0.8744767174124718,0.9115116268396377,0.9850234847515821
0.30000000000002963,128.38912489600511,55.103559330351814,112.41987513426699,77.3171597940546,130.0,70.0,0.9634608209133148,0.9632440984249114,0.9811553481966256,0.8772635817527771,0.9122323766350746,0.985237305983901
0.32000000000004963,129.32861509807245,53.83441218358449,114.41484778412746,75.43048298926533,130.0,70.0,0.9598563969135284,0.9645186126232147,0.9824109360575676,0.8798290610313415,0.9138702988624573,0.9849364895373582
0.34000000000006964,130.1818951135999,52.67337024757218,116.54072624890308,73.64197234712705,130.0,70.0,0.9565236538648605,0.9657105505466461,0.9824736997485161,0.884614323079586,0.91715227663517,0.9828541442751884
0.36000000000008964,130.960761110642,51.607710019277334,118.77553929409301,71.95008347997413,130.0,70.0,0.9544691354036331,0.9659150779247283,0.9809813611209393,0.8923880398273468,0.92300745844841,0.9763788670301436
0.38000000000010964,131.67285150028397,50.62417328796941,121.09334838508616,70.35092140553026,130.0,70.0,0.952526330947876,0.9657935738563537,0.9785803560167551,0.9014080315828323,0.9286378711462021,0.9670286629348993
0.40000000000012964,132.33117394554134,49.70902844355857,123.46643558468924,68.84312186563469,130.0,70.0,0.9508804112672805,0.9659265398979187,0.9749700646847486,0.9116486072540283,0.9313333749771118,0.9590747632086277
0.42000000000014964,132.94409277546404,48.84786770443141,125.86519727746192,67.43521779969701,130.0,70.0,0.9506771802902222,0.9669564902782439,0.9722914855927228,0.9255076527595519,0.9354639127581322,0.9489998497068882
0.44000000000016964,133.51989733471595,48.03261570634226,128.25787090404864,66.12189547320415,130.0,70.0,0.9502258449792862,0.9676201939582825,0.9692960135638713,0.935825216770172,0.9405384106124984,0.9342102654278278
0.46000000000018965,134.0677710377978,47.257780745979744,130.6083132534898,64.89895110099906,130.0,70.0,0.9507104843854904,0.966886019706726,0.9685340918600559,0.9449172884225845,0.9443111500469967,0.9222739301621914
0.48000000000020965,134.59699471606677,46.518260371789005,132.87239013138944,63.77009257254329,130.0,70.0,0.9550440579652786,0.9651666879653931,0.9707058496773242,0.9484959108158364,0.9491422849241644,0.909288927167654
0.5000000000002296,135.1164098320937,45.80835245036524,134.99397534130665,62.74553261872965,130.0,70.0,0.9574034988880157,0.9638540506362915,0.9718528605997562,0.9516397561033955,0.9510406818124465,0.9025598414242267
0.5200000000002274,135.6326658625552,45.12331075595809,136.89671827884152,61.837913628330554,130.0,70.0,0.955089807510376,0.9621435165405273,0.970501134544611,0.9545742625603452,0.9511367759667336,0.8999853990972042
0.5400000000002252,136.15543645392455,44.45850233533612,138.4867582414774,61.06327482196149,130.0,70.0,0.9524688422679901,0.9598244249820709,0.9689404733479022,0.9565687311114743,0.9518273412715643,0.8975431092083453
0.560000000000223,136.6917678308963,43.80695931552362,139.6787917420988,60.442339224171214,130.0,70.0,0.9502071231603623,0.9572109073400498,0.9673448897898197,0.9576295521110296,0.9529238611459732,0.8951019145548343
0.5800000000002208,137.24214451684017,43.16287032005275,140.40503809841624,59.997812042467835,130.0,70.0,0.9491098940372467,0.9546769350767136,0.9659500785171985,0.9575657926499843,0.9542860314715653,0.8924454323947429
0.6000000000002186,137.80570561315866,42.51954573023607,140.62308744489707,59.75257305285346,130.0,70.0,0.9494584202766418,0.9522506535053253,0.9649020232260227,0.9558559070341289,0.9558863784652203,0.8895642884075642
0.6200000000002164,138.3806579305042,41.870941311923104,140.31483050784578,59.722888948444,130.0,70.0,0.9520509541034698,0.949800992012024,0.9651859261095523,0.9482878323178738,0.9572252983693034,0.8860403887927532
0.6400000000002142,138.96463928477363,41.213693014764196,139.48288216594193,59.914746367438646,130.0,70.0,0.9560179859399796,0.9475868999958038,0.965893242508173,0.9384358268696814,0.9587092239409685,0.882753887027502
0.660000000000212,139.5542481708595,40.545857726203366,138.1484548999298,60.325527165835496,130.0,70.0,0.9619150727987289,0.9457620680332184,0.9670796014368533,0.9268017653841525,0.9600525233894587,0.8801499314606189
0.6800000000002098,140.1417664059634,39.867060261182985,136.3610043749081,60.94645114121052,130.0,70.0,0.9673261702060699,0.9427707076072692,0.9671972431242466,0.9192476873286068,0.9601194635033607,0.8807078711688519
0.7000000000002076,140.7209661303876,39.17695765035782,134.2022329036307,61.76470074262994,130.0,70.0,0.9723749190568923,0.9392200171947479,0.9661457099020481,0.9093240772373974,0.958716826327145,0.8807170085608959
0.7200000000002054,141.28434480209626,38.476474367242034,131.77230955123414,62.765165369002986,130.0,70.0,0.9758089959621429,0.9375567257404327,0.9640052624046802,0.902218220476061,0.9572113479487597,0.8816265724599361
0.7400000000002032,141.82125869650065,37.765926879296025,129.1877587844178,63.93168188298323,130.0,70.0,0.9772106736898422,0.9398607522249222,0.9622515179216862,0.8970043716020882,0.9501277864910662,0.8870084024965763
0.760000000000201,142.32353072853618,37.046638835934424,126.57724263462462,65.24772803106669,130.0,70.0,0.9765281319618224,0.9415161848068238,0.9585014633834362,0.8923373726196587,0.9399003793485462,0.8972227551043034
0.7800000000001988,142.7799616651195,36.31969159206934,124.07347606918125,66.69875675616088,130.0,70.0,0.9758661717176437,0.9421679437160492,0.9563782781362533,0.8888579842634499,0.9340147365815937,0.9065410800278186
0.8000000000001966,143.1859433641552,35.584340532038006,121.79858809258734,68.27220853145863,130.0,70.0,0.9746066510677337,0.9431745409965515,0.9541767489165067,0.886082720477134,0.9262039218097925,0.9194773562252522
0.8200000000001944,143.5360387056214,34.84351558301439,119.85661858681325,69.9427822183183,130.0,70.0,0.9730112552642822,0.9441161394119263,0.9519947394728661,0.8839764264412224,0.9185923985205591,0.9341535054147243
0.8400000000001921,143.824031171541,34.104300235861785,118.32503314419094,71.67257878585637,130.0,70.0,0.9714811444282532,0.9450736254453659,0.9498187661170959,0.8826477629132569,0.9117302126251161,0.9488595522940159
0.86000000000019,144.04923957799605,33.380954727628726,117.2513601674328,73.40332987505897,130.0,70.0,0.9701150238513946,0.9463013976812362,0.9491849310696124,0.8813128408975899,0.9071743420325219,0.9615983217954636
0.8800000000001877,144.21531361818674,32.693975918701724,116.65246673556105,75.05402176421687,130.0,70.0,0.9671804010868073,0.9486575216054917,0.9493864208459853,0.8821105164475739,0.9049577913247049,0.9701512482017278
0.9000000000001855,144.32523638554244,32.06565585817759,116.5199193556111,76.5358762095229,130.0,70.0,0.9612561076879501,0.950591117143631,0.9482946433126926,0.8844496798701584,0.9019486836157738,0.978698094934225
0.9200000000001833,144.3853802833159,31.51861121399972,116.8247860025737,77.75419818200663,130.0,70.0,0.9543314933776855,0.9521592080593109,0.9469931349158287,0.8875316274352372,0.9000306985341012,0.9846770484000444
0.9400000000001811,144.40293877650436,31.073214183800054,117.52227999977961,78.61905895137362,130.0,70.0,0.9497759848833084,0.9532076388597488,0.9443541921675205,0.889055882114917,0.8971335551701486,0.9856360431760549
0.9600000000001789,144.38613283853422,30.742273183120115,118.55707578829531,79.06338429621592,130.0,70.0,0.9471063911914825,0.9535780608654022,0.9426401108503342,0.8895105478353799,0.8956999546848238,0.9839297547936439
0.9800000000001767,144.3446308332692,30.52677464219126,119.8703274053331,79.05885972097902,130.0,70.0,0.9460701555013656,0.9538301438093185,0.942544787377119,0.8885983821935951,0.8953063449822366,0.9798514794558286
1.0000000000001745,144.29000411539946,30.41624457433306,121.40310156956879,78.61939618388517,130.0,70.0,0.9447779208421707,0.9544836103916168,0.9441899560391903,0.8882834729738533,0.8970666295848787,0.9718650098890066
1.020000000000128,144.23062863386042,30.393128826922283,123.09584353365058,77.78771127884848,130.0,70.0,0.9416246265172958,0.9535163789987564,0.9458974055945873,0.8872866657562554,0.9010791472159326,0.9597092375159263
1.0400000000000813,144.1754794412476,30.43618474511754,124.88910813092048,76.62524302638796,130.0,70.0,0.9369536578655243,0.9514470279216766,0.946958952397108,0.8859949094243348,0.905567707773298,0.9459604062139988
1.0600000000000347,144.13312291042462,30.52472902269154,126.7250957584188,75.19786421415202,130.0,70.0,0.9299958378076553,0.950639522075653,0.9462694838643074,0.8870978740043938,0.9090495190583169,0.9385259442031383
1.079999999999988,144.11074959657944,30.646731786176126,128.55227687149807,73.55088269064802,130.0,70.0,0.9241933211684227,0.9506492674350738,0.9484104923903942,0.8918272790499031,0.9208273983560502,0.9212237749248743
1.0999999999999415,144.11358286404754,30.791989863060202,130.325648597215,71.72715032904226,130.0,70.0,0.9185258090496063,0.9512182712554932,0.9509954154491425,0.8978043627925217,0.9324416718445718,0.9066277008503675
1.1199999999998949,144.14488356342287,30.94973325810395,131.99592307042226,69.77426486982374,130.0,70.0,0.9129764348268509,0.9520531535148621,0.9533826261758804,0.9048736931756138,0.9432363024912774,0.8959099099040031
1.1399999999998482,144.206984003965,31.1075439272731,133.5568737834202,67.74581623682191,130.0,70.0,0.9091147288680076,0.9535971045494079,0.9549695909023285,0.9132154813967645,0.9509015680290759,0.8894573599100113
1.1599999999998016,144.3014091557014,31.252389099234165,135.01181825774685,65.69981139229891,130.0,70.0,0.9084895282983779,0.9554419189691543,0.9578357189893723,0.9224507595412433,0.9592565395869315,0.8864939883351326
1.179999999999755,144.42894621027668,31.371669960494273,136.36528211811657,63.69621562695141,130.0,70.0,0.9122965842485428,0.9545589268207549,0.9633478462696075,0.9295595021918416,0.9650311215780675,0.8859532907605171
1.1999999999997084,144.59027616077825,31.45304926123523,137.62509234966893,61.80559284260739,130.0,70.0,0.9192616194486618,0.9528082937002181,0.9709322214126587,0.9347483277320862,0.9704710166901349,0.8857513427734375
1.2199999999996618,144.78518739054758,31.485443054158914,138.79115208119146,60.10497199803159,130.0,70.0,0.9169841289520263,0.949867832660675,0.9721975088119507,0.9396843573078513,0.9724209278821945,0.8861905008554458
1.2399999999996152,145.01302803611676,31.460908523021352,139.8363073503714,58.6676582979874,130.0,70.0,0.914075993001461,0.9469335496425628,0.9717759639024734,0.9442055441439151,0.973093270510435,0.8858191311359406
1.2599999999995686,145.27229236893112,31.375597242137076,140.74394614605916,57.553658360110354,130.0,70.0,0.9113452583551407,0.9438742578029632,0.971413704752922,0.9479725203476846,0.973537703603506,0.8846730589866638
1.279999999999522,145.55975090098474,31.23000882830711,141.49083307695975,56.80591365224514,130.0,70.0,0.9111477315425872,0.9411171793937683,0.9721818536520004,0.9510825567878782,0.9750078223645686,0.8833310157060623
1.2999999999994754,145.86996407017133,31.027679249655176,142.05289937451568,56.448379987146645,130.0,70.0,0.9104478314518928,0.9388413071632385,0.9735331863164901,0.9519463608041405,0.9767988316714763,0.8840293154120445
1.3199999999994287,146.1968271452939,30.76933515719692,142.41036994660803,56.49908371300078,130.0,70.0,0.9120579525828362,0.9364901810884475,0.9732146829366684,0.9514218978583813,0.9770947659388184,0.8833255439996719
1.3399999999993821,146.5329807104226,30.45017545980894,142.5458063169478,56.98021859171279,130.0,70.0,0.9146154746413231,0.9344270259141921,0.9720171838998795,0.9501004388555884,0.9768441179767251,0.8820840299129485
1.3599999999993355,146.87229618034615,30.07903039470301,142.4450888071211,57.86213784115519,130.0,70.0,0.9174281284213066,0.9328294575214385,0.9702264249324798,0.9484301887452602,0.9762111535295843,0.8813359126448631
1.379999999999289,147.2095991580902,29.666249682678785,142.1005830704578,59.09956775363997,130.0,70.0,0.92046530097723,0.9316946148872375,0.9679409146308898,0.9463653331622481,0.9752626433968543,0.8809142112731934
1.3999999999992423,147.5396876658912,29.22349862098741,141.51457755532303,60.63868645830867,130.0,70.0,0.9235897973179817,0.9309653133153916,0.9652739137411117,0.9439713347703218,0.9741655550897121,0.8806512117385864
1.4199999999991957,147.85844100252444,28.76484613582228,140.70261884933612,62.411460063191505,130.0,70.0,0.9261960506439209,0.9300794333219528,0.962343180179596,0.9385056046769022,0.9725495990365743,0.8815890640020371
1.439999999999149,148.16221860924193,28.296599631401968,139.69264129203597,64.37101401607754,130.0,70.0,0.9272912055253982,0.9290183693170547,0.9570877939462662,0.9292373431846499,0.9687818452715873,0.8834115222096443
1.4599999999991025,148.44518501667667,27.8209821834006,138.52204837362095,66.47775500996045,130.0,70.0,0.93306385576725,0.9292632281780243,0.9502021163702011,0.9200900146737695,0.9628534995019435,0.8854693531990051
1.4799999999990558,148.70446174691145,27.341021220497375,137.23401421558717,68.69406485658472,130.0,70.0,0.9392848283052444,0.9331323772668838,0.9425951167941093,0.9158075220882892,0.9487003922462464,0.8924653008580208
1.4999999999990092,148.93686082976086,26.858884886498686,135.87395551443197,70.98477843658169,130.0,70.0,0.9430372297763824,0.9377265632152557,0.9367136225104332,0.9133311033248901,0.9372943252325058,0.8979605972766876
1.5199999999989626,149.13837556184544,26.378536903824493,134.4874733903749,73.3128619111068,130.0,70.0,0.9461138486862183,0.9423512637615203,0.9316761165857315,0.9124349750578403,0.9244423329830169,0.9046239800751209
1.539999999998916,149.30607935693678,25.90844093762949,133.12211963721958,75.63071266406644,130.0,70.0,0.947872993350029,0.9467104882001877,0.9284817844629287,0.9108511663973331,0.9123658567667007,0.9136515825986862
1.5599999999988694,149.43866373726098,25.454183172983345,131.82630371494545,77.89875301148156,130.0,70.0,0.9479237139225006,0.9496976375579834,0.9255895942449569,0.9080169705674052,0.902214401960373,0.9255807474255562
1.5799999999988228,149.53802375085806,25.020352432726682,130.64084254233492,80.08133356224154,130.0,70.0,0.9423225551843643,0.9502981394529343,0.9232088923454285,0.9038360867649317,0.8952612489461899,0.9380450520664453
1.5999999999987762,149.60753210957526,24.61564544075843,129.58873182114488,82.13043943951521,130.0,70.0,0.9400372862815857,0.9493507027626037,0.920696359872818,0.8982211263850332,0.8892156302928924,0.946062920242548
1.6199999999987296,149.64932362911358,24.250955774649686,128.67569770630323,83.99075533498328,130.0,70.0,0.9396695286035538,0.9476718008518219,0.91828875541687,0.8939165296033025,0.8851936087012291,0.954761815816164
1.639999999998683,149.6665165591396,23.94027533002579,127.8941889820938,85.59929310908208,130.0,70.0,0.9380544722080231,0.9467741638422013,0.9159277454018593,0.8918287785723805,0.8825541362166405,0.9624578982591628
1.6599999999986363,149.66292593783768,23.70124027234812,127.23042471895815,86.88357103594421,130.0,70.0,0.9365409284830093,0.9459682762622833,0.914610481262207,0.8895778240635991,0.8806380867958069,0.9687251880764961
1.6799999999985897,149.64543978774793,23.5541000895969,126.66955615241707,87.76588721554693,130.0,70.0,0.9349539369344712,0.9451912760734558,0.9143755868077278,0.8870485635474324,0.8792244732379914,0.973796635121107
1.6999999999985431,149.61998930957972,23.514829610768366,126.19904506881959,88.18260870861302,130.0,70.0,0.9313673138618469,0.9432759642601013,0.9166853509843349,0.8832082929089665,0.8797046601772308,0.972314665466547
1.7199999999984965,149.59350264765806,23.587414724499233,125.80953077213704,88.10678389582019,130.0,70.0,0.931130251288414,0.9421012103557587,0.9198362872004509,0.880570581741631,0.8806039556860924,0.9719864502549171
1.73999999999845,149.5727569395062,23.765467146368177,125.49275968070238,87.54506478841608,130.0,70.0,0.9351273328065872,0.9415246069431304,0.9241872504353523,0.8789351137354969,0.8819767862558364,0.9684025116264819
1.7599999999984033,149.5638991015728,24.03462912214185,125.23988419113765,86.53232666414486,130.0,70.0,0.938968551158905,0.941960734128952,0.929293342679739,0.8780454965308309,0.8841856077313422,0.9636682294309139
1.7799999999983567,149.57224934485203,24.374441933450235,125.04240636602148,85.12504243100224,130.0,70.0,0.9439047276973724,0.9426446437835693,0.934610529243946,0.877110961265862,0.886748431622982,0.9568994000554084
1.79999999999831,149.60342438024261,24.76304797626174,124.8936061023991,83.39033863522933,130.0,70.0,0.9437996566295623,0.9410036861896515,0.93778617978096,0.8759486706927418,0.889729505777359,0.9434712089598178
1.8199999999982635,149.65910650625204,25.181580549732875,124.79023483913065,81.38915716899551,130.0,70.0,0.9425556480884552,0.9398164510726928,0.9392259292304516,0.8753643514588475,0.8920498132705689,0.9325022235512733
1.8399999999982168,149.74030876469493,25.613440492355046,124.7326087178939,79.17957821993458,130.0,70.0,0.9398205637931824,0.9399822384119033,0.9399156905710697,0.8756246643140911,0.8940955922007561,0.9254179686307907
1.8599999999981702,149.8455921450417,26.043467751676523,124.72529544203987,76.8194140793427,130.0,70.0,0.9345559775829315,0.9401462376117706,0.9439035765826702,0.8765744881704449,0.9034114986658096,0.9101503007113934
1.8799999999981236,149.97113049019322,26.457983840807596,124.77808885125295,74.40427953549548,130.0,70.0,0.926549369096756,0.9408147871494293,0.9478485696017742,0.8786540629342198,0.9143751710653305,0.9004466965794563
1.899999999998077,150.1147571743264,26.844315644226842,124.9055667201123,72.00592907436855,130.0,70.0,0.9162790790200234,0.9403713911771774,0.9507205694913864,0.8813069330528378,0.9247024044394493,0.9000738359987736
1.9199999999980304,150.26710265543144,27.189636701812695,125.12279160102811,69.65918679597078,130.0,70.0,0.9072677060961724,0.940400117635727,0.9537637680768967,0.8845003934577107,0.9350902378559113,0.9008986443281174
1.9399999999979838,150.42308271470142,27.481768555616576,125.4199410050579,67.39867067120677,130.0,70.0,0.9051845282316208,0.9422296971082688,0.9569692872464657,0.8884949626401066,0.9415757348760962,0.9011844873428344
1.9599999999979372,150.57888668595487,27.711632771254155,125.79463644699872,65.25620624321006,130.0,70.0,0.9037765920162201,0.9442091047763824,0.9582953445613384,0.8939728828147053,0.9482440249994397,0.899528594315052
1.9799999999978906,150.7316003093474,27.871172857601824,126.26827587436229,63.2631786225011,130.0,70.0,0.9039733409881592,0.9433725237846374,0.9602865070104599,0.8978773118928075,0.955413905531168,0.8977909252047539
1.999999999997844,150.87971860020016,27.95534840446329,126.86194290204942,61.445196986019965,130.0,70.0,0.9066030144691467,0.9403535097837448,0.9630440101027489,0.9017338501289487,0.9603166796267032,0.8959076389670372
2.0199999999977973,151.0235551817455,27.955428148306485,127.59383143439149,59.85418067084393,130.0,70.0,0.9087922468781471,0.9375812947750092,0.9658089697360992,0.9069536121562123,0.9656694043427705,0.8940273836255074
2.0399999999977507,151.16419337942767,27.848710361415176,128.47882943493764,58.65905313419233,130.0,70.0,0.9100048378109932,0.9351123124361038,0.9681761778891086,0.9133102061226964,0.9708242144435644,0.892401522397995
2.059999999997704,151.30166236144737,27.639862088260468,129.52777410414816,57.908702265752794,130.0,70.0,0.9111151829361915,0.9330425947904587,0.9699608594179153,0.9195454167202115,0.9752759303897619,0.8909760490059853
2.0799999999976575,151.43526566785613,27.351642003556716,130.74353107433478,57.58513239570782,130.0,70.0,0.9096447557210922,0.9315274775028228,0.9694638527929782,0.9264493601396679,0.9775307707488536,0.8901150465011597
2.099999999997611,151.56358799689653,27.006200247179617,132.0932611160578,57.660874844615115,130.0,70.0,0.9048612236976623,0.9305488646030425,0.9695942886173725,0.9319684421643615,0.9793853338807821,0.8900459215044975
2.1199999999975643,151.68424835425296,26.62160641955021,133.549770183564,58.104965081775845,130.0,70.0,0.9001270666718483,0.9303610742092132,0.9697196371853352,0.9379032174125314,0.9811435855925082,0.8901934027671814
2.1399999999975177,151.79425112189793,26.21207866280359,135.0910570282879,58.88431937995535,130.0,70.0,0.8958471238613128,0.9302801877260208,0.9685733504593372,0.9407935479655861,0.9813622403889894,0.89020304530859
2.159999999997471,151.8908749604392,25.788554388983126,136.68725849105746,59.9647498898142,130.0,70.0,0.892600117623806,0.929761779308319,0.9654035963118076,0.9435610674321652,0.9811548799276352,0.8919107049703597
2.1799999999974244,151.97339853452442,25.359223593968135,138.29955359149022,61.311262584318975,130.0,70.0,0.8918213874101638,0.930305016040802,0.9628388322889805,0.9469538807868957,0.981954201683402,0.8940510228276253
2.199999999997378,152.04302948345133,24.93032482950592,139.8791140745105,62.88774851864005,130.0,70.0,0.8909033209085464,0.931124672293663,0.9596864856779576,0.950464871712029,0.9825454913079739,0.8965114757418632
2.219999999997331,152.10027579042682,24.50631763781495,141.37208444394673,64.6576221178529,130.0,70.0,0.8897731140255928,0.9320223897695541,0.9554252780973911,0.9535545244812965,0.9824758499860763,0.8991454541683197
2.2399999999972846,152.1473852315083,24.09163518429482,142.72328669591445,66.58480329036541,130.0,70.0,0.8890365123748779,0.932919105887413,0.9513078011572361,0.9531480658799409,0.9816755693405866,0.9015180110931397
2.259999999997238,152.19027822919347,23.69249062600504,143.88161057915977,68.62531316163475,130.0,70.0,0.8885225161910056,0.9341490596532821,0.9466533727943897,0.952873794361949,0.9784879740327597,0.9051380276679992
2.2799999999971914,152.23399559327908,23.322992346230766,144.80059487003552,70.71284505348305,130.0,70.0,0.8876363456249237,0.9357530117034912,0.9401928789913654,0.9533500831574201,0.9711177699267863,0.9106576114892959
2.2999999999971448,152.2828768513911,22.990616279888915,145.4391033476479,72.7987679780899,130.0,70.0,0.8884425103664398,0.9377659112215042,0.9322468750178814,0.950813540443778,0.9589152835309506,0.9168658882379531
2.319999999997098,152.34097301834413,22.69704159896305,145.76206294120695,74.85393800541118,130.0,70.0,0.8900470972061157,0.9411678552627564,0.9257549680769444,0.9487965203821659,0.944349180907011,0.9215476125478744
2.3399999999970515,152.4128336960318,22.44096794515652,145.7428632537892,76.86048566336801,130.0,70.0,0.8917092978954315,0.9439223766326904,0.9203480370342731,0.9458566907793283,0.9307444132864475,0.9250488251447677
2.359999999997005,152.50321757011662,22.21995894861866,145.36902724259537,78.80512059882699,130.0,70.0,0.8944858625531197,0.9453141659498214,0.9150540716946125,0.9415800280869007,0.917752530425787,0.9281064495444298
2.3799999999969583,152.61409382981498,22.033567440853446,144.64041663254008,80.6693417819316,130.0,70.0,0.8970406398177146,0.9461234867572784,0.9105278305709362,0.93776297532022,0.9069492541253567,0.9304683446884155
2.3999999999969117,152.74725805753354,21.8860477179597,143.56515154526608,82.42095500806208,130.0,70.0,0.9005726844072341,0.9463472992181777,0.9074972026050091,0.935323279350996,0.8991223983466625,0.9357861928641796
2.419999999996865,152.90410361585657,21.784640146217342,142.1608713088953,84.01440947277683,130.0,70.0,0.905899815261364,0.9453904926776886,0.906242237240076,0.9312304485589266,0.8943477533757687,0.9396792337298393
2.4399999999968185,153.08531054391315,21.73569471026758,140.4545336695272,85.40057748620121,130.0,70.0,0.9110038578510284,0.9432536840438842,0.905236654728651,0.923342676460743,0.8900185339152813,0.9438585981726646
2.459999999996772,153.29081452763543,21.742304733773967,138.48288976020316,86.5353464919291,130.0,70.0,0.9183973133563995,0.9415373474359512,0.9057870216667652,0.9139131471514702,0.886998925358057,0.9502994447946548
2.4799999999967253,153.51961193860996,21.803868328513293,136.29201691237247,87.38406124064346,130.0,70.0,0.9247958570718765,0.9414292186498642,0.9084214068949222,0.9057204011827708,0.8858546636998653,0.9548064053058624
2.4999999999966787,153.7697664447739,21.917469163371855,133.9335192015802,87.92277569172707,130.0,70.0,0.9312057286500931,0.9412834852933883,0.9121264673769474,0.8977216068655253,0.885174549371004,0.9585930876433849
2.519999999996632,154.0383293425793,22.08110191271053,131.46039357512393,88.13210176339118,130.0,70.0,0.9344971120357514,0.9413125514984131,0.9153398834168911,0.8930715918540955,0.8850281856954098,0.963497969508171
2.5399999999965854,154.3212877097001,22.291687454374905,128.9282408287421,88.0038305278619,130.0,70.0,0.938023179769516,0.941415923833847,0.9185658477246761,0.8894047472625971,0.8850647933781147,0.9669147662818431
2.559999999996539,154.6137830624462,22.544858990939783,126.39825426272974,87.5392656412111,130.0,70.0,0.9421714752912521,0.9419701844453812,0.9232668168842793,0.8862666610628366,0.885725524276495,0.9702740989625454
2.579999999996492,154.91019711631694,22.836427431200264,123.93492069097259,86.7447717930101,130.0,70.0,0.9447799235582351,0.9429164230823517,0.9290521137416362,0.8846711222082376,0.8875965349376201,0.9705689005553721
2.5999999999964456,155.20456131856133,23.160702616618394,121.59975723652562,85.63892466363134,130.0,70.0,0.9458462446928024,0.94346724152565,0.9357764206826686,0.8839690584689378,0.8907571874558925,0.9665989115834236
2.619999999996399,155.49097114384796,23.50998522241411,119.44666751576553,84.25208716203905,130.0,70.0,0.9462249279022217,0.9437406927347183,0.9429139576852321,0.8834932524710893,0.8944639109075069,0.9620551466941833
2.6399999999963524,155.76216611550012,23.875864276981687,117.5396645711464,82.6207832276822,130.0,70.0,0.9461138308048248,0.9436555683612823,0.9495760038495064,0.882979403808713,0.8984412021934985,0.9560384087264537
2.6599999999963058,156.01394679725715,24.249800755977528,115.90876133053077,80.78730161846781,130.0,70.0,0.9454235017299651,0.9432226687669754,0.9554247170686722,0.8824638295918703,0.9024852536618709,0.9489879988133907
2.679999999996259,156.24541704617982,24.622351743133258,114.54995278832183,78.79766031872248,130.0,70.0,0.9442880779504775,0.9424761831760406,0.9601263903081417,0.8819939870387316,0.9064292140305042,0.9412915810942649
2.6999999999962125,156.45511973708403,24.9851467701795,113.45118058122117,76.72539532089657,130.0,70.0,0.9413372725248337,0.9416882753372192,0.9612942330539226,0.8821293268352747,0.9102379374206065,0.9322216287255287
2.719999999996166,156.6373617905658,25.332821764035636,112.64301149346082,74.64017803034928,130.0,70.0,0.9369544893503189,0.940761062502861,0.9623932547867298,0.8825904611498118,0.9163494311273098,0.9216352336108684
2.7399999999961193,156.78683698894213,25.661190677207294,112.15985330203931,72.55726029644113,130.0,70.0,0.929443633556366,0.9394691228866577,0.9620813876390457,0.8837829980999231,0.9236788265407085,0.9151692144572735
2.7599999999960727,156.90055767230024,25.965430797647134,112.02314770641188,70.49331414271049,130.0,70.0,0.9204354792833328,0.9385632336139679,0.9617307670414448,0.885493840649724,0.931285186856985,0.9110116004943848
2.779999999996026,156.97405265506026,26.239929326054426,112.25305800299462,68.46691138271422,130.0,70.0,0.9110875427722931,0.937825259566307,0.9616944454610348,0.8874454963952303,0.9389567606151104,0.9079127795994282
2.7999999999959795,157.00530051426418,26.478783417593053,112.86281786318706,66.49805408733415,130.0,70.0,0.9023388028144836,0.9375469446182251,0.9611026853322983,0.8899072993546724,0.9427971486002207,0.9090205989778042
2.819999999995933,156.99473123685118,26.675729518047245,113.85130195883275,64.608131716321,130.0,70.0,0.9007183909416199,0.9363535225391387,0.9628548987209796,0.8897137824445963,0.9469944357872009,0.9067456789314746
2.8399999999958863,156.9453325054183,26.824334634561826,115.20171405041793,62.82164663773768,130.0,70.0,0.9005343019962311,0.9340216904878617,0.9667258247733116,0.889211132004857,0.9570257108658552,0.903489651530981
2.8599999999958396,156.8629575997982,26.919548016793126,116.85489331724524,61.2138169355978,130.0,70.0,0.8995021969079972,0.932489675283432,0.9697158776223659,0.8900213155895471,0.9649263408035039,0.9009629435837269
2.879999999995793,156.7559339869494,26.958339778011272,118.77478108022673,59.83852844706476,130.0,70.0,0.8985628604888916,0.9313767105340958,0.9725148119032383,0.8931005541235209,0.9693387143313884,0.8999081246554851
2.8999999999957464,156.63428768950925,26.934684379612637,120.93351540588165,58.741414455608734,130.0,70.0,0.8970601215958595,0.929578673839569,0.9744967743754387,0.8978407461196184,0.974263298138976,0.8987903408706188
2.9199999999957,156.5088165460044,26.83546321773957,123.2972046846749,57.98650504539668,130.0,70.0,0.8940118312835693,0.9278927356004715,0.9746638849377631,0.9043375391513109,0.9779843412339687,0.8981746308505535
2.939999999995653,156.38621652626534,26.66818295956485,125.83331307876132,57.576549913639354,130.0,70.0,0.891969458758831,0.9266950488090515,0.9727824583649635,0.9118213403970002,0.979752529412508,0.8971565134823322
2.9599999999956066,156.27199167782797,26.443665843106565,128.51505240158156,57.50222942191505,130.0,70.0,0.8895175755023956,0.9257433831691741,0.9701607957482338,0.9190386284142732,0.9808074623346328,0.896708682924509
2.97999999999556,156.16903599290316,26.171151091549255,131.3021457727053,57.752252482389856,130.0,70.0,0.8876516252756118,0.9263650566339493,0.9704314909875392,0.9286615449935197,0.9840569362044334,0.8958075545728207
2.9999999999955134,156.0787265960193,25.85995552205871,134.15158092226662,58.31002651944134,130.0,70.0,0.887095133960247,0.9275086879730224,0.9701108060777187,0.9353997837752104,0.9856793206185102,0.8947472326457501
3.0199999999954668,156.00174581388006,25.51871910947518,137.03276373777524,59.154456687537646,130.0,70.0,0.8864161729812622,0.9290424197912216,0.9695310376584529,0.9417706683278083,0.9867408853024244,0.8945040099322795
3.03999999999542,155.93917714686742,25.15402412240384,139.9060814272918,60.26042976068017,130.0,70.0,0.8854568988084793,0.9307741343975067,0.9680746339261531,0.9486115541309118,0.9873261667788028,0.8953906498849392
3.0599999999953735,155.8923848598037,24.772619700301405,142.71929175626738,61.59934484826045,130.0,70.0,0.8848033830523491,0.9314014762639999,0.9644101999700069,0.9548591911792755,0.987680921331048,0.8970575265586376
3.079999999995327,155.86411847411892,24.380227640155244,145.4084251489342,63.140467958340814,130.0,70.0,0.8838098213076592,0.932659763097763,0.9608698450028896,0.9608768869191407,0.9879190109670162,0.8993227995932102
3.0999999999952803,155.857235553706,23.982851424123183,147.90099128846333,64.85343905754434,130.0,70.0,0.8826431319117546,0.9341078877449035,0.9569400601089001,0.9665683299303054,0.9878789644688367,0.9021761201322078
3.1199999999952337,155.87258321422166,23.586450196721866,150.12273744870208,66.70867646990003,130.0,70.0,0.8819723650813103,0.9354095101356507,0.9537438549101352,0.9674278058111667,0.9871145784854889,0.9050412066280842
3.139999999995187,155.91103420934462,23.198710797624862,152.00087754112565,68.67270856815011,130.0,70.0,0.8806311801075936,0.9368143081665039,0.9498936198651791,0.9686560843139886,0.9860412646085024,0.9088376320898532
3.1599999999951405,155.97366529743346,22.831825337146128,153.46504198904475,70.6996934585795,130.0,70.0,0.8785304337739944,0.9384680867195129,0.9443055994808673,0.9719199728220701,0.9811092153191566,0.9154186464846134
3.179999999995094,156.06434525993464,22.494183970645665,154.45011441224682,72.75062505517936,130.0,70.0,0.8788980081677437,0.9399235516786575,0.9388929598033428,0.9713326193392277,0.973025394976139,0.9198451407253742
3.1999999999950473,156.18366673473798,22.1918165528916,154.90096306230876,74.79470395800928,130.0,70.0,0.8804890900850296,0.9419801533222198,0.9336495719850063,0.9696943260729313,0.9588893666863442,0.9263102546334266
3.2199999999950006,156.33212484967737,21.928680601292758,154.7792404543518,76.80581787895117,130.0,70.0,0.8819848150014877,0.9429231733083725,0.9275608234107494,0.9682725295424461,0.9459637030959129,0.9327323570847511
3.239999999994954,156.50949098578104,21.70821630043368,154.07349307060292,78.76030310110988,130.0,70.0,0.8842079550027847,0.9443183690309525,0.9211473666131497,0.9640526302158832,0.9303724154829979,0.9372561439871788
3.2599999999949074,156.71411834265786,21.534560347046007,152.79721528222484,80.63124099296527,130.0,70.0,0.8852893725037575,0.9458550155162812,0.9148597903549671,0.9593056499958038,0.9146132215857505,0.9425798460841178
3.279999999994861,156.94587739190507,21.413836805940562,150.98134242828743,82.38240384569635,130.0,70.0,0.8873632118105889,0.9454640746116638,0.9112861670553684,0.9548854745924472,0.9050138458609581,0.9464530900120735
3.299999999994814,157.20271181858703,21.351795210949845,148.6731025247679,83.97459843018943,130.0,70.0,0.8927727580070496,0.9439855605363846,0.9091624073684216,0.9494862392544746,0.8980097442865371,0.9517513424158096
3.3199999999947676,157.48194007874667,21.354365696906402,145.93166989227635,85.36036031960049,130.0,70.0,0.9005051776766777,0.942698135972023,0.9085978917777539,0.9428565427660942,0.8934955686330796,0.955424091219902
3.339999999994721,157.78129743632698,21.42553993470147,142.82264659200075,86.48945312927871,130.0,70.0,0.9099994018673897,0.9427090167999267,0.9101851649582385,0.9378390461206436,0.8917111799120903,0.9592240191996098
3.3599999999946744,158.09890354983975,21.565296743946305,139.41741135697202,87.3171332970879,130.0,70.0,0.9208804041147232,0.9425384819507598,0.9130212746560573,0.9265090689063072,0.8902768954634667,0.9656404107809067
3.3799999999946277,158.43314608221812,21.770528966054655,135.791495859431,87.80699437522982,130.0,70.0,0.9308659464120864,0.9429430842399597,0.9163835756480694,0.9165854297578334,0.8895083889365196,0.9712749853730201
3.399999999994581,158.78214245261248,22.034501703487024,132.0226420904209,87.93921857120431,130.0,70.0,0.938635528087616,0.9432619005441666,0.9201068215072155,0.9087886862456799,0.8891388610005379,0.9765830993652344
3.4199999999945345,159.14282301929373,22.348606299022148,128.18977252312004,87.70833064056447,130.0,70.0,0.9435358077287673,0.9434792041778565,0.9237851314246655,0.9034085929393768,0.8890637770295143,0.9813079982995987
3.439999999994488,159.5120593245322,22.70231325464681,124.37134217032322,87.12526770239428,130.0,70.0,0.9471378803253173,0.9435028076171875,0.9291504725813865,0.8983105227351188,0.8900929808616638,0.98246930539608
3.4599999999944413,159.88225673538338,23.085339568044738,120.64310089133521,86.21173742799125,130.0,70.0,0.9505022197961807,0.9445855885744094,0.9376866273581982,0.895945918560028,0.8936535149812698,0.9763833463191985
3.4799999999943947,160.24558935823165,23.489967177160484,117.08351004563052,84.99165074592219,130.0,70.0,0.9523501724004745,0.9453729510307312,0.9467747695744038,0.8939344361424446,0.8976724162697792,0.970245437324047
3.499999999994348,160.59181424224624,23.90952777364515,113.78261312545025,83.49352626606584,130.0,70.0,0.9531936913728714,0.9463105350732803,0.9570578269660472,0.8935431957244873,0.9029242843389511,0.9668429970741271
3.5199999999943015,160.91437510287642,24.337400624258585,110.79444826484887,81.75184073848322,130.0,70.0,0.9534447103738785,0.9467768728733063,0.9666485972702503,0.8930887758731841,0.9086453154683113,0.9617162585258484
3.539999999994255,161.20957650599487,24.76589513300444,108.14904347937888,79.80778900370768,130.0,70.0,0.9526713848114013,0.946016377210617,0.9720590710639954,0.8924982562661171,0.912913054227829,0.9543467774987221
3.5599999999942082,161.47196076212865,25.18640648587889,105.88863278352196,77.70882924677126,130.0,70.0,0.9510606199502945,0.9437831252813339,0.9725003637373447,0.8917181044816971,0.9149076476693153,0.94452024102211
3.5799999999941616,161.69404017237107,25.592638282740268,104.0671508169089,75.49993557275802,130.0,70.0,0.9484001636505127,0.942813953757286,0.972822231054306,0.8916460424661636,0.916455926001072,0.9386432126164436
3.599999999994115,161.86809689257979,25.97962740589454,102.72923407477396,73.2657689795561,130.0,70.0,0.9441408962011337,0.9417836636304855,0.9749715410172939,0.8919704645872116,0.9227196261286735,0.9286153048276901
3.6199999999940684,161.98721977871506,26.342047259620884,101.92485165579438,71.04617850029295,130.0,70.0,0.9357503026723861,0.940510830283165,0.9755002826452255,0.8931575074791908,0.9301103681325912,0.9228138834238052
3.639999999994022,162.0460620770227,26.675719904907897,101.70179076593091,68.85930010320065,130.0,70.0,0.9261699080467224,0.9388966947793961,0.9757347747683525,0.8945612728595733,0.9381309285759926,0.9182608693838119
3.659999999993975,162.04021384505538,26.974827289538702,102.08994642886968,66.72441808330395,130.0,70.0,0.9159874066710472,0.9372862696647644,0.975450263917446,0.8962127313017845,0.9454734981060028,0.9148281738162041
3.6799999999939286,161.9688076056205,27.233252419849947,103.08973615437839,64.66190081216136,130.0,70.0,0.9063422814011574,0.9343675702810287,0.9730147153139114,0.8980444699525832,0.9501339703798294,0.9149779796600341
3.699999999993882,161.83501145207904,27.444905316187068,104.67536232209589,62.691611288233204,130.0,70.0,0.8987852782011032,0.9311437785625457,0.9735270261764526,0.8993735492229461,0.9571490176022053,0.9145464435219764
3.7199999999938353,161.64457151924003,27.604133645755756,106.80349216367148,60.875011937859874,130.0,70.0,0.8991114437580109,0.9273562759160995,0.9787085220217704,0.8964721277356148,0.9662508871406317,0.9109053805470466
3.7399999999937887,161.40620761556323,27.706710452328263,109.41020723516479,59.26988990000395,130.0,70.0,0.8967162579298019,0.9263346046209335,0.9825653374195098,0.897126367688179,0.9740370124578476,0.9078949630260468
3.759999999993742,161.1312020911953,27.74997703447679,112.37844795699387,57.910321765652505,130.0,70.0,0.8954673007130622,0.9259833425283431,0.9869016736745834,0.8981693759560585,0.9783470742404461,0.9057449981570244
3.7799999999936955,160.83374689159524,27.732925505713368,115.64776303329995,56.824449795357125,130.0,70.0,0.8933555260300636,0.9253148645162582,0.9901549518108368,0.9000925377011298,0.9827042177319526,0.9042188078165054
3.799999999993649,160.52760222656212,27.656190598064622,119.16579596259913,56.0303520430869,130.0,70.0,0.8911796689033508,0.9244240939617157,0.9900573641061783,0.9056093588471412,0.9859089903533458,0.902728322148323
3.8199999999936023,160.22554595407064,27.521444175158493,122.88023688812967,55.539129558934924,130.0,70.0,0.8908534854650497,0.9240300819277764,0.9881019130349159,0.9134457632899284,0.9882225431501865,0.9013664215803147
3.8399999999935557,159.9368223872773,27.330632463257757,126.74786111591608,55.35835880398061,130.0,70.0,0.8888233751058578,0.9234929338097572,0.9847469612956047,0.9226166114211082,0.9899398587644099,0.900385394692421
3.859999999993509,159.6672793072076,27.08724172430073,130.72098544483637,55.49019098978551,130.0,70.0,0.8841526210308075,0.9224555447697639,0.980853672325611,0.9312867134809494,0.991050823032856,0.900247560441494
3.8799999999934625,159.4219848319965,26.79555864399257,134.7239962229557,55.92883798919679,130.0,70.0,0.8827205583453178,0.9236587837338447,0.9798414245247841,0.9391736395657062,0.9923189602792263,0.8997984603047371
3.899999999993416,159.20355273192772,26.461524629774406,138.71425222897315,56.661189275983446,130.0,70.0,0.8819522261619568,0.9254604190587997,0.9788546219468116,0.9479548186063766,0.9932180814445019,0.9000664755702018
3.9199999999933692,159.01372883210536,26.092071139103798,142.64467081913264,57.667965645506506,130.0,70.0,0.8813898921012878,0.9276745647192001,0.9779268011450767,0.9571563400328159,0.9940083473920822,0.9004757359623908
3.9399999999933226,158.85419577729067,25.693576334349927,146.45403691848574,58.92501407087364,130.0,70.0,0.8812060132622719,0.9297552525997161,0.9763798549771309,0.9661178015172481,0.9946637496352195,0.9011625379323959
3.959999999993276,158.72712368562233,25.27315263690263,150.06476990512428,60.404561096270434,130.0,70.0,0.8814456149935722,0.9316867023706435,0.974425508081913,0.973931510001421,0.9954018153250217,0.902433131635189
3.9799999999932294,158.6354435893952,24.83751602994539,153.386622737357,62.07636175432187,130.0,70.0,0.8818101897835732,0.9339124619960785,0.9724436059594154,0.9813169099390506,0.9959804840385913,0.9039450392127036
3.999999999993183,158.58404590498415,24.394965091180854,156.32315980626544,63.906921587631004,130.0,70.0,0.8822894871234893,0.9350845068693161,0.9707582488656044,0.9844501480460166,0.9965359114110469,0.906013460457325
4.019999999993491,158.5751138759613,23.956839344557835,158.7720659144949,65.85492072869152,130.0,70.0,0.882910767197609,0.9360330790281296,0.9692294210195541,0.9841685496270656,0.9964432768523692,0.9083301112055778
4.0399999999938,158.61201052417306,23.53394064425482,160.62108819515117,67.88201431823833,130.0,70.0,0.8812073454260826,0.9370111465454102,0.9661930575966835,0.9861378543078899,0.996346703916788,0.9120821014046668
4.059999999994108,158.69821401885116,23.13532881463123,161.76467889549974,69.95559666314735,130.0,70.0,0.8795227617025375,0.9377432465553284,0.9627541035413741,0.9873267993330955,0.9959853455424308,0.9161724880337715
4.079999999994417,158.83672249202903,22.767885740006022,162.1311395931541,72.04748544158525,130.0,70.0,0.8814781099557877,0.9376359313726425,0.9574316710233688,0.9841034322977066,0.9888981893658637,0.9192034110426902
4.099999999994726,159.0244880829492,22.43786702059565,161.68411516604925,74.13284678467998,130.0,70.0,0.8847148790955544,0.9373819351196289,0.9513639375567436,0.9794785015285015,0.9763055935502052,0.9237078055739403
4.119999999995034,159.2572554143153,22.14992210557845,160.42411387639902,76.18867426428307,130.0,70.0,0.8880610197782516,0.9374525219202041,0.9432193115353584,0.9757045462727546,0.9607019051909447,0.9292921245098114
4.139999999995343,159.52949265817398,21.90845390791668,158.3857921328976,78.19219070068831,130.0,70.0,0.8880281984806061,0.9383066356182098,0.934899653494358,0.97150714173913,0.943031020462513,0.9343736231327057
4.159999999995652,159.83558046770722,21.71722482443369,155.63782304539595,80.11779569449467,130.0,70.0,0.8867081806063651,0.9399831503629684,0.9267067566514015,0.9674324728548527,0.9235065370798111,0.9430083557963371
4.17999999999596,160.16737968513232,21.58011483552168,152.2877025325185,81.93869820917706,130.0,70.0,0.889795859158039,0.9412314593791962,0.9204495877027511,0.9634313702583313,0.9076323434710503,0.9537098646163941
4.199999999996269,160.5148751342007,21.49825482362177,148.46313413905705,83.62831661923242,130.0,70.0,0.8985782608389854,0.9425260543823242,0.9207689940929412,0.9580756425857544,0.901923194527626,0.9603031679987907
4.219999999996578,160.86928837218736,21.47276688099725,144.2949160069744,85.15291787323574,130.0,70.0,0.909883177280426,0.9429760217666626,0.9229342564940453,0.9513208881020546,0.89903175085783,0.9646311938762664
4.239999999996886,161.22408065953866,21.505113439782555,139.9023955179096,86.46831650240632,130.0,70.0,0.9209435522556305,0.9439584255218506,0.9250421017408371,0.9454017400741577,0.897272329032421,0.9722307637333869
4.259999999997195,161.5759444699445,21.59705007131272,135.3876208922604,87.52093586438286,130.0,70.0,0.9299672096967697,0.9446910887956619,0.9275166764855385,0.9353877574205398,0.8950000822544097,0.9851414024829864
4.279999999997504,161.92435046530352,21.75371739204957,130.83564903757122,88.24344705449795,130.0,70.0,0.9378380626440048,0.9458670943975448,0.9302956774830818,0.926712304353714,0.8929654791951179,0.9978641703724861
4.299999999997812,162.26930507490746,21.98106332254118,126.32003116752041,88.5712607618846,130.0,70.0,0.9412671774625778,0.9463100075721741,0.9330260500311851,0.9208747804164886,0.8925623074173927,1.0
4.319999999998121,162.60918079029713,22.277827279487056,121.9109520743853,88.47204964380046,130.0,70.0,0.9436339855194091,0.9470011949539184,0.9395240902900696,0.9155452623963356,0.8938014298677445,1.0
4.33999999999843,162.94018406627958,22.635808804013045,117.67763333454965,87.94833963877166,130.0,70.0,0.9488646954298019,0.9489141732454299,0.9489798203110694,0.9130210131406784,0.8968947499990463,1.0
4.359999999998738,163.25688075358687,23.045743863914154,113.68699415969176,87.01823266409845,130.0,70.0,0.9542820692062378,0.9505084067583084,0.9595529273152351,0.9103766143321991,0.9008568912744522,1.0
4.379999999999047,163.55381518336222,23.501065871780757,110.00523805518665,85.70312878717644,130.0,70.0,0.9548177421092987,0.9508958160877228,0.9721312582492828,0.9084222272038459,0.9069817289710045,0.9967610761523247
4.3999999999993555,163.82359551967508,23.993275760083108,106.69430763526812,84.03691637633634,130.0,70.0,0.954573768377304,0.9510376513004303,0.9835026577115058,0.9076593354344368,0.9136706307530403,0.9912622705101967
4.419999999999664,164.06097144253567,24.507376850096957,103.80917445834818,82.07813804204116,130.0,70.0,0.9540516942739486,0.9485749721527099,0.9860148683190345,0.9063197284936905,0.9170183852314949,0.9791717126965522
4.439999999999973,164.26084622250764,25.025058668190372,101.40549117099613,79.90034162278599,130.0,70.0,0.9528510302305221,0.9455959588289261,0.9871149361133575,0.9050507128238677,0.9198845937848091,0.9654862910509109
4.4600000000002815,164.4173719671625,25.529934894954213,99.54895775035054,77.57849715296179,130.0,70.0,0.9508313089609146,0.9425064206123351,0.9876746907830238,0.904010596871376,0.9225240662693978,0.9524913907051086
4.48000000000059,164.5220365946615,26.010685556606354,98.31468936157037,75.17611107513592,130.0,70.0,0.9473142981529236,0.9409217000007629,0.9869838520884513,0.9038695573806762,0.9232719019055367,0.9459969133138656
4.500000000000899,164.5646424730058,26.465225683401975,97.77426630989652,72.74611829374342,130.0,70.0,0.9412676870822906,0.939603054523468,0.9873221412301063,0.9043488502502441,0.9281216397881508,0.9360848635435104
4.5200000000012075,164.53737249331513,26.89136027608525,97.98137338247531,70.3519540602245,130.0,70.0,0.9298542886972427,0.9377855092287063,0.9864926412701607,0.9058983668684959,0.936241853237152,0.9287517264485359
4.540000000001516,164.43861226330864,27.28499311179651,98.95473110988965,68.00848948376246,130.0,70.0,0.9169649690389633,0.9352013796567916,0.9847778558731078,0.9077097162604332,0.9447318047285079,0.9235876247286796
4.560000000001825,164.26752593557313,27.6387446564624,100.67871963574825,65.73181080270439,130.0,70.0,0.9027532041072845,0.9332307785749435,0.981188479065895,0.9104163333773613,0.950033188611269,0.9219298899173737
4.5800000000021335,164.02826444430198,27.944188712915622,103.10940433568655,63.54160217117818,130.0,70.0,0.8938169598579406,0.9310222923755646,0.9826192855834961,0.9107627362012863,0.9569889768958092,0.9210068479180336
4.600000000002442,163.72824982530847,28.19374475595704,106.17527823586722,61.4936397337721,130.0,70.0,0.8922662049531936,0.9276039958000183,0.9883069232106209,0.9087863683700561,0.9690319411456585,0.9168159052729606
4.620000000002751,163.3776693987719,28.380941734960224,109.74990899861427,59.63856168311118,130.0,70.0,0.8890438258647918,0.9261660009622573,0.9917038738727569,0.9098289921879769,0.978628659248352,0.9131837606430053
4.6400000000030595,162.99229920655193,28.500350078046427,113.67680567342119,58.01220117883435,130.0,70.0,0.8881442353129386,0.9250356376171112,0.9953843295574187,0.9113896802067757,0.9830495677888393,0.9106122866272927
4.660000000003368,162.58628062011707,28.54841654089485,117.89221623234647,56.6477656541225,130.0,70.0,0.8894246727228164,0.9250707745552063,0.9995864033699036,0.9125062525272369,0.9873553827404975,0.908636437356472
4.680000000003677,162.17698669081412,28.524154695019636,122.32822340787038,55.57009878856611,130.0,70.0,0.8904482528567313,0.9249571740627288,0.9993917733430862,0.9172550544142722,0.9898346535861492,0.9071729212999343
4.700000000003985,161.78100506269203,28.42919194739033,126.92056826948259,54.79735173517109,130.0,70.0,0.8891504928469658,0.9242605105042457,0.9957627490162849,0.9277235016226768,0.9920575477182865,0.9065039247274399
4.720000000004294,161.41056788541155,28.265881030847712,131.60492886035308,54.34565741640794,130.0,70.0,0.8852718710899353,0.922896808385849,0.9902669519186019,0.9395978286862373,0.9934359036386012,0.9058657422661781
4.740000000004603,161.07444421128739,28.037611537635716,136.25744306740484,54.22540515448278,130.0,70.0,0.8815087094902992,0.9226597055792808,0.988748562335968,0.9482479572296142,0.994615863263607,0.9059593960642814
4.760000000004911,160.77816525177758,27.749789512780715,140.8088245989039,54.43691592876744,130.0,70.0,0.8797429710626602,0.9238117054104805,0.9881350517272949,0.9590513989329338,0.9961528941988944,0.9064792841672897
4.78000000000522,160.52443123922157,27.409880878035963,145.20839143639122,54.97079729567927,130.0,70.0,0.8789394706487655,0.9255982577800751,0.9877911478281021,0.9694333672523499,0.997458030283451,0.9067328691482544
4.800000000005529,160.31533490332768,27.026227721849224,149.39853504537186,55.80898666352941,130.0,70.0,0.8782883644104004,0.9283777326345444,0.9885913044214248,0.9795291483402252,0.9988985083997249,0.9072135701775551
4.820000000005837,160.15368064072828,26.607108029940925,153.3010324607197,56.92649863630362,130.0,70.0,0.8786109268665313,0.9302168071269988,0.9884316056966781,0.988210229575634,1.0,0.9080753907561302
4.840000000006146,160.04180531313767,26.16138669661911,156.81612522640026,58.293336703072804,130.0,70.0,0.8805509775876998,0.9310343086719512,0.989188015460968,0.994495852291584,1.0,0.9089698538184166
4.860000000006455,159.98244458218966,25.697511185797197,159.83290186186872,59.874054867408674,130.0,70.0,0.8828869849443436,0.931915584206581,0.990112018585205,0.9993135958909988,1.0,0.9099145144224167
4.880000000006763,159.9791985047551,25.228541039457777,162.22495275753974,61.623655610437865,130.0,70.0,0.8863182857632637,0.932692664861679,0.9922235250473022,0.998784677684307,1.0,0.9105549097061157
4.900000000007072,160.03842464187164,24.766925858858357,163.86353100654443,63.497944987169696,130.0,70.0,0.8894185662269593,0.9335229605436325,0.9937336713075637,0.9984297588467598,1.0,0.91134844571352
4.920000000007381,160.16115199040215,24.32404226114471,164.6547573284412,65.45819482183525,130.0,70.0,0.889287120103836,0.9332611143589019,0.9899624675512313,0.9987903505563736,1.0,0.9127240434288978
4.940000000007689,160.34455849177968,23.90881235018613,164.54553121670483,67.47133725872726,130.0,70.0,0.8906923472881317,0.9314959347248077,0.9844712078571319,0.9945109084248542,1.0,0.9132633283734322
4.960000000007998,160.58315078657222,23.52777284455194,163.52237723976864,69.5096830034471,130.0,70.0,0.8928544580936432,0.928427004814148,0.978329749405384,0.9870906352996826,1.0,0.9138518407940864
4.980000000008307,160.872886606513,23.184211436205427,161.6082664558111,71.55060772923291,130.0,70.0,0.8980210676789283,0.926960077881813,0.9702878966927528,0.9803839236497879,0.9925845123827457,0.916196185350418
5.000000000008615,161.20426475025332,22.87989696030613,158.86136172120172,73.5763305783955,130.0,70.0,0.8986885532736778,0.9273169547319412,0.9578591972589493,0.9748747691512107,0.9717729933559894,0.9219987779855728
5.020000000008924,161.564512899743,22.61491077029252,155.39082317761813,75.57188475430786,130.0,70.0,0.8969571471214294,0.9286996603012084,0.9471276700496674,0.9696590438485145,0.9493819750845433,0.9276046574115753
5.040000000009233,161.9376884566416,22.388575220819025,151.35546154093407,77.52342528472917,130.0,70.0,0.8957024544477462,0.9354712456464768,0.9392545014619827,0.9692726984620094,0.9257724471390247,0.9430881962180138
5.060000000009541,162.30765605119348,22.197549660634664,146.9340763569553,79.42024028281405,130.0,70.0,0.9017615646123885,0.941597419977188,0.9369837611913681,0.9669721364974975,0.9127012111246585,0.9562477126717567
5.08000000000985,162.6619010362318,22.036734135220037,142.30693024307683,81.25187359197211,130.0,70.0,0.9137545257806777,0.9430802971124649,0.9397416621446609,0.96154395788908,0.9099290542304516,0.9619337543845177
5.100000000010159,162.98826957637857,21.90396646681497,137.6362662451567,82.99564955689905,130.0,70.0,0.9235275655984878,0.9447983950376511,0.941849610209465,0.955867576599121,0.9069303803145885,0.9692442446947097
5.120000000010467,163.28045978597387,21.80293417569451,133.04779392303476,84.60278402054908,130.0,70.0,0.9361205190420151,0.9453072011470794,0.9440340861678124,0.9469460844993591,0.9042191810905933,0.983116978406906
5.140000000010776,163.53810217979384,21.74454270294626,128.62731160584894,85.99515386940952,130.0,70.0,0.9416949987411499,0.946004718542099,0.9454462334513664,0.9389321535825729,0.9008773364126682,0.9991038292646408
5.160000000011085,163.76470836887015,21.752273152717827,124.42744335672941,87.05661845428168,130.0,70.0,0.9412461042404174,0.9469598531723022,0.9463751316070557,0.9350266516208648,0.8987282790243626,1.0
5.180000000011393,163.9638340061503,21.84812582706349,120.48707251841492,87.6845160433919,130.0,70.0,0.9404106318950652,0.9483305156230927,0.9501787632703781,0.9319278195500373,0.8982550121843814,1.0
5.200000000011702,164.1365815892949,22.03879026008379,116.84645079936743,87.83091130820814,130.0,70.0,0.941555792093277,0.9502451658248902,0.9576531365513802,0.9300872430205345,0.9000800006091595,1.0
5.220000000012011,164.28132859431219,22.321221393711827,113.54770774748003,87.48832535341188,130.0,70.0,0.9445747524499893,0.950707471370697,0.9665971547365189,0.9267868340015412,0.9032725624740123,1.0
5.240000000012319,164.3946714518917,22.688883216750096,110.6342548790295,86.66644023102718,130.0,70.0,0.9438398092985153,0.9508747160434723,0.9782918095588684,0.9245990589261055,0.9081682063639164,1.0
5.260000000012628,164.47399409035458,23.131278927440672,108.14513365845883,85.39552593886498,130.0,70.0,0.9466944396495819,0.9515479058027267,0.9903359293937682,0.923501244187355,0.913923592120409,1.0
5.280000000012937,164.52033284611923,23.62764486897273,106.11043557188658,83.74170684393633,130.0,70.0,0.9470709323883056,0.9495778948068618,0.9974192008376122,0.921822427213192,0.9192711971700191,1.0
5.300000000013245,164.5317213449571,24.15321471418535,104.5584034776642,81.79120282966484,130.0,70.0,0.9456736534833908,0.9458883106708527,0.9985145166516304,0.9200757727026939,0.9222463436424732,0.9887516379356384
5.320000000013554,164.50639242548897,24.68478233232642,103.52394812568309,79.63228512337395,130.0,70.0,0.9436525464057922,0.9419898986816406,0.9990940749645233,0.9185244008898735,0.9251892991364002,0.9721555411815643
5.3400000000138625,164.44116217129198,25.203626738848556,103.05003114286482,77.34471028696106,130.0,70.0,0.940386027097702,0.9383751749992371,0.9976912796497345,0.9176534071564674,0.9270767785608768,0.9587039455771446
5.360000000014171,164.3321726023077,25.696971683950338,103.18359558846714,74.99568409374166,130.0,70.0,0.9340343415737152,0.9368046969175339,0.9953454375267028,0.917900501191616,0.9271371550858021,0.9528389424085617
5.38000000001448,164.174093292734,26.156631166556508,103.96268877245751,72.63989830844697,130.0,70.0,0.9227233499288559,0.9354180037975312,0.9943505972623825,0.9193688541650772,0.9345011599361897,0.9415517598390579
5.4000000000147885,163.9622508579373,26.578273295877626,105.40046505115997,70.32553450669128,130.0,70.0,0.9084327816963196,0.9331460207700729,0.9910664558410645,0.9217378348112106,0.942584104090929,0.9354750141501427
5.420000000015097,163.69784492715053,26.960141749373456,107.47791181890402,68.08751364778605,130.0,70.0,0.8942069262266159,0.9315238922834396,0.9899056270718574,0.9244376122951508,0.9538178212940692,0.9297583416104317
5.440000000015406,163.38387939786637,27.297580117379166,110.14780706140373,65.9309396489129,130.0,70.0,0.888157793879509,0.9303785264492035,0.9923216938972472,0.9231268659234046,0.9595370173454284,0.9261077120900154
5.4600000000157145,163.02577961729622,27.584149469865483,113.33967483141343,63.89112826480999,130.0,70.0,0.8844952777028083,0.9307804197072983,0.9940303012728691,0.9240592151880264,0.9695628777146339,0.9216048285365105
5.480000000016023,162.63302724890968,27.81366607816234,116.96554138991668,62.00227525827234,130.0,70.0,0.8814761161804199,0.9304459482431412,0.9965118139982223,0.9252715691924095,0.980003260076046,0.9181407511234283
5.500000000016332,162.21841325682593,27.980696688258483,120.92625053395997,60.29537099590979,130.0,70.0,0.8825301796197891,0.9298222184181213,0.9990852817893028,0.926442688703537,0.9827951781451701,0.9161159113049507
5.5200000000166405,161.79852129008924,28.08095735146444,125.11460086515638,58.80427541816072,130.0,70.0,0.8832002222537995,0.9288966327905654,0.9998150885105133,0.9312465831637382,0.9867517516016959,0.9149159848690033
5.540000000016949,161.39102613773022,28.111751067835048,129.42441139794204,57.56402583822569,130.0,70.0,0.8829174369573592,0.9277956753969192,0.9975881934165954,0.9406779631972313,0.9897033862769603,0.9140485048294067
5.560000000017258,161.00867113150923,28.072989440983214,133.76235629339067,56.60403763366917,130.0,70.0,0.882509584724903,0.9267589390277863,0.994364021718502,0.9527097716927528,0.9920401558279991,0.913399589061737
5.5800000000175665,160.66281448516264,27.96720112054089,138.0464837597118,55.94934113765741,130.0,70.0,0.8826811388134956,0.9275134533643722,0.9959571823477744,0.9636799797415733,0.9951279908418655,0.9134097591042518
5.600000000017875,160.36197349663198,27.798903851164223,142.20506678678694,55.61807426584681,130.0,70.0,0.880478012561798,0.9279839038848877,0.9968865409493446,0.9742018967866897,0.9976860694587231,0.913010485470295
5.620000000018184,160.11121265941298,27.574160882133594,146.1737033758263,55.61594463637744,130.0,70.0,0.879323236644268,0.9287520617246627,0.9974801048636436,0.9849604025483131,0.9996360845863819,0.9129872709512711
5.640000000018492,159.91451009729215,27.300203306897988,149.88451994331405,55.937243335664455,130.0,70.0,0.8788272336125373,0.9303594470024109,0.9988705173134803,0.9939180687069893,1.0,0.9132443204522133
5.660000000018801,159.7732274203639,26.984659769508234,153.25465821081727,56.56670472035247,130.0,70.0,0.8800474017858505,0.9311976283788681,1.0,1.0,1.0,0.9134771406650543
5.68000000001911,159.68993246139607,26.634873395570324,156.18486325586747,57.48157622592896,130.0,70.0,0.88199333101511,0.9310684621334075,1.0,1.0,1.0,0.9141923695802688
5.700000000019418,159.66512238364606,26.25983917833415,158.568873304458,58.653998310647935,130.0,70.0,0.8845196098089217,0.9310198873281479,1.0,1.0,1.0,0.9149411126971244
5.720000000019727,159.6994615788377,25.86793857826324,160.2975142188716,60.05298973248994,130.0,70.0,0.8879703655838966,0.930893287062645,1.0,1.0,1.0,0.9155114933848381
5.740000000020036,159.79503795642253,25.468948090147073,161.25895537631462,61.643028404502545,130.0,70.0,0.8917860358953476,0.9307536691427231,1.0,1.0,1.0,0.9161112129688262
5.760000000020344,159.9526152853732,25.075584751445376,161.3693422596495,63.378470147044396,130.0,70.0,0.8947121024131774,0.9302658110857009,1.0,1.0,1.0,0.9159468382596969
5.780000000020653,160.17113195820693,24.698770086450963,160.59154855663178,65.21537617714581,130.0,70.0,0.8971672356128693,0.9284324675798415,1.0,1.0,1.0,0.9156805530190467
5.800000000020962,160.44437267130112,24.346472976549343,158.93494291908755,67.11549022320413,130.0,70.0,0.8994915708899498,0.9245677039027214,0.9942468494176864,0.9927694797515869,1.0,0.916055579483509
5.82000000002127,160.76196598025967,24.02336818672205,156.46718379553624,69.04712695864889,130.0,70.0,0.9037327915430069,0.92205201536417,0.9852320522069931,0.9845671772956848,1.0,0.9174041450023651
5.840000000021579,161.10896391311957,23.73137356790797,153.315015123369,70.98534740409936,130.0,70.0,0.9057515025138855,0.9225933521986007,0.9708602398633956,0.9758795246481895,0.9790733225643634,0.9227411955595016
5.860000000021888,161.47015056925622,23.470059908625057,149.6369234541049,72.91134452618009,130.0,70.0,0.9030363470315933,0.9276987761259079,0.9605565562844276,0.9736458122730255,0.9554480232298374,0.9300550431013107
5.880000000022196,161.82715339578914,23.23619040301956,145.60568167235692,74.81247569213777,130.0,70.0,0.9057378858327866,0.9359377801418304,0.9554975435137748,0.9721484869718551,0.9350219510495662,0.9426344648003578
5.900000000022505,162.16308945582222,23.02566134039432,141.39590562975553,76.67934221288766,130.0,70.0,0.914362359046936,0.940990024805069,0.9550532579421996,0.9682650998234749,0.9239580489695072,0.9524227619171143
5.920000000022814,162.46369558334789,22.832391844953648,137.1738647239157,78.50389068169966,130.0,70.0,0.9216753527522087,0.9435633271932602,0.9550137624144553,0.966311664879322,0.9184858955442905,0.9592032477259635
5.940000000023122,162.7184452198629,22.653119177923177,133.08355929545306,80.26903962326038,130.0,70.0,0.9303636133670806,0.9449287325143814,0.9569108486175537,0.9579463958740234,0.9139724843204021,0.9707974895834922
5.960000000023431,162.92219203520557,22.493095573996857,129.23072897949632,81.928539703921,130.0,70.0,0.9404452592134476,0.9451220661401748,0.9583010464906693,0.9510877639055252,0.9110070519149304,0.9837357997894287
5.98000000002374,163.07564385260739,22.367395223702385,125.67967854786187,83.40121547222887,130.0,70.0,0.9459338188171387,0.946222522854805,0.9593139022588729,0.9461485385894776,0.9076674155890941,1.0
6.000000000024048,163.18322797982367,22.30035465508338,122.46717594026285,84.57936098694753,130.0,70.0,0.943448930978775,0.9467355668544769,0.9599234119057655,0.9430957198143005,0.9054516695439815,1.0
6.020000000024357,163.2473271794669,22.31285266602861,119.61808198625351,85.37079431988595,130.0,70.0,0.9411018908023834,0.9476983100175858,0.9633623883128166,0.9409889250993728,0.9049358315765857,1.0
6.040000000024666,163.2699805072693,22.41561668775365,117.1502614683935,85.72026542951843,130.0,70.0,0.9404246598482132,0.9491354823112488,0.968499918282032,0.9399302169680596,0.9057974062860011,1.0
6.060000000024974,163.25220468285218,22.612829209458372,115.08236252954605,85.59811525626931,130.0,70.0,0.9415335923433303,0.9492372900247573,0.9757282972335815,0.9378822833299637,0.9083755724132061,1.0
6.080000000025283,163.19470655751314,22.903222350336627,113.43104908790285,84.99776203728273,130.0,70.0,0.9381261229515075,0.9485699474811554,0.9841967776417732,0.9360795482993126,0.9121746353805065,1.0
6.100000000025592,163.0985262051711,23.278203837817543,112.2061599809627,83.93934711674629,130.0,70.0,0.9395966708660125,0.9480323255062103,0.9927212446928024,0.9348943248391152,0.9162572748959065,1.0
6.1200000000259,162.96557391960837,23.71756514894753,111.40912495275266,82.48371623839219,130.0,70.0,0.9388841599225998,0.9459245473146438,0.9995145514607429,0.933360655605793,0.9209611855447292,1.0
6.140000000026209,162.79932030107,24.19568212917812,111.03883442420155,80.71438062066869,130.0,70.0,0.9380343645811081,0.9432060927152633,1.0,0.9317354917526245,0.9259436346590518,0.989105711877346
6.160000000026518,162.60242810297234,24.688223978213298,111.09541765640992,78.71846428559927,130.0,70.0,0.9347261190414429,0.9395204156637191,1.0,0.9305469110608101,0.9286389328539372,0.9731904357671737
6.180000000026826,162.37743441122018,25.175085764816775,111.5826309142181,76.57572608494674,130.0,70.0,0.9296026349067688,0.9368429183959961,1.0,0.9303200006484985,0.9303929634392262,0.961754909157753
6.200000000027135,162.12521464964274,25.64127099377885,112.50536346661211,74.35383569660479,130.0,70.0,0.9197017520666122,0.9354579418897628,0.999384231865406,0.9317179724574088,0.9361271239817143,0.9513704150915145
6.220000000027444,161.84435735163353,26.077193321828194,113.86389804466955,72.10772436164056,130.0,70.0,0.9067070707678795,0.9339113622903824,0.9972470924258232,0.9340143322944641,0.9453413881361484,0.9422187626361846
6.240000000027752,161.53584407877594,26.47656513670635,115.64755281970116,69.87984902521742,130.0,70.0,0.8939719825983047,0.9325563192367553,0.9970926463603973,0.9365170747041702,0.9565869696438313,0.9347397133708
6.260000000028061,161.20252258027227,26.837012264188736,117.82884350978861,67.70107091222853,130.0,70.0,0.8870480880141258,0.9319256782531739,0.9992880120873451,0.9361226424574852,0.9643193244934082,0.9313789993524552
6.2800000000283696,160.84745687049957,27.153817073022054,120.36506800831515,65.6031341618799,130.0,70.0,0.88374844789505,0.9325700342655182,1.0,0.9371617659926414,0.9726393736898898,0.927342015504837
6.300000000028678,160.4771319651566,27.42070075913873,123.20114806364997,63.61915511131185,130.0,70.0,0.8803609654307365,0.9333170652389526,1.0,0.9401177257299423,0.9801211141049861,0.9249572411179542
6.320000000028987,160.10081764718294,27.631565513102853,126.27082319166186,61.7857491458776,130.0,70.0,0.8794598773121833,0.9333919078111649,0.9999325335025787,0.9454019635915756,0.9827116318047047,0.9241292297840118
6.3400000000292955,159.73104565842448,27.781052609562934,129.49851874992996,60.144747075921835,130.0,70.0,0.8801904931664467,0.9317505031824111,1.0,0.9521660432219505,0.9867617987096309,0.9231540277600289
6.360000000029604,159.3819067364979,27.865039336491616,132.80615350225509,58.7402659915664,130.0,70.0,0.8806338086724281,0.9302919089794158,1.0,0.9608479693531989,0.9909855872392654,0.9224773868918419
6.380000000029913,159.06266044671406,27.882248703963537,136.12133686933325,57.61066513300491,130.0,70.0,0.8824981182813644,0.9301495552062988,1.0,0.9738340273499488,0.9954994097352028,0.9208335772156715
6.4000000000302215,158.782247146895,27.834424852907304,139.37557817507457,56.786237156393,130.0,70.0,0.8838997557759285,0.9301877856254578,1.0,0.9832492917776108,0.9987014286220073,0.9205398082733154
6.42000000003053,158.54767660386898,27.72598315923623,142.50034133053762,56.28634643546604,130.0,70.0,0.8827630758285522,0.9298368632793427,1.0,0.9919573649764061,1.0,0.9200954288244247
6.440000000030839,158.3635687705437,27.563142709437166,145.4239847485973,56.116534048001405,130.0,70.0,0.8819595664739609,0.9297038525342941,1.0,1.0,1.0,0.9193541958928108
6.4600000000311475,158.23209211064156,27.35265589601261,148.07086351169698,56.27106417657339,130.0,70.0,0.8826573699712753,0.9301616340875626,1.0,1.0,1.0,0.9189502552151679
6.480000000031456,158.15412755600664,27.101596152963552,150.3605006089529,56.73567037983351,130.0,70.0,0.8840185061097144,0.9298566669225693,1.0,1.0,1.0,0.9191150680184365
6.500000000031765,158.12864629713408,26.817669304758624,152.2084606605487,57.489975743602315,130.0,70.0,0.8857996135950088,0.9293143600225449,1.0,1.0,1.0,0.9198494791984558
6.5200000000320735,158.15462354403215,26.508020899872832,153.53715128398622,58.50813112255857,130.0,70.0,0.8885143399238586,0.9286991864442825,1.0,1.0,1.0,0.9203804180026054
6.540000000032382,158.2294200567572,26.179989848666928,154.28352556508904,59.7598569902415,130.0,70.0,0.8916108384728432,0.9282357454299927,1.0,1.0,1.0,0.9209736108779907
6.560000000032691,158.3490539548747,25.84102194887784,154.40623249349173,61.212016517365186,130.0,70.0,0.896322813630104,0.9275623947381973,1.0,1.0,1.0,0.9206805706024169
6.5800000000329995,158.50856798142675,25.497168016685784,153.89503935050533,62.830181564685255,130.0,70.0,0.8994214981794357,0.9264890998601913,1.0,1.0,1.0,0.9200390979647636
6.600000000033308,158.70114901185275,25.15608711668449,152.77228776503253,64.5760210569688,130.0,70.0,0.9017542198300361,0.9249637141823769,1.0,1.0,1.0,0.919712583720684
6.620000000033617,158.92031526649268,24.827844776401264,151.09038170650118,66.4003782918376,130.0,70.0,0.9032888680696487,0.9227401584386825,0.9986091718077659,0.994369775056839,1.0,0.9204734593629836
6.640000000033925,159.15641198856574,24.519864203130055,148.92688704114613,68.26071956425086,130.0,70.0,0.9076999351382256,0.9222257599234581,0.9854995846748351,0.9852704614400863,0.9955452933907508,0.9239967510104179
6.660000000034234,159.39834687103746,24.235156950650286,146.37800211294567,70.12684007170498,130.0,70.0,0.9085751667618751,0.9251417011022568,0.9741946145892143,0.9806829318404198,0.9735138475894928,0.9306949734687805
6.680000000034543,159.6345570832268,23.97209073152497,143.5514629001946,71.98223045492958,130.0,70.0,0.9086355075240135,0.9311187177896499,0.9703796282410622,0.9783756777644157,0.9579242140054702,0.9375460997223853
6.700000000034851,159.8536470974628,23.727567777162715,140.5597182147632,73.81483295184182,130.0,70.0,0.9132325947284698,0.9365918546915054,0.968258698284626,0.9760343372821807,0.9444539725780486,0.9465869277715683
6.72000000003516,160.047201799339,23.498421595342343,137.51451229633318,75.61433587276761,130.0,70.0,0.9185275658965111,0.9406181633472442,0.9669701561331748,0.9742387190461158,0.9344911351799965,0.9553228333592415
6.740000000035469,160.20648890703464,23.28171855323233,134.52171631502245,77.36804588851592,130.0,70.0,0.926011648774147,0.9435479134321213,0.9655414685606956,0.9669554263353347,0.923901304602623,0.9639434933662414
6.760000000035777,160.32576290164172,23.08025610292772,131.66756177622145,79.04681198923514,130.0,70.0,0.9312256127595901,0.9443886160850524,0.9663333013653754,0.9609083905816078,0.919376802444458,0.9727205887436866
6.780000000036086,160.4032952275092,22.9052935005732,129.01195829931297,80.59366460325258,130.0,70.0,0.9378111064434052,0.9443244576454163,0.9664709165692329,0.9565509587526321,0.9166338503360748,0.982585959136486
6.800000000036395,160.43988918849803,22.77350874417892,126.59628171599373,81.9347693018348,130.0,70.0,0.9417285442352294,0.9454903870820999,0.9664374336600303,0.9539818361401557,0.9135154381394386,0.997212679684162
6.820000000036703,160.4373598480402,22.703285064908243,124.44864363082145,82.98994269948548,130.0,70.0,0.9412794172763824,0.9459707885980606,0.9666153982281684,0.9517036482691764,0.9113956660032272,1.0
6.840000000037012,160.39783284950843,22.710061998567525,122.58694546320355,83.6892989565412,130.0,70.0,0.9390416592359543,0.9458428740501403,0.9683056101202965,0.9487199634313583,0.910432779788971,1.0
6.860000000037321,160.32333365412333,22.80269514065246,121.02394097191318,83.98342586267042,130.0,70.0,0.9388267070055007,0.9467119365930557,0.9720857322216033,0.9475963279604912,0.9111858278512954,1.0
6.880000000037629,160.21569928952613,22.98262525125794,119.77023322409704,83.84901955148494,130.0,70.0,0.9403906673192978,0.9459676951169967,0.9768010959029197,0.9447349652647972,0.9133170261979103,1.0
6.900000000037938,160.0766025658916,23.245886855011552,118.83114677496215,83.28491431416981,130.0,70.0,0.9367683261632919,0.9446521520614624,0.9824155136942863,0.9434548586606979,0.9162116304039954,1.0
6.920000000038247,159.9082957157386,23.584301874606506,118.20439598165056,82.30830030533299,130.0,70.0,0.9359641641378402,0.9431118577718735,0.9877135694026946,0.9423248037695885,0.9192009523510932,1.0
6.940000000038555,159.7141793277706,23.98103920096363,117.88154123398505,80.96714695392832,130.0,70.0,0.9353185564279556,0.9410600751638413,0.9924361661076545,0.9410185009241104,0.9228217288851738,0.9888802051544189
6.960000000038864,159.4988384413955,24.413879322700183,117.85267543190305,79.330818817017,130.0,70.0,0.933868670463562,0.9387901663780213,0.9960885435342788,0.9398624017834664,0.9265726685523986,0.9761361986398697
6.980000000039173,159.26634123083235,24.861188331365952,118.10964850526673,77.47472977312044,130.0,70.0,0.9310164272785186,0.9370469003915787,0.9982176363468169,0.9392271116375923,0.9296597391366959,0.9655314147472381
7.000000000039481,159.0184299978661,25.304034400632727,118.64783881122499,75.47015417763403,130.0,70.0,0.9242197901010513,0.9367757022380828,0.997879284620285,0.9403994828462601,0.934614422917366,0.9567664384841919
7.02000000003979,158.75595921989458,25.7278079638505,119.46394283409883,73.37918550366757,130.0,70.0,0.9142013102769851,0.9357662618160247,0.9985156252980232,0.9420536234974861,0.9443949863314628,0.9463819086551666
7.040000000040099,158.4816100163188,26.12270024495675,120.55280781999427,71.25093931014018,130.0,70.0,0.9029846608638763,0.9348136842250824,0.9996118485927581,0.9445423871278763,0.9554090619087219,0.939256289601326
7.060000000040407,158.19637605515848,26.48408785342865,121.90504442353365,69.11949497940925,130.0,70.0,0.8928424596786498,0.9340658843517303,1.0,0.947602353990078,0.9645429491996764,0.9376397803425789
7.080000000040716,157.90135650051457,26.80683215977011,123.50487199223011,67.02000563416931,130.0,70.0,0.8850486129522324,0.9354175567626953,1.0,0.951830105483532,0.9703232660889625,0.9373824715614318
7.100000000041025,157.59952075823637,27.084951996177544,125.32769770990573,64.99029067312657,130.0,70.0,0.8818034082651138,0.9363228738307953,1.0,0.9553581938147545,0.976823179423809,0.9356658399105072
7.120000000041333,157.29590418467177,27.313151822425105,127.33773635259752,63.07126464421404,130.0,70.0,0.879861430823803,0.9354672402143478,1.0,0.9594966322183609,0.9838483229279518,0.9337919771671295
7.140000000041642,156.9995566554424,27.486180770430803,129.4903584195404,61.310277395261075,130.0,70.0,0.8811242952942848,0.9331569015979767,1.0,0.9648368746042251,0.9878490343689919,0.9322103276848793
7.160000000041951,156.7181260088191,27.599754276180654,131.7341976987976,59.757318302631916,130.0,70.0,0.8834765702486038,0.9320600748062133,1.0,0.9726990282535553,0.9932962879538536,0.9303738415241242
7.180000000042259,156.459697426417,27.652830422355038,134.01213562004892,58.45606986612226,130.0,70.0,0.8859307914972305,0.9312797576189041,1.0,0.9822216436266898,0.9990253567695617,0.9287924557924271
7.200000000042568,156.23282329666358,27.648123256355944,136.26250457081386,57.4384618211525,130.0,70.0,0.8887127339839935,0.9306429386138916,1.0,0.9922672852873802,1.0,0.9272727474570274
7.220000000042877,156.04422232907325,27.590325217994216,138.42243353655903,56.72567477126717,130.0,70.0,0.8885075494647026,0.9294654309749603,1.0,0.998567771911621,1.0,0.9266676276922226
7.240000000043185,155.8984197862917,27.484725046280538,140.4295813769349,56.32895493960702,130.0,70.0,0.8862785622477531,0.9282544404268265,1.0,1.0,1.0,0.9263720482587814
7.260000000043494,155.7974688401866,27.336493557147435,142.22246327729616,56.24907922503721,130.0,70.0,0.8856338307261467,0.9283460021018982,1.0,1.0,1.0,0.9265164539217948
7.2800000000438025,155.74113449782752,27.150567178470165,143.74023131250823,56.478573187447495,130.0,70.0,0.8864420473575592,0.9280118435621262,1.0,1.0,1.0,0.9263881862163543
7.300000000044111,155.7271045617977,26.931956820382737,144.9248390008117,57.00301464593204,130.0,70.0,0.8877560973167419,0.9271643906831741,1.0,1.0,1.0,0.9267434448003768
7.32000000004442,155.75236219034377,26.68615688790514,145.72595860679007,57.800619558923735,130.0,70.0,0.8896249175071717,0.9264134258031845,1.0,1.0,1.0,0.9271395310759544
7.3400000000447285,155.8127405857183,26.418714807948597,146.1082214422839,58.84332090806797,130.0,70.0,0.8919532716274261,0.9258128613233566,1.0,1.0,1.0,0.9276157170534134
7.360000000045037,155.9049784869906,26.134159714562728,146.0564806502969,60.09884443405369,130.0,70.0,0.8957672208547592,0.9251303195953369,1.0,1.0,1.0,0.9272408202290535
7.380000000045346,156.02416151071904,25.83759386716353,145.57660280268757,61.53266237090216,130.0,70.0,0.9009415507316589,0.9243139579892158,1.0,1.0,1.0,0.9258139967918396
7.4000000000456545,156.16420797443573,25.53566844464345,144.6937451482448,63.10660188570276,130.0,70.0,0.9029467657208442,0.9235154956579208,1.0,1.0,1.0,0.9246684297919273
7.420000000045963,156.3186041191343,25.23690938596997,143.44972495411415,64.77292858287527,130.0,70.0,0.9046770051121712,0.9236279606819152,1.0,0.9954421356320381,1.0,0.9253050923347473
7.440000000046272,156.4800065543568,24.948689215867176,141.8997935544729,66.48908356719944,130.0,70.0,0.9095033407211304,0.9232907891273499,0.9927392691373824,0.9866407975554465,1.0,0.9273966029286385
7.4600000000465805,156.64254674013,24.67451237482271,140.1089927361859,68.22349306144902,130.0,70.0,0.9142273142933846,0.92614064514637,0.9869404986500739,0.9811126440763474,0.9871057674288749,0.9321678414940834
7.480000000046889,156.79865626170727,24.413453530030715,138.14834890117092,69.95810820808939,130.0,70.0,0.9188368111848831,0.930737093091011,0.9830237090587616,0.9769095107913017,0.9720498979091644,0.9384580105543137
7.500000000047198,156.93996036450835,24.163800896412013,136.09116729414896,71.68001744977231,130.0,70.0,0.9197391018271446,0.9350010901689529,0.980190572142601,0.9752896755933761,0.9606425300240516,0.9440738052129746
7.5200000000475065,157.0589033937862,23.923588374716765,134.01027234601784,73.37913332740676,130.0,70.0,0.9223059087991714,0.938247537612915,0.9786026060581207,0.9721870750188827,0.9506442338228226,0.9509777441620827
7.540000000047815,157.1491016099962,23.69193106600291,131.97643376325442,75.0457283938771,130.0,70.0,0.9275981575250626,0.941168212890625,0.9763528317213058,0.966666829586029,0.9391699090600013,0.9582494094967842
7.560000000048124,157.20524373265562,23.47188191476831,130.0523369556973,76.6603267345234,130.0,70.0,0.9320173472166061,0.9436924576759338,0.9742916613817214,0.9616968214511871,0.9297672420740127,0.9658264577388763
7.580000000048432,157.22455422299805,23.273178984770116,128.28856929010857,78.18308918504779,130.0,70.0,0.9359736412763595,0.9437407910823822,0.9742907807230949,0.9570965692400932,0.9251445800065994,0.9726380437612533
7.600000000048741,157.20563855159747,23.11083551090072,126.72291863577004,79.55697014617691,130.0,70.0,0.9389524847269058,0.9435543954372406,0.9733466073870658,0.9554950222373009,0.9227477893233299,0.9813162326812743
7.62000000004905,157.1481009854843,22.999370636177762,125.38041370205083,80.72120580938683,130.0,70.0,0.9400576442480088,0.94443199634552,0.9725373089313507,0.9547757118940353,0.9200711861252785,0.9931979447603225
7.640000000049358,157.05322926907675,22.951777601217206,124.27654851531105,81.61696096910606,130.0,70.0,0.939492404460907,0.9447050452232361,0.9729359969496727,0.9531716570258141,0.9182867348194123,1.0
7.660000000049667,156.92318929512888,22.97770134453905,123.41910001660487,82.1921609496175,130.0,70.0,0.9384921550750732,0.9450119793415069,0.9745019108057021,0.9519515290856361,0.9177394881844521,1.0
7.680000000049976,156.76087522965523,23.08168651475928,122.80935038418308,82.4090332805474,130.0,70.0,0.9365520417690277,0.9444166541099548,0.9769591987133026,0.9505139008164406,0.9189313456416129,1.0
7.700000000050284,156.56959316713946,23.26198093020108,122.44430272389472,82.25050405689088,130.0,70.0,0.9322687417268752,0.9431522071361541,0.9797502651810646,0.9491647809743881,0.9205503582954406,1.0
7.720000000050593,156.3531502853493,23.51397848650636,122.3134357195301,81.7156734281849,130.0,70.0,0.931401914358139,0.941707319021225,0.9825457885861396,0.9480097100138664,0.9220450103282928,0.9977610751986503
7.740000000050902,156.11678737784365,23.830247100006783,122.39922233857318,80.81644581866966,130.0,70.0,0.930665236711502,0.9398832023143768,0.9854216217994689,0.946904470026493,0.9241473704576492,0.9897663086652755
7.76000000005121,155.86546723899792,24.198064192080324,122.6815779346831,79.58611762266942,130.0,70.0,0.9293329387903213,0.9380094915628433,0.9875828295946121,0.9459045380353928,0.9263493344187737,0.9799483060836791
7.780000000051519,155.60408425980933,24.599227294230793,123.1409694282787,78.08006176898166,130.0,70.0,0.9260684311389923,0.9370686888694763,0.9890420943498611,0.9454683974385262,0.9281582921743393,0.9717705637216567
7.800000000051828,155.33656790783638,25.014498870656627,123.7602252458827,76.36365525082607,130.0,70.0,0.9207511663436889,0.9372480481863021,0.9901524618268013,0.9463560611009597,0.9320231094956398,0.9639652863144874
7.820000000052136,155.06808704272717,25.426938484685536,124.5245113119863,74.49736582812999,130.0,70.0,0.9131583243608474,0.9366490215063095,0.9930661588907241,0.9481228053569793,0.9413305088877678,0.9536582991480828
7.840000000052445,154.80301174816123,25.827908935396092,125.42044575867051,72.52188714652735,130.0,70.0,0.9050274848937988,0.9360123455524444,0.9955360487103462,0.9503404781222343,0.9516242191195488,0.9456288248300552
7.860000000052754,154.54313627795008,26.209155517747256,126.43524940615332,70.47654674998363,130.0,70.0,0.8946376085281372,0.9362355589866638,0.9971840471029281,0.9547968655824661,0.9628473728895187,0.9419650211930275
7.880000000053062,154.29098100985746,26.56187673325758,127.55517565167332,68.40337197668872,130.0,70.0,0.8880280241370201,0.9367963910102844,0.9969424739480018,0.9610551118850708,0.9714682206511497,0.943366202712059
7.900000000053371,154.04939851389608,26.87799388801872,128.7636804096448,66.34496704389609,130.0,70.0,0.8836908966302871,0.9384020417928696,0.9972780093550682,0.9677516400814056,0.9772531151771545,0.9436866551637649
7.92000000005368,153.82438363830252,27.14978230929867,130.040212118194,64.3458810026407,130.0,70.0,0.8807921394705772,0.939520075917244,1.0,0.9741812393069267,0.985618607699871,0.9425479725003242
7.940000000053988,153.6183006616408,27.370472167400905,131.3612741819458,62.45707383558627,130.0,70.0,0.8835600361227989,0.9382506668567657,1.0,0.9814924538135528,0.9935301765799522,0.9393111273646354
7.960000000054297,153.43490689149607,27.535308151860537,132.6997465433398,60.73381073289823,130.0,70.0,0.8881869852542877,0.9367444634437561,1.0,0.9875791192054748,0.9991918012499809,0.9370491310954093
7.980000000054606,153.2795610495935,27.63639989349634,134.02203563053266,59.245686439479655,130.0,70.0,0.892893162369728,0.935223776102066,1.0,0.9939338535070419,1.0,0.9352656498551368
8.000000000054914,153.1570889915766,27.656021334993522,135.2868811018265,58.09172784338007,130.0,70.0,0.896856327354908,0.9338089555501937,1.0,1.0,1.0,0.9338966190814971
8.020000000054868,153.070717836527,27.595598466019553,136.44905153516734,57.31475103634439,130.0,70.0,0.8965709805488586,0.9318569511175155,1.0,1.0,1.0,0.9330116689205169
8.040000000054821,153.02158838093277,27.470518005507138,137.46417218453593,56.91092390834366,130.0,70.0,0.895042322576046,0.9300768673419952,1.0,1.0,1.0,0.9323515504598617
8.060000000054774,153.00865959081838,27.29572216232151,138.28994747051235,56.86587942869508,130.0,70.0,0.8928231567144393,0.9293982505798339,1.0,1.0,1.0,0.9334392622113228
8.080000000054728,153.0287554361862,27.083778225355996,138.88951343336424,57.15880880823156,130.0,70.0,0.892362067103386,0.9283524662256241,1.0,1.0,1.0,0.9338161617517471
8.100000000054681,153.07694501725663,26.84522907015738,139.23378551051732,57.761528964226585,130.0,70.0,0.8923072025179862,0.9272715181112289,1.0,1.0,1.0,0.9345412030816078
8.120000000054635,153.1472894420324,26.58822684647062,139.30405683837,58.64001692179804,130.0,70.0,0.8929164439439773,0.9263582170009613,1.0,1.0,1.0,0.9351965337991714
8.140000000054588,153.23390637634645,26.319035125096217,139.09575807194375,59.75663529855905,130.0,70.0,0.8959415957331657,0.9256814688444137,1.0,1.0,1.0,0.93453920930624
8.160000000054541,153.33259553438333,26.045577658965595,138.61800780712173,61.065197429626835,130.0,70.0,0.9000799268484115,0.9249750643968582,1.0,1.0,1.0,0.9329757407307625
8.180000000054495,153.4399807963251,25.78102311502526,137.8918110418434,62.49916936079634,130.0,70.0,0.9055448025465012,0.9241684481501579,1.0,1.0,1.0,0.9307847872376441
8.200000000054448,153.55209172226887,25.533437340771304,136.94800581285315,64.0042981369522,130.0,70.0,0.9099665135145187,0.9237176224589347,1.0,0.9906138241291046,1.0,0.9309105113148689
8.220000000054402,153.66472247995407,25.30559743183732,135.8250248400177,65.54299355343596,130.0,70.0,0.9153976023197173,0.9246943354606628,1.0,0.9835822388529777,1.0,0.9325168505311012
8.240000000054355,153.77384055344987,25.095852957248194,134.56656015069387,67.09117710214267,130.0,70.0,0.9190816789865494,0.9281620919704437,0.9961030364036559,0.9799544483423233,0.9945572659373283,0.9363417074084281
8.260000000054308,153.87529350552933,24.899586183943118,133.2192386231963,68.63571448103967,130.0,70.0,0.9227681562304496,0.931981110572815,0.9924376636743545,0.975702753663063,0.9832839727401733,0.9411677345633507
8.280000000054262,153.96422929139874,24.712432134436302,131.83041208922913,70.16743765497506,130.0,70.0,0.9263113498687744,0.9353026062250137,0.9900343686342239,0.97081059217453,0.9711509555578232,0.9476713627576828
8.300000000054215,154.0352272754354,24.53060942428242,130.44740115393785,71.67968409086744,130.0,70.0,0.9298822462558746,0.9377066522836685,0.988367411494255,0.966541051864624,0.961682578921318,0.9523144766688346
8.320000000054169,154.083965833375,24.350482422538,129.11983386747215,73.1681540768739,130.0,70.0,0.933138233423233,0.9398133307695389,0.985810399055481,0.9625345379114151,0.95180304646492,0.956540010869503
8.340000000054122,154.1046951712624,24.1706167424575,127.89570593246476,74.62908338222049,130.0,70.0,0.9346612721681594,0.9417223125696182,0.9831541135907172,0.9596981823444366,0.9432903587818146,0.9616325557231903
8.360000000054075,154.09311086357016,23.997685974996784,126.81425343302419,76.0393337729009,130.0,70.0,0.9356866985559463,0.9435359597206116,0.9805305600166321,0.9576431900262833,0.935896335542202,0.9677901923656463
8.380000000054029,154.04639450293558,23.845357506465522,125.90506909278524,77.35516478021692,130.0,70.0,0.936355373263359,0.9440230041742325,0.9790327295660972,0.9560063764452934,0.9314393401145935,0.9739298403263091
8.400000000053982,153.96320100971923,23.729584966623154,125.18973098736971,78.52006173324054,130.0,70.0,0.9375229924917221,0.9435949146747589,0.977865919470787,0.9550860300660133,0.9290211051702499,0.9808212310075759
8.420000000053935,153.8436734730377,23.66315295244139,124.68209471443313,79.48130313715916,130.0,70.0,0.936780172586441,0.9438611954450608,0.9772791147232055,0.954509887099266,0.9265593335032463,0.9898730248212814
8.440000000053889,153.68947830734652,23.653887299296404,124.38718692883668,80.19556655220944,130.0,70.0,0.9349769592285156,0.943966293334961,0.9773774623870849,0.9539914652705193,0.9251476466655731,0.996318569779396
8.460000000053842,153.50390206758954,23.705876106893932,124.3004571996355,80.62833089317537,130.0,70.0,0.9325313568115234,0.9438046365976334,0.978351953625679,0.9536144405603408,0.9252558290958405,0.9981015816330909
8.480000000053796,153.29154721392328,23.82045898389988,124.40849347344033,80.75411724414671,130.0,70.0,0.9313076078891754,0.942715248465538,0.9797239124774932,0.9523691847920418,0.9262207359075546,0.9959041908383369
8.500000000053749,153.0578001104436,23.99558511104706,124.69148645024642,80.55999599609252,130.0,70.0,0.9296967804431915,0.9414974987506867,0.9810959473252296,0.9513386309146881,0.9268586054444313,0.993955311179161
8.520000000053702,152.8084601258414,24.226788822591438,125.12489174098059,80.04505005526666,130.0,70.0,0.9275115132331848,0.9404020309448242,0.9829393982887268,0.9507566452026367,0.9280205518007278,0.9895909145474433
8.540000000053656,152.54946221905124,24.50828867658516,125.6815147104853,79.21830355667404,130.0,70.0,0.9249854356050491,0.9392281264066696,0.9849725127220154,0.9502644777297974,0.9297397047281265,0.9833337098360061
8.56000000005361,152.2873536510251,24.830188726093596,126.33392392213393,78.10425244121728,130.0,70.0,0.9219153076410294,0.9386643797159194,0.986892706155777,0.9501302018761635,0.9313569828867913,0.9779227286577225
8.580000000053563,152.02884646156087,25.179617337473225,127.0567160493515,76.74263320714846,130.0,70.0,0.91818667948246,0.9383530378341675,0.9877692431211471,0.9508438661694526,0.9343816787004471,0.9720696076750754
8.600000000053516,151.7779639303838,25.545067769723204,127.82825232525023,75.17363585858165,130.0,70.0,0.9121906727552413,0.9383247852325439,0.989872658252716,0.9528767392039299,0.9424104735255241,0.9613897532224654
8.62000000005347,151.53908230971783,25.91560914581788,128.63049714807622,73.43887171715468,130.0,70.0,0.9051324397325515,0.9388618171215057,0.9922318577766418,0.9562592953443527,0.9518774598836899,0.9534351259469985
8.640000000053423,151.3158947470758,26.280548758769825,129.44865598159475,71.58253349301434,130.0,70.0,0.8989355713129044,0.9392584085464477,0.9945158392190933,0.9609126329421996,0.9631703242659568,0.9478967398405075
8.660000000053376,151.11272732749657,26.629185509317765,130.27071204095932,69.65036036706454,130.0,70.0,0.8937335520982742,0.9396389335393905,0.9962414249777793,0.9668966054916381,0.9745602488517761,0.9456317394971847
8.68000000005333,150.9331297544879,26.95152164363014,131.08602268373537,67.68786919105067,130.0,70.0,0.8904194593429565,0.9414308905601502,0.9980451792478561,0.9736613422632217,0.9804852306842804,0.9463312193751335
8.700000000053283,150.77719847866314,27.239554289156672,131.88310792870996,65.74163249827362,130.0,70.0,0.8881481513381004,0.9426896870136261,1.0,0.9802089095115661,0.9869442492723465,0.9461471438407898
8.720000000053236,150.6474529778723,27.485208080106336,132.64888197780087,63.86415459928557,130.0,70.0,0.890255656838417,0.9419210195541382,1.0,0.9877777099609375,0.9980833157896996,0.9440248683094978
8.74000000005319,150.5467054736603,27.683171193806068,133.36761513538772,62.11268193822692,130.0,70.0,0.8942125052213669,0.940706005692482,1.0,0.995431138575077,1.0,0.9425069481134415
8.760000000053143,150.47728017830374,27.83004529078946,134.02010117692254,60.54544191290489,130.0,70.0,0.8986813157796859,0.9391444951295852,1.0,1.0,1.0,0.9408324539661407
8.780000000053096,150.44084457578526,27.91955987694947,134.58357280081512,59.23048547333972,130.0,70.0,0.9033331334590912,0.9373836159706116,1.0,1.0,1.0,0.939602442085743
8.80000000005305,150.43788170475148,27.938519638547206,135.03353564252475,58.252815345000656,130.0,70.0,0.9036844223737717,0.9352091759443283,1.0,1.0,1.0,0.9388696625828743
8.820000000053003,150.46732285179525,27.89525325018805,135.34626384213323,57.63027374431912,130.0,70.0,0.9027732670307159,0.9329016447067261,1.0,1.0,1.0,0.9380455940961837
8.840000000052957,150.526353933068,27.80174878128088,135.499637406319,57.36008427088088,130.0,70.0,0.9014074593782425,0.931489622592926,1.0,1.0,1.0,0.9387234553694724
8.86000000005291,150.610499376379,27.668509073130025,135.4757471291653,57.42881134740653,130.0,70.0,0.9009232312440872,0.9297862768173217,1.0,1.0,1.0,0.9396982103586197
8.880000000052863,150.71390525584198,27.504482557117033,135.26482917631503,57.81311650016505,130.0,70.0,0.9014502942562103,0.928284740447998,1.0,1.0,1.0,0.9401215925812721
8.900000000052817,150.83001352547626,27.316675363020316,134.86790313788086,58.48236899864232,130.0,70.0,0.9025576621294021,0.9270199179649353,1.0,1.0,1.0,0.9401653841137886
8.92000000005277,150.95259892508042,27.11084571515387,134.29598818659767,59.40115821407074,130.0,70.0,0.9064151257276535,0.9259846836328506,1.0,1.0,1.0,0.9384188681840896
8.940000000052724,151.07628381384316,26.892649470545553,133.56842515244904,60.52661493605464,130.0,70.0,0.9116233497858047,0.9249680012464523,1.0,1.0,1.0,0.9361511722207069
8.960000000052677,151.19665323495903,26.672961132495892,132.71108197513544,61.799008222921216,130.0,70.0,0.9145866587758064,0.9235258668661117,1.0,0.9930205121636391,1.0,0.9346782818436622
8.98000000005263,151.30992976950125,26.459975137277944,131.75450973539247,63.164299728814385,130.0,70.0,0.9182750761508941,0.9244262799620628,1.0,0.985258051753044,1.0,0.935973958671093
9.000000000052584,151.41274730320782,26.256508320518222,130.73212072564624,64.58179729187236,130.0,70.0,0.9212754666805267,0.9272082805633545,1.0,0.9799105226993561,1.0,0.9391189739108086
9.020000000052537,151.50234201477977,26.061729970094838,129.6784564140179,66.02434865456688,130.0,70.0,0.9244573399424553,0.930169528722763,1.0,0.9751644119620323,0.9980619475245476,0.9438769802451134
9.04000000005249,151.57596815149805,25.871939986763802,128.6276036664447,67.47701107517172,130.0,70.0,0.9268297046422959,0.933026134967804,0.9998190939426421,0.9708289787173271,0.988349463045597,0.9499802574515342
9.060000000052444,151.6299542596702,25.6833583944386,127.61263353611668,68.92929259466607,130.0,70.0,0.9294861823320388,0.9352077543735504,0.9966620445251464,0.9673412263393402,0.9791809126734733,0.9564804837107658
9.080000000052397,151.661094412264,25.49149035198412,126.66749230035022,70.37411010275028,130.0,70.0,0.9317174762487411,0.9376415103673935,0.9949223637580871,0.9647350445389747,0.9710628360509872,0.9605653807520866
9.10000000005235,151.66556315884165,25.294423853315976,125.82620450521121,71.80621793203866,130.0,70.0,0.9337263703346252,0.9396661847829818,0.9921884417533874,0.9622141391038894,0.9622624903917313,0.9638881906867027
9.120000000052304,151.64025212645205,25.09790601661451,125.12000550775394,73.20691500346054,130.0,70.0,0.9348043501377106,0.9413861244916916,0.9894951194524765,0.9601777121424675,0.9543711051344871,0.9676826983690261
9.140000000052257,151.58285294937352,24.914420354792277,124.57549431139363,74.54237289358021,130.0,70.0,0.9349296361207962,0.9428486794233322,0.9867341741919518,0.9586880624294281,0.9473985239863395,0.9719862356781959
9.16000000005221,151.49223680245763,24.759335797482336,124.21277185607214,75.76666515907712,130.0,70.0,0.9342852979898453,0.944052392244339,0.9840295597910881,0.9576409950852394,0.941485147178173,0.976529423892498
9.180000000052164,151.3688918044207,24.646778019331382,124.0425692399426,76.83201399395864,130.0,70.0,0.9335803776979447,0.944621279835701,0.9817491099238396,0.9569352030754089,0.9372833952307701,0.9809852838516235
9.200000000052118,151.21466299703525,24.585675410539164,124.0665122440512,77.7013444410457,130.0,70.0,0.9332617312669754,0.9444464892148972,0.9808406680822372,0.9567745476961136,0.9354942098259925,0.98578382730484
9.220000000052071,151.0326249179704,24.57937964213199,124.27728104581985,78.34936824560813,130.0,70.0,0.9319392681121826,0.9444500386714935,0.9808251649141311,0.9566084071993828,0.9342027395963669,0.990160758793354
9.240000000052024,150.82700731840353,24.627428195351257,124.65928065557685,78.75872271162041,130.0,70.0,0.9307114243507385,0.9440027803182601,0.9811041146516799,0.9559605106711387,0.9335747137665749,0.9919996947050094
9.260000000051978,150.603053396168,24.727255121159725,125.18957271644932,78.91737672422782,130.0,70.0,0.9299725919961929,0.9427634477615356,0.9821662247180938,0.9544354915618897,0.9340285077691078,0.9898792520165443
9.280000000051931,150.36665209886746,24.875113941752797,125.83928928534117,78.81857246634661,130.0,70.0,0.9269358664751053,0.9420703202486038,0.9835731238126755,0.9543043628334998,0.9353349983692169,0.9881483510136604
9.300000000051885,150.12407918375555,25.06586088160278,126.5758667794289,78.4623264520779,130.0,70.0,0.9240619331598282,0.9413513898849487,0.984591057896614,0.9543612346053123,0.9364734530448914,0.9845939099788665
9.320000000051838,149.88136888885072,25.293630096070896,127.366054966899,77.85639361812858,130.0,70.0,0.9208126425743103,0.9413332581520081,0.9858986347913742,0.9551618739962577,0.9377879545092582,0.9815100491046905
9.340000000051791,149.6441835339607,25.550830076409213,128.1785755895162,77.01724965421407,130.0,70.0,0.9174991935491562,0.9416083186864853,0.9866605162620544,0.9565821126103401,0.9394118621945381,0.9785991013050079
9.360000000051745,149.4175172769944,25.82865305675606,128.9862863304079,75.97052887175174,130.0,70.0,0.9129592105746269,0.9419922769069672,0.9885781571269034,0.9589198946952819,0.9452486261725426,0.9708330422639846
9.380000000051698,149.2059780474909,26.118933081196293,129.76789621439582,74.7444434685018,130.0,70.0,0.9082076415419579,0.9424313366413116,0.9904790073633194,0.9617717266082764,0.9519666478037834,0.9640356495976448
9.400000000051651,149.01530641845684,26.412905741576946,130.5066037387457,73.37097658783446,130.0,70.0,0.9046453058719635,0.9425814062356949,0.992270365357399,0.9652678653597832,0.9602317497134208,0.9583894923329354
9.420000000051605,148.84620404385694,26.70258179692085,131.18880518448077,71.8855787282328,130.0,70.0,0.9013337701559067,0.9427339792251587,0.9942066431045532,0.9691145464777946,0.9694270372390746,0.9533005952835083
9.440000000051558,148.70121251223543,26.980621765304623,131.80301597576172,70.3252222623048,130.0,70.0,0.8980975016951561,0.9429974883794784,0.996118950843811,0.973486815392971,0.9785582825541496,0.9493998274207115
9.460000000051512,148.58287117142822,27.24017866526521,132.33874068919604,68.72830054894854,130.0,70.0,0.8958653002977371,0.9442910283803939,0.9979098707437515,0.9785357877612113,0.9833607777953147,0.9480719327926636
9.480000000051465,148.49318507840556,27.475787687529095,132.78644140588278,67.13849186326985,130.0,70.0,0.8940406560897827,0.9447796374559402,1.0,0.9837597653269767,0.9891827091574669,0.9488213688135146
9.500000000051418,148.43365416382258,27.682300578579913,133.13729696279682,65.60400225740968,130.0,70.0,0.8961427569389343,0.9441043376922608,1.0,0.9883627444505692,0.9991866111755371,0.9472965240478516
9.520000000051372,148.4051466124538,27.8552361972127,133.38301888323272,64.17557070472327,130.0,70.0,0.8993823558092117,0.9430672526359558,1.0,0.993385288119316,1.0,0.9460562840104103
9.540000000051325,148.40818355317208,27.99151404251312,133.51628079345315,62.90359330095791,130.0,70.0,0.9030765980482102,0.9419568806886672,1.0,0.9983233600854873,1.0,0.9454177170991898
9.560000000051279,148.44187467002723,28.089481137393147,133.53104683564064,61.83327717993914,130.0,70.0,0.9064833343029022,0.9406952947378159,1.0,1.0,1.0,0.9448917806148529
9.580000000051232,148.5043460213127,28.145763033968677,133.4229748460703,61.00965724244764,130.0,70.0,0.9093062296509743,0.9393044620752334,1.0,1.0,1.0,0.9445020332932472
9.600000000051185,148.59302358570372,28.151657376749476,133.19026307889064,60.48772358158843,130.0,70.0,0.9108553126454353,0.937584638595581,1.0,1.0,1.0,0.94398233294487
9.620000000051139,148.70392723708486,28.112675416136963,132.83378496247494,60.27556010583114,130.0,70.0,0.9124596402049064,0.9359561264514923,1.0,1.0,1.0,0.9439267262816429
9.640000000051092,148.8318216840436,28.03677698159533,132.35740715965997,60.36194078237654,130.0,70.0,0.9133404418826103,0.9343660861253739,1.0,1.0,1.0,0.9441120311617851
9.660000000051046,148.97058874549802,27.931123369725114,131.7688352450841,60.72622579774183,130.0,70.0,0.9137934222817421,0.9328019559383393,1.0,1.0,1.0,0.9442419037222862
9.680000000050999,149.11362153049632,27.802075791421927,131.0811798084319,61.34094201237586,130.0,70.0,0.915357606112957,0.9311008453369141,1.0,0.9989835232496261,1.0,0.9431508436799049
9.700000000050952,149.25482239224786,27.654942214192335,130.31295156441377,62.1742322428533,130.0,70.0,0.916726641356945,0.9295643508434296,1.0,0.9923330351710319,1.0,0.9430469393730163
9.720000000050906,149.3886251602806,27.493928032009407,129.486679896728,63.19198575463925,130.0,70.0,0.9179090261459351,0.9282898455858231,1.0,0.9851493462920189,1.0,0.9446471363306045
9.740000000050859,149.5097169939256,27.32438265419692,128.62734368786184,64.35445304447961,130.0,70.0,0.9181739568710326,0.9285710036754607,1.0,0.9796269416809081,1.0,0.9475274354219436
9.760000000050812,149.61388363672975,27.155600738498173,127.76090087259946,65.60778460512368,130.0,70.0,0.9206837400794029,0.9308244526386261,1.0,0.9762968316674232,1.0,0.9521306782960891
9.780000000050766,149.69802854430196,26.99257535965485,126.91306829538735,66.91008733810676,130.0,70.0,0.9230800479650497,0.9331845372915267,1.0,0.9729063853621482,0.994453652203083,0.957776965200901
9.80000000005072,149.75978329473847,26.833146551673813,126.10919832636856,68.23997899732167,130.0,70.0,0.9256332337856292,0.9351342797279357,1.0,0.9698902681469916,0.9866054996848106,0.9638118058443069
9.820000000050673,149.79753718596206,26.67524066330042,125.37569615298611,69.57872810337378,130.0,70.0,0.9281183183193207,0.9366943061351776,0.9987222716212272,0.9673557013273238,0.9785059347748756,0.9705238059163093
9.840000000050626,149.81027526547376,26.52060721963133,124.73928401501091,70.90058647656856,130.0,70.0,0.9304940670728683,0.9385262548923492,0.9958182394504547,0.9651010856032372,0.9706486225128174,0.973706130683422
9.86000000005058,149.79762926341488,26.373671717861445,124.22455247518289,72.17771856383108,130.0,70.0,0.9325942814350128,0.940306955575943,0.9935359433293343,0.9630118504166603,0.9633573591709137,0.9759747833013535
9.880000000050533,149.7595492782826,26.241959199283258,123.85153057009452,73.37970707895738,130.0,70.0,0.9338793277740478,0.941844129562378,0.9912162616848945,0.9613146647810936,0.9566906973719597,0.9785894095897674
9.900000000050486,149.69637855065383,26.13439452828438,123.63496510255176,74.47293342485905,130.0,70.0,0.9344293594360351,0.9431088626384735,0.9889776945114135,0.9599676460027694,0.9508944615721703,0.9813694611191749
9.92000000005044,149.60903501445367,26.059879863712347,123.58367445879182,75.42294124097772,130.0,70.0,0.9343095988035202,0.9440857410430908,0.986898347735405,0.958947230875492,0.946079958975315,0.9841542646288871
9.940000000050393,149.49906201408967,26.025154411502967,123.69916364332647,76.19883963836584,130.0,70.0,0.9338581651449204,0.9449563592672348,0.9853835880756378,0.9585209071636199,0.9426185235381126,0.9862882167100906
9.960000000050346,149.36876455070367,26.03201561289847,123.97485528015453,76.78163527433632,130.0,70.0,0.9334130704402923,0.9452689528465271,0.9843201905488967,0.9582950964570045,0.9404946520924568,0.9885022059082984
9.9800000000503,149.220975676189,26.078259437202764,124.39730309905895,77.16286835288061,130.0,70.0,0.9321954548358917,0.9449665606021881,0.9843574956059455,0.957847860455513,0.9396631136536598,0.9904365435242652
10.000000000050253,149.0589529224436,26.159878999725652,124.94724935623444,77.3393626838179,130.0,70.0,0.9310408622026444,0.9440049797296524,0.9852765053510666,0.9567602962255478,0.9400846406817436,0.9890142038464546
10.020000000050207,148.8864818410323,26.272104450788223,125.6007649896506,77.31037332660934,130.0,70.0,0.9277936547994613,0.9437246173620224,0.9863730952143669,0.9569867461919784,0.9409169167280197,0.9890507400035857
10.04000000005016,148.70774742505327,26.4108565255979,126.33058507168171,77.07740281882924,130.0,70.0,0.9242163479328155,0.9435933232307434,0.9876825183629989,0.9574756011366844,0.942174819111824,0.9884501352906226
10.060000000050113,148.5270089237153,26.57198277503506,127.10762200841036,76.6457145462683,130.0,70.0,0.920955054461956,0.9437294095754624,0.9889062225818633,0.958660900592804,0.9435683831572532,0.9862528294324875
10.080000000050067,148.34846841616903,26.751247498966645,127.90289989229706,76.02478336711108,130.0,70.0,0.9174842983484268,0.9440405994653701,0.9895371228456497,0.9604705244302749,0.9455142810940742,0.9836587980389595
10.10000000005002,148.1761382141918,26.943834367435038,128.6902884812841,75.22861627920895,130.0,70.0,0.9137255132198333,0.9442949265241622,0.9909190103411674,0.9630918562412262,0.9508237853646279,0.977751961350441
10.120000000049973,148.01383454388485,27.14531431937444,129.44831422216402,74.27450444226497,130.0,70.0,0.9103710979223251,0.9444708436727524,0.9922200113534927,0.966161935031414,0.9569423511624336,0.9724983766674995
10.140000000049927,147.8650671967294,27.35166742527025,130.15912283359896,73.18406423597506,130.0,70.0,0.9072791457176208,0.9446494162082671,0.993596065044403,0.9694362550973892,0.9637007132172584,0.9674907997250557
10.16000000004988,147.7331758741558,27.558573820683545,130.8078474741537,71.98295317927884,130.0,70.0,0.9044571667909622,0.9448252171278,0.9950109884142875,0.9728730499744415,0.9708840355277061,0.9629304856061935
10.180000000049834,147.62130875167108,27.76149166452812,131.3815531268408,70.69993164354189,130.0,70.0,0.902402165532112,0.9452249825000762,0.9971476092934608,0.9762672424316405,0.97830141633749,0.958204947412014
10.200000000049787,147.5328921370778,27.95630247161064,131.86823114527382,69.3669182491786,130.0,70.0,0.9007564783096313,0.9461410999298095,0.9989198207855224,0.9800627738237381,0.9830491051077842,0.9552489966154099
10.22000000004974,147.46981578826714,28.138356849180994,132.25681417159623,68.02140563708959,130.0,70.0,0.8996397405862808,0.9458978325128555,1.0,0.9835768163204193,0.989419986307621,0.9527307689189911
10.240000000049694,147.4336794184705,28.303674889898726,132.5373704185973,66.70529761588824,130.0,70.0,0.900474900007248,0.9455480188131332,1.0,0.9871919602155685,0.9973336964845657,0.9506081491708755
10.260000000049647,147.42553782081765,28.448501684762864,132.70168321086135,65.46259707178056,130.0,70.0,0.9029312670230866,0.9445916503667832,1.0,0.9908767074346542,1.0,0.9492267400026321
10.2800000000496,147.44577859800503,28.56948287539851,132.74402824179907,64.3368926539306,130.0,70.0,0.9062060654163361,0.9435722857713699,1.0,0.9943475171923637,1.0,0.9484075307846069
10.300000000049554,147.49467246659344,28.66394648969678,132.6620915261564,63.368427491840635,130.0,70.0,0.9096329048275947,0.9424702823162079,1.0,0.9975190550088882,1.0,0.9480030849575997
10.320000000049507,147.5695566167124,28.730830528786747,132.4568734673023,62.59008295501075,130.0,70.0,0.9124992296099662,0.9412141323089599,1.0,0.9999728202819824,1.0,0.9477293252944946
10.34000000004946,147.6680181674961,28.7697930499772,132.1325488179144,62.02728852086889,130.0,70.0,0.9144631162285805,0.9396833866834641,1.0,1.0,1.0,0.9472746595740318
10.360000000049414,147.78673864830063,28.781106636017913,131.69600557845942,61.69781122616802,130.0,70.0,0.9163650929927826,0.938181447982788,1.0,1.0,1.0,0.9471864551305771
10.380000000049368,147.92133686677982,28.76554409384949,131.15686102929666,61.60899095367444,130.0,70.0,0.918031258881092,0.936699116230011,1.0,0.9993007659912109,1.0,0.9472718432545661
10.400000000049321,148.0665053790997,28.724382519807225,130.52757210543297,61.757334579437185,130.0,70.0,0.91975087672472,0.935157310962677,1.0,0.9960650965571403,1.0,0.9468896150588989
10.420000000049274,148.21633630258538,28.65937964774894,129.82337135462356,62.13038625201182,130.0,70.0,0.9217254966497421,0.9335600644350052,1.0,0.9914206683635711,1.0,0.9466932326555252
10.440000000049228,148.36473560780212,28.57264135497961,129.06228270070804,62.70902316249998,130.0,70.0,0.9231435984373092,0.9321320742368698,1.0,0.9862558335065841,1.0,0.9476180672645569
10.460000000049181,148.50568973917933,28.465949842381878,128.2652468280835,63.46962014157363,130.0,70.0,0.924072653055191,0.9309044182300568,1.0,0.9807403802871704,1.0,0.9491083741188049
10.480000000049134,148.63499478855115,28.34153309548493,127.45508764587863,64.38571440623586,130.0,70.0,0.923879274725914,0.9309940040111542,1.0,0.9769663110375404,1.0,0.9520688936114311
10.500000000049088,148.7482125952459,28.20119083874262,126.65572064916333,65.4295291289154,130.0,70.0,0.9233820423483848,0.9322222501039504,1.0,0.9745330959558487,1.0,0.9570028796792031
10.520000000049041,148.84140024585835,28.046759725889682,125.89209212833103,66.57345561888413,130.0,70.0,0.9249177277088165,0.9340635597705841,1.0,0.9720572739839554,0.9964226484298706,0.9621748849749565
10.540000000048995,148.91136430606616,27.881338561826027,125.1896936411569,67.78736662090768,130.0,70.0,0.9266349583864212,0.935652294754982,1.0,0.9700001627206802,0.9897109344601631,0.9679882287979126
10.560000000048948,148.955653738298,27.712067368989217,124.57366166735885,69.03087960893673,130.0,70.0,0.9284158557653427,0.9368624538183212,1.0,0.9681967794895172,0.9834840476512908,0.9738833084702492
10.580000000048901,148.97334357056542,27.545456624918742,124.06757542838213,70.26631311411673,130.0,70.0,0.9296147048473358,0.9382489413022995,0.9991096228361129,0.9668015792965888,0.9755086958408355,0.980712217092514
10.600000000048855,148.96467824185154,27.388249842934567,123.69127553398447,71.45954257670034,130.0,70.0,0.9311151683330535,0.9395808458328246,0.9964724615216255,0.9651602685451507,0.9694326788187027,0.9829502075910568
10.620000000048808,148.93037315492612,27.248412704080234,123.45925756537892,72.57764781589141,130.0,70.0,0.932322233915329,0.9410243660211562,0.9942628756165504,0.9637974873185158,0.9633266746997833,0.9850687012076378
10.640000000048762,148.87187287452042,27.133671246214707,123.38035452498036,73.58976652821437,130.0,70.0,0.9330235779285431,0.9422281146049499,0.9921775877475738,0.9626170381903648,0.9579182595014571,0.9871073052287102
10.660000000048715,148.7910395771172,27.050857148879132,123.45760635371471,74.4674545402047,130.0,70.0,0.9332424014806747,0.9431704014539718,0.990285401046276,0.9616248041391372,0.9533469706773757,0.9889563575387
10.680000000048668,148.69008282053855,27.0049165000695,123.68822844521144,75.18598805319158,130.0,70.0,0.9331647515296936,0.9439745813608169,0.9888658016920089,0.9610655143857002,0.9499330371618271,0.9902068123221397
10.700000000048622,148.57169197221023,26.99830028629068,124.06311363643502,75.72547206469442,130.0,70.0,0.9326426148414612,0.9444801419973373,0.9877040654420852,0.9606718510389328,0.9473914965987206,0.9911466360092163
10.720000000048575,148.43902201044125,27.029004458576193,124.5667233308665,76.0781596421106,130.0,70.0,0.9313989371061325,0.9445805817842483,0.9870579749345779,0.9601868137717247,0.9457005202770233,0.9918314531445502
10.740000000048529,148.29554954640025,27.09224351467785,125.17834964378898,76.24458851645578,130.0,70.0,0.9289211571216583,0.9453350961208343,0.9867562979459762,0.9601145014166832,0.944143408536911,0.9920642778277396
10.760000000048482,148.14498200465175,27.182374218440792,125.87354851444805,76.22907693216371,130.0,70.0,0.9260991692543029,0.9452069759368896,0.9878594815731048,0.960417166352272,0.9450037449598312,0.9914983451366424
10.780000000048435,147.99102988579565,27.294134676978246,126.6255549118935,76.03783633151461,130.0,70.0,0.9231321185827255,0.9452596545219422,0.9892507523298263,0.9613222688436508,0.946529059112072,0.9904107272624969
10.800000000048389,147.83736677246358,27.422577867350753,127.40664740732478,75.67906627529577,130.0,70.0,0.9201491937041283,0.9453202724456787,0.990580640733242,0.9625591024756431,0.9484335571527481,0.989297704398632
10.820000000048342,147.6875845918006,27.56321260730272,128.18955325554188,75.16299474332611,130.0,70.0,0.9172609061002731,0.9454753130674362,0.9912507325410842,0.9647669494152069,0.9517017751932144,0.9860926300287246
10.840000000048295,147.54534421195734,27.711823394489297,128.9489419378988,74.50195228864789,130.0,70.0,0.9141402676701545,0.945637685060501,0.9922876074910163,0.9675036072731018,0.9566270977258682,0.9812300443649291
10.860000000048249,147.41457295365225,27.86528764952962,129.66232305569022,73.70958546207595,130.0,70.0,0.911156578361988,0.9458156138658523,0.9933291226625443,0.9704613864421844,0.9619628340005875,0.976704053580761
10.880000000048202,147.29811013023343,28.021769691670634,130.31110749246108,72.79962564878896,130.0,70.0,0.9084898188710212,0.94598990380764,0.9944289490580558,0.9734777450561523,0.9676601365208626,0.9723937302827834
10.900000000048156,147.1989090072576,28.17923687653599,130.88034569747248,71.79014979477476,130.0,70.0,0.9064013570547104,0.9461346983909606,0.9957887038588523,0.9763104975223541,0.9739038184285164,0.9678294062614441
10.920000000048109,147.11958884981357,28.33553778277711,131.35791649789397,70.70398102929418,130.0,70.0,0.9049880027770996,0.9466945558786392,0.9978489667177199,0.9791514039039612,0.9793568342924117,0.9637719079852104
10.940000000048062,147.0623891930232,28.487875175403158,131.73321733261253,69.56919968799484,130.0,70.0,0.9040657699108123,0.946826046705246,1.0,0.9818293839693069,0.9844382524490356,0.9607125222682953
10.960000000048016,147.0302807484626,28.632665917668454,131.99719798258187,68.41933146910186,130.0,70.0,0.9036069244146346,0.9463050991296768,1.0,0.9841770812869072,0.9900468319654464,0.9581971287727356
10.98000000004797,147.02344901034775,28.766722194480156,132.14284422489763,67.2914526436374,130.0,70.0,0.9047838866710662,0.9459398090839386,1.0,0.9864378526806831,0.9964702263474464,0.955765563249588
11.000000000047923,147.04233622482192,28.886881572041297,132.1658671570246,66.22402749993067,130.0,70.0,0.9071811154484749,0.9451645880937576,1.0,0.9888078525662422,1.0,0.9533827021718025
11.020000000047876,147.08673842548856,28.990195029984736,132.06557776467992,65.2549155919482,130.0,70.0,0.9097895100712776,0.9441285580396652,1.0,0.9908872306346893,1.0,0.9514904037117958
11.04000000004783,147.15554269397347,29.074205358644228,131.84553316852598,64.41853891805572,130.0,70.0,0.9128026723861694,0.9430673599243163,1.0,0.9927979916334152,1.0,0.95076924264431
11.060000000047783,147.24676479688074,29.137118774480737,131.5133510937318,63.74382441902402,130.0,70.0,0.9153867125511169,0.9418437004089355,1.0,0.9938819304108619,1.0,0.9507494926452636
11.080000000047736,147.35768425863873,29.177715093070965,131.07950944540096,63.253640518364676,130.0,70.0,0.9175989627838135,0.940438625216484,1.0,0.9943285226821899,1.0,0.9509311005473137
11.10000000004769,147.48474984090447,29.195268738910062,130.5569196232106,62.9645408229982,130.0,70.0,0.9196230113506317,0.9390653431415558,1.0,0.9932680577039719,1.0,0.951026926934719
11.120000000047643,147.6235689068888,29.189462256436776,129.96056697362852,62.88511437824779,130.0,70.0,0.9211458444595336,0.9377129107713699,1.0,0.99135053306818,1.0,0.951510900259018
11.140000000047596,147.769138253202,29.160311518485802,129.30720786046632,63.01485071351486,130.0,70.0,0.9224811911582946,0.9363346219062805,1.0,0.9885495379567146,1.0,0.9521924450993537
11.16000000004755,147.9161067175254,29.108350727012578,128.6149789116887,63.344998609624014,130.0,70.0,0.9238102748990059,0.9349404096603393,1.0,0.9848414957523346,1.0,0.9528581693768501
11.180000000047503,148.05908975991358,29.033897144465897,127.90314569059181,63.86259756091377,130.0,70.0,0.9245015025138855,0.933700281381607,1.0,0.9808631673455238,1.0,0.9541525766253471
11.200000000047456,148.19295928119902,28.93638432232003,127.19175745612921,64.5538361467138,130.0,70.0,0.9248863413929939,0.932717341184616,1.0,0.9769717067480087,1.0,0.9565245166420936
11.22000000004741,148.31304540366176,28.81902576245104,126.50147870905205,65.39210859546904,130.0,70.0,0.9243175566196441,0.9331078618764878,1.0,0.9747901812195777,1.0,0.9605846792459488
11.240000000047363,148.41536724028646,28.687626607611037,125.85310253126693,66.34217507284843,130.0,70.0,0.9237513780593872,0.9341504901647567,1.0,0.9730579391121864,0.9988626360893249,0.965688744187355
11.260000000047317,148.49671998368976,28.54832347219191,125.26704518809596,67.3669531006904,130.0,70.0,0.9247827544808388,0.9355576485395432,1.0,0.9714185014367103,0.9931105226278305,0.9708558410406112
11.28000000004727,148.55454888670735,28.406121772242475,124.76287712600703,68.43197405028823,130.0,70.0,0.9263150334358216,0.9365446746349334,1.0,0.9701115101575851,0.9878853559494019,0.9758750632405281
11.300000000047223,148.58874723620974,28.265368096283726,124.35860235257651,69.50612956704445,130.0,70.0,0.9275645583868026,0.9375391662120819,1.0,0.9688147023320197,0.9823977306485175,0.9812935099005698
11.320000000047177,148.59916953220127,28.130122704178458,124.06956478275353,70.56023734932678,130.0,70.0,0.9286437362432479,0.9386375308036804,0.999443669617176,0.9676570028066634,0.9752662017941475,0.9867281168699265
11.34000000004713,148.58637704785897,28.00600943400314,123.90674643375944,71.56525911165491,130.0,70.0,0.9295744001865387,0.9395317435264587,0.9968742430210114,0.9663798466324806,0.9705286741256713,0.9884801447391509
11.360000000047084,148.5518927784609,27.89954208852621,123.87612261394219,72.49268047112601,130.0,70.0,0.9305030077695846,0.9406773149967194,0.9950175285339355,0.9652977809309959,0.9655995607376098,0.9898215532302856
11.380000000047037,148.49767831448148,27.816695931030022,123.97869689505053,73.31599500659078,130.0,70.0,0.9309905350208282,0.9416113674640655,0.9932775884866714,0.964376799762249,0.9612593665719033,0.9910675019025802
11.40000000004699,148.42590244833224,27.761790551649884,124.21067978557036,74.01297242029804,130.0,70.0,0.9310574114322662,0.9423156797885894,0.9917165428400039,0.9636210829019546,0.9576200693845749,0.992150729894638
11.420000000046944,148.33891948249723,27.737388561570324,124.56390880568,74.5654479180431,130.0,70.0,0.9307223856449127,0.9427807837724685,0.9903768196702003,0.9630426734685897,0.954741245508194,0.9930253937840461
11.440000000046897,148.23951455043556,27.743876844522607,125.02578208169203,74.9600743964821,130.0,70.0,0.929852643609047,0.9431980639696121,0.9892528221011161,0.9628817945718765,0.9525844901800156,0.9937886923551559
11.46000000004685,148.13074203946326,27.778381828118683,125.57896768879264,75.19337710602365,130.0,70.0,0.9276811361312866,0.9444197744131088,0.9885456621646881,0.9638571798801422,0.9508882030844689,0.9945620357990265
11.480000000046804,148.01554850543798,27.836283766835436,126.202733372095,75.26853757782203,130.0,70.0,0.9255339384078979,0.9454314589500427,0.9886398211121559,0.9643863707780838,0.9499339535832405,0.9940213471651077
11.500000000046757,147.89696296778334,27.91265062757012,126.87422742702992,75.1915834995187,130.0,70.0,0.923198789358139,0.9460911929607391,0.9891146659851073,0.9651855036616325,0.9499721348285675,0.99328094124794
11.52000000004671,147.7780487708191,28.002991721552007,127.5696333717855,74.96956835638588,130.0,70.0,0.920865660905838,0.9461487978696823,0.9902522400021553,0.9661356180906295,0.9514312386512757,0.992209443449974
11.540000000046664,147.66186163440275,28.10344180224563,128.26519061036618,74.61012550506565,130.0,70.0,0.918225298821926,0.9462712049484253,0.9913241446018218,0.9677750781178474,0.9544552639126778,0.9896820247173309
11.560000000046617,147.5515050912572,28.210870739107587,128.93773992416186,74.1215361672146,130.0,70.0,0.9153815895318985,0.9464245200157165,0.9924663811922073,0.9699274480342864,0.9587471872568131,0.9861104711890221
11.58000000004657,147.45006278343703,28.32366774356255,129.56513005780488,73.51232839681914,130.0,70.0,0.9129055842757224,0.9465680539608001,0.9933461636304854,0.9723504170775413,0.9630449220538139,0.9821862787008285
11.600000000046524,147.36049087039828,28.441463184180385,130.12794175879876,72.79064159086242,130.0,70.0,0.9106983184814453,0.9467033803462982,0.994253022968769,0.9747959524393082,0.9675904169678687,0.9783564329147338
11.620000000046478,147.2860517557,28.56348101794108,130.61029004075664,71.9682254266547,130.0,70.0,0.908826744556427,0.9468195647001266,0.9952296197414398,0.9771348878741264,0.9723298579454421,0.9746642738580703
11.640000000046431,147.22919729313853,28.688087481184834,131.00017892043482,71.06202139819924,130.0,70.0,0.9080341383814812,0.9470775485038757,0.9973623514175415,0.9790376603603362,0.9774403065443038,0.9700897172093391
11.660000000046384,147.191256084364,28.81346132078703,131.28882162524394,70.09483656827618,130.0,70.0,0.9074473693966866,0.9466584801673888,1.0,0.9807675242424011,0.9833160206675529,0.9664579346776008
11.680000000046338,147.17385974709495,28.93707408068687,131.47013050872275,69.09497705618459,130.0,70.0,0.9072714745998383,0.9462108910083771,1.0,0.9823246002197266,0.9878595307469368,0.9638868227601051
11.700000000046291,147.178136785186,29.055967552194282,131.54050886499004,68.09429295440921,130.0,70.0,0.907584510743618,0.9456360667943954,1.0,0.9836182653903961,0.9926052570343017,0.9615894928574562
11.720000000046245,147.20465651091823,29.166939362557216,131.49912147598107,67.12614831734203,130.0,70.0,0.909627839922905,0.9453140318393707,1.0,0.984947344660759,0.9982100680470466,0.9594434931874275
11.740000000046198,147.25323127795926,29.26705481296003,131.34849002711738,66.22374058869697,130.0,70.0,0.9122152641415596,0.9444560557603836,1.0,0.9862607464194297,1.0,0.9573017537593841
11.760000000046151,147.3227297832316,29.353466539436504,131.09553643676443,65.41904212230371,130.0,70.0,0.9145847544074058,0.9434348940849304,1.0,0.987417958676815,1.0,0.9558984085917472
11.780000000046105,147.41119581600705,29.4233037893963,130.75126257961978,64.74120719045416,130.0,70.0,0.9165107280015945,0.9422827154397965,1.0,0.9881339073181152,1.0,0.9553487211465835
11.800000000046058,147.5161307155147,29.474484732255338,130.3288358400448,64.21421025384352,130.0,70.0,0.9184978514909744,0.9410407721996307,1.0,0.9886327892541885,1.0,0.9554193168878555
11.820000000046011,147.6344159276908,29.50543175710437,129.84299572706465,63.856294906373996,130.0,70.0,0.920142063498497,0.939783388376236,1.0,0.9883769243955611,1.0,0.9557054996490478
11.840000000045965,147.76224363458275,29.515184113683965,129.30958894277057,63.67985954397324,130.0,70.0,0.9214041545987129,0.9385679811239243,1.0,0.9871909588575363,1.0,0.9560723945498466
11.860000000045918,147.8952404945588,29.50325396608319,128.74506233918575,63.68982677347926,130.0,70.0,0.9220683634281158,0.9373813718557358,1.0,0.9856501504778862,1.0,0.9569932460784912
11.880000000045872,148.02877238343834,29.46969994388977,128.16605774310125,63.883257920747546,130.0,70.0,0.9226943910121918,0.9361708104610443,1.0,0.9833843141794204,1.0,0.9578734263777733
11.900000000045825,148.15826049496437,29.414893492434228,127.58910135126624,64.25037827442469,130.0,70.0,0.9229552179574966,0.9350368350744247,1.0,0.9807153910398483,1.0,0.9590514525771141
11.920000000045778,148.27943125994463,29.339329683502832,127.03022325864681,64.77761969312859,130.0,70.0,0.9230688139796257,0.9341549068689347,1.0,0.9781703501939774,1.0,0.9614329501986504
11.940000000045732,148.38847922381373,29.243182248585388,126.50483998002257,65.44949476842238,130.0,70.0,0.9226764291524887,0.9334815740585327,1.0,0.9756956279277801,1.0,0.9647372707724571
11.960000000045685,148.48220262565602,29.12997887976576,126.02765858557392,66.23994940830966,130.0,70.0,0.921471294760704,0.9339072227478027,1.0,0.9743229001760483,1.0,0.9691250562667846
11.980000000045639,148.55816016162768,29.005345139475775,125.61233058092789,67.1161975644602,130.0,70.0,0.9223651453852654,0.9350591599941254,1.0,0.9730121582746505,0.9960112065076827,0.9731061249971389
12.000000000045592,148.61473681046323,28.875025116850924,125.27126812204999,68.04482929242496,130.0,70.0,0.9235493630170822,0.9359417766332626,1.0,0.9719967857003211,0.991588869690895,0.9772070080041885
12.020000000045545,148.65115958759978,28.744202589911634,125.01532511445347,68.99461657928913,130.0,70.0,0.9245735958218574,0.9367397964000702,1.0,0.9710908785462379,0.987135562300682,0.9815228432416916
12.040000000045499,148.66742551073983,28.61775482542796,124.85325546992185,69.93624522883825,130.0,70.0,0.9254514336585998,0.9375989615917205,1.0,0.9701765313744545,0.9820700004696845,0.9862468972802162
12.060000000045452,148.66434026133504,28.50030344946103,124.79112632541077,70.84238591944612,130.0,70.0,0.926442277431488,0.9384468168020248,0.9987583875656127,0.9691733941435814,0.9759035035967827,0.9900086507201195
12.080000000045406,148.6435678539711,28.397024285423864,124.83144815403422,71.68809146363384,130.0,70.0,0.9270844340324401,0.9391287863254547,0.9964054554700851,0.9681745216250419,0.9720093697309493,0.9911750763654709
12.100000000045359,148.6079600967154,28.311987787613845,124.97309249363775,72.45185686464471,130.0,70.0,0.9278091311454773,0.9400233030319214,0.9947360217571258,0.967282173037529,0.967987710237503,0.9919144496321678
12.120000000045312,148.55910746043722,28.248185655923972,125.21141519658664,73.11594718433231,130.0,70.0,0.9282576769590377,0.9407801687717438,0.9932873785495757,0.9664941176772117,0.9644186332821846,0.9925061404705047
12.140000000045266,148.4988577534507,28.20761754039032,125.53863024078261,73.66589676895593,130.0,70.0,0.9283602178096771,0.941356235742569,0.9920093685388565,0.9658512458205223,0.9614278763532639,0.993002250790596
12.160000000045219,148.42919881912002,28.191289788488955,125.94418431444875,74.08963735005707,130.0,70.0,0.9272356748580932,0.9426503747701644,0.9907036691904068,0.9666182056069373,0.9587646350264549,0.9941287919878959
12.180000000045172,148.35227767212402,28.19856521489384,126.41449482268496,74.37903768941949,130.0,70.0,0.925799548625946,0.9438146591186524,0.9896518766880035,0.9676146820187568,0.9567641004920006,0.9951185896992683
12.200000000045126,148.27043546410331,28.22661338077734,126.9330362880193,74.53317303408333,130.0,70.0,0.924565652012825,0.9448296785354614,0.9892759338021277,0.9681026473641395,0.9553669109940529,0.9947553873062134
12.22000000004508,148.18607017354753,28.27139691280336,127.48163423983685,74.55585145640842,130.0,70.0,0.9228642687201499,0.9456381231546401,0.9893646612763405,0.9685663700103759,0.954572194814682,0.9942664965987205
12.240000000045033,148.10152061116833,28.328968204048575,128.04157305205803,74.4528441179873,130.0,70.0,0.9210586547851562,0.946279913187027,0.9896333158016204,0.9692204937338829,0.9543549135327339,0.9937040820717811
12.260000000044986,148.01904391727757,28.39616538228878,128.59410190153898,74.23019042971406,130.0,70.0,0.9189594864845275,0.9467457056045532,0.9904057562351226,0.9702497959136962,0.9558972328901291,0.9915592357516289
12.28000000004494,147.94101851629398,28.471119861765253,129.11998541067476,73.89299214673511,130.0,70.0,0.9168220564723014,0.946847316622734,0.9913668364286422,0.971715247631073,0.9590407907962799,0.9887851387262344
12.300000000044893,147.869945875654,28.553059467570442,129.60045437573237,73.44598906224255,130.0,70.0,0.9147661387920379,0.9469397723674774,0.9923287212848663,0.9732930302619933,0.962461693584919,0.9860046803951263
12.320000000044846,147.80895464452755,28.641870099611484,130.01911292963743,72.89388450598963,130.0,70.0,0.9129227638244629,0.9470176547765732,0.9933253228664398,0.9748559713363647,0.9661240845918655,0.9831591874361038
12.3400000000448,147.75933179669397,28.737208652969557,130.362944427707,72.24415153973978,130.0,70.0,0.9115337193012237,0.9469531655311584,0.9943385854363441,0.9763519018888474,0.9699908733367919,0.9799610555171966
12.360000000044753,147.72305704103468,28.838530655523297,130.6225024937199,71.50794848566476,130.0,70.0,0.9106626272201538,0.9465916574001312,0.9960246354341507,0.9775903135538101,0.974610549211502,0.9765262812376022
12.380000000044706,147.70177707571457,28.944480524875676,130.7918850110467,70.70141029888,130.0,70.0,0.9105896398425102,0.9461575150489807,0.9986418098211288,0.9783865451812743,0.9799081355333328,0.9723459154367446
12.40000000004466,147.6967832086577,29.0529776318065,130.86839840790086,69.84600378688997,130.0,70.0,0.9104783415794372,0.9456580251455307,1.0,0.9792124330997467,0.9845088928937912,0.9694156646728516
12.420000000044613,147.70895649806522,29.161426500135022,130.8523296743772,68.96710777800826,130.0,70.0,0.9106584966182708,0.9451110064983368,1.0,0.9798871606588363,0.9882610127329826,0.9672321319580077
12.440000000044567,147.7387260729664,29.266854321305143,130.74685040821373,68.09236571977326,130.0,70.0,0.911432671546936,0.944537129998207,1.0,0.9804638892412185,0.9924148648977279,0.9652439266443252
12.46000000004452,147.7858964792962,29.366299117375974,130.55803577794512,67.25038663741714,130.0,70.0,0.9132557600736618,0.94412881731987,1.0,0.9811612591147423,0.9971556916832923,0.9635418996214866
12.480000000044473,147.8495257859374,29.456629680260573,130.29535379174374,66.47001141184117,130.0,70.0,0.9151712954044342,0.9434340357780456,1.0,0.9818949192762374,1.0,0.9620796799659729
12.500000000044427,147.92789663483245,29.53445542776265,129.97176459074737,65.77933665867862,130.0,70.0,0.9169053256511688,0.9424642562866211,1.0,0.9826928004622459,1.0,0.9610736325383186
12.52000000004438,148.01879529687633,29.597019648445585,129.6020245536578,65.2032969523116,130.0,70.0,0.9179878562688827,0.9413256227970123,1.0,0.9832091122865676,1.0,0.9605399802327156
12.540000000044333,148.1196003308107,29.6420602911645,129.2011643951967,64.76193248769957,130.0,70.0,0.9186790838837623,0.9401470959186554,1.0,0.9837607979774474,1.0,0.9605635434389114
12.560000000044287,148.22735477184017,29.667932688463434,128.7839351163194,64.47026520818319,130.0,70.0,0.9194291010499,0.9390702068805694,1.0,0.9837076723575592,1.0,0.9608252063393593
12.58000000004424,148.33873288454973,29.673705512986018,128.3643392440464,64.33831562741265,130.0,70.0,0.9197243675589561,0.9380365997552872,1.0,0.9833524584770202,1.0,0.9614681765437126
12.600000000044194,148.45019264758147,29.65905741907134,127.95523103764644,64.37005356555974,130.0,70.0,0.9195062637329101,0.9370532929897308,1.0,0.9827942639589309,1.0,0.9625710293650627
12.620000000044147,148.55821677987248,29.624198435873517,127.56802650408844,64.56257929231748,130.0,70.0,0.9190032288432121,0.9361808776855468,1.0,0.9820577561855316,1.0,0.9642772942781448
12.6400000000441,148.65957150475933,29.569799418694533,127.21261598536795,64.90702553117727,130.0,70.0,0.9186214253306388,0.9353764116764068,1.0,0.9809082061052322,1.0,0.9661381483078002
12.660000000044054,148.75151699948375,29.496393955206383,126.89724506716941,65.39087704915966,130.0,70.0,0.9177225142717361,0.9347088277339936,1.0,0.9797471582889556,1.0,0.9687384694814681
12.680000000044007,148.8318609638875,29.404911598196826,126.6287090500785,65.99884734324627,130.0,70.0,0.9168034374713897,0.9342494010925293,1.0,0.9783438891172409,1.0,0.9717592537403106
12.70000000004396,148.89902341560634,29.298961860333176,126.41240575826107,66.70666141771339,130.0,70.0,0.9171987369656562,0.9343373864889145,1.0,0.9769150674343109,1.0,0.9746717125177383
12.720000000043914,148.9520993044062,29.18400229870953,126.2522978154701,67.48444184069736,130.0,70.0,0.9180511876940727,0.934780603647232,1.0,0.9754729643464088,0.996558940410614,0.9777002304792404
12.740000000043867,148.9908919329232,29.0659038615439,126.15093387569034,68.30102972029815,130.0,70.0,0.9192938238382339,0.9353482484817505,1.0,0.9744122266769408,0.992865851521492,0.9805587500333786
12.76000000004382,149.0158468145491,28.949975732136874,126.10959093617294,69.12732481812901,130.0,70.0,0.9205562323331833,0.9360392391681671,1.0,0.9735567092895507,0.9892199650406837,0.983416348695755
12.780000000043774,149.02802607661533,28.840799222891004,126.1282767608363,69.93739209965644,130.0,70.0,0.921728165447712,0.9367474228143692,1.0,0.9726097106933593,0.9853733643889426,0.9862863436341285
12.800000000043728,149.0289055822687,28.74209387244535,126.20584979795994,70.70949621713196,130.0,70.0,0.922876812517643,0.9375202298164368,0.9983147859573364,0.9716841965913772,0.9792760506272316,0.9898715406656264
12.820000000043681,149.02005330370378,28.656192841113388,126.34007948404498,71.42676436882192,130.0,70.0,0.9237890094518661,0.9382470816373825,0.9960997238755226,0.9707490175962448,0.975367821753025,0.9910013183951377
12.840000000043634,149.00281287217823,28.58491394323098,126.52765029882232,72.07557475050353,130.0,70.0,0.9242489948868752,0.9392820209264755,0.9943161040544509,0.9703201055526733,0.9718733683228492,0.9916472300887107
12.860000000043588,148.97887640440987,28.529292102534818,126.76398909602233,72.64508297110734,130.0,70.0,0.9245982274413108,0.9404920816421508,0.9930069983005523,0.9700953096151351,0.9684501722455024,0.9921614229679108
12.880000000043541,148.9495788407923,28.48971656189541,127.04331032218967,73.12667141081604,130.0,70.0,0.92453503459692,0.9416438311338424,0.9918019577860832,0.9701299101114272,0.965429276227951,0.9928243890404701
12.900000000043494,148.91558682496108,28.466392457339655,127.35865818446374,73.51255661815378,130.0,70.0,0.9240776687860489,0.9427111715078353,0.9907246619462966,0.9704215914011001,0.9628671720623969,0.9936185285449027
12.920000000043448,148.877796225687,28.45940214057837,127.70111244992621,73.79449653251758,130.0,70.0,0.9232743382453918,0.94367316365242,0.9897977128624915,0.9709508001804351,0.9607960328459739,0.9945011317729949
12.940000000043401,148.83732836221574,28.467665515898815,128.0597966130354,73.9682166723469,130.0,70.0,0.9227836772799491,0.9445444792509079,0.989247453212738,0.9711597710847855,0.9591847851872444,0.9943786308169364
12.960000000043355,148.79547475138844,28.489379769720227,128.42249250514928,74.03324503679615,130.0,70.0,0.9218422129750251,0.945229783654213,0.9890960738062858,0.9713294431567192,0.9580801531672477,0.9942830860614776
12.980000000043308,148.7536033134692,28.522749652247033,128.77649175357234,73.99100891463121,130.0,70.0,0.9205936133861542,0.9457288086414337,0.9893857836723328,0.9715207427740097,0.9577953338623046,0.9937523841857909
13.000000000043261,148.71315749774098,28.56642528570635,129.1091090182828,73.84352828342965,130.0,70.0,0.9190901860594749,0.9460643440485,0.9902386054396629,0.9719161048531532,0.959022618830204,0.9918068796396255
13.020000000043215,148.67567184072732,28.61959009847193,129.40810250529321,73.59307270011004,130.0,70.0,0.9176556468009949,0.9462891399860381,0.9909520596265793,0.9725309923291205,0.9606963083148002,0.9899481043219566
13.040000000043168,148.64290943219288,28.681678837468453,129.66225650714944,73.24283665847989,130.0,70.0,0.916368781030178,0.946361693739891,0.9917641162872314,0.9731852144002914,0.9629375264048576,0.9879252672195434
13.060000000043122,148.61670336575662,28.751751474344417,129.86243812374872,72.79849188586597,130.0,70.0,0.9152339786291123,0.9462628811597824,0.9928043887019157,0.9737782061100005,0.9657431393861771,0.9856963783502578
13.080000000043075,148.59785547337745,28.82859050445713,130.0023200812386,72.2675052314047,130.0,70.0,0.9142651826143264,0.9459908157587051,0.994060418009758,0.9742873966693878,0.9690780863165855,0.9833252921700477
13.100000000043028,148.58765631922495,28.911894409114584,130.07877829476678,71.65783483244154,130.0,70.0,0.9135372489690781,0.9455408036708831,0.9954320594668388,0.9747440204024315,0.9727940544486046,0.9807375282049179
13.120000000042982,148.58709665238453,29.00075266628973,130.09187321127519,70.98133582300294,130.0,70.0,0.9131730765104293,0.9450571477413178,0.9972086519002914,0.9751347690820693,0.9767152294516563,0.977913823723793
13.140000000042935,148.5969409063975,29.093585004780792,130.0442359782645,70.25391270102259,130.0,70.0,0.9132780224084854,0.9444876164197922,0.9996980860829353,0.9752931088209151,0.9813520088791847,0.9744805872440337
13.160000000042889,148.61766129690255,29.18829475920241,129.94073388371964,69.49473433975724,130.0,70.0,0.9131243050098419,0.9439420282840728,1.0,0.9757091104984283,0.9849847838282585,0.972472533583641
13.180000000042842,148.64937352709322,29.282388802578502,129.78835036500166,68.72546895811851,130.0,70.0,0.9130318939685821,0.9433496177196502,1.0,0.9761525511741638,0.98831547498703,0.9709356144070624
13.200000000042795,148.69180476048908,29.37306455262995,129.59598524935498,67.96943403932701,130.0,70.0,0.9133093103766441,0.9428063809871673,1.0,0.9767703086137771,0.9920394137501716,0.9696869879961013
13.220000000042749,148.74429036877137,29.45728602522437,129.3741265933962,67.25063296072992,130.0,70.0,0.9142826437950134,0.9423858642578125,1.0,0.977571216225624,0.996329741179943,0.9684856712818145
13.240000000042702,148.80564852103697,29.532151608156056,129.13471702195557,66.59286838207024,130.0,70.0,0.9148738071322441,0.9418853640556335,1.0,0.978556329011917,1.0,0.9678321152925491
13.260000000042655,148.87423626448242,29.59480875789272,128.89068319935382,66.01893213600341,130.0,70.0,0.9155415475368499,0.9409795641899109,1.0,0.9797859609127044,1.0,0.9669155329465866
13.280000000042609,148.9482817588527,29.642816111456348,128.65378461022684,65.54842935252155,130.0,70.0,0.9155754640698432,0.9400081038475037,1.0,0.9810443460941314,1.0,0.9665911242365837
13.300000000042562,149.0260038240025,29.674319873815413,128.43381018660665,65.19674813572394,130.0,70.0,0.9152955085039138,0.9390575468540191,1.0,0.9822551801800727,1.0,0.9666294038295745
13.320000000042516,149.1055760598047,29.688136212047667,128.2383731268871,64.97513605621153,130.0,70.0,0.9149130076169968,0.9381961911916733,1.0,0.9830502986907959,1.0,0.9667304739356041
13.340000000042469,149.18508519889366,29.683779154020247,128.07281454427553,64.89094292104377,130.0,70.0,0.9142065674066543,0.9373929232358932,1.0,0.9837924703955649,1.0,0.9673235461115837
13.360000000042422,149.26266375641063,29.66138353441078,127.94018495181945,64.94692800516475,130.0,70.0,0.9133012950420379,0.9366703629493713,1.0,0.9843732446432113,1.0,0.9683419182896613
13.380000000042376,149.33658813278458,29.621468594321872,127.84131001073155,65.14013978066824,130.0,70.0,0.9122773885726928,0.9360502541065215,1.0,0.984718869626522,1.0,0.9697556793689728
13.40000000004233,149.4054394282838,29.564910199599368,127.77507265662418,65.46252851119735,130.0,70.0,0.9109370753169059,0.935531085729599,1.0,0.9849429279565811,1.0,0.9717672020196915
13.420000000042283,149.46822812516382,29.492793197066852,127.73884623766014,65.90209180073464,130.0,70.0,0.9098346516489982,0.9351644098758697,1.0,0.9847259730100631,1.0,0.9739593625068664
13.440000000042236,149.52436397139232,29.406830908853106,127.729061449364,66.44344637645288,130.0,70.0,0.9103519022464752,0.935290840268135,1.0,0.9842073991894722,1.0,0.9757459729909896
13.46000000004219,149.57365658612153,29.310239936870364,127.74153325521746,67.06596950059549,130.0,70.0,0.9111583799123764,0.9355906933546067,1.0,0.9832969635725021,1.0,0.9775738045573235
13.480000000042143,149.61632721569953,29.207441113955735,127.77177494629946,67.74512504602276,130.0,70.0,0.9122268289327621,0.9360496550798416,1.0,0.9820146977901458,0.9995077833533287,0.9794096291065215
13.500000000042096,149.6529954133915,29.10316812567219,127.81530977233025,68.45551671071551,130.0,70.0,0.9135229483246803,0.936595743894577,1.0,0.9804443717002869,0.996042950451374,0.9810735642910003
13.52000000004205,149.68464909327326,29.0019405425465,127.86792505289661,69.17289644035503,130.0,70.0,0.9150697290897369,0.9369802206754684,1.0,0.9790966376662253,0.9925274416804313,0.9826204165816307
13.540000000042003,149.71243159008094,28.90759310713809,127.92602829340498,69.87624829941423,130.0,70.0,0.9167091265320778,0.9374499917030334,1.0,0.9776927024126052,0.9888233199715614,0.9841543942689895
13.560000000041956,149.73724787053786,28.822558924486515,127.98690134532546,70.54950470151691,130.0,70.0,0.9183558464050293,0.938097807765007,0.9978612512350082,0.976303032040596,0.9839712038636207,0.986261586844921
13.58000000004191,149.75969518251063,28.748476201371705,128.0489228282752,71.18130070445645,130.0,70.0,0.9199110001325607,0.9387818694114685,0.9954864546656608,0.9748910814523697,0.9791795670986175,0.9882427513599396
13.600000000041863,149.78027300729065,28.6864218072669,128.11171547151272,71.76366324885444,130.0,70.0,0.9211711600422859,0.9396170020103455,0.9931312292814254,0.9737455815076828,0.9741284757852554,0.9905560672283172
13.620000000041816,149.7995973615328,28.636812847316772,128.17609730037944,72.290062296546,130.0,70.0,0.9223560526967048,0.9405543088912963,0.9921474575996398,0.9726599216461181,0.9707751065492629,0.9908239215612411
13.64000000004177,149.8170497977568,28.599690102842835,128.2437167972254,72.75462687598804,130.0,70.0,0.9230690106749534,0.9414625763893127,0.9911407798528671,0.9718862071633338,0.9676157012581825,0.9914850279688835
13.660000000041723,149.832012968099,28.575052933985408,128.31645200414346,73.15117360523202,130.0,70.0,0.9233933389186859,0.9422981202602386,0.9902201116085052,0.9713447451591491,0.964810861647129,0.992399151623249
13.680000000041677,149.8440085546476,28.563188009023232,128.3948604061799,73.47169670685454,130.0,70.0,0.923332068324089,0.9430520802736282,0.9893919438123703,0.9710504800081252,0.9623984828591347,0.993536877632141
13.70000000004163,149.85280963856152,28.56445850196825,128.4778423899192,73.70679722547412,130.0,70.0,0.9231830134987831,0.9437269508838654,0.9887657821178436,0.97076136469841,0.9603902235627174,0.9943931281566619
13.720000000041583,149.8584064786191,28.579244632674797,128.56298940700202,73.84699518982359,130.0,70.0,0.9229927822947502,0.9443123877048493,0.9883539289236069,0.9704571351408958,0.9587970092892647,0.9949184432625771
13.740000000041537,149.86090088685162,28.606964984146163,128.64778121009263,73.88672698914806,130.0,70.0,0.9224267601966858,0.9447337269783019,0.9883149072527885,0.970104831457138,0.9576869323849678,0.9954163059592247
13.76000000004149,149.86056819771605,28.646590834713994,128.72963673957904,73.82330694160173,130.0,70.0,0.9215165391564369,0.9449890375137329,0.9888113841414451,0.9697717994451522,0.9575881868600845,0.995092549920082
13.780000000041444,149.85790705401737,28.697111567145047,128.80582183910514,73.65568655844108,130.0,70.0,0.9204326674342155,0.9451151192188263,0.9896822929382324,0.9695858910679817,0.9584781572222709,0.9939110279083252
13.800000000041397,149.85364382037926,28.757628121736552,128.8734977936305,73.38422763268318,130.0,70.0,0.9192877039313316,0.9451113641262054,0.9907903581857681,0.9694943562150001,0.9600164666771889,0.9923426777124404
13.82000000004135,149.84866018727232,28.82711512392503,128.93006933610417,73.01140147073176,130.0,70.0,0.9181350603699684,0.9449921488761902,0.9919427245855331,0.9695837274193764,0.962195135653019,0.9905406355857849
13.840000000041304,149.84391814156356,28.904255103814407,128.97360148163503,72.54227043216994,130.0,70.0,0.9169724568724632,0.9447576522827148,0.993088273704052,0.9698854982852936,0.9650135740637779,0.9885894984006881
13.860000000041257,149.84095423930316,28.987578438532342,129.00332041176762,71.9840468552052,130.0,70.0,0.915785351395607,0.9443793267011642,0.9943849429488182,0.9703355997800827,0.9684746295213699,0.9863438457250595
13.88000000004121,149.84053771665833,29.075624472105545,129.02001075218288,71.34524933480161,130.0,70.0,0.9146285727620125,0.9438556790351867,0.995730946958065,0.9709855526685714,0.9724457517266273,0.9837825059890747
13.900000000041164,149.84336321656968,29.16714032708935,129.0259996909738,70.6378648077247,130.0,70.0,0.9135490238666534,0.9433479547500611,0.9975336238741874,0.9717812389135361,0.9768819689750671,0.9810676544904708
13.920000000041117,149.85027992710036,29.26029368721112,129.02486497867378,69.87766196461997,130.0,70.0,0.912803740799427,0.9428325593471527,1.0,0.9725888162851333,0.9821125581860541,0.977644520998001
13.94000000004107,149.86199720419583,29.352849416195752,129.02087422721803,69.08364374419241,130.0,70.0,0.9116749465465546,0.9424491375684738,1.0,0.9739134967327118,0.9858333855867385,0.9760025173425674
13.960000000041024,149.87907145688396,29.44230849086189,129.01843454256527,68.27740624300566,130.0,70.0,0.9106099665164947,0.9419929563999175,1.0,0.9753601729869842,0.9898613974452019,0.9743470445275306
13.980000000040977,149.90188759669746,29.5259984966218,129.02176807886354,67.48245634717266,130.0,70.0,0.9095670565962791,0.9415273517370224,1.0,0.9770828172564506,0.9941411927342414,0.9729583710432053
14.00000000004093,149.93063950978555,29.601156356577313,129.03465688996522,66.72337545488669,130.0,70.0,0.9094131827354431,0.9412662029266358,1.0,0.9791556999087333,0.9990867927670478,0.9715545251965523
14.020000000040884,149.96527918432622,29.665023916682514,129.0605870910899,66.02499525714505,130.0,70.0,0.9094630718231201,0.9407059341669083,1.0,0.9816889837384224,1.0,0.9699493706226349
14.040000000040838,150.00548446807204,29.715104211980577,129.10250138723325,65.4113694266258,130.0,70.0,0.9093280181288719,0.9399004846811294,1.0,0.9843772947788239,1.0,0.9685386583209037
14.060000000040791,150.0509270613899,29.749480927174854,129.16085477580108,64.90316831086814,130.0,70.0,0.908718441426754,0.9390153288841248,1.0,0.9869980007410049,1.0,0.9676355853676796
14.080000000040744,150.10133152840456,29.766810664109894,129.23354131357516,64.51702194089304,130.0,70.0,0.9081463128328323,0.9381691634654998,1.0,0.989559930562973,1.0,0.9672769069671631
14.100000000040698,150.15641103691536,29.76636715816804,129.31628044582794,64.26549568636528,130.0,70.0,0.9079176276922226,0.9373972594738006,1.0,0.9912714347243309,1.0,0.966776344180107
14.120000000040651,150.21569434078353,29.748049607187323,129.40295437870867,64.15688738062792,130.0,70.0,0.9074813440442085,0.9366405367851257,1.0,0.9925937324762344,1.0,0.9665811508893967
14.140000000040605,150.27852345963478,29.712107422048916,129.48598284798732,64.19359556427011,130.0,70.0,0.9067787259817123,0.9359344452619552,1.0,0.9935971915721893,1.0,0.9668379366397857
14.160000000040558,150.34417840127728,29.658995578471398,129.55696551810698,64.372191030435,130.0,70.0,0.9058905303478241,0.935298502445221,1.0,0.9941828116774558,1.0,0.9675305947661399
14.180000000040511,150.4119654800101,29.589522061648033,129.60744226513285,64.68437515715763,130.0,70.0,0.9049622625112533,0.9347426682710648,1.0,0.9941805139183998,1.0,0.9685588642954825
14.200000000040465,150.48121309219923,29.50483746609985,129.62965008902515,65.11804967192847,130.0,70.0,0.9051111072301864,0.9344145447015763,1.0,0.9932909235358238,1.0,0.9696720883250236
14.220000000040418,150.55122526791635,29.406387824285467,129.6174387095359,65.65851627921266,130.0,70.0,0.9066346243023872,0.9344005882740021,1.0,0.9917032927274704,1.0,0.9705964758992195
14.240000000040371,150.62133112571559,29.29604176160498,129.56673459439742,66.28897837376823,130.0,70.0,0.9084946691989898,0.9345171302556992,1.0,0.989482356607914,1.0,0.9716984927654266
14.260000000040325,150.69095057087893,29.176938817898645,129.47572545056042,66.98882123535346,130.0,70.0,0.9105809092521667,0.934759584069252,1.0,0.9867725610733031,1.0,0.9730046480894088
14.280000000040278,150.75961059826037,29.053444149063598,129.3449638673994,67.73429954901302,130.0,70.0,0.9126141130924225,0.9351664215326309,1.0,0.9838379651308059,1.0,0.9748920649290085
14.300000000040232,150.82688454969582,28.929702470555217,129.1774672178443,68.50153470713494,130.0,70.0,0.9146605178713798,0.9357198774814606,1.0,0.9808543160557747,0.9965472996234893,0.977278596162796
14.320000000040185,150.89237049672232,28.809801295405762,128.97881739620865,69.26912500154027,130.0,70.0,0.9169628366827964,0.9361752092838287,0.9997527718544006,0.9781556516885757,0.9919820681214332,0.9798052102327346
14.340000000040138,150.95640952974716,28.696500135535256,128.7570600304236,70.0197838085344,130.0,70.0,0.919376328587532,0.9365799278020859,0.9974465236067771,0.9755684599280356,0.9870860219001769,0.9824056833982467
14.360000000040092,151.01750852870836,28.591876451340166,128.52245546219578,70.74023187966503,130.0,70.0,0.9218026772141457,0.9371049344539643,0.9947412833571434,0.9730444118380546,0.981013724207878,0.9853145390748977
14.380000000040045,151.07410025627257,28.497718973412272,128.28707327465034,71.42031595598985,130.0,70.0,0.9239596962928772,0.9380074352025985,0.9927687019109726,0.9709530800580978,0.9751811355352401,0.9875680416822433
14.400000000039999,151.1245441877406,28.415839142460374,128.06419583783847,72.05120176643318,130.0,70.0,0.9256274938583374,0.9388915002346039,0.9916713923215865,0.9691460624337196,0.9710039258003235,0.9884655624628067
14.420000000039952,151.16719345944745,28.348185976326025,127.8675253079676,72.62309307125402,130.0,70.0,0.9266583919525146,0.9397694408893585,0.9905393213033675,0.9677861914038658,0.9671024739742279,0.9897921696305274
14.440000000039905,151.2004853499042,28.296528261306733,127.70978041811127,73.1250401337901,130.0,70.0,0.9270841389894485,0.9406069248914718,0.9894577741622924,0.9668372392654419,0.9636460274457931,0.9914285808801651
14.460000000039859,151.22326054292512,28.262241205058523,127.60062932444899,73.54527069532166,130.0,70.0,0.9268998622894287,0.9413940101861954,0.9884413778781891,0.9663140252232552,0.9606972873210907,0.993321169912815
14.480000000039812,151.2349033175697,28.2461617151952,127.54607998589046,73.87114339898598,130.0,70.0,0.9261669129133224,0.9421172320842742,0.9875255286693573,0.9661852657794952,0.9582995802164077,0.9953579813241958
14.500000000039766,151.23501771864838,28.248237016569593,127.54901455770282,74.09153764882664,130.0,70.0,0.9250591605901718,0.9427660942077637,0.9867770671844482,0.9663360640406609,0.9564689010381698,0.9972690641880035
14.520000000039719,151.22370940664294,28.26724402922018,127.60991625844635,74.19949821815516,130.0,70.0,0.92402805685997,0.9433385580778122,0.9864220902323723,0.966338737308979,0.9551827594637871,0.9982045292854309
14.540000000039672,151.2015226381125,28.301499399130066,127.72676582675771,74.19067621861002,130.0,70.0,0.9223311394453049,0.9437260568141937,0.9866066128015518,0.9663109496235847,0.9544950813055039,0.9989869207143783
14.560000000039626,151.16949704198825,28.34955769317368,127.89495282396568,74.06210533420588,130.0,70.0,0.9205047383904457,0.9440075993537903,0.9869708657264709,0.9664940506219863,0.9543722093105316,0.999460956454277
14.580000000039579,151.1293887885974,28.41026447381506,128.1073570058238,73.81206827858882,130.0,70.0,0.9183419302105903,0.9441562473773956,0.987952446937561,0.966991139948368,0.9559033885598183,0.9981248542666434
14.600000000039532,151.08314792001315,28.48262516961546,128.35463982473854,73.44067743379213,130.0,70.0,0.9159499987959862,0.9441842854022979,0.9893192961812018,0.9677913144230842,0.9586429700255393,0.9957098737359047
14.620000000039486,151.0332275403705,28.565469327944115,128.62593174067308,72.9510489590897,130.0,70.0,0.9136302277445792,0.9441528409719467,0.9903022766113281,0.9690796375274657,0.962052321434021,0.9932866096496582
14.64000000003944,150.98229255167413,28.657004038994263,128.91010456222168,72.35059185765644,130.0,70.0,0.911401616036892,0.9439727127552032,0.9914600387215614,0.9705739945173263,0.9662794560194015,0.9903436675667763
14.660000000039393,150.93312915493104,28.75473199722478,129.19684089523824,71.65067016274918,130.0,70.0,0.9093661189079284,0.9436331182718277,0.992703403532505,0.9722833037376404,0.9711440041661262,0.9868851378560066
14.680000000039346,150.88845724224248,28.856276486056974,129.47701198642153,70.86546969148075,130.0,70.0,0.9074846431612968,0.9432102411985397,0.9942955583333969,0.9741178631782531,0.9766655549407005,0.9832658901810646
14.7000000000393,150.85078050492118,28.96010847095508,129.74306164043216,70.01034640607953,130.0,70.0,0.9063012525439262,0.9428658992052078,0.996944186091423,0.9758569806814194,0.9829251289367675,0.9786979228258132
14.720000000039253,150.82238029703956,29.06438565589741,129.98889913955975,69.10491229489374,130.0,70.0,0.9049176841974258,0.9426468074321747,0.9987524822354317,0.9780719310045242,0.9873793214559554,0.9761422201991081
14.740000000039206,150.8053886557139,29.16680986303212,130.20913220335788,68.17311703290532,130.0,70.0,0.9038126140832901,0.9423021793365478,1.0,0.9802530139684676,0.9921516999602318,0.9735544919967651
14.76000000003916,150.80224565343025,29.26434893965486,130.3990062861665,67.24234620895687,130.0,70.0,0.9027483269572257,0.9418554484844207,1.0,0.9825441747903824,0.9970043614506721,0.9713593766093254
14.780000000039113,150.8132858441582,29.354237995209857,130.55453704243524,66.34230795337277,130.0,70.0,0.9023484230041504,0.9412479370832443,1.0,0.9850289553403854,1.0,0.969181203842163
14.800000000039066,150.8391423783324,29.43357719309811,130.67303218751786,65.50383023237323,130.0,70.0,0.903263521194458,0.9404969632625579,1.0,0.9878163248300552,1.0,0.9667864695191383
14.82000000003902,150.87978451059442,29.499490497652832,130.7536825201676,64.7572510962173,130.0,70.0,0.9041171967983246,0.9396153390407562,1.0,0.9906268060207366,1.0,0.9647873610258102
14.840000000038973,150.9346571445014,29.549565975748802,130.79653226379287,64.12911354134032,130.0,70.0,0.9050236672163009,0.9386630564928055,1.0,0.9931706756353378,1.0,0.9638744130730629
14.860000000038927,151.00282577400404,29.581938746602468,130.80178349724702,63.641157979069476,130.0,70.0,0.9058114945888519,0.9376530706882477,1.0,0.9954187959432601,1.0,0.963455943763256
14.88000000003888,151.08311486873305,29.595301131159186,130.7691327168714,63.30969608671667,130.0,70.0,0.906532472372055,0.9366529732942581,1.0,0.9966316640377044,1.0,0.9629541426897048
14.900000000038833,151.17401537876356,29.588829035721428,130.69789664764224,63.14442417221276,130.0,70.0,0.9068849012255669,0.9356730014085769,1.0,0.997254928946495,1.0,0.962826107442379
14.920000000038787,151.27353437604324,29.56208858269067,130.58730302161922,63.14767397150813,130.0,70.0,0.9068570241332053,0.9347231239080429,1.0,0.9974339932203292,1.0,0.9632478848099708
14.94000000003874,151.37930475519897,29.515056176655172,130.43693071928934,63.31525552762107,130.0,70.0,0.9067839339375495,0.9338073194026947,1.0,0.9967560827732086,1.0,0.9639324158430099
14.960000000038693,151.48872905552042,29.448229642340415,130.24721574245467,63.63745517764889,130.0,70.0,0.9066114321351051,0.9329622179269791,1.0,0.9953193128108978,1.0,0.9649440824985503
14.980000000038647,151.5991229697071,29.362632569003768,130.0198986153483,64.10025556522909,130.0,70.0,0.9067609295248985,0.9321371257305145,1.0,0.9928315863013267,1.0,0.9657692193984985
15.0000000000386,151.7078277776161,29.259798909263445,129.75853858823731,64.68669346368243,130.0,70.0,0.9079238325357437,0.9316653251647949,1.0,0.9898456484079361,1.0,0.9667599692940712
15.020000000038554,151.81228872402244,29.141359483218,129.46860200331437,65.37775314093165,130.0,70.0,0.9103319242596626,0.9316170275211334,1.0,0.986642326414585,1.0,0.9681983798742294
15.040000000038507,151.91042159130959,29.01044470102818,129.1573191420313,66.1508587165306,130.0,70.0,0.912642379105091,0.9317986130714416,1.0,0.9832789480686187,1.0,0.9702546775341033
15.06000000003846,152.00171601405674,28.87138013466363,128.83360519418625,66.97916110951105,130.0,70.0,0.9148412317037582,0.9321749538183212,1.0,0.9798492789268494,1.0,0.9727766379714011
15.080000000038414,152.084641859623,28.72893322030766,128.50793007146558,67.8352838318811,130.0,70.0,0.9167805716395377,0.9329405456781387,1.0,0.9770852267742156,0.9976969391107559,0.9762870013713836
15.100000000038367,152.15815979222387,28.58733227588775,128.1921991231813,68.69489868265323,130.0,70.0,0.9180279552936553,0.9341594398021698,0.9992981418967246,0.975351969897747,0.9926991298794746,0.9802424192428588
15.12000000003832,152.22130495386432,28.44997920569268,127.89933727789719,69.53786530885154,130.0,70.0,0.9196034893393517,0.9350243449211121,0.99707902520895,0.9736034870147705,0.9881039291620254,0.9835924714803695
15.140000000038274,152.2728670359689,28.319810376370786,127.64270333678287,70.34767514365872,130.0,70.0,0.9213979855179787,0.9359140694141388,0.9940421164035796,0.9717375367879867,0.981605714559555,0.9871804535388946
15.160000000038227,152.3123580384193,28.199490418474753,127.43551548610031,71.1104794257506,130.0,70.0,0.922884751856327,0.9370602667331696,0.9920121043920517,0.9702068358659743,0.9759418055415153,0.9893376469612121
15.18000000003818,152.33863627251108,28.091942402851114,127.29018897577322,71.81409307538729,130.0,70.0,0.9239603668451309,0.9380301177501679,0.9906371057033538,0.9688064992427825,0.9716174364089966,0.9905161827802658
15.200000000038134,152.35075951097411,28.000571673763442,127.21710236099862,72.44573635669,130.0,70.0,0.9245104745030402,0.9388223797082901,0.9892884016036987,0.9676663011312484,0.9677335396409035,0.9918849498033523
15.220000000038088,152.34837637651543,27.92881513061223,127.22278695730837,72.99177618776858,130.0,70.0,0.9245676949620246,0.9394156843423843,0.9880350142717361,0.9667752712965011,0.9644232422113418,0.9933417648077011
15.240000000038041,152.3317774463454,27.879122627637287,127.30864963339121,73.43976859967742,130.0,70.0,0.9239765629172325,0.9399969637393951,0.9868571445345878,0.9663947597146034,0.961672681570053,0.9949645146727562
15.260000000037994,152.3018481466579,27.852716371058772,127.47094567699601,73.77829161409268,130.0,70.0,0.9224549502134323,0.9409520357847213,0.985708725452423,0.9670116811990738,0.9593873500823974,0.9969450712203979
15.280000000037948,152.2599250582705,27.849139521232516,127.70217015630253,73.99946323311194,130.0,70.0,0.9206084057688713,0.9418059974908829,0.9847642794251441,0.967915415763855,0.9577305048704147,0.9987640872597694
15.300000000037901,152.20768238756997,27.866480765710897,127.99237734965736,74.09984056411145,130.0,70.0,0.919119082391262,0.9425719201564788,0.9843046694993972,0.9684727385640144,0.956623575091362,0.9992110058665276
15.320000000037854,152.14710873614328,27.90224991017971,128.32973946915646,74.0785357023223,130.0,70.0,0.9170793071389198,0.9431282460689544,0.9844136923551559,0.9689124956727028,0.9561035841703415,0.9994496598839759
15.340000000037808,152.0804967462326,27.95395573300048,128.70096397936302,73.93598015563448,130.0,70.0,0.9149203702807426,0.9435461342334747,0.9849189668893814,0.9695669367909431,0.9566731154918671,0.9986456543207168
15.360000000037761,152.01047037201454,28.01948480950431,129.09137589779277,73.67343463868835,130.0,70.0,0.9125256583094596,0.9438113510608673,0.9860503584146499,0.9705120936036109,0.958973941206932,0.9960131332278251
15.380000000037715,151.9400233252165,28.09731128379543,129.484778415422,73.29303832417854,130.0,70.0,0.910283000767231,0.9440090298652649,0.986762261390686,0.9719113528728485,0.9617846101522446,0.9935433328151703
15.400000000037668,151.87237143522776,28.18603695399695,129.86437437782146,72.79924091662977,130.0,70.0,0.9082034841179848,0.9440389454364776,0.9877073019742966,0.9733956784009933,0.9653631910681724,0.9907004505395889
15.420000000037621,151.81066955061354,28.283719246262546,130.21456015429658,72.20065546345394,130.0,70.0,0.9063517719507217,0.9438902795314789,0.9888583540916442,0.9749222576618194,0.9696048319339752,0.987543450295925
15.440000000037575,151.75788738808134,28.388104432668197,130.52229162711012,71.5090248880529,130.0,70.0,0.9048686444759368,0.9435501128435134,0.990101808309555,0.9764900580048561,0.9742904365062713,0.9839950174093246
15.460000000037528,151.71690558107835,28.497729811947195,130.77763820856487,70.73705685644335,130.0,70.0,0.9038388282060623,0.9429644525051116,0.9918757498264312,0.977804747223854,0.98002320677042,0.9798390865325928
15.480000000037482,151.69013721906518,28.610861446306664,130.9738669266103,69.90199612266777,130.0,70.0,0.9031319499015807,0.9426076829433441,0.9940986216068267,0.9792079582810401,0.985094267129898,0.9763684421777725
15.500000000037435,151.6790655534516,28.725216041288146,131.10660310870395,69.02568452080834,130.0,70.0,0.9026835963129997,0.9422527641057968,0.9960358336567878,0.9806117057800292,0.9891079425811767,0.9738268703222275
15.520000000037388,151.6849589693284,28.83803122386629,131.1737914279467,68.13362283537157,130.0,70.0,0.902404199540615,0.9417587637901306,0.9981433615088462,0.9819069311022758,0.9933027744293212,0.9715537384152412
15.540000000037342,151.70859985893307,28.946210537693773,131.17578978848303,67.25391207705945,130.0,70.0,0.902165250480175,0.9411475241184234,1.0,0.9831739306449889,0.9975193724036217,0.9697278559207916
15.560000000037295,151.7500216437092,29.046673862858572,131.11540808160441,66.41613406132322,130.0,70.0,0.9021678075194358,0.9401811778545379,1.0,0.9846090197563171,1.0,0.9681483075022697
15.580000000037248,151.80850819478746,29.13611377253044,130.99827392762793,65.65029337576651,130.0,70.0,0.9035585641860961,0.9392935276031494,1.0,0.986182814836502,1.0,0.9664282873272896
15.600000000037202,151.8826208654032,29.21145821862373,130.83261008959178,64.98426418296755,130.0,70.0,0.9045109763741493,0.9382775157690048,1.0,0.9874969497323036,1.0,0.9653264939785003
15.620000000037155,151.97032943559404,29.270158338779773,130.62845418658978,64.44150784624819,130.0,70.0,0.9053616702556609,0.9371885031461715,1.0,0.9888123095035553,1.0,0.964769685268402
15.640000000037109,152.06915370965558,29.31025777369706,130.39714148460055,64.04040966777441,130.0,70.0,0.9061534315347671,0.9361203670501709,1.0,0.9900338411331177,1.0,0.9649775832891464
15.660000000037062,152.1763720411258,29.330394863123423,130.1502534772957,63.79383012811291,130.0,70.0,0.9067656189203263,0.9351069658994674,1.0,0.9902903497219085,1.0,0.9649906322360038
15.680000000037015,152.2893217128604,29.32969531430259,129.89787664852844,63.70816887902216,130.0,70.0,0.9068370372056961,0.9341136813163757,1.0,0.9903229653835296,1.0,0.9655127733945846
15.700000000036969,152.40476672383423,29.307800094214684,129.64830171249895,63.782917527020125,130.0,70.0,0.9065084755420685,0.933170348405838,1.0,0.9900281012058257,1.0,0.9664561331272125
15.720000000036922,152.5200087785695,29.264857962839848,129.4082917581885,64.01152633977955,130.0,70.0,0.9058475434780121,0.9323076963424682,1.0,0.9893726587295532,1.0,0.9677816942334174
15.740000000036876,152.63224585715102,29.200814964350254,129.1832104856046,64.384665968121,130.0,70.0,0.9049684360623359,0.9315577954053879,1.0,0.988336306810379,1.0,0.969459992647171
15.760000000036829,152.7388986090487,29.115050588940186,128.97727075317698,64.89290120487951,130.0,70.0,0.9052516281604767,0.9312887787818909,1.0,0.9873598352074623,1.0,0.9717020511627197
15.780000000036782,152.83776674283263,29.010007950717903,128.7940892179476,65.51622756831138,130.0,70.0,0.9060974046587944,0.9313118547201157,1.0,0.9860131606459617,1.0,0.9740285277366638
15.800000000036736,152.92719258733624,28.89068396037619,128.636820338656,66.22685759737685,130.0,70.0,0.907148365676403,0.9315487831830979,1.0,0.9843319654464722,1.0,0.976498582959175
15.82000000003669,153.00610259462218,28.76302233831818,128.50821833503116,66.99433227947773,130.0,70.0,0.9084891259670257,0.9319596707820892,1.0,0.9823012828826904,1.0,0.9788046300411224
15.840000000036643,153.0740505060033,28.632726533056083,128.41071971140593,67.78917540244068,130.0,70.0,0.9098991855978965,0.9325829982757569,1.0,0.9802335813641547,0.9995709896087646,0.9813287496566772
15.860000000036596,153.13107141132653,28.504773088916654,128.34646705335214,68.58498564645335,130.0,70.0,0.911293876171112,0.933322313427925,0.9985011950135231,0.9783919721841812,0.9948706552386284,0.9840305119752883
15.88000000003655,153.17805023040003,28.38314391784131,128.31716841084466,69.35925780995102,130.0,70.0,0.9129246637225151,0.9338073104619979,0.9960439205169678,0.9767498254776,0.9907395079731941,0.98597112596035
15.900000000036503,153.21555672508896,28.271076581791867,128.3241888763512,70.09417441873799,130.0,70.0,0.9143628150224685,0.934464693069458,0.993421846628189,0.975286528468132,0.9859274730086326,0.9882003724575043
15.920000000036456,153.24388766858678,28.170994653076114,128.36869681875007,70.77673435622022,130.0,70.0,0.9156342267990112,0.9353080153465271,0.9909355282783507,0.9740153491497039,0.9807456821203231,0.990451094508171
15.94000000003641,153.26334939193165,28.084557500441953,128.45177048807363,71.39848283693738,130.0,70.0,0.9166370153427124,0.9365119069814681,0.989055398106575,0.9731737256050109,0.9756990522146225,0.9921647489070892
15.960000000036363,153.27422750359045,28.013060021068824,128.57399436980543,71.95362140300915,130.0,70.0,0.9171548962593078,0.9375902622938156,0.9878346309065819,0.9725478947162628,0.972246615588665,0.9927462697029114
15.980000000036316,153.27697496207307,27.95727624856835,128.73399220370462,72.43645023540005,130.0,70.0,0.9171279489994049,0.9386354565620422,0.9866227954626083,0.9723168581724166,0.9691205009818077,0.993641573190689
16.00000000003627,153.27228013629116,27.91737505047939,128.92753161537925,72.84183442188095,130.0,70.0,0.9166395142674446,0.939611753821373,0.9854944348335266,0.9724206686019897,0.9664297357201576,0.9947457134723663
16.020000000036934,153.26103982201423,27.893355678011833,129.14761313480543,73.16400387225445,130.0,70.0,0.9157689407467842,0.9405052244663238,0.9844694912433624,0.9728202775120735,0.9641882941126823,0.9959924042224884
16.040000000037598,153.2443565874898,27.885173996169115,129.38508723201977,73.39616951069694,130.0,70.0,0.9147291958332061,0.9413061231374741,0.9836117565631866,0.9733527943491935,0.9623900607228278,0.9971181899309158
16.06000000003826,153.2234844845814,27.89252700354367,129.62963555548743,73.5320213500318,130.0,70.0,0.9139768049120903,0.9420212984085082,0.9830725565552711,0.9736151099205017,0.9610145390033722,0.9973924055695533
16.080000000038925,153.1998088480536,27.914539060858502,129.87075538536152,73.56790766927705,130.0,70.0,0.9128886550664902,0.9425862431526184,0.9830918058753013,0.9740070253610611,0.9609470725059509,0.996455442905426
16.10000000003959,153.17492853268573,27.950083333204716,130.09794878960037,73.50194160638172,130.0,70.0,0.9115178272128105,0.9429542243480682,0.9836032852530479,0.9741887450218201,0.9614522442221641,0.9952386453747749
16.120000000040253,153.15062376140335,27.99835528893745,130.30087657148985,73.33333477700113,130.0,70.0,0.9102707877755165,0.9431790381669998,0.9843670979142188,0.974339561164379,0.962540827691555,0.9936149477958679
16.140000000040917,153.1288061624289,28.058713976773447,130.4696538326266,73.06253596104044,130.0,70.0,0.9092322543263435,0.9432875066995621,0.9850901186466217,0.9745792612433433,0.9641262456774711,0.9918480783700943
16.16000000004158,153.11143660969765,28.13033502217526,130.59545014903824,72.69209639080894,130.0,70.0,0.9083693295717239,0.9432454228401184,0.9859739422798156,0.9747933596372604,0.9662753030657768,0.9898319065570831
16.180000000042245,153.1003366601803,28.21199871533483,130.6714650760113,72.22753452119422,130.0,70.0,0.9076436355710029,0.9430361390113831,0.9871011406183242,0.9749402105808258,0.96900445073843,0.9875850915908813
16.20000000004291,153.09709916013608,28.302602037005546,130.69373458109558,71.67647988126483,130.0,70.0,0.9070881411433219,0.9426534056663513,0.9883868440985679,0.9750644236803054,0.972209332883358,0.9850909635424614
16.220000000043573,153.10303414292878,28.40064093176032,130.66173418991838,71.05001280318572,130.0,70.0,0.9067101553082466,0.9420962661504745,0.9897553160786629,0.9752133801579475,0.9757899299263953,0.9823794782161712
16.240000000044237,153.1190911781337,28.50409065041069,130.57825969221017,70.36278317633317,130.0,70.0,0.906549097597599,0.9413096725940704,0.9915623918175697,0.9751984089612961,0.980347503721714,0.9792006582021713
16.2600000000449,153.14581781310974,28.610432796231926,130.44879113771364,69.63240529528129,130.0,70.0,0.9062006294727325,0.9405788511037826,0.9933164089918136,0.9754295840859413,0.9844524100422859,0.9769752115011214
16.280000000045565,153.18334873245445,28.716877840338345,130.28109697172036,68.87887865844029,130.0,70.0,0.9060680657625199,0.940041184425354,0.9951670750975609,0.9757949501276015,0.9876172110438346,0.9753462255001067
16.30000000004623,153.23160203019643,28.820543874538135,130.08493887163695,68.12398569430029,130.0,70.0,0.9058106854557991,0.9394250452518463,0.9970931649208068,0.9763004302978515,0.9910018995404243,0.9740383848547935
16.320000000046893,153.28975081098736,28.918352909266204,129.87158831822234,67.3905691984487,130.0,70.0,0.9053559303283691,0.9387542605400085,0.9990087002515793,0.9770109966397285,0.994496639072895,0.9731428176164627
16.340000000047556,153.35628217279344,29.00716182275598,129.65331670114495,66.70186630646013,130.0,70.0,0.9046166598796844,0.9380587548017502,1.0,0.9779999762773514,0.9979267463088035,0.9728102058172226
16.36000000004822,153.42959380582562,29.083865828946376,129.4431142828244,66.08096185714736,130.0,70.0,0.904007887840271,0.9370498687028884,1.0,0.9792379900813102,1.0,0.9723598897457122
16.380000000048884,153.50787719235558,29.14570028181421,129.25379196682516,65.54886595474697,130.0,70.0,0.9038861244916916,0.9361213862895965,1.0,0.9807312071323394,1.0,0.9718069612979888
16.40000000004955,153.58918012593276,29.190462151164503,129.0972610560295,65.12281807376425,130.0,70.0,0.9033926337957382,0.9351870566606522,1.0,0.9824834629893302,1.0,0.9716956138610839
16.420000000050212,153.6715079716325,29.216721481787538,128.98394705654042,64.81591725248693,130.0,70.0,0.9027275264263153,0.9343177527189255,1.0,0.9840336859226226,1.0,0.9716954976320267
16.440000000050876,153.75297893578121,29.223755734368666,128.92204885555356,64.63703676585597,130.0,70.0,0.9018369257450104,0.9335260808467865,1.0,0.9854468792676925,1.0,0.971928210556507
16.46000000005154,153.83209564595523,29.211367220001776,128.9163328899921,64.59064618919746,130.0,70.0,0.9006701961159705,0.932805585861206,1.0,0.9868676632642746,1.0,0.9725772559642791
16.480000000052204,153.90775889432604,29.179874743439065,128.96737760323157,64.67638854517038,130.0,70.0,0.8998234003782272,0.9323070257902145,1.0,0.9882565915584564,1.0,0.9734019145369529
16.500000000052868,153.97917081050258,29.12999097417434,129.0718582700525,64.88884160984077,130.0,70.0,0.8991449356079101,0.9320359081029892,1.0,0.9897077605128288,1.0,0.9745559573173522
16.520000000053532,154.04585973029347,29.062822744022526,129.22318515324986,65.21834784580655,130.0,70.0,0.8986644089221955,0.931932982802391,1.0,0.9908788710832596,1.0,0.9758604630827903
16.540000000054196,154.10768505849975,28.97991034457441,129.41243402949658,65.65195827936046,130.0,70.0,0.8985047817230224,0.9320053309202194,1.0,0.9916251108050346,1.0,0.9771829441189765
16.56000000005486,154.16482259486403,28.88384982829633,129.62918708606682,66.1725506201087,130.0,70.0,0.8986751288175583,0.9322476327419281,1.0,0.9918930903077126,1.0,0.9784940972924232
16.580000000055524,154.21768613001402,28.778544701004172,129.8621907456178,66.75883957623361,130.0,70.0,0.8992070466279983,0.9326390296220779,1.0,0.9916283831000328,1.0,0.9796945333480834
16.600000000056188,154.2671680083767,28.668262609923573,130.09993626518758,67.38832794722529,130.0,70.0,0.9000663727521896,0.9331597000360489,0.9992108941078186,0.9908472925424575,1.0,0.9807755038142204
16.62000000005685,154.31440394616524,28.557059308710585,130.3311762113045,68.03947418557443,130.0,70.0,0.9009370356798172,0.9337264597415924,0.9973728075623511,0.989791963994503,1.0,0.9818599209189415
16.640000000057515,154.36014365601548,28.44863278309778,130.54556090876724,68.69322964256591,130.0,70.0,0.9019080311059952,0.9343831986188889,0.9954002305865287,0.9884075284004211,0.9986014112830162,0.9830477237701416
16.66000000005818,154.40507240044548,28.346001151714063,130.73426372330667,69.3339586801154,130.0,70.0,0.9030042052268982,0.9350791871547699,0.9934974536299706,0.9867227479815482,0.9949502632021904,0.984130522608757
16.680000000058843,154.44972550354038,28.251503469918312,130.8904930572885,69.9497087023544,130.0,70.0,0.9045196264982224,0.9355753242969512,0.9915499195456504,0.9851508796215057,0.9916267111897468,0.9848668158054351
16.700000000059507,154.4944243068898,28.16674214133585,131.0097306259146,70.53209393661288,130.0,70.0,0.9060550570487976,0.9361784905195236,0.9893171370029449,0.9836069732904433,0.9872916758060455,0.9862178266048431
16.72000000006017,154.53937768737626,28.092668971938217,131.08922392461403,71.0758002849719,130.0,70.0,0.9078270584344864,0.9370369672775268,0.9877580314874649,0.9819876790046691,0.9827061131596565,0.9872909873723983
16.740000000060835,154.58470674357588,28.030119416344252,131.12724287138894,71.57756490170385,130.0,70.0,0.9094233080744744,0.9379032492637634,0.9864500612020493,0.9804582387208938,0.9783445641398429,0.988381215929985
16.7600000000615,154.63047993492552,27.97982706902142,131.1230705591783,72.03448461073589,130.0,70.0,0.9107321590185166,0.9387001872062682,0.9852779403328895,0.9790604010224342,0.9743557214736938,0.989578053355217
16.780000000062163,154.67669253428244,27.942361976221186,131.07716076923316,72.44288419487819,130.0,70.0,0.9116220220923423,0.9395002633333206,0.9839113816618918,0.9779825866222381,0.9702370017766953,0.9914331808686256
16.800000000062827,154.72321870139248,27.918046938206615,130.99085796583827,72.79836596041969,130.0,70.0,0.9123866662383079,0.9401230096817016,0.9830699235200882,0.9768348783254623,0.9671859309077262,0.9927277892827987
16.82000000006349,154.7698756723705,27.90705224162449,130.86612490827594,73.09459177283127,130.0,70.0,0.912889902293682,0.9406688749790192,0.9823354497551917,0.9758369266986846,0.9645160555839538,0.9941192835569381
16.840000000064155,154.81636038485144,27.909716848104637,130.70606250597783,73.32388261449381,130.0,70.0,0.9134094774723053,0.9411336302757263,0.9818460762500762,0.9747291833162307,0.9623017847537995,0.9950765550136565
16.86000000006482,154.86224317930706,27.926264328031824,130.51498022269143,73.47794937267703,130.0,70.0,0.9139156505465508,0.9415118306875229,0.9815843641757964,0.9735617339611053,0.9605397790670395,0.995649591088295
16.880000000065483,154.90710596930543,27.956840186078153,130.29801542482573,73.54821561696885,130.0,70.0,0.9142968282103539,0.9417847633361817,0.981534144282341,0.9724465429782867,0.9592790871858596,0.9959964543581008
16.900000000066147,154.95068594996124,28.001436647480556,130.0605472910563,73.52593109766023,130.0,70.0,0.9144747346639633,0.9419200003147125,0.9818232506513596,0.9712967693805694,0.9585934519767761,0.9960170626640319
16.92000000006681,154.99288433288464,28.05971873456699,129.8084698147524,73.40442047695421,130.0,70.0,0.9143372356891631,0.9418878138065337,0.9825645327568053,0.9700586706399917,0.9585464641451835,0.9956618398427963
16.940000000067474,155.0336872711887,28.130797393093196,129.54810808117995,73.17988144750542,130.0,70.0,0.9140699937939644,0.9417322814464569,0.9835776925086974,0.9689375787973403,0.9591625273227692,0.9948752641677856
16.96000000006814,155.0731504704614,28.213017624072332,129.28631292334381,72.85214012006736,130.0,70.0,0.9136387169361114,0.9414488166570664,0.9848692387342453,0.9679694175720215,0.9604964882135391,0.9936566114425659
16.980000000068802,155.11138222071395,28.303982987624902,129.03049766405093,72.42484872506172,130.0,70.0,0.9131405636668205,0.9410275757312775,0.986281681060791,0.9672544971108437,0.9624126225709915,0.9917871206998825
17.000000000069466,155.14840765103236,28.40110200330041,128.7885652717156,71.90516678410363,130.0,70.0,0.9124639496207237,0.9404999583959579,0.987693703174591,0.966884459555149,0.9649817496538162,0.9896576970815658
17.02000000007013,155.1841971933155,28.5017292004598,128.5690387551594,71.3026123461122,130.0,70.0,0.9115070223808288,0.939891356229782,0.9890376597642898,0.9669207856059074,0.9683034777641296,0.9875876709818839
17.040000000070794,155.21868131707163,28.60410228042161,128.38121865061288,70.62649453513161,130.0,70.0,0.910203106701374,0.9391800969839096,0.9905300140380859,0.9672964200377464,0.9724460244178772,0.9854812070727348
17.060000000071458,155.25176411053675,28.706400827826634,128.23488091533795,69.88856112033154,130.0,70.0,0.908545072376728,0.9383776068687438,0.9921352937817574,0.9680491954088211,0.9773718386888504,0.9834159687161446
17.080000000072122,155.28333293947134,28.806485427655424,128.1397772262061,69.10375159167602,130.0,70.0,0.9068577259778976,0.9375824838876724,0.993869636952877,0.9691287130117416,0.982586070895195,0.9812719225883484
17.100000000072786,155.31327474314938,28.90193757455943,128.10486600360568,68.2899125498604,130.0,70.0,0.9050604492425919,0.9372203409671783,0.9956749111413955,0.9708292961120605,0.9866938784718513,0.9800198048353195
17.12000000007345,155.34153456607248,28.990105018067133,128.1374007452651,67.46735141798023,130.0,70.0,0.9031109392642974,0.9368362128734589,0.9975712954998016,0.9729540526866912,0.9912580057978629,0.9787629172205925
17.140000000074114,155.3682045299885,29.068297162907417,128.24216424715019,66.65831054674314,130.0,70.0,0.9009524583816528,0.9364509224891663,0.9994160830974579,0.9755784466862678,0.9960468217730521,0.9777289167046547
17.160000000074778,155.39365450857187,29.134015372325866,128.42117303635496,65.88640611535493,130.0,70.0,0.8986837655305863,0.9360501825809479,1.0,0.9787010788917541,1.0,0.9768850401043891
17.18000000007544,155.41832782739203,29.184904209961044,128.67354791932468,65.17582203159691,130.0,70.0,0.8970170095562935,0.9352200567722321,1.0,0.982573276758194,1.0,0.9753075793385505
17.200000000076106,155.44272042994285,29.218957089031342,128.99548412967079,64.54981184074319,130.0,70.0,0.8952358841896056,0.9343564927577972,1.0,0.9867501646280288,1.0,0.9738914892077446
17.22000000007677,155.46730618631767,29.23484521306898,129.38013069462576,64.02856371699704,130.0,70.0,0.8940156444907188,0.9334882438182831,1.0,0.9905324235558509,1.0,0.9724527925252914
17.240000000077433,155.49282635447804,29.23194003774929,129.81773141968782,63.6286459354507,130.0,70.0,0.8933671712875366,0.9327606856822968,1.0,0.9941904336214065,1.0,0.9712860897183417
17.260000000078097,155.5201661524831,29.21025178272477,130.29557971148918,63.3626203324952,130.0,70.0,0.893343049287796,0.9321738898754119,1.0,0.9972285851836205,1.0,0.9698688328266143
17.28000000007876,155.55038932608127,29.17029632644497,130.79745014682075,63.238026628253735,130.0,70.0,0.8932574778795243,0.9316878914833069,1.0,1.0,1.0,0.9688484087586402
17.300000000079425,155.5845759123539,29.11278618453663,131.30383342100018,63.25609309322867,130.0,70.0,0.8931671813130379,0.931300875544548,1.0,1.0,1.0,0.9681746959686279
17.32000000008009,155.6239204097344,29.03860230330229,131.793342145376,63.41250472563976,130.0,70.0,0.8930843189358711,0.9310208439826965,1.0,1.0,1.0,0.9678581774234771
17.340000000080753,155.6693537298497,28.948680423311682,132.24453133507348,63.69867138792012,130.0,70.0,0.8930312603712082,0.9308484584093094,1.0,1.0,1.0,0.9678905561566352
17.360000000081417,155.7216762668773,28.844079763294364,132.6373771481256,64.10285571052516,130.0,70.0,0.8930248096585274,0.9307811617851257,1.0,1.0,1.0,0.9682661324739456
17.38000000008208,155.78089084560477,28.72620457331571,132.95458562102334,64.61128360720022,130.0,70.0,0.893073259294033,0.9308138847351074,1.0,1.0,1.0,0.9689838111400604
17.400000000082745,155.84664878514423,28.596760063563938,133.18271545763528,65.20891143044058,130.0,70.0,0.8940086483955383,0.9309053212404251,1.0,1.0,1.0,0.9694689109921455
17.42000000008341,155.9182688693827,28.457814725263177,133.3136687521203,65.88003564197601,130.0,70.0,0.8957046806812287,0.9310946762561798,1.0,1.0,1.0,0.9701193109154701
17.440000000084073,155.99490740156475,28.31135911079945,133.34462018602267,66.60879409795562,130.0,70.0,0.8975317299365997,0.931400814652443,0.9986283093690872,1.0,1.0,0.9712550699710846
17.460000000084737,156.07551409420012,28.16051253592926,133.27745983171033,67.37807082296261,130.0,70.0,0.8994743600487709,0.9317797034978866,0.9963550657033919,0.9963916018605232,1.0,0.9727049469947815
17.4800000000854,156.15883901002064,28.01009683783614,133.11816332381545,68.16591843988627,130.0,70.0,0.9019658505916596,0.9322314947843552,0.9943646967411041,0.9921623528003692,1.0,0.9743585869669914
17.500000000086064,156.24368306583403,27.86489210919115,132.8761071693477,68.95156105558118,130.0,70.0,0.9044960051774978,0.932813748717308,0.9917752653360367,0.9881696432828903,0.9980518892407417,0.9766899898648261
17.52000000008673,156.32862151492657,27.728654576817895,132.56334965455207,69.71851302537375,130.0,70.0,0.9070452660322189,0.9335483431816101,0.9894163474440574,0.9842333853244781,0.992089182138443,0.9792180925607681
17.540000000087392,156.4119704139394,27.604099330215558,132.193638887003,70.45435819073484,130.0,70.0,0.9102410107851028,0.9344719350337982,0.9874306008219719,0.9807546943426132,0.9847667559981346,0.9819552689790725
17.560000000088056,156.49198884633722,27.493407399864154,131.78104568485338,71.14950925212416,130.0,70.0,0.9131713464856147,0.9352744430303573,0.985673901438713,0.9775659233331679,0.9779949158430099,0.984679302573204
17.58000000008872,156.56703207680962,27.398367098849068,131.34040248944402,71.7964774974755,130.0,70.0,0.9153236001729965,0.9361024856567383,0.9840559884905815,0.9749710023403168,0.9720967382192611,0.987159876525402
17.600000000089384,156.63558948956936,27.320145771615433,130.88725218601434,72.38909239761215,130.0,70.0,0.9169388979673385,0.9368070483207702,0.9830563873052597,0.9726619958877563,0.9678138136863708,0.9887180477380753
17.620000000090048,156.69635315059844,27.26028405805518,130.43664995045205,72.92021259898837,130.0,70.0,0.9179759696125984,0.9374902784824372,0.9820537328720093,0.9707891434431075,0.9639007210731506,0.9906255811452865
17.640000000090712,156.74820710578686,27.2203273097872,130.00265139176415,73.37979579627033,130.0,70.0,0.9184840738773346,0.9381300657987595,0.9811132699251175,0.9693015947937965,0.9604686334729194,0.9927635520696639
17.660000000091376,156.7906611661969,27.201540531866858,129.59797479995208,73.75473793894088,130.0,70.0,0.9184921562671661,0.938719168305397,0.9802555441856384,0.9681809544563293,0.9575522765517235,0.9950532600283623
17.68000000009204,156.82252150218534,27.20456552929284,129.2336075903371,74.0305574930779,130.0,70.0,0.9180669143795966,0.9392448008060456,0.9795297831296921,0.9673944368958473,0.9551801040768623,0.9973774343729018
17.700000000092704,156.8431861450391,27.22913195754147,128.91840531973514,74.19398268558965,130.0,70.0,0.917468772828579,0.9397019743919373,0.9790367394685745,0.9667479172348976,0.9533610656857491,0.9992898315191269
17.720000000093368,156.85252885283276,27.273819723865433,128.65930419528326,74.23553862810319,130.0,70.0,0.9168550834059715,0.9400696873664856,0.9789338946342467,0.9660152316093444,0.9520974680781364,1.0
17.74000000009403,156.85090966668767,27.33667320099274,128.46093579542418,74.14877065168216,130.0,70.0,0.9155942797660828,0.9402421981096267,0.9794005900621414,0.9652515977621078,0.9514552846550941,1.0
17.760000000094696,156.83979519572614,27.41562993379388,128.32532663551424,73.92960545164817,130.0,70.0,0.9141681671142577,0.9403038263320923,0.9800730466842651,0.9647325858473778,0.9514108046889305,1.0
17.78000000009536,156.81995494186992,27.508540751686425,128.2518466784004,73.5764278287891,130.0,70.0,0.9123355478048324,0.9402134537696838,0.9814256131649017,0.9646583557128906,0.9532733485102654,0.999599626660347
17.800000000096023,156.79326981241255,27.613010364723372,128.2374574333915,73.0906274111839,130.0,70.0,0.9103596583008766,0.9400006383657455,0.9828969299793243,0.9649975344538688,0.955938471853733,0.9965897232294082
17.820000000096687,156.7619232109712,27.726769458728498,128.277439960502,72.4776729136788,130.0,70.0,0.9082166269421578,0.9396883577108383,0.9843937277793884,0.9657512217760086,0.9595652922987937,0.9933415457606315
17.84000000009735,156.72807515713032,27.84673746470931,128.36656707088366,71.74816851376963,130.0,70.0,0.905985078215599,0.9392912566661834,0.9857095748186111,0.9670075371861457,0.9641608014702796,0.9900788575410843
17.860000000098015,156.69387874049582,27.96923526652072,128.50013543839606,70.91729714348715,130.0,70.0,0.903628820180893,0.9387531071901322,0.9872559711337089,0.9685938850045204,0.9698296725749969,0.9866214543581009
17.88000000009868,156.66139026655375,28.090968803738065,128.67418807070982,70.00226846354359,130.0,70.0,0.9011765658855438,0.9380794435739517,0.9889915615320205,0.9705235466361045,0.9764721542596817,0.9831537514925003
17.900000000099343,156.6324876325493,28.21027744436943,128.88568780796447,69.01946492664352,130.0,70.0,0.8989116236567497,0.937339636683464,0.9906794488430023,0.9727398291230201,0.9832107350230217,0.9798801690340042
17.920000000100007,156.608866091133,28.325226213789804,129.13198260053895,67.98926507786922,130.0,70.0,0.8970196515321731,0.9371146082878112,0.9928210407495498,0.9754516899585723,0.9887033447623252,0.9772848770022392
17.94000000010067,156.59213395707584,28.433349830123248,129.41003139454207,66.93685210898285,130.0,70.0,0.8950898736715317,0.9368109911680221,0.9950084716081619,0.9785525292158126,0.9944753065705298,0.9750232920050621
17.960000000101335,156.5837262165453,28.53197479696124,129.71568334823993,65.89136997874216,130.0,70.0,0.8932301998138428,0.936423859000206,0.997278219461441,0.9819701015949249,1.0,0.9729661628603935
17.980000000102,156.5848053834458,28.6183881176066,130.0437133738204,64.88496724252826,130.0,70.0,0.8920011222362518,0.9354042440652847,0.999884696304798,0.985975694656372,1.0,0.9705024823546409
18.000000000102663,156.596253542042,28.689843180614712,130.38794849755655,63.9512997689917,130.0,70.0,0.8908628553152084,0.9343182355165481,1.0,0.9902262762188911,1.0,0.968514049053192
18.020000000103327,156.61864930433268,28.743769078380165,130.74132475557366,63.12297409854675,130.0,70.0,0.8911023452877999,0.9333087503910065,1.0,0.9941840052604675,1.0,0.9670634299516677
18.04000000010399,156.6521693270981,28.778204457890645,131.09619912670343,62.428629880607986,130.0,70.0,0.8922587931156158,0.9323379516601562,1.0,0.9978634417057037,1.0,0.9654653385281562
18.060000000104655,156.69662598639025,28.791883078347386,131.44447975255719,61.89169169935887,130.0,70.0,0.8930749267339706,0.9313155382871627,1.0,1.0,1.0,0.9644643828272819
18.08000000010532,156.75148992564402,28.78412018457204,131.77785279695897,61.52902735805233,130.0,70.0,0.8935504287481307,0.9303395271301269,1.0,1.0,1.0,0.9633804976940155
18.100000000105982,156.81589111465013,28.7545115569246,132.08762613507136,61.348626249679384,130.0,70.0,0.8936133176088333,0.9293739318847656,1.0,1.0,1.0,0.9628349274396896
18.120000000106646,156.88881789748226,28.70297621933554,132.36354080498677,61.350259101403225,130.0,70.0,0.8933745563030243,0.9284438669681548,1.0,1.0,1.0,0.9627662360668182
18.14000000010731,156.96893218535325,28.629939487359263,132.59466826644015,61.52697831850919,130.0,70.0,0.8933243900537491,0.9277087450027466,1.0,1.0,1.0,0.9630356684327125
18.160000000107974,157.0545438679142,28.535990911613563,132.77083893172565,61.86672790500414,130.0,70.0,0.8936548471450806,0.9272344410419464,1.0,1.0,1.0,0.9635781541466713
18.180000000108638,157.14376390289326,28.422226706407564,132.88434475052784,62.35365814011266,130.0,70.0,0.8939700424671173,0.926914319396019,1.0,1.0,1.0,0.9644930824637412
18.200000000109302,157.23458750127506,28.290299212472092,132.9312121918728,62.969432344464536,130.0,70.0,0.8949378013610839,0.9266767650842667,1.0,1.0,1.0,0.965105265378952
18.220000000109966,157.32515073837652,28.141690952259353,132.91108510799086,63.694170673716314,130.0,70.0,0.8962102636694907,0.9265490114688874,1.0,1.0,1.0,0.9656463250517845
18.24000000011063,157.4138413214304,27.978901458134935,132.82675110964098,64.50648788728215,130.0,70.0,0.89753477871418,0.9266215741634368,1.0,0.9998034566640853,1.0,0.9666247233748435
18.260000000111294,157.4991421663837,27.806166193028897,132.68363105092746,65.38106280390775,130.0,70.0,0.8995159655809403,0.926967230439186,1.0,0.9960238486528397,1.0,0.9684407755732536
18.280000000111958,157.57960106168147,27.628935779195455,132.48924704158213,66.29083270855726,130.0,70.0,0.9014770448207855,0.9274474263191222,0.9983198329806328,0.9919762432575225,1.0,0.9705294072628021
18.30000000011262,157.65390416026324,27.452214895261466,132.25268453799208,67.21034030738447,130.0,70.0,0.903370040655136,0.928099837899208,0.995148728787899,0.9881253242492676,1.0,0.9731042072176933
18.320000000113286,157.72065339337018,27.279965752074773,131.98406389954494,68.11854756208845,130.0,70.0,0.9054002046585082,0.9288949340581893,0.9918573677539825,0.984478235244751,1.0,0.976034078001976
18.34000000011395,157.7797684383777,27.115376480879583,131.69405954929974,68.99948115836774,130.0,70.0,0.9074957251548766,0.9298860281705856,0.9891382113099098,0.980970437824726,0.9939495578408241,0.97890595048666
18.360000000114614,157.82950049644802,26.961064038553996,131.39396518006905,69.84073527754171,130.0,70.0,0.9096046701073647,0.931463748216629,0.986980713903904,0.9785224258899688,0.98684583902359,0.9817419975996017
18.380000000115277,157.86958211144324,26.819848449428147,131.09655639538278,70.6316538995011,130.0,70.0,0.9116557955741882,0.9327750533819198,0.9848734319210052,0.9763604670763015,0.9798338964581489,0.9846139550209045
18.40000000011594,157.89906585362417,26.694023397840905,130.81426315761595,71.36306916510826,130.0,70.0,0.9129171669483185,0.9339578986167908,0.9830846264958382,0.9746295034885406,0.9741855755448341,0.9866955861449241
18.420000000116605,157.91726907976982,26.58617237040807,130.55707705046126,72.02710023397964,130.0,70.0,0.9137845307588577,0.934898030757904,0.981735748052597,0.9730046078562736,0.9697170063853263,0.9883072674274445
18.44000000011727,157.9241387832394,26.498992550371664,130.3320379081716,72.61665156616544,130.0,70.0,0.9141917213797569,0.935660234093666,0.9804517433047294,0.9716279596090316,0.9657592728734016,0.9900970965623855
18.460000000117933,157.92001656175103,26.434733461180073,130.1436747821314,73.12320983389324,130.0,70.0,0.9141009643673896,0.9363500356674194,0.9792546957731246,0.9706236332654953,0.9623402878642082,0.9920481890439987
18.480000000118597,157.90550009222628,26.395140325134456,129.99402861836145,73.53638886385363,130.0,70.0,0.9133493199944496,0.9372334033250809,0.9781177923083305,0.9703109145164489,0.9593931838870048,0.9942591473460197
18.50000000011926,157.8814311490361,26.38117111746277,129.88268501186087,73.84487324319375,130.0,70.0,0.9123199731111526,0.9380256742238998,0.9771551296114921,0.9702268004417419,0.9570161879062652,0.9963984459638595
18.520000000119925,157.84896238846338,26.39255134372653,129.80720813042834,74.03906541162094,130.0,70.0,0.911226624250412,0.9387190520763397,0.9764353901147842,0.9702156245708465,0.9551877483725547,0.99815903455019
18.54000000012059,157.80952514603203,26.427867539480562,129.7638940497676,74.11222565353908,130.0,70.0,0.9105164557695389,0.9393216639757156,0.9761011153459549,0.9699088156223297,0.9538650259375572,0.9987991526722908
18.560000000121253,157.7648240138702,26.485121529266195,129.74796980547484,74.05974407248603,130.0,70.0,0.90926493704319,0.939680016040802,0.9764154702425003,0.9693528562784195,0.9531198590993881,0.9992206037044524
18.580000000121917,157.71684702463938,26.562181886146625,129.75353009382428,73.87865274566126,130.0,70.0,0.9077693551778793,0.9398802250623702,0.9773741364479065,0.969038000702858,0.9540029853582382,0.9978061765432358
18.60000000012258,157.66789633363095,26.65698186742974,129.77338095786078,73.56764804186571,130.0,70.0,0.9062241166830063,0.9399342268705367,0.9786176577210426,0.9689315259456635,0.9557510927319527,0.9955796346068382
18.620000000123245,157.62052213945216,26.767319809073772,129.79952439418062,73.12793535212752,130.0,70.0,0.9049292981624603,0.9398090928792954,0.9799027800559997,0.9690536111593246,0.958001846075058,0.9924290806055068
18.64000000012391,157.57722336631585,26.890746847182175,129.82409222620817,72.56442360963571,130.0,70.0,0.9037122592329979,0.9395902782678603,0.9809000879526137,0.9695638611912727,0.9609487667679787,0.9894361332058906
18.660000000124572,157.54026667766826,27.024232656048703,129.8407449407486,71.88668494332943,130.0,70.0,0.9024972051382064,0.9391926497220993,0.9821897789835929,0.9701895490288734,0.9648073568940162,0.9862198472023009
18.680000000125236,157.5115253939326,27.164571580042274,129.846038931477,71.10759962937273,130.0,70.0,0.9012656688690185,0.9386202484369278,0.9837414234876632,0.9709418103098869,0.9695492073893547,0.982956627011299
18.7000000001259,157.49244069143816,27.309388291350427,129.83988657782908,70.24107970212378,130.0,70.0,0.9001766115427017,0.9378179192543029,0.9857248812913895,0.9717118322849273,0.9755024999380111,0.9793192654848099
18.720000000126564,157.48527416541046,27.455941754820067,129.8251036653751,69.3050712384683,130.0,70.0,0.8988707199692726,0.936967471241951,0.9875354349613189,0.9728075683116912,0.9813703373074532,0.9765862420201301
18.740000000127228,157.4897479174084,27.600998993857125,129.8063390490204,68.32184194824735,130.0,70.0,0.8975676178932189,0.9361253827810287,0.9889881685376167,0.97418664842844,0.9864714652299881,0.9747206762433052
18.760000000127892,157.50575796406477,27.740741863863875,129.78880311385208,67.3171003897476,130.0,70.0,0.8965714544057846,0.9355205625295638,0.9912010312080383,0.9757719680666923,0.991566003859043,0.9728140637278556
18.780000000128556,157.53282738315858,27.871739875520223,129.77804995997704,66.31932824324227,130.0,70.0,0.8954888343811035,0.9349271059036255,0.9935908257961272,0.9776837527751923,0.9967616438865661,0.9712602868676186
18.80000000012922,157.57035254073605,27.99050371623084,129.77999233343118,65.35907330319476,130.0,70.0,0.8945737183094025,0.9339804828166961,0.9961441949009895,0.9800648882985115,1.0,0.9697394117712974
18.820000000129884,157.61734125209202,28.093507667530552,129.8008545763569,64.4680313536048,130.0,70.0,0.8936254858970641,0.9328174591064453,0.9986099183559417,0.9829446822404861,1.0,0.9685776889324188
18.840000000130548,157.6725899383416,28.177548795078437,129.8461947089529,63.676580337322136,130.0,70.0,0.892668017745018,0.9316432505846023,1.0,0.9860965147614479,1.0,0.9678309977054596
18.860000000131212,157.7347824691662,28.240040742811573,129.92014284688725,63.011284268380855,130.0,70.0,0.8923582538962364,0.9305341839790344,1.0,0.9891012728214263,1.0,0.9679238602519035
18.880000000131876,157.80242329389418,28.279184722083407,130.02582308401804,62.49383941492941,130.0,70.0,0.8927473664283753,0.9295397460460663,1.0,0.9924161255359649,1.0,0.9677155375480652
18.90000000013254,157.87389153211052,28.29397312027589,130.16523769333784,62.140331395021505,130.0,70.0,0.8927259534597397,0.928608438372612,1.0,0.9950023293495178,1.0,0.9673169076442718
18.920000000133204,157.94750306297158,28.28399667402515,130.33887861153633,61.959829140559926,130.0,70.0,0.8924596279859542,0.927691712975502,1.0,0.9971198126673698,1.0,0.9671181738376617
18.940000000133868,158.02163543024992,28.249349131497766,130.54511801979038,61.953295287021405,130.0,70.0,0.8925615072250366,0.9269998282194137,1.0,0.9988714516162872,1.0,0.9670080468058586
18.96000000013453,158.09489272367466,28.190662037107383,130.77928855374208,62.114566958405945,130.0,70.0,0.892623157799244,0.9264934718608856,1.0,1.0,1.0,0.9672112241387367
18.980000000135195,158.1661153615691,28.109171650245052,131.0333296170168,62.43175589345858,130.0,70.0,0.8923990815877915,0.9261454373598098,1.0,1.0,1.0,0.9678710564970969
19.00000000013586,158.23427155744088,28.00663374364226,131.2966558843728,62.88893557736574,130.0,70.0,0.892250594496727,0.9259826093912125,1.0,1.0,1.0,0.9687141731381416
19.020000000136523,158.29850720579188,27.885217039255448,131.55764648307422,63.467643840073286,130.0,70.0,0.8925811231136321,0.9259615451097488,1.0,1.0,1.0,0.9692719653248787
19.040000000137187,158.35814223154384,27.747541313423685,131.80480075858537,64.14801945657646,130.0,70.0,0.8931032016873359,0.9261111497879028,1.0,1.0,1.0,0.9698226138949394
19.06000000013785,158.4126356574705,27.596621667574066,132.02757946977994,64.90805479177949,130.0,70.0,0.8941977441310882,0.9264630198478698,1.0,0.9997477650642395,1.0,0.970714072883129
19.080000000138515,158.46143551473054,27.437909472590118,132.21719837442825,65.71987149291911,130.0,70.0,0.8953737989068031,0.927000418305397,0.9983689174056053,0.9978964284062385,1.0,0.9721305385231971
19.10000000013918,158.50544115562255,27.277174302477867,132.36730640529515,66.55652417234646,130.0,70.0,0.8966571062803268,0.9276466339826583,0.9957695618271827,0.9955485388636589,1.0,0.9736228168010711
19.120000000139843,158.5443873726285,27.119177308447508,132.47397943928593,67.39525316889423,130.0,70.0,0.897972023487091,0.9283803701400757,0.9931275591254234,0.9928687259554863,1.0,0.9751953244209289
19.140000000140507,158.57844261179784,26.967573085727903,132.53551967084584,68.21865477690785,130.0,70.0,0.8992774456739425,0.9291913717985153,0.9903952911496162,0.9900740072131157,1.0,0.9769065737724304
19.16000000014117,158.60838925486811,26.82445395486544,132.55225269660994,69.01418619831024,130.0,70.0,0.9005966812372207,0.9301302701234817,0.9874474406242371,0.9874524429440498,0.9976587533950805,0.9788821682333946
19.180000000141835,158.63383950747556,26.69143839200088,132.52624886310733,69.77250349009904,130.0,70.0,0.9022227168083191,0.9315111339092255,0.9853926494717598,0.9848534271121024,0.991482412815094,0.9806232213973999
19.2000000001425,158.65467990804117,26.570567393775065,132.46044290421102,70.48601168437949,130.0,70.0,0.9040658235549927,0.9326417207717895,0.9832945808768272,0.982687847316265,0.984959302842617,0.9825337946414947
19.220000000143163,158.6710205986958,26.463885234805378,132.35784340620145,71.14869990669587,130.0,70.0,0.905633270740509,0.9336905092000961,0.981432269513607,0.9807238399982452,0.9789566531777382,0.984478896856308
19.240000000143826,158.68317202212697,26.373316688364838,132.22144942021276,71.75612156628033,130.0,70.0,0.9068487584590912,0.9346746921539306,0.9797872707247733,0.9790117412805557,0.9735673621296882,0.9865120559930801
19.26000000014449,158.69164082117405,26.300639645594575,132.05407028142886,72.30484540901965,130.0,70.0,0.9077291533350944,0.9356568455696106,0.9781703099608421,0.9776653438806533,0.9685023322701454,0.9889633446931838
19.280000000145154,158.69709380903828,26.247498248654146,131.85815524455396,72.79066573362907,130.0,70.0,0.9082880631089211,0.9364733904600143,0.9771912544965744,0.9764428779482841,0.965005849301815,0.9904941976070404
19.30000000014582,158.70017221287628,26.215261693725793,131.63650964961462,73.20701818173467,130.0,70.0,0.9085499361157418,0.9372217357158661,0.9762752890586852,0.9754310280084609,0.9618563324213028,0.9922399669885635
19.320000000146482,158.70144554530103,26.20490522903429,131.39203006454076,73.54469631647557,130.0,70.0,0.908644314110279,0.9378761142492295,0.9755012392997742,0.9745172396302223,0.9591243505477905,0.9940379500389098
19.340000000147146,158.70146141627598,26.216929627609257,131.12764054534247,73.79276192985499,130.0,70.0,0.9087293177843093,0.9384322971105575,0.9749268129467964,0.9735703885555267,0.9568140611052512,0.9956332385540008
19.36000000014781,158.7008102653114,26.251418613391753,130.84620875128232,73.93947313299738,130.0,70.0,0.909106494486332,0.938896381855011,0.9746595218777656,0.972335709631443,0.9549147352576256,0.996489730477333
19.380000000148474,158.70016761480213,26.30804712534671,130.5504083331069,73.9734382261226,130.0,70.0,0.9093300968408584,0.9392150819301605,0.9747058168053626,0.9710901275277137,0.953579106926918,0.9970399811863899
19.400000000149138,158.70024835739352,26.38560427970836,130.24330467554708,73.88664750485451,130.0,70.0,0.9090620189905166,0.9393032908439636,0.9755171492695808,0.9696984991431236,0.953359192609787,0.9965725973248482
19.420000000149802,158.70181368486263,26.482248588213732,129.9282703249129,73.67450905444595,130.0,70.0,0.9088227972388268,0.93924201130867,0.9765104427933693,0.9684629395604133,0.9536971911787987,0.9953866183757781
19.440000000150466,158.70564320317965,26.595714861845277,129.60895566580763,73.33565489642038,130.0,70.0,0.9086920619010925,0.9390112161636353,0.9776274219155311,0.9674250364303588,0.9545615687966347,0.993295930325985
19.46000000015113,158.7124415595025,26.723280644968135,129.2895760531293,72.87230762010076,130.0,70.0,0.9083882391452789,0.9386239498853683,0.9790704011917114,0.9665557414293289,0.9562434524297714,0.9908254146575928
19.480000000151794,158.722761742017,26.861412150683417,128.97545435622774,72.29081591396314,130.0,70.0,0.9078590214252472,0.9380759745836258,0.9808421432971954,0.9658904239535331,0.9588260129094124,0.988065193593502
19.500000000152458,158.73687183793638,27.006661529065216,128.67347091956327,71.60064838062851,130.0,70.0,0.9071373999118805,0.9374389410018921,0.9823850303888321,0.9656845465302467,0.9622225031256676,0.9855079799890518
19.52000000015312,158.75477109318115,27.15635342765621,128.39273341537444,70.81201894761473,130.0,70.0,0.9061006769537926,0.9366559952497482,0.984156396985054,0.9657752946019172,0.9666100069880486,0.9829108506441115
19.540000000153785,158.77618187748092,27.307880711830265,128.14402591490918,69.93829657913092,130.0,70.0,0.9047142297029495,0.9357394754886627,0.9861140161752701,0.9662075728178023,0.9719866380095481,0.9803904369473457
19.56000000015445,158.80055820007956,27.458142162021325,127.93896660243469,68.99659387497812,130.0,70.0,0.9029820591211318,0.9347386986017227,0.9881024852395057,0.9670434832572936,0.978009507060051,0.9781692013144493
19.580000000155113,158.82764029781288,27.603677368459742,127.78951036428312,68.0075214131813,130.0,70.0,0.9011509597301482,0.9337839215993881,0.9897166207432746,0.9683106392621994,0.9834795728325844,0.9765873506665229
19.600000000155777,158.8568265611553,27.740749947321785,127.70724948730341,66.99485394089317,130.0,70.0,0.8991094321012497,0.9330026388168334,0.9916027054190635,0.9701178178191184,0.9890787824988365,0.9753319337964057
19.62000000015644,158.88718111880792,27.865660024244427,127.70206604169817,65.98493469221819,130.0,70.0,0.8971098631620407,0.9324902385473252,0.9940194338560104,0.9724490195512772,0.9947200939059258,0.9740909203886985
19.640000000157105,158.91722457911496,27.974639992189246,127.78157832535037,65.00614338187881,130.0,70.0,0.8948175400495529,0.9319599658250809,0.9963030084967612,0.9754342198371887,1.0,0.9732365071773529
19.66000000015777,158.94637589520934,28.06475469212081,127.95075347055953,64.08809964662865,130.0,70.0,0.892964580655098,0.9309205383062362,0.9988478437066077,0.9792134210467338,1.0,0.9718956127762794
19.680000000158433,158.97427558594694,28.13336769784048,128.21129883263433,63.260094847696415,130.0,70.0,0.891688984632492,0.9299336731433868,1.0,0.9834367290139198,1.0,0.9708515986800194
19.700000000159097,159.00083274452413,28.178418883070478,128.56098262729944,62.548785334869194,130.0,70.0,0.8908179551362991,0.9290517717599869,1.0,0.9881425440311431,1.0,0.9707120344042778
19.72000000015976,159.02617557956285,28.198637979723816,128.9938528927399,61.97684145384125,130.0,70.0,0.8906162083148956,0.9280930340290069,1.0,0.9925320863723754,1.0,0.9697092726826667
19.740000000160425,159.0505554500253,28.19363956528384,129.50075995564117,61.56212283120693,130.0,70.0,0.8906450152397155,0.9273072272539139,1.0,0.9961845934391022,1.0,0.9682110488414764
19.76000000016109,159.07434753894353,28.163803584670976,130.06932956709068,61.31638255795075,130.0,70.0,0.8905971735715866,0.9266585350036621,1.0,0.9997592359781264,1.0,0.9670100271701813
19.780000000161753,159.0979457599779,28.10992944244398,130.68399696369502,61.2431589213793,130.0,70.0,0.8904711723327636,0.9261382132768631,1.0,1.0,1.0,0.9661490067839622
19.800000000162417,159.12177019033146,28.033236389908556,131.3254214813301,61.33852273652371,130.0,70.0,0.8902791440486908,0.9257521629333496,1.0,1.0,1.0,0.9656269147992134
19.82000000016308,159.14624013492522,27.93547951691289,131.97076699815327,61.59251813640048,130.0,70.0,0.8901991203427314,0.9255164682865142,1.0,1.0,1.0,0.9653250634670257
19.840000000163744,159.1716341037174,27.81859962869821,132.59567942385289,61.99105851804535,130.0,70.0,0.8901856422424316,0.9254309147596359,1.0,1.0,1.0,0.9652785584330559
19.86000000016441,159.19810482065387,27.68423270521952,133.1763595158307,62.517527149580545,130.0,70.0,0.8901377737522125,0.9254770308732986,1.0,1.0,1.0,0.9655506148934364
19.880000000165072,159.225563215903,27.534675870015153,133.69128525066836,63.15382233597135,130.0,70.0,0.8903780728578568,0.9256363183259964,1.0,1.0,1.0,0.9660611242055892
19.900000000165736,159.25481096358902,27.372477079921648,134.123523215287,63.88114965164798,130.0,70.0,0.8914562493562698,0.9258256107568741,1.0,1.0,1.0,0.9661127433180808
19.9200000001664,159.28488799486016,27.20045892325513,134.4612409737668,64.68067326781318,130.0,70.0,0.8926409542560577,0.9260941624641418,1.0,1.0,1.0,0.9661863878369331
19.940000000167064,159.31644469480415,27.021797708668476,134.69750080434014,65.5340667863707,130.0,70.0,0.8945379510521888,0.9265586853027343,0.9979801580309867,1.0,1.0,0.9668133005499839
19.960000000167728,159.34916518816752,26.83972605916677,134.8299184200701,66.42178953652108,130.0,70.0,0.8965734124183654,0.9270808935165405,0.9953296214342117,0.9992074608802795,1.0,0.9675553157925605
19.980000000168392,159.38235104061064,26.660414131201478,134.8602348550723,67.3185735325626,130.0,70.0,0.8986445695161819,0.9276642024517059,0.9926816195249557,0.9953428715467453,1.0,0.9686064288020133
20.000000000169056,159.41534893269608,26.48928655856966,134.7938133964121,68.2027561506623,130.00000000099547,70.00000000049774,0.9007162004709244,0.9283122062683106,0.9901446923613548,0.9909686714410781,1.0,0.9701136738061904
20.02000000016972,159.44735340452178,26.32978607900054,134.63907924073877,69.05954165550583,130.1256603998331,70.06283019991655,0.9032093316316604,0.9294569551944732,0.9878158822655677,0.986956350505352,0.9998767882585525,0.9718724742531776
20.040000000170384,159.47737239839415,26.18393481528271,134.40651470402182,69.8796518316394,130.25130095543688,70.12565047771844,0.9054450243711472,0.9306920498609542,0.9858717545866966,0.9832971334457397,0.993129101395607,0.9738332182168961
20.060000000171048,159.50441229844643,26.05275637494316,134.10657358081562,70.65688019418923,130.3769018277066,70.1884509138533,0.9081653967499733,0.9318640768527985,0.9839818656444549,0.9799135491251945,0.9857249796390533,0.9763148471713066
20.08000000017171,159.5275941319174,25.937317734345942,133.7493794029363,71.38688048362629,130.50244318280858,70.25122159140429,0.9109422162175178,0.932705682516098,0.9824846342206001,0.9768248289823531,0.9792156517505646,0.9785483628511429
20.100000000172376,159.5461542668522,25.83860120143317,133.34609995572927,72.06608456808243,130.62790519630744,70.31395259815372,0.913336668908596,0.9334183275699616,0.9811459749937057,0.9740004673600197,0.9732889711856841,0.9810114488005638
20.12000000017304,159.5593715773375,25.758074864522907,132.9091492851169,72.69089327069572,130.75326805629692,70.37663402814846,0.9149981141090393,0.9343415975570678,0.9798527747392654,0.9719115182757377,0.9679313659667969,0.9837460368871689
20.140000000173703,159.56653346774652,25.697538436790108,132.45167575670348,73.25682020342396,130.87851196652812,70.43925598326406,0.9163515165448188,0.9351200640201568,0.9791441082954406,0.969940336048603,0.9640104860067367,0.9856677323579788
20.160000000174367,159.56686368184216,25.658942795273315,131.9870897484987,73.75536821410131,131.00361714953578,70.50180857476789,0.9171368941664696,0.9358243584632874,0.9784341096878051,0.9683516904711723,0.9605484828352928,0.9877883493900299
20.18000000017503,159.56032882039275,25.64413651506743,131.52846195188923,74.1737028404161,131.12856384976124,70.56428192488062,0.9175804063677787,0.9364299297332763,0.9778353869915009,0.9669873133301734,0.9576069086790084,0.989922547340393
20.200000000175695,159.54627834279157,25.65415549010337,131.08824497871302,74.49715541090315,131.25333233667206,70.62666616833603,0.9178327262401581,0.9369180917739868,0.9774074405431747,0.9657453790307045,0.9551940381526947,0.9919149279594421
20.22000000017636,159.5241197295389,25.689290819433698,130.6777328351419,74.71060332554444,131.3779029078778,70.6889514539389,0.9179423436522484,0.9372703641653061,0.9771906644105911,0.964605525135994,0.9533268719911575,0.9936605274677276
20.240000000177023,159.49392324884226,25.749143641411205,130.3063697157968,74.80011373100899,131.50225589224124,70.75112794612062,0.9183723241090774,0.9374124944210053,0.977345597743988,0.9632276654243469,0.9520230993628501,0.9943877190351486
20.260000000177687,159.45600405498178,25.832188311478017,129.98205587643938,74.75588695183083,131.62637165298455,70.81318582649227,0.9182330638170242,0.9373707324266434,0.9779127731919288,0.9619916096329689,0.9511564955115318,0.9943860471248627
20.28000000017835,159.41051513828504,25.93607092748124,129.710805658469,74.57222812392368,131.75023059079035,70.87511529539518,0.9176128879189491,0.9373019516468047,0.9790289342403411,0.9611988604068756,0.9517421245574951,0.9927621841430664
20.300000000179015,159.3583901189355,26.057925548288203,129.49663805377008,74.24732795362624,131.87381314689654,70.93690657344827,0.9166862249374389,0.937108913064003,0.9804821774363517,0.9606624811887741,0.9532424002885819,0.990580153465271
20.32000000017968,159.30074061037746,26.194777945100164,129.34182113196417,73.78335794219286,131.99709980618488,70.99854990309244,0.9154562532901763,0.9367741465568542,0.9823105543851852,0.9603784039616584,0.9557911515235901,0.9878536477684974
20.340000000180343,159.23881571163713,26.342864557598787,129.2473935758966,73.18679335818956,132.1200711002627,71.06003555013135,0.9140517681837081,0.9364347219467163,0.984565643966198,0.9605764985084534,0.9596599072217941,0.9846143305301666
20.360000000181007,159.1738644445208,26.49798841611988,129.214097246005,72.46908477250835,132.24270761053708,71.12135380526854,0.912440064549446,0.936061206459999,0.9865315198898315,0.9613301679491997,0.9646166250109672,0.9815449357032775
20.38000000018167,159.10695153133045,26.655928540053882,129.24289067770493,71.64508358747644,132.3649899712815,71.18249498564074,0.9104612782597542,0.9355123549699783,0.9886753067374229,0.9623821482062339,0.9707312256097793,0.9784881383180618
20.400000000182335,159.03903645456782,26.813730371737833,129.33508895464882,70.72948244817843,132.48689887269356,71.24344943634678,0.9081367999315262,0.9348059237003327,0.9909080669283866,0.9637660026550292,0.9778154134750365,0.9756275311112403
20.420000000183,158.97107058597902,26.968238516669942,129.49226483538897,69.74068124536694,132.60841506394453,71.30420753197227,0.9057588115334511,0.934147647023201,0.992587773501873,0.965554928779602,0.9839919283986092,0.9735966742038726
20.440000000183662,158.90385764065522,27.116186368454063,129.71605550519573,68.70192425437563,132.7295193562192,71.3647596781096,0.9032100737094879,0.9334928393363953,0.9944073304533958,0.9677427351474761,0.9904308617115021,0.9718736946582793
20.460000000184326,158.83812356122593,27.254269151379347,130.00751813944265,67.64112963576649,132.8501926257459,71.42509631287295,0.9009775638580322,0.9331553816795349,0.9970074996352195,0.9702995285391807,0.9967038333415985,0.9701055511832237
20.48000000018499,158.77453421203265,27.37921803225683,130.3658730985505,66.59010826637561,132.97041581681648,71.48520790840824,0.8985654264688492,0.9327247351408005,0.9995120927691459,0.9732872277498245,1.0,0.9686857372522354
20.500000000185654,158.71399130542227,27.487840550965185,130.78814534678546,65.58348076536791,133.0901699447954,71.5450849723977,0.8966028898954391,0.9317343294620514,1.0,0.9769973307847977,1.0,0.9683243006467819
20.520000000186318,158.65810303531578,27.57711209268685,131.2688478700699,64.65671973023713,133.20943609911762,71.60471804955881,0.8954049617052078,0.930738291144371,1.0,0.9814802944660186,1.0,0.9683352530002594
20.540000000186982,158.60673066286034,27.644667435119235,131.79935652104132,63.8429321561565,133.3281954462748,71.6640977231374,0.8954683110117913,0.9301498502492904,1.0,0.9867020368576049,1.0,0.9684345439076423
20.560000000187646,158.56141964729076,27.68886078155408,132.36829599972432,63.17101214409332,133.44642923278928,71.72321461639464,0.8948871076107024,0.9295035809278488,1.0,0.9914923012256622,1.0,0.9685738489031791
20.58000000018831,158.52230712529015,27.70882042066865,132.96249331233795,62.66404227887998,133.56411878817562,71.78205939408781,0.8950393721461296,0.9288330018520355,1.0,0.995755323767662,1.0,0.9678704753518104
20.600000000188974,158.49023495094403,27.704460762096172,133.56674661230014,62.33676050078793,133.6812455278887,71.84062276394435,0.89533302038908,0.9281397581100463,1.0,0.9992787316441536,1.0,0.9670486286282539
20.620000000189638,158.46600716372052,27.676270405492307,134.16243595365475,62.19404354512459,133.79779095625852,71.89889547812926,0.895199553668499,0.9275559931993484,1.0,1.0,1.0,0.966268803179264
20.6400000001903,158.45019733302226,27.62530988064022,134.72776528699669,62.232123132457765,133.91373666941092,71.95686833470546,0.8947919517755508,0.9270567089319229,1.0,1.0,1.0,0.9655774146318435
20.660000000190966,158.44292124749768,27.553285016490243,135.23922679663977,62.440460994229284,134.0290643581737,72.01453217908686,0.8943439692258834,0.9262744426727295,1.0,1.0,1.0,0.965159124135971
20.68000000019163,158.44389290643238,27.46238374628892,135.6738589289831,62.80361016950031,134.14375581096792,72.07187790548396,0.8943369597196579,0.9257142901420593,1.0,1.0,1.0,0.9647423177957535
20.700000000192293,158.45331299534325,27.354986374864374,136.0112516381922,63.30311729438695,134.25779291668357,72.12889645834179,0.89554403424263,0.9253232330083847,1.0,1.0,1.0,0.9638818114995956
20.720000000192957,158.47004526735944,27.233506982824824,136.2353636788694,63.91893620930532,134.37115766753973,72.18557883376987,0.8971205472946167,0.925027197599411,1.0,1.0,1.0,0.9628692597150802
20.74000000019362,158.49256501779598,27.100483267470278,136.33646601441734,64.63047915056059,134.48383216192806,72.24191608096403,0.8989616155624389,0.9248406052589416,1.0,1.0,1.0,0.9623421475291252
20.760000000194285,158.5207226863762,26.958509829151716,136.31143905312328,65.41741442796102,134.59579860723977,72.29789930361989,0.9017043352127075,0.9247746855020523,1.0,0.995636023581028,1.0,0.9624542146921158
20.78000000019495,158.55334387312496,26.809649928531243,136.16313093903125,66.26023527414078,134.70703932267514,72.35351966133757,0.9047264337539672,0.9248056471347809,1.0,0.9902777880430221,1.0,0.9626930877566338
20.800000000195613,158.58893768713398,26.655691164165624,135.89952507140413,67.1408192179841,134.8175367420357,72.40876837101786,0.9085110530257224,0.9250582754611969,1.0,0.984869073331356,1.0,0.9635505095124244
20.820000000196277,158.62577178252417,26.498661603026218,135.53284605532903,68.04300287945473,134.927273416498,72.463636708249,0.9121732339262962,0.925714111328125,1.0,0.9800252944231033,1.0,0.964839369058609
20.84000000019694,158.66175880298735,26.340445741537085,135.07862925910052,68.9528175427948,135.03623201736897,72.51811600868449,0.9148987203836441,0.9272248923778533,1.0,0.9766891717910766,1.0,0.9666183441877365
20.860000000197605,158.6944754754054,26.182923001044102,134.55537962423267,69.85826560735093,135.14439533882253,72.57219766941127,0.9173074334859848,0.9288308203220367,0.9975784033536911,0.9734861090779304,1.0,0.9688402593135833
20.88000000019827,158.72110120580697,26.028871369234757,133.9859199132642,70.74660964057419,135.2517463006163,72.62587315030815,0.9200074836611748,0.9306349992752075,0.9957323417067527,0.9706213980913162,0.9975720688700676,0.9710559114813804
20.900000000198933,158.73857561246396,25.88326240470138,133.39706872502822,71.59937303174067,135.35826795078896,72.67913397539448,0.9228474199771881,0.9319912135601044,0.9944160073995589,0.9681703060865402,0.9916270107030868,0.9729725420475006
20.920000000199597,158.74375334702003,25.75022046471784,132.81819697366038,72.40181234597718,135.46394346833713,72.73197173416857,0.9251333773136139,0.933290296792984,0.9928074151277542,0.9660670965909958,0.9850593045353889,0.9755088523030281
20.94000000020026,158.733521447455,25.632975401166274,132.2791101006164,73.14388383512558,135.56875616587155,72.78437808293577,0.9268483996391296,0.9344568163156509,0.9911377936601639,0.9642759308218956,0.9785438567399978,0.9784269213676452
20.960000000200925,158.70516367561163,25.53465125741942,131.80707227872426,73.818514000824,135.67268949225226,72.83634474612613,0.9278567939996719,0.9354210257530212,0.9895262286067008,0.9628352046012878,0.9727401867508888,0.9815505370497704
20.98000000020159,158.65663012492357,25.45836476316302,131.42390505489672,74.42035283822887,135.77572703520218,72.88786351760109,0.9282449901103973,0.9361040681600571,0.9883039727807045,0.9616618856787681,0.9682900711894035,0.9843749389052391
21.000000000202252,158.58749491873922,25.406870183293798,131.14566758729998,74.94455909887581,135.87785252389884,72.93892626194942,0.9281054347753525,0.9366807788610458,0.9874660104513168,0.9609988078474998,0.9651053369045257,0.9868172734975814
21.020000000202916,158.49719124080997,25.38176517213859,130.9828240790376,75.38509727773031,135.97904983154365,72.98952491577182,0.9275704771280289,0.937234404683113,0.9871516779065131,0.9609222441911697,0.9633207336068152,0.9885453850030899
21.04000000020358,158.38583585429427,25.384366996800473,130.93995017025088,75.7328817747203,136.07930297790867,73.03965148895433,0.92647565305233,0.9375282049179077,0.9868973106145859,0.961038526892662,0.9622301429510116,0.9900906145572662
21.060000000204244,158.25447743222523,25.415536867130523,131.01580491462198,75.97587668704922,136.1785961318599,73.08929806592995,0.9248574361205101,0.9377200812101364,0.9870648592710495,0.9612739488482475,0.9620899304747581,0.9911745890974998
21.080000000204908,158.10508274141804,25.475573287562984,131.20385860009213,76.1010695297458,136.2769136138573,73.13845680692864,0.9228358596563339,0.9377080112695694,0.9875645458698272,0.9615661442279816,0.96278607994318,0.9916983485221862
21.100000000205572,157.94112627042773,25.563684270615692,131.49331594502564,76.09770491880894,136.3742398984307,73.18711994921534,0.9202647253870964,0.9375046014785766,0.9881804257631301,0.9618501231074333,0.9640245452523231,0.9908163398504257
21.120000000206236,157.76513599544538,25.67757116699247,131.870008382164,75.9599229476587,136.47055961663153,73.23527980831577,0.9170567631721497,0.9376427620649338,0.9887461751699447,0.9627891108393669,0.9658489659428596,0.9894103437662124
21.1400000002069,157.58077243749688,25.813552727432988,132.3172613346039,75.68836304719302,136.56585755845975,73.28292877922988,0.9141916498541832,0.9378508299589157,0.9892406404018401,0.9639556482434273,0.9683078050613403,0.9873710960149764
21.160000000207564,157.3919486428638,25.967358043317844,132.8167784444086,75.28963763033691,136.66011867526555,73.33005933763278,0.9115505456924439,0.9379214435815811,0.9897027939558029,0.9652966991066932,0.9715522989630698,0.9849631965160369
21.180000000208228,157.20274371630552,26.13377592801443,133.34986552255978,74.77591547780982,136.75332808212593,73.37666404106297,0.9090845361351967,0.9378141283988952,0.990417754650116,0.9667148634791374,0.9756460070610046,0.9822053268551826
21.20000000020889,157.01725530800084,26.308068548853218,133.89847376181274,74.16336634330216,136.845471060195,73.4227355300975,0.9067600220441818,0.9375298500061034,0.9913661748170852,0.9682252466678619,0.9805208906531333,0.9793383628129959
21.220000000209556,156.83947293493404,26.486472756972518,134.44564445099914,73.46840371800867,136.9365330590284,73.4682665295142,0.9047609135508538,0.9371168434619903,0.9924400195479393,0.9698063686490058,0.9856759399175643,0.9765223741531371
21.24000000021022,156.67339621134934,26.66528297274758,134.97509309590487,72.71029714673044,137.02649969888083,73.51324984944041,0.9029823541641235,0.9369146227836609,0.9935251429677009,0.9720546543598174,0.9905448377132415,0.9743388503789902
21.260000000210884,156.52271907918956,26.841012862518973,135.47120283337028,71.91168104055367,137.11535677297698,73.55767838648849,0.901827922463417,0.9369701266288757,0.9955192804336548,0.9744162544608116,0.9953025624155998,0.9721023842692375
21.280000000211547,156.39067268572913,27.01045443283811,135.91937160763658,71.09796422121303,137.20309024975478,73.60154512487739,0.900816684961319,0.9369162768125534,0.997637228667736,0.976869773864746,1.0,0.9702473640441894
21.30000000021221,156.28033649156094,27.17030783927515,136.30668405711728,70.29664300829558,137.28968627508118,73.64484313754059,0.9000011995434761,0.9367360055446624,0.9998102337121964,0.9793071374297142,1.0,0.9687546834349632
21.320000000212875,156.19425192801236,27.317250059609545,136.62245753783563,69.53626672087506,137.37513117443996,73.68756558721998,0.8999042600393296,0.9360204637050629,1.0,0.9818094551563262,1.0,0.9671849787235259
21.34000000021354,156.13272296458726,27.44804276246658,136.85838646371857,68.84481792714016,137.45941145509096,73.72970572754548,0.9000668689608574,0.9351753711700439,1.0,0.9842080250382423,1.0,0.9665536537766456
21.360000000214203,156.09547397786085,27.56023681915522,137.00827840925902,68.24781143109297,137.5425138082009,73.77125690410045,0.9010403499007225,0.9343916565179825,1.0,0.9862477332353592,1.0,0.9661993563175201
21.380000000214867,156.08189457850443,27.652458786157766,137.0687352072356,67.76710349687502,137.62442511094486,73.81221255547243,0.9026365414261818,0.9338750898838043,1.0,0.9876036122441292,1.0,0.9660063490271568
21.40000000021553,156.09051178669188,27.723882663249203,137.03931094040817,67.41948988615061,137.70513242857857,73.85256621428928,0.9041249305009842,0.933351907134056,1.0,0.9884158253669738,1.0,0.9657168269157409
21.420000000216195,156.11918785470814,27.774232444398763,136.92210149316384,67.21433856740298,137.784623016481,73.8923115082405,0.905995100736618,0.9325030148029327,1.0,0.9882515132427215,1.0,0.9655445441603661
21.44000000021686,156.16532043836298,27.80355864249205,136.72038163774312,67.15404926275124,137.86288432216682,73.93144216108341,0.9077277585864066,0.9315806925296783,1.0,0.9873263970017433,1.0,0.965412637591362
21.460000000217523,156.22594087118893,27.812288129171737,136.43857995616887,67.23496006486556,137.93990398726865,73.96995199363433,0.9092792779207229,0.9306526213884353,1.0,0.9857156947255135,1.0,0.9652714639902115
21.480000000218187,156.2976861400132,27.801301194016617,136.08282452038102,67.44848661348037,138.01566984948852,74.00783492474426,0.9106688231229781,0.92976915538311,1.0,0.9835324436426163,1.0,0.9657633900642395
21.50000000021885,156.3768440651481,27.771979500138283,135.6614571646919,67.78235294159894,138.0901699445185,74.04508497225925,0.9119625508785247,0.9289557039737701,1.0,0.980803894996643,1.0,0.9665662556886673
21.520000000219515,156.45952495787893,27.72605715285744,135.1852446341035,68.22180085201126,138.1633925079299,74.08169625396495,0.9133363023400306,0.9282785445451737,1.0,0.9776842534542083,1.0,0.9675995856523514
21.54000000022018,156.5417754205359,27.66538590401817,134.66754373434762,68.75058360633736,138.23532597703118,74.11766298851559,0.9161808922886848,0.928064066171646,1.0,0.9745492786169052,1.0,0.969004575908184
21.560000000220843,156.61974856889609,27.591824876103413,134.12412866935725,69.3518260393547,138.30595899269366,74.15297949634683,0.9180310532450676,0.9291145980358123,1.0,0.9729119151830673,1.0,0.9710022583603859
21.580000000221506,156.6898565561878,27.50783903742063,133.5727756890545,70.00704258103953,138.3752804011454,74.1876402005727,0.9198520049452782,0.9303194105625152,1.0,0.9710696399211883,1.0,0.9732260465621948
21.60000000022217,156.74890792083588,27.417911873128883,133.03270856629453,70.69221072060706,138.44327925573236,74.22163962786618,0.9215725213289261,0.931499108672142,1.0,0.9691695854067802,1.0,0.9756288141012192
21.620000000222834,156.7943091650943,27.325919704256545,132.52400243481682,71.38413018648244,138.50994481864717,74.25497240932359,0.9236705899238586,0.9321884274482727,1.0,0.9674437940120697,1.0,0.9775309965014457
21.6400000002235,156.82385969580113,27.23529376178173,132.0668635146049,72.06306193655884,138.57526656262462,74.28763328131231,0.9256676375865937,0.9330146640539169,1.0,0.9661498293280602,0.9974596709012985,0.9791853114962578
21.660000000224162,156.83604411496415,27.149068219352003,131.68036852297587,72.71264349776389,138.63923417260406,74.31961708630203,0.9273828387260437,0.933848312497139,1.0,0.9651442021131516,0.9942986249923705,0.9806460693478584
21.680000000224826,156.82971803285977,27.070502966056146,131.38049766836872,73.31925702523013,138.70183754735842,74.35091877367921,0.9287533760070801,0.9346523940563202,1.0,0.964322592318058,0.991351905465126,0.9819637089967728
21.70000000022549,156.80368111835364,27.00297664843267,131.1797021456575,73.87210886728566,138.76306680108902,74.38153340054451,0.9297759771347046,0.9355498075485229,1.0,0.9637808576226234,0.9880468517541885,0.9834426522254943
21.720000000226154,156.7574224440504,26.949527570553926,131.08681616964967,74.36361300614315,138.82291226498697,74.41145613249348,0.9303626209497452,0.9362883895635604,1.0,0.9633945345878601,0.985031396150589,0.9847768187522887
21.740000000226818,156.6908561586386,26.912120995560436,131.10681398573143,74.7899707621368,138.88136448875974,74.44068224437987,0.930381441116333,0.9367984652519226,1.0,0.963178353011608,0.9827657163143158,0.9858354777097702
21.760000000227482,156.60460219169397,26.89164374065877,131.2405032497567,75.14961363776176,138.9384142421236,74.4692071210618,0.929802343249321,0.9371984273195266,1.0,0.9631069883704185,0.9812889948487281,0.9866955950856209
21.780000000228146,156.49974961686632,26.888111283546138,131.4845395628212,75.44201815702803,138.99405251626112,74.49702625813056,0.9287037014961242,0.9374249935150146,1.0,0.9631916657090187,0.9805188208818435,0.9873298346996306
21.80000000022881,156.37758776781712,26.901088209274654,131.8317116518486,75.6669389167583,139.0482705252439,74.52413526262195,0.927184310555458,0.9374610245227813,1.0,0.9634227022528647,0.9803631141781807,0.9877245843410491
21.820000000229474,156.23981570728566,26.930011381191903,132.27129888395302,75.82344544414127,139.10105970741975,74.55052985370988,0.9246616885066032,0.9378090053796768,1.0,0.9644262596964835,0.9805975928902626,0.9881258428096771
21.840000000230138,156.0882725525528,26.974225425545228,132.78961568039452,75.91031795050017,139.15241172676488,74.57620586338244,0.921512059867382,0.9383947908878326,0.9996281832456588,0.966138519346714,0.9811495959758758,0.9885504812002182
21.8600000002308,155.92555168607396,27.032706919438716,133.3706150099829,75.92713443713576,139.20231847420013,74.60115923710006,0.9186648592352867,0.938623046875,0.9986137583851814,0.9676768958568572,0.9819107040762901,0.9881742164492606
21.880000000231465,155.75465129770828,27.10402914174075,133.99652236672696,75.87509758652119,139.25077206887156,74.62538603443578,0.9157391548156738,0.9387247383594512,0.9977973699569702,0.9692317500710487,0.9830422341823577,0.9876354858279228
21.90000000023213,155.5796824675798,27.186333970253035,134.64845484595057,75.75757202956231,139.29776485939485,74.64888242969742,0.9129715397953987,0.9388599306344986,0.9973375588655471,0.9707700461149216,0.9846286535263061,0.9869094476103782
21.920000000232793,155.40358893977012,27.27734844439637,135.30684700212132,75.58019607850038,139.34328942506366,74.67164471253183,0.9106511563062668,0.9389004856348038,0.9974182128906249,0.9721338823437691,0.9870811358094215,0.9855121552944183
21.940000000233457,155.2305027257025,27.374554357477184,135.9511891790608,75.35033036729357,139.38733857702127,74.69366928851063,0.908623594045639,0.9390162408351898,0.9974703773856163,0.9737654030323029,0.9893085852265358,0.9843429803848266
21.96000000023412,155.06487011153166,27.47641875381325,136.559846104509,75.07632765639612,139.42990535939603,74.71495267969802,0.9074511468410492,0.9394631773233414,0.9981654316186904,0.9757440149784088,0.9915105804800987,0.9827712193131446
21.980000000234785,154.91106889010575,27.58167572310534,137.11089089285608,74.76674372219009,139.47098305039947,74.73549152519973,0.9066451743245124,0.9397999376058578,0.998965248465538,0.9775639832019806,0.9937323883175849,0.9812352791428566
22.00000000023545,154.773298496535,27.688922623247482,137.58344568180812,74.4313102628099,139.51056516338807,74.75528258169403,0.9062392130494118,0.9400166869163513,0.9998725369572639,0.9791231915354728,0.9959151342511177,0.9797619327902793
22.020000000236113,154.65532167693297,27.7965932154718,137.95909314611055,74.08119235116129,139.54864544788728,74.77432272394364,0.9062504023313522,0.9401079535484314,1.0,0.9803339630365371,0.997993166744709,0.978404775261879
22.040000000236777,154.56019471878855,27.902982690710214,138.22307884734707,73.7289606375135,139.58521789057878,74.79260894528939,0.9066899582743645,0.9400709927082062,1.0,0.981121164560318,0.9998962834477424,0.9772015139460564
22.06000000023744,154.49011812136945,28.00613576643005,138.3645679967943,73.38767751723995,139.62027671624986,74.81013835812493,0.9075513899326324,0.9399072080850601,1.0,0.9814385771751404,1.0,0.9761904507875442
22.080000000238105,154.44627557754407,28.104647922879376,138.3769970895697,73.07022980563423,139.65381638870556,74.82690819435278,0.9086926251649856,0.9395941942930222,1.0,0.981172014772892,1.0,0.9754183009266852
22.10000000023877,154.42870240146155,28.197163455582295,138.2584855447253,72.78874538700714,139.6858316116428,74.8429158058214,0.9100289911031723,0.9391347229480743,1.0,0.9803228050470352,1.0,0.9749271169304847
22.120000000239433,154.43633152536637,28.28274284138341,138.011988821706,72.5540704205243,139.71631732948674,74.85815866474337,0.9116353169083595,0.938576403260231,1.0,0.9790657386183739,1.0,0.9747374042868614
22.140000000240097,154.46720343074003,28.360526856021146,137.64489427950042,72.37533012656465,139.74526872818913,74.87263436409457,0.9135024160146713,0.9379027932882309,1.0,0.977489686012268,1.0,0.9748189434409141
22.16000000024076,154.5185989835081,28.42979283596259,137.1688263221766,72.25938861209352,139.7726812359885,74.88634061799425,0.9155269518494605,0.9371988743543624,1.0,0.9756312996149062,1.0,0.9752243325114249
22.180000000241424,154.58715296352122,28.489968324019895,136.59944966772855,72.20995830236106,139.79855052413208,74.89927526206604,0.9179346144199371,0.9365640223026276,1.0,0.9733163699507713,1.0,0.9756351709365845
22.20000000024209,154.66900581203708,28.540630805729297,135.95613282358204,72.22767228652002,139.8228725075594,74.9114362537797,0.9204178258776664,0.9358777612447738,1.0,0.9709913954138756,1.0,0.9763112440705299
22.220000000242752,154.75997107129055,28.58151157114136,135.26137490782318,72.31048244895067,139.84564334554733,74.92282167277367,0.9228449657559394,0.9352139234542847,1.0,0.9687158226966858,1.0,0.9772928610444068
22.240000000243416,154.85568168411876,28.61250844621689,134.5399342712447,72.45408120817682,139.86685944231658,74.93342972115829,0.9251342803239823,0.9345978558063507,1.0,0.9665716737508774,1.0,0.978557813167572
22.26000000024408,154.95172714170567,28.63349182855788,133.81781321997101,72.65289673881932,139.8865174475995,74.94325872379974,0.9268617480993271,0.9347659409046173,1.0,0.965558348596096,0.9989292666316032,0.9800629705190658
22.280000000244744,155.04377850930078,28.644388951065576,133.1212861366788,72.90040975728336,139.90461425716921,74.95230712858461,0.9282264560461044,0.9354130685329437,1.0,0.9652496710419655,0.9975150719285011,0.9816625148057937
22.300000000245408,155.1276761260948,28.646516980208258,132.47606129959107,73.18578810394163,139.92114701332966,74.96057350666483,0.9293582499027252,0.9360246390104293,1.0,0.9650032073259354,0.9960310548543929,0.9833751991391182
22.320000000246072,155.19957587437423,28.642082676017193,131.90619668355794,73.49544641258916,139.93611310536704,74.96805655268352,0.9302102446556091,0.9365775853395462,1.0,0.9648326814174651,0.9945411548018455,0.9851457744836807
22.340000000246736,155.25610761774843,28.633538108199883,131.43306801476578,73.81511377414694,139.94951016996188,74.97475508498094,0.9306254327297211,0.9370530337095261,1.0,0.9647861495614052,0.9928429007530212,0.9871894031763077
22.3600000002474,155.29452404568374,28.6232452588546,131.07425035368917,74.13115748445128,139.96133609156243,74.98066804578121,0.9308645874261856,0.9374310553073882,1.0,0.9647811606526374,0.9915896207094193,0.9888133600354194
22.380000000248064,155.31286337460662,28.61352263150156,130.84187546728518,74.43104952480988,139.97158900271853,74.98579450135927,0.9307553052902221,0.937697023153305,1.0,0.9648751184344291,0.9905215829610824,0.9902813911437988
22.400000000248728,155.31001947124824,28.60658883447447,130.7418571830147,74.70388447009543,139.98026728437665,74.99013364218833,0.9303282618522644,0.9378441512584687,1.0,0.9650564268231392,0.9897045105695724,0.9914913356304168
22.42000000024939,155.28573090538995,28.604390295858728,130.77421177003782,74.94066080287008,139.98736956613556,74.99368478306778,0.9296244770288468,0.9379061102867127,1.0,0.9653339728713035,0.9888549745082855,0.9925734728574752
22.440000000250055,155.24054549880603,28.608515267106224,130.93366107228374,75.13421447182766,139.9928947264626,74.9964473632313,0.9286819219589233,0.9378416299819946,1.0,0.965671944618225,0.9884062319993973,0.9932319104671478
22.46000000025072,155.17577305823457,28.62017862496471,131.21030658654234,75.27896365259859,139.99684189287092,74.99842094643546,0.9275255590677262,0.9376524180173874,1.0,0.9660511910915375,0.9883613049983978,0.993454323709011
22.480000000251383,155.0933777964484,28.63995557140741,131.59042867766132,75.37171240508312,139.99921044205718,74.99960522102859,0.92533560693264,0.93813556432724,1.0,0.9674569860100746,0.9884636133909225,0.9938272669911384
22.500000000252047,154.99587618099713,28.667772911684242,132.0572789030034,75.41167623477536,140.0,75.0,0.922947247326374,0.9386588543653488,1.0,0.9690891101956367,0.9889212429523467,0.9938511252403259
22.52000000025271,154.88623113738007,28.70299444151584,132.59187610792532,75.4002031517626,139.99921044201903,74.99960522100952,0.920563979446888,0.9391234576702118,1.0,0.9707566484808922,0.9896643668413162,0.9934674799442291
22.540000000253375,154.7677314077524,28.744561307708928,133.17379035739233,75.34027078967604,139.99684189279466,74.99842094639733,0.9184072688221931,0.9395107865333557,1.0,0.9721517235040664,0.9905516773462295,0.9924627780914306
22.56000000025404,154.6438664547681,28.790988425348157,133.78192838703,75.23659031294282,139.99289472634825,74.99644736317413,0.9165625303983688,0.939832329750061,1.0,0.9734047576785088,0.9917116075754165,0.9909846842288971
22.580000000254703,154.5182467050683,28.840525158037856,134.39502715663093,75.09540084454939,139.98736956598313,74.99368478299156,0.914670330286026,0.9400897234678268,1.0,0.9747540205717087,0.992585203051567,0.9899606704711914
22.600000000255367,154.39476774917117,28.891694681653902,134.99139185058237,74.92354696705105,139.98026728418617,74.99013364209308,0.9130730703473091,0.9402647018432617,1.0,0.9759943187236786,0.9935528278350829,0.9888583451509475
22.62000000025603,154.27735322284292,28.943561639351078,135.54943971299463,74.72800131288295,139.97158900249,74.985794501245,0.9119537398219109,0.9405128508806229,1.0,0.9774246603250503,0.9948520675301551,0.9875060781836509
22.640000000256695,154.1696019391198,28.99601627769378,136.04868572955542,74.51467894136076,139.9613360912959,74.98066804564795,0.9113519728183747,0.9408348321914672,1.0,0.9790125593543052,0.99643185287714,0.9859680771827697
22.66000000025736,154.07470318985483,29.04892744625893,136.47087608878783,74.2901179808679,139.9495101696574,74.9747550848287,0.9111118391156197,0.9410478353500366,1.0,0.9803072080016135,0.9978843450546264,0.9845873653888702
22.680000000258023,153.99552460869808,29.101945729110206,136.80076943652614,74.06174460669588,139.93611310502465,74.96805655251232,0.9111865520477295,0.9411264151334763,1.0,0.9811469137668609,0.9991895616054535,0.9833686366677283
22.700000000258687,153.9343895502249,29.154568155882213,137.0265280780505,73.83715144872187,139.92114701294943,74.96057350647472,0.9115673452615738,0.9410702317953109,1.0,0.9814824000000953,1.0,0.9823421195149421
22.72000000025935,153.89295989186243,29.206173757604887,137.14004252647982,73.62380443860312,139.9046142567512,74.9523071283756,0.9122967630624771,0.9408972024917602,1.0,0.9813475295901298,1.0,0.9815249130129814
22.740000000260014,153.87212696093658,29.256082619101587,137.1368999130245,73.42906042989968,139.88651744714375,74.94325872357187,0.9133461996912956,0.9406153738498687,1.0,0.9807569742202759,1.0,0.9809369906783103
22.76000000026068,153.87198381806402,29.303484458336243,137.01634248963734,73.26007124374144,139.86685944182315,74.93342972091158,0.9146690338850021,0.9402365207672119,1.0,0.9797563046216964,1.0,0.9806015938520432
22.780000000261342,153.89179451580446,29.347734989723364,136.78152587451393,73.12336425775213,139.84564334501633,74.92282167250816,0.9162083089351654,0.9397755205631256,1.0,0.9784111857414245,1.0,0.9805400729179382
22.800000000262006,153.9300399371087,29.388244463325595,136.43975026991052,73.02440364172854,139.8228725069909,74.91143625349545,0.9179012209177017,0.9392501026391983,1.0,0.97680055052042,1.0,0.980769370496273
22.82000000026267,153.9845380930588,29.424416461584265,136.0024559167091,72.96707577004187,139.7985505235262,74.8992752617631,0.9199308305978775,0.9387024223804473,1.0,0.9748255059123039,1.0,0.9809911668300628
22.840000000263334,154.05254143050178,29.45569688811183,135.4849319572273,72.95326767201779,139.77268123534532,74.88634061767266,0.9220157787203789,0.9381385684013367,1.0,0.9727493286132812,1.0,0.9814705714583396
22.860000000263998,154.13084769043655,29.48160292397339,134.90579553630533,72.98296176146683,139.74526872750874,74.87263436375437,0.9240532249212264,0.9375742673873901,1.0,0.9706822752952575,0.9993871331214904,0.9822373077273369
22.880000000264662,154.21592737698413,29.501750616071902,134.2862818719666,73.05446278361835,139.71631732876924,74.85815866438462,0.9259674638509751,0.9370313793420791,1.0,0.968707051873207,0.9980789482593536,0.9832779243588448
22.900000000265326,154.30406264405377,29.515609827221937,133.6493898114175,73.16541176796309,139.68583161088833,74.84291580544416,0.9276812344789505,0.9365318089723587,1.0,0.9668975800275802,0.9966019362211227,0.9845745891332626
22.92000000026599,154.3914730036144,29.522377654496132,133.0189759472999,73.31354321506286,139.65381638791422,74.82690819395711,0.9293255627155304,0.9363065659999847,1.0,0.9656430214643478,0.9953959077596664,0.9857757985591888
22.940000000266654,154.47441043828712,29.52254976365698,132.4189141473064,73.49248414683174,139.62027671542177,74.81013835771088,0.9300071567296981,0.9367961764335632,1.0,0.965489961206913,0.9938866332173347,0.9876684367656707
22.960000000267318,154.5493126007851,29.51759262224631,131.87211868748486,73.69269976187981,139.58521788971407,74.79260894485704,0.9306129157543183,0.9372384190559387,1.0,0.965365631878376,0.9927314728498459,0.989278544485569
22.98000000026798,154.61296655319435,29.509341036819258,131.3995642978186,73.90300382137958,139.54864544698611,74.77432272349306,0.9309147089719773,0.9376120686531066,1.0,0.9653461545705795,0.9916179671883583,0.9909451037645339
23.000000000268646,154.66264811855896,29.499594604778547,131.0194030972482,74.11161342046734,139.51056516245055,74.75528258122527,0.9309365779161453,0.937910196185112,1.0,0.9654429957270622,0.9906130015850066,0.9925887078046798
23.02000000026931,154.6962204402528,29.489864869752427,130.7461362555487,74.30725879994964,139.4709830494258,74.7354915247129,0.9306700736284256,0.938113784790039,1.0,0.9656351223587989,0.9897845566272735,0.9940919607877731
23.040000000269973,154.71220630714848,29.481370274080167,130.58954081326334,74.48014313720616,139.4299053583863,74.71495267919315,0.9301252722740173,0.9382292270660401,1.0,0.965919628739357,0.9890188485383987,0.9954641163349152
23.060000000270637,154.70992986200187,29.475461786582848,130.55365083631472,74.6215691273934,139.3873385759757,74.69366928798784,0.9293196439743042,0.9382386147975922,1.0,0.9662800014019012,0.9884650036692619,0.9965617209672928
23.0800000002713,154.68952050225604,29.47320090201153,130.63704043970068,74.72489646554368,139.34328942398236,74.67164471199118,0.9282700598239898,0.9381224930286407,1.0,0.9666978761553764,0.9882985591888427,0.9972402393817901
23.100000000271965,154.6518213594817,29.475398190186347,130.83342740560812,74.78564925086678,139.29776485827804,74.64888242913902,0.9262749522924423,0.9384919941425324,1.0,0.9679077535867691,0.9883729994297027,0.9978459447622299
23.12000000027263,154.5983319391652,29.48248317144161,131.13233874751754,74.80139633644916,139.25077206771937,74.62538603385968,0.9240394338965415,0.9389058321714401,1.0,0.9694302916526794,0.9887488394975662,0.9982268407940864
23.140000000273293,154.5310868370748,29.494579553013033,131.51985349427974,74.7716633193248,139.20231847301278,74.60115923650639,0.9216304033994674,0.9392871528863906,1.0,0.9711126983165741,0.9894400805234909,0.9982546329498291
23.160000000273957,154.45257578313755,29.51141533395332,131.97938273710162,74.69770435400018,139.15241172554255,74.57620586277127,0.91924929022789,0.9396310031414031,1.0,0.9728108942508698,0.9903293758630752,0.9978222608566284
23.18000000027462,154.36564048352892,29.53231499035235,132.49246798088134,74.58248949614686,139.1010597061626,74.5505298530813,0.9170413494110107,0.9399544686079025,1.0,0.9744326338171958,0.9911061525344849,0.9970675945281982
23.200000000275285,154.27340038490027,29.556271004289183,133.03938725119676,74.43068883404513,139.04827052395217,74.52413526197608,0.9151428237557411,0.940190315246582,1.0,0.9758590102195739,0.9924363315105438,0.9955404430627822
23.22000000027595,154.1792706768047,29.582334430904304,133.59919816942462,74.2481146613093,138.994052514935,74.4970262574675,0.9131031736731529,0.9403686106204986,1.0,0.9774021655321121,0.9934005230665206,0.9945646554231643
23.240000000276613,154.08685595997804,29.609706681899013,134.15025772623494,74.0414749531443,138.93841424076328,74.46920712038164,0.91162431538105,0.9407107710838317,1.0,0.9793330699205398,0.99492619484663,0.9929988980293274
23.260000000277277,153.99980067531013,29.63784038580424,134.67105434220653,73.81783188946002,138.88136448736546,74.44068224368273,0.9105266258120537,0.9410717695951462,1.0,0.9813578158617019,0.9966003984212874,0.9913164377212524
23.28000000027794,153.92212662409767,29.6667611791875,135.14115238423543,73.58310619803527,138.82291226355892,74.41145613177946,0.9096907153725624,0.941324371099472,1.0,0.9830945372581481,0.9981959596276283,0.989732763171196
23.300000000278605,153.85655407990592,29.696474190691628,135.5421358971861,73.34348771122154,138.76306679962747,74.38153339981373,0.9091778457164764,0.9414657235145568,1.0,0.984466540813446,0.999660575389862,0.9882747903466225
23.32000000027927,153.80573986310597,29.726775913227385,135.85841561317037,73.10592583760112,138.70183754586355,74.35091877293178,0.9090226888656616,0.9414945125579833,1.0,0.9854076921939849,1.0,0.986971491575241
23.340000000279932,153.77193970637938,29.75719802142279,136.0775421713589,72.87754233100583,138.63923417107617,74.31961708553808,0.9092277303338051,0.9414105325937271,1.0,0.9858710259199142,1.0,0.985854297876358
23.360000000280596,153.75678261663947,29.787157170488246,136.19021351230083,72.66567997582483,138.57526656106387,74.28763328053194,0.9097781285643577,0.9412175118923187,1.0,0.9858407169580459,1.0,0.9849537998437881
23.38000000028126,153.76110671905732,29.816192696025723,136.1905226724338,72.4776971437192,138.50994481705388,74.25497240852694,0.9106453537940978,0.9409228712320328,1.0,0.985329595208168,1.0,0.984299635887146
23.400000000281924,153.78496764107342,29.843722219762864,136.07643159397736,72.32052022021216,138.44327925410676,74.22163962705338,0.911788971722126,0.9405373930931091,1.0,0.9843760609626769,1.0,0.983919857442379
23.420000000282588,153.82769777727125,29.869119347348235,135.85011516615535,72.20010418029749,138.37528039948774,74.18764019974387,0.913158494234085,0.9400751411914825,1.0,0.9830403342843055,1.0,0.9838389351963996
23.440000000283252,153.8879394913863,29.891741531669666,135.51808368815162,72.12066699879176,138.30595899100422,74.15297949550211,0.9148553133010864,0.9395673364400864,1.0,0.9812667369842529,1.0,0.9838638216257095
23.460000000283916,153.96370296274125,29.910958026951782,135.09107693119918,72.08447073543216,138.2353259753102,74.1176629876551,0.9167649611830712,0.9390308678150177,1.0,0.9791981637477875,1.0,0.9840734004974365
23.48000000028458,154.0524483537618,29.926179711435694,134.5837326603033,72.09196467392849,138.16339250617764,74.08169625308882,0.9187151819467544,0.9384753555059433,1.0,0.9770181536674499,1.0,0.9846037939190864
23.500000000285244,154.15118835533053,29.936890048086266,134.01404986843426,72.14198918724898,138.09016994273526,74.04508497136763,0.9206387236714363,0.9379202455282211,1.0,0.9748173788189888,0.9998880177736282,0.9854367136955261
23.520000000285908,154.25660663484646,29.942675944558953,133.4026809615499,72.23198375893492,138.0156698476746,74.0078349238373,0.922455383837223,0.9373867988586425,1.0,0.972690936923027,0.9983795389533042,0.9865584135055542
23.54000000028657,154.3651793690811,29.943251696182287,132.77212083891902,72.35821407662056,137.9399039854243,73.96995199271215,0.9240840569138526,0.936896213889122,1.0,0.9707245290279388,0.9967036455869674,0.9879478067159653
23.560000000287236,154.4732773317653,29.938358045498266,132.14589271403597,72.51636171754686,137.86288432029235,73.93144216014618,0.9254472494125366,0.9364688396453857,1.0,0.9689904406666755,0.9949222743511199,0.9895760461688041
23.5800000002879,154.57728236887849,29.927916535911702,131.54764104004144,72.7013937297365,137.78462301457668,73.89231150728834,0.926504835486412,0.936154145002365,1.0,0.9676331758499145,0.9930427432060241,0.9915433347225189
23.600000000288563,154.67373078082545,29.912913374489406,131.00014482710554,72.90521888700397,137.70513242664472,73.85256621332236,0.9266422986984253,0.9363787621259689,1.0,0.9672142460942268,0.9908926710486412,0.994172802567482
23.620000000289227,154.75946270967495,29.89503749357588,130.52436945735806,73.1176756227719,137.6244251089818,73.8122125544909,0.926828908920288,0.9366715341806412,1.0,0.9670526698231696,0.9894946053624153,0.9960986420512199
23.64000000028989,154.8317604706475,29.875929644634425,130.138605448648,73.32745229259099,137.54251380620892,73.77125690310446,0.92674942612648,0.9369571447372437,1.0,0.9671413794159889,0.988256287574768,0.9979514896869659
23.660000000290555,154.88854729785484,29.857133790039267,129.85772610567284,73.5231463575229,137.4594114530704,73.7297057265352,0.9263719499111175,0.9371860444545745,1.0,0.967357462644577,0.9868416592478751,0.9999030292034149
23.68000000029122,154.92836809499775,29.83994319702806,129.69257328020876,73.69403883400597,137.3751311723911,73.68756558619555,0.9257011741399764,0.9372956931591033,1.0,0.9676591530442238,0.9857731610536575,1.0
23.700000000291883,154.95047697145534,29.82546569034989,129.64932057579068,73.83022255844556,137.28968627300438,73.64484313650219,0.9246792659163475,0.9373238831758499,1.0,0.968103814125061,0.9850613340735435,1.0
23.720000000292547,154.95496068660674,29.814820387167998,129.7287687063957,73.92276368780982,137.20309024765035,73.60154512382518,0.9227832034230232,0.9377181410789489,1.0,0.9692432343959808,0.9846581220626831,1.0
23.74000000029321,154.9426904152875,29.808672360122376,129.92648632248543,73.96559037359914,137.11535677084527,73.55767838542263,0.9205434069037437,0.9381007224321365,1.0,0.9706082552671432,0.9846923425793648,1.0
23.760000000293875,154.9151601056996,29.807212154636996,130.2333201587168,73.95552872054267,137.02649969672214,73.51324984836107,0.9180331945419311,0.9384713053703307,1.0,0.9722349032759666,0.9851023629307747,1.0
23.78000000029454,154.87430250215516,29.810143213756646,130.6361359550654,73.89204490058867,136.9365330568431,73.46826652842155,0.9153168499469757,0.9388390630483627,1.0,0.974174752831459,0.9856663644313812,1.0
23.800000000295203,154.8225220370194,29.816224355073054,131.1186526754916,73.77851223251281,136.84547105798345,73.42273552899172,0.9128590300679207,0.9391574501991272,1.0,0.9759514570236205,0.9866767033934593,1.0
23.820000000295867,154.7626171463725,29.823798112698675,131.66210755228875,73.62090150993726,136.75332807988843,73.37666403994422,0.91059982329607,0.9396643966436385,1.0,0.978374108672142,0.9884144216775894,1.0
23.84000000029653,154.69778634464026,29.831469543693004,132.2455614044727,73.42624594176505,136.6601186730025,73.33005933650125,0.9087355092167854,0.9401517987251281,1.0,0.9807730138301849,0.9909375399351119,1.0
23.860000000297195,154.63153394479752,29.838367149435616,132.84661513810008,73.20182632435824,136.56585755617147,73.28292877808573,0.9066962391138077,0.940669384598732,1.0,0.9835800260305404,0.9927116155624389,0.9983982875943184
23.88000000029786,154.56754321034293,29.844162027090125,133.44219095621224,72.95480764072349,136.4705596143184,73.2352798071592,0.9049800097942352,0.9411145329475402,1.0,0.9863131210207938,0.9945867747068404,0.9965676933526992
23.900000000298522,154.50952600870596,29.848968929836516,134.0093469132202,72.69209846622093,136.3742398960931,73.18711994804654,0.9035697400569915,0.9414797514677048,1.0,0.9889211177825927,0.9964227959513664,0.9947724059224128
23.920000000299186,154.46100951675047,29.853205962170108,134.5262460869272,72.4205892218411,136.2769136114956,73.1384568057478,0.9024626716971397,0.9417337834835052,1.0,0.9911975800991057,0.998169369995594,0.9930523008108139
23.94000000029985,154.42515086581454,29.857512425884913,134.9725804161965,72.14760052794877,136.17859612947444,73.08929806473722,0.9016911298036575,0.9418660879135131,1.0,0.993019613623619,0.9997644484043121,0.9914509817957877
23.960000000300514,154.4045972157058,29.862583369172285,135.33028860899947,71.88094279838072,136.07930297549984,73.03965148774992,0.9013077795505523,0.941878005862236,1.0,0.9943179413676262,1.0,0.9899991780519485
23.980000000301178,154.40148155480242,29.869159173698954,135.58406103104673,71.62821952082425,135.97904982911183,72.98952491455591,0.901320131123066,0.9417679637670516,1.0,0.9950266480445862,1.0,0.9887314319610595
24.000000000301842,154.41729457661057,29.877688751904053,135.72203798623053,71.39722409842118,135.8778525214444,72.9389262607222,0.9017180681228637,0.9415386974811554,1.0,0.9951168462634086,1.0,0.9876841008663177
24.020000000302506,154.45284224328452,29.8882144273317,135.73644707328793,71.19564073173466,135.77572703272554,72.88786351636277,0.9024732708930969,0.9411974132061004,1.0,0.9945988357067108,1.0,0.9868975162506103
24.04000000030317,154.50823434802456,29.90045215739304,135.6241285228553,71.03056219224966,135.6726894897538,72.8363447448769,0.9035922616720199,0.9407170116901398,1.0,0.9935367345809936,1.0,0.9863430634140968
24.060000000303834,154.58288182530637,29.91385483665051,135.38685831944446,70.90792953743998,135.56875616335168,72.78437808167584,0.9050623089075088,0.9401384681463242,1.0,0.9919066756963729,1.0,0.9859462395310401
24.080000000304498,154.67551494732479,29.92768042678276,135.03141162908878,70.83169701368263,135.4639434657962,72.7319717328981,0.90667504966259,0.9395709842443466,1.0,0.9898319512605667,1.0,0.9860516458749771
24.10000000030516,154.78422774317698,29.9410617205559,134.5693743578147,70.80370325652495,135.35826794822742,72.67913397411371,0.908544996380806,0.9390207201242446,1.0,0.9872743308544158,1.0,0.9863553613424301
24.120000000305826,154.90654770613133,29.95307675194767,134.0167167083141,70.8238810500836,135.25174629803453,72.62587314901727,0.9105594247579575,0.938383212685585,1.0,0.9845909863710403,1.0,0.9869268059730529
24.14000000030649,155.03952494351185,29.962820700816778,133.3931518734826,70.89050759865847,135.14439533622092,72.57219766811046,0.912557004392147,0.937745776772499,1.0,0.9818695992231369,0.9992539569735527,0.9878688156604767
24.160000000307154,155.17982043811324,29.96943937704984,132.72132760672753,71.00047688173953,135.03623201474798,72.51811600737399,0.9144506350159645,0.9371320068836212,1.0,0.9792299926280975,0.9974529653787613,0.9891598075628281
24.180000000307817,155.3238490906396,29.972001497318228,132.02594170265704,71.14956596676467,134.927273413858,72.463636706929,0.9161490097641944,0.9365663647651672,1.0,0.9767830312252044,0.9954688280820846,0.9907761871814728
24.20000000030848,155.46791959341493,29.969781165672806,131.33279499697417,71.33293291042996,134.81753673937715,72.40876836968857,0.9176223695278167,0.9361114621162414,1.0,0.9747671097517013,0.9932809546589851,0.9928990304470062
24.220000000309145,155.6082195521062,29.96231030637411,130.66785338912987,71.54503397195367,134.70703931999844,72.35351965999922,0.9187472656369209,0.9357515186071396,1.0,0.9731042429804801,0.9910497903823852,0.9952874392271042
24.24000000030981,155.7416074285843,29.950207313012733,130.05618782678798,71.77715874658385,134.5957986045453,72.29789930227265,0.9192861706018448,0.9355485826730728,1.0,0.9719602361321449,0.9883667588233948,0.9983846753835678
24.260000000310473,155.86474979768022,29.934813902909205,129.52095891087637,72.0180764290755,134.48383215921632,72.24191607960816,0.9194453015923499,0.9355834156274795,1.0,0.9712490618228912,0.9857559770345687,1.0
24.280000000311137,155.97469064118224,29.91775066552955,129.0824962582827,72.25512118312471,134.37115766481108,72.18557883240554,0.9191032752394676,0.9357310622930527,1.0,0.9709628477692603,0.9833895087242126,1.0
24.3000000003118,156.06908216942787,29.900596042445628,128.75746633218387,72.47529136098623,134.25779291393846,72.12889645696923,0.9184211894869804,0.9358024448156357,1.0,0.9708784878253937,0.9812495753169059,1.0
24.320000000312465,156.1462369307912,29.884779006120965,128.55811705670888,72.6659284582781,134.1437558082068,72.0718779041034,0.9173421815037727,0.9359668731689453,1.0,0.9711756587028503,0.9796830981969833,1.0
24.34000000031313,156.20519388930904,29.871506785357052,128.49178316137545,72.81526366186998,134.02906435539703,72.01453217769851,0.9157035171985626,0.936349293589592,1.0,0.9720818921923637,0.9786065846681594,1.0
24.360000000313793,156.24578516946403,29.861694494855882,128.56055853889976,72.91281513736648,133.9137366666191,71.95686833330954,0.9136569201946259,0.936783766746521,1.0,0.9734241858124733,0.9781242072582245,1.0
24.380000000314457,156.2686299929356,29.855228951848456,128.76126847211705,72.95202469425621,133.797790953452,71.898895476726,0.9112686276435852,0.9372510254383087,1.0,0.9751967146992683,0.9782659977674484,1.0
24.40000000031512,156.27508821479597,29.850786364736898,129.08573264685893,72.93130109786543,133.6812455250679,71.84062276253395,0.9086676627397537,0.9377659112215042,1.0,0.9773746460676193,0.9789949774742126,1.0
24.420000000315785,156.26715823809454,29.846566721689065,129.5213384088022,72.8521946722887,133.56411878534104,71.78205939267052,0.9062741577625274,0.938357275724411,0.9999283224344253,0.9796831607818604,0.9802192404866218,1.0
24.44000000031645,156.24738363778934,29.840983137592413,130.05156045235506,72.7179041567137,133.44642922994134,71.72321461497067,0.9037677273154259,0.9389899373054504,0.9995763987302779,0.9825379341840743,0.9817957445979117,1.0
24.460000000317113,156.21878989891874,29.833059996883573,130.65640901138104,72.53251312945613,133.32819544341393,71.66409772170697,0.9011857613921165,0.939582347869873,0.9994374066591263,0.9856346428394317,0.9838267937302589,1.0
24.480000000317776,156.184794051336,29.82251072737795,131.3131048468115,72.30082349765577,133.20943609624427,71.60471804812214,0.8990510582923888,0.940069517493248,0.9999678179621696,0.9886322930455207,0.9870455518364906,1.0
24.50000000031844,156.1490906783317,29.80964052902962,131.99687098745258,72.02851830128702,133.09016994191006,71.54508497095503,0.8967449888586998,0.9405818372964859,0.9999425917863846,0.9921600013971328,0.9895973294973373,1.0
24.520000000319104,156.11549854749327,29.795187211178572,132.68182361857953,71.722413826727,132.9704158139196,71.4852079069598,0.8948015540838241,0.9410260379314422,1.0,0.9955976992845534,0.9921954691410064,1.0
24.54000000031977,156.0877701936622,29.780157612918334,133.34189764635994,71.39057183473065,132.8501926228379,71.42509631141895,0.8934429928660392,0.9414039433002471,0.9999062702059746,0.9985672488808631,0.994239866733551,0.9977733865380287
24.560000000320432,156.06948224634996,29.76566657719945,133.9514807825362,71.04222599230334,132.7295193533006,71.3647596766503,0.8923781335353851,0.9416823118925094,0.9999014869332313,1.0,0.996250557899475,0.9953622370958328
24.580000000321096,156.0638786558513,29.75278398383725,134.4866660978306,70.68778610881812,132.60841506101573,71.30420753050787,0.8916080534458161,0.9418438166379929,1.0,1.0,0.9982086777687073,0.9931994020938872
24.60000000032176,156.07366406467003,29.742429873500605,134.92664664088915,70.33885640953575,132.48689886975504,71.24344943487752,0.8910024553537369,0.9418430477380753,1.0,1.0,1.0,0.9913803726434707
24.620000000322424,156.1010238242656,29.73525942257355,135.25393808250266,70.00713576972629,132.36498996833373,71.18249498416687,0.8907426297664642,0.9416394591331482,1.0,1.0,1.0,0.9898170739412308
24.640000000323088,156.14750828354133,29.731799872970182,135.4550983691327,69.70355711683642,132.24270760758054,71.12135380379027,0.891088281571865,0.9411715477705002,1.0,1.0,1.0,0.9881250381469726
24.660000000323752,156.21394113878011,29.732359933767192,135.52161029080452,69.43761643844921,132.12007109729782,71.06003554864891,0.8917601972818374,0.9406030625104904,1.0,1.0,1.0,0.9867981314659118
24.680000000324416,156.30040612450782,29.736749609632078,135.45104198511055,69.21786520183542,131.99709980321217,70.99854990160608,0.8926804184913635,0.9399553716182708,1.0,1.0,1.0,0.9859406292438506
24.70000000032508,156.40627651597376,29.744327022491753,135.24752514962452,69.05170219747491,131.87381314391646,70.93690657195823,0.8938088059425354,0.9392498970031739,1.0,1.0,1.0,0.9855759516358376
24.720000000325744,156.53029305692337,29.75411668171221,134.92097647849207,68.94475866444381,131.75023058780337,70.87511529390169,0.8951033741235733,0.938509303331375,1.0,1.0,1.0,0.9856872409582138
24.740000000326408,156.6706160874849,29.764879771632632,134.48606945469803,68.8999811027999,131.6263716499911,70.81318582499556,0.8966360107064247,0.93781378865242,1.0,1.0,1.0,0.9860774576663971
24.76000000032707,156.8248595110173,29.775148073051344,133.96117355255996,68.91782400639474,131.50225588924184,70.75112794462092,0.8982418715953827,0.9371661692857742,1.0,0.9978037938475608,1.0,0.9868854150176047
24.780000000327735,156.99018389495726,29.78336217569288,133.3672733128372,68.99658253401306,131.3779029048729,70.68895145243646,0.8997725635766983,0.9365676522254943,1.0,0.9949213221669196,1.0,0.9882153257727623
24.8000000003284,157.1634193036831,29.788027522124104,132.72690152271457,69.13266494845513,131.25333233366214,70.62666616683107,0.9011608034372329,0.9360402315855026,1.0,0.9920787796378135,0.9985071092844009,0.9900312125682831
24.820000000329063,157.34119422107747,29.787844709346952,132.06312038363637,69.32086479915654,131.12856384674677,70.56428192337339,0.9024049505591393,0.9355865895748138,1.0,0.9893471330404281,0.9962034940719604,0.9921346366405487
24.840000000329727,157.52005780311745,29.781634738265907,131.39858170780525,69.55515554179931,131.00361714651729,70.50180857325864,0.9036347031593323,0.9351123124361038,1.0,0.9872309327125549,0.9938019335269928,0.9946879431605339
24.86000000033039,157.69657977563415,29.768506377646386,130.7549587391109,69.82880537627464,130.87851196350604,70.43925598175302,0.9046095475554466,0.9347307056188583,1.0,0.9854013442993164,0.991312052309513,0.9974669799208641
24.880000000331055,157.86747131359846,29.749195852917833,130.15324783700447,70.13090960265994,130.7532680532717,70.37663402663586,0.9052563890814781,0.934533017873764,1.0,0.9839648693799972,0.9881914272904395,1.0
24.90000000033172,158.0297358686628,29.72564078608993,129.61342158477936,70.44752276999,130.62790519327962,70.31395259663981,0.9057045504450798,0.9345257043838501,0.9987515345215797,0.9828307375311851,0.9849192038178444,1.0
24.920000000332383,158.1808041935312,29.70026725734208,129.1536241658195,70.76302071880177,130.50244317977857,70.25122158988928,0.9057472109794616,0.9348434746265412,0.9970598831772803,0.9822961241006851,0.9809519842267036,1.0
24.940000000333047,158.31856792535004,29.67542363229186,128.7893528903666,71.06148131078952,130.37690182467495,70.18845091233747,0.9056032434105873,0.9351374357938766,0.9959049060940742,0.9818830057978629,0.9781575381755828,1.0
24.96000000033371,158.44170926445113,29.65307511590461,128.53261346816288,71.32781354668295,130.251300952404,70.125650476202,0.9049580067396163,0.9355251580476761,0.9946987614035606,0.9819731324911117,0.9756861016154289,1.0
24.980000000334375,158.54932736610093,29.634570853717538,128.39143182684558,71.54870398801039,130.1256603967995,70.06283019839975,0.9042337119579315,0.9359781026840209,0.9937838330864905,0.982380712032318,0.9739251419901848,1.0
25.00000000033504,158.64107923422196,29.620303475235353,128.36931753644174,71.71388424569965,129.99999999796162,69.99999999898081,0.9032574549317359,0.9364814281463623,0.9930721268057823,0.9831662505865096,0.9728064596652984,1.0
25.020000000335703,158.71761979323648,29.609123273329015,128.4641623487854,71.81795101541752,129.8743395991241,69.93716979956206,0.9020232900977134,0.937011843919754,0.992568452656269,0.9843400701880455,0.972361709177494,1.0
25.040000000336367,158.78007517943595,29.599296406675386,128.66809751880035,71.85824999379886,129.74869904352056,69.87434952176028,0.9005660325288772,0.9375537663698196,0.9922469094395637,0.9858343154191971,0.9725395709276199,1.0
25.06000000033703,158.83016039530895,29.58924735184845,128.96866010108607,71.83366043665193,129.62309817125123,69.81154908562561,0.898931547999382,0.9380959212779999,0.9920464813709259,0.9875240713357925,0.9732155457139015,1.0
25.080000000337694,158.87007623724634,29.577880225975964,129.34958829473265,71.74386483250152,129.49755681614985,69.74877840807493,0.8971501275897026,0.9386117905378342,0.9919841021299362,0.9895516782999039,0.9744376942515373,1.0
25.10000000033836,158.9023409773421,29.564803634728843,129.79189607882242,71.5893551839698,129.3720948026517,69.68604740132585,0.8952067464590072,0.9390638589859008,0.992028573155403,0.9917762756347656,0.9761344194412231,1.0
25.120000000339022,158.9296526670556,29.550218131253803,130.27490028226447,71.37180259780607,129.24673194266313,69.62336597133157,0.8933564782142639,0.9394868969917297,0.9919259026646614,0.9943373337388038,0.9781816959381103,1.0
25.140000000339686,158.9547946324509,29.53474960179157,130.7771713666659,71.09454684760797,129.121488032433,69.5607440162165,0.8917653203010559,0.9397016078233719,0.992353156208992,0.9966287806630134,0.9814433872699737,1.0
25.16000000034035,158.98054628896233,29.519253902239214,131.27743688181312,70.76297383703664,128.99638284942657,69.49819142471328,0.8902610838413239,0.9399590015411377,0.9924710303544998,0.9992473185062408,0.9840843886137008,1.0
25.180000000341014,159.0096001294325,29.50463957212062,131.75539313623776,70.38465600862132,128.87143614920254,69.43571807460127,0.8890319168567657,0.940089875459671,0.9927580043673515,1.0,0.9869901016354561,1.0
25.200000000341678,159.04448428737587,29.49172618887292,132.1923583808708,69.96933377258766,128.74666766229328,69.37333383114664,0.8881290093064308,0.9401745617389679,0.9932853266596794,1.0,0.9898958414793014,0.9985398411750793
25.220000000342342,159.08749889239854,29.481149292053704,132.5717800648436,69.52866017122909,128.62209709108924,69.31104854554462,0.8875109210610389,0.9401697874069214,0.9939796566963195,1.0,0.9927695512771606,0.9956578075885772
25.240000000343006,159.14062634939356,29.473313092134813,132.8796013046286,69.07588326650068,128.4977441067277,69.24887205336385,0.8871401146054267,0.9400843948125839,0.9945967346429825,1.0,0.9951534450054168,0.9932199567556381
25.26000000034367,159.20539595381084,29.468351430061055,133.1051172079725,68.6256697426772,128.37362834598642,69.18681417299321,0.8869718372821808,0.939894163608551,0.9952073350548744,1.0,0.9971277430653571,0.9912005394697189
25.280000000344334,159.2828701720957,29.46619027786099,133.24110029034782,68.19280008782393,128.24976940818283,69.12488470409141,0.8869414076209068,0.9394693911075592,0.996062271296978,1.0,0.9991047233343124,0.9893817782402038
25.300000000344998,159.3735934242122,29.46665303437087,133.2848766559804,67.79117871230083,128.12618685207903,69.06309342603952,0.8871899500489234,0.9387990713119506,0.9970141381025314,1.0,1.0,0.9877371281385421
25.32000000034566,159.47754682659115,29.469581705311597,133.23871673285606,67.43296131024536,128.00290019279322,69.00145009639661,0.8875536888837814,0.9380510479211807,0.9979256957769393,1.0,1.0,0.9865730047225951
25.340000000346325,159.5941599144871,29.47435351252811,133.10933038426575,67.12946359113577,127.87992889871812,68.93996444935907,0.8880107551813126,0.9372493714094162,0.9987641632556915,1.0,1.0,0.9858873382210731
25.36000000034699,159.7223743121003,29.47993018255636,132.90696989753522,66.89056721213541,127.75729238844657,68.8786461942233,0.8885299280285835,0.9364231437444687,0.9994887039065361,1.0,1.0,0.9856892436742782
25.380000000347653,159.860714828742,29.48502079684633,132.6446160127478,66.72403929346304,127.6350100277052,68.8175050138526,0.8890781044960022,0.9356030315160752,1.0,1.0,1.0,0.9859782204031944
25.400000000348317,160.0073473061048,29.48815155016694,132.33736720680128,66.63525022102436,127.51310112629632,68.75655056314815,0.8896342605352402,0.9348285794258118,1.0,1.0,1.0,0.9866969227790832
25.42000000034898,160.16014349168424,29.487734825202594,132.00169349238837,66.62659186511038,127.39158493504866,68.69579246752433,0.8902436584234238,0.9341854035854339,1.0,1.0,1.0,0.9875162303447723
25.440000000349645,160.316786470018,29.482222318471237,131.65456825345763,66.69718074262353,127.2704806427775,68.63524032138875,0.8907715886831283,0.9336364448070525,1.0,1.0,1.0,0.9887998998165131
25.46000000035031,160.47488294601305,29.470253073460583,131.31263149586826,66.84322141909746,127.14980737325446,68.57490368662722,0.8912070542573929,0.933197295665741,1.0,1.0,1.0,0.9904731690883636
25.480000000350973,160.6320726641112,29.45043499942608,130.9914163387812,67.0594789906285,127.02958418218769,68.51479209109384,0.8915300369262695,0.9328843176364898,0.9995187848806381,1.0,1.0,0.9924796178936958
25.500000000351637,160.78613439641475,29.421288832694504,130.70457240540065,67.34030005888768,126.90983005421273,68.45491502710637,0.8917282834649086,0.9327088117599487,0.9987383782863617,1.0,0.999710227549076,0.9947506576776504
25.5200000003523,160.9350872386958,29.38335775733154,130.46313011855293,67.67423613221916,126.79056389989465,68.39528194994732,0.8917427539825439,0.9326970368623734,0.9974829792976379,1.0,0.9976193338632583,0.9974719867110252
25.540000000352965,161.0772383858054,29.338705433116402,130.27533087414412,68.04593578752372,126.67180455274176,68.33590227637087,0.8915090397000313,0.9328232526779174,0.9958713069558143,1.0,0.9952758476138115,1.0
25.56000000035363,161.21131039476163,29.28984117136011,130.14665982277418,68.43869061809029,126.5535707662317,68.27678538311585,0.8913785636425018,0.9332082033157348,0.9940882235765457,1.0,0.9920306608080863,1.0
25.580000000354293,161.33645799478214,29.239510009435833,130.07984824823768,68.83630212032473,126.43588121084996,68.21794060542499,0.8914898976683616,0.9336714476346969,0.9926355972886085,1.0,0.9889636129140853,1.0
25.600000000354957,161.4522838082082,29.190297074371767,130.0746156860958,69.22432345862462,126.31875447114163,68.15937723557082,0.8915691256523132,0.9342450022697448,0.9912504643201827,1.0,0.9859827443957329,1.0
25.62000000035562,161.558880331285,29.144473626444984,130.12759100924123,69.59033804629496,126.20220904277672,68.10110452138835,0.8916242003440856,0.9348963499069214,0.9899950832128525,1.0,0.9832197561860084,1.0
25.640000000356284,161.6568492393408,29.10367732028885,130.23227229883193,69.923251188997,126.08626332962936,68.04313166481468,0.8916438788175582,0.935599473118782,0.9888896510004996,1.0,0.9807432815432549,1.0
25.66000000035695,161.74738918640514,29.068844515169925,130.3792171551726,70.21428073686687,125.97093564087179,67.98546782043589,0.891621147096157,0.9363263070583343,0.9879501670598984,1.0,0.9786062002182007,1.0
25.680000000357612,161.8320389713691,29.03966073086512,130.55663481048498,70.458630569907,125.85624418808295,67.92812209404147,0.8913377404212951,0.9370319426059722,0.9870261996984482,1.0,0.9767565935850143,1.0
25.700000000358276,161.91246849783948,29.015157799549016,130.75144414791475,70.65391965970728,125.7422070823728,67.8711035411864,0.8910546422004699,0.9377168267965317,0.9862512648105621,1.0,0.9751774474978446,1.0
25.72000000035894,161.99036496565012,28.99441660291285,130.95010346928876,70.79847752037601,125.62884233152228,67.81442116576115,0.8907506361603736,0.9383666098117828,0.9856107264757156,1.0,0.9738729059696197,1.0
25.740000000359604,162.0673503063377,28.976929627606026,131.139362418865,70.89049986688094,125.51616783713973,67.75808391856987,0.8904190212488174,0.9389534413814544,0.9851064532995224,1.0,0.972866366803646,1.0
25.760000000360268,162.14491916557256,28.962696169848495,131.3069530837892,70.92789675671025,125.404201391834,67.702100695917,0.8900934278964996,0.9394589573144912,0.9847434252500533,1.0,0.9721408471465111,1.0
25.780000000360932,162.22441131939874,28.95214037350162,131.44213691464049,70.9085737776165,125.2929606764047,67.64648033820235,0.8897995606064796,0.9398681998252868,0.9845230549573898,1.0,0.9716785997152328,1.0
25.800000000361596,162.30703497391823,28.945935586063587,131.5360044882934,70.830863589157,125.18246325705039,67.5912316285252,0.8895553141832352,0.9401677668094635,0.9844500496983528,1.0,0.9714741751551628,1.0
25.82000000036226,162.39383946585528,28.944815782542875,131.58179074657156,70.69396532823615,125.0727265825945,67.53636329129725,0.8893041342496871,0.9403275728225707,0.9846000254154205,1.0,0.971543438732624,1.0
25.840000000362924,162.48568683207841,28.949410522833368,131.5750929862564,70.49831590045598,124.96376798173003,67.48188399086501,0.8890928521752357,0.9403552353382111,0.9849090382456779,1.0,0.971892961859703,1.0
25.860000000363588,162.58323243379215,28.960118855261307,131.51397380365069,70.24584700680663,124.85560466028316,67.42780233014159,0.8889632791280746,0.9402716130018234,0.9852426916360855,1.0,0.9724858328700066,1.0
25.88000000036425,162.68690625946087,28.97703192325351,131.3989653479833,69.94008074410222,124.74825369849621,67.3741268492481,0.8888808995485306,0.9400582700967789,0.9857190296053886,1.0,0.9733840152621269,1.0
25.900000000364916,162.79689700584458,28.99990223893313,131.23298236404196,69.58607471937566,124.64173204833048,67.32086602416524,0.8888156726956368,0.9397200793027878,0.9863249272108078,1.0,0.9745930880308151,1.0
25.92000000036558,162.9131416883816,29.028148458324647,131.0211840125013,69.19026180341811,124.53605653078941,67.2680282653947,0.8887380808591843,0.9392643719911575,0.9870460838079452,1.0,0.9761186257004737,0.9990785807371139
25.940000000366243,163.03532379384416,29.060881778046216,130.77083303798807,68.76023503001443,124.43124383326222,67.21562191663111,0.8886216193437576,0.9387022346258164,0.9878634735941887,1.0,0.9779557421803474,0.9978484883904457
25.960000000366907,163.1628880813944,29.096957122618704,130.49096140232862,68.30451055995181,124.32731050688888,67.16365525344443,0.8884455680847168,0.9380479633808135,0.9887542530894279,1.0,0.9800877362489699,0.9967151075601577
25.98000000036757,163.2950727357761,29.135040614495704,130.1918590829694,67.8322571067596,124.22427296394646,67.11213648197322,0.888195876777172,0.9373185455799102,0.9896926552057266,1.0,0.9824857026338577,0.9956992655992507
26.000000000368235,163.43093710308767,29.173672112658455,129.88468460170117,67.35307771528194,124.12214747525745,67.06107373762873,0.8878658086061477,0.9365331947803497,0.9906508520245552,1.0,0.9851077005267143,0.9948133498430252
26.0200000003689,163.56939861036346,29.21142986070661,129.58108873263893,66.87651437881556,124.02095016762038,67.01047508381019,0.8874553188681602,0.9357126802206039,0.9915999248623848,1.0,0.9879001125693321,0.9940619826316833
26.040000000369563,163.7092828142869,29.247193362130997,129.29281893541656,66.41123929566224,123.92069702126327,66.96034851063163,0.8869268968701363,0.9348649501800537,0.9925633698701858,1.0,0.9908125713467597,0.9934513956308364
26.060000000370227,163.84938169967702,29.279661437300845,129.03131615836844,65.96637540581058,123.82140386732007,66.91070193366004,0.886294087767601,0.934074753522873,0.9933219522237777,1.0,0.9932103052735328,0.9933488190174102
26.08000000037089,163.98850674312135,29.307327702871426,128.80731656041598,65.55156105715798,123.72308638533084,66.86154319266542,0.8857064425945281,0.9332228839397431,0.9940259873867034,1.0,0.9956606864929198,0.9932381421327591
26.100000000371555,164.12553586272426,29.328606455039345,128.63047222866373,65.17655204704785,123.62576010076573,66.81288005038286,0.8851460665464401,0.9323339641094207,0.9947055205702782,1.0,0.9982327416539192,0.9930605888366699
26.12000000037222,164.2594552158635,29.34194711608423,128.50900540011804,64.85081362048233,123.52944038257331,66.76472019128666,0.8846821025013923,0.9316656559705734,0.9955619275569916,1.0,1.0,0.9927959620952606
26.140000000372883,164.3893945126349,29.345933420585688,128.4494252347509,64.58311951462733,123.43414244075365,66.71707122037682,0.8841622725129127,0.9310642510652541,0.9962585598230361,1.0,1.0,0.9926525086164474
26.160000000373547,164.51466068379884,29.339377656233655,128.45630190114187,64.38106799206736,123.3398813239565,66.66994066197825,0.883538019657135,0.9305352389812469,0.9967139407992363,1.0,1.0,0.9927112311124802
26.18000000037421,164.63477332720643,29.321422928871552,128.53196622012197,64.25039281988482,123.24667191710492,66.62333595855246,0.8825470104813575,0.9300610333681106,0.9966489106416702,1.0,1.0,0.9933623909950255
26.200000000374875,164.74944800879285,29.29153248382209,128.6764777340221,64.19489308786096,123.15452893904475,66.57726446952238,0.8819077014923096,0.9297428339719772,0.9965450197458267,1.0,1.0,0.993395136296749
26.22000000037554,164.85855607229647,29.249479947012873,128.8878162179406,64.21648824341337,123.06346694022041,66.5317334701102,0.8814369022846221,0.929529133439064,0.9961833149194717,1.0,1.0,0.9932483166456222
26.240000000376202,164.96207030666898,29.195417566268222,129.16223962960737,64.31474207175731,122.97350030037711,66.48675015018856,0.8809755131602287,0.9294346839189529,0.9956253439188003,1.0,1.0,0.9932767122983932
26.260000000376866,165.0600799964797,29.12989268868641,129.49433277181714,64.48623824174427,122.88464322629022,66.44232161314511,0.8805732801556587,0.9294677644968032,0.994959096610546,1.0,1.0,0.9936333388090133
26.28000000037753,165.15284473854697,29.05393967769366,129.8769165170421,64.72474738619053,122.79690974952182,66.39845487476092,0.8802810043096542,0.9296447992324829,0.9943057239055633,1.0,1.0,0.9946166276931763
26.300000000378194,165.24084439337827,28.96949008059441,130.30092999661514,65.02083291264273,122.71031372420491,66.35515686210245,0.8800381660461426,0.9299267888069153,0.993542993068695,1.0,1.0,0.9957193821668624
26.320000000378858,165.32472954259885,28.87866133776903,130.75581109080508,65.3633466422409,122.62486882485575,66.31243441242788,0.8798529416322708,0.9303030222654343,0.9926864027976989,1.0,1.0,0.9969184726476669
26.340000000379522,165.4053315719371,28.7834379044478,131.22981464354913,65.74099102995756,122.54058854421446,66.27029427210722,0.8797286838293076,0.9307582199573516,0.9917666554450988,1.0,1.0,0.9981650292873382
26.360000000380186,165.48347781097155,28.68610089234538,131.71038565872144,66.14286372020797,122.45748619111436,66.22874309555718,0.8797481879591942,0.9313804566860199,0.9909926280379295,1.0,1.0,0.9992919951677321
26.38000000038085,165.56109680491798,28.588975382397656,132.1846630356619,66.55846572293798,122.37557488838034,66.18778744419016,0.880010637640953,0.932211485505104,0.9901940494775772,1.0,1.0,1.0
26.400000000381514,165.63870739031987,28.494506124945993,132.64004347700703,66.97759104500132,122.29486757075667,66.14743378537834,0.8803703308105468,0.9330836325883866,0.9891190022230147,1.0,0.9976859018206596,1.0
26.420000000382178,165.71682670360795,28.405187750718177,133.06456885602682,67.39087170032033,122.21537698286438,66.1076884914322,0.8806792989373207,0.9339504331350327,0.9879615753889084,1.0,0.9943169757723808,1.0
26.44000000038284,165.79731519144394,28.323259686720125,133.4472409801647,67.79026393852568,122.1371156771888,66.0685578385944,0.8810598105192184,0.9348229020833969,0.9866831630468368,1.0,0.9908373817801475,1.0
26.460000000383506,165.88100076537236,28.25056101318076,133.77836531613818,68.1693564096485,122.06009601209733,66.03004800604867,0.8814753741025925,0.935665938258171,0.9854245051741599,1.0,0.9873613685369491,1.0
26.48000000038417,165.9683780158039,28.188616939868243,134.0499885899255,68.5236689356923,121.98433014988791,65.99216507494396,0.8819046571850776,0.936456760764122,0.9842431485652923,1.0,0.9839693665504455,1.0
26.500000000384833,166.05993019918904,28.13841054752827,134.25599375560407,68.850698618998,121.90983005486851,65.95491502743425,0.882387700676918,0.9372206538915634,0.983157953619957,1.0,0.9805918887257575,1.0
26.520000000385497,166.15612821520608,28.100202017165522,134.39184906838372,69.14868843117314,121.83660749146775,65.91830374573387,0.8828581556677818,0.9379224628210068,0.9821427151560783,1.0,0.9773473054170608,1.0
26.54000000038616,166.25738661948557,28.074041157904563,134.45448919957676,69.41516886402835,121.7646740223772,65.88233701118861,0.8833743825554847,0.9384719133377075,0.9812541216611862,1.0,0.9744473457336426,1.0
26.560000000386825,166.36400603921922,28.059917356737962,134.44220881864422,69.64641557165899,121.69404100672556,65.84702050336278,0.8839420586824417,0.9388556569814682,0.9804926335811615,1.0,0.9719190955162048,1.0
26.58000000038749,166.47618870328765,28.057771697786357,134.35469556775857,69.83745231200552,121.62471959828477,65.81235979914238,0.8844821393489838,0.9391544729471206,0.9798137485980987,1.0,0.9696233078837394,1.0
26.600000000388153,166.59403717822428,28.067492348377687,134.19311513673372,69.98233443598562,121.55672074370881,65.7783603718544,0.8849980443716049,0.9393624156713486,0.9792346015572547,1.0,0.967597721517086,1.0
26.620000000388817,166.71754820062844,28.088874455495795,133.96014810185494,70.07453827208593,121.49005518080513,65.74502759040256,0.885492205619812,0.9394752115011215,0.9787710130214691,1.0,0.9658742144703865,1.0
26.64000000038948,166.8466169119783,28.12154831319988,133.65994328726424,70.1075065029292,121.42473343683889,65.71236671841945,0.8859632909297943,0.9394902586936951,0.978434869647026,1.0,0.9644764438271523,1.0
26.660000000390145,166.98102685255807,28.164885311449034,133.2980813803335,70.07533717865748,121.3607658268707,65.68038291343535,0.8864046081900596,0.9394038647413253,0.978243190050125,1.0,0.9634400650858879,1.0
26.68000000039081,167.12044942561027,28.217909407638476,132.8814784366094,69.97337696445018,121.29816245212773,65.64908122606387,0.8868009090423584,0.9392131954431534,0.9782116740942001,1.0,0.9628027498722076,1.0
26.700000000391473,167.26448736584715,28.279234541301452,132.41818255473663,69.79855715293914,121.23693319840855,65.61846659920427,0.8871287509799003,0.9389165699481964,0.9783536434173583,1.0,0.9626033946871757,1.0
26.720000000392137,167.41261490957362,28.34739050653542,131.91716308771532,69.54960329960292,121.17708773452213,65.58854386726107,0.887251690030098,0.9384805411100388,0.9787916481494903,1.0,0.9628989741206169,1.0
26.7400000003928,167.56421076150357,28.420623642992933,131.3881181516138,69.22715556023611,121.11863551076097,65.55931775538049,0.8872417166829109,0.9379397988319397,0.9794224500656128,1.0,0.9637041464447975,1.0
26.760000000393465,167.71858957088978,28.496972710679504,130.84129888439912,68.83380578219236,121.06158575740879,65.5307928787044,0.8871194392442703,0.9373093545436859,0.9802641361951827,1.0,0.9649972662329673,1.0
26.78000000039413,167.87499749144376,28.57437947255508,130.2873583644031,68.37407658822585,121.005947483283,65.5029737416415,0.8869334012269974,0.936619222164154,0.9814273387193679,1.0,0.9666302174329757,1.0
26.800000000394792,168.03261067337044,28.6508211890537,129.73722437286742,67.85436107615604,120.95172947431206,65.47586473715603,0.8865840256214141,0.9358400225639343,0.9827593415975571,1.0,0.9688822314143181,1.0
26.820000000395456,168.190523811326,28.724261897361842,129.2020349993682,67.28284035518998,120.8989402921481,65.44947014607405,0.886088103055954,0.9349857121706009,0.984222075343132,1.0,0.9717056095600127,1.0
26.84000000039612,168.34778005700878,28.79270550220974,128.69318204881986,66.66939203733638,120.84758827281493,65.42379413640747,0.8854558438062667,0.9340678155422211,0.9857894465327263,1.0,0.9750818625092506,0.9986002087593078
26.860000000396784,168.5033883251171,28.854247527507223,128.22217957285173,66.0254500327126,120.7976815253917,65.39884076269585,0.8847336232662201,0.9331318140029907,0.9871961668133735,1.0,0.9788970276713371,0.9970981538295746
26.880000000397448,168.65632489358575,28.90712470263042,127.80053623291276,65.36375630855626,120.74922793073237,65.37461396536618,0.8839202925562858,0.9321742564439773,0.9885355100035667,1.0,0.9831295445561409,0.9955975651741027
26.900000000398112,168.80552657064842,28.949761046588904,127.4397003206564,64.69801306295696,120.70223514022122,65.35111757011062,0.8830185338854789,0.9312013119459152,0.9898581653833389,1.0,0.9877076953649521,0.9940771639347076
26.920000000398776,168.94992866314183,28.98079277995887,127.15073185778598,64.04273141245613,120.65671057456464,65.32835528728232,0.8820640608668328,0.930306875705719,0.9909015893936157,1.0,0.9919007614254951,0.9929864704608917
26.94000000039944,169.08851315289738,28.999216108407204,126.94386726706976,63.41265286792533,120.6126614226193,65.30633071130964,0.881287445127964,0.929264810681343,0.9917971298098563,1.0,0.9960835680365562,0.9918510377407074
26.960000000400104,169.220364548521,29.004648699839656,126.82799784126074,62.82168440376179,120.57009464025688,65.28504732012844,0.8804452136158943,0.9281834959983826,0.9927090987563133,1.0,1.0,0.9906955063343048
26.980000000400768,169.34474719674822,28.996690147933965,126.80993087240354,62.28429833046289,120.52901694926581,65.2645084746329,0.8794861048460006,0.9271144747734069,0.9936241745948791,1.0,1.0,0.9896373569965362
27.000000000401432,169.46114143368266,28.974842293025997,126.89394345158597,61.8153406268804,120.48943483628966,65.24471741814483,0.8787374868988991,0.9263528168201446,0.9948395907878875,1.0,1.0,0.9883389487862586
27.020000000402096,169.56925366242726,28.938625544619985,127.08153580410767,61.42913545387965,120.45135455180294,65.22567727590148,0.8779118180274963,0.9255823969841003,0.9954003289341926,1.0,1.0,0.9870767951011657
27.04000000040276,169.66902919770845,28.88771574090514,127.3710855020933,61.13826272495435,120.41478210912399,65.207391054562,0.8770062372088432,0.9248899132013321,0.9956691041588783,1.0,1.0,0.9861172169446945
27.060000000403424,169.76059831243043,28.821976899776054,127.7578780622222,60.95287380883959,120.37972328346548,65.18986164173275,0.876341299712658,0.9243722692131996,0.9958917006850242,1.0,1.0,0.9851398468017578
27.080000000404088,169.84423278201703,28.74134263935486,128.23452109060383,60.87972628806483,120.34618361102241,65.1730918055112,0.8759426787495613,0.9240758091211319,0.9961767345666885,1.0,1.0,0.9846971660852432
27.10000000040475,169.9204335428506,28.645640316409686,128.79152321513232,60.92032781227536,120.31416838809784,65.15708419404892,0.8755683183670043,0.9239160165190696,0.9962156757712364,1.0,1.0,0.9845983266830444
27.120000000405415,169.98972499890593,28.535319412320657,129.41790676761448,61.07149571998644,120.28368267026661,65.14184133513331,0.8752481341362,0.9238938435912132,0.9960131645202637,1.0,1.0,0.9848172843456268
27.14000000040608,170.0527012634426,28.411181903745742,130.10090776481167,61.326421973919395,120.25473127157697,65.1273656357885,0.8749942496418953,0.924008722603321,0.9955817937850951,1.0,1.0,0.9853293985128402
27.160000000406743,170.11006884086353,28.27437860742852,130.826132776669,61.675589884687426,120.22731876379041,65.1136593818952,0.8748164951801299,0.9242550790309906,0.9949443757534027,1.0,1.0,0.9860994875431061
27.180000000407407,170.1625716823529,28.126460160863378,131.5782176561423,62.107627679395705,120.20144947565964,65.10072473782982,0.8747204676270485,0.9246234267950058,0.9941292345523833,1.0,1.0,0.9870886996388435
27.20000000040807,170.21090257441514,27.96950728427379,132.34153312163815,62.60993668297112,120.17712749224518,65.08856374612259,0.8747053354978561,0.9251012444496155,0.9931659281253814,1.0,1.0,0.9882607176899909
27.220000000408735,170.25571240369592,27.805909161724653,133.1005073078003,63.16860696650558,120.15435665427015,65.07717832713507,0.8747650638222694,0.9256739228963852,0.9920835673809051,1.0,1.0,0.9895849555730819
27.2400000004094,170.29779143687253,27.639359564385753,133.83987547191867,63.76671050562006,120.13314055751383,65.06657027875691,0.87493115067482,0.9263901531696319,0.9910261288285255,1.0,1.0,0.9909620732069016
27.260000000410063,170.33798388513824,27.474057611153516,134.54494656183644,64.3865876156545,120.11348255224382,65.05674127612191,0.8752098187804221,0.9274063348770142,0.990224340558052,1.0,1.0,0.9923364907503127
27.280000000410727,170.3768454958719,27.31434066983857,135.2018781690387,65.0117691454849,120.0953857426871,65.04769287134354,0.8755394130945205,0.9284182518720626,0.989168757200241,1.0,1.0,0.9935885056853294
27.30000000041139,170.41597467732018,27.16411423817721,135.79794775940366,65.62790773226084,120.07885298653962,65.03942649326981,0.8761565089225769,0.92949478328228,0.9877989262342453,1.0,1.0,0.9947106927633285
27.320000000412055,170.45670012895783,27.02623199904661,136.32180578522645,66.22322617196484,120.06388689451526,65.03194344725763,0.8768068104982376,0.9306129515171051,0.9863012880086899,1.0,0.9987959429621696,0.9961003899574279
27.34000000041272,170.49967958454133,26.90325946900067,136.7637351536078,66.78862200131005,120.05048982993344,65.02524491496672,0.8770827114582062,0.9317475259304047,0.9843534767627715,1.0,0.9939564511179924,0.9980434358119964
27.360000000413383,170.54568376849886,26.797235584319935,137.11606191971015,67.31760507052475,120.03866390834595,65.01933195417298,0.8774151310324668,0.9327951788902282,0.9825817748904228,1.0,0.9892525807023048,0.999793429672718
27.380000000414046,170.59547301972984,26.709519929235757,137.37356979160904,67.80611120604378,120.02841099720293,65.01420549860146,0.877770747244358,0.9337524145841598,0.9809796020388603,1.0,0.9847454860806465,1.0
27.40000000041471,170.64973330569237,26.641083592709574,137.53318162892376,68.25227128762587,120.01973271555786,65.00986635777893,0.8781412944197654,0.9346068322658538,0.9795509368181228,1.0,0.980513335764408,1.0
27.420000000415374,170.70905185445213,26.59252041897283,137.5934562140009,68.65576123624007,120.01263043381205,65.00631521690602,0.8785893395543098,0.9353616237640381,0.9783206656575203,1.0,0.976552602648735,1.0
27.44000000041604,170.7739743837112,26.564274625079406,137.55419498196835,69.01571046878432,120.0071052734981,65.00355263674905,0.8792834371328354,0.9360462665557862,0.9773303896188735,1.0,0.9727239236235619,1.0
27.460000000416702,170.84512035027868,26.556789488371876,137.4158930189642,69.32813645437325,120.00315810710288,65.00157905355144,0.8799565687775611,0.9366279482841492,0.9764584079384804,1.0,0.9692338466644287,1.0
27.480000000417366,170.92314486484233,26.570098344365515,137.1799770694969,69.58700946475494,120.00078955792972,65.00039477896486,0.8806423157453537,0.9370929270982742,0.975729763507843,1.0,0.9661260604858398,1.0
27.50000000041803,171.00866689033313,26.60325127218214,136.8491471200437,69.78655831833582,120.0,65.0,0.8814126282930373,0.937372699379921,0.975186464190483,1.0,0.963526190817356,1.0
27.520000000418694,171.10219292036223,26.654550583932267,136.4276179698207,69.92141882896202,120.00078955799405,65.00039477899703,0.882338048517704,0.9374036431312561,0.9748607277870178,1.0,0.961526720225811,1.0
27.540000000419358,171.20403300745497,26.721938412519133,135.92131209688515,69.98624527203144,120.00315810723154,65.00157905361577,0.8833016991615296,0.9373234003782273,0.974683053791523,1.0,0.9598864555358887,1.0
27.560000000420022,171.3142330775396,26.803227082236685,135.33796856985236,69.9755801106885,120.00710527369105,65.00355263684553,0.8842526450753212,0.9371292173862457,0.9746568083763122,1.0,0.9586518034338951,1.0
27.580000000420686,171.43261125269862,26.896135285997953,134.68698221446618,69.88418506943034,120.01263043406928,65.00631521703464,0.8847569540143013,0.9369522899389267,0.9743390291929245,1.0,0.9573061302304268,1.0
27.60000000042135,171.55871129576983,26.998557041248382,133.9792092459024,69.70762487079564,120.01973271587933,65.00986635793966,0.8852971106767654,0.9365185767412185,0.9745849877595901,1.0,0.9571255281567573,1.0
27.620000000422014,171.69181364344666,27.10831703623628,133.22683159655224,69.44298916561249,120.02841099758857,65.01420549879428,0.8856290206313133,0.9359521210193634,0.9750872939825057,1.0,0.9574060693383216,1.0
27.640000000422678,171.83094473806588,27.223110387417478,132.4432147860662,69.08953287367534,120.03866390879573,65.01933195439786,0.885775625705719,0.9352495610713959,0.975861433148384,1.0,0.9582632899284362,1.0
27.66000000042334,171.97490570770137,27.34051643755176,131.6426151189852,68.64893253820681,120.05048983044725,65.02524491522362,0.8857816204428672,0.9344389885663986,0.976834511756897,1.0,0.9597223356366157,1.0
27.680000000424005,172.12235780356283,27.458044437147322,130.83964614352206,68.12524125171161,120.06388689509305,65.03194344754652,0.8858695209026336,0.9335466891527175,0.9779883980751037,1.0,0.9613494530320167,0.9991885781288147
27.70000000042467,172.2719883383409,27.573153303737975,130.04842856345857,67.52457584437622,120.07885298718128,65.03942649359064,0.8859111130237579,0.9324773997068405,0.9797372385859489,1.0,0.9640274420380592,0.9966354727745056
27.720000000425333,172.42248884681885,27.68316790418958,129.28309994222712,66.85562023097734,120.09538574339253,65.04769287169627,0.885604889690876,0.931436076760292,0.9814301863312721,1.0,0.9669911444187164,0.9948690593242645
27.740000000425997,172.5725000510381,27.78576218726567,128.55797745053306,66.12953148916577,120.11348255301293,65.05674127650647,0.885102704167366,0.9303076088428497,0.9833428964018821,1.0,0.9707856386899948,0.9928683012723922
27.76000000042666,172.72057768326303,27.878615909594068,127.88748221332992,65.3596903708241,120.13314055834647,65.06657027917323,0.8843878239393234,0.9291229665279388,0.9854154974222182,1.0,0.9753449872136115,0.9908173948526382
27.780000000427325,172.8652653459674,27.959740311746597,127.28587369332482,64.56073878774613,120.1543566551662,65.0771783275831,0.8835332989692688,0.9279554903507232,0.9872036188840866,1.0,0.9804935678839684,0.9890501096844673
27.80000000042799,173.00573351448512,28.027959190593435,126.76709749390598,63.74671193408854,120.1771274932045,65.08856374660225,0.8825193256139755,0.9267949432134628,0.9889578640460968,1.0,0.9860792592167854,0.9874488219618797
27.820000000428653,173.1396712281564,28.081935149142236,126.34498542079918,62.93378480509002,120.20144947668209,65.10072473834104,0.8814453244209289,0.9257624626159667,0.9902475103735924,1.0,0.990796710550785,0.986643385887146
27.840000000429317,173.26553793832204,28.12021715736644,126.03247694482603,62.14019731880215,120.2273187648758,65.1136593824379,0.8805111244320869,0.9244588375091553,0.9917024344205856,1.0,0.9964129969477653,0.9853887915611267
27.86000000042998,173.381981291927,28.14129016911784,125.84112960531363,61.38585214142963,120.25473127272517,65.12736563636258,0.8794760778546333,0.9231811448931694,0.9931019529700279,1.0,1.0,0.9842827022075653
27.880000000430645,173.4878099532553,28.143683223219455,125.7805275852221,60.691778044987664,120.2836826714774,65.1418413357387,0.8783128842711448,0.9218772292137146,0.9945080876350403,1.0,1.0,0.9830978631973266
27.90000000043131,173.58209234548517,28.12612017184965,125.85725125514446,60.079194542708144,120.31416838937103,65.15708419468552,0.8772918790578842,0.9207969069480896,0.9959782958030701,1.0,1.0,0.9816824659705161
27.920000000431973,173.66420823909098,28.087659725843004,126.07425439840969,59.56817723249363,120.34618361235782,65.17309180617892,0.8758820697665214,0.9199181884527207,0.9970155239105224,1.0,1.0,0.9809238746762275
27.940000000432637,173.73387079935253,28.02782050427749,126.43026552003934,59.1759196028032,120.3797232848629,65.18986164243145,0.8748739928007125,0.9190780222415924,0.9976890444755554,1.0,1.0,0.9796020016074181
27.9600000004333,173.79079789256264,27.94646812068461,126.92017528990719,58.91623549328885,120.41478211058319,65.2073910552916,0.874299731850624,0.9184870153665542,0.9982368409633636,1.0,1.0,0.9776711910963058
27.980000000433964,173.83593498173647,27.843885217212815,127.53543597214045,58.79771104653199,120.45135455332368,65.22567727666184,0.8738618299365043,0.9181058019399643,0.99828722178936,1.0,1.0,0.9764742821455001
28.00000000043463,173.86979440354204,27.720499838494987,128.26457253289777,58.82212389463654,120.48943483787171,65.24471741893586,0.8735374838113784,0.9179370909929275,0.9984543502330779,1.0,1.0,0.9762805819511413
28.020000000435292,173.8928353870371,27.576962236923713,129.09367549860673,58.985338735988016,120.52901695090893,65.26450847545446,0.8732101738452911,0.9179221421480178,0.9983871340751648,1.0,1.0,0.9763122946023941
28.040000000435956,173.90584408819518,27.414727377724965,130.00641585308156,59.278569853390515,120.5700946419608,65.2850473209804,0.8729429766535759,0.9180698469281197,0.998106275498867,1.0,1.0,0.9765201076865195
28.06000000043662,173.90975684737353,27.235593375858908,130.98429132978885,59.68983914274093,120.61266142438373,65.30633071219187,0.8729572191834449,0.9184350878000259,0.9976934611797332,1.0,1.0,0.9767608627676964
28.080000000437284,173.9056317825844,27.04156072188432,132.00719266226378,60.20524670280763,120.65671057638934,65.32835528819467,0.8729917168617248,0.918936812877655,0.9970343440771102,1.0,1.0,0.9772411078214644
28.100000000437948,173.89451656533933,26.835281483421664,133.05384463687565,60.809636592250044,120.70223514210589,65.35111757105294,0.873162005841732,0.919588053226471,0.9960506618022918,1.0,1.0,0.9781032994389534
28.120000000438612,173.87746304564345,26.61959537511558,134.10275909166538,61.48704372765811,120.74922793267669,65.37461396633834,0.8733279362320899,0.9203298896551132,0.9948789656162261,1.0,1.0,0.9791637912392616
28.140000000439276,173.85549346543522,26.39854871779322,135.13285209706123,62.22015744061468,120.79768152739538,65.39884076369769,0.8731998831033706,0.9211085706949234,0.9932193130254745,1.0,1.0,0.9808173596858978
28.16000000043994,173.82968606473077,26.177480502429702,136.12395354061806,62.98773960402782,120.84758827487765,65.42379413743883,0.8732094809412956,0.922134681046009,0.9918359905481338,1.0,1.0,0.9824275657534599
28.180000000440604,173.80087325968503,25.961817425831484,137.0573026760735,63.76936014465097,120.89894029426954,65.44947014713478,0.873689229786396,0.9233228728175163,0.9906128942966461,1.0,1.0,0.9832261443138122
28.200000000441268,173.77100922072526,25.756421028738767,137.91582190871532,64.54742615072693,120.95172947649189,65.47586473824595,0.8739713177084922,0.9245420932769776,0.9891292393207549,1.0,1.0,0.9840948715806007
28.22000000044193,173.74186623331602,25.56575148893764,138.68424763390055,65.30731649020059,121.00594748552086,65.50297374276043,0.8740378811955452,0.9258522361516952,0.9875771075487136,1.0,1.0,0.985231077671051
28.240000000442596,173.71439523829352,25.393032701176956,139.34923892987544,66.03724121830949,121.06158575970434,65.53079287985217,0.8742091849446296,0.9271873950958252,0.9860560715198516,1.0,1.0,0.986493007838726
28.26000000044326,173.68977705412945,25.240936426176386,139.89934322474588,66.72767769238611,121.11863551311384,65.55931775655692,0.8747299894690513,0.9284728527069092,0.9846834152936935,1.0,1.0,0.987978446483612
28.280000000443923,173.6693064447144,25.11180093788658,140.32567316341985,67.37195060868193,121.17708773693195,65.58854386846598,0.8753984048962593,0.9297739118337631,0.9829593047499656,1.0,0.9955221503973006,0.9896450012922287
28.300000000444587,173.65414645411357,25.00692453557427,140.62230637401098,67.96710029437422,121.23693320087494,65.61846660043747,0.876083043217659,0.9309572577476501,0.9813646018505096,1.0,0.9903976202011108,0.991269552707672
28.32000000044525,173.64535727251672,24.926885806224572,140.78602063393006,68.51279348242744,121.29816245465031,65.64908122732515,0.8767640516161919,0.9320156395435333,0.979910174012184,1.0,0.9854784980416298,0.9928699195384979
28.340000000445915,173.64391746449485,24.871973880793764,140.81611939604198,69.00991172244836,121.36076582944906,65.68038291472453,0.8773931726813317,0.9327996402978896,0.9785188406705856,1.0,0.9808568552136421,0.9947108089923858
28.36000000044658,173.65067616607624,24.842365243700677,140.71440626492597,69.45976226716594,121.42473343947263,65.71236671973631,0.8779661774635314,0.9333273380994797,0.9771917909383774,1.0,0.9765710651874542,0.9967717289924621
28.380000000447243,173.6662935225009,24.8381809423796,140.48505371510475,69.86296077345291,121.49005518349382,65.74502759174692,0.8788183331489563,0.9337949365377426,0.9761627972126007,1.0,0.972503687441349,0.9983220905065536
28.400000000447907,173.6912852226059,24.859439550035233,140.13390122225903,70.21702463627804,121.55672074645206,65.77836037322602,0.879752591252327,0.9342375814914703,0.9752541899681091,1.0,0.9686138361692428,0.9997327446937561
28.42000000044857,173.72602204260068,24.905863424162906,139.6683123322198,70.51636294344213,121.6247196010821,65.81235980054105,0.8806363746523856,0.9346401631832123,0.9743939340114594,1.0,0.9649911195039749,1.0
28.440000000449235,173.77072006090413,24.9767527850256,139.0971206593622,70.75319022375174,121.69404100957655,65.84702050478828,0.8815055668354034,0.9349687159061432,0.9736172959208488,1.0,0.9617204248905181,1.0
28.4600000004499,173.82545981801786,25.07096744471387,138.4303905985751,70.91822610354154,121.76467402528141,65.8823370126407,0.8827419400215148,0.9349334895610809,0.9732655644416809,1.0,0.9594067692756653,1.0
28.480000000450563,173.8901882233715,25.18684895047653,137.67922723647732,71.00170432277359,121.8366074944247,65.91830374721235,0.8841326162219048,0.9347816675901413,0.9732037931680679,1.0,0.9576093137264251,1.0
28.500000000451227,173.96464581012816,25.322044749220666,136.85586951174366,70.99484067005912,121.90983005787774,65.95491502893887,0.8855808302760124,0.9345130443572998,0.9733935371041298,1.0,0.9563664004206657,1.0
28.52000000045189,174.0483883781827,25.473406942052655,135.97346134575938,70.89071734489167,121.98433015294896,65.99216507647448,0.8869435712695122,0.9342922449111938,0.973517133295536,1.0,0.9551042556762696,1.0
28.540000000452554,174.1408520347141,25.636875978452448,135.0456301708039,70.6854554252071,122.06009601520971,66.03004800760486,0.8884390234947205,0.9337997913360595,0.9741305589675903,1.0,0.9547787338495254,0.9996046602725982
28.56000000045322,174.24127460084964,25.808213675053103,134.08630431670886,70.37807354836069,122.13711568035203,66.06855784017601,0.8895564496517181,0.9331977605819702,0.9749272376298904,1.0,0.9548128917813301,0.9973505228757857
28.580000000453882,174.34854526566843,25.983359936614455,133.11010473014542,69.97027962741336,122.21537698607794,66.10768849303896,0.8902246102690696,0.9326125651597976,0.976118017733097,1.0,0.9551145374774933,0.99616739153862
28.600000000454546,174.4611677999064,26.15835265641341,132.13248573424926,69.46615103439139,122.29486757402005,66.14743378701003,0.8906667321920395,0.9319418787956237,0.9776019945740699,1.0,0.9561993435025214,0.9944769114255905
28.62000000045521,174.57747477881526,26.329590974753163,131.16949190267826,68.87183424389252,122.37557489169302,66.18778744584651,0.8908508032560348,0.9312124073505401,0.9793460428714752,1.0,0.9580357402563094,0.9924742713570595
28.640000000455874,174.69597449255727,26.49364622851357,130.23716996041,68.19444908795654,122.45748619447582,66.22874309723791,0.8906819894909859,0.9301732033491135,0.9812491685152054,1.0,0.9607557058334351,0.990585446357727
28.660000000456538,174.8141232716387,26.648770890478925,129.3518080917716,67.44091183116709,122.54058854762418,66.2702942738121,0.8902012169361114,0.9289629012346268,0.9833543270826339,0.9995637074112892,0.9643888652324676,0.9886290699243545
28.680000000457202,174.92984182751266,26.793294328840183,128.52981943508283,66.6208109567857,122.6248688283132,66.3124344141566,0.8894984424114227,0.9275883048772812,0.985832929611206,0.9984851598739624,0.9692640393972396,0.9860838323831558
28.700000000457866,175.04094845869724,26.925290235630097,127.78777018074229,65.74647785750666,122.71031372770955,66.35515686385477,0.8884980142116546,0.9262813270092011,0.9880336016416549,0.9981267139315605,0.9745974376797676,0.9842303499579429
28.72000000045853,175.1448105513669,27.042836205050204,127.14217448605083,64.83294078165095,122.79690975307307,66.39845487653653,0.8873431265354156,0.9249901562929154,0.9899648994207382,0.9983370169997214,0.9803910538554191,0.9825892984867095
28.740000000459194,175.23939100975477,27.14399757134839,126.60906188278865,63.89789336861933,122.88464322988753,66.44232161494376,0.8860277354717254,0.9238417774438857,0.9914426177740097,0.9991193503141402,0.985506285727024,0.9816393360495567
28.760000000459858,175.3229091480573,27.226687717900596,126.20340674522485,62.96154889082641,122.97350030401991,66.48675015200995,0.8845416128635406,0.9226834744215011,0.9929279983043671,1.0,0.9912023678421974,0.9806804686784744
28.78000000046052,175.39387206648027,27.288916317863002,125.93889410115148,62.046542252756375,123.06346694390811,66.53173347195406,0.8832460030913353,0.9211527913808822,0.9946284607052802,1.0,0.9980467349290847,0.9792713969945908
28.800000000461186,175.45101555729613,27.328763132370806,125.82764673611601,61.17777688265418,123.1545289427768,66.5772644713884,0.881812085211277,0.9196467265486717,0.996267008781433,1.0,1.0,0.9780207589268683
28.82000000046185,175.49345389369785,27.344518639797535,125.87853799476461,60.38109645099814,123.24667192088071,66.62333596044036,0.8802502706646919,0.9182599574327469,0.9981829911470412,1.0,1.0,0.9768578067421912
28.840000000462513,175.52077768171262,27.33489058062679,126.09568264024917,59.68163224303643,123.33988132777544,66.66994066388772,0.8787456586956978,0.9172508120536804,1.0,1.0,1.0,0.9756772637367248
28.860000000463177,175.53309338818298,27.299181196136935,126.47750487243641,59.10176653863727,123.43414244461513,66.71707122230757,0.8771153628826142,0.9163237422704696,1.0,1.0,1.0,0.9752459645271301
28.88000000046384,175.5309337676904,27.237263250377215,127.01723691895614,58.660593822593434,123.52944038647672,66.76472019323836,0.8762361258268356,0.91562742292881,1.0,1.0,1.0,0.9741560533642768
28.900000000464505,175.5150814379462,27.149265829314828,127.70418064218839,58.373283983215444,123.62576010471048,66.81288005235524,0.8758224979043007,0.9150637567043304,1.0,1.0,1.0,0.9724844649434089
28.92000000046517,175.48654108154432,27.035556609471662,128.5244281406796,58.24793475945956,123.72308638931628,66.86154319465814,0.8753558561205864,0.914665350317955,1.0,1.0,1.0,0.9711092516779899
28.940000000465833,175.44642867147766,26.897046228977324,129.46171377528088,58.284898237099554,123.82140387134558,66.91070193567279,0.874903666973114,0.9144353240728378,1.0,1.0,1.0,0.9699751511216164
28.960000000466497,175.39592734240063,26.73531382206436,130.49739454217396,58.478073723482474,123.9206970253282,66.9603485126641,0.8746542662382125,0.914466880261898,1.0,1.0,1.0,0.9697587460279464
28.98000000046716,175.3364587929375,26.55248553888885,131.60927140578335,58.81631824929092,124.02095017172411,67.01047508586205,0.8744865745306015,0.9146905228495598,1.0,1.0,1.0,0.9698453903198242
29.000000000467825,175.26950935207137,26.351041166528614,132.77252078821448,59.28511757051458,124.12214747939932,67.06107373969967,0.874472139775753,0.915097413957119,1.0,1.0,1.0,0.9700333416461944
29.02000000046849,175.19665363231056,26.13360843801231,133.96108805500603,59.868044344951144,124.22427296812582,67.1121364840629,0.8746403232216835,0.915680043399334,1.0,1.0,1.0,0.970291294157505
29.040000000469153,175.11981414621084,25.90335991281552,135.14891265453352,60.547707230133234,124.32731051110505,67.16365525555253,0.874682791531086,0.916367520391941,1.0,1.0,1.0,0.9707924023270607
29.060000000469817,175.0408970994519,25.663940671896732,136.31097390996553,61.30641944044934,124.43124383751456,67.21562191875728,0.8744668781757354,0.9171175867319107,1.0,1.0,1.0,0.9716530561447143
29.08000000047048,174.96080417811058,25.418381609501882,137.42415169114736,62.12655369227052,124.53605653507724,67.26802826753863,0.8742758020758629,0.9179336220026016,0.9988381654024123,1.0,1.0,0.9725832372903823
29.100000000471145,174.88039369396466,25.171243708852042,138.4679029401881,62.98921110825173,124.64173205265314,67.32086602632657,0.8748347789049148,0.9187902882695198,0.9969719424843788,1.0,1.0,0.9731484815478324
29.12000000047181,174.8003770461318,24.929511881614378,139.42475992283138,63.87050358700867,124.74825370285298,67.3741268514265,0.8749861851334572,0.9198738381266593,0.9946769192814826,1.0,1.0,0.9742265284061431
29.140000000472472,174.72135055004173,24.699124787257528,140.28066093860966,64.74923504002295,124.85560466467338,67.4278023323367,0.8754944190382957,0.9213511452078819,0.9929301351308822,1.0,1.0,0.9750783845782279
29.160000000473136,174.64397180608233,24.484727794669116,141.02512731935155,65.60883598486578,124.963767986153,67.4818839930765,0.8760711789131165,0.9228175312280654,0.9912296324968337,1.0,1.0,0.975950388610363
29.1800000004738,174.56882726627512,24.290179919005922,141.6510022983309,66.4366961721797,125.07272658704952,67.53636329352476,0.8767256736755371,0.9241614386439323,0.989728507399559,1.0,1.0,0.9766146376729011
29.200000000474464,174.49649941172456,24.118266886962154,142.1531387857597,67.22395945322452,125.18246326153675,67.59123163076838,0.8773946970701217,0.9254979163408279,0.9882281199097633,1.0,1.0,0.9774790465831756
29.220000000475128,174.42756349040752,23.97027856041735,142.52752260574331,67.96534637018046,125.29296068092171,67.64648034046085,0.8780831798911094,0.9267374724149704,0.986838561296463,1.0,1.0,0.9783664733171462
29.240000000475792,174.3636247103282,23.847245054202855,142.77114365691128,68.65769458268649,125.40420139638091,67.70210069819046,0.8788054272532463,0.927860128879547,0.9847242161631584,1.0,0.9985617861151694,0.9802659645676612
29.260000000476456,174.30597903153756,23.750014330551497,142.88280530203693,69.29970661745551,125.51616784171587,67.75808392085794,0.8794900700449944,0.9286311388015747,0.9827576965093612,1.0,0.9930899277329445,0.9823758751153946
29.28000000047712,174.25499360308507,23.679111655073743,142.86345321242018,69.89157894348418,125.62884233612691,67.81442116806346,0.8801740646362305,0.9293336004018783,0.9810525357723235,1.0,0.9879198983311652,0.9844249039888382
29.300000000477784,174.2111206996518,23.634733404813993,142.71633959975122,70.43472497522018,125.74220708700517,67.87110354350258,0.8808595433831214,0.9299765884876251,0.9795700877904892,1.0,0.9830637007951736,0.9864295467734336
29.320000000478448,174.17473108446669,23.61669373224779,142.44689081194483,70.9309940120738,125.85624419274235,67.92812209637118,0.8815568596124649,0.9305597811937332,0.9782855600118636,1.0,0.9785398915410042,0.9883765399456024
29.34000000047911,174.1461516904804,23.624815433071404,142.0622752294943,71.38172326023223,125.97093564555747,67.98546782277874,0.8822797060012817,0.9310772776603699,0.977184996008873,1.0,0.9743735581636428,0.9902277648448944
29.360000000479776,174.12570025741726,23.659146904905185,141.57017653645653,71.78506198269578,126.08626333434061,68.0431316671703,0.8830347567796707,0.931543231010437,0.9762271881103515,1.0,0.9705074623227119,0.9920164451003074
29.38000000048044,174.1137250555252,23.71974943093217,140.97867821605794,72.13463914379936,126.20220904751277,68.10110452375639,0.8840521410107612,0.9319683343172073,0.9754891693592072,1.0,0.9668503060936927,0.9933868169784545
29.400000000481104,174.11048719289516,23.80617929300594,140.29655903692202,72.42124292558732,126.31875447590176,68.15937723795088,0.885468852519989,0.9320889800786972,0.9750640124082565,1.0,0.9639358669519424,0.9939714893698692
29.420000000481767,174.11614309086863,23.91724041464681,139.5334740806383,72.63459301312275,126.43588121563337,68.21794060781669,0.8869817838072777,0.932095953822136,0.9748027205467223,1.0,0.9614680066704749,0.9942461341619491
29.44000000048243,174.13080095677137,24.05069374633615,138.70000480951524,72.76460477207824,126.55357077103767,68.27678538551883,0.8885577023029327,0.9320146292448044,0.9747268944978713,1.0,0.9594485983252525,0.9941450461745261
29.460000000483095,174.15434987714102,24.20408878892121,137.80760559894327,72.80227210244722,126.67180455756952,68.33590227878476,0.89043630361557,0.9318772375583648,0.9749534383416175,1.0,0.9574231460690498,0.9940883666276932
29.48000000048376,174.1875189476314,24.37404676620392,136.868476770944,72.7402570152995,126.79056390474345,68.39528195237172,0.8926010474562645,0.9316647171974182,0.9754434689879417,1.0,0.9555200293660163,0.9937797650694846
29.500000000484423,174.22871949082582,24.55699572466208,135.89557943981703,72.5738029569461,126.9098300590818,68.4549150295409,0.8944989204406738,0.9313946276903152,0.9761891633272171,1.0,0.953995318710804,0.9934865951538085
29.520000000485087,174.2770106904611,24.748605864264988,134.9027273437952,72.30181390645416,127.02958418707624,68.51479209353812,0.8963382095098495,0.9308848559856414,0.9775069952011108,1.0,0.9534530475735664,0.992076589167118
29.54000000048575,174.33114920490345,24.94428521815174,133.90439274730008,71.92663285124581,127.14980737816173,68.57490368908087,0.8972044736146927,0.9303364783525466,0.9788203075528145,0.9983740359544754,0.9536731496453285,0.9907578408718108
29.560000000486415,174.3895673980452,25.139441477907535,132.91553254721032,71.45336543147235,127.27048064770271,68.63524032385136,0.8976798057556152,0.9297113358974457,0.9803740844130515,0.9961649373173713,0.9546680614352226,0.9891176924109458
29.58000000048708,174.450269889541,25.33040901377334,131.95159638416996,70.8877029226455,127.39158493999105,68.69579246999552,0.8978436976671219,0.9290252178907394,0.9822038650512694,0.9943342044949531,0.9564501568675041,0.9872107356786728
29.600000000487743,174.51089522397058,25.514861218089013,131.02844119997488,70.23318596099519,127.51310113125511,68.75655056562755,0.8976720854640007,0.9282879412174224,0.9843023806810378,0.9928883507847786,0.9590718641877174,0.9851138964295387
29.620000000488407,174.56889708349706,25.690617592373524,130.16230638621738,69.49475879600399,127.63501003267959,68.8175050163398,0.8971084862947464,0.9273104012012482,0.986586782336235,0.9917866021394729,0.9626580402255058,0.9830896824598312
29.64000000048907,174.6215581213636,25.855579286065673,129.37017045560466,68.68050663063721,127.75729239343579,68.8786461967179,0.8961699187755584,0.9260505765676498,0.9889514982700347,0.9910328924655913,0.9672790482640266,0.9812242999672889
29.660000000489735,174.66627618798373,26.007817255377514,128.66969931862377,67.80181183162551,127.87992890372136,68.93996445186069,0.8950595647096634,0.9247224763035774,0.991098016500473,0.9907566517591476,0.973013311624527,0.9792733639478683
29.6800000004904,174.70070062264588,26.14524872839625,128.07888306151776,66.87333964020145,128.0029001978097,69.00145009890485,0.8936770737171172,0.9235988855361938,0.9926301836967468,0.9910107329487801,0.9777811706066131,0.9783059135079384
29.700000000491062,174.7229135091738,26.26579346308825,127.61523936194614,65.91292466973441,128.12618685710797,69.06309342855398,0.8920541539788246,0.9224478870630264,0.9941734105348586,0.9916643917560577,0.9832306012511253,0.9773238897323608
29.720000000491726,174.7316257912003,26.36742554872215,127.29493091735834,64.94137402338609,128.24976941322345,69.12488470661172,0.8901730716228485,0.9212896198034286,0.9957338705658912,0.9928098201751708,0.989345970749855,0.9763951838016509
29.74000000049239,174.72541219609792,26.447938608951695,127.13182803061007,63.982191553075104,128.3736283510379,69.18681417551895,0.8880587667226791,0.9201451614499092,0.997273825109005,0.9945165321230888,0.9959820508956909,0.975558491051197
29.760000000493054,174.70341877644458,26.505530741561646,127.1364431568619,63.061205456742265,128.49774411178925,69.24887205589462,0.8861858606338501,0.9185858815908432,0.9990386918187141,0.9970497936010361,1.0,0.9743907332420348
29.780000000493718,174.66577532619206,26.538499187330164,127.31452564203674,62.205562657273866,128.62209709616005,69.31104854808002,0.884501276910305,0.9175144374370575,1.0,1.0,1.0,0.9730966210365295
29.800000000494382,174.61281078744747,26.54576213846743,127.6657851413104,61.44111156994026,128.74666766737255,69.37333383368627,0.882612107694149,0.9170055598020553,1.0,1.0,1.0,0.9725370675325393
29.820000000495046,174.5454127647384,26.526745880116287,128.183966220239,60.791468655718184,128.87143615428946,69.43571807714473,0.8810728684067726,0.9166727870702743,1.0,1.0,1.0,0.9725555166602134
29.84000000049571,174.46486115160894,26.481394573871327,128.85732835123378,60.27749071571461,128.99638285452036,69.49819142726018,0.879881837964058,0.9164019018411637,1.0,1.0,1.0,0.9725358560681343
29.860000000496374,174.37295494414752,26.40993808931421,129.6692392516727,59.91624083509538,129.12148803753283,69.56074401876641,0.8790625303983688,0.9161246597766876,1.0,1.0,1.0,0.9719644203782081
29.880000000497038,174.2715446156669,26.313066023350828,130.59879605915114,59.718584580597515,129.24673194776824,69.62336597388412,0.878689144551754,0.9158715575933456,1.0,1.0,1.0,0.970784954726696
29.900000000497702,174.1627613040768,26.191812113770673,131.62106459882256,59.68732916179806,129.37209480776124,69.68604740388062,0.8783302649855613,0.9157188594341278,1.0,1.0,1.0,0.9695778667926788
29.920000000498366,174.04889894680602,26.04788823720175,132.7086141268916,59.81798637513491,129.497556821263,69.7487784106315,0.8780455619096755,0.9156674951314926,1.0,1.0,1.0,0.9683864519000053
29.94000000049903,173.93223221732586,25.883991481305344,133.83298183685477,60.10022529850269,129.62309817636722,69.81154908818361,0.8778543382883072,0.9157167270779609,1.0,1.0,1.0,0.9672515958547592
29.960000000499694,173.8149243956842,25.703483957329027,134.96589723730895,60.51949704453616,129.74869904863857,69.87434952431929,0.877752611041069,0.9159339904785156,1.0,1.0,1.0,0.9669607639312744
29.980000000500358,173.69908918001434,25.51015274999837,136.0803309894417,61.058696612367434,129.87433960424332,69.93716980212166,0.8777408540248871,0.9162094980478287,1.0,1.0,1.0,0.9667290523648262
30.00000000050102,173.58598585867483,25.306898514896897,137.15136155749911,61.69958218897775,130.00000000308125,70.00000000154063,0.8777040049433708,0.9165650472044945,1.0,1.0,1.0,0.9667304515838623
30.020000000501685,173.4767359100318,25.097056159391332,138.1568586783429,62.42374881190727,130.1256604019187,70.06283020095935,0.8782458513975143,0.9168989956378937,1.0,1.0,1.0,0.9667692989110946
30.04000000050235,173.37212539748438,24.88397628946478,139.0779880770682,63.21334009639899,130.251300957522,70.125650478761,0.8789682283997535,0.9172504767775536,1.0,1.0,1.0,0.9667585879564284
30.060000000503013,173.27259124625655,24.670996293669486,139.8995469141292,64.05148971741481,130.3769018297909,70.18845091489545,0.8797700703144073,0.9176203310489655,1.0,1.0,1.0,0.9667783960700035
30.080000000503677,173.17832390949366,24.460887215494306,140.61014254206702,64.92240246241661,130.50244318489175,70.25122159244587,0.8798875600099564,0.9180426493287086,1.0,1.0,1.0,0.9671027779579162
30.10000000050434,173.08938007332299,24.25650332409958,141.20222942401122,65.81158253772834,130.62790519838913,70.31395259919456,0.8804434210062027,0.9185860469937325,0.9983586847782134,1.0,1.0,0.9678702160716056
30.120000000505005,173.00551607098998,24.060756397993703,141.6720207373598,66.7059862438381,130.7532680583768,70.3766340291884,0.8815358981490135,0.9196972593665123,0.9963440150022507,1.0,1.0,0.9684952333569526
30.14000000050567,172.9261098810701,23.87628968685334,142.01929171012327,67.59416140420267,130.87851196860586,70.43925598430293,0.8826773256063462,0.9208333984017372,0.9943610399961471,1.0,1.0,0.9692382901906966
30.160000000506333,172.8501362433568,23.70480183286901,142.24709170035464,68.46634380934587,131.00361715161105,70.50180857580553,0.8838198974728584,0.9219420537352562,0.9924307078123092,1.0,1.0,0.9700724616646766
30.180000000506997,172.77795627316047,23.549002833265604,142.36138213366635,69.3116367559823,131.1285638518337,70.56428192591684,0.8849080964922905,0.9229094997048378,0.9905339390039444,1.0,1.0,0.9710789918899536
30.20000000050766,172.70873302844663,23.41410317370356,142.3702136027917,70.11252349602184,131.25333233874142,70.62666616937071,0.8859104514122009,0.923561754822731,0.988285818696022,1.0,1.0,0.9725550383329391
30.220000000508325,172.64158112990287,23.303185670184316,142.28175708451,70.85690171737612,131.3779029099437,70.68895145497186,0.8868974059820175,0.9242693439126014,0.9860050290822983,1.0,0.99726243019104,0.9741987362504005
30.24000000050899,172.57616373640062,23.217303160249944,142.10357192864464,71.539812549154,131.50225589430335,70.75112794715167,0.8878170862793923,0.9252047955989837,0.9838486358523368,1.0,0.9910533577203751,0.9762167006731033
30.260000000509653,172.51234295742668,23.156339185803137,141.84264853850416,72.16105854037947,131.6263716550426,70.8131858275213,0.8886637836694717,0.9260775238275528,0.9820342600345611,1.0,0.9853786170482635,0.9781141713261604
30.280000000510316,172.4500967098111,23.119531318841034,141.5055286827713,72.7230347418585,131.75023059284396,70.87511529642198,0.8894301220774651,0.9268771886825561,0.9805300056934356,1.0,0.9803230106830596,0.9798440977931022
30.30000000051098,172.38951649118437,23.10595111018843,141.0982424601201,73.22884612778891,131.8738131489454,70.9369065744727,0.8903542637825012,0.9275165647268295,0.9794786870479584,1.0,0.9758065238595008,0.9816378608345985
30.320000000511644,172.33085606375485,23.114842066287014,140.62586642616432,73.6804312630373,131.99709980822865,70.99854990411433,0.8914578855037689,0.9280012488365174,0.97888974994421,1.0,0.971798713505268,0.9835709869861602
30.34000000051231,172.27452694423536,23.145724059598688,140.09247370594355,74.07647324026726,132.12007110230107,71.06003555115053,0.8924886673688889,0.9284525752067566,0.9784711599349976,1.0,0.9682525157928467,0.985428600013256
30.360000000512972,172.22105884261052,23.198422102825837,139.50148072173587,74.41078612394801,132.24270761256977,71.12135380628489,0.8934807494282723,0.9288574278354644,0.9782112002372741,1.0,0.9651344299316406,0.9871747493743896
30.380000000513636,172.1710291668741,23.272624737510398,138.856302720967,74.67413865255233,132.36498997330813,71.18249498665406,0.8945983231067657,0.9291975498199463,0.9781519770622253,1.0,0.9624014377593993,0.9885966330766678
30.4000000005143,172.1249765543668,23.36756004152937,138.16100097008007,74.85634290528874,132.48689887471383,71.24344943735692,0.896303117275238,0.9294373124837875,0.978206604719162,1.0,0.95975401699543,0.9890269845724106
30.420000000514964,172.0832804855385,23.481675188957368,137.4210218553375,74.94733998960139,132.60841506595813,71.30420753297906,0.8980795040726661,0.9296446114778518,0.9782009810209273,0.9979851916432381,0.9571748495101928,0.9893569409847259
30.440000000515628,172.04607713673192,23.613460860587086,136.64370550502701,74.9379764432964,132.72951935822582,71.36475967911291,0.900008325278759,0.9296289473772049,0.9786085918545723,0.9953458577394485,0.9553829282522202,0.9887937933206558
30.460000000516292,172.01319543650732,23.760617349103487,135.838166434181,74.82097135932824,132.85019262774517,71.42509631387259,0.9016695380210876,0.9294103920459748,0.9795245170593261,0.992588573694229,0.9541647315025329,0.9878462269902228
30.480000000516956,171.98435443854405,23.92081865823811,135.0150107470562,74.59171731380358,132.97041581880814,71.48520790940407,0.9028176531195641,0.9290878921747208,0.9805379852652549,0.9903368502855301,0.9536222994327544,0.9866967976093292
30.50000000051762,171.95942096316523,24.090743458438837,134.18605878580144,74.24913633149512,133.0901699467791,71.54508497338955,0.9034749060869217,0.9286564141511917,0.9817203789949417,0.9885021522641182,0.9538238853216171,0.9852994427084922
30.520000000518284,171.9364226779269,24.26683521352907,133.36411268314743,73.79621332327534,133.20943610109308,71.60471805054654,0.9036228343844414,0.9282485574483871,0.983137845993042,0.987135450541973,0.9550069451332092,0.9835431411862373
30.540000000518948,171.91391306227538,24.44531871056041,132.56337999461587,73.23807523078584,133.3281954482417,71.66409772412085,0.9032497256994247,0.9278476029634476,0.9848113030195236,0.9861827209591865,0.9572050333023071,0.9815446451306342
30.56000000051961,171.89016081722446,24.623520198357795,131.79994962008334,72.57940602773307,133.4464292347473,71.72321461737366,0.9026665285229682,0.9272989124059677,0.9868618875741958,0.9853850856423377,0.9602423131465911,0.9794160440564155
30.580000000520275,171.86323524624294,24.798846702064115,131.09169290530613,71.8271746125037,133.56411879012444,71.78205939506222,0.902271944284439,0.9269972085952759,0.9893852159380913,0.9852825358510017,0.9646893352270126,0.9770022705197334
30.60000000052094,171.83114760588614,24.96865850200083,130.45704369350003,70.99156814770242,133.68124552982803,71.84062276491402,0.9017104998230934,0.9263988882303238,0.9921535238623619,0.9855284944176673,0.9704023197293281,0.9748352915048599
30.620000000521603,171.79208719687486,25.130028125485776,129.9138658680828,70.08605604441901,133.79779095818805,71.89889547909402,0.9009253680706024,0.9256046414375305,0.9946124300360679,0.9859589979052543,0.9758614867925643,0.9732573211193084
30.640000000522267,171.7446022789969,25.279864334830453,129.4786082937876,69.12756625383437,133.91373667133035,71.95686833566518,0.9000291794538497,0.9247717306017875,0.9970405086874962,0.9866054594516753,0.9814234718680381,0.9721426665782928
30.66000000052293,171.6875843366288,25.415395107091534,129.16574918235463,68.13648210093599,134.0290643600827,72.01453218004136,0.8989304393529892,0.9241046741604805,1.0,0.9873819276690483,0.9876493394374847,0.9712769344449043
30.680000000523595,171.62018304330277,25.534273629803273,128.98759584203387,67.13643534672198,134.1437558128662,72.0718779064331,0.8970312923192978,0.9236348628997803,1.0,0.988878546655178,0.9946749210357666,0.9708446204662322
30.70000000052426,171.54166578080603,25.63433429503949,128.95390789261884,66.15436163487398,134.25779291857086,72.12889645928543,0.8946003079414367,0.9232501447200775,1.0,0.9910589009523392,1.0,0.9714210227131843
30.720000000524923,171.45159066296802,25.713686446498425,129.0712494775661,65.21964711183294,134.3711576694157,72.18557883470785,0.8925489410758018,0.9229447796940803,1.0,0.9937475427985191,1.0,0.9716093942523002
30.740000000525587,171.34995248121226,25.770776351204397,129.34203231894531,64.3617345691097,134.48383216379244,72.24191608189622,0.8910113245248794,0.9220904514193534,1.0,0.9968598440289497,1.0,0.9715810969471931
30.76000000052625,171.23660527319717,25.804515685636513,129.76431022863773,63.60825471177532,134.59579860909227,72.29789930454614,0.8898435443639755,0.9212821140885353,1.0,1.0,1.0,0.9720814049243927
30.780000000526915,171.11182077740145,25.81447566489008,130.33149131300476,62.9840465755932,134.70703932451545,72.35351966225772,0.8883142918348312,0.9204662799835205,1.0,1.0,1.0,0.9726081728935241
30.80000000052758,170.97692814637065,25.7996252847963,131.02954571403248,62.51395061611435,134.8175367438635,72.40876837193176,0.8868334397673606,0.9196607321500778,1.0,1.0,1.0,0.9730644658207893
30.820000000528243,170.8340099344286,25.756631172569648,131.83748874332184,62.22547157865179,134.927273418313,72.4636367091565,0.8853356763720512,0.9189506351947784,1.0,1.0,1.0,0.9733707875013351
30.840000000528907,170.68550807080123,25.68664830789015,132.72898166101723,62.12636693011142,135.03623201917094,72.51811600958547,0.883987495303154,0.9183682918548584,1.0,1.0,1.0,0.9733072191476821
30.86000000052957,170.53394055269314,25.59432445842368,133.67403446654166,62.206775054137196,135.14439534061114,72.57219767030557,0.883276030421257,0.9181577116250992,1.0,1.0,1.0,0.972368548810482
30.880000000530234,170.38176506257088,25.485840670225404,134.64119461566108,62.44592549642953,135.2517463023913,72.62587315119565,0.8828448295593262,0.918515607714653,1.0,1.0,1.0,0.9710638776421546
30.9000000005309,170.23130198552005,25.367350596023243,135.60052425621146,62.81799848899665,135.35826795255005,72.67913397627503,0.8825466707348824,0.9189594328403473,1.0,1.0,1.0,0.9699310064315796
30.920000000531562,170.08504320190698,25.243998745408437,136.52481658006852,63.29643354270056,135.46394347008405,72.73197173504202,0.8827126368880271,0.9190378427505493,1.0,1.0,1.0,0.9688971668481826
30.940000000532226,169.9454342007375,25.119472361538953,137.39019200767834,63.856659524779865,135.56875616760402,72.78437808380201,0.8833687588572502,0.9191402092576026,1.0,1.0,1.0,0.9677421450614929
30.96000000053289,169.8142387733522,24.9957949160725,138.17653081800395,64.47841535538646,135.67268949396998,72.83634474698499,0.8843247875571251,0.9192783027887345,1.0,1.0,1.0,0.9666607677936554
30.980000000533554,169.69275495492963,24.872852289420756,138.8677490789165,65.14745092082106,135.7757270369049,72.88786351845245,0.8855281829833984,0.9194421097636223,1.0,1.0,1.0,0.9656944841146469
31.000000000534218,169.58191681637928,24.750542383187792,139.4519271543217,65.85146135876157,135.87785252558626,72.93892626279313,0.8869242057204246,0.9196444153785706,1.0,1.0,1.0,0.96497702896595
31.020000000534882,169.4821283581745,24.62946194269754,139.92130291258175,66.57922084741335,135.97904983321556,72.98952491660778,0.8883275285363197,0.9198757469654083,1.0,1.0,1.0,0.964860326051712
31.040000000535546,169.39322347849554,24.5103369824465,140.27214331872335,67.32073752370965,136.07930297956477,73.03965148978239,0.889488160610199,0.9202007547020912,1.0,1.0,1.0,0.9651021495461464
31.06000000053621,169.3144889970202,24.393912251313644,140.50450882482,68.06740430606038,136.17859613349995,73.08929806674998,0.8905784830451011,0.9205977931618691,1.0,1.0,1.0,0.9656815201044082
31.080000000536874,169.24472271703436,24.280929220962673,140.62192577747578,68.81200605566036,136.27691361548102,73.13845680774051,0.8919730439782142,0.9213072553277015,1.0,1.0,1.0,0.9663685634732246
31.100000000537538,169.1823073091525,24.172139871387902,140.6309828928135,69.5486213036494,136.37423990003782,73.18711995001891,0.893440793454647,0.9221441492438316,1.0,1.0,1.0,0.9671963244676589
31.1200000005382,169.12528799385913,24.06832767270651,140.54086866389844,70.27238856507869,136.47055961822184,73.23527980911092,0.894849869608879,0.9229760274291038,0.9989437773823737,1.0,1.0,0.9682100251317024
31.140000000538866,169.0715451587565,23.97025922839203,140.36286724284844,70.97893856271065,136.56585756003295,73.28292878001648,0.8961480319499969,0.92366633862257,0.9975019738078117,1.0,1.0,0.9694950357079506
31.16000000053953,169.01900185952084,23.87933064348755,140.1098308185901,71.66292266958027,136.66011867682144,73.33005933841072,0.8973651647567749,0.9242795050144196,0.9958762019872665,1.0,1.0,0.9711174324154853
31.180000000540193,168.96560731960886,23.79781053603636,139.79564674719933,72.31759749969717,136.75332808366423,73.37666404183211,0.8985352292656898,0.9249548092484474,0.9942677840590477,0.9992485299706458,0.995535722374916,0.9729035735130309
31.200000000540857,168.90939095301445,23.72824497733391,139.4347169125666,72.93616830833305,136.8454710617155,73.42273553085775,0.899628859758377,0.9256410926580428,0.9928386449813842,0.9971820667386054,0.9905676946043968,0.9747821167111397
31.22000000054152,168.84856238328464,23.673077770962614,139.04121896141493,73.5127375041519,136.93653306053082,73.46826653026541,0.900870195031166,0.9262774735689163,0.9915509700775146,0.9955985397100449,0.9858091205358505,0.9765912622213363
31.240000000542185,168.78170314027565,23.634418280360332,138.62770071349811,74.04261877753427,137.02649970036495,73.51324985018248,0.9019404858350754,0.9270339012145996,0.9903179004788398,0.994219160079956,0.9810163259506225,0.9785505041480064
31.26000000054285,168.7078659485978,23.613952655095677,138.20436162152774,74.52216340749612,137.11535677444257,73.55767838722129,0.9028821736574173,0.9277333408594132,0.9893426179885864,0.9928863078355789,0.9767855703830719,0.9804391592741012
31.280000000543513,168.6265864709253,23.612957905359895,137.77897366047208,74.94790127096867,137.2030902512016,73.6015451256008,0.903687734901905,0.928373047709465,0.9886023908853531,0.9916206270456314,0.973128718137741,0.9822177186608314
31.300000000544177,168.53783343515303,23.63226223505053,137.35762339204524,75.31447625659527,137.289686276509,73.6448431382545,0.9043611660599709,0.9289487570524215,0.9880885779857635,0.9904265120625495,0.9700522914528846,0.9838337048888206
31.32000000054484,168.44191781844046,23.672157261528913,136.9456855722291,75.61469150332546,137.37513117584854,73.68756558792427,0.9049638271331787,0.9294841080904007,0.9875900223851204,0.9893716841936111,0.9672220736742019,0.9853332698345184
31.340000000545505,168.33938269572423,23.732338484556013,136.54772789382784,75.84041424762923,137.45941145648013,73.72970572824006,0.9054945915937423,0.9299048036336899,0.9874744370579719,0.9883466109633445,0.9652237564325332,0.9862996026873588
31.36000000054617,168.23095979342344,23.81207416405703,136.16737081996789,75.98298154538834,137.5425138095704,73.7712569047852,0.9058393627405167,0.9302482783794402,0.9875697046518326,0.9874521926045418,0.9638082295656204,0.9869775801897048
31.380000000546833,168.11755268351035,23.91004302032724,135.80754304246628,76.03425467949313,137.6244251122945,73.81221255614724,0.9060108542442321,0.930457204580307,0.9874209851026534,0.9868488788604736,0.9626865655183792,0.9867926239967346
31.400000000547497,168.00010869859418,24.024602744632094,135.47075693208305,75.98766602834377,137.7051324299081,73.85256621495405,0.9058357506990432,0.9305616855621338,0.9876834750175476,0.9862433433532715,0.9621509820222854,0.9861391574144363
31.42000000054816,167.87960956758306,24.153622343787216,135.1592506467361,75.8389217288798,137.78462301779024,73.89231150889512,0.9055455446243286,0.9306062638759612,0.9884701311588286,0.9858070239424706,0.9625196695327758,0.9850400954484939
31.440000000548824,167.75700325471036,24.29481856975986,134.8749531058224,75.58638624723241,137.86288432345555,73.93144216172777,0.9052618205547333,0.9306426435709,0.9897139519453049,0.9856272891163825,0.9638444662094116,0.9835001945495605
31.46000000054949,167.6331140151424,24.445383312011902,134.6198434607656,75.23204854658644,137.93990398853668,73.96995199426834,0.9048893243074417,0.9306157499551773,0.990948286652565,0.9856509104371071,0.965854611992836,0.9818985357880592
31.480000000550152,167.50873907896136,24.602124185371622,134.39589557879248,74.78096691585014,138.01566985073563,74.00783492536782,0.9043784260749816,0.9305054932832718,0.9923042371869086,0.9858547985553741,0.9686416506767273,0.9802256509661674
31.500000000550816,167.3846564789008,24.76237265010872,134.20456436808004,74.23905717134002,138.0901699457445,74.04508497287225,0.9036787629127502,0.930296441912651,0.9939136251807212,0.9862147465348243,0.9722666293382645,0.9784979596734047
31.52000000055148,167.26160597367314,24.923968795981374,134.047244896454,73.61476096674794,138.1633925091346,74.0816962545673,0.902855834364891,0.9299741744995117,0.995791408419609,0.9867215231060982,0.9767682120203971,0.9766459122300147
31.540000000552144,167.14010659284665,25.08451024354533,133.92581914486723,72.92001445245107,138.2353259782144,74.1176629891072,0.901834511756897,0.9297471880912781,0.9973423197865485,0.9875009953975677,0.9806249469518661,0.9755036264657974
31.560000000552808,167.0210050779366,25.241425511990982,133.84273555027548,72.1703770035577,138.3059589938552,74.1529794969276,0.900671948492527,0.9294458955526351,0.9990560233592987,0.9884646996855735,0.9850846201181411,0.9744251772761344
31.580000000553472,166.9042754693485,25.391500018140942,133.8005064411415,71.38462443342142,138.37528040228506,74.18764020114253,0.8993587702512741,0.9290842980146408,1.0,0.9896332174539566,0.9900212258100509,0.97348722666502
31.600000000554136,166.79021221888974,25.532365840653416,133.801380409894,70.58425289391016,138.44327925685,74.221639628425,0.8979173600673676,0.9286724269390106,1.0,0.9910119265317916,0.9953007027506828,0.9727116659283638
31.6200000005548,166.6786474823096,25.661745201785962,133.84726458502692,69.79295966526531,138.50994481974257,74.25497240987129,0.8963742986321449,0.9282226026058197,1.0,0.9926023557782173,1.0,0.9721200421452522
31.640000000555464,166.56906239377983,25.777538256979042,133.93950993200068,69.03567536856333,138.57526656369762,74.28763328184881,0.895166178047657,0.9281581759452819,1.0,0.9944341078400611,1.0,0.9722117781639099
31.660000000556128,166.46138522399085,25.87795177319859,134.0782311172911,68.33648893510944,138.63923417365453,74.31961708682726,0.8944053649902344,0.9276714086532593,1.0,0.9965961024165153,1.0,0.9720841363072394
31.68000000055679,166.35570466578713,25.96159430375768,134.2619959532865,67.71778840864107,138.70183754838612,74.35091877419306,0.8936719059944153,0.9268276125192642,1.0,0.9987411633133888,1.0,0.9720775693655014
31.700000000557456,166.2522856841109,26.027694267476548,134.4869309769579,67.19965420018423,138.76306680209387,74.38153340104694,0.8929081737995147,0.9260375589132309,1.0,1.0,1.0,0.9722935900092124
31.72000000055812,166.15166852134095,26.07577171832832,134.74609425467546,66.79909515269969,138.82291226596877,74.41145613298438,0.8923824653029442,0.9253285437822342,1.0,1.0,1.0,0.9726028084754943
31.740000000558783,166.05461106839735,26.105893025985644,135.02996344947147,66.52841944949283,138.88136448971832,74.44068224485916,0.8920068264007568,0.9246518492698669,1.0,1.0,1.0,0.972821980714798
31.760000000559447,165.96189575369561,26.1187865689969,135.32713602794,66.39268800227477,138.93841424305884,74.46920712152942,0.8916480630636215,0.9240913480520249,1.0,1.0,1.0,0.972902026772499
31.78000000056011,165.87420868385334,26.115469576075576,135.62501081963157,66.39039984089628,138.99405251717286,74.49702625858643,0.8914439380168915,0.9236549213528633,1.0,1.0,1.0,0.9727353274822235
31.800000000560775,165.79210318605695,26.096699840470684,135.91072029706564,66.51584169669495,139.048270526132,74.524135263066,0.8915229693055152,0.9234521239995956,1.0,1.0,1.0,0.972232037782669
31.82000000056144,165.71597436081734,26.062904685361822,136.17242953791967,66.76069631288105,139.10105970828405,74.55052985414203,0.8920145153999328,0.9232886165380477,1.0,1.0,1.0,0.971571172773838
31.840000000562103,165.646002303902,26.01628522704155,136.40043435693082,67.1092597076203,139.15241172760526,74.57620586380263,0.8927080944180489,0.9231230303645134,1.0,1.0,1.0,0.9708911299705505
31.860000000562767,165.58218949700517,25.95992193728707,136.58737270292153,67.54144552764627,139.20231847501645,74.60115923750823,0.8935572683811187,0.9230495423078536,1.0,1.0,1.0,0.9706237450242042
31.88000000056343,165.52438836211948,25.896546083835425,136.72818140266483,68.03748539549375,139.2507720696637,74.62538603483185,0.8945477902889252,0.9230644330382347,1.0,1.0,1.0,0.9707902833819388
31.900000000564095,165.47227270168082,25.827320494441192,136.8199955921037,68.58244828594277,139.2977648601627,74.64888243008134,0.8960323572158814,0.9232318922877312,1.0,1.0,1.0,0.9712856337428093
31.92000000056476,165.42529179440996,25.753191949793372,136.86199742465286,69.16315460362031,139.34328942580706,74.67164471290353,0.8976765692234039,0.9234892815351486,1.0,1.0,1.0,0.9719288676977157
31.940000000565423,165.38262731137712,25.67524782828603,136.85522155984967,69.76748860739248,139.38733857774014,74.69366928887007,0.8993227481842041,0.9238192468881606,1.0,0.9996102660894394,1.0,0.9726971819996834
31.960000000566087,165.34320473725884,25.594571382031283,136.80232558078708,70.38459477142389,139.4299053600902,74.7149526800451,0.9008908659219742,0.924216540157795,1.0,0.9974218070507049,1.0,0.973607063293457
31.98000000056675,165.30578549858092,25.512283048975956,136.70733398806814,71.00479854012694,139.4709830510689,74.73549152553446,0.9023334696888924,0.9246704190969467,1.0,0.9953045427799224,1.0,0.9746371433138847
32.00000000056741,165.2689811749248,25.430320548669112,136.57536483092827,71.61785902812039,139.5105651640326,74.7552825820163,0.9040512859821319,0.9258170992136001,1.0,0.9937066435813904,1.0,0.9756777599453925
32.02000000056523,165.2312318280925,25.352481054804304,136.41234816313138,72.20958498143966,139.54864544850685,74.77432272425342,0.9056309998035431,0.9269151419401168,1.0,0.9923030525445937,0.999727800488472,0.9767486631870269
32.040000000563055,165.19090175230625,25.281976002957883,136.22479790105382,72.7684873431596,139.58521789117324,74.79260894558662,0.9072718679904938,0.927700001001358,1.0,0.9910555392503738,0.9961076766252517,0.977627944946289
32.060000000560876,165.14638192423857,25.221006783839112,136.01997342203205,73.286957403407,139.62027671681918,74.81013835840959,0.9086618646979332,0.9284191280603409,1.0,0.9898909106850624,0.9926484450697899,0.9785677328705787
32.0800000005587,165.09617568082408,25.17104629053497,135.8064726815662,73.76039899561475,139.6538163892496,74.8269081946248,0.9098167479038238,0.9290688306093215,1.0,0.9888192117214203,0.9894400000572204,0.9795330241322517
32.10000000055652,165.03895273613637,25.13313604569073,135.59376364942545,74.18645434655409,139.6858316121615,74.84291580608075,0.9107398614287376,0.9296544909477233,1.0,0.9878876805305481,0.9865153327584266,0.980548383295536
32.12000000055434,164.9735399078849,25.108230966879418,135.39130517118804,74.56446514454194,139.71631732998003,74.85815866499001,0.9115548059344292,0.9303357809782028,1.0,0.9872915685176848,0.9839600279927253,0.9814670667052269
32.14000000055216,164.89896701040453,25.09714853677728,135.20793155112958,74.8945303169537,139.74526872865692,74.87263436432846,0.91212347894907,0.9309974014759064,1.0,0.9868920803070068,0.9816089689731597,0.9824251696467399
32.160000000549985,164.8144858759856,25.10033313489511,135.05142572315674,75.17582092414361,139.77268123643069,74.88634061821534,0.9123008266091347,0.9315600216388702,1.0,0.9866539359092712,0.9794649630784988,0.9835253402590751
32.18000000054781,164.71961624915141,25.117933158087038,134.92823744237862,75.40621283635683,139.79855052454863,74.89927526227432,0.9122238695621491,0.9319753348827362,1.0,0.9864968791604042,0.9781681373715401,0.9843409150838851
32.20000000054563,164.61418632509637,25.149868587489696,134.84328224756183,75.58256793438898,139.82287250795025,74.91143625397513,0.9118217170238495,0.9322803020477295,1.0,0.9864794582128524,0.9773316636681556,0.9851054608821869
32.22000000054345,164.49835446597962,25.19585613748809,134.79975626735606,75.70122763429781,139.84564334591238,74.92282167295619,0.9107392534613609,0.9327847272157669,1.0,0.9869564220309257,0.976883341372013,0.9858896672725677
32.24000000054127,164.3725995110604,25.255408878527316,134.7989324652833,75.75872680485503,139.8668594426558,74.9334297213279,0.9095131620764733,0.933179646730423,1.0,0.9875273123383521,0.9768962025642395,0.9864268377423286
32.260000000539094,164.23772829547806,25.327889833657476,134.84013562400781,75.7520414346858,139.88651744791284,74.94325872395642,0.9085545808076858,0.9333937674760818,0.9997524231672287,0.9881814405322075,0.9770507782697677,0.9864310890436172
32.280000000536916,164.09489272428962,25.412495490993848,134.92085979227883,75.67893438997902,139.90461425745661,74.95230712872831,0.9073246359825134,0.9334872424602508,0.9996600121259689,0.9888157203793525,0.9776578962802887,0.9862231418490409
32.30000000053474,163.94556929812637,25.507949288051854,135.03699084908865,75.53917531850583,139.92114701359108,74.96057350679554,0.90601766705513,0.9334979712963104,0.9997504383325576,0.98949726074934,0.9787536144256591,0.9857933223247528
32.32000000053256,163.79159032836893,25.61264917103158,135.1829715584297,75.33480587762142,139.93611310560243,74.96805655280122,0.9048795118927956,0.933391147851944,1.0,0.9901870846748352,0.9806304186582565,0.9848052188754082
32.34000000053038,163.63511998230138,25.724906004855796,135.35183978583927,75.07003643791208,139.94951017016945,74.97475508508472,0.9036029547452926,0.9332638949155807,1.0,0.9910026863217354,0.9826485931873321,0.9839937478303908
32.3600000005282,163.47852023637907,25.842824331569396,135.5355118090427,74.75154111226904,139.9613360917425,74.98066804587125,0.9024065107107162,0.933133915066719,1.0,0.9918996170163155,0.9845284417271614,0.9832823365926742
32.380000000526024,163.3241598286376,25.964374919684975,135.72506429610198,74.38802258992422,139.9715890028716,74.9857945014358,0.9012844353914261,0.9329626023769378,1.0,0.9928466960787773,0.986594109237194,0.9825564816594123
32.400000000523846,163.1743769109477,26.087925689407697,135.91137221015578,73.9881662980554,139.98026728450313,74.99013364225156,0.9002337023615837,0.9327426880598068,1.0,0.9938271686434745,0.9889007687568664,0.981832280755043
32.42000000052167,163.03138108631376,26.211630911981977,136.08572547971562,73.56197450413066,139.98736956623586,74.99368478311793,0.8992752283811569,0.9324796795845032,1.0,0.9948196128010749,0.9913900777697563,0.9811471685767174
32.44000000051949,162.89721185151905,26.333554458323245,136.24022179433132,73.12129984628459,139.99289472653717,74.99644736326859,0.8984326303005218,0.9321801126003265,1.0,0.995798011124134,0.9939982041716575,0.9805291339755058
32.46000000051731,162.7746455068171,26.45187805232132,136.3677491058512,72.67908098420146,139.99684189292017,74.99842094646009,0.8977236241102219,0.9318522572517395,1.0,0.9967372134327888,0.9966532602906226,0.9800068318843841
32.48000000051513,162.66392869017287,26.56449125137496,136.46212474245291,72.24841600324785,139.9992104420816,74.9996052210408,0.8973585307598114,0.9316848516464233,1.0,0.9975971698760986,0.9990781068801879,0.9794709801673889
32.500000000512955,162.56604833644653,26.6699144586979,136.51828000479077,71.84204130125481,140.0,75.0,0.8971891939640045,0.9315583139657974,1.0,0.9984137058258056,1.0,0.9790453225374222
32.52000000051078,162.4816753464307,26.76674413819616,136.53240734865508,71.47198241614986,139.99921044199507,74.99960522099754,0.8970648735761643,0.9314181506633759,1.0,0.9990779817104339,1.0,0.9787545934319496
32.5400000005086,162.41113196799932,26.85347451715092,136.50206730875783,71.14921575327219,139.9968418927472,74.9984209463736,0.8971490815281867,0.9310686230659485,1.0,0.9995579093694686,1.0,0.9784940525889396
32.56000000050642,162.35441013070985,26.9293038620533,136.4262543602875,70.88334080933899,139.9928947262777,74.99644736313886,0.8973583966493607,0.9306821256875991,1.0,0.9998540610074996,1.0,0.9784447357058524
32.58000000050424,162.31104860615062,26.993607236124106,136.30542064752248,70.68226729327698,139.98736956589,74.993684782945,0.8978167369961738,0.9302836298942566,1.0,0.9999338656663894,1.0,0.9784576460719108
32.600000000502064,162.28022422548935,27.046091153566817,136.1414526104228,70.55173585230318,139.9802672840709,74.99013364203545,0.8987555056810379,0.9298058569431304,1.0,0.9996284872293472,1.0,0.9782893285155296
32.620000000499886,162.26079550027055,27.086828224292745,135.93758373157695,70.49443669163455,139.97158900235306,74.98579450117653,0.8997962206602096,0.9293709009885788,1.0,0.9991050496697426,1.0,0.9783588826656341
32.64000000049771,162.2513736605367,27.116203134201953,135.69830776207615,70.50976494422176,139.96133609113775,74.98066804556888,0.9009330660104752,0.9289905995130538,1.0,0.9983719751238822,1.0,0.9786452531814575
32.66000000049553,162.25037373336633,27.1347848763811,135.42925861377728,70.59433588540173,139.94951016947854,74.97475508473927,0.9021447002887726,0.9286775141954422,1.0,0.9974555626511573,1.0,0.9791402906179427
32.68000000049335,162.25606339536716,27.143288485507995,135.13704095400283,70.74256893599791,139.93611310482555,74.96805655241278,0.9034126430749893,0.9284476131200791,1.0,0.9964004844427108,1.0,0.9798221617937087
32.70000000049117,162.2665822275392,27.142532248297876,134.82905577228846,70.94729920407357,139.92114701273053,74.96057350636526,0.9047935873270034,0.9283925831317902,1.0,0.9953948840498924,1.0,0.9805631712079048
32.720000000488994,162.27993731235858,27.133365121568666,134.5133526894904,71.20038480717093,139.90461425651299,74.95230712825649,0.906173650920391,0.9284436255693436,1.0,0.9943501681089401,1.0,0.9814373522996902
32.740000000486816,162.29406516656655,27.11690546466717,134.1983801077196,71.49249598192878,139.88651744688673,74.94325872344336,0.9076724022626876,0.9284698307514191,1.0,0.9933478981256485,1.0,0.9822457745671271
32.76000000048464,162.30690959904715,27.095171970389345,133.89270530972172,71.8116607021921,139.86685944154783,74.93342972077392,0.9091349884867668,0.928550386428833,1.0,0.9924570515751838,1.0,0.9830583721399306
32.78000000048246,162.31650117813535,27.070404515762306,133.60473164727705,72.1454409224812,139.84564334472316,74.92282167236158,0.91018857806921,0.9289618909358978,1.0,0.9920092433691025,1.0,0.9840451970696449
32.80000000048028,162.32101836877894,27.044678530367136,133.34239594535794,72.48234133608197,139.8228725066804,74.9114362533402,0.9111672356724739,0.9293783128261566,1.0,0.9915425300598144,0.9986175000667572,0.9849897861480712
32.8200000004781,162.3188221942172,27.01978341790191,133.1128264520508,72.81249626910349,139.7985505231988,74.8992752615994,0.9121657818555832,0.9299061805009842,1.0,0.9910785794258117,0.9967407226562499,0.9857780829071998
32.840000000475925,162.30848727356366,26.997182612905405,132.92208852818678,73.12792977086826,139.77268123500153,74.88634061750076,0.913037084043026,0.9304420679807662,1.0,0.9906468868255615,0.9949343085289001,0.986471277475357
32.86000000047375,162.28880701273235,26.977920865564492,132.77495915297067,73.42276328300838,139.7452687271491,74.87263436357455,0.9137018114328385,0.9309271723031998,1.0,0.9902652934193611,0.9932993322610855,0.9870934963226318
32.88000000047157,162.25883145754977,26.962737209041617,132.67468283600257,73.69297241774575,139.7163173283942,74.8581586641971,0.9141378536820411,0.9313487708568573,1.0,0.9899480372667312,0.9918688878417015,0.9876433357596397
32.90000000046939,162.21794978159048,26.95233387090675,132.6227008251863,73.93567645023572,139.6858316104984,74.8429158052492,0.9143315494060517,0.9316974490880966,1.0,0.9897067457437515,0.9906577944755554,0.9881280690431594
32.92000000046721,162.16589212771294,26.947351759963322,132.6187136340833,74.14833828651194,139.6538163875099,74.82690819375495,0.9142843067646026,0.9319679051637649,1.0,0.9895473733544349,0.9896688818931579,0.9885550811886787
32.940000000465034,162.1026929977585,26.9483035366974,132.66084295244698,74.32862065312119,139.62027671500354,74.81013835750177,0.9136129006743431,0.932481575012207,1.0,0.9899326145648956,0.9887804046273231,0.9891416892409324
32.960000000462855,162.02867831335294,26.95555262542649,132.74580616617035,74.47448903535337,139.58521788928246,74.79260894464123,0.9127126038074493,0.9329667955636978,1.0,0.9904607504606247,0.9881065487861633,0.989679056406021
32.98000000046068,161.94446525976042,26.969303366372763,132.8691057250133,74.58431853587128,139.5486454465416,74.7743227232708,0.9116428762674331,0.9334158957004547,1.0,0.991106179356575,0.9875712245702744,0.9901912242174148
33.0000000004585,161.85095671665863,26.989590371707244,133.02523163965475,74.65700756507066,139.51056516199364,74.75528258099682,0.9104722172021865,0.9338168680667877,1.0,0.9918334290385246,0.9872104585170746,0.9906317010521888
33.02000000045632,161.749325633509,27.016270498035492,133.20787343802826,74.69208284765834,139.47098304895698,74.73549152447849,0.9093136057257653,0.9341279953718186,1.0,0.992575842142105,0.9870737329125404,0.9908655136823654
33.04000000045414,161.64100854239229,27.049082942955877,133.41006576448544,74.68967882236193,139.42990535790608,74.71495267895304,0.908346401154995,0.9342848598957062,1.0,0.9932315036654472,0.9870729058980942,0.9907205045223235
33.060000000451964,161.52774435511947,27.087849053149974,133.62414747172667,74.65029230157909,139.38733857548456,74.69366928774228,0.9073871001601219,0.9343892872333527,1.0,0.9938985243439674,0.9872465923428535,0.9905089229345321
33.080000000449786,161.4115258270824,27.132415802830252,133.8419755008057,74.57497147938841,139.34328942348083,74.67164471174041,0.9064799949526786,0.9344487339258194,1.0,0.9945567786693572,0.9875128015875816,0.9902642741799355
33.10000000044761,161.2945141658703,27.182566603379673,134.05522923278676,74.46547417107243,139.2977648577666,74.6488824288833,0.9055939316749573,0.9344412505626678,1.0,0.9951444998383522,0.9879452630877494,0.9899610102176666
33.12000000044543,161.178938786326,27.237923571949178,134.25573269450416,74.32446090222548,139.2507720671985,74.62538603359926,0.9047742888331413,0.9344533115625381,1.0,0.9956647723913192,0.9885577768087387,0.9896403118968009
33.14000000044325,161.0670134248696,27.297652817050153,134.43580168514927,74.15580623988606,139.202318472483,74.6011592362415,0.9040786400437355,0.9344467937946319,1.0,0.9961334124207496,0.989308312535286,0.9892916068434715
33.16000000044107,160.9607664043504,27.36075069332099,134.58858667576223,73.96437680952694,139.15241172500436,74.57620586250218,0.9035292476415634,0.9343877136707306,1.0,0.9965509608387947,0.9901527032256126,0.9889199778437614
33.180000000438895,160.8619461798457,27.426405617436522,134.70830392253401,73.75465702696073,139.1010597056165,74.55052985280825,0.9032075121998787,0.9343571901321411,1.0,0.9970526903867721,0.9912178933620452,0.9884259551763535
33.20000000043672,160.77201766481753,27.493780285599332,134.79041327301573,73.53139378488856,139.04827052339863,74.52413526169931,0.9030491590499877,0.9343028217554092,1.0,0.9975342586636543,0.992359647154808,0.9879300773143768
33.22000000043454,160.692103059653,27.561930580616032,134.83176980664206,73.29975674126567,138.99405251437454,74.49702625718727,0.903002792596817,0.9341879963874816,1.0,0.9979122892022132,0.9934862911701202,0.9875045135617255
33.24000000043236,160.6229861407503,27.629821525574933,134.83070879243607,73.0652072391866,138.93841424019638,74.46920712009819,0.9029960691928863,0.934001162648201,1.0,0.9981353595852851,0.9945854157209396,0.9871705830097198
33.26000000043018,160.56510608966593,27.69641101331602,134.78705473579237,72.83334029521922,138.8813644867926,74.4406822433963,0.9031037017703056,0.9337929517030715,1.0,0.9982516914606094,0.9955886334180831,0.9869139045476913
33.280000000428004,160.51930411496824,27.760609939960954,134.70205134079862,72.60973830009317,138.82291226298062,74.41145613149031,0.9033398479223251,0.9335942983627319,1.0,0.9982682004570961,0.9964495465159415,0.9867247104644775
33.300000000425825,160.48458477402522,27.821443373502373,134.5781919088159,72.39991162930205,138.7630667990442,74.3815333995221,0.9036232948303222,0.933357897400856,1.0,0.9982024461030959,0.9972128942608833,0.9866635918617248
33.32000000042365,160.46020284226228,27.878107602008466,134.4190770458967,72.20912112388287,138.7018375452758,74.3509187726379,0.9039431214332581,0.9330928862094879,1.0,0.9980648800730705,0.9978649884462356,0.9867312863469123
33.34000000042147,160.4452956528863,27.929897117914418,134.229302175516,72.04213119318261,138.6392341704844,74.3196170852422,0.9042832791805268,0.9328094571828842,1.0,0.9978714168071746,0.9983911439776421,0.9869312763214111
33.36000000041929,160.43904171491567,27.976213993965104,134.01433281662983,71.90299206351993,138.57526656046858,74.28763328023429,0.9046288549900054,0.9325183302164077,1.0,0.9976382032036781,0.9987794741988182,0.9872641518712043
33.38000000041711,160.44008724048092,28.0165636534167,133.78032176763202,71.79485483797455,138.50994481645554,74.25497240822777,0.9050755634903908,0.9322406858205795,1.0,0.9972983047366142,0.9990193128585815,0.9875817969441414
33.400000000414934,160.44672494757296,28.050632674491112,133.5338936944041,71.7198370185527,138.44327925350586,74.22163962675293,0.9055735781788826,0.9319842845201493,1.0,0.9968977883458137,0.999099189043045,0.9879285618662834
33.420000000412756,160.45753954991343,28.078280643539337,133.2819108084319,71.67896133367195,138.37528039888474,74.18764019944237,0.9060377836227417,0.9317504405975342,1.0,0.9965068116784095,0.9990229159593582,0.9883928924798965
33.44000000041058,160.47108113862396,28.09934309475819,133.03123424027632,71.67261650045207,138.30595899039957,74.15297949519979,0.9064610049128532,0.9315465211868286,1.0,0.9961355447769165,0.9987997964024543,0.9889576628804206
33.4600000004084,160.48593222326724,28.11352372789045,132.7884908283842,71.70094860885662,138.2353259747044,74.1176629873522,0.9068811148405075,0.931427001953125,1.0,0.9958813518285751,0.9985279768705367,0.9895356208086014
33.48000000040622,160.50073475093058,28.121383679678974,132.55986543323198,71.76119364044759,138.16339250557118,74.08169625278559,0.9072470128536224,0.9313631027936935,1.0,0.9956946521997452,0.9981410324573516,0.990177084505558
33.50000000040404,160.51423356287506,28.124026085554032,132.35094989466788,71.84841700570729,138.09016994212857,74.04508497106428,0.9075373440980911,0.9313407242298126,1.0,0.9955495983362197,0.9976251408457756,0.9908852458000182
33.520000000401865,160.52531114703078,28.12271691500478,132.16659642125003,71.95667477588358,138.01566984706812,74.00783492353406,0.9077500253915787,0.9313598483800888,1.0,0.9954469591379165,0.9970046207308769,0.9916322141885757
33.54000000039969,160.53302145719758,28.118695958135685,132.01076761082487,72.0796819692325,137.93990398481853,73.96995199240926,0.9078835278749465,0.9314190447330475,1.0,0.9953874230384826,0.9963074654340743,0.992388628423214
33.56000000039751,160.5366196570347,28.113037352303138,131.88640965256903,72.21127033082337,137.8628843196877,73.93144215984385,0.9079355537891388,0.9315154612064361,1.0,0.9953722462058067,0.9955632463097572,0.9931265980005264
33.58000000039533,160.535564156843,28.106631791081142,131.7953368331623,72.34577026452757,137.78462301397366,73.89231150698683,0.9079024329781532,0.9316451638936997,1.0,0.99540406614542,0.9948006361722945,0.9938234984874725
33.60000000039315,160.5295105244798,28.100213813906734,131.73819481079173,72.47809478924268,137.70513242604372,73.85256621302186,0.9077793151140213,0.9318033695220947,1.0,0.9954866737127304,0.9940452724695206,0.9944639921188354
33.620000000390974,160.51831505986365,28.094393966006695,131.71449381481267,72.60369318660285,137.62442510838326,73.81221255419163,0.9075612246990203,0.9319845974445343,1.0,0.9956243380904197,0.9933185458183288,0.9950404837727547
33.640000000388795,160.5020295185778,28.089687690925288,131.72268418380963,72.71852398748788,137.54251380561328,73.77125690280664,0.9073151856660843,0.932241740822792,1.0,0.995816245675087,0.9925703525543212,0.9954889178276062
33.66000000038662,160.48088922240126,28.086528481959533,131.7602637251477,72.81906721484816,137.45941145247812,73.72970572623906,0.9069600254297256,0.9325049459934235,1.0,0.9960722401738167,0.9918841138482093,0.9958846598863601
33.68000000038444,160.45529622568642,28.085270399304374,131.82390966797627,72.90236180569035,137.3751311718026,73.6875655859013,0.906504487991333,0.932764458656311,1.0,0.9963871359825134,0.9912785515189171,0.9962265208363532
33.70000000038226,160.42579801003933,28.08618677178393,131.9096275828294,72.96604760502724,137.28968627242006,73.64484313621003,0.9059639692306518,0.9330127954483032,1.0,0.9967526763677597,0.9907625347375869,0.9965149343013763
33.72000000038008,160.3930648316706,28.08947053210482,132.01291013703414,73.00839377455236,137.20309024707063,73.60154512353532,0.9054083406925201,0.9332895100116729,1.0,0.9972418040037154,0.9904344603419304,0.9966634929180145
33.740000000377904,160.3578686500255,28.095237325179333,132.1289001936432,73.02831476166655,137.11535677027058,73.55767838513529,0.9048604324460029,0.9335916876792908,1.0,0.9978498563170433,0.990297569334507,0.9966713786125183
33.760000000375726,160.32106053206138,28.103501291001017,132.25255388473164,73.02537107541777,137.0264996961529,73.51324984807646,0.9043545186519623,0.933877369761467,1.0,0.9984435498714447,0.9902689859271049,0.9965278133749962
33.78000000037355,160.28353210383688,28.11427929893049,132.3787957924344,72.99968236466003,136.9365330562797,73.46826652813985,0.9039186149835586,0.9341414421796799,1.0,0.9989948332309723,0.9903406903147697,0.9962223052978515
33.80000000037137,160.24622349732473,28.127395573690908,132.50266916785768,72.95185307638698,136.8454710574263,73.42273552871315,0.9034831047058105,0.9343716114759445,1.0,0.9995532244443893,0.99050372838974,0.9958964437246323
33.82000000036919,160.21010004282542,28.142834919181592,132.61946884243562,72.88296889509573,136.75332807933793,73.37666403966897,0.9030630886554718,0.9345620930194855,1.0,1.0,0.990756021440029,0.9955532148480415
33.84000000036701,160.1760512312438,28.16049898914843,132.72482583576829,72.79474280746025,136.66011867245902,73.33005933622951,0.9026659697294235,0.9347097843885421,1.0,1.0,0.9910858705639839,0.9952068075537681
33.860000000364835,160.1449013172195,28.180193301142257,132.8147963943217,72.68959101595519,136.5658575556354,73.2829287778177,0.9022979527711869,0.9348128080368042,1.0,1.0,0.9914802268147468,0.994870525598526
33.88000000036266,160.11737587168417,28.20172931194011,132.88600571992174,72.57029975709959,136.47055961379016,73.23527980689508,0.9019632488489151,0.934870707988739,1.0,1.0,0.9919237300753593,0.9945583075284957
33.90000000036048,160.09407316291708,28.225149255606734,132.93577719969883,72.43923309494122,136.374239895573,73.1871199477865,0.9016649603843688,0.9348843514919281,1.0,1.0,0.9923998802900313,0.9942828267812729
33.9200000003583,160.07546060329872,28.25042885690763,132.9622136864594,72.29902222168721,136.27691361098402,73.13845680549201,0.9014059752225876,0.9348552316427231,1.0,1.0,0.9928954049944877,0.9940513879060745
33.94000000035612,160.0618737701597,28.277403199785404,132.96433074368895,72.15269128555798,136.1785961289718,73.0892980644859,0.9011869773268699,0.9347859770059586,1.0,1.0,0.993397107720375,0.9938706070184707
33.96000000035394,160.05351564927506,28.30578295607042,132.94223918541132,72.00352484636365,136.07930297500644,73.03965148750322,0.9010052263736724,0.9346803516149521,1.0,1.0,0.9938917607069016,0.9937477618455887
33.980000000351765,160.05045866009254,28.335175322718033,132.89707044986864,71.85492702159253,135.97904982862804,72.98952491431402,0.9008703202009201,0.9345577657222748,1.0,1.0,0.9943505346775054,0.9936761647462844
34.00000000034959,160.05265010567558,28.365108470911686,132.8308248075733,71.71028183077759,135.87785252097055,72.93892626048527,0.9007813289761543,0.934433051943779,1.0,1.0,0.9947514981031418,0.9936563566327095
34.02000000034741,160.0599208810075,28.39505791717314,132.74621003537422,71.57282076418686,135.77572703226198,72.88786351613099,0.9006985425949097,0.9342883467674256,1.0,1.0,0.9951130017638206,0.9937210515141487
34.04000000034523,160.0719969397567,28.424472888784376,132.646475258103,71.4455054147678,135.67268948930086,72.83634474465043,0.9006125777959824,0.9341299444437027,1.0,1.0,0.9954281389713286,0.9938723146915436
34.06000000034305,160.0885133075757,28.45280169057502,132.53524465336304,71.3309284376796,135.5687561629097,72.78437808145485,0.9005135461688042,0.9339647382497788,1.0,1.0,0.9956897303462028,0.99411181807518
34.080000000340874,160.10902984409483,28.479516703924215,132.41635553718777,71.23123235956963,135.46394346536547,72.73197173268274,0.9003943219780922,0.9337995946407318,1.0,1.0,0.9958918213844299,0.9944369554519653
34.100000000338696,160.13304637596758,28.50414202645451,132.29370501426249,71.14804234259303,135.3582679478083,72.67913397390414,0.9002519860863686,0.9336409866809845,1.0,1.0,0.99602961987257,0.9948404222726821
34.12000000033652,160.16002019318782,28.526278549488435,132.17110890444914,71.08241899829949,135.25174629762725,72.62587314881362,0.9001144915819168,0.9334975600242614,1.0,1.0,0.9960990488529204,0.9952673628926276
34.14000000033434,160.18939064502152,28.54561695176187,132.05217607705185,71.03484421126365,135.14439533582586,72.57219766791293,0.9000051334500313,0.9333770841360092,1.0,1.0,0.9960953384637832,0.9956693142652511
34.16000000033216,160.22060419326283,28.561881165417955,131.94020067820887,71.00541452410897,135.0362320143654,72.5181160071827,0.8998682379722595,0.9332783877849579,1.0,1.0,0.9960177734494209,0.9961238905787467
34.18000000032998,160.2531359382437,28.57481522422369,131.838074050357,70.99393774974011,134.9272734134882,72.4636367067441,0.8997078329324723,0.9332039654254913,1.0,1.0,0.9958722859621048,0.9966137021780014
34.200000000327805,160.2865089763802,28.584617825715807,131.74821743083504,70.99872399719455,134.81753673902037,72.40876836951018,0.8995234578847885,0.9331563293933868,1.0,1.0,0.9956603690981864,0.9971299156546592
34.220000000325626,160.32031436924518,28.59181018342387,131.6725358062158,71.01695576469757,134.707039319655,72.3535196598275,0.8993171691894531,0.9331363826990128,1.0,1.0,0.9953898325562477,0.9976579934358596
34.24000000032345,160.35422062212655,28.597006498428723,131.61239262669497,71.04537460646685,134.59579860421545,72.29789930210772,0.8990923330187798,0.9331436604261398,1.0,1.0,0.9950731754302978,0.9981799423694611
34.26000000032127,160.387973816521,28.6007666204847,131.5686044624594,71.08076607804327,134.4838321589003,72.24191607945015,0.8988517388701439,0.9331766784191131,1.0,1.0,0.9947247073054313,0.9986782878637314
34.28000000031909,160.42140113174082,28.603557747692967,131.54145411752265,71.12014470194288,134.37115766450916,72.18557883225458,0.8986444175243378,0.9332337737083435,1.0,1.0,0.9943897262215614,0.9991228774189949
34.30000000031691,160.45441053472643,28.605755346686493,131.53072024538272,71.16081783033125,134.2577929136509,72.12889645682544,0.8984871327877044,0.9333128005266189,1.0,1.0,0.9940927788615226,0.9994999021291733
34.320000000314735,160.48698648540923,28.607659945911387,131.53572114872694,71.2003797217154,134.1437558079338,72.0718779039669,0.8983082696795464,0.9334102272987366,1.0,1.0,0.9938015446066856,0.9998296082019805
34.34000000031256,160.51918280787189,28.60951685560186,131.55537018332745,71.236699762624,134.02906435513881,72.01453217756941,0.8981067687273026,0.9335226476192474,1.0,1.0,0.9935283571481704,1.0
34.36000000031038,160.55111347403138,28.611531135741917,131.5882400260397,71.26792000234526,133.9137366663759,71.95686833318796,0.8979160904884338,0.9336789220571518,1.0,1.0,0.993245504796505,1.0
34.3800000003082,160.5829399580151,28.613874784676202,131.63263300680714,71.29247223482234,133.79779095322405,71.89889547661203,0.8977014422416687,0.9338465958833694,1.0,1.0,0.9929932698607444,1.0
34.40000000030602,160.61484974689802,28.616684788058596,131.6866547362143,71.30913290557599,133.6812455248554,71.8406227624277,0.8974592834711075,0.9340160399675369,1.0,1.0,0.9927847772836684,1.0
34.420000000303844,160.64703669087442,28.6200645479363,131.74828836384904,71.3170593639118,133.5641187851442,71.7820593925721,0.8972059577703476,0.9341852605342865,1.0,1.0,0.9926145151257515,1.0
34.440000000301666,160.67969694016907,28.62408472748694,131.81546697756076,71.31578825474583,133.44642922976033,71.72321461488016,0.8969526946544647,0.9343519687652587,1.0,1.0,0.9924766451120376,1.0
34.46000000029949,160.71302638396455,28.628751418833374,131.8861419222129,71.30532040981075,133.32819544324892,71.66409772162446,0.8966837987303734,0.9345093160867691,1.0,1.0,0.9923837289214134,1.0
34.48000000029731,160.74721317744627,28.634016346316336,131.9583451545543,71.28609429799938,133.2094360960955,71.60471804804774,0.896405179798603,0.9346537977457047,1.0,1.0,0.9923360034823417,1.0
34.50000000029513,160.7824363838843,28.639846253481387,132.03024410867218,71.25876442212075,133.09016994177762,71.54508497088881,0.8961202889680863,0.9347833931446076,1.0,1.0,0.9923292443156242,1.0
34.52000000029295,160.81886685739642,28.646261515876756,132.1001879203215,71.22404540766476,132.97041581380367,71.48520790690183,0.8958325237035751,0.9348966538906097,1.0,1.0,0.9923585787415504,1.0
34.540000000290775,160.85666554130253,28.653339389327122,132.16674424452052,71.18264565315731,132.85019262273866,71.42509631136933,0.8955450981855392,0.934992641210556,1.0,1.0,0.9924188524484634,1.0
34.560000000288596,160.89598085037687,28.661196407881214,132.22872627248918,71.13525810935204,132.72951935321814,71.36475967660907,0.895261213183403,0.9350708812475205,1.0,1.0,0.9925049155950546,1.0
34.58000000028642,160.93694888686835,28.669960595607773,132.28520989801302,71.08258804635102,132.60841506095025,71.30420753047513,0.8949839174747467,0.9351312935352325,1.0,1.0,0.9926118910312652,1.0
34.60000000028424,160.979692960861,28.679743608580544,132.33554130071684,71.02538846775292,132.48689886970664,71.24344943485332,0.8947155267000199,0.9351742267608643,1.0,1.0,0.9927354469895362,1.0
34.62000000028206,161.02432200530214,28.69061887534214,132.37933549687781,70.96448403129018,132.3649899683025,71.18249498415125,0.894457659125328,0.9352004677057266,1.0,1.0,0.9928714394569397,1.0
34.64000000027988,161.0709283260542,28.702608023772378,132.41646664599733,70.90077514113628,132.24270760756664,71.12135380378332,0.8942107170820236,0.9352112412452698,1.0,1.0,0.9930161535739899,1.0
34.660000000277705,161.1195850702489,28.715675576581525,132.44705109101685,70.83522513523391,132.12007109730132,71.06003554865066,0.8939539268612862,0.9352247595787048,1.0,1.0,0.9930622294545173,1.0
34.68000000027553,161.1703437568105,28.729730581190484,132.4714242517489,70.76883543980588,131.9970998032332,70.9985499016166,0.8937292605638504,0.9352079868316651,1.0,1.0,0.993221740424633,1.0
34.70000000027335,161.223232192855,28.74463326291158,132.49011258582357,70.70261365618963,131.87381314395506,70.93690657197753,0.8935075134038925,0.9351830601692199,1.0,1.0,0.9933734506368637,1.0
34.72000000027117,161.27825310342166,28.760204774940735,132.50380188117978,70.63753947558418,131.75023058785965,70.87511529392982,0.8932905942201614,0.9351504981517792,1.0,1.0,0.9935219332575798,1.0
34.74000000026899,161.33538371405635,28.776238405047987,132.51330315184168,70.57453237931311,131.62637165006515,70.81318582503258,0.8930765941739082,0.9351128578186035,1.0,1.0,0.9936632722616195,1.0
34.760000000266814,161.39457737910175,28.79251271189469,132.51951737810694,70.5144103401492,131.50225588933367,70.75112794466683,0.8928645253181458,0.9350725531578064,1.0,1.0,0.9937940746545791,1.0
34.780000000264636,161.45576761303695,28.808806156498672,132.52340026884778,70.45783590270698,131.3779029049826,70.6889514524913,0.8926540434360504,0.9350318998098374,1.0,1.0,0.9939109250903129,1.0
34.80000000026246,161.5188674397276,28.824899502553755,132.52592813367303,70.40535698840652,131.25333233378973,70.62666616689486,0.8924449875950813,0.9349930703639984,1.0,1.0,0.9940108776092529,1.0
34.82000000026028,161.58377313316743,28.84058321604851,132.52806583015942,70.35740884996474,131.1285638468923,70.56428192344615,0.8922374874353408,0.9349579870700836,1.0,1.0,0.9940913528203964,1.0
34.8400000002581,161.6503689552732,28.855664896611646,132.5307376076425,70.31430866372797,131.00361714668077,70.50180857334038,0.8920315653085709,0.9349284112453461,1.0,1.0,0.9941502943634987,1.0
34.86000000025592,161.71853190055282,28.869975208813127,132.53480151800338,70.27625507355151,130.8785119636875,70.43925598184374,0.8918271988630294,0.9349058002233505,1.0,1.0,0.9941860482096672,1.0
34.880000000253744,161.78813623695848,28.883372517145727,132.5410279036627,70.24333081905056,130.75326805347117,70.37663402673559,0.8916242584586144,0.9348913609981536,1.0,1.0,0.99419766664505,1.0
34.900000000251566,161.859057558614,28.8957462469299,132.5500823082439,70.21550772310701,130.62790519349707,70.31395259674854,0.8914234325289726,0.9348890095949173,1.0,1.0,0.9941586941480636,1.0
34.92000000024939,161.9311762254725,28.907019009530373,132.5625129914309,70.19265357255806,130.50244318001404,70.25122159000702,0.8912256017327308,0.9349012047052383,1.0,1.0,0.9940523490309715,1.0
34.94000000024721,162.00438012947242,28.917147529786504,132.57874307163186,70.17454050978178,130.37690182492835,70.18845091246418,0.891029366850853,0.9349239766597748,1.0,1.0,0.9939151093363762,1.0
34.96000000024503,162.0785668200288,28.926122461120446,132.59906717294766,70.16085464807517,130.25130095267536,70.12565047633768,0.8908338069915771,0.9349576473236084,1.0,1.0,0.9937479004263877,1.0
34.98000000024285,162.15364504211638,28.933967159709738,132.62365232083732,70.15120664713714,130.12566039708878,70.06283019854439,0.8906388595700264,0.935001814365387,1.0,1.0,0.9935528501868247,1.0
35.000000000240675,162.2295357149517,28.94073583575462,132.65254271724606,70.14513876080609,129.99999999826883,69.99999999913442,0.890444278717041,0.9350559055805207,1.0,1.0,0.9933325782418251,1.0
35.0200000002385,162.30617228158337,28.946512114347904,132.68566793313977,70.1421145374692,129.8743395994491,69.93716979972454,0.8902484506368636,0.9351210922002792,0.9998827159404754,1.0,0.9930755779147148,1.0
35.04000000023632,162.38350058972782,28.951406882659942,132.72285398568687,70.14150613981371,129.74869904386335,69.87434952193168,0.8900549158453941,0.935191884636879,0.9996325910091399,1.0,0.9928168430924416,1.0
35.06000000023414,162.46147872902665,28.955553483985334,132.7638367192734,70.14260822527028,129.62309817161173,69.81154908580586,0.8898610055446624,0.9352698385715484,0.9993744105100631,1.0,0.9925415500998497,1.0
35.08000000023196,162.54007674856464,28.959102126111883,132.8082768845296,70.14465892619641,129.49755681652798,69.74877840826399,0.8896670550107956,0.9353532463312149,0.9991112545132637,1.0,0.9922557160258293,1.0
35.100000000229784,162.61927608740015,28.96221403948316,132.85577630673396,70.14686143362256,129.3720948030474,69.6860474015237,0.8894729256629944,0.9354406595230103,0.9988453939557075,1.0,0.9919640615582466,1.0
35.120000000227606,162.69907198008215,28.965055800947322,132.90586832763051,70.14840332160789,129.2467319430763,69.62336597153815,0.8892782419919968,0.9355304688215256,0.9985791981220244,1.0,0.9916719153523444,1.0
35.14000000022543,162.77948687671608,28.967794058291993,132.95791546387517,70.14847231228934,129.1214880328635,69.56074401643176,0.8890827000141144,0.9356210649013519,0.998315018415451,1.0,0.9913845166563987,1.0
35.16000000022325,162.86057965614748,28.97058922763704,133.01103599942138,70.14628615876906,128.99638284987435,69.49819142493718,0.8888865321874618,0.9357108205556869,0.9980552643537521,1.0,0.9911065861582755,1.0
35.18000000022107,162.9424396559256,28.973590596523668,133.06415783156814,70.14111235677831,128.87143614966746,69.43571807483373,0.8886906951665878,0.9357979923486709,0.9978023052215576,1.0,0.9908418834209441,1.0
35.20000000021889,163.0251775204062,28.97693218982159,133.11609838555128,70.1322842692281,128.7466676627752,69.3733338313876,0.8884967178106308,0.9358809173107147,0.997558344900608,1.0,0.9905929431319236,1.0
35.220000000216714,163.10891661847887,28.980729292090615,133.16563915900446,70.1192158932995,128.62209709158805,69.31104854579402,0.8883064687252045,0.9359579235315323,0.9973254531621932,1.0,0.990361450612545,1.0
35.240000000214536,163.19378524988755,28.985075685452365,133.21159334483357,70.10141502966067,128.49774410724325,69.24887205362162,0.8881214767694473,0.9360274285078048,0.9971054047346115,1.0,0.9901488900184631,1.0
35.26000000021236,163.2799097179299,28.990041634794938,133.25286536898093,70.07849452002033,128.3736283465186,69.1868141732593,0.8879429042339325,0.9360879033803939,0.9968997105956077,1.0,0.9899565041065216,1.0
35.28000000021018,163.3674082228623,28.995672604643442,133.2885014931824,70.05018093764372,128.24976940873142,69.12488470436571,0.887771251797676,0.9361380249261856,0.99670951962471,1.0,0.9897855803370476,1.0
35.300000000208,163.45638550044995,29.00198864131212,133.31773083707412,70.01631996757979,128.12618685264388,69.06309342632194,0.8876063048839569,0.9361765950918197,0.9965356051921844,1.0,0.9896375447511673,1.0
35.32000000020582,163.54692817648296,29.00898439269051,133.33999637947716,69.97687783902778,128.00290019337422,69.00145009668711,0.8874469056725501,0.936202648282051,0.9963783204555511,1.0,0.9895142301917076,1.0
35.340000000203645,163.63910087489288,29.016629701036084,133.3549758057209,69.93193876980642,127.87992889931499,68.9399644496575,0.8872916147112846,0.9362155318260192,0.9962377190589904,1.0,0.98941740244627,1.0
35.36000000020147,163.73294321839643,29.024870709388537,133.36259226617273,69.8816990109266,127.75729238905919,68.8786461945296,0.8871386349201202,0.936215004324913,0.9961133003234863,1.0,0.9893484115600586,1.0
35.38000000019929,163.82846784247602,29.033631411699403,133.36301540641577,69.82645821888937,127.63501002833334,68.81750501416667,0.8869861558079719,0.9362011462450027,0.9960042595863342,1.0,0.9893083080649375,1.0
35.40000000019711,163.92565953562195,29.042815607063595,133.35665323383665,69.76660903730996,127.51310112693979,68.7565505634699,0.886832420527935,0.936174413561821,0.9959093987941742,1.0,0.9892975255846976,1.0
35.42000000019493,164.02447557966198,29.052309190836677,133.34413560470585,69.70262580930606,127.39158493570723,68.69579246785362,0.8866757392883301,0.9361355751752853,0.9958272248506546,1.0,0.9893160060048103,1.0
35.440000000192754,164.12484730600428,29.06198274724167,133.32629032415954,69.63505328744654,127.27048064345098,68.63524032172549,0.8865146279335022,0.9360857129096984,0.9957559809088706,1.0,0.9893631681799888,1.0
35.460000000190576,164.22668273090318,29.071694442402652,133.3041130615749,69.56449569966958,127.14980737394258,68.5749036869713,0.8863477185368538,0.9360260963439941,0.9956937044858932,1.0,0.9894378721714019,1.0
35.4800000001884,164.32987010726637,29.081293227975966,133.27873224479941,69.49160616214732,127.02958418289026,68.51479209144513,0.8861739516258239,0.9359582275152206,0.9956382721662521,1.0,0.9895384326577186,1.0
35.50000000018622,164.43428215434776,29.090622319310217,133.25137034398986,69.41707638435263,126.90983005492947,68.45491502746474,0.8859925001859664,0.935883742570877,0.9955875247716903,1.0,0.989662717282772,1.0
35.52000000018404,164.53978072536736,29.09952290546161,133.22330295258945,69.34162593524647,126.79056390062533,68.39528195031266,0.8858028456568717,0.935804384946823,0.9955391958355904,1.0,0.9898080348968505,1.0
35.54000000018186,164.64622168375698,29.107838019631412,133.19581710998725,69.26598938720755,126.6718045534861,68.33590227674304,0.8856048002839089,0.9357219338417053,0.995491050183773,1.0,0.9899711802601814,1.0
35.560000000179684,164.7534597694902,29.115416479012506,133.1701702712464,69.19090256657611,126.55357076698945,68.27678538349473,0.8853984490036965,0.9356381773948669,0.9954408526420593,1.0,0.9901484474539757,1.0
35.580000000177506,164.86135327136518,29.122116767425542,133.14755124772128,69.11708957324127,126.43588121162084,68.21794060581043,0.8851842790842056,0.9355548411607743,0.9953865557909012,1.0,0.9903358533978461,1.0
35.60000000017533,164.96976832928019,29.12781075492124,133.12904433113667,69.04525081705886,126.31875447192537,68.15937723596268,0.8849629789590835,0.9354736238718032,0.9953261256217956,1.0,0.9905289322137832,1.0
35.62000000017315,165.0785827259215,29.132387140945205,133.11559768770525,68.97605202023884,126.202209043573,68.1011045217865,0.8847357332706451,0.9353960454463959,0.9952578097581863,1.0,0.9907228916883468,1.0
35.64000000017097,165.18768906302478,29.135754521517033,133.10799683189083,68.91011408657918,126.08626333043792,68.04313166521895,0.8845038115978241,0.9353235006332398,0.9951800256967545,1.0,0.9909129217267036,1.0
35.66000000016879,165.2969972416269,29.137843994162687,133.10684383117774,68.84800852760733,125.9709356416923,67.98546782084614,0.8842688366770745,0.9352572053670883,0.9950914233922958,1.0,0.9910939171910286,1.0
35.680000000166615,165.40643620075616,29.13861124691445,133.1125426580956,68.79026561012213,125.8562441889151,67.92812209445755,0.884032543003559,0.9351981699466705,0.9949909031391143,1.0,0.9912608042359352,1.0
35.70000000016444,165.51595487448037,29.13803812632961,133.1252909572131,68.73736557797827,125.74220708321629,67.87110354160814,0.8838009119033813,0.935142719745636,0.9948804005980492,1.0,0.9914172753691672,1.0
35.72000000016226,165.62552237329902,29.136133743402628,133.14507815327255,68.68972529760543,125.62884233237678,67.8144211661884,0.8836040690541267,0.9350863128900527,0.9947984099388122,1.0,0.9915204599499702,1.0
35.74000000016008,165.73512735186932,29.132935222199112,133.17168978366064,68.64768568867619,125.5161678380049,67.75808391900246,0.8834154829382896,0.9350407868623734,0.994720885157585,1.0,0.9915882840752601,1.0
35.7600000001579,165.84477653292146,29.128508479688605,133.2047176580436,68.61150040222772,125.4042013927095,67.70210069635475,0.8832313761115074,0.9350060611963272,0.9946308344602585,1.0,0.9916203722357749,1.0
35.780000000155724,165.95449212454002,29.12295048941459,133.24357529175688,68.58132601219891,125.29296067729021,67.6464803386451,0.8830540463328361,0.9349825292825699,0.9945272341370582,1.0,0.9916102245450019,1.0
35.800000000153545,166.0643064020967,29.116402576216984,133.28751866911435,68.55721547937334,125.18246325794553,67.59123162897276,0.8828846514225006,0.9349701464176178,0.9944098383188247,1.0,0.9915547206997871,1.0
35.82000000015137,166.1742408145111,29.109049817049872,133.3356838066706,68.53911239506888,125.07272658349893,67.53636329174947,0.8827243000268936,0.93496875166893,0.994278597831726,1.0,0.9914513036608695,1.0
35.84000000014919,166.28436125626925,29.100847469690343,133.38715681685503,68.52682893830656,124.96376798264339,67.4818839913217,0.8825738683342933,0.9349778890609741,0.9941338121891021,1.0,0.9912985429167747,1.0
35.86000000014701,166.3947540521836,29.09191685809582,133.44101467074518,68.52004026736343,124.85560466120506,67.42780233060253,0.8824337676167487,0.9349969953298568,0.9939758837223053,1.0,0.9910960361361503,1.0
35.88000000014483,166.50547248949786,29.082398397918457,133.49633838460065,68.51828872140696,124.74825369942627,67.37412684971314,0.8823039576411247,0.9350252658128738,0.9938056975603103,1.0,0.9908452004194259,1.0
35.900000000142654,166.61654399088127,29.072455835954134,133.55222203878554,68.5209913139166,124.64173204926836,67.32086602463417,0.8821840226650238,0.9350617438554764,0.993624398112297,1.0,0.9905487447977066,1.0
35.920000000140476,166.72797369198358,29.0622583062148,133.60778258416855,68.52745261421786,124.53605653173467,67.26802826586734,0.8820732563734054,0.9351052582263947,0.9934334874153137,1.0,0.9902107909321785,1.0
35.9400000001383,166.8396543356538,29.05197941142589,133.66217012772938,68.53687969194388,124.43124383421448,67.21562191710724,0.8819705948233604,0.9351545393466949,0.9932347178459167,1.0,0.9898367524147034,1.0
35.96000000013612,166.95200565358843,29.04179753290164,133.71457833274997,68.54839272069565,124.32731050784776,67.16365525392388,0.8818750768899918,0.9352082282304763,0.9930301100015639,1.0,0.9894328072667121,1.0
35.98000000013394,167.06499128432486,29.0318556857957,133.76425466796678,68.56102207474135,124.22427296491155,67.11213648245577,0.8817855581641197,0.93526471555233,0.9928217738866806,1.0,0.9890058442950248,1.0
36.00000000013176,167.1785274616739,29.022298154321042,133.81051081336173,68.57372279089097,124.12214747622833,67.06107373811416,0.8817009165883064,0.9353224188089371,0.9926120474934578,1.0,0.9885635614395141,1.0
36.020000000129585,167.29260007576127,29.01326568329152,133.8527324972231,68.5853962403039,124.02095016859664,67.01047508429832,0.8816200345754623,0.9353796035051346,0.9924035012722014,1.0,0.9881143808364867,1.0
36.04000000012741,167.40721428561324,29.00488652430496,133.8903885823709,68.59491420106251,123.92069702224447,66.96034851112223,0.8815429702401161,0.9354327738285064,0.9922031939029693,1.0,0.9876776412129402,1.0
36.06000000012523,167.52237906439467,28.997271712861927,133.92303938659978,68.60114488293034,123.8214038683058,66.9107019341529,0.8814658790826797,0.9354835569858551,0.9920045316219329,1.0,0.9872406736016273,1.0
36.08000000012305,167.63810208896697,28.99051193413422,133.95034411847962,68.60298011482548,123.72308638632066,66.86154319316033,0.8813893869519234,0.9355278939008712,0.9918155789375305,1.0,0.9868251368403435,1.0
36.10000000012087,167.75438742877023,28.9846752168624,133.97206719295477,68.599362946004,123.6257601017592,66.8128800508796,0.8813119202852249,0.9355641037225723,0.9916383922100067,1.0,0.9864392697811126,1.0
36.120000000118694,167.87123338353345,28.979805380050543,133.98808338041144,68.5893151171707,123.52944038356998,66.76472019178499,0.8812335819005966,0.9355914801359176,0.9914667800068855,1.0,0.9860895544290542,1.0
36.140000000116515,167.98862819969335,28.97592123631262,133.99838308765732,68.57196576947,123.4341424417531,66.71707122087655,0.8811524182558059,0.9356071710586548,0.9913097098469734,1.0,0.9857870504260062,1.0
36.16000000011434,168.10653556575718,28.973017517253588,134.00307809790033,68.54658152917112,123.33988132495824,66.66994066247912,0.8810663416981697,0.9356086999177933,0.9911758095026015,1.0,0.9855414852499962,1.0
36.18000000011216,168.22482773048574,28.97107541287801,134.00239745818564,68.51258292049069,123.24667191810852,66.62333595905426,0.8809742167592048,0.9355945378541947,0.99106687605381,1.0,0.9853598192334174,1.0
36.20000000010998,168.34389176110042,28.970014817471746,133.99668629399721,68.46956483493429,123.15452894004974,66.57726447002487,0.8808751538395881,0.935563451051712,0.990984433889389,1.0,0.9852481007575988,1.0
36.2200000001078,168.4636659057093,28.96970255989536,133.98640180981457,68.41731529646273,123.06346694122632,66.53173347061316,0.8807683706283569,0.9355143040418624,0.990929439663887,1.0,0.9852111130952834,1.0
36.240000000105624,168.58402399883073,28.970007745135344,133.9721005475484,68.35582953099507,122.97350030138348,66.48675015069173,0.8806532546877861,0.935446435213089,0.9909022599458694,1.0,0.9852520704269409,1.0
36.260000000103446,168.7048923680944,28.97078720854744,133.95443320512297,68.28532220987884,122.88464322729658,66.44232161364829,0.8805301547050476,0.9353602647781372,0.9908974409103393,1.0,0.9853709504008292,1.0
36.28000000010127,168.8262112150672,28.971881048213415,133.9341469769217,68.2062368362275,122.79690975052767,66.39845487526384,0.880400013923645,0.9352568745613098,0.9909060955047607,1.0,0.9855654373764992,1.0
36.30000000009909,168.94791927264362,28.973112536125154,133.91208550389686,68.11924990797304,122.71031372520979,66.3551568626049,0.8802616611123085,0.9351353079080581,0.9909371823072433,1.0,0.9858372032642364,1.0
36.32000000009691,169.06994765647272,28.974290093420247,133.88918433800885,68.02526913411026,122.62486882585915,66.31243441292958,0.8801151141524315,0.9349964767694473,0.9909888863563537,1.0,0.9861821889877319,1.0
36.34000000009473,169.1922175149182,28.97521032653862,133.86646182817336,67.92542409534006,122.54058854521591,66.27029427260796,0.8799607351422309,0.9348415791988373,0.9910592317581176,1.0,0.9865953162312507,1.0
36.360000000092555,169.31463960882039,28.97566185282694,133.8450037965366,67.82104456713603,122.45748619211335,66.22874309605668,0.8797977775335312,0.93467398583889,0.9911411643028258,1.0,0.9870589002966881,1.0
36.38000000009038,169.43711570773695,28.975430001408323,133.8259357457745,67.71363318414521,122.3755748893764,66.1877874446882,0.8796293571591377,0.9344921141862869,0.991241067647934,1.0,0.9875869199633598,1.0
36.4000000000882,169.5595410961792,28.97430204577828,133.81038665845242,67.60484979398151,122.2948675717493,66.14743378587464,0.879454530775547,0.9343005686998367,0.9913498938083648,1.0,0.9881562367081642,1.0
36.42000000008602,169.68180600955475,28.9720720523681,133.7994643569109,67.49648103440506,122.21537698385306,66.10768849192652,0.8792745187878609,0.9341019243001938,0.9914642050862312,1.0,0.9887560993432998,1.0
36.44000000008384,169.80379707106007,28.96854579956227,133.79423249759856,67.39040099899671,122.13711567817303,66.06855783908651,0.8790905013680458,0.933899337053299,0.9915797904133796,1.0,0.9893735080957412,1.0
36.46000000008166,169.9253992076499,28.963546080403287,133.79568495452673,67.28852571677903,122.06009601307659,66.0300480065383,0.8789038598537445,0.9336962670087814,0.9916920453310012,1.0,0.9899939611554145,1.0
36.480000000079485,170.04649803155897,28.956918677272718,133.80471763415048,67.19276187376511,121.9843301508617,65.99216507543085,0.878716167807579,0.9334962993860244,0.9917963743209839,1.0,0.9906025677919388,1.0
36.50000000007731,170.16698074195293,28.948539420399417,133.82210966558156,67.10496617621618,121.90983005583631,65.95491502791815,0.8785292491316795,0.9333031266927719,0.9918881013989448,1.0,0.9911837264895439,1.0
36.52000000007513,170.2867351894574,28.938327786544907,133.84849996082113,67.02689719571686,121.83660749242904,65.91830374621452,0.8783448070287704,0.9331204503774643,0.9919626846909523,1.0,0.9917221441864967,1.0
36.54000000007295,170.40566111924485,28.926171541435338,133.88436393563597,66.96016623478792,121.7646740233315,65.88233701166574,0.878164692223072,0.9329519271850586,0.9920157343149185,1.0,0.992202652990818,1.0
36.56000000007077,170.523674281886,28.912059247498348,133.92999253576215,66.90619055537017,121.6940410076723,65.84702050383615,0.8779906436800956,0.9328009992837906,0.9920432984828949,1.0,0.9926112249493598,1.0
36.580000000068594,170.64069880482594,28.895959475321227,133.98547403183238,66.86615001033984,121.62471959922344,65.81235979961173,0.8778243914246558,0.9326708137989044,0.9920418590307235,1.0,0.9929347440600395,1.0
36.600000000066416,170.7566709260865,28.877966078768097,134.05067945769872,66.84094865144765,121.55672074463891,65.77836037231945,0.8776675179600716,0.9325641602277756,0.9920085281133652,1.0,0.9931619539856911,1.0
36.62000000006424,170.87157323603523,28.85805040277194,134.12525235465267,66.83118250723928,121.4900551817261,65.74502759086306,0.8775215744972229,0.9324833631515502,0.9919411242008209,1.0,0.9932831987738608,1.0
36.64000000006206,170.98541478354645,28.836302547619862,134.20860344111742,66.83711473938945,121.42473343775023,65.71236671887512,0.8773877903819084,0.9324302911758423,0.9918381005525588,1.0,0.9932909592986107,1.0
36.66000000005988,171.09820681227242,28.812892389447974,134.29991069599635,66.85865890498364,121.36076582777189,65.68038291388595,0.877267363667488,0.9324061244726181,0.9916989296674728,1.0,0.9931801572442054,1.0
36.6800000000577,171.20997548233026,28.788029558841913,134.39812527197617,66.89537094426892,121.29816245301821,65.6490812265091,0.8771612554788589,0.9324114173650742,0.9915239334106445,1.0,0.9929483249783515,1.0
36.700000000055525,171.32076673802064,28.76196165576304,134.50198371405597,66.94644994432069,121.2369331992878,65.61846659964391,0.8770701140165329,0.9324460089206695,0.9913142919540405,1.0,0.9925955697894095,1.0
36.720000000053346,171.43064775267484,28.73497103275038,134.6100272457865,67.01074759753116,121.17708773538962,65.58854386769481,0.8769944757223129,0.9325090497732162,0.9910721510648727,1.0,0.9921248421072959,1.0
36.74000000005117,171.5397067999168,28.70737041874582,134.7206268326433,67.08678572465396,121.11863551161616,65.55931775580808,0.8769344344735145,0.9325988769531249,0.9908005058765411,1.0,0.9915420606732368,1.0
36.76000000004899,171.6480522531866,28.679497544193257,134.83201324761404,67.17278388775124,121.06158575825116,65.53079287912558,0.8768921047449112,0.9327159106731414,0.9904837816953659,1.0,0.9908497288823127,1.0
36.78000000004681,171.7558109142164,28.651708846363498,134.94231181696085,67.26669739656471,121.00594748411201,65.502973742056,0.8768691807985306,0.9328593373298645,0.9901099354028702,1.0,0.9900544673204421,1.0
36.80000000004463,171.8631257763962,28.624372381739192,135.04958117488863,67.3662429661812,120.95172947512717,65.47586473756358,0.8768608346581459,0.9330204218626023,0.9897204026579857,1.0,0.9891822353005408,1.0
36.820000000042455,171.97015329181377,28.597860075267842,135.15185520526364,67.46893722944087,120.89894029294877,65.44947014647438,0.8768655866384506,0.9331952393054962,0.9893209278583526,1.0,0.9882477715611457,1.0
36.84000000004028,172.07706016891387,28.572539450954903,135.24718736886186,67.57214238572784,120.84758827360064,65.42379413680031,0.87688197940588,0.9333789706230163,0.9889186412096023,1.0,0.9872697666287422,1.0
36.8600000000381,172.1840204609017,28.54876528214808,135.33369008666773,67.67311406902935,120.79768152616191,65.39884076308095,0.8769083276391029,0.9335664570331573,0.9885208070278168,1.0,0.9862682834267615,1.0
36.88000000003592,172.2912153114486,28.526872300295324,135.40954683200394,67.76904738804423,120.74922793148653,65.37461396574326,0.8769427493214607,0.9337522715330123,0.9881348460912704,1.0,0.9852646499872207,1.0
36.90000000003374,172.39883298621712,28.50716806594456,135.47301833269228,67.857124555303,120.70223514095883,65.35111757047942,0.8769831970334053,0.9339308977127075,0.9877679467201232,1.0,0.9842805474996567,1.0
36.920000000031564,172.50706312784536,28.489923907819726,135.52249901898978,67.93457270764871,120.65671057528515,65.32835528764258,0.8770277932286262,0.9340965867042541,0.9874273866415023,1.0,0.983338189125061,1.0
36.940000000029386,172.61608984775168,28.47536649645678,135.55658202287336,67.9987239497535,120.61266142332215,65.30633071166108,0.8770746201276779,0.9342436969280242,0.9871199965476989,1.0,0.9824590995907783,1.0
36.96000000002721,172.7260848416627,28.46367171951172,135.57411934270186,68.04707618965129,120.57009464094158,65.2850473204708,0.877121688425541,0.934366649389267,0.9868522763252258,1.0,0.9816644147038459,1.0
36.98000000002503,172.8371997514466,28.454968111801048,135.5742759260141,68.07735437949232,120.5290169499318,65.26450847496591,0.8771679922938347,0.9344579607248306,0.986636421084404,1.0,0.9809871569275855,1.0
37.00000000002285,172.94955073894673,28.449327683539927,135.5565763135706,68.08757133842695,120.48943483693643,65.24471741846821,0.877208699285984,0.9345173358917236,0.9864647328853606,1.0,0.9804192885756492,1.0
37.02000000002067,173.06325106733848,28.446580397302448,135.52094253767442,68.07608695571213,120.45135455242995,65.22567727621497,0.8772429466247559,0.9345375686883927,0.9863493666052818,1.0,0.97999350130558,1.0
37.040000000018495,173.17839715066336,28.44662700689566,135.46772258337285,68.04166457900949,120.41478210973071,65.20739105486535,0.877267636358738,0.934515118598938,0.9862933665513992,1.0,0.9797240734100341,1.0
37.060000000016316,173.2950258806793,28.44929041169392,135.39770859410132,67.98352282330221,120.3797232840514,65.18986164202569,0.8772799745202065,0.9344468116760254,0.9862997323274612,1.0,0.9796246349811554,1.0
37.08000000001414,173.41312381943865,28.454318457465302,135.31214659752516,67.90138381284116,120.34618361158698,65.17309180579349,0.8772771045565605,0.9343303233385086,0.98637036383152,1.0,0.9797062948346138,1.0
37.10000000001196,173.53262817714082,28.46138699138204,135.21273821427306,67.79551710690728,120.31416838864054,65.15708419432028,0.8772563219070434,0.9341642588376998,0.9865061104297638,1.0,0.9799774214625359,1.0
37.12000000000978,173.6534278315527,28.47010571974332,135.10161631181157,67.66675758998336,120.28368267078693,65.14184133539347,0.8772152170538902,0.9339482963085174,0.9867064893245696,1.0,0.9804428115487098,1.0
37.1400000000076,173.775363386272,28.480024720330647,134.98131739831777,67.51652104050436,120.25473127207441,65.1273656360372,0.8771517559885978,0.9336832851171494,0.9869696229696273,1.0,0.9811034485697746,1.0
37.160000000005425,173.89822790803927,28.490642307807043,134.85474483661196,67.3468093186638,120.22731876426441,65.11365938213221,0.877064387500286,0.9333711564540863,0.9872923016548156,1.0,0.9819564133882522,1.0
37.18000000000325,174.0217687682341,28.501414329561516,134.72512222175519,67.16019887413081,120.20144947610973,65.10072473805486,0.8769522264599799,0.9330150842666626,0.987669688463211,1.0,0.9829938203096389,1.0
37.20000000000107,174.14569061393118,28.511764717538277,134.59593906650164,66.95981033455698,120.17712749267082,65.08856374633541,0.8768148973584174,0.9326193779706955,0.9880955517292023,1.0,0.9842033892869949,1.0
37.21999999999889,174.26966023863798,28.521097131531498,134.47088453592957,66.74927901405226,120.15435665467083,65.07717832733542,0.8766530036926269,0.9321925938129425,0.9885479822754859,1.0,0.9855542346835136,1.0
37.23999999999671,174.39331357260804,28.528807544234752,134.3537650155618,66.53270109478501,120.13314055788906,65.06657027894454,0.8764771983027458,0.931746569275856,0.9889639034867286,1.0,0.9870254397392273,1.0
37.259999999994534,174.5162629946916,28.534297609912993,134.24841985374593,66.31455977315666,120.11348255259313,65.05674127629656,0.8762797117233276,0.9312803387641907,0.9893999457359314,1.0,0.9886024311184882,1.0
37.279999999992356,174.63810527062228,28.5369886024644,134.1586329144443,66.09963468978172,120.09538574300993,65.04769287150496,0.876062260568142,0.9308027356863021,0.9898448705673217,1.0,0.9902510240674018,1.0
37.29999999999018,174.75843016624486,28.536335749447126,134.08803956783967,65.89289530070428,120.07885298683551,65.03942649341775,0.8758277282118797,0.9303227633237838,0.9902876943349838,1.0,0.9919357374310493,1.0
37.319999999988,174.87683010713047,28.53184315122544,134.04002599055553,65.69937765107208,120.0638868947837,65.03194344739185,0.8755795255303382,0.9298500865697861,0.9907165706157683,1.0,0.9936177507042885,1.0
37.33999999998582,174.992914032441,28.52308075018713,134.0175909186151,65.52404150893655,120.05048983017396,65.02524491508699,0.8753216311335563,0.929394719004631,0.9911192774772644,1.0,0.9952564731240272,1.0
37.35999999998364,175.10632452702987,28.509703865605278,134.02316950517567,65.37162498231301,120.03866390855806,65.01933195427904,0.8750586360692978,0.9289667010307312,0.9914836287498474,1.0,0.9968108311295509,1.0
37.379999999981464,175.21673816267847,28.491487041681676,134.05856312517943,65.24650781688243,120.02841099738613,65.01420549869307,0.874795712530613,0.9285759657621383,0.9917976662516593,1.0,0.9982399210333823,1.0
37.399999999979286,175.32388297185858,28.468259981324195,134.1249015527382,65.15257782919684,120.01973271571171,65.00986635785586,0.8745386183261871,0.9282318562269211,0.9920503258705139,1.0,0.9995048329234123,0.9999135971069335
37.41999999997711,175.4275916450218,28.439833484009416,134.22261319464127,65.09310567174983,120.01263043393605,65.00631521696802,0.8742931470274925,0.9279430449008942,0.9922315448522567,1.0,1.0,0.9998396083712577
37.43999999997493,175.52772678489902,28.406261323811393,134.35140523971597,65.07063441021315,120.00710527359179,65.00355263679589,0.8740649446845055,0.9277171045541763,0.992332825064659,1.0,1.0,0.9998890101909637
37.45999999997275,175.62418902923883,28.367715139583456,134.5102553194113,65.08688968296299,120.0031581071658,65.0015790535829,0.873859241604805,0.9275603115558624,0.9923476219177245,1.0,1.0,1.0
37.47999999997057,175.7168953469816,28.32449009020562,134.69741613731992,65.14271510396613,120.00078955796141,65.0003947789807,0.8736469894647598,0.9274729967117309,0.9922349870204925,1.0,1.0,1.0
37.499999999968395,175.8057126712315,28.277014544275644,134.910434108275,65.23805648421147,120.0,65.0,0.873437638580799,0.9274573415517807,0.991998966038227,1.0,1.0,1.0
37.51999999996622,175.89153755435177,28.22579570916753,135.14618280271682,65.37192930159313,120.00078955796192,65.00039477898096,0.8732878640294075,0.9275219917297363,0.9916990503668784,1.0,1.0,1.0
37.53999999996404,175.97426042060675,28.17148872345916,135.40091198581396,65.54204992071931,120.00315810716683,65.00157905358341,0.873219583928585,0.9276757806539535,0.9913405418395995,1.0,1.0,1.0
37.55999999996186,176.05398657445087,28.114684678655344,135.67031214295932,65.7446883701092,120.00710527359333,65.00355263679667,0.8732532545924186,0.9279222846031189,0.9909359842538833,1.0,1.0,1.0
37.57999999995968,176.13104076799792,28.05615816846024,135.94957951657813,65.97505393717493,120.0126304339381,65.00631521696906,0.8733332738280296,0.9282378822565078,0.9904801249504089,1.0,0.9988681569695472,1.0
37.599999999957504,176.20581994537403,27.996834966162872,136.23345175811014,66.22786333051522,120.01973271571427,65.00986635785713,0.8734393060207367,0.9286101460456848,0.9899633303284645,1.0,0.997378359735012,1.0
37.619999999955326,176.27877835138537,27.937660788998496,136.5162941387627,66.49769352564961,120.02841099738922,65.01420549869461,0.8735229641199111,0.9290265768766403,0.9893145084381103,1.0,0.9956510618329047,1.0
37.63999999995315,176.35041287436806,27.87959603057212,136.79227746975664,66.77923029443599,120.03866390856165,65.01933195428083,0.8736437529325485,0.929489016532898,0.9885568514466285,1.0,0.9937447175383567,1.0
37.65999999995097,176.421238848834,27.823613003334472,137.05557174674917,67.06745933779014,120.05048983017807,65.02524491508903,0.8737874746322631,0.9299769192934036,0.9877854257822036,1.0,0.9917176648974418,1.0
37.67999999994879,176.49176663125652,27.770691805075874,137.30053208457474,67.35764484206038,120.06388689478831,65.03194344739416,0.8739499181509017,0.930480021238327,0.987012131512165,1.0,0.9896054342389107,1.0
37.69999999994661,176.5624870911641,27.721817428044695,137.52184778605675,67.64481080836906,120.07885298684063,65.03942649342031,0.8741265326738358,0.9309876292943954,0.9862487792968749,1.0,0.9874464347958565,1.0
37.719999999944434,176.6338885141456,27.677877349931038,137.71462143288042,67.92362498135354,120.09538574301556,65.04769287150778,0.8743767380714417,0.9314671814441681,0.9855944499373436,1.0,0.9853492468595504,1.0
37.739999999942256,176.7064971142193,27.639630939179074,137.87433689871858,68.18848386644126,120.11348255259925,65.05674127629963,0.8746841013431549,0.9319468051195144,0.9849757626652718,1.0,0.9831830590963363,1.0
37.75999999994008,176.78083293972674,27.60782824918993,137.9968707997168,68.43364120348232,120.1331405578957,65.06657027894785,0.8750645816326141,0.9324842929840088,0.9844519048929214,1.0,0.9810834482312202,1.0
37.7799999999379,176.85740225794285,27.583096890119034,138.0786348357995,68.65335819417642,120.15435665467798,65.07717832733898,0.8754512757062912,0.9329823523759841,0.9839778780937194,1.0,0.9790870532393455,1.0
37.79999999993572,176.93668498321517,27.56591820192218,138.1167254751316,68.84205537343554,120.17712749267847,65.08856374633923,0.8758408889174462,0.9334281176328659,0.9835688859224319,1.0,0.9772442772984504,1.0
37.81999999993354,177.019111008227,27.556605175858493,138.10908041574714,68.9944744588178,120.20144947611787,65.10072473805894,0.8762260854244232,0.933817458152771,0.9832213521003723,1.0,0.9755660414695739,1.0
37.839999999931365,177.10502304128713,27.55528202432505,138.05469343963895,69.10584949233203,120.22731876427306,65.11365938213653,0.8766045227646827,0.9341365784406662,0.9829545438289642,1.0,0.9741065174341201,1.0
37.85999999992919,177.19465572361597,27.56189235763605,137.95369569507315,69.1719769765834,120.25473127208355,65.12736563604177,0.8769685879349708,0.93437679708004,0.9827773571014404,1.0,0.9729000598192215,1.0
37.87999999992701,177.2881174320409,27.57622943047354,137.8074205735644,69.18933324754313,120.28368267079658,65.1418413353983,0.8773091301321984,0.9345293253660202,0.9826995104551315,1.0,0.9719825074076652,1.0
37.89999999992483,177.38539299028096,27.597933069331077,137.61836330739578,69.15520548481312,120.31416838865069,65.15708419432535,0.8776154071092606,0.9345864921808242,0.9827298015356063,1.0,0.9713877275586128,1.0
37.91999999992265,177.48635140068484,27.62648312874607,137.3901025443156,69.06781701216265,120.34618361159761,65.1730918057988,0.8778729617595672,0.9345472246408463,0.982863800227642,1.0,0.9711240485310554,1.0
37.939999999920474,177.59075552821983,27.6612009613058,137.12719390843483,68.92642491138203,120.37972328406252,65.18986164203126,0.8780799031257629,0.9343936145305634,0.9831372961401939,1.0,0.9712746188044548,1.0
37.959999999918296,177.69826992656516,27.70125491212155,136.8350675929132,68.73141416290613,120.41478210974233,65.20739105487117,0.878221295773983,0.9341313034296036,0.9835360378026962,1.0,0.9718279629945754,1.0
37.97999999991612,177.80846857044685,27.745670569131683,136.5199230792814,68.48437662048948,120.45135455244206,65.22567727622103,0.8782918199896812,0.9337585300207137,0.9840652555227279,1.0,0.9728067591786385,1.0
37.99999999991394,177.92084300521472,27.793345392761676,136.188620680222,68.1881696300452,120.48943483694904,65.24471741847452,0.8782869920134544,0.9332771360874176,0.9847249001264572,1.0,0.9742227509617805,1.0
38.01999999991176,178.03481159807544,27.843067616103287,135.84856726652947,67.8469459594513,120.5290169499449,65.26450847497244,0.8782050192356109,0.9326913505792618,0.9855122938752174,1.0,0.9760797291994094,1.0
38.03999999990958,178.1497404969588,27.893500233613885,135.50759296313888,67.4661455877841,120.57009464095515,65.28504732047757,0.8780463173985481,0.9320079952478408,0.9864211693406104,1.0,0.9783707067370414,1.0
38.059999999907404,178.26494490318748,27.94325351070543,135.17385067221025,67.0524858078848,120.61266142333622,65.30633071166811,0.8778132557868957,0.93123639523983,0.9874415621161461,1.0,0.9810757637023926,0.9991814702749252
38.079999999905226,178.37968342019488,27.990942062325555,134.85569022159606,66.6139271050441,120.65671057529968,65.32835528764984,0.8775227412581443,0.9304032295942306,0.9884560137987136,1.0,0.9841258600354195,0.997528201341629
38.09999999990305,178.4931720037837,28.035172593555032,134.5615222915058,66.15958031327828,120.70223514097385,65.35111757048692,0.877183647453785,0.9295190125703812,0.9894501566886902,1.0,0.9874850675463676,0.9959353268146515
38.11999999990087,178.6046069742341,28.074557966323184,134.29967268607746,65.69956485525317,120.74922793150203,65.37461396575101,0.876786233484745,0.9285920947790146,0.9904881313443183,1.0,0.9910874351859092,0.9943920195102691
38.13999999989869,178.7131764011649,28.107756359030045,134.07822450739278,65.24481778762433,120.79768152617788,65.39884076308894,0.8763408035039901,0.9276368260383606,0.9915567994117737,1.0,0.994866032898426,0.9929159864783287
38.15999999989651,178.81807324842185,28.13359757303984,133.9048473372771,64.80657867446352,120.84758827361706,65.42379413680854,0.8758632585406303,0.926714065670967,0.9925151035189628,1.0,0.998396834731102,0.9917454212903976
38.179999999894335,178.91852134137739,28.151280775930278,133.786573673057,64.39557616963133,120.89894029296568,65.44947014648284,0.8753756731748581,0.9258709043264389,0.9932560458779335,1.0,1.0,0.9910309344530105
38.19999999989216,179.01381503010802,28.159887701468378,133.7294298804364,64.02312407878367,120.95172947514453,65.47586473757227,0.8749001577496528,0.9250413507223129,0.9940144047141075,1.0,1.0,0.9903963238000869
38.21999999988998,179.10334402792282,28.15835653312012,133.7381288380378,63.70093104538714,121.00594748412983,65.50297374206492,0.8744306236505508,0.9242567285895348,0.9947426021099091,1.0,1.0,0.9899102985858916
38.2399999998878,179.1865952006244,28.14559767152292,133.81594667031965,63.44047183705617,121.06158575826944,65.53079287913472,0.8739622205495834,0.9235455945134162,0.9953889161348343,1.0,1.0,0.9896015897393227
38.25999999988562,179.26314962871513,28.12062215309601,133.96461815051643,63.25231742739887,121.11863551163492,65.55931775581746,0.8734114959836006,0.9229162275791168,0.9958222448825835,1.0,1.0,0.9896389126777648
38.279999999883444,179.3327176025338,28.082611126527144,134.18407724798953,63.14507176966093,121.17708773540882,65.5885438677044,0.8727191731333732,0.9223751902580261,0.9959298104047775,1.0,1.0,0.9901548534631729
38.299999999881265,179.39519132785603,28.031006218097648,134.47223889568002,63.123761242403326,121.23693319930746,65.61846659965373,0.8721932768821716,0.9219998821616172,0.9959896147251128,1.0,1.0,0.9906160682439804
38.31999999987909,179.45057307318262,27.9657076632567,134.82519148412268,63.18913277616188,121.2981624530383,65.64908122651916,0.8721088632941246,0.9218601033091545,0.996027460694313,1.0,1.0,0.9905557811260223
38.33999999987691,179.4989600287175,27.887012722622135,135.23742874996861,63.33823217321836,121.36076582779242,65.68038291389621,0.8721317648887634,0.9219187140464783,0.9959484785795212,1.0,1.0,0.9907302498817443
38.35999999987473,179.5405416431698,27.79565352197004,135.70199462389903,63.56518730723607,121.42473343777121,65.7123667188856,0.872193044424057,0.922131198644638,0.9957689225673675,1.0,1.0,0.9911030948162078
38.37999999987255,179.57565523396477,27.692553544106154,136.21047596800582,63.86189162890391,121.49005518174754,65.74502759087376,0.8722978919744492,0.9224905163049698,0.9955085873603821,1.0,1.0,0.9916327863931655
38.399999999870374,179.60486022288669,27.57946351566545,136.75301785475526,64.21775311510834,121.55672074466077,65.77836037233038,0.872448082268238,0.9229859605431556,0.9951869636774062,1.0,1.0,0.9922773078083992
38.419999999868196,179.62879992413457,27.459105888100055,137.31875581489825,64.61958284669566,121.62471959924574,65.81235979962287,0.8726429849863052,0.9236015900969505,0.9948247224092484,1.0,1.0,0.9929921299219131
38.43999999986602,179.64811139698685,27.334562390597796,137.8963124258477,65.05388673562231,121.69404100769502,65.8470205038475,0.8729137808084487,0.9242784902453423,0.9942857414484023,1.0,1.0,0.9935639321804046
38.45999999986384,179.66344587786736,27.20879464209599,138.47414193779886,65.50789501125982,121.76467402335463,65.88233701167732,0.8731929004192353,0.9250114798545838,0.9936293154954909,1.0,1.0,0.9941270351409912
38.47999999986166,179.67545844331036,27.0847196203425,139.04085164444768,65.9700383330802,121.8366074924526,65.9183037462263,0.8735171750187873,0.925786629319191,0.992963832616806,1.0,1.0,0.994589626789093
38.49999999985948,179.68509836372334,26.964925906116232,139.58552010962774,66.43024493191915,121.90983005586028,65.95491502793014,0.8738750621676444,0.9265996068716049,0.9922569721937179,1.0,1.0,0.9950446993112564
38.519999999857305,179.69351593969594,26.851825003224242,140.09799998460798,66.88009405603545,121.9843301508861,65.99216507544304,0.874277214705944,0.9274576812982559,0.9914440840482711,1.0,1.0,0.9958079308271408
38.53999999985513,179.7011890767957,26.747701217711963,140.56914485284003,67.31291472329414,122.06009601310139,66.0300480065507,0.8744742542505264,0.9282647579908371,0.9906621664762496,1.0,0.9996362075209617,0.9966623127460479
38.55999999985295,179.70926909767815,26.65446521918474,140.99083526690367,67.7238981215457,122.13711567819823,66.06855783909911,0.874708303809166,0.9290330678224563,0.9898728728294373,1.0,0.997163899242878,0.9974883258342743
38.57999999985077,179.71833243152597,26.573604647540606,141.35605262816458,68.10990780455771,122.21537698387867,66.10768849193933,0.8749627381563186,0.929753902554512,0.9890867620706558,1.0,0.9947646275162696,0.9983200341463089
38.59999999984859,179.72891319167124,26.50626076658334,141.6590546495116,68.46924585754404,122.29486757177528,66.14743378588764,0.8752212941646575,0.9304061889648437,0.9883857399225234,1.0,0.9924852147698402,0.9991100788116455
38.619999999846414,179.74159043119488,26.453330637772257,141.89544600276648,68.80119660243804,122.3755748894028,66.1877874447014,0.8756280869245529,0.9309977769851684,0.987867733836174,1.0,0.9902903810143471,0.9996264979243278
38.639999999844235,179.75693206009913,26.41563542899589,142.06214478073687,69.10534600014263,122.45748619214014,66.22874309607008,0.8761836215853691,0.9315597712993622,0.9874331891536712,1.0,0.9879846423864365,0.9999694854021072
38.65999999984206,179.77550308778575,26.393646676899344,142.1574546525528,69.38097649264118,122.54058854524308,66.27029427262154,0.8767315119504928,0.9320652425289154,0.9869987338781356,1.0,0.9857008308172226,1.0
38.67999999983988,179.79788432052453,26.387674188572017,142.18106364548404,69.62615647568231,122.62486882588671,66.31243441294336,0.877263680100441,0.9324946194887161,0.9865960270166396,1.0,0.9835475578904151,1.0
38.6999999998377,179.82458170293748,26.397736864065678,142.13401904650854,69.83797846955952,122.71031372523771,66.35515686261886,0.8777813732624054,0.9328492254018783,0.9862217783927917,1.0,0.9815275728702545,1.0
38.71999999983552,179.85599196433887,26.42347908010143,142.01880282312817,70.01316022571986,122.79690975055598,66.39845487527799,0.8782879441976547,0.933128523826599,0.9858822688460349,1.0,0.9796584129333495,1.0
38.739999999833344,179.89235014660184,26.463993941396193,141.83945511226324,70.14864043119755,122.88464322732526,66.44232161366263,0.8787886276841164,0.9333281695842742,0.9855961710214615,1.0,0.9779793724417686,1.0
38.759999999831166,179.93374531950138,26.51798251157053,141.60145896027518,70.2417834343197,122.97350030141251,66.48675015070626,0.8792789310216903,0.9334495753049851,0.9853695780038834,1.0,0.9765099108219146,1.0
38.77999999982899,179.9800674101682,26.583884602818145,141.3114357318868,70.29054044623462,123.06346694125571,66.53173347062786,0.8797529578208924,0.9334907740354538,0.985217273235321,1.0,0.9752871677279472,1.0
38.79999999982681,180.03105225318959,26.659883872810582,140.97685623007746,70.29331637056642,123.15452894007949,66.57726447003975,0.8801998853683471,0.9334503263235092,0.9851521983742714,1.0,0.9743473306298256,1.0
38.81999999982463,180.08632603985907,26.744095897710988,140.60576474243547,70.24885428100063,123.24667191813862,66.62333595906931,0.8806063696742058,0.9333270341157913,0.9851863071322441,1.0,0.9737257555127143,1.0
38.83999999982245,180.1454299127175,26.83465446566819,140.2065300001654,70.15625919543079,123.3398813249887,66.66994066249434,0.8808562755584717,0.9331255555152893,0.985284748673439,1.0,0.9734765872359276,1.0
38.859999999820275,180.20783840837998,26.92974684290301,139.78764370467397,70.01513285052066,123.43414244178386,66.71707122089192,0.8808144822716713,0.932849770784378,0.985405407845974,1.0,0.9736628219485283,1.0
38.8799999998181,180.27297529828778,27.027621882513657,139.3575536406844,69.82575495489804,123.5294403836011,66.76472019180055,0.8806985661387443,0.9324850529432297,0.9856592655181884,1.0,0.9742719918489455,1.0
38.89999999981592,180.34045420298077,27.12658244494323,138.92453926307883,69.58927662787,123.62576010179063,66.81288005089532,0.8805019199848175,0.9320374101400375,0.9860422313213348,1.0,0.9753060102462768,0.9997402548789978
38.91999999981374,180.40967299895456,27.22496519602711,138.49662656255515,69.30789572839143,123.72308638635243,66.86154319317622,0.8802337214350701,0.9315077185630798,0.9865615606307983,1.0,0.9767776623368263,0.9988021299242973
38.93999999981156,180.479731362439,27.32092351697228,138.08151729941127,68.9849976580571,123.82140386833787,66.91070193416894,0.8799185305833817,0.9308927953243256,0.9872413083910941,1.0,0.978710301220417,0.9976616144180297
38.959999999809384,180.55004440375495,27.412852890861018,137.6864549427461,68.62526891602562,123.92069702227687,66.96034851113843,0.8796775341033936,0.9301520675420761,0.9882432475686073,1.0,0.9812577292323112,0.9962325111031531
38.979999999807205,180.620211620807,27.49939594614448,137.3180783415142,68.23477032218945,124.02095016862934,67.01047508431468,0.8793691962957382,0.9293517768383026,0.9893520861864089,1.0,0.9841837778687477,0.9947043627500534
38.99999999980503,180.68983384072902,27.579337430515597,136.9824594509027,67.82060148549361,124.12214747626135,67.06107373813067,0.8790272772312164,0.9285193264484405,0.9903967976570129,1.0,0.9874090716242789,0.9932048380374908
39.01999999980285,180.75830319906365,27.65188606824691,136.6851723303863,67.39007310876372,124.22427296494484,67.11213648247242,0.8786498457193375,0.9276522040367127,0.9914427742362022,1.0,0.9909040704369545,0.9917021930217742
39.03999999980067,180.82502194786855,27.716226959514287,136.431361025776,66.95195593246953,124.32731050788136,67.16365525394069,0.8782360836863518,0.9267510890960693,0.9925458282232285,1.0,0.9946217909455299,0.9901800662279129
39.05999999979849,180.88957313232115,27.771377661441107,136.2258842466491,66.5167020880921,124.43124383424838,67.21562191712418,0.877818289399147,0.9259263634681701,0.9934008046984673,1.0,0.9976680874824524,0.9891231909394264
39.079999999796314,180.95147426196465,27.816207858011747,136.07356665619395,66.09626342145677,124.53605653176885,67.26802826588442,0.8773926854133606,0.9251017987728118,0.9942400902509689,1.0,1.0,0.9881374031305312
39.099999999794136,181.01017812595083,27.849512360505393,135.9790164073934,65.70359953981479,124.64173204930279,67.3208660246514,0.8769527360796928,0.924286974966526,0.9950689285993576,1.0,1.0,0.9872416839003563
39.11999999979196,181.06512042829235,27.87010403745165,135.9461647021853,65.35203872662329,124.748253699461,67.3741268497305,0.8765027418732643,0.9235003545880317,0.9958623081445693,1.0,1.0,0.986477281153202
39.13999999978978,181.11574981730973,27.876888212647298,135.97797960101477,65.05465918731612,124.85560466124005,67.42780233062003,0.8760484918951988,0.922761808335781,0.9965942114591598,1.0,1.0,0.9858792155981063
39.1599999997876,181.16155136286287,27.86894112698993,136.0762591191314,64.82356077544473,124.96376798267863,67.48188399133932,0.8755979880690574,0.92209253013134,0.9972380846738815,1.0,1.0,0.9854760751128196
39.17999999978542,181.20209691896366,27.845635863277018,136.24120360053314,64.66870308627506,125.07272658353443,67.53636329176722,0.8751625493168831,0.92151408046484,0.9977687910199164,1.0,1.0,0.9852863132953643
39.199999999783245,181.2370542479176,27.806681198177685,136.47137879474138,64.59687339291729,125.18246325798128,67.59123162899064,0.8746364697813988,0.9210539922118187,0.9979970782995223,1.0,1.0,0.985442766547203
39.219999999781066,181.2661832531212,27.752131756741647,136.7638321946842,64.61059558997748,125.29296067732619,67.6464803386631,0.8743216231465339,0.9207930356264115,0.9981714397668838,1.0,1.0,0.9854761913418769
39.23999999977889,181.28933276101858,27.68239965169672,137.11421642941355,64.70853797233072,125.40420139274573,67.70210069637287,0.8740791246294976,0.920679859817028,0.9982010602951049,1.0,1.0,0.9856923192739486
39.25999999977671,181.30643247246456,27.598280734272375,137.51691152355642,64.88627119692245,125.51616783804137,67.75808391902069,0.873945689201355,0.9207136511802673,0.9981139332056045,1.0,1.0,0.9860037103295326
39.27999999977453,181.31746704229113,27.500979342135153,137.96514947631064,65.13697230910364,125.62884233241347,67.81442116620674,0.8739353716373444,0.9208950534462929,0.9979251503944396,1.0,1.0,0.986363685131073
39.29999999977235,181.32254064747204,27.39174309895979,138.45109308313934,65.45205629231599,125.74220708325319,67.8711035416266,0.8740552708506584,0.9212183535099029,0.9976529330015182,1.0,1.0,0.9867274731397628
39.319999999770175,181.32210754015847,27.272428423286463,138.96582888529153,65.82174323652056,125.85624418895223,67.92812209447612,0.8743041485548019,0.9216734573245048,0.9973145723342896,1.0,1.0,0.9870607510209083
39.339999999768,181.31692490892533,27.1450781985719,139.49966025122035,66.23487747841286,125.97093564172962,67.98546782086481,0.8745464727282524,0.9222297519445419,0.9967858642339706,1.0,1.0,0.9875260427594185
39.35999999976582,181.30737160384172,27.013296879041373,140.0423767699267,66.67721627901031,126.08626333047546,68.04313166523772,0.8748481944203377,0.9228742599487304,0.9961739629507065,1.0,1.0,0.9879804983735084
39.37999999976364,181.29422286005263,26.880888197840683,140.58353553022786,67.13466538981154,126.20220904361074,68.10110452180537,0.8752114191651345,0.9235881745815276,0.9955220073461533,1.0,1.0,0.9883829995989799
39.39999999976146,181.27841928117093,26.751252327520707,141.11276344932338,67.59502835753992,126.3187544719633,68.15937723598165,0.875622297823429,0.9243463590741158,0.9948553442955017,1.0,1.0,0.9887134924530983
39.419999999759284,181.26039089192278,26.62738130584372,141.6200560923237,68.04851586500209,126.43588121165894,68.21794060582947,0.8760670125484467,0.9251240879297257,0.9941959589719772,1.0,1.0,0.9889617353677749
39.439999999757106,181.24076690640993,26.511148761630224,142.09601594905664,68.48776163429058,126.55357076702775,68.27678538351387,0.8762360766530036,0.9259170383214951,0.9933974474668502,1.0,1.0,0.989370884001255
39.45999999975493,181.22036315753726,26.40427296332291,142.531938764486,68.90741245413449,126.67180455352457,68.33590227676228,0.8764032676815986,0.9267075926065445,0.9925615638494492,1.0,1.0,0.9898213475942611
39.47999999975275,181.1999425917023,26.308303691086927,142.91998586632562,69.30384141137728,126.79056390066397,68.39528195033198,0.8765980184078216,0.9275065511465073,0.9916406452655792,1.0,0.9996905848383904,0.9904522210359573
39.49999999975057,181.18020859059274,26.22446739553337,143.2533968316029,69.6749107595535,126.90983005496827,68.45491502748413,0.8768042847514153,0.9282387316226959,0.9908162683248519,1.0,0.997109092772007,0.9910041034221648
39.51999999974839,181.16180055035696,26.153689036451475,143.52668306849296,70.01972812713522,127.02958418292921,68.5147920914646,0.8770222723484039,0.9289087831974029,0.990023036301136,1.0,0.9946400567889213,0.991566589474678
39.539999999746215,181.1452985717947,26.096641427351788,143.7357305553245,70.33831129146394,127.14980737398169,68.57490368699084,0.877255718410015,0.9295110106468201,0.9892495274543762,1.0,0.9922959044575691,0.9921623170375824
39.559999999744036,181.1312747453849,26.05386804978337,143.8776949842039,70.63105389071951,127.27048064349022,68.63524032174512,0.87750034481287,0.9300318419933319,0.9885677009820938,1.0,0.990101571381092,0.9927497208118439
39.57999999974186,181.1202977853274,26.02581559912721,143.95094065160023,70.89841900615963,127.39158493574661,68.6957924678733,0.8779275044798851,0.9305079519748688,0.9880418986082077,1.0,0.9879213914275169,0.993072971701622
39.59999999973968,181.11292205672854,26.01284077914665,143.95497561523408,71.14030670254103,127.51310112697931,68.75655056348965,0.8783900916576385,0.9309147089719773,0.987586222589016,1.0,0.9858439221978187,0.9934012562036514
39.6199999997375,181.1096565077309,26.015074805524257,143.8905525566017,71.35517042901559,127.63501002837297,68.81750501418648,0.8788742750883102,0.9312408298254012,0.9871959924697875,1.0,0.9839089542627334,0.9937340646982192
39.63999999973532,181.11094389795753,26.03236411763249,143.75966060688307,71.54027216905581,127.75729238909895,68.87864619454948,0.8793879806995392,0.931487163901329,0.986875432729721,1.0,0.9821261435747146,0.9940403014421463
39.659999999733145,181.11714501749867,26.06425993871278,143.56545381865442,71.69217584800086,127.87992889935487,68.93996444967743,0.8799396842718125,0.9316483914852142,0.9866453260183334,1.0,0.9805402293801307,0.9942523121833801
39.67999999973097,181.12850712832048,26.10997888031445,143.31225973848368,71.8072994957264,128.00290019341415,69.00145009670707,0.8805222421884537,0.9317365378141403,0.9864888191223145,1.0,0.9791237235069274,0.9943958908319472
39.69999999972879,181.14511351156705,26.1683450894808,143.00561088630576,71.88246671706922,128.12618685268396,69.06309342634198,0.8811370581388474,0.931744584441185,0.9864317327737808,1.0,0.9779362961649894,0.9943998023867606
39.71999999972661,181.1668756637211,26.237897484919625,142.65210500706772,71.91497751403003,128.24976940877158,69.12488470438579,0.8817734882235527,0.9316723436117172,0.9864833205938339,1.0,0.9770102456212043,0.9942428797483444
39.73999999972443,181.19354398178018,26.316997249786443,142.25920080457757,71.90264232365728,128.37362834655883,69.18681417327942,0.8824159666895867,0.931518679857254,0.9866534799337386,1.0,0.9763826265931129,0.9939104288816452
39.759999999722254,181.22472049507684,26.403883057712072,141.83501465220496,71.84392325168373,128.49774410728358,69.24887205364179,0.8830736845731735,0.9312437087297439,0.9870380595326423,1.0,0.9762586504220963,0.9931941270828246
39.779999999720076,181.2598705327435,26.49668897967843,141.3881368171351,71.73815132201474,128.62209709162846,69.31104854581423,0.883424437046051,0.9309402257204056,0.9873587578535079,1.0,0.9763695731759071,0.9926963806152344
39.7999999997179,181.29840281521086,26.593234446720203,140.92743557061212,71.58566068728211,128.74666766281567,69.37333383140783,0.8836380392313004,0.9305186629295349,0.9878018409013748,1.0,0.9769926011562347,0.9920044913887978
39.81999999971572,181.33956507670894,26.69150720073274,140.46190328255545,71.38796433624786,128.871436149708,69.435718074854,0.8837640270590782,0.9300134241580963,0.9883772015571594,1.0,0.9780405446887016,0.9911613166332245
39.83999999971354,181.3825453970938,26.789512891048908,140.00053104030124,71.14749417694323,128.99638284991494,69.49819142495747,0.8837697222828865,0.9294529229402542,0.9890699982643127,1.0,0.9794781863689422,0.9902240991592407
39.85999999971136,181.42639225552762,26.885921304363595,139.55223405139063,70.8667328667664,129.12148803290415,69.56074401645208,0.8837019205093384,0.9288634181022644,0.9899741798639297,1.0,0.9811448127031326,0.9894813328981399
39.879999999709185,181.47006726737573,26.979306569150488,139.12580120656168,70.5495327273359,129.24673194311697,69.62336597155848,0.8835426554083824,0.9282427549362182,0.991066500544548,1.0,0.983092726767063,0.9888459220528603
39.899999999707006,181.512581548056,27.068191928040168,138.7295161282781,70.20130201880711,129.37209480308812,69.68604740154406,0.8832968175411224,0.9275728017091751,0.9921222001314163,1.0,0.9854467049241066,0.9881268173456191
39.91999999970483,181.55302971448558,27.151068637207995,138.37103883899965,69.82905568546106,129.49755681656873,69.74877840828437,0.8830088108777999,0.9268212467432022,0.9931741714477539,1.0,0.9882283478975296,0.9872540310025215
39.93999999970265,181.59058992859474,27.226416888215354,138.0573795897201,69.44134657715642,129.6230981716525,69.81154908582624,0.8826178699731827,0.9260935634374619,0.9941180765628814,1.0,0.99092907756567,0.9865862905979156
39.95999999970047,181.62479537330958,27.292752054532965,137.79488675538883,69.04799977362946,129.74869904390414,69.87434952195207,0.88219685703516,0.9253643870353698,0.9949411749839783,1.0,0.993481208384037,0.9859557747840881
39.97999999969829,181.65484744260436,27.348695655296037,137.58934712596306,68.65962280686998,129.8743395994899,69.93716979974495,0.8817132502794266,0.9246157512068748,0.995760053396225,1.0,0.9962420284748077,0.9852764472365378
39.999999999696115,181.67989836157562,27.39305726412749,137.44595442046517,68.28721148008063,129.99999999830962,69.99999999915481,0.881174823641777,0.9238641202449799,0.9965504467487335,1.0,0.9991342052817345,0.9845883265137672
40.01999999969394,181.69936229934882,27.42483904784457,137.36896108923912,67.94194910231238,130.1256603971296,70.0628301985648,0.8805917918682098,0.9231290072202682,0.997284522652626,1.0,1.0,0.9839349582791328
