curr_time,press_pos,press_neg,act_pos_press,act_neg_press,ref_act_pos,ref_act_neg,ctrl_ch_pos,ctrl_ch_neg,ctrl_act_pos_in,ctrl_act_pos_out,ctrl_act_neg_in,ctrl_act_neg_out
0.019999999999999823,102.8004608144727,95.42541736058126,101.325,101.32459955728419,116.93720948047068,73.96230188034994,0.9514270186424255,0.9342221498489379,0.9395834386348724,0.9020093962550163,0.8971906870603561,0.9771905571222305
0.019999999999999823,102.8004608144727,95.42541736058126,101.325,101.32459955728419,116.93720948047068,73.96230188034994,0.9498993754386902,0.9349616348743438,0.9387737601995468,0.9014222696423531,0.8969746172428131,0.9773516863584518
0.019999999999999823,102.8004608144727,95.42541736058126,101.325,101.32459955728419,116.93720948047068,73.96230188034994,0.9498685836791992,0.9355388194322586,0.9385776191949844,0.9009392976760864,0.8965882629156112,0.9775744706392288
0.019999999999999823,102.8004608144727,95.42541736058126,101.325,101.32459955728419,116.93720948047068,73.96230188034994,0.949618923664093,0.936031299829483,0.9381765216588974,0.9006788909435272,0.8961259126663208,0.9778010904788971
0.019999999999999823,102.8004608144727,95.42541736058126,101.325,101.32459955728419,116.93720948047068,73.96230188034994,0.9491037338972091,0.936356446146965,0.9375796318054199,0.9006391316652298,0.895696035027504,0.977965223789215
0.03999999999999961,105.1709404780258,90.16885254292815,101.32787939053296,101.27034478538998,116.93720948047068,73.96230188034994,0.9485041797161102,0.9364621073007583,0.9370007932186126,0.9008257821202278,0.8954053193330764,0.9780471742153167
0.060000000000000185,107.7223047978572,85.39802267048886,101.3486881065926,100.93993762514653,116.93720948047068,73.96230188034994,0.9500265836715698,0.9413418948650359,0.9367994487285614,0.8962338179349899,0.8922899827361107,0.9798273205757141
0.07999999999999834,110.22416945217034,81.10640697724486,101.40567910417286,100.17028276781186,116.93720948047068,73.96230188034994,0.9511953920125961,0.9463930130004883,0.936326253414154,0.8916773527860641,0.8891148865222931,0.9815652847290038
0.09999999999999613,112.60211906592365,77.27950939762314,101.51491356270061,98.91621717710898,116.93720948047068,73.96230188034994,0.9521615773439407,0.9515276730060577,0.9356713026762008,0.8872130706906318,0.886150187253952,0.9831487625837325
0.11999999999999393,114.83709606229115,73.88224451083177,101.68835334869077,97.22179228672633,116.93720948047068,73.96230188034994,0.9565815895795822,0.9542582154273986,0.9381124615669251,0.8848643496632576,0.8866264805197716,0.9825204998254775
0.13999999999999174,116.92950069037647,70.86347851323009,101.93292540336257,95.18327334444012,116.93720948047068,73.96230188034994,0.9608987033367157,0.95574312210083,0.9418079733848571,0.8839268013834953,0.8887891948223113,0.9807310283184051
0.15999999999998954,118.881058293715,68.16764440350875,102.25084059358237,92.91495375670657,116.93720948047068,73.96230188034994,0.9658545851707458,0.9574145764112473,0.9470163762569427,0.8824529007077216,0.8932304233312607,0.9779215574264526
0.17999999999998734,120.7010966954122,65.74420875745872,102.64131054958041,90.52210714456838,116.93720948047068,73.96230188034994,0.9691273987293243,0.9587653636932373,0.9508501827716828,0.8812498763203621,0.8972954362630844,0.9752682626247405
0.19999999999998513,122.39840479921256,63.550008983496106,103.10115005164971,88.08836636545483,116.93720948047068,73.96230188034994,0.9710096031427383,0.9597512990236282,0.9534328997135162,0.8803678452968597,0.9006366595625878,0.9730142682790756
0.21999999999998293,123.97931598839668,61.55575394192851,103.62608037507192,85.66702823507943,116.15567207449799,73.40087005845677,0.9717222392559051,0.960395359992981,0.954581993818283,0.8799494072794914,0.9023872882127761,0.9714373171329498
0.23999999999998073,125.45042030408361,59.74463246503225,104.21495863774004,83.27338669011296,116.12369331995613,73.36397867023383,0.970812863111496,0.9606830894947052,0.9547019600868225,0.8801059365272522,0.9027691632509232,0.9706832587718963
0.25999999999998963,126.81816389685353,58.09970653415474,104.87222024319895,80.91645523039169,116.12369331995613,73.36397867023383,0.9663696944713592,0.9619031459093094,0.9539215087890625,0.8853985294699669,0.903935731947422,0.9714420557022094
0.28000000000000963,128.08925513557566,56.60468682020502,105.60888176209474,78.60763748463184,116.12369331995613,73.36397867023383,0.9620886027812957,0.9632034361362457,0.9537323772907257,0.8908784121274947,0.9054322525858879,0.9717007458209991
0.30000000000002963,129.26659007835949,55.2416912344276,106.43884147109945,76.36027854765999,116.12369331995613,73.36397867023383,0.9588193744421005,0.9641276448965073,0.953731420636177,0.8942427963018417,0.9070806488394737,0.9713566809892654
0.32000000000004963,130.35508629173455,53.99410908231388,107.37469856936104,74.18834015347456,116.12369331995613,73.36397867023383,0.9548279881477356,0.9636579632759094,0.9517034381628037,0.8988695979118347,0.9100468143820762,0.9650611698627471
0.34000000000006964,131.3575104124225,52.846218452048475,108.42431385971851,72.10438333544235,116.12369331995613,73.36397867023383,0.9532392978668213,0.9634160012006759,0.9511660397052765,0.9047789514064789,0.9190774366259574,0.9518963605165481
0.36000000000008964,132.28331261355495,51.78061362708668,109.5884233433985,70.1276944944335,116.09517294753398,73.32718771715186,0.9495250642299652,0.9633974134922028,0.9497919887304306,0.9102727681398392,0.928752088546753,0.9385517537593842
0.38000000000010964,133.13574197074828,50.77109364768942,110.85870548764093,68.30043851742903,116.07022351411175,73.29050300892882,0.9455119878053665,0.9635985255241394,0.9485959112644196,0.9164101362228393,0.9365919798612594,0.9263166517019271
0.40000000000012964,133.9261229877128,49.80337565027249,112.2196093218063,66.63971303921973,116.04894348370485,73.25393033850544,0.9445518732070922,0.9631419420242309,0.9509528845548629,0.9223056942224502,0.945966175198555,0.9126609846949577
0.42000000000014964,134.65922530417836,48.873904054577146,113.65019412707252,65.13501905887105,116.03141683887137,73.21747548113032,0.9453263789415359,0.9619392484426498,0.9521106243133545,0.9275117188692092,0.947659096121788,0.9030010491609574
0.44000000000016964,135.3424699662424,47.979560425895855,115.1223784032841,63.777289636775386,116.01771274927131,73.18114419344803,0.9471647202968597,0.9602899849414825,0.953466534614563,0.9331237137317657,0.9504298448562621,0.8930945426225662
0.46000000000018965,135.98336918258425,47.116067503709345,116.60280061203902,62.57077818940977,116.00788529868552,73.14494221259008,0.9494609951972961,0.9583611011505127,0.9546304255723953,0.9389020591974259,0.9535243004560471,0.8842171147465706
0.48000000000020965,136.59030431377747,46.27800670053844,118.05363791199045,61.53257534076945,116.00197327157173,73.10887525526891,0.9520119190216064,0.9566048800945282,0.9560585856437683,0.9410734057426452,0.9552565068006516,0.8788646012544632
0.5000000000002296,137.16705962636092,45.45993325856405,119.43509108295112,60.687983920527785,116.0,73.07294901687519,0.949651637673378,0.9544108062982559,0.9549467027187347,0.9433247357606888,0.9552043378353119,0.8771755024790764
0.5200000000002274,137.72020499450525,44.65526828362736,120.71155443749615,60.06664726925354,116.00197327157173,73.0371691705784,0.9472360044717788,0.9518004357814789,0.9535704433917999,0.9448702245950699,0.9555090188980102,0.8756559014320373
0.5400000000002252,138.25429529487968,43.856982036068985,121.85182175726717,59.69277144757908,116.00788529868552,73.00154136643107,0.9457471191883087,0.9494596004486083,0.9522055923938751,0.9459569394588471,0.9558029532432556,0.8741770565509795
0.560000000000223,138.76969088886932,43.05980224596255,122.82868389979217,59.58391612091873,116.0177127492713,72.96607123047649,0.945304724574089,0.947439432144165,0.9508935093879699,0.9465463638305663,0.9560911387205123,0.8727496162056922
0.5800000000002208,139.26520041973583,42.25793890569219,123.61994422335852,59.75051168102224,116.03141683887137,72.93076436386026,0.9459699302911758,0.9457905888557434,0.9496751070022583,0.9466267585754394,0.9563730478286743,0.8713934242725372
0.6000000000002186,139.74185681351946,41.448509019866115,124.21186694114492,60.19345357817075,116.04894348370486,72.89562634194596,0.9477473676204681,0.9445545643568038,0.9485840201377869,0.9461936444044113,0.9566431999206543,0.8701263085007668
0.6200000000002164,140.1999841158599,40.63027238551372,124.59609543881083,60.90299185020247,116.07022351411179,72.86066271343455,0.9509509623050689,0.9436612993478775,0.9481172084808349,0.9430816471576691,0.9566655427217483,0.8687047019600868
0.6400000000002142,140.63652755193053,39.80331720152151,124.76913881336445,61.86108582380011,116.09517294753405,72.82587899948831,0.9552502036094666,0.9431801468133926,0.9480979859828949,0.9380836367607116,0.956525468826294,0.8672860279679299
0.660000000000212,141.05283789426812,38.968862474617225,124.73275474669877,63.04402470740369,116.12369331995625,72.79128069285889,0.9599059104919433,0.9423822432756424,0.9479827404022216,0.9321293830871582,0.9566049426794052,0.8664027452468872
0.6800000000002098,141.4498141014611,38.12932456004091,124.49411428447677,64.42462615560132,116.15567207449814,72.75687325701999,0.9624655067920684,0.9416694194078445,0.9459864079952239,0.926623585820198,0.9547703921794891,0.8681999236345291
0.7000000000002076,141.8260000602644,37.28668648716663,124.06574687717361,65.9740473975348,116.19098300562526,72.7226621253046,0.9607071310281753,0.9406906992197036,0.9412890911102295,0.9233111158013344,0.9505352914333344,0.8738001123070717
0.7200000000002054,142.18040239975974,36.44526160557221,123.46607369120989,67.66319573925824,116.22948675722446,72.68865270004699,0.9618626803159713,0.9406536400318145,0.93445545732975,0.9183869734406471,0.9422510206699372,0.8818121254444122
0.7400000000002032,142.5097617019726,35.6084906664044,122.72225366987517,69.46372752872617,116.2710313725789,72.65485035172965,0.9620150923728943,0.9400995045900344,0.9272230058908463,0.9123074740171432,0.9339055418968201,0.8830779537558555
0.760000000000201,142.81683928785705,34.78034381252055,121.87119531646576,71.34877099292754,116.3154528940717,72.62126041813525,0.9607087045907974,0.9418078482151031,0.9199072897434234,0.9094103887677193,0.9242825224995613,0.8870929524302482
0.7800000000001988,143.09656121153998,33.965016737157455,120.95669881234387,73.29089309917241,116.36257601025177,72.58788820350368,0.9605559080839157,0.944426891207695,0.9143590331077576,0.9083199322223663,0.9153523802757263,0.8923174798488617
0.8000000000001966,143.34647278983766,33.17004043511063,120.02121909987949,75.25357958233481,116.41221474770806,72.55473897769451,0.9621518403291702,0.947943052649498,0.911474084854126,0.9042704224586486,0.9051302850246429,0.8998553901910782
0.8200000000001944,143.56986260621252,32.404975527735985,119.0966649726324,77.19084831158524,116.46417320502161,72.52181797535475,0.9629714787006378,0.9502217233181,0.9107986196875572,0.8981388702988624,0.8971822157502174,0.9071867257356644
0.8400000000001921,143.76764159603516,31.680138238124286,118.20325384219244,79.04986743899995,116.51824632589891,72.48913039509235,0.9634508609771728,0.9520602434873581,0.9106068909168243,0.8915695011615753,0.8904923394322395,0.9144263118505478
0.86000000000019,143.94372654000813,31.00014463468053,117.3522271052027,80.78633853718992,116.57422070843556,72.45668139865512,0.9638189673423767,0.9538555532693863,0.9108893185853958,0.8864660173654556,0.8855624616146087,0.9218018993735313
0.8800000000001877,144.1004526786,30.369639230164868,116.54645287391108,82.35827978541516,116.63187544731598,72.42447611011576,0.9595576792955398,0.9537238925695419,0.91200011074543,0.8844822734594345,0.8850548177957535,0.9315826326608657
0.9000000000001855,144.24305969737145,29.79454106095704,115.7842327647133,83.72106963622704,116.69098300562571,72.39251961506265,0.9590363293886185,0.9529711216688156,0.9112009644508362,0.8817005410790443,0.8833257719874382,0.936961168050766
0.9200000000001833,144.37691775954826,29.283989217208347,115.06580998836263,84.82475629168623,116.75131011283581,72.36081695979685,0.95893814265728,0.9527092397212982,0.9112839877605438,0.8790573671460151,0.8819443225860596,0.9425659835338592
0.9400000000001811,144.50335558356895,28.84844385794944,114.39596966940346,85.62229710429793,116.81261868541495,72.32937315053509,0.9588353157043457,0.9527755975723267,0.9113420665264129,0.8777687221765518,0.8808656051754952,0.9471034318208694
0.9600000000001789,144.62370790122864,28.496406200322543,113.78243203136364,86.07658742141537,116.87466676643636,72.2981931526194,0.959650832414627,0.9534612864255905,0.9142427772283553,0.8767090842127799,0.8815735429525375,0.9487520694732666
0.9800000000001767,144.741698940032,28.234555732681464,113.23285076736991,86.16199860763827,116.93720948047135,72.26728188973287,0.9605836153030395,0.954021617770195,0.9179091066122055,0.8753192082047462,0.8827287882566451,0.9491761088371277
1.0000000000001745,144.8596765338893,28.067048373728046,112.7525583122385,85.86435475558899,128.19206890912142,72.23664424312226,0.962676990032196,0.9538816690444946,0.9232516556978225,0.8732562452554703,0.8856023594737052,0.9443569391965866
1.020000000000128,144.97963995776408,27.990147694865005,112.3440244751997,85.19424375141399,125.07391561983651,72.20628505082713,0.965116074681282,0.9535570502281189,0.9280712187290191,0.8715658321976661,0.8878845036029815,0.9384318053722381
1.0400000000000813,145.10364364212955,27.993659876632098,112.00728266971177,84.18220591754259,125.14780599755656,72.17620910691588,0.9676688760519028,0.953334641456604,0.9331552296876907,0.8699530512094498,0.891109699010849,0.9305152744054794
1.0600000000000347,145.23351541834296,28.063346980841956,111.74034341351376,82.87452505252577,125.22164589966386,72.14642116072869,0.9687598645687103,0.9523131489753723,0.9366381853818894,0.8682516768574714,0.8940965890884399,0.9200938552618027
1.079999999999988,145.37049724601303,28.181097550543182,111.54106974797504,81.33151133801226,125.29541010989946,72.1169259161276,0.9667079746723175,0.9504970878362655,0.9398807525634766,0.8667775169014931,0.8980464994907379,0.9078088596463203
1.0999999999999415,145.5143331495705,28.32920164243309,111.40914449525783,79.61597019261605,125.36907343785317,72.08772803075364,0.9640547692775726,0.950320965051651,0.9421186983585358,0.8666871801018715,0.9002848744392394,0.902589875459671
1.1199999999998949,145.66309440989914,28.495662975886326,111.34840333049496,77.77655090684438,125.44261072756595,72.05883211529138,0.9599038183689117,0.9500093907117844,0.9436555415391922,0.8672370731830596,0.9048006013035774,0.8969020813703537
1.1399999999998482,145.81375900557777,28.66924918701938,111.36739679751459,75.87255333907721,125.51599686612076,72.03024273274086,0.9536739677190781,0.9491151332855224,0.9451776415109634,0.8683759123086929,0.9137201309204102,0.8885910555720329
1.1599999999998016,145.96247561748098,28.837852607853176,111.46932643215024,73.97647283535724,125.58920679221849,72.00196439769698,0.9487677335739135,0.9488595724105835,0.9462610661983489,0.8697997137904167,0.9228323817253112,0.8820150837302208
1.179999999999755,146.10515540623658,28.988636662734507,111.64433135602555,72.12243007346848,125.66221550473645,71.97400157563666,0.9438096612691879,0.9485518783330917,0.9474633574485779,0.8713271513581275,0.932058635354042,0.8765576332807541
1.1999999999997084,146.2380454543061,29.10858691858115,111.91635059407838,70.3439902118115,125.7349980712662,71.94635868221367,0.9386465162038803,0.9479321360588073,0.9475467741489411,0.8731171101331711,0.9380807042121887,0.8735961258411408
1.2199999999996618,146.35817580014987,29.187053352224243,112.30727801756736,68.66993786098905,125.80752963662795,71.91904008256134,0.9328094124794006,0.9474284887313843,0.9466643899679184,0.875207306444645,0.9404498100280761,0.8723987206816674
1.2399999999996152,146.4637160008421,29.216550760916448,112.83308020884148,67.12363414302558,125.87978543135858,71.8920500906032,0.9322001487016678,0.9475568056106567,0.9472514986991882,0.8772094413638115,0.9442440897226333,0.8719559103250504
1.2599999999995686,146.55398741649503,29.191822906892313,113.5039368511288,65.75944956476427,125.95174078017037,71.8653929683719,0.9294230610132217,0.9461459010839463,0.9488826304674148,0.8792862176895141,0.9516923516988754,0.8713786095380783
1.279999999999522,146.62925916906622,29.110125543836237,114.3243268332118,64.63380381269316,126.02337111037764,71.83907292533604,0.9260422259569168,0.9443791300058365,0.9501674622297287,0.8816937059164047,0.9584486663341522,0.8707218438386917
1.2999999999994754,146.69068046095407,28.971347500314955,115.29352396886877,63.780541491038605,126.09465196028822,71.81309411773553,0.9232319012284279,0.9428235292434692,0.9499714285135269,0.8847174629569053,0.9600959718227386,0.8707769766449928
1.3199999999994287,146.7404589085677,28.777843698910022,116.40427615364888,63.22360200174679,126.16555898755718,71.78746064792526,0.9200138181447982,0.9410095155239105,0.9497185409069061,0.8885645776987076,0.961956387758255,0.8716821238398552
1.3399999999993821,146.78151803556693,28.53447705449992,117.64303024539598,62.97369100434901,126.2360679774995,71.7621765637273,0.916407686471939,0.9396298676729202,0.948554614186287,0.8930254757404327,0.9626408696174621,0.872212365269661
1.3599999999993355,146.8161773472688,28.248023225979708,118.99447655360757,63.03150223252451,126.30615485135988,71.73724585779159,0.911492171883583,0.9382383018732071,0.9462159514427185,0.8971716165542603,0.962655246257782,0.8729064717888831
1.379999999999289,146.84594984491508,27.925348117609936,120.44424785282935,63.39250660091352,126.3757956745351,71.71267246696561,0.9063216775655746,0.9370690912008285,0.9427269697189331,0.9014356091618537,0.9618356883525848,0.8737745195627212
1.3999999999992423,146.8728738130557,27.572951784999947,121.96445354755197,64.04683438949036,126.44496666474785,71.68846027167265,0.9010278508067131,0.9365311205387116,0.9393218606710434,0.9064405664801597,0.9610559701919555,0.8747761324048042
1.4199999999991957,146.90000307177235,27.19786867593517,123.53088917596689,64.97588879212135,126.51364420016833,71.664613095299,0.8970714405179023,0.9370912283658981,0.9369566977024079,0.9127024337649345,0.9612928807735442,0.8753109961748123
1.439999999999149,146.92897500018083,26.80817818836636,125.12292272003069,66.14901227289101,126.58180482748111,71.64113470359027,0.8954909265041351,0.9374047875404358,0.933523640036583,0.918520775437355,0.9621297031641006,0.8764140456914902
1.4599999999991025,146.96303316168732,26.412524897414954,126.71530628036858,67.5269875675346,126.6494252698944,71.61802880405666,0.893828547000885,0.9379529327154159,0.9294159978628158,0.9243381693959236,0.9624047547578811,0.8782303750514984
1.4799999999990558,147.0051021860944,26.01820013486885,128.27720182245474,69.06883158966625,126.71648243508908,71.59529904538759,0.8930185109376907,0.9389678001403808,0.9240166082978248,0.9302775233983993,0.9583971858024597,0.8818985417485237
1.4999999999990092,147.05930935042542,25.63057598466811,129.77208366391025,70.73559743628819,126.78295342310464,71.57294901687543,0.8929295688867569,0.9403169512748718,0.9195568367838859,0.9315125733613968,0.9526925206184387,0.8868364751338959
1.5199999999989626,147.12966181324902,25.252853711313705,131.15927549438535,72.49273680526078,126.84881553415961,71.55098224784876,0.8933394730091094,0.9417893052101135,0.9150560677051544,0.930706363916397,0.9455165922641754,0.8921204760670661
1.539999999998916,147.221488977889,24.887568731879707,132.39570234699795,74.31172155352742,126.91404627640337,71.52940220711508,0.8953036189079284,0.9435423970222473,0.90919049680233,0.9276847839355469,0.9339971035718918,0.8974106103181839
1.5599999999988694,147.33897453693575,24.535740335610704,133.43687405655635,76.16846689328582,126.9786233735972,71.50821230241297,0.8984340786933899,0.9455121487379073,0.9045479416847229,0.9246528103947639,0.922275809943676,0.9004542917013169
1.5799999999988228,147.48474769764138,24.199662263812765,134.23805684728828,78.03936803197253,127.04252477272159,71.48741587987402,0.900802831351757,0.9479244649410248,0.9003476202487946,0.9238622069358825,0.9126889869570732,0.900978909432888
1.5999999999987762,147.65915571536962,23.882928097756984,134.75768649891833,79.89469575111572,127.10572865150726,71.46701622349444,0.9035531774163246,0.9502987831830978,0.8961848497390746,0.9225412100553513,0.902854698896408,0.901572424173355
1.6199999999987296,147.86166400193198,23.59199401692859,134.96770861381844,81.69615705280049,127.16821342588752,71.44701655461644,0.9069404453039169,0.9502561092376709,0.8932347416877746,0.9196184694766998,0.89621522128582,0.9030378267168998
1.639999999998683,148.09182902041562,23.334770787406747,134.85840303146875,83.39780767606658,127.22995775736915,71.4274200314196,0.9111779376864433,0.9493813157081604,0.8909435719251633,0.9158027902245521,0.8907389461994171,0.9046755164861678
1.6599999999986363,148.347999406387,23.11866585332738,134.4393381775692,84.94897501881292,127.29094056031951,71.40822974842209,0.9129347935318947,0.9475230365991593,0.8890224128961562,0.9088150456547737,0.8852643653750419,0.9081183910369873
1.6799999999985897,148.6263172703618,22.947648318961782,133.73548908968476,86.30640400074273,127.35114100916728,71.38944873599203,0.9162560343742371,0.9456816017627716,0.8876728639006615,0.9014107942581177,0.8804215028882026,0.9134613066911698
1.6999999999985431,148.92254559292212,22.820340416299818,132.78015560249253,87.44388173570347,127.41053854551431,71.37107995986905,0.9222249239683151,0.943038946390152,0.8880466654896736,0.8914401829242706,0.8768352150917053,0.9171247079968452
1.7199999999984965,149.2321320909751,22.732896098371516,131.6124713687324,88.34834433368006,127.46911288515636,71.35312632069581,0.9277736365795135,0.941018259525299,0.8893566206097603,0.8832052826881408,0.8747927799820899,0.9192761033773422
1.73999999999845,149.55001553030345,22.681087327549125,130.2771546999954,89.01436120250835,127.52684402501009,71.33559065356006,0.9342886596918106,0.940583598613739,0.8917493611574173,0.8774349391460419,0.8736882507801056,0.922858864068985
1.7599999999984033,149.87130105005434,22.661346169322034,128.82376147427598,89.44016336320477,127.58371224994416,71.31847572754693,0.9375019282102585,0.9404852241277695,0.8936433136463166,0.8744450405240058,0.8731144145131111,0.9286802142858505
1.7799999999983567,150.19169400418153,22.672814450289636,127.30681817555521,89.62041706191769,127.63969813951182,71.30178424530163,0.9390565991401673,0.9408597767353057,0.8960423529148102,0.8726498335599899,0.872882068157196,0.9341423451900482
1.79999999999831,150.5053294803906,22.717484803260366,125.79317966540738,89.54530685288745,127.69478257458307,71.2855188426027,0.9392102360725403,0.9415250718593597,0.8991065353155135,0.871390925347805,0.8730754688382149,0.9395945876836777
1.8199999999982635,150.80379456899794,22.795340766966934,124.3697192727142,89.21280825835066,127.74894674387383,71.26968208794578,0.9394444823265076,0.9422534167766571,0.9023666262626647,0.8702426493167877,0.873360762000084,0.9443714410066605
1.8399999999982168,151.08411742231868,22.902754109051337,123.07228677604792,88.63383275117717,127.80217215036987,71.25427648213804,0.9401554465293884,0.9434513181447982,0.9066060006618499,0.8698749050498008,0.8742980688810348,0.94767627120018
1.8599999999981702,151.34382287738623,23.036721679445243,121.92287561091563,87.82262266355485,127.85444061764366,71.23930445790319,0.9391525685787201,0.9439739912748336,0.9107452481985092,0.8698717445135117,0.8758119031786918,0.9478260099887847
1.8799999999981236,151.58120843620475,23.19705432614179,120.9332087351062,86.78917006472722,127.9057342960615,71.22476837949743,0.9367125362157821,0.9439993739128113,0.9141282871365547,0.869849133491516,0.8773132786154747,0.9464417219161987
1.899999999998077,151.79628859066779,23.38431678260995,120.10600108345132,85.54381720610616,127.95603566887918,71.21067054233606,0.9343359291553497,0.943734210729599,0.9171573773026466,0.8696764886379241,0.8790360793471336,0.9427763044834137
1.9199999999980304,151.98960169196033,23.598175254361333,119.43673408842872,84.12474342943216,128.005327558224,71.19701317263099,0.9317655950784683,0.9432493567466735,0.9196535527706146,0.8694659799337386,0.8807612583041191,0.9380925059318542
1.9399999999979838,152.16283484817293,23.83573521819685,118.91544067392968,82.58698749899023,128.05359313096088,71.1837984270392,0.9296590149402618,0.9425773382186889,0.920932412147522,0.869330944120884,0.8825151950120925,0.9320718854665756
1.9599999999979372,152.3185550159304,24.09107844824555,118.52826015523391,80.94738315584952,128.10081590444096,71.17102839232223,0.9279926121234894,0.941766157746315,0.9211563274264335,0.8692554712295532,0.884230887889862,0.9250950038433075
1.9799999999978906,152.45986464486884,24.355174504578436,118.25885829799064,79.23277016561562,128.14697975213033,71.15870508501659,0.925389876961708,0.9407614201307296,0.9230332970619202,0.8694857254624366,0.890292689204216,0.910347355902195
1.999999999997844,152.59050313217767,24.620824047468687,118.08969578620739,77.46449396664404,128.19206890911735,71.14683045111536,0.9202550783753395,0.9401692599058151,0.9236883550882339,0.8705291897058487,0.8964677065610885,0.9020389586687088
2.0199999999977973,152.7147150399228,24.881399503122097,118.00307870154519,75.66329012468543,128.23606797749616,71.13540636576089,0.9152827009558677,0.9396822959184646,0.9250563710927963,0.8714823395013809,0.904069484770298,0.8928401082754135
2.0399999999977507,152.83713165347663,25.13006682272651,117.98808701782187,73.8516479342646,128.27896193162525,71.12443463294868,0.9108371540904044,0.9392751187086105,0.9268247961997985,0.8726565480232239,0.9122438922524452,0.8850190997123718
2.059999999997704,152.95674253843737,25.358864409737965,118.03044645108207,72.05354443777617,128.32073612325857,71.11391698524254,0.9070984587073326,0.9389222204685211,0.9285900831222534,0.8738268181681633,0.9206121563911438,0.8780668675899506
2.0799999999976575,153.07630014868894,25.559756288943298,118.11408866884753,70.2951211754681,128.36137628654794,71.10385508350096,0.9029152989387512,0.9388411730527878,0.9299931466579437,0.8751109167933464,0.9270619571208953,0.8744540840387344
2.099999999997611,153.19869624639915,25.723251081158693,118.24094441112074,68.6067691013556,128.40086854291485,71.09425051661488,0.9006361633539199,0.9390285611152649,0.9303492903709412,0.876511812210083,0.9297534018754959,0.8747566238045692
2.1199999999975643,153.3269994295617,25.840515836455392,118.41202978122239,67.01757856834894,128.4391994057899,71.08510480125673,0.9013064339756965,0.9395582348108291,0.9308624058961869,0.8791460901498794,0.934693682193756,0.8747966289520264
2.1399999999975177,153.4641075146934,25.904761083392952,118.62827071532678,65.55315276056369,128.47635578521854,71.076419381641,0.9021230593323707,0.9387735456228256,0.9325379371643067,0.8817206934094429,0.9419742882251739,0.8741402253508568
2.159999999997471,153.61235301491917,25.911642904258176,118.89124990615878,64.2679717240958,128.51232499233126,71.06819562929613,0.9026295185089112,0.9370851576328277,0.9348145604133605,0.8841438189148902,0.9498987764120101,0.8733369395136833
2.1799999999974244,153.77340349435664,25.8593267267846,119.2031787267997,63.21384409770134,128.54709474367675,71.06043484284795,0.902880921959877,0.9359926313161849,0.9372257322072982,0.8861122339963913,0.9546914011240005,0.8731287688016891
2.199999999997378,153.94834496834906,25.743156334315266,119.5660056310043,62.43170804374291,128.5806531654168,71.0531382478146,0.9032846927642822,0.9346797168254852,0.939558583498001,0.8885855346918106,0.9580872476100921,0.8727379262447357
2.219999999997331,154.1372071105611,25.548715113225963,119.98004036009296,61.990210951671614,128.61298879738112,71.04630699641302,0.9024327471852303,0.9334638714790344,0.9411282479763031,0.8912658125162124,0.9609159231185913,0.872439619898796
2.2399999999972846,154.3382499387998,25.2812300948936,120.4446491737425,61.90365504169041,128.64409059698104,71.039942167377,0.9004490524530411,0.9322426438331604,0.9412170648574829,0.8935698077082633,0.9624954134225845,0.872310520708561
2.259999999997238,154.5481128257791,24.957220538504135,120.96042517744321,62.15072307438947,128.67394794298045,71.03404476578683,0.8974871695041656,0.9310540318489074,0.9397779524326324,0.8953776076436043,0.9628640294075012,0.8723437711596489
2.2799999999971914,154.7622842236271,24.592539385360364,121.51644001100766,62.707201913906594,128.70255063912305,71.02861572291059,0.893869012594223,0.930115196108818,0.937052184343338,0.8973057359457016,0.9622669965028763,0.8721537947654724
2.2999999999971448,154.97768657052498,24.201124910184745,122.10452833175198,63.54708409656591,128.72988891761432,71.02365589605706,0.8922326549887657,0.9301432520151138,0.9352705717086792,0.899119821190834,0.9624739825725556,0.8727022126317024
2.319999999997098,155.1898067845008,23.80980262444298,122.72928800083135,64.5982395007283,128.7559534424572,71.01916606844043,0.8908934861421585,0.9305597275495529,0.9328662663698196,0.9003565073013305,0.9620259910821914,0.8742738842964172
2.3399999999970515,155.39444017953443,23.432226665494344,123.39385788743712,65.81564632296391,128.78073531264036,71.01514694905651,0.8914226055145263,0.9304711520671844,0.9289168745279311,0.8987149283289909,0.9579364269971847,0.8763417109847068
2.359999999997005,155.58883792384307,23.06626457240002,124.09665348544503,67.19252220117231,128.8042260651778,71.01159917257085,0.8926676824688912,0.930868449807167,0.9245330765843391,0.8971634805202484,0.9522451639175414,0.8785799831151963
2.3799999999969583,155.77410518504777,22.710156725868618,124.82901743546165,68.71664820898648,128.82641767799907,71.00852329921848,0.8940590515732765,0.9315968126058578,0.9198879420757293,0.8953342854976654,0.9454779058694839,0.8809542879462242
2.3999999999969117,155.95253738030013,22.361782392430143,125.57499069825464,70.37131965304097,128.8473025726887,71.00591981471547,0.8958094298839568,0.9323401421308517,0.9153179004788399,0.8934576645493507,0.9380806416273116,0.8831393182277679
2.419999999996865,156.12540507740323,22.020644516836935,126.31478360615203,72.13717887927535,128.8668736170743,71.00378913018217,0.8985021665692329,0.9339437276124954,0.9114334806799889,0.8917882174253463,0.9279753029346466,0.8854601263999938
2.4399999999968185,156.29469551373128,21.688342691579788,127.02686670732265,73.98771977937717,128.88512412766212,71.0021315820784,0.9011871606111527,0.9360573172569274,0.9059246614575386,0.8907905519008636,0.915044118463993,0.8898908451199531
2.459999999996772,156.46199780054386,21.385070135234713,127.69023870233788,75.84048922436534,128.90204787191956,71.00094743215021,0.9024088531732559,0.93829165995121,0.9014896109700202,0.8908745542168617,0.9063989967107773,0.8910186380147934
2.4799999999967253,156.63123573817438,21.11337100970386,128.28597445760363,77.65695491407342,128.91763907040342,71.00023686738861,0.9031239211559295,0.9407725423574448,0.8974889665842056,0.8915949687361717,0.8977977335453033,0.8937743306159973
2.4999999999966787,156.80425932207862,20.86907620089736,128.79889803180365,79.41630753540952,128.9318923987337,71.0,0.903894305229187,0.9422531217336655,0.894246631860733,0.8913279235363006,0.890255942940712,0.8985372543334961
2.519999999996632,156.98176027006738,20.6486649978663,129.21888458512026,81.09454482334235,128.94480298941187,71.0002368673885,0.9043306827545166,0.9420103460550308,0.8932884976267814,0.8895846754312515,0.8857038989663124,0.9032592698931694
2.5399999999965854,157.16319258496793,20.451234783001368,129.5411760960177,82.66008558922766,128.95636643348303,71.00094743214997,0.9056974112987518,0.9420660912990569,0.8923075467348098,0.8886073678731918,0.8815407574176788,0.9121205329895019
2.559999999996539,157.34916240900964,20.27892113167667,129.76531910808148,84.0732772802292,128.96657878204158,71.00213158207804,0.9074309051036834,0.9418320327997207,0.8914719626307487,0.8871896907687187,0.8780302464962005,0.9207646891474723
2.579999999996492,157.53831492910035,20.13366342751477,129.8942192924909,85.30054129974005,128.97543654757987,71.00378913018169,0.9117430344223976,0.9402972549200058,0.8916473388671875,0.8826807141304016,0.875251267850399,0.9238944828510284
2.5999999999964456,157.72904504124975,20.018864106297965,129.93336824071824,86.31291696369283,128.9829367051791,71.00591981471486,0.9142148241400718,0.9384913593530655,0.8912712216377258,0.8796773508191108,0.8729254394769669,0.9282759249210357
2.619999999996399,157.919763803487,19.940426624187214,129.89097194472234,87.08300725675521,128.9890766935423,71.00852329921776,0.9156037211418152,0.9367592692375183,0.8914564728736877,0.8775205597281456,0.8714526340365409,0.9323917925357819
2.6399999999963524,158.11042784210076,19.905800190809224,129.77793267107725,87.58480530670899,128.9938544158691,71.01159917257,0.9148528322577476,0.9366910964250564,0.8925199955701828,0.877001105248928,0.8710936829447746,0.9368289709091187
2.6599999999963058,158.30026880376346,19.92581704398773,129.60653247712654,87.78580618424351,128.99726824057166,71.01514694905555,0.9129833996295929,0.9365308254957199,0.893718495965004,0.8764074340462684,0.8712221428751945,0.9397793382406234
2.679999999996259,158.4883987462585,20.00943471096002,129.38997545365385,87.6600418804484,128.999317001832,71.01916606843933,0.9110257089138031,0.9361596703529358,0.8951733708381653,0.8755575984716415,0.8716933757066726,0.9411117792129516
2.6999999999962125,158.67386919774174,20.15646239227556,129.14258406817927,87.20949136644762,129.0,71.02365589605584,0.9090159073472023,0.9355451226234436,0.8968817636370658,0.8744538605213165,0.8725616604089736,0.9405898213386535
2.719999999996166,158.85595167372892,20.36024826222017,128.88040277765543,86.45509166248951,128.99931700183242,71.02861572290925,0.9069311827421188,0.9347123503684998,0.8987942904233932,0.8731801509857178,0.8738285392522812,0.9382707476615906
2.7399999999961193,159.03153199254606,20.610525207379712,128.64002265964643,85.42846186181218,128.99726824057254,71.03404476578537,0.9058584108948707,0.9337318688631058,0.8998152911663055,0.8722057446837425,0.874875208735466,0.9330841153860092
2.7599999999960727,159.20044242804696,20.896216802350775,128.43058781947047,84.16644736173241,128.99385441587043,71.03994216737541,0.9046663790941238,0.9327686697244644,0.9001912921667099,0.8715462923049927,0.8759948387742043,0.9272070735692978
2.779999999996026,159.36484899467322,21.205367328892816,128.25114085636508,82.71764528517787,128.9890766935441,71.04630699641132,0.9032375842332839,0.93177729845047,0.9004320695996284,0.8710072040557861,0.8772692948579788,0.9203903913497925
2.7999999999959795,159.52753064060988,21.525086978347375,128.0999207351241,81.17445008603339,128.98293670518132,71.05313824781278,0.9010486334562301,0.9317918628454208,0.9005989342927933,0.8710394486784935,0.8780270010232926,0.9164036899805069
2.819999999995933,159.69303742844977,21.845605350406533,127.97467292761003,79.57146839030555,128.97543654758255,71.060434842846,0.8975123018026352,0.9318254351615906,0.9026834890246391,0.8717049494385719,0.882937853038311,0.9049088016152381
2.8399999999958863,159.8626626825412,22.157669511582494,127.87285851833,77.92866611087295,128.96657878204468,71.06819562929407,0.8938601702451706,0.9319497913122177,0.9044363170862197,0.8726315096020698,0.8879243299365044,0.8954314485192298
2.8599999999958396,160.03898237761368,22.452332023340958,127.79174893562615,76.26848519192097,128.95636643348655,71.07641938163883,0.8902359783649444,0.9323302805423737,0.9065674036741257,0.8739441826939582,0.8939268365502357,0.8876152455806732
2.879999999995793,160.22528648889786,22.7204572319274,127.72851035824368,74.61533296642007,128.94480298941585,71.08510480125443,0.8867611140012741,0.9329159587621688,0.9089961439371109,0.875605833530426,0.9009125784039497,0.8813500076532363
2.8999999999957464,160.42188774268882,22.953500034502632,127.68029552000435,72.99422741780654,128.93189239873814,71.09425051661246,0.8830763533711433,0.9327598720788955,0.9104579389095306,0.8778693586587906,0.9089865684509277,0.8769865319132805
2.9199999999957,160.63020961053093,23.1444238497651,127.64426682804024,71.42898588546963,128.91763907040828,71.10385508349843,0.8808715239167213,0.9325299531221389,0.9111685588955879,0.8812315478920937,0.9181778416037559,0.8755908533930779
2.939999999995653,160.85171749028277,23.286805213835873,127.61760169060834,69.9450414793071,128.90204787192485,71.1139169852399,0.8795417472720146,0.9326629549264908,0.9105149626731872,0.8848526149988174,0.9237146809697151,0.8757939770817756
2.9599999999956066,161.0877670349863,23.375394936302545,127.59752269103177,68.56668295353776,128.88512412766784,71.1244346329459,0.8781676560640335,0.9330816388130188,0.9104145407676697,0.8884994804859161,0.9283291667699813,0.8766064405441284
2.97999999999556,161.33949315576865,23.407225907779633,127.58128848474114,67.31388174280643,128.86687361708044,71.135406365758,0.8779086172580719,0.9328644335269928,0.9122161671519279,0.8914983689785003,0.9338675081729889,0.8761038213968276
2.9999999999955134,161.60771119627046,23.381989039799734,127.56613012484812,66.20050178897687,128.84730257269527,71.14683045111236,0.8781922921538353,0.9312354743480682,0.9151671782135963,0.8941858083009719,0.941447502374649,0.8748536795377732
3.0199999999954668,161.89222512654658,23.301771814242898,127.55418150621534,65.23554418655051,128.82641767800607,71.15870508501348,0.8787965536117553,0.9293631762266159,0.9179549992084503,0.8968107029795647,0.948434442281723,0.8733686923980712
3.03999999999542,162.19192500603407,23.166449240277093,127.54898152457561,64.47599854422283,128.80422606518522,71.171028392319,0.8797066137194633,0.9283862441778182,0.9209831863641739,0.8991028875112533,0.9519989281892777,0.8727495446801186
3.0599999999953735,162.5057556320254,22.968618420839054,127.54521756195878,63.98719821324841,128.7807353126482,71.18379842703585,0.880558380484581,0.9274855941534043,0.9235929891467094,0.9009208977222443,0.9552726447582245,0.872142744064331
3.079999999995327,162.8318818508216,22.715036782075156,127.53625070033088,63.77881454868273,128.75595344246548,71.19701317262752,0.8813846886157989,0.9266728043556213,0.9253232598304748,0.9021481961011887,0.9579347550868987,0.8712781608104706
3.0999999999952803,163.16741856994577,22.420687271859677,127.51545566475207,63.836148491342655,128.72988891762301,71.2106705423325,0.8822335049510002,0.9258737385272979,0.925633430480957,0.9024968162178993,0.9595433473587036,0.8703726828098297
3.1199999999952337,163.50990688416985,22.098255997185024,127.47723773478927,64.14497137766377,128.70255063913214,71.22476837949375,0.8828837797045708,0.9250392943620681,0.9252522259950637,0.901929372549057,0.9607890367507934,0.8694826856255531
3.139999999995187,163.8566707405833,21.758266237615288,127.41744244648615,64.69247793874075,128.67394794298994,71.2393044578994,0.8833096563816071,0.9243149682879448,0.924482136964798,0.9003659397363662,0.9615834176540374,0.8684844031929969
3.1599999999951405,164.2032802819105,21.416235837436123,127.3339685094997,65.44335509588043,128.64409059699094,71.25427648213412,0.8839848712086678,0.9238397657871246,0.9227060720324516,0.8983302056789398,0.9608291357755661,0.8686012715101242
3.179999999995094,164.54583947918087,21.087727125319184,127.22691184579685,66.3546719739956,128.61298879739144,71.26968208794176,0.8853213489055634,0.9236749619245529,0.9201053217053413,0.8957380652427673,0.9569439738988876,0.8697382241487502
3.1999999999950473,164.88268814386603,20.770793462772673,127.09795273541901,67.4254660704826,128.58065316542752,71.28551884259856,0.8868877500295639,0.9237760186195373,0.9170677468180656,0.8925128653645515,0.9516802906990051,0.8711490347981453
3.2199999999950006,165.21012485983874,20.46351203544079,126.9494139426303,68.65033577456818,128.54709474368786,71.30178424529738,0.8892031222581863,0.9247273713350296,0.9148214861750602,0.8888312071561814,0.9444685280323029,0.872420871257782
3.239999999994954,165.52744269078227,20.164254346913268,126.78418872658938,70.0192833504558,128.51232499234277,71.31847572754258,0.8915991619229316,0.9259562075138091,0.9122863382101059,0.8850852027535439,0.9358899116516113,0.8740379214286804
3.2599999999949074,165.83222501748472,19.87147422345449,126.60590090944783,71.51838105920595,128.47635578523045,71.3355906535556,0.8941363483667374,0.9269132822751999,0.9093868970870972,0.8822412252426147,0.9269863456487656,0.8758110404014587
3.279999999994861,166.12310450751554,19.58457064177067,126.41813908570101,73.1293897842687,128.43919940580219,71.35312632069125,0.8968221381306648,0.9288502305746078,0.9045624524354935,0.8806796878576278,0.9147420033812522,0.8801057443022727
3.299999999994814,166.39925228963136,19.303118970892317,126.22415627386292,74.82861163175812,128.4008685429275,71.37107995986437,0.8996610999107361,0.9308009743690491,0.9001789271831512,0.8792693868279456,0.9029392331838607,0.8860765337944031
3.3199999999947676,166.66024340942735,19.03191494637007,126.02731740622022,76.57347915959961,128.36137628656098,71.38944873598726,0.9014760613441467,0.932555764913559,0.8977149561047554,0.8785044610500335,0.8954376846551895,0.8906184211373329
3.339999999994721,166.90619966273692,18.7833838614014,125.83167676529534,78.29623814979824,128.32073612327198,71.40822974841718,0.9023099422454833,0.9342309564352035,0.8960018783807754,0.877248615026474,0.8884388625621795,0.8958908885717392
3.3599999999946744,167.13817979949548,18.556276386217995,125.64143308331619,79.96384049931791,128.27896193163903,71.4274200314146,0.9039830058813095,0.9355496019124985,0.894609123468399,0.8760627880692482,0.8827092930674553,0.9022522121667862
3.3799999999946277,167.35578295225366,18.349149591151267,125.45996271558555,81.54289237889068,128.2360679775103,71.44701655461134,0.9061995163559914,0.9359432250261307,0.895439499616623,0.8754181236028671,0.8797003954648971,0.9120119035243988
3.399999999994581,167.55814459104332,18.16374122666208,125.28923816870203,82.99265570048418,128.19206890913185,71.46701622348924,0.908179286122322,0.936561644077301,0.896687263250351,0.8747201725840569,0.8769626423716544,0.9229413107037544
3.4199999999945345,167.7445927946668,18.004996679617786,125.13031457603773,84.26845884267775,128.14697975214517,71.4874158798687,0.9094300091266632,0.9368012726306915,0.8977879926562309,0.8742129132151604,0.8748932868242264,0.9325833559036255
3.439999999994488,167.91484358857386,17.879255026229,124.98367944538367,85.3313449322984,128.10081590445614,71.50821230240756,0.9098889127373695,0.9363197445869446,0.8984735608100891,0.8739184916019439,0.8739406779408455,0.9379975378513336
3.4599999999944413,168.06888669476012,17.793639674947347,124.84954172076026,86.14898311277474,128.0535931309764,71.52940220710957,0.9099256455898285,0.9356691032648087,0.8992488667368889,0.8735805153846741,0.8732603758573532,0.9424616098403931
3.4799999999943947,168.20831318643258,17.75735916470707,124.72787752186227,86.69106957668218,128.00532755823986,71.55098224784315,0.9093609869480133,0.9348464161157608,0.9000914424657821,0.8731576025485992,0.8729591369628906,0.9454660683870315
3.499999999994348,168.33387356429566,17.783273030115616,124.618389281306,86.92109514978473,127.95603566889538,71.57294901686973,0.9076005995273589,0.9339554846286774,0.9007137104868889,0.8728610396385192,0.8730867609381675,0.9471619129180908
3.5199999999943015,168.44648564881354,17.885563261367597,124.52056674034621,86.80108568846312,127.90573429607801,71.5952990453818,0.9056837230920791,0.9328298687934875,0.9015597328543663,0.8723323717713356,0.8736187994480132,0.9470562517642974
3.539999999994255,168.54787807291854,18.07281541450548,124.43370855107811,86.30936264197955,127.8544406176605,71.61802880405077,0.9037130057811736,0.931438660621643,0.902639228105545,0.8715423092246055,0.8746286511421203,0.9448417127132416
3.5599999999942082,168.64178787794458,18.341837784837786,124.35693985912128,85.45691012317903,127.80217215038702,71.64113470358427,0.9018470242619514,0.9301293760538101,0.9033972516655921,0.8707237437367439,0.8761080101132392,0.9410849392414092
3.5799999999941616,168.73008130469015,18.68003353305996,124.28929830923407,84.28257904940529,127.74894674389128,71.6646130952929,0.9005568951368331,0.9289262086153031,0.9037774816155434,0.8699233770370484,0.8776398867368698,0.9342148274183273
3.599999999994115,168.81580758133825,19.06836157037997,124.2309408582704,82.84399451877408,127.69478257460084,71.68846027166646,0.8997687280178069,0.927739617228508,0.9039897873997688,0.8693727597594261,0.8794167608022689,0.9243967086076736
3.6199999999940684,168.9017595188249,19.484877355897904,124.18723293640691,81.21468993847924,127.63969813952987,71.71267246695933,0.8982457831501961,0.9278581351041794,0.9042116463184356,0.8694230154156685,0.8805659934878349,0.9179057717323303
3.639999999994022,168.9915481731022,19.90914688715832,124.15592511351714,79.50315274574253,127.5837122499625,71.73724585778521,0.8956688195466995,0.9279928714036941,0.9058344990015029,0.8698501393198966,0.8850362971425056,0.9055646017193794
3.659999999993975,169.09157238824875,20.328066646316984,124.13378169682164,77.74736856897147,127.52684402502874,71.76217656372083,0.8924092203378677,0.9280936151742935,0.907857657968998,0.8705340042710304,0.8913005292415619,0.8930008083581924
3.6799999999939286,169.2024688591911,20.730494393859633,124.11810004920362,75.96990411107619,127.46911288517526,71.78746064791869,0.8892417192459107,0.9281992316246033,0.9094951063394546,0.871259742975235,0.8976233631372451,0.8830233216285706
3.699999999993882,169.32621147179802,21.105311347725745,124.10667875557596,74.19633216006324,127.41053854553348,71.81309411772884,0.8858163461089134,0.9285477757453918,0.9106770262122154,0.8723386347293853,0.9040363997220993,0.8777283236384391
3.7199999999938353,169.46463496560403,21.441178014339442,124.09773524750935,72.45520722312274,127.35114100918672,71.83907292532919,0.8824268877506256,0.9291219294071197,0.9115407332777977,0.8736936062574386,0.9107203036546707,0.8744974821805954
3.7399999999937887,169.6190199569967,21.72846509458228,124.08979091142459,70.77527039215398,127.29094056033922,71.8653929683649,0.8799580439925193,0.9293034255504607,0.9120566248893738,0.8758127480745316,0.917483140528202,0.8728593990206718
3.759999999993742,169.79156136318636,21.958333893093254,124.0815910113325,69.18677250115233,127.2299577573891,71.89205009059606,0.8781937137246132,0.9293193221092224,0.9110472604632377,0.8798312783241272,0.9239848554134369,0.8729436561465264
3.7799999999936955,169.98190530021122,22.12336177158151,124.0720556537322,67.718982571578,127.16821342590771,71.91904008255403,0.8769922852516174,0.9294210314750672,0.9100336492061615,0.8838317260146141,0.9298783481121063,0.8728641107678413
3.799999999993649,170.18989412047122,22.219467697801107,124.0627303355333,66.39566708333838,127.1057286515277,71.94635868220624,0.876054960489273,0.9285096347332,0.9108571991324425,0.8871187105774879,0.9371514081954956,0.8726819217205047
3.8199999999936023,170.415183705694,22.246138446862606,124.05743205492709,65.23198198756181,127.04252477274225,71.97400157562907,0.8760170742869376,0.9263210505247116,0.9142252802848816,0.8895819395780563,0.9462870657444,0.8717969849705696
3.8399999999935557,170.65759808288686,22.206389705768895,124.05608999040271,64.23426955613803,126.97862337361809,72.00196439768924,0.8767576366662979,0.9245512574911118,0.9173252254724502,0.8919965535402298,0.9513414740562439,0.8712859749794006
3.859999999993509,170.9164956493233,22.106048710853724,124.05778595279851,63.43398960184111,126.91404627642447,72.03024273273296,0.8776210531592369,0.9230695202946663,0.920092710852623,0.8942053973674774,0.9550172448158264,0.8709479048848152
3.8799999999934625,171.19076686444157,21.95278227083898,124.05978911867614,62.862630920196146,126.84881553418093,72.05883211528334,0.8783951789140702,0.9218721553683281,0.922615860402584,0.8960827022790908,0.9583239436149597,0.8706024587154388
3.899999999993416,171.47877492562458,21.7550296195437,124.05761694910642,62.524497521391474,126.78295342312616,72.08772803074545,0.8791081950068473,0.9209831774234771,0.924781234562397,0.8975118458271026,0.9611921012401581,0.8701320663094521
3.9199999999933692,171.77814380103703,21.521596705422994,124.04626112773676,62.42308196322421,126.71648243511079,72.11692591611926,0.8802944332361221,0.9201963514089584,0.9253836542367935,0.8977133512496948,0.9625644177198409,0.8694129794836044
3.9399999999933226,172.0877112915572,21.25941208526239,124.02174721192019,62.56212027847508,126.64942526991629,72.14642116072021,0.8811277776956558,0.9196839556097984,0.926263552904129,0.8970308184623718,0.963746502995491,0.8685475513339043
3.959999999993276,172.4042198723893,20.975005147527153,123.98156248982741,62.941451170006296,126.58180482750318,72.17620910690724,0.881959593296051,0.9196080356836319,0.926889768242836,0.896013617515564,0.964695280790329,0.8675216868519783
3.9799999999932294,172.7237604340818,20.673584764282104,123.92478033402367,63.555486231409326,126.51364420019057,72.20628505081834,0.8828717231750488,0.9196832939982414,0.9269282042980194,0.8943841934204101,0.965257892012596,0.8665239095687866
3.999999999993183,173.0423107429546,20.36024318883074,123.85219640087091,64.39378892671512,126.44496666477026,72.23664424311332,0.8838630005717277,0.9196574643254279,0.9258516281843185,0.892121696472168,0.9654452979564666,0.8656847447156906
4.019999999993491,173.35574405130842,20.039208590192715,123.76615104896105,65.44174930950255,126.37579567455768,72.26728188972378,0.8853093773126602,0.9201291710138321,0.9242059677839279,0.8896020650863647,0.9635380327701568,0.8650546625256538
4.0399999999938,173.66076671742744,19.715906881084667,123.66998495179243,66.67546446030065,126.3061548513826,72.29819315261017,0.8876300022006035,0.9214684963226318,0.9224988356232643,0.8870290175080299,0.958337926864624,0.8652794182300567
4.059999999994108,173.95451258201015,19.39807541856129,123.56858392283777,68.06096367208143,126.23606797752237,72.32937315052571,0.8901855885982514,0.9231837376952171,0.9201875984668731,0.8845061227679253,0.951188588142395,0.8669559106230735
4.079999999994417,174.23593673018425,19.085599645396215,123.4679931217434,69.58272544457836,126.16555898758017,72.36081695978731,0.8920184135437011,0.9252326548099518,0.9172130912542343,0.8826370745897293,0.9427114397287368,0.8692834332585334
4.099999999994726,174.50251351216855,18.77854703773617,123.37442617680857,71.22397546856311,126.0946519603115,72.39251961505298,0.8940226897597313,0.9272979378700256,0.9141666248440742,0.8808547914028168,0.9335133403539657,0.871843709051609
4.119999999995034,174.75232097508157,18.477369436439933,123.2929198652625,72.96564697007037,126.02337111040119,72.42447611010593,0.896632108092308,0.92931769490242,0.9097815036773681,0.8796642616391182,0.9221184223890304,0.8757966503500938
4.139999999995343,174.98412846998323,18.183466323928315,123.2267252354762,74.78545414329115,125.9517407801942,72.45668139864515,0.8992949783802032,0.9312047630548477,0.9050336986780166,0.8787595480680466,0.9084986478090286,0.8836380794644355
4.159999999995652,175.19914531680362,17.898714380750732,123.17733571533641,76.65615205397526,125.87978543138267,72.48913039508223,0.9009992450475692,0.9331250190734863,0.901978412270546,0.8782710060477257,0.8997587323188782,0.88877724558115
4.17999999999596,175.3961948390015,17.630949065104716,123.14426698474722,78.52990947198228,125.8075296366523,72.52181797534448,0.9016890019178391,0.9349095195531845,0.9006566375494003,0.8776153177022934,0.89260955452919,0.8947246998548507
4.199999999996269,175.57500987811574,17.386820838929328,123.12506871462429,80.3593689103589,125.7349980712908,72.55473897768405,0.9026063799858093,0.936489126086235,0.8997613877058029,0.8769251048564911,0.886421175301075,0.9017994374036788
4.219999999996578,175.73582782402528,17.168864125580825,123.1160475745263,82.10525748856482,125.66221550476128,72.58788820349305,0.9046639427542686,0.9374230802059174,0.8995266318321228,0.876479397714138,0.8820524469017982,0.9110845744609832
4.239999999996886,175.8788057052988,16.98090268164423,123.11272847393562,83.72359139386276,125.58920679224356,72.62126041812444,0.9059696644544601,0.9382424056529999,0.9004305273294448,0.8763197258114814,0.8788939759135246,0.9228623643517494
4.259999999997195,176.00398606984857,16.829039726292333,123.11071162327805,85.1648581698499,125.51599686614605,72.65485035171865,0.9072057381272316,0.938410097360611,0.9011294305324554,0.8759529381990433,0.8762889966368675,0.9332958132028579
4.279999999997504,176.1134895046227,16.71973558754917,123.10636530407422,86.38543059880443,125.44261072759147,72.6886527000358,0.9082345485687255,0.9377673238515853,0.9018973559141159,0.8751468047499656,0.8748494639992713,0.9387273043394089
4.299999999997812,176.20848045846992,16.659891505067055,123.09711380189293,87.34907063423971,125.3690734378789,72.72266212529324,0.9082806333899498,0.9370828688144683,0.9023659244179726,0.8749601230025291,0.8739370256662369,0.9435054630041122
4.319999999998121,176.28997009861996,16.658068854025252,123.0813744573454,88.02282457822311,125.2954101099254,72.75687325700845,0.907452930510044,0.9362233906984329,0.90272176861763,0.874739408493042,0.8735120028257369,0.9466588735580445
4.33999999999843,176.35927209896778,16.72586453402066,123.05835659135366,88.37009457101466,125.22164589968867,72.79128069284778,0.9058181017637252,0.935211643576622,0.9030029267072678,0.8744811743497848,0.8735367059707642,0.9482834070920944
4.359999999998738,176.41822324733948,16.877349429677366,123.02788840594614,88.35005209520126,125.14780599758025,72.82587899947764,0.9040589615702629,0.9339452028274536,0.9035267800092697,0.8739382326602936,0.8739879697561264,0.9480794250965118
4.379999999999047,176.4690787456326,17.121604394541595,122.99034542289114,87.93676116227158,125.07391561985906,72.86066271342432,0.9022623598575592,0.9324379444122314,0.9040707096457481,0.8731776878237724,0.8748889595270156,0.9459757775068283
4.3999999999993555,176.51576565148372,17.454736185731353,122.94657853112656,87.13958211297103,125.00000000002142,72.89562634193618,0.9006101995706558,0.9307869285345077,0.9038777738809586,0.8724507868289947,0.8761738315224648,0.9423033952713012
4.419999999999664,176.56161110352755,17.86272028164771,122.8976394751867,85.99763913080196,124.92608438018375,72.93076436385095,0.8991619899868964,0.9290184140205383,0.9036906003952027,0.8715689793229103,0.8778025671839714,0.9359103143215179
4.439999999999973,176.6087753797764,18.3251314241498,122.84465573485082,84.57073146200153,124.85219400246254,72.96607123046766,0.8982511922717095,0.927624425292015,0.903513565659523,0.8707158222794532,0.879302230477333,0.9262509107589721
4.4600000000002815,176.66048980472297,18.819212224193866,122.78962162075285,82.92965573496413,124.77835410035408,73.00154136642276,0.8966063499450684,0.9274423748254775,0.9033024668693542,0.8704445615410804,0.880171149969101,0.9196982875466346
4.48000000000059,176.71981843915174,19.32791003038135,122.74038228506828,81.1731645562867,124.7045898901173,73.0371691705706,0.8940749436616897,0.9274274080991745,0.9043293505907058,0.8706035315990448,0.8838066115975379,0.9081901893019676
4.500000000000899,176.79118613663522,19.835939749167345,122.69710764842058,79.34829644460034,124.63092656216243,73.07294901686791,0.8908251389861107,0.9275071948766708,0.9063383877277374,0.8712617591023445,0.8901865899562835,0.8945404857397079
4.5200000000012075,176.8761295480331,20.328347490523495,122.65826233246398,77.48531670514143,124.55738927244848,73.10887525526218,0.8876590818166733,0.9276306390762329,0.9080051481723785,0.8720218569040298,0.896729364991188,0.8837076649069786
4.540000000001516,176.97703020879004,20.790870200245987,122.62268093215869,75.6162373487744,124.4840031338925,73.14494221258389,0.8848699331283569,0.9279276490211487,0.909307387471199,0.8731079995632172,0.9027183264493942,0.8794646382331848
4.560000000001825,177.0979029067893,21.209362320794526,122.58949620241526,73.77502192899274,124.4107932077936,73.18114419344238,0.881657549738884,0.9284166246652603,0.9101805806159973,0.8743978157639504,0.909407339990139,0.8760683357715606
4.5800000000021335,177.23875064247653,21.571894598115957,122.55799965596509,71.9948154524256,124.33778449527446,73.2174754811252,0.8795324087142944,0.9289192527532577,0.9108219772577285,0.8762821838259697,0.9160986468195915,0.8732633128762245
4.600000000002442,177.39898684959738,21.86847361769109,122.52753541198288,70.30914984150415,124.26500192874354,73.25393033850088,0.8779336959123611,0.9290532737970352,0.9102136969566345,0.8804821386933327,0.9232924789190292,0.8728959888219833
4.620000000002751,177.5791686861433,22.091157676736625,122.49742295989299,68.75046980125788,124.19247036338064,73.29050300892482,0.8770462155342101,0.928899672627449,0.9099994510412216,0.884380304813385,0.9304778665304184,0.8725262507796288
4.6400000000030595,177.77957234530726,22.235312450817496,122.46693390032175,67.34516818132622,124.12021456864886,73.3271877171484,0.8760910004377365,0.9281784892082214,0.9103880807757377,0.8881159603595733,0.9375576913356781,0.8722441896796226
4.660000000003368,178.00005184092214,22.300460713752436,122.43542550607039,66.10977812876108,124.04825921983591,73.36397867023095,0.8755355551838875,0.9258126467466354,0.9136410772800445,0.8913922250270844,0.9476089298725128,0.8712863013148308
4.680000000003677,178.2396194586999,22.28999998131513,122.40624982034032,65.051272861853,123.97662888962752,73.40087005845444,0.8756907343864441,0.9240237742662429,0.9160185113549232,0.8947860866785049,0.952314704656601,0.8710907638072968
4.700000000003985,178.4970548685653,22.210354017912746,122.38006482415388,64.17678759740888,123.9053480397158,73.43785605624106,0.8762425363063812,0.9226962998509407,0.9183524668216705,0.8980039596557617,0.9557514905929565,0.8708647429943085
4.720000000004294,178.77084758220104,22.07008071176506,122.35413815522918,63.52906639645012,123.83444101244572,73.47493082307298,0.8771537274122237,0.9214784249663353,0.9211701408028602,0.9002395361661911,0.9593075454235077,0.8704017624258995
4.740000000004603,179.0589667398597,21.87904381547614,122.32406406407216,63.11881914296665,123.76393202250213,73.51208850441472,0.8779623866081238,0.9205919057130814,0.9236924588680268,0.9020089894533158,0.9624392569065093,0.8699372574687004
4.760000000004911,179.3590382465352,21.64651951043225,122.28430434157993,62.94993627484874,123.69384514864049,73.54932323263768,0.8786688759922981,0.9199363067746162,0.9254248619079589,0.9028584897518158,0.9645952433347702,0.8697615057229996
4.78000000000522,179.668409901935,21.380984716671392,122.22925629092862,63.02700406790888,123.62420432546404,73.58662912794661,0.8796939179301262,0.9193738833069801,0.92663953602314,0.9021154642105103,0.965905949473381,0.8687471881508827
4.800000000005529,179.98390898410196,21.089619463013513,122.1533193710666,63.3501177216572,123.55503333525007,73.6240002993082,0.8806570902466774,0.9191873714327812,0.9273852437734603,0.9008654296398163,0.9668532162904739,0.8676722973585128
4.820000000005837,180.3017883397058,20.779144754328055,122.05143034034477,63.91347056222628,123.4863557998284,73.66143084538123,0.8817706137895583,0.9188712686300278,0.9270572811365128,0.8988207817077637,0.9674273788928985,0.8667566984891891
4.840000000006146,180.61929794576977,20.455024171672516,121.92050906235245,64.70651670159202,123.41819517251444,73.69891485544862,0.8829866066575051,0.9187848210334778,0.926258635520935,0.8961732044816016,0.9675923883914948,0.8658488780260086
4.860000000006455,180.93237376802003,20.12290975245694,121.7600277447522,65.7137381551918,123.35057473009999,73.73644641035062,0.8845953732728958,0.9194949448108672,0.9257837861776351,0.8930392891168594,0.9669714570045471,0.8647302180528641
4.880000000006763,181.23940244488276,19.794039773197674,121.57223920887046,66.89623232267903,123.28351756490417,73.77401958341963,0.8870467782020569,0.9207451671361923,0.9243143692612648,0.8898613810539245,0.9625640332698822,0.864143918454647
4.900000000007072,181.536276586562,19.47144263902647,121.36259885307831,68.23349123552273,123.21704657688748,73.81162844141608,0.8894362866878509,0.9224011674523354,0.9221626117825508,0.8869787976145744,0.9561798214912415,0.8648591473698616
4.920000000007381,181.81973367979785,19.154596859331097,121.13888205207883,69.71241704663977,123.15118446583143,73.8492670454653,0.8915197014808655,0.9244058191776275,0.9194340363144874,0.884472331404686,0.9480828046798706,0.866885507106781
4.940000000007689,182.08787750371735,18.843656897646493,120.90970837041107,71.31671243072272,123.08595372358661,73.88692945199537,0.8936250165104865,0.9266678512096405,0.9164453983306885,0.8819475099444389,0.9385850936174392,0.8693275824189186
4.960000000007998,182.34040712612997,18.538871921995298,120.6838394003374,73.02766270522206,123.02137662639173,73.92460971367575,0.8958712637424469,0.9283611387014389,0.9128076836466789,0.8800272449851035,0.9288896411657334,0.8723357737064361
4.980000000008307,182.5753210194508,18.24126329729755,120.46993713806407,74.82402794224109,122.95747522726633,73.96230188035629,0.8982723772525787,0.9304377138614655,0.9072662085294724,0.8789872005581856,0.9153216868638993,0.8780103623867035
5.000000000008615,182.79134002107213,17.95271130810227,120.27497646121297,76.68022963379391,122.89427134847968,74.00000000000693,0.9008858636021614,0.932409119606018,0.9031382530927657,0.8778585538268089,0.9028032228350639,0.885529488325119
5.020000000008924,182.98752102651702,17.67602333380313,120.10316284409551,78.56569279355296,122.83178657409847,74.03769811965756,0.9025095567107201,0.9344546973705291,0.9013102203607559,0.8776033997535705,0.8952539309859275,0.8913151651620864
5.040000000009233,183.16297070973573,17.417077559655755,119.95582750074533,80.4366513024031,122.77004224261593,74.0753902863381,0.9031836986541748,0.9362726986408233,0.9004684716463088,0.8767359018325805,0.8884411960840225,0.8980317384004592
5.060000000009541,183.31973550360576,17.184977036343927,119.83207510748893,82.23659086861761,122.70905943966467,74.11307054801847,0.9051584839820862,0.9371976673603057,0.9001154482364654,0.8759496480226516,0.8835821732878685,0.9060290351510047
5.08000000000985,183.45839889912884,16.982552556668928,119.72924365205803,83.92445911165795,122.64885899081605,74.15073295454856,0.9072715684771537,0.9374303758144379,0.9012065529823303,0.8752674594521522,0.8805869281291961,0.9162645727396012
5.100000000010159,183.57876611991625,16.813664304850235,119.64346898917763,85.45548752269748,122.58946145446819,74.18837155859777,0.908963081240654,0.9381815999746322,0.9026600241661071,0.8746945440769195,0.8776573300361633,0.9282306134700775
5.120000000010467,183.6809529389393,16.684488353297155,119.57082464399426,86.78399107305262,122.53088711482536,74.2259804165942,0.9100745975971222,0.9381589531898499,0.9036124497652054,0.8743128031492233,0.876084840297699,0.9355892717838287
5.140000000010776,183.76565459074712,16.601795979016053,119.50775280392834,87.87129435196779,122.47315597497087,74.26355358966319,0.9101152330636978,0.9376009285449981,0.9041805282235146,0.8741872578859329,0.8750241294503212,0.9412388354539871
5.160000000011085,183.83412227900615,16.57329303166035,119.45134983782526,88.6845492189871,122.4162877500361,74.30108514456518,0.9095319375395775,0.936846825480461,0.9047406584024429,0.8739690959453582,0.874415272474289,0.9452710181474685
5.180000000011393,183.88781749385885,16.608658079246084,119.39937920231132,89.19165148139498,122.36030186046777,74.33856915463254,0.9078726470470428,0.9359697341918946,0.9050830289721489,0.8738111585378646,0.8742911040782928,0.9477926611900329
5.200000000011702,183.92831138724696,16.72044243434022,119.35022287084196,89.35547106998054,122.30521742539587,74.37599970070556,0.9060844808816909,0.9348395854234696,0.9056530654430389,0.8733869761228561,0.8745851591229439,0.9485189765691757
5.220000000012011,183.95759272270368,16.92067934386079,119.30279156698029,89.14029778394064,122.25105325610453,74.41337087206712,0.9041919946670532,0.9334554940462112,0.9064511120319366,0.8726976707577705,0.875334894657135,0.9473301768302917
5.240000000012319,183.9781394117172,17.212759699912677,119.25637148642544,88.53686778303995,122.19782784960792,74.45067676737602,0.9024301007390022,0.9319419413805008,0.9064153447747231,0.8720780447125435,0.8764289185404778,0.9447698831558228
5.260000000012628,183.993038425173,17.588607115577638,119.210488085352,87.56745888901347,122.14555938233363,74.48791149559895,0.9007178902626037,0.9302125960588455,0.9063246548175812,0.8712806284427642,0.8780253201723098,0.9400169998407364
5.280000000012937,184.00576656734626,18.031582340724402,119.16486895949713,86.28028020685666,122.09426570391533,74.52506917694068,0.9001523867249489,0.9284658968448639,0.9056112319231033,0.8708355784416199,0.879472590982914,0.9306155890226364
5.300000000013245,184.0222833774524,18.518962346949024,119.11940662297644,84.74083633935078,122.0439643310972,74.56214394377255,0.8990730166435241,0.9277875483036041,0.9053764849901199,0.8707073286175727,0.8808035433292388,0.9224028125405311
5.320000000013554,184.0457369743406,19.027627901178917,119.07687755826174,83.05524842859084,121.994672441752,74.59912994155913,0.8973412841558456,0.9279758751392364,0.905737067759037,0.8708313360810279,0.8825374349951743,0.9144348502159119
5.3400000000138625,184.07769753755224,19.541275531497313,119.04183542452517,81.29073480590547,121.94640686901478,74.63602132978261,0.8941851645708084,0.9280901461839676,0.9080640763044358,0.8714936226606369,0.8890814125537873,0.8994452983140945
5.360000000014171,184.1218702420047,20.04576315819603,119.01210366468814,79.47499689088006,121.89918409553441,74.6728122828651,0.8908987164497375,0.9282077342271805,0.9098880320787429,0.8722425267100334,0.8955795645713805,0.8878926753997802
5.38000000001448,184.18351242874388,20.52730070057756,118.98577683937938,77.63744212862352,121.85302024784478,74.70949699108864,0.8878501623868942,0.9283752292394638,0.9113330096006393,0.8731085225939751,0.9019112408161163,0.8806581273674965
5.4000000000147885,184.26271037103183,20.971419196254484,118.96135109684603,75.81072415712951,121.80793109085756,74.74606966151255,0.8852392330765724,0.9286184966564178,0.9123797595500945,0.8741159066557884,0.9075953647494316,0.8778958097100258
5.420000000015097,184.3607451234369,21.365641173547882,118.93762027806899,74.0283798991373,121.7639320224786,74.78252451888818,0.8820751070976257,0.9292365223169327,0.9132064163684844,0.8755202978849411,0.9145692825317383,0.8743290036916732
5.440000000015406,184.47913645116063,21.699258097036598,118.91358534293087,72.32359438569871,121.7210380683494,74.81885580657095,0.8810178115963936,0.929733920097351,0.912305037677288,0.8771345406770706,0.9189951464533805,0.8718129262328148
5.4600000000157145,184.62035016856447,21.962624855579033,118.88834848470698,70.73044746353573,121.67926387671602,74.8550577874294,0.879699657857418,0.9299326181411743,0.9117763876914978,0.8807594209909438,0.9255599468946457,0.871443223953247
5.480000000016023,184.78255308606933,22.149339914955203,118.86107749476139,69.2787306004028,121.63862371342664,74.89112474475105,0.8788449227809906,0.9302849799394607,0.9120028242468834,0.8843189358711242,0.9322647094726563,0.8712214276194572
5.500000000016332,184.96537902848888,22.25697754424563,118.83224423405382,67.989425756314,121.59913145705978,74.92705098314526,0.8778186738491058,0.9295361250638962,0.9137111678719521,0.8874559894204139,0.939876988530159,0.8710277765989304
5.5200000000166405,185.1680132074401,22.287523436983022,118.80592937890741,66.87339914400297,121.56080059418483,74.96283082944252,0.8773364171385765,0.927406620979309,0.9166485980153084,0.8904072999954223,0.9488982856273651,0.8702345088124275
5.540000000016949,185.3896778681136,22.246232933999817,118.78224955980242,65.93289411247696,121.52364421475632,74.9984586335903,0.8775383740663528,0.9253995597362518,0.9184746012091637,0.8931702166795731,0.9536731630563736,0.8701701492071151
5.560000000017258,185.6290302384214,22.14096868971379,118.75989033142086,65.19303496438023,121.48767500764379,75.03392876954535,0.8782193422317505,0.9236697271466255,0.9206761315464973,0.8952421113848686,0.9575445652008057,0.8700017377734184
5.5800000000175665,185.8841663592613,21.98100728688276,118.73604752379444,64.67963890082805,121.45290525629854,75.06923563616199,0.8789185717701912,0.92235789000988,0.9228163465857505,0.8968715220689774,0.9608816266059875,0.8697583675384521
5.600000000017875,186.15294211273195,21.7762831395088,118.70675112988481,64.39369030128873,121.41934683455878,75.10437365807671,0.8795983597636222,0.9214886084198951,0.9248159155249596,0.897995188832283,0.9636431485414505,0.8694842368364334
5.620000000018184,186.43252102223863,21.536777372723662,118.66771354087567,64.33671745753276,121.3870112025948,75.1393372865885,0.880675932765007,0.9206898376345635,0.9258919239044189,0.8973246544599532,0.9648849755525588,0.8687552481889724
5.640000000018492,186.72103197467928,21.270450474055668,118.61502627620166,64.51111669098934,121.35590940299531,75.17412100053512,0.8817661345005036,0.9203227281570434,0.9269107609987258,0.895979231595993,0.9656854361295699,0.8677889958024024
5.660000000018801,187.01485904115174,20.984324784975048,118.54522926133833,64.91578811099927,121.32605205699636,75.2087193071649,0.8829410091042519,0.9204208701848984,0.9277341276407242,0.894186407327652,0.9660642981529235,0.8667089775204658
5.68000000001911,187.31223420958128,20.683935175303446,118.4561087307717,65.54492814948453,121.29744936085424,75.24312674300417,0.8844160094857215,0.9204900041222572,0.9278362929821015,0.8917895942926407,0.9660524159669875,0.865726837515831
5.700000000019418,187.60937758523656,20.373930194251482,118.3472557638627,66.3878969601844,121.27011108236353,75.27733787471992,0.885955436527729,0.9209117144346237,0.9274937838315963,0.8890415236353874,0.9656026899814605,0.8647385597229004
5.720000000019727,187.9023080252277,20.066042188724495,118.22044509523002,67.40821726679866,121.24404655752124,75.31134729997787,0.8882803797721862,0.9218687087297439,0.9262585282325745,0.8863147184252739,0.9616581708192825,0.8642105177044869
5.740000000020036,188.18708817164065,19.76425718309735,118.07998282927508,68.58483865674054,121.21926468733875,75.34514964829553,0.890801665186882,0.9231957718729973,0.9246634274721145,0.8835497856140136,0.956392753124237,0.8637557938694954
5.760000000020344,188.4624159863595,19.467742453115722,117.93261827538227,69.90766871007578,121.19577393480203,75.37873958189026,0.8927622526884079,0.9249402984976768,0.9223472595214843,0.881515097618103,0.9495424449443817,0.8649502977728843
5.780000000020653,188.7257146383631,19.175798213229672,117.78678852510228,71.36246275219823,121.17358232198154,75.41211179652213,0.8947663545608521,0.9269967883825302,0.9197529643774033,0.8795304998755454,0.9413133740425109,0.8668980956077575
5.800000000020962,188.97415770482274,18.888634290522774,117.65129734769596,72.9318099101939,121.15269742729274,75.44526102233161,0.896851298213005,0.928508186340332,0.9168644577264785,0.8777475640177727,0.9328081160783768,0.8693499073386192
5.82000000002127,189.2056207333461,18.60721826156582,117.53401328343679,74.59540038324678,121.133126382908,75.47818202467167,0.8986297100782394,0.9301637530326843,0.9134352803230286,0.8768932312726975,0.9234963983297347,0.8728172391653061
5.840000000021579,189.41832430062652,18.333298348303586,117.440458621025,76.32854572736537,121.1148758723211,75.51086960493438,0.9007157355546951,0.9319846600294113,0.9096513852477074,0.8760765209794045,0.911034694314003,0.8806028157472611
5.860000000021888,189.61033967571407,18.068988107839797,117.37328854867691,78.10206787493571,121.09795212806465,75.54331860137192,0.9028021723031997,0.9338358759880065,0.9064481079578399,0.8755421891808509,0.9002890318632125,0.8886143282055855
5.880000000022196,189.78294430662152,17.817070782022963,117.33200017338412,79.88254353852204,121.08236092958181,75.57552388991157,0.9039385035634041,0.9356399834156036,0.9050585806369781,0.8751800507307053,0.8935773849487304,0.8943090960383415
5.900000000022505,189.93620501338893,17.582579749478377,117.31362381546457,81.62781754417132,121.0681076012526,75.60748038496494,0.9046639829874038,0.9371813952922821,0.9043693378567695,0.874475148320198,0.8875709444284439,0.9010879635810852
5.920000000022814,190.06961056101702,17.374491655348983,117.31355523200608,83.28165414285456,121.05519701057558,75.63918304023103,0.9068900823593139,0.9374459415674209,0.9045151919126511,0.8738138452172279,0.883978259563446,0.9086765900254249
5.940000000023122,190.18327960194847,17.195831174547138,117.326205856307,84.80501784027311,121.04363356650563,75.67062684949303,0.9089792504906654,0.9374101340770721,0.9056278437376022,0.8730859160423279,0.8813703566789627,0.9173483282327651
5.960000000023431,190.2777904588996,17.051063507243782,117.34588925368371,86.15641008555968,121.03342121794832,75.70180684740897,0.9099300354719162,0.9380670964717864,0.9066996455192565,0.8730606496334076,0.8792558282613754,0.9266251772642136
5.98000000002374,190.3539659371177,16.947174406155874,117.36754759297988,87.29472459784911,121.0245634524113,75.73271811029574,0.9105363130569458,0.9375607222318649,0.9072592124342919,0.8727936848998069,0.8780162990093231,0.9320830971002578
6.000000000024048,190.4130173372549,16.891139333790264,117.38715877851655,88.18692255016245,121.01706329481341,75.76335575690656,0.9106054201722145,0.9368712782859802,0.9078781723976135,0.8725488752126693,0.8771609917283058,0.9365219295024871
6.020000000024357,190.4566081215559,16.890170649500284,117.40186602340493,88.80581820159532,121.0109233064516,75.7937149492019,0.9096966251730919,0.9360475808382034,0.9083118095993995,0.8723319381475448,0.8768097922205925,0.939499431848526
6.040000000024666,190.48643054562112,16.952166077683717,117.40991503571429,89.12671704047447,121.00614558412627,75.82379089311334,0.9081467375159263,0.9350667238235474,0.9087246373295784,0.8720447808504105,0.8769122838973998,0.9409616827964783
6.060000000024974,190.50424177804678,17.085304984814073,117.41051894083301,89.1254156951595,121.0027317594252,75.8535788393007,0.906464621424675,0.9338743299245834,0.9093558326363563,0.8715375483036041,0.8774279296398163,0.9407521933317184
6.080000000025283,190.51209005930053,17.296393522324134,117.40356155842332,88.78435322593647,121.00068299816641,75.88307408390196,0.9049473449587822,0.9327233225107193,0.9095429077744484,0.8712471097707748,0.8783891037106514,0.9391802936792374
6.100000000025592,190.51248111450624,17.583348009406922,117.38942926900445,88.1092159287961,121.0,75.91227196927606,0.9035214245319366,0.9315383046865463,0.9097878202795983,0.8709792643785477,0.8799199521541595,0.935709273815155
6.1200000000259,190.50838253274364,17.936284937742215,117.36888152114275,87.12897372930743,121.00068299816921,75.94116788473846,0.9027720063924789,0.9301821440458298,0.9093918770551681,0.8707554385066032,0.88124590665102,0.9289055198431014
6.140000000026209,190.50309892119543,18.339261145614792,117.34291564185963,85.89102653992936,121.00273175943079,75.96975726728911,0.9017031908035278,0.9295241713523864,0.9089462593197822,0.8707969143986701,0.8822154045104981,0.9229022309184074
6.160000000026518,190.5001516789263,18.773338113403472,117.31269562749166,84.46373579478166,121.00614558413464,75.99803560233309,0.900408524274826,0.9293005108833313,0.9085308969020843,0.8709467828273773,0.8830887049436569,0.9170979663729667
6.180000000026826,190.50612476152358,19.22264097191711,117.27953123971834,82.93555601572227,121.01092330646277,76.0259984243935,0.8981107115745545,0.929164057970047,0.9096463203430175,0.8714207381010055,0.8872247919440269,0.905929659307003
6.200000000027135,190.52152634333845,19.673254321605874,117.24751007763905,81.33904884641578,121.01706329482737,76.05364131781657,0.8951879262924194,0.9291741341352463,0.9114125102758407,0.8720880448818207,0.8930546805262566,0.894389821588993
6.220000000027444,190.54854071683576,20.111589135164333,117.21800460342592,79.70240826458645,121.02456345242803,76.08095991746897,0.89231448918581,0.9293379992246628,0.9131019577383995,0.8727539390325546,0.8990523323416709,0.8848746940493584
6.240000000027752,190.58975636872003,20.52446812513572,117.18978916688465,78.05592394726568,121.0334212179678,76.10794990942715,0.8896941810846328,0.9296690821647644,0.9146534457802772,0.8734730705618858,0.9048050671815872,0.8790248766541481
6.260000000028061,190.64844480629802,20.900191059123326,117.16186207226659,76.43002147322157,121.04363356652789,76.13460703165848,0.8872281268239021,0.9302061766386032,0.9159786537289619,0.8743707880377769,0.9102873101830482,0.8764873012900353
6.2800000000283696,190.7248529273873,21.228310969226715,117.13339525852636,74.8543359069874,121.0551970106006,76.16092707469436,0.8844801008701324,0.9309728592634201,0.9170688286423683,0.8755323052406311,0.9165931299328803,0.8734171286225318
6.300000000028678,190.81935137978834,21.49972007862808,117.10366233173129,73.35944015030182,121.06810760128037,76.18690588229487,0.8833471715450286,0.9317582368850708,0.9169142127037048,0.8769606038928032,0.9207413673400878,0.8717527464032173
6.320000000028987,190.93265695794986,21.70701195963039,117.07372686727925,71.97451294225523,121.08236092961232,76.21253935210514,0.8828693807125091,0.9323602139949798,0.9161452367901802,0.8788453564047813,0.9247348099946976,0.8707393541932106
6.3400000000292955,191.0648968657237,21.84603698948658,117.04626978094392,70.7233084019118,121.09795212809789,76.23782343630312,0.8819835364818572,0.9328231185674667,0.9150078728795051,0.881459093093872,0.9293263047933579,0.8701870381832123
6.360000000029604,191.21610045997875,21.915932893707975,117.0220910065429,69.62138122866423,121.11487587235705,76.26275414223883,0.881506934762001,0.9324311763048172,0.9158369615674019,0.8839244410395622,0.9356658756732941,0.86966672539711
6.380000000029913,191.38594214344806,21.919590574565394,117.0019995692921,68.6756261960441,121.13312638294667,76.2873275330648,0.8809644713997841,0.9309655994176864,0.9187729924917221,0.8859082028269768,0.9434494495391845,0.8693321153521537
6.4000000000302215,191.57372606444525,21.862733490447233,116.98652934338251,67.88981643886515,121.15269742733409,76.31153972835774,0.8811113715171813,0.929103672504425,0.9212630033493042,0.8875488072633743,0.9504833459854126,0.8687158152461052
6.42000000003053,191.7782165239677,21.75297134814073,116.97527342276882,67.29693530354578,121.17358232202557,76.33538690473135,0.8815179675817489,0.927600285410881,0.9235577270388603,0.8888197809457778,0.9561173439025878,0.8679966524243354
6.440000000030839,191.99769779741487,21.59931962748323,116.96647123521832,66.90352459960758,121.19577393484873,76.35886529644002,0.882402940094471,0.9265565574169159,0.9253692954778671,0.8898104369640351,0.9590874433517456,0.8674377962946892
6.4600000000311475,192.2302370922444,21.411012153246645,116.95703638480383,66.70608683034828,121.2192646873881,76.38197119597353,0.8834472134709358,0.9258788973093033,0.9269416600465774,0.8903100073337554,0.9613452106714249,0.866749595105648
6.480000000031456,192.47355812732135,21.19665672767787,116.94373138910817,66.7019149575353,121.24404655757321,76.40470095464252,0.8846922099590301,0.9253429472446442,0.9277133941650391,0.8896844178438187,0.9623575925827026,0.8660503163933754
6.500000000031765,192.72517105648666,20.963714969467365,116.9245465508615,66.89069179739954,121.27011108241811,76.42705098315456,0.8858723819255828,0.9251004040241241,0.9286372542381286,0.8884296402335167,0.9630244433879852,0.8652559578418731
6.5200000000320735,192.9821755689354,20.717908202453884,116.89906308373804,67.27319396489274,121.29744936091143,76.44901775218109,0.8872844621539115,0.9252927809953689,0.9291531324386596,0.886922462284565,0.9624790072441101,0.8645208314061165
6.540000000032382,193.2413675354111,20.46374745091424,116.86850486485093,67.8487187478427,121.32605205705612,76.47059779291463,0.8891858667135238,0.9255278587341308,0.9287602603435516,0.885090446472168,0.9603817969560623,0.8640327230095863
6.560000000032691,193.49933721372116,20.20693202591863,116.83546980553157,68.60694152323727,121.35590940305762,76.49178769761657,0.8912531971931458,0.926105535030365,0.9279988080263137,0.883098503947258,0.9573022007942199,0.863582406938076
6.5800000000329995,193.75450069827752,19.957960354844907,116.80372765534989,69.51622544770595,121.38701120265965,76.51258412015532,0.8934378519654274,0.9270084828138351,0.9269039481878281,0.8810369715094566,0.9532149076461792,0.8631860166788101
6.600000000033308,194.00313377248668,19.716363189330615,116.77792144494457,70.5698814380963,121.41934683462614,76.53298377653469,0.8951027572154998,0.9282726168632507,0.9256792247295379,0.8796746104955673,0.9483398944139481,0.8636060237884521
6.620000000033617,194.24216745401003,19.480624074172948,116.76359636497251,71.7598166643029,121.45290525636838,76.55298344541247,0.8965958088636398,0.9298454463481903,0.9240554735064507,0.8785421773791313,0.9422098577022552,0.8652980059385299
6.640000000033925,194.46890676546076,19.250424131013478,116.76629477882831,73.07265217800573,121.4876750077161,76.57257996860906,0.8983776539564132,0.9307368516921997,0.9222531363368034,0.8775297239422798,0.9361767113208771,0.867313203215599
6.660000000034234,194.68104252587543,19.02556720293189,116.79019439997512,74.4897878916997,121.52364421483107,76.59177025160632,0.9000807762145996,0.9315909206867218,0.9205701664090157,0.8764781326055526,0.9295966893434524,0.8703601881861687
6.680000000034543,194.87637335358855,18.806768260227784,116.8375391097728,75.98799931635357,121.56080059426199,76.61055126403608,0.9015355125069618,0.9327705830335616,0.9183733031153679,0.8754768192768096,0.9202695444226264,0.8762663185596465
6.700000000034851,195.0529970077123,18.595200331630338,116.90846653256354,77.54019039114213,121.59913145713934,76.62892004015876,0.9032429486513137,0.9342322081327438,0.9150214940309525,0.874822038412094,0.9093552470207215,0.8837288498878478
6.72000000003516,195.21177657322184,18.392500956095617,117.0010000969905,79.11622901749517,121.63862371350855,76.64687367933168,0.9046160250902175,0.9356807619333267,0.9120503976941109,0.8742335081100464,0.8997485041618347,0.8915121644735337
6.740000000035469,195.35214068950083,18.200951796963427,117.1112446527475,80.68332768381767,121.67926387680028,76.66440934646708,0.904860271513462,0.9369640290737152,0.9109440803527832,0.8735481724143028,0.8937159433960914,0.896960911154747
6.760000000035777,195.47351687479593,18.027901360977395,117.23400581245554,82.19311261559129,121.72103806843594,76.68152427247986,0.9059248626232147,0.9379807025194168,0.9098503962159157,0.872967554628849,0.888480544090271,0.9034596800804138
6.780000000036086,195.57596002639124,17.87695155284949,117.36355283991236,83.60709984079722,121.76393202256742,76.69821575472477,0.9075694680213928,0.9380089104175567,0.9096564903855323,0.8723603114485741,0.8852228805422783,0.9100264966487884
6.800000000036395,195.66009377900136,17.750481226098547,117.49389673015688,84.89199721070203,121.80793109094864,76.71448115742331,0.908726841211319,0.9377088785171509,0.910076855123043,0.8719921737909316,0.8833143725991249,0.9160310104489326
6.820000000036703,195.72688685152474,17.653102154938935,117.61900242177138,86.01048017833232,121.85302024793806,76.7303179120798,0.9096878632903099,0.9371208488941193,0.9101906299591064,0.8715471237897873,0.8817052572965621,0.9211591303348541
6.840000000037012,195.77766192279353,17.591550981500816,117.73362607569631,86.92569476320608,121.89918409562988,76.74572351788711,0.9098820060491561,0.9365061759948731,0.910346108675003,0.871345654129982,0.8805120140314102,0.9258928179740905
6.860000000037321,195.81418599105842,17.572415650965834,117.83398912359596,87.60869507561888,121.9464068691124,76.7606955421215,0.9100275203585625,0.9357441246509551,0.9108362913131713,0.8710397437214851,0.8798510193824768,0.9290100812911987
6.880000000037629,195.83837759128383,17.602105276225952,117.9177610881071,88.03667693973775,121.99467244185173,76.77523162052678,0.909409087896347,0.93491230905056,0.9112707376480103,0.8707852825522423,0.8796782314777374,0.9308733135461807
6.900000000037938,195.8521054184287,17.686046446594098,117.98396547073509,88.19299053614328,122.043964331199,76.78932945768766,0.9082596629858016,0.9341029167175293,0.9118657320737839,0.8706668272614478,0.880126741528511,0.9311198621988296
6.920000000038247,195.85726585929262,17.827043381647787,118.03276425102179,88.07005600962547,122.09426570401916,76.80298682739222,0.9071173638105392,0.9332379132509231,0.912058225274086,0.870588394999504,0.8808812201023102,0.9303787767887115
6.940000000038555,195.8559411052904,18.02393326499819,118.06515526800645,87.67177641773083,122.14555938243949,76.81620157298346,0.9059254974126816,0.9322903245687485,0.912170860171318,0.8704516515135765,0.8820072203874588,0.9283643215894699
6.960000000038864,195.85031567497165,18.272190491244324,118.08271071858933,87.01367033170102,122.19782784971576,76.82897160769987,0.905075004696846,0.9315187066793441,0.911803737282753,0.8704881697893142,0.8827283143997192,0.9247463881969452
6.980000000039173,195.8427490607744,18.562514442624753,118.0874321135111,86.12466368833677,122.2510532562143,76.84129491500494,0.904001834988594,0.931160944700241,0.911448572576046,0.8706593662500381,0.8833100900053977,0.9212889537215233
7.000000000039481,195.83566813741356,18.88200527661829,118.08157172665356,85.04561388385872,122.30521742550755,76.85316954890558,0.9028533220291137,0.9309207618236541,0.9111244052648544,0.8708178713917732,0.883996096253395,0.9171465277671814
7.02000000003979,195.83192855393895,19.215920532969204,118.06746806063181,83.84442088549383,122.3603018605813,76.86459363425945,0.9013663768768311,0.9307962357997894,0.9112181708216667,0.8710536867380142,0.885533708333969,0.9114104002714157
7.040000000040099,195.83594866035136,19.553130701078743,118.0473533324849,82.58284958875578,122.41628775015147,76.87556536707102,0.8988901436328888,0.9307538300752639,0.91280667334795,0.8716132715344429,0.8903088092803955,0.9012848287820816
7.060000000040407,195.84814021956672,19.883852544726565,118.02322896583527,81.28106962224281,122.47315597508802,76.8860830147765,0.8963282003998756,0.9308638006448745,0.9142938330769539,0.8721840634942054,0.8950009226799011,0.8930629685521125
7.080000000040716,195.8698515869208,20.199000574608444,117.99671300248977,79.95983861785744,122.53088711494425,76.89614491651741,0.8939468681812286,0.9310922622680664,0.9157627582550049,0.8727234154939651,0.8997894793748855,0.8858743667602539
7.100000000041025,195.90270846350745,20.490399868792768,117.96902100924773,78.64000774265845,122.58946145458879,76.90574948340281,0.8918696224689483,0.9314279049634934,0.9171987190842629,0.8732011750340462,0.9045181155204772,0.8797901287674904
7.120000000041333,195.94807104679495,20.750680924238285,117.94102927323257,77.34221095930073,122.64885899093831,76.91489519876025,0.8894884690642356,0.9319925993680954,0.9183487474918365,0.8739713132381439,0.9094868004322052,0.8759574085474015
7.140000000041642,196.00700344876614,20.97380858537494,117.91343608892717,76.08766828088555,122.70905943978855,76.92358061837524,0.8873766630887985,0.9326892584562302,0.9193700700998306,0.8748159542679786,0.9143212899565697,0.8735719859600067
7.160000000041951,196.08142452290002,21.153454050154075,117.88702394178476,74.89913317397324,122.77004224274138,76.93180437071938,0.8861310854554176,0.9333428055047989,0.9202733755111694,0.8756327852606773,0.9190877586603164,0.871406777203083
7.180000000042259,196.17159090728734,21.285122396790975,117.86272098424674,73.79779174836955,122.83178657422546,76.93956515716678,0.8862332910299301,0.9339679211378097,0.9201085269451141,0.8766513809561729,0.9218377113342285,0.870442858338356
7.200000000042568,196.27737957507932,21.366248185361144,117.84162981805918,72.80073959764134,122.89427134860816,76.94686175219935,0.8864205583930015,0.9347700893878936,0.9199465125799179,0.8778687864542007,0.9246528550982475,0.8694430246949195
7.220000000042877,196.39900873395064,21.396618477730335,117.82500968899595,71.9196339016368,122.95747522739626,76.95369300360014,0.8862994879484176,0.9351463407278061,0.9197065353393554,0.879432152211666,0.9282166123390198,0.8687950253486633
7.240000000043185,196.53643416899413,21.378440774581453,117.8141006643487,71.16010455555524,123.02137662652306,76.96005783263533,0.8865576103329659,0.9343884378671646,0.9208151593804359,0.8806053772568703,0.9336377054452896,0.8679424315690994
7.260000000043494,196.68925920470045,21.316020616361143,117.81002095701076,70.52706802051665,123.0859537237193,76.96595523422467,0.8869498252868652,0.9337699472904205,0.9219608336687087,0.8816026493906974,0.9383841693401337,0.8671327039599418
7.2800000000438025,196.85654771408656,21.215189191201144,117.81356153317428,70.04816628071629,123.15118446596543,76.97138427710004,0.8871311426162719,0.9332227855920792,0.9236585199832916,0.8823389381170272,0.9425826579332351,0.8666674301028251
7.300000000044111,197.0366735462699,21.08288115754429,117.82459883011457,69.72667680611954,123.21704657702276,76.97634410395268,0.887606979906559,0.9326307862997055,0.9254772990942001,0.8829156264662742,0.9463280498981476,0.8660954356193542
7.32000000004442,197.22747747587724,20.92626108090552,117.84205168554257,69.55826621936927,123.28351756504067,76.98083393156843,0.8883686557412147,0.9321200668811798,0.9269958764314651,0.8832484349608422,0.9492326319217682,0.8655051216483116
7.3400000000447285,197.4267092338603,20.752164943055536,117.86416792075724,69.5376614580686,123.35057473023765,76.98485305095143,0.8893855169415473,0.9318765491247177,0.9280709505081176,0.8832509651780128,0.9508181124925613,0.8649590417742729
7.360000000045037,197.6332072151402,20.566997386764346,117.88951942412385,69.66086075775631,123.41819517265324,76.98840082743615,0.8908528864383697,0.9316388070583344,0.9281640410423279,0.8826741069555283,0.9506450116634368,0.8645693928003311
7.380000000045346,197.84391283516078,20.37519653709594,117.91743340698122,69.92490569898874,123.48635579996828,76.99147670078757,0.892245028913021,0.931562516093254,0.9283638298511505,0.8816920340061187,0.9497859716415405,0.8642293915152549
7.4000000000456545,198.0560620982442,20.181053706266198,117.9485013194848,70.32708805671432,123.55503333539099,76.99408018528963,0.893771930038929,0.9317483484745025,0.9283627033233642,0.8805886939167976,0.9481981754302978,0.8639211967587471
7.420000000045963,198.26691120919764,19.987751749246687,117.98472711127773,70.86352024737111,123.62420432560593,76.99621086982194,0.8954051360487938,0.9321850389242172,0.9281548321247101,0.8793971404433251,0.9458853602409363,0.8636503338813781
7.440000000046272,198.473853711983,19.803605071285446,118.02917504830938,71.51290787290834,123.69384514878332,76.9978684179247,0.896973168849945,0.932707667350769,0.9276449710130691,0.8785416319966316,0.9429819852113723,0.864127816259861
7.4600000000465805,198.67436960478634,19.63020044541039,118.08523363889587,72.267398260324,123.76393202264585,76.99905256785188,0.8983547121286392,0.9330889075994492,0.9271055430173873,0.8777612969279289,0.939675509929657,0.8654089018702507
7.480000000046889,198.8662642440186,19.466045337758825,118.15568534193866,73.12331638906012,123.83444101259028,76.99976313261244,0.8996378138661384,0.9333397209644317,0.9266064286231994,0.8768685728311538,0.9359299749135971,0.8674983382225037
7.500000000047198,199.04732415088515,19.30997266473396,118.2427601726499,74.07200776331128,123.90534803986115,77.0,0.9008358716964722,0.9337124943733215,0.9259518533945084,0.8760115221142769,0.9316853076219559,0.870115552842617
7.5200000000475065,199.21547979463696,19.161063098185107,118.34798481430262,75.10038253166101,123.9766288897736,76.99976313261044,0.9019333824515342,0.9342307418584823,0.9250359237194061,0.8752132341265678,0.9267331808805466,0.8734577193856239
7.540000000047815,199.369858270855,19.018924324367767,118.47191464974668,76.1915656407228,124.04825921998268,76.99905256784787,0.9028319269418716,0.9350472241640091,0.9233764231204986,0.8744626268744469,0.919435752928257,0.878406998515129
7.560000000048124,199.5098590135517,18.883484105683188,118.61385516995098,77.32575245689283,124.12021456879627,76.9978684179187,0.9035584926605225,0.935867416858673,0.9217031717300415,0.8736419379711151,0.9117520958185196,0.8839922785758972
7.580000000048432,199.63454363269824,18.755063388624748,118.77206471119415,78.48064108965251,124.19247036352864,76.99621086981394,0.9042771637439727,0.9367646515369416,0.9196922704577446,0.8728866234421729,0.903642338514328,0.8904964387416839
7.600000000048741,199.74300901941731,18.639026102892625,118.94410488574876,79.61852878757628,124.26500192889209,76.99408018527963,0.9047739088535308,0.9376878768205642,0.9180547058582306,0.8721857622265815,0.8967999249696731,0.8967592045664787
7.62000000004905,199.8350767648717,18.53727954055585,119.12693491043156,80.71122194032611,124.3377844954235,76.99147670077558,0.9049706488847732,0.9385578155517578,0.9170729458332062,0.8717865779995918,0.8925345331430435,0.9010460719466209
7.640000000049358,199.9111329471955,18.44969764850474,119.31681928291351,81.73678055207962,124.41079320794307,76.98840082742217,0.9060288608074188,0.9389865219593048,0.9161284729838371,0.8714065626263618,0.8890977650880814,0.9057245194911957
7.660000000049667,199.97198983250135,18.377592809502097,119.5091673261371,82.66999969983458,124.48400313404235,76.98485305093544,0.9065378457307816,0.9382617175579071,0.9156591176986694,0.87122882604599,0.88775455057621,0.908986622095108
7.680000000049976,200.01890562092,18.324308782116557,119.69898648434524,83.48261371420116,124.55738927259866,76.98083393155045,0.9068742349743842,0.9375177890062332,0.9153213202953339,0.871040566265583,0.8866120144724846,0.9120089709758759
7.700000000050284,200.05343092130008,18.295263995042095,119.88130243149205,84.14448551183759,124.63092656231291,76.97634410393272,0.9070732682943344,0.9367605566978454,0.9151770308613777,0.870802654325962,0.8857204750180244,0.9145566001534462
7.720000000050593,200.07740376092485,18.296513737309937,120.05176860755532,84.62847770714059,124.70458989026801,76.9713842770781,0.9071189910173416,0.9360132664442062,0.9151975274085998,0.8705338835716248,0.8850955203175545,0.9165582388639449
7.740000000050902,200.09287422295594,18.332480634410455,120.20707435581733,84.91693367063485,124.77835410050496,76.96595523420072,0.9070417791604996,0.9353278815746308,0.9151100650429725,0.8703202277421951,0.884705938398838,0.9181295216083526
7.76000000005121,200.10182601928955,18.405610127186417,120.34499202823434,85.00140435641083,124.85219400261354,76.96005783260942,0.9067822754383087,0.9346942901611328,0.915140038728714,0.870104032754898,0.8846107825636863,0.9190279543399811
7.780000000051519,200.10618492458352,18.51509760964141,120.46437327925887,84.88451580137331,124.92608438033483,76.95369300357225,0.906550845503807,0.9341243028640747,0.9148087412118912,0.870061993598938,0.8844999805092811,0.9184149578213692
7.800000000051828,200.10784308329445,18.657136842145277,120.56503798636098,84.57771855436671,125.00000000017252,76.94686175216951,0.9058976158499717,0.9336741209030152,0.9143387869000434,0.8701950311660767,0.884694355726242,0.9169881522655486
7.820000000052136,200.10866711961467,18.826356784761405,120.64764056597207,84.09896031353482,125.07391562001015,76.93956515713498,0.9051697045564652,0.9333037525415421,0.9139221504330635,0.8703239873051644,0.8849965423345566,0.9149932593107223
7.840000000052445,200.11020759867375,19.016221806701505,120.71349936909982,83.47076035014742,125.14780599773127,76.9318043706856,0.9043407678604126,0.9330242395401,0.9135532841086388,0.8704530462622643,0.8853780284523963,0.9126047432422638
7.860000000052754,200.11393848231148,19.21937327632114,120.76436788850916,82.718320073009,125.22164589983956,76.92358061833951,0.9031672388315201,0.9328279733657837,0.9136201918125152,0.8706653296947479,0.8866303160786628,0.9086965009570122
7.880000000053062,200.12107295672462,19.428630076092286,120.80224918745971,81.87021580906554,125.2954101100761,76.91489519872258,0.9013688623905182,0.9327045917510987,0.9145968198776245,0.8710656180977822,0.8898065388202667,0.9021473735570907
7.900000000053371,200.13445034488774,19.637485355467856,120.82912853369905,80.97589588114367,125.36907343803067,76.9057494833632,0.8994801357388497,0.9326921820640564,0.9156171947717666,0.8714790984988212,0.8930955395102501,0.89620713442564
7.92000000005368,200.15400756812204,19.840486042897137,120.84681759647191,80.056311508602,125.44261072774427,76.89614491647586,0.8976411461830139,0.9327767074108123,0.9166584730148315,0.8718817874789238,0.8964520335197449,0.8908046960830688
7.940000000053988,200.1801395603282,20.03251462375849,120.85692817905706,79.12346178586147,125.51599686629982,76.88608301473302,0.8954820036888123,0.9330216467380523,0.9175704330205917,0.8724406033754348,0.9001170128583907,0.886162780225277
7.960000000054297,200.21358085654833,20.208999300251687,120.86089094311275,78.18982315085937,125.58920679239822,76.87556536702562,0.8934264436364173,0.9333683669567108,0.9184369295835495,0.8730207338929176,0.9038522079586983,0.882085420191288
7.980000000054606,200.25519826835287,20.36566273987462,120.86006785983382,77.26906098901219,125.66221550491679,76.86459363421211,0.8916503429412842,0.933787077665329,0.9192911729216575,0.8735610380768776,0.9075286090373993,0.878486767411232
8.000000000054914,200.30591529631482,20.49796521894441,120.85591579533249,76.37658747368833,125.73499807144708,76.85316954885636,0.8901988476514816,0.9342621326446533,0.9201420590281486,0.8740411132574081,0.9110858395695686,0.8753225833177566
8.020000000054868,200.36662197663475,20.601843813595178,120.84999452455685,75.52786728514175,125.8075296368093,76.8412949149538,0.8893349081277847,0.9346845984458924,0.9209408298134804,0.8745074644684792,0.9146578714251518,0.8726537361741066
8.040000000054821,200.43816741667544,20.674547197187405,120.84392044052593,74.7367038996666,125.87978543154033,76.82897160764685,0.8894089728593826,0.9349066138267517,0.9216642394661904,0.8750293016433716,0.9186536118388176,0.8703023374080657
8.060000000054774,200.52125443043482,20.714703770194895,120.83926434316793,74.01407729414692,125.95174078035245,76.81620157292855,0.8896933540701866,0.9353701442480087,0.921737240254879,0.8755916491150856,0.9204755961894989,0.8696231707930565
8.080000000054728,200.6164336491553,20.722381422270814,120.83750378884874,73.36760882683849,126.02337111055996,76.80298682733543,0.8899179711937905,0.9359468191862106,0.9218054443597793,0.8763778135180473,0.9224506542086601,0.8689665034413337
8.100000000054681,200.72400006033163,20.6990249590071,120.84002465545446,72.80148640813611,126.09465196047073,76.78932945762901,0.890191100537777,0.9357310622930527,0.9228337809443473,0.8771676704287529,0.9262304812669754,0.8681573703885078
8.120000000054635,200.84388648030864,20.647258012696614,120.8481324129302,72.3223923296906,126.1655589877398,76.77523162046627,0.8905368506908417,0.9355500131845474,0.9238523811101913,0.877844239771366,0.9296237170696259,0.8674271702766418
8.140000000054588,200.97552316358613,20.57062131488188,120.86302530785683,71.95103028206101,126.23606797768231,76.76069554205915,0.8909637153148651,0.9354002118110657,0.9248518615961074,0.8783912047743797,0.9325967133045197,0.8667771592736244
8.160000000054541,201.11770129750371,20.473163966458895,120.88564661992571,71.69014644507818,126.30615485154281,76.74572351782292,0.8914402544498443,0.9352880150079727,0.9257939338684081,0.8788002014160156,0.9350701123476028,0.8662169620394706
8.180000000054495,201.26885075071255,20.359028468846716,120.91631500741231,71.53808662677807,126.37579567471806,76.73031791201379,0.8919451355934143,0.9351439535617828,0.9266283512115479,0.8790503352880478,0.9370376646518707,0.8657926365733146
8.200000000054448,201.4271472190006,20.232770139165936,120.95485712193238,71.49139092811869,126.44496666493076,76.71448115735548,0.8925163924694061,0.9351031929254532,0.9273601561784744,0.8792018264532089,0.9382888615131378,0.8659364387392997
8.220000000054402,201.5904596461188,20.098734515593154,121.00129429845863,71.54673319786757,126.51364420035111,76.69821575465514,0.893169492483139,0.935159358382225,0.9280010521411896,0.8792291402816772,0.938900226354599,0.8664225846529007
8.240000000054355,201.75653723871875,19.96035319885427,121.05602166777864,71.70118053099242,126.58180482766369,76.68152427240842,0.8940181121230125,0.9350976407527923,0.9282398402690887,0.8789926096796989,0.938700383901596,0.8669333666563034
8.260000000054308,201.92322020651636,19.820582621089244,121.11981286522114,71.95187506806836,126.64942527007669,76.66440934639387,0.8950206100940704,0.9349348843097687,0.9281243801116943,0.8785243943333626,0.9377490669488907,0.8675118073821068
8.280000000054262,202.08824883531102,19.682134233576182,121.19377183818759,72.29560644312183,126.716482435271,76.64687367925669,0.8960011273622512,0.9348452180624008,0.9279810428619385,0.8779745012521744,0.936347559094429,0.8683733016252517
8.300000000054215,202.24944543303528,19.546816337871803,121.27922588276387,72.72833806578001,126.78295342328612,76.62892004008201,0.8969321087002754,0.9348287940025329,0.927798581123352,0.877363722026348,0.9345151543617248,0.869536092877388
8.320000000054169,202.40478991510557,19.41719400432653,121.37759777144743,73.24194738821775,126.84881553434055,76.61055126395757,0.8977791994810104,0.9348855763673782,0.9275619566440582,0.8767143324017524,0.9322680532932281,0.8710346922278404
8.340000000054122,202.55395846893862,19.29673624428973,121.49022697142593,73.82232146857316,126.91404627658252,76.59177025152641,0.8985041111707687,0.9350143134593963,0.9272582232952118,0.8760513484477996,0.9296427518129349,0.8729003340005874
8.360000000054075,202.69547231901177,19.187307049857203,121.61795811421624,74.45651534296087,126.97862337377454,76.57257996852779,0.8990820869803429,0.9352224439382553,0.9268463164567947,0.8754025757312774,0.9266060531139374,0.8751817449927329
8.380000000054029,202.8281812026684,19.08931523712626,121.76086505608203,75.13257637666948,127.04252477289702,76.55298344532986,0.8995706021785735,0.9356503278017044,0.9258533179759979,0.8748399645090102,0.9219712182879448,0.8784252420067787
8.400000000053982,202.95099854763427,19.00175750347984,121.91834828924245,75.83996554288915,127.10572865168074,76.53298377645076,0.9000363320112228,0.9361263304948807,0.9247426196932792,0.8743125438690186,0.9170894861221314,0.8819446444511413
8.420000000053935,203.0632674383544,18.923382699949318,122.089284009123,76.56765990664019,127.16821342605898,76.5125841200701,0.9004772961139679,0.9366611182689667,0.923274302482605,0.8738724291324615,0.9115878239274025,0.88594541400671
8.440000000053889,203.16462600731384,18.85298242823713,122.27212914363827,77.30335797752534,127.22995775753853,76.49178769753009,0.900851222872734,0.9372146546840667,0.921954557299614,0.8734296321868896,0.9065259411931038,0.8899422764778137
8.460000000053842,203.2550203306383,18.789806200037965,122.46498792015987,78.03312902474642,127.29094056048677,76.47059779282691,0.9011417999863625,0.9377096205949783,0.9204668387770653,0.8729244023561478,0.901499244570732,0.8940370708703994
8.480000000053796,203.33463753863407,18.73384306213745,122.66553140242107,78.74099818066077,127.35114100933235,76.44901775209217,0.9013987064361572,0.9380627691745758,0.9187300056219101,0.872291986644268,0.8965704217553139,0.8979200780391693
8.500000000053749,203.4040379603734,18.68607430012854,122.87067752543085,79.40805791192011,127.41053854567714,76.42705098306446,0.9016738787293433,0.9383620858192444,0.9169816255569457,0.8717104434967041,0.892100404202938,0.9018573194742202
8.520000000053702,203.46406213188413,18.648571313521078,123.07671135282759,80.01344518175885,127.46911288531689,76.40470095455126,0.902111342549324,0.9380251914262772,0.9159511521458625,0.8714389637112617,0.8899254947900772,0.904886794090271
8.540000000053656,203.51578252599123,18.624220974152863,123.27947523115364,80.53555672726102,127.52684402516827,76.38197119588116,0.9021545305848121,0.9374830722808838,0.9154398649930954,0.8713521718978882,0.8890180140733719,0.9068785846233368
8.56000000005361,203.56046561402303,18.616334062970804,123.47483189623863,80.95407225853754,127.58371225009992,76.35886529634655,0.9021303236484527,0.9369429558515548,0.9149814084172249,0.8712546557188033,0.8882467448711395,0.9086576804518699
8.580000000053563,203.5995439381731,18.628252080657642,123.65892566997738,81.2514156085648,127.63969813966511,76.33538690463682,0.9020620122551918,0.9364139080047608,0.9146130338311195,0.8711342334747314,0.8876724481582642,0.9100502520799637
8.600000000053516,203.63456428549068,18.662894225067543,123.82835764486259,81.41401666180235,127.69478257473386,76.31153972826218,0.90194161683321,0.9359081864356994,0.9143477857112884,0.870993421971798,0.8873147174715995,0.9109914124011993
8.62000000005347,203.6670855155615,18.722358540131967,123.98042276326335,81.4331653704263,127.74894674402205,76.28732753296822,0.9019845366477967,0.9354215174913406,0.9139360621571541,0.8709026113152504,0.8869301378726959,0.9109468966722488
8.640000000053423,203.698564030549,18.806687080940236,124.1133819322908,81.30772440603633,127.80217215051547,76.26275414214128,0.9020434737205505,0.9349760919809341,0.9134906589984894,0.8708437502384185,0.8866339638829231,0.9101920515298844
8.660000000053376,203.73036903875845,18.913269764966493,124.22651137519406,81.04512511855089,127.8544406177866,76.23782343620461,0.9019767224788665,0.9345878601074219,0.9131344348192215,0.8708164229989052,0.8866093859076499,0.9087698638439178
8.68000000005333,203.76387942728135,19.03761312379692,124.31995909585338,80.65872410673354,127.90573429620171,76.21253935200569,0.9014052331447601,0.9342480778694152,0.9134224101901054,0.8709483206272125,0.8880461424589157,0.9049971044063568
8.700000000053283,203.80021154269645,19.174858044102336,124.39457798827728,80.16551809632338,127.95603566901664,76.18690588219452,0.9005448564887046,0.9339943498373031,0.9138230741024017,0.8711518689990043,0.8898274198174476,0.901017752289772
8.720000000053236,203.84020680879698,19.31939464628576,124.45175135202189,79.58503720169017,128.00532755835866,76.16092707459313,0.8994419902563094,0.9338280618190765,0.9143348753452301,0.8714221864938736,0.8919929236173629,0.8968027770519257
8.74000000005319,203.88454542724878,19.46531055371245,124.49318101544223,78.93796348771801,128.05359313109267,76.13460703155641,0.898130314052105,0.9337545335292816,0.9149216666817664,0.8717536762356758,0.8944621384143829,0.8926249772310256
8.760000000053143,203.93360259188304,19.608712164768406,124.52073120196047,78.24467472427422,128.10081590456986,76.10794990932428,0.8966737627983093,0.9337737828493118,0.9155567690730094,0.8721346884965896,0.897159519791603,0.8886536806821823
8.780000000053096,203.98755120504586,19.745931661494787,124.53635157491756,77.53673613474862,128.1469797522563,76.0809599173653,0.8951523467898369,0.9338811874389649,0.9162165701389312,0.8725490674376487,0.9000010162591934,0.884996448457241
8.80000000005305,204.04785668770086,19.872819943574406,124.54207518078616,76.82680644677498,128.1920689092403,76.05364131771215,0.8936378240585326,0.9340698271989822,0.9168599918484688,0.8729794010519981,0.9028415158390999,0.8818010613322258
8.820000000053003,204.1138901477058,19.985395492706967,124.53995211747892,76.12607980183228,128.2360679776161,76.02599842428835,0.8922168120741844,0.9343280255794525,0.9174841731786728,0.8734040573239327,0.9056193009018898,0.8790226370096207
8.840000000052957,204.18584381519616,20.080121542487394,124.53198207745021,75.44609713313774,128.27896193174212,75.99803560222725,0.8913333237171173,0.9345070719718933,0.9180186122655868,0.873885826766491,0.9085562974214554,0.8767432823777198
8.86000000005291,204.2638435945286,20.153949281261816,124.52006250931991,74.7978344924195,128.3207361233723,75.96975726718259,0.8909139513969421,0.9346319913864135,0.9184841722249985,0.8743898183107376,0.9115399286150933,0.8748714178800583
8.880000000052863,204.34843946699408,20.20494613468543,124.50595121520351,74.19090819573982,128.36137628665855,75.94116788463128,0.8907532647252082,0.9347771167755127,0.918981060385704,0.8748390570282936,0.9145320266485214,0.8730085790157318
8.900000000052817,204.44015054994642,20.23208597913815,124.49124043457671,73.63299535723901,128.40086854302226,75.91227196916827,0.8905402258038521,0.9350937962532043,0.9192817762494087,0.8754388749599457,0.9170166820287704,0.8717598721385001
8.92000000005277,204.53945480501966,20.235369060626585,124.47733697559217,73.12949113221624,128.4391994058941,75.88307408379357,0.8903664499521255,0.9350858747959137,0.9198020353913307,0.876223000884056,0.9198289692401885,0.8708581000566482
8.940000000052724,204.64670304951932,20.215771004873304,124.4654454818743,72.683426432511,128.47635578531947,75.85357883919175,0.8903996512293816,0.9349317461252212,0.9205187574028969,0.8768720552325249,0.9226891204714774,0.8700865358114243
8.960000000052677,204.7619589333562,20.17507284507814,124.4565302479839,72.29945001775071,128.51232499242892,75.82379089300386,0.8905785053968429,0.9347950160503388,0.9212448805570602,0.8774098291993141,0.9252405047416686,0.8694874331355095
8.98000000005263,204.88489564519452,20.11567929879357,124.45130809093364,71.99291504120687,128.54709474377108,75.7937149490919,0.890870589017868,0.934678903222084,0.9219642758369445,0.8778387010097504,0.9274576365947723,0.8690559417009354
9.000000000052584,205.0147851087835,20.040439954477044,124.45026922550782,71.7662861804357,128.58065316550775,75.7633557567961,0.8912116318941116,0.9345939487218856,0.9226387530565262,0.8781753182411194,0.9292770862579346,0.8688496127724648
9.020000000052537,205.15064790550446,19.952307144405513,124.4536235189085,71.61941366912097,128.6129887974687,75.73271811018482,0.8915941506624222,0.9345393121242523,0.9232543066143989,0.8784149199724197,0.9306778341531753,0.8688597425818443
9.04000000005249,205.29126453828852,19.854241656946055,124.4614102378909,71.55145582180877,128.64409059706517,75.70180684729763,0.8920157849788666,0.9345128655433654,0.9238008692860603,0.8785524234175682,0.9316502779722213,0.8690748333930969
9.060000000052444,205.4354155214496,19.74913200847301,124.47368066259648,71.56126150028349,128.67394794306114,75.67062684938129,0.8924743488430976,0.9345119893550873,0.9242691561579705,0.8785848334431648,0.9321906447410583,0.869486217200756
9.080000000052397,205.5826152245748,19.639428240040885,124.49058270149999,71.6473746568537,128.70255063920027,75.63918304011891,0.8929666459560394,0.9345343053340912,0.9246506109833718,0.8785118639469146,0.9322988718748092,0.8700896739959717
9.10000000005235,205.73125207501113,19.52739152007342,124.51239562182234,71.80789186851614,128.72988891768804,75.6074803848525,0.893487960100174,0.9345776766538619,0.9249380812048912,0.8783357813954353,0.9319777399301529,0.8708856910467148
9.120000000052304,205.88007219132157,19.414880530897506,124.53952511418827,72.04024071539335,128.75595344252739,75.57552388979879,0.8940310537815094,0.9346407353878021,0.9251246511936188,0.8780622273683548,0.9312334269285202,0.871877397596836
9.140000000052257,206.02736498903724,19.303984237716097,124.57247726815132,72.3397567630004,128.78073531270698,75.54331860125885,0.8946575194597244,0.9346606731414795,0.9250663399696349,0.8776468068361282,0.9299440532922745,0.8729427754878998
9.16000000005221,206.17169056081792,19.197850370421847,124.6118205626535,72.69697838696764,128.80422606524087,75.51086960482104,0.8952801942825317,0.9347004324197768,0.9248983576893807,0.8771578356623649,0.9282594829797745,0.8742100030183791
9.180000000052164,206.3118509357444,19.098640520408733,124.65813841853355,73.10282415865214,128.82641767805853,75.4781820245581,0.8958447724580765,0.9347931563854217,0.9247003793716431,0.8766418099403381,0.9263042062520981,0.8757352858781814
9.200000000052118,206.44684363676856,19.00744278536282,124.7119747731853,73.54954736766011,128.84730257274452,75.44526102221782,0.8963549107313156,0.9350167989730834,0.9242049887776375,0.8761543855071068,0.9234385833144187,0.8778092145919799
9.220000000052071,206.57585230091732,18.92431847925266,124.77377597316404,74.02995866439448,128.8668736171265,75.41211179640815,0.8968072831630707,0.9353307873010636,0.9235443696379662,0.875683756172657,0.9200367867946625,0.8803040489554405
9.240000000052024,206.69824717194928,18.84914288458101,124.84380890053882,74.5366434489089,128.88512412771067,75.37873958177612,0.8972695529460907,0.9356618344783783,0.9227188795804977,0.8752237886190414,0.9163410648703575,0.8829151704907418
9.260000000051978,206.81349036273525,18.781636263086238,124.92202637739881,75.06135762291188,128.90204787196444,75.34514964818126,0.89770587682724,0.9359730511903762,0.9214843660593033,0.8747493997216225,0.9119900301098823,0.8858498245477676
9.280000000051931,206.92125735823902,18.721261317269647,125.00804580293371,75.59467157350464,128.9176390704446,75.3113472998635,0.8981250524520874,0.9362465292215347,0.9203138366341591,0.8742247328162193,0.9079660549759865,0.8885407418012619
9.300000000051885,207.02140099301786,18.667698870900473,125.10115901363858,76.12570205765229,128.9318923987712,75.27733787460545,0.8984329432249069,0.9365289837121963,0.9190727561712265,0.8737156137824058,0.9039622008800506,0.8913867712020874
9.320000000051838,207.1139806283316,18.621376770048467,125.20020586948942,76.64151008651983,128.94480298944566,75.24312674288964,0.8986371397972107,0.9368103742599487,0.917803829908371,0.8732222482562065,0.9001090109348296,0.8942795783281327
9.340000000051791,207.19921923880005,18.58329432869443,125.30357010682839,77.12733749428307,128.95636643351307,75.20871930705036,0.8987431406974792,0.9370838344097138,0.9165398478507996,0.8727472692728042,0.8964945286512375,0.8971324741840362
9.360000000051745,207.27751849711245,18.554875479386595,125.4092185889914,77.56753161907582,128.9665787820679,75.17412100042056,0.898767477273941,0.9373395562171936,0.9153245881199836,0.8722880080342292,0.8932061403989792,0.8998229801654816
9.380000000051698,207.34946108276588,18.53781114532555,125.51473663437929,77.94641161844,128.97543654760247,75.13933728647396,0.8988712340593338,0.937167751789093,0.9145518124103545,0.8719446048140526,0.8911610633134842,0.9021330237388611
9.400000000051651,207.4157791210945,18.53370972488093,125.6176076309576,78.2499740514342,128.98293670519794,75.1043736579622,0.8989949867129325,0.9367705523967743,0.914026054739952,0.8718203157186508,0.8901247471570969,0.9040381655097007
9.420000000051605,207.47734026145687,18.544068533245497,125.71542182438279,78.4664637063085,128.9890766935574,75.06923563604755,0.8990214198827743,0.9363742113113404,0.9136400625109672,0.8717095851898193,0.8894460275769234,0.9053530156612396
9.440000000051558,207.5351293519306,18.570239415582297,125.8060335413635,78.58670517759049,128.9938544158804,75.033928769431,0.8990928649902343,0.9359763860702515,0.9132364705204964,0.8716624990105629,0.8889673873782158,0.9056694805622101
9.460000000051512,207.59022134267815,18.613308106439373,125.88768116681905,78.60445755617276,128.9972682405792,74.99845863347608,0.8990538567304611,0.9355974793434143,0.912963207066059,0.871648108959198,0.8888418823480606,0.9052712932229042
9.480000000051465,207.64373578753404,18.673822858020262,125.95907935817364,78.51690918918061,128.99931700183575,74.96283082932842,0.8988849580287933,0.9352462708950042,0.912826606631279,0.8716717883944511,0.8890908718109131,0.9041353732347488
9.500000000051418,207.69675173100185,18.751328049616216,126.01949577533297,78.32533674948294,129.0,74.92705098303132,0.8985650599002838,0.9349323719739914,0.9128222793340682,0.8717388078570366,0.8897135242819786,0.9023256421089172
9.520000000051372,207.75025439055514,18.844129625406328,126.06871509542519,78.03534880128588,128.99931700182867,74.8911247446373,0.8980805546045303,0.9346645176410675,0.912940314412117,0.8718528911471367,0.890701350569725,0.8999417439103127
9.540000000051325,207.80518281671823,18.948746983402817,126.10696106550326,77.657248457381,128.997268240565,74.85505778731584,0.8974283397197723,0.9344503343105316,0.9131656557321548,0.872015580534935,0.8920339658856392,0.8971187099814415
9.560000000051279,207.8623532138185,19.060927941097844,126.13478848500858,77.20553327587643,128.99385441585912,74.81885580645763,0.8966158851981163,0.9342964470386504,0.9134794786572457,0.8722259908914566,0.8936747044324874,0.8940239459276199
9.580000000051232,207.92231664373926,19.176818175135164,126.15300386132289,76.69442558114423,128.98907669352903,74.7825245187751,0.8956626683473586,0.9342073708772659,0.9138587027788162,0.8724805369973182,0.8955697074532508,0.8908337712287903
9.600000000051185,207.98551037043762,19.292593037614466,126.16259671461684,76.13802306119982,128.9829367051625,74.74606966139976,0.8946032494306564,0.9341847062110901,0.9142839044332504,0.8727722629904747,0.8976638197898864,0.8876838117837905
9.620000000051139,208.05243814784703,19.404256092199116,126.16467509040575,75.55401621955357,128.97543654755995,74.70949699097615,0.893481495976448,0.9342272728681564,0.9147383823990821,0.8730915665626525,0.8998985916376113,0.8846740156412124
9.640000000051092,208.12349967628904,19.50842387226372,126.16040781643818,74.96709565748088,128.96657878201836,74.67281228275291,0.8924657166004181,0.9342880606651306,0.9151786580681801,0.8734536379575729,0.9022805452346802,0.881947661936283
9.660000000051046,208.19902089894003,19.60188435156967,126.15097396625349,74.38770952175427,128.9563664334565,74.63602132967075,0.8918629884719849,0.9342639207839966,0.915520429611206,0.8739077091217041,0.9048928469419479,0.8797090679407119
9.680000000050999,208.2793550334425,19.681699307736928,126.13752143453173,73.82475835806238,128.94480298938208,74.59912994144766,0.8913397878408432,0.9342821061611175,0.9158308416604996,0.8743594288825989,0.9074268728494644,0.8777864426374435
9.700000000050952,208.36491766835115,19.745472322531818,126.12113416252282,73.28650037930962,128.93189239870065,74.56214394366145,0.890928891301155,0.934339165687561,0.9161138862371444,0.8747908532619476,0.9098259747028351,0.8761500045657158
9.720000000050906,208.45611472069447,19.791589987162872,126.1028081598936,72.78013047214606,128.91763907036707,74.52506917682997,0.8908627927303314,0.9349794536828995,0.9160136699676513,0.8751453876495361,0.9094358831644058,0.877851790189743
9.740000000050859,208.55332026888055,19.819130330828525,126.08343320909368,72.31144818757723,128.90204787187997,74.48791149548867,0.8912788391113281,0.9353269964456558,0.9161784559488296,0.8751825138926506,0.9091560170054436,0.879033924639225
9.760000000050812,208.6568151965756,19.827905778595674,126.0637647462314,71.88462165126614,128.8851241276193,74.45067676726619,0.8924743086099625,0.9349681079387665,0.9169354692101478,0.874863563477993,0.9094598174095153,0.8805014327168464
9.780000000050766,208.76667400719498,19.818406407667663,126.04438434564591,71.50209203151549,128.86687361702823,74.41337087195774,0.8937488228082656,0.9348792731761932,0.9180867895483971,0.8745329678058624,0.9101827353239059,0.8811619490385055
9.80000000005072,208.8827498778885,19.79172900132455,126.0256988420166,71.17305761259797,128.84730257263942,74.37599970059667,0.8948207676410674,0.9347683906555175,0.9196738481521606,0.8742009326815605,0.9112300619482994,0.881679704785347
9.820000000050673,209.00467234933978,19.748529267337997,126.0079371537647,70.90824734327698,128.8264176779466,74.33856915452414,0.8959821820259094,0.9348011493682861,0.9209858238697052,0.8740131467580795,0.9121917456388473,0.8818157956004142
9.840000000050626,209.13176879274255,19.688309625776256,125.99113621757535,70.71539571258951,128.80422606512218,74.3010851444573,0.8972989723086356,0.9349025189876556,0.9218218371272087,0.8737504065036773,0.9126103937625885,0.8813086703419685
9.86000000005058,209.2629533918541,19.614615290351026,125.97535066423798,70.58903234443433,128.78073531258158,74.26355358955585,0.8985741525888443,0.9350954413414001,0.9221761882305145,0.8734866380691528,0.9121825724840164,0.8813623949885369
9.880000000050533,209.39669445505154,19.533621389450413,125.96093429529907,70.5143887504793,128.7559534423953,74.22598041648742,0.9000341549515724,0.9352875769138336,0.9232178732752799,0.8731085360050201,0.9119504228234291,0.8819227039813995
9.900000000050486,209.5311107387147,19.451440592023488,125.948701455923,70.47526019795106,128.72988891754932,74.18837155849157,0.9011169046163559,0.9357327967882156,0.9240683302283287,0.8728317186236382,0.9114101946353912,0.8824943095445633
9.92000000005044,209.6642742385694,19.37260805464361,125.94001716189865,70.45818361020655,128.70255063905492,74.15073295444294,0.9021670877933502,0.9361832916736602,0.9252672016620636,0.8724967107176781,0.9110298350453376,0.8833275020122527
9.940000000050393,209.79418408975167,19.299553072438894,125.93658683400767,70.45490425332473,128.67394794290925,74.11307054791348,0.9030536204576493,0.9365070432424545,0.9259250581264495,0.872259397804737,0.9102608948945999,0.8844998732209205
9.960000000050346,209.91895748837467,19.23250375021994,125.9401027639407,70.46305255017707,128.6440905969068,74.07539028623374,0.9038109958171844,0.9369852632284165,0.9269889205694198,0.8720951214432716,0.9100147753953933,0.8852827787399292
9.9800000000503,210.0367632015247,19.171587666366985,125.95203764133487,70.48040411520334,128.6129887973039,74.03769811955385,0.9043216794729233,0.9372745662927627,0.9275403380393982,0.8718728870153427,0.9093272224068641,0.8858320370316505
10.000000000050253,210.1458085764984,19.11755541103755,125.97395854112837,70.50283094522852,134.0,69.2346331351773,0.9049461424350739,0.9376246392726898,0.9279766172170639,0.8717867568135261,0.9089644134044647,0.8860779464244842
10.020000000050207,210.24454227863293,19.070907739288028,126.00753447520513,70.52644935305022,134.0,70.03926738492116,0.9051526322960853,0.9380319237709045,0.9281539648771285,0.8716985657811165,0.9081427231431007,0.88618253916502
10.04000000005016,210.33169151043055,19.031992773102928,126.05462426555899,70.54758722620085,134.0,70.07851963151795,0.9054896384477615,0.9381763607263565,0.9281191945075988,0.8716493651270866,0.9076644226908683,0.8861409246921539
10.060000000050113,210.40635455760497,19.001209342961968,126.11698543460868,70.56243858817108,134.0,70.11774160730211,0.9054409429430962,0.9381273567676544,0.9283897846937179,0.8716343402862549,0.9077084422111511,0.8863983452320099
10.080000000050067,210.4679596636411,18.978810753962218,126.19639093859213,70.56808054767168,134.0,70.15691819145532,0.9049169242382049,0.9382217705249786,0.9292006880044937,0.8717526033520698,0.9084348604083061,0.8865807130932808
10.10000000005002,210.51631401469376,18.964607033863853,126.29425283645189,70.56281150748914,134.0,70.19603428065867,0.903796574473381,0.9381399899721146,0.9291465699672699,0.8718512371182442,0.9083635717630386,0.8871038869023323
10.120000000049973,210.55157783535327,18.957991311586504,126.41140941905377,70.54627523073087,134.0,70.23507479491514,0.9028657227754593,0.9381356626749039,0.9289424270391464,0.8719693839550018,0.9083785250782966,0.8869373977184295
10.140000000049927,210.5743048233297,18.958097455924413,126.54793405083724,70.5189867814815,134.0,70.27402468336331,0.9017854273319245,0.9381356090307236,0.9291745632886886,0.8720913529396057,0.9087215304374695,0.8869916006922721
10.16000000004988,210.58536371129895,18.9639093249357,126.70314126560469,70.48190596661341,134.0,70.31286893007974,0.9008600115776062,0.9382758170366287,0.9288522869348526,0.8722845077514648,0.9088495790958404,0.886435543000698
10.180000000049834,210.58590760247284,18.974517763438257,126.87615082584388,70.4358245788457,134.0,70.3515925598679,0.8997338771820068,0.9383236408233643,0.9285476058721542,0.8724766701459884,0.9091632544994354,0.8857766225934028
10.200000000049787,210.5774095059856,18.989217619839618,127.06631588504098,70.38137299634974,134.0,70.39018064403136,0.8985367894172668,0.9382349222898483,0.9281677782535552,0.8726245403289795,0.9091713190078735,0.8857344582676887
10.22000000004974,210.56178974284856,19.007476995628654,127.27247088415373,70.31869806147087,134.0,70.42861830612912,0.8977141603827477,0.9383759260177612,0.9280362695455551,0.8728019595146179,0.9095842316746712,0.8851031109690666
10.240000000049694,210.541255885683,19.028561367915348,127.49288345053665,70.24862093349385,134.0,70.46689072771075,0.8974481657147407,0.938094437122345,0.9278064846992492,0.8729102805256843,0.910309675335884,0.884360371530056
10.260000000049647,210.51812689361597,19.051709539866483,127.72569821429586,70.17236050801424,134.0,70.50498315402916,0.8970896661281585,0.9378305971622467,0.9275661140680312,0.8730356827378273,0.9110284850001334,0.883678862452507
10.2800000000496,210.49473882979007,19.07620105695325,127.96861291168206,70.09141009441906,134.0,70.54288089972891,0.896752342581749,0.9375474274158477,0.9273005127906799,0.8731608748435974,0.9117759719491004,0.882964026927948
10.300000000049554,210.47339899288073,19.10131749047643,128.21896479227732,70.0075111901732,134.0,70.58056935450762,0.8964434817433357,0.9372483253479004,0.9270129084587097,0.8732831478118896,0.9125373303890228,0.8822330579161644
10.320000000049507,210.45630128811862,19.126286746348683,128.4739388117799,69.92232888948804,134.0,70.61803398874851,0.8961688369512558,0.9369366079568863,0.9267079144716263,0.8734003290534019,0.9133023276925086,0.8814972653985024
10.34000000004946,210.44533068236206,19.15047018652831,128.7309101724119,69.83772216412369,134.0,70.65526035912191,0.8959316134452819,0.9366159498691559,0.9263901352882385,0.8735107332468033,0.9140602439641953,0.8807694032788277
10.360000000049414,210.44185515719536,19.173130942539235,128.98748723807472,69.75585727878783,134.0,70.69223411415344,0.895724032819271,0.9362943440675735,0.9260600000619889,0.8736217901110649,0.9148071095347404,0.880062797665596
10.380000000049368,210.44674502495153,19.19357787417814,129.24152839284017,69.67907086830067,134.0,70.72894099975667,0.8953341603279114,0.9360789895057678,0.9256520092487335,0.8739420682191849,0.9157237902283668,0.8793820083141327
10.400000000049321,210.46047740968393,19.211076283131355,129.4911517100109,69.60976014562277,134.0,70.76536686472849,0.8949919283390045,0.9358617305755615,0.9252410501241684,0.8742458239197731,0.916583652794361,0.8787549167871475
10.420000000049274,210.48319474192257,19.224920105044813,129.73473497830304,69.5502934869847,134.0,70.80149766620453,0.8946928530931473,0.9356459200382232,0.9248282268643379,0.8745322436094284,0.9173733934760093,0.8781950861215592
10.440000000049228,210.51475583210572,19.23446856865966,129.9709122208731,69.50293005816579,134.0,70.83731947507303,0.8945314913988113,0.9353944271802902,0.9244784757494926,0.874773696064949,0.9183145314455032,0.8773776918649673
10.460000000049181,210.55478587276158,19.239172961501957,130.19856620548666,69.4697504052557,134.0,70.8728184813448,0.894303297996521,0.9351937353610992,0.9240576237440109,0.8750224754214286,0.9189041033387184,0.8770096883177757
10.480000000049134,210.6027424592329,19.238608066121454,130.41679230402733,69.45262695937679,134.0,70.90798099947713,0.8941197991371155,0.9350002497434616,0.923642149567604,0.8752458184957504,0.9194002762436867,0.8767076939344406
10.500000000049088,210.65801566872418,19.232520958725434,130.6248079604724,69.45326807672882,134.0,70.94279347364997,0.8939676597714424,0.934820756316185,0.9232235819101333,0.8754453256726265,0.9197665676474571,0.8765105292201042
10.520000000049041,210.71995800462733,19.22083110002488,130.82195148540606,69.4731589243768,134.0,70.97724248299184,0.8938473179936409,0.9346571236848831,0.9228022828698158,0.875618015229702,0.9199927270412445,0.8764188200235367
10.540000000048995,210.78788745038602,19.203606745894675,131.00771061633452,69.51353991106244,134.0,71.01131474675384,0.893759149312973,0.9345112025737762,0.9223778411746025,0.8757609367370606,0.9200674131512642,0.8764348462224006
10.560000000048948,210.86107199344602,19.18105365907363,131.18175849492968,69.57547798575784,134.0,71.04499712942972,0.893703144788742,0.9343844950199127,0.9219496890902519,0.8758715823292732,0.9199815824627876,0.8765601187944412
10.580000000048901,210.9387956575271,19.153428126113898,131.3439052132022,69.65957537426219,134.0,71.07827664581977,0.8936780124902725,0.9342782258987427,0.9215166732668877,0.8759482935070991,0.9197278007864952,0.8767969667911529
10.600000000048855,211.02038267455222,19.12111123152786,131.4940861261834,69.76588668646394,134.0,71.11114046603691,0.8936818480491638,0.9341932266950607,0.9210778638720513,0.8759901359677315,0.9193021297454834,0.8771465614438057
10.620000000048808,211.10518404697783,19.084441673638715,131.63235531442876,69.89389863190121,134.0,71.1435759204529,0.893712916970253,0.9341297835111618,0.9206331178545951,0.8759965732693672,0.918704591691494,0.8776081696152687
10.640000000048762,211.19261261854464,19.043978433532526,131.75887539138168,70.04252000282648,134.0,71.17557050458258,0.8937691807746887,0.9340876460075378,0.9201827213168144,0.8759677082300186,0.9179394111037255,0.8781789034605026
10.660000000048715,211.28209365378873,19.00035140024635,131.8739059077725,70.2100891522642,134.0,71.20711188390473,0.8938487350940704,0.9340660274028778,0.9197277203202248,0.8759041890501976,0.9170153632760047,0.8788529738783836
10.680000000048668,211.37308219301494,18.954261105440857,131.97779080696458,70.39432151606198,134.0,71.23818789861723,0.8939495638012885,0.9340635776519776,0.9192697465419769,0.8758072942495346,0.9159455552697181,0.8796216905117035
10.700000000048622,211.46507085335924,18.90658828359758,132.07094523243745,70.59197733519277,134.0,71.26878656832481,0.8940694317221641,0.9340785801410675,0.9188114464282989,0.8756790086627007,0.9147480964660645,0.8804725542664528
10.720000000048575,211.55759290915384,18.85836935162186,132.15384236124837,70.79894636609477,134.0,71.29889609665786,0.8942061930894851,0.934108692407608,0.9183572366833687,0.875521858036518,0.9134472429752349,0.8813876435160637
10.740000000048529,211.6502199608985,18.81069581016797,132.22700104791397,71.0106359992123,134.0,71.32850487582003,0.894290155172348,0.934233620762825,0.9179053917527199,0.875424413383007,0.9118989780545235,0.8826930612325669
10.760000000048482,211.74261111841207,18.764367346351538,132.29097465183054,71.22225629914894,134.0,71.35760149106333,0.8945093810558319,0.9343245387077331,0.9175567492842674,0.8752814874053001,0.9106027290225028,0.8835454985499381
10.780000000048435,211.8345077817222,18.720146972272705,132.3463412685707,71.42899986550984,134.0,71.3861747250887,0.8947180703282356,0.9344213485717773,0.9172139942646026,0.8751193925738334,0.9092659875750542,0.884428995847702
10.800000000048389,211.92567955963582,18.678773427235665,132.39369537113626,71.62615589711261,134.0,71.4142135623705,0.8949223205447197,0.9345131695270538,0.916890524327755,0.8749368637800217,0.9079520136117935,0.8852663904428482
10.820000000048342,212.01590996469312,18.640884961722453,132.4336409085325,71.8091960203802,134.0,71.44170719340323,0.8951128154993057,0.9345980256795883,0.9165913954377174,0.8747420951724052,0.9066927522420883,0.8860364839434623
10.840000000048295,212.10499354394466,18.60709154674593,132.46678140926176,71.97370159338942,134.0,71.46864501886876,0.8952807351946831,0.9346736639738082,0.9163226157426834,0.8745431870222091,0.9055215120315552,0.8867159232497215
10.860000000048249,212.19298080734748,18.578068722831862,132.49370759299535,72.11522789215968,134.0,71.49501665372257,0.8954180508852004,0.934737804532051,0.9160893708467484,0.8743481278419495,0.904469209909439,0.8872822538018227
10.880000000048202,212.27993069321013,18.554250186347613,132.51502006863674,72.23030116658538,134.0,71.52081193119744,0.8955185979604721,0.9347880512475967,0.9158975079655647,0.8741638600826264,0.9035651713609695,0.8877133607864379
10.900000000048156,212.36561505727673,18.535892704580604,132.53132375524027,72.31645693538776,134.0,71.54602090672286,0.8955768913030624,0.9348226517438888,0.9157510906457901,0.8739972457289695,0.902832767367363,0.887994085252285
10.920000000048109,212.44989143950693,18.52294724086285,132.54321809212414,72.3721449294891,134.0,71.57063386175888,0.8955886662006378,0.9348406583070755,0.915653046965599,0.8738544985651969,0.9022894904017448,0.8881167024374008
10.940000000048062,212.5327565248248,18.515165917642985,132.55128902207343,72.39668470987331,134.0,71.59464130754282,0.8955514013767242,0.9348417311906815,0.9156052947044372,0.8737408623099326,0.9019472092390061,0.8880806535482406
10.960000000048016,212.61421390429987,18.512305368750237,132.5561019020572,72.39023988242533,134.0,71.61803398874731,0.8954638093709946,0.9348262459039688,0.9156087413430214,0.8736607402563095,0.9018125981092453,0.8878924295306205
10.98000000004797,212.6942834201089,18.513979711178816,132.5581954409455,72.3538003837145,134.0,71.64080288704847,0.8953266412019729,0.9347948461771011,0.9156628906726837,0.8736173823475838,0.9018878251314163,0.8875629514455795
11.000000000047923,212.77301716746297,18.519660577615483,132.5580769839576,72.28915835159724,134.0,71.66293922460255,0.8951425075531005,0.9347486317157745,0.9157658293843269,0.8736128851771354,0.9021698728203773,0.8871079370379448
11.020000000047876,212.85050564145175,18.528682941678355,132.55621890849136,72.19885567013719,134.0,71.68443446743005,0.8949163526296615,0.9346889704465866,0.9159146830439567,0.8736477315425872,0.9026509046554565,0.8865463405847549
11.04000000004783,212.9268788606567,18.540263579499623,132.55305607228013,72.08608864509961,134.0,71.7052803287057,0.8946551501750946,0.9346175163984298,0.9161057323217392,0.8737209558486938,0.9033180773258209,0.8858997181057929
11.060000000047783,213.0023032482532,18.553613102767933,132.54898438799933,71.95434131933698,134.0,71.72546877195313,0.8943679302930831,0.9345361560583114,0.916334493458271,0.8738299116492271,0.9041535675525665,0.8851908192038536
11.080000000047736,213.07697830735472,18.568171058478956,132.54436061310372,71.80664114858982,134.0,71.74499201414318,0.8940654844045639,0.9344465255737304,0.9165961563587188,0.8739703074097633,0.9051363110542298,0.8844406008720398
11.10000000004769,213.15113716792786,18.583401481116113,132.53950341832203,71.64606472886973,134.0,71.76384252869434,0.8937595605850219,0.9343495279550552,0.9168865233659744,0.8741364791989327,0.9062458470463752,0.8836635872721672
11.120000000047643,213.22505067025944,18.598729388323672,132.5346952941968,71.47587118964029,134.0,71.78201304837441,0.8934613034129143,0.9342459499835968,0.9172011196613311,0.874322298169136,0.9074602439999581,0.8828726083040237
11.140000000047596,213.2990366526331,18.613502237070154,132.5301848413551,71.29944740296821,134.0,71.79949656810217,0.893180114030838,0.9341369181871414,0.9175354346632957,0.8745217964053154,0.9087561711668968,0.8820803016424179
11.16000000004755,213.37341157343008,18.627163804703592,132.52618878772205,71.120248216531,134.0,71.81628634764795,0.8929233863949776,0.9340238988399505,0.9178846806287765,0.874729399383068,0.9101088672876357,0.8812997743487357
11.180000000047503,213.44848704700664,18.639130706819014,132.5228955513612,70.94173660565897,134.0,71.8323759142321,0.8926963776350021,0.9339086532592773,0.9182436138391494,0.8749402031302452,0.9114928469061852,0.8805436596274375
11.200000000047456,213.52457807971933,18.64885270652122,132.52046971177705,70.76732853852954,134.0,71.84775906502047,0.892505806684494,0.933797636628151,0.9186135977506638,0.8751564383506775,0.9128906488418579,0.879818806052208
11.22000000004741,213.60195984483303,18.655892003723057,132.51905714445377,70.60034739764006,134.0,71.86242986951557,0.8923581600189209,0.9337000399827957,0.9189992949366569,0.8753849938511848,0.9142893761396408,0.8791295275092125
11.240000000047363,213.68085599024235,18.65986232200638,132.51879050995305,70.44398840579996,134.0,71.876382671843,0.8923423618078231,0.9335617631673813,0.9194433838129044,0.8755764275789261,0.9158926710486411,0.8781354427337646
11.260000000047317,213.76143296421574,18.66047706608325,132.51979467359865,70.30129071152668,134.0,71.88961209293187,0.8922456592321396,0.9334756284952164,0.919795423746109,0.8757875978946685,0.9171516329050063,0.8776187106966972
11.28000000004727,213.84378576545177,18.65747911971215,132.5221915520427,70.17511361532607,134.0,71.9021130325885,0.8921870440244675,0.9333924889564514,0.9201318085193634,0.8759810656309127,0.9183357119560241,0.877152082324028
11.300000000047223,213.92795814700875,18.65071320249525,132.526104086763,70.06811487973616,134.0,71.91388067146269,0.8921536326408386,0.9333189517259598,0.9204377993941307,0.8761576130986214,0.9193946436047554,0.8767818883061409
11.320000000047177,214.013943991269,18.640046331163656,132.53165993082612,69.98273366915984,134.0,71.92491047290565,0.8921454966068267,0.9332562506198883,0.920708304643631,0.8763139456510544,0.920308955013752,0.8765111997723579
11.34000000004713,214.10163953851938,18.625500645946456,132.5390012333873,69.92123215061284,134.0,71.93519818471897,0.8921608209609985,0.9332060307264328,0.9209377989172935,0.8764475956559181,0.9210586726665496,0.8763465836644172
11.360000000047084,214.19083767938383,18.607144264128443,132.54829956421696,69.88579776958112,134.0,71.9447398407939,0.892197334766388,0.933169811964035,0.9211206898093224,0.8765565916895867,0.9216258436441421,0.876294119656086
11.380000000047037,214.28127302965441,18.585142511531835,132.55972147493003,69.87825054432778,134.0,71.9535317626404,0.8922519087791443,0.9331490159034729,0.921251080930233,0.8766395524144173,0.9219936907291412,0.8763609513640404
11.40000000004699,214.3726398236082,18.559756933320728,132.57341690077357,69.8999464324684,134.0,71.96157056080521,0.8923216730356216,0.9331448763608933,0.9213238045573234,0.876695328950882,0.9221482440829277,0.8765534535050392
11.420000000046944,214.4646038726827,18.53133193344924,132.5895114370708,69.95172661038427,134.0,71.96885313617864,0.8924042716622352,0.9331581443548203,0.9213343411684036,0.8767227947711944,0.9220785781741142,0.8768765747547149
11.440000000046897,214.55681484670862,18.500282697571294,132.6080971329529,70.03386331496264,134.0,71.97537668118925,0.892500513792038,0.9331919759511947,0.9212837815284729,0.8767250880599021,0.9217828199267387,0.8773302659392357
11.46000000004685,214.64891840119157,18.467085060652824,132.629222907349,70.14601053377099,134.0,71.98113868088623,0.8926306545734405,0.9332696616649627,0.9212073072791099,0.8767366081476211,0.9213040500879287,0.8778845623135566
11.480000000046804,214.7405667492664,18.43227404165268,132.65288475109233,70.28716291459119,134.0,71.98613691390905,0.8927738666534424,0.9333694487810135,0.921069361269474,0.8767240911722183,0.9205984860658646,0.878569383919239
11.500000000046757,214.83141695974234,18.39648292205423,132.67901607111293,70.45557979867584,134.0,71.99036945334372,0.892930682003498,0.933489379286766,0.9208708107471466,0.876685744524002,0.9196736693382263,0.8793779224157333
11.52000000004671,214.92116908672878,18.360286837648086,132.70747910668553,70.64845311963234,134.0,71.9938346674657,0.8931007608771324,0.9336273789405822,0.9206131622195244,0.8766206562519073,0.9185404226183891,0.880302819609642
11.540000000046664,215.00961480092016,18.324518521923025,132.73805858040689,70.86181306354172,134.0,71.99653122036902,0.8932839691638946,0.9337805330753326,0.9203005015850066,0.8765279278159142,0.9172173827886582,0.8813307762145995
11.560000000046617,215.09661190720186,18.289988814262248,132.77046107548745,71.09089255890746,134.0,71.99845807248117,0.8934800922870636,0.9339449435472488,0.9199390158057212,0.876407054066658,0.9157312288880348,0.8824411615729332
11.58000000004657,215.1820320818154,18.257563142061112,132.80432374259323,71.33046742462363,134.0,71.99961448096398,0.8935928478837013,0.9341791361570358,0.9194881588220596,0.8763139367103576,0.9138775050640106,0.8840332046151161
11.600000000046524,215.2657817067959,18.228026873343087,132.8392196748631,71.57501682596829,134.0,72.0,0.8938235312700271,0.9343443870544433,0.9190598547458648,0.8761310905218124,0.9122007846832275,0.8851796522736549
11.620000000046478,215.34780886722604,18.202085017728933,132.87466767333626,71.81881076666134,134.0,71.99961448096427,0.8940471917390823,0.9345148235559463,0.9186019033193588,0.8759331881999969,0.9104478001594544,0.8863660246133804
11.640000000046431,215.42809667128216,18.180374926178928,132.91014475690864,72.05598214108626,134.0,71.99845807248174,0.8942705482244492,0.9346787333488464,0.9181314975023269,0.8757173150777816,0.9086891293525695,0.8875083014369011
11.660000000046384,215.50666013545617,18.16347949447318,132.94510246824723,72.28061738148111,134.0,71.99653122036987,0.8944846287369728,0.9348333090543747,0.9176580607891083,0.8754905700683594,0.9069645404815674,0.8885799825191497
11.680000000046338,215.58355017516473,18.152003727734076,132.97897985688917,72.48667841484742,134.0,71.99383466746686,0.8946812838315964,0.9349751263856888,0.917192018032074,0.8752598509192466,0.9053160548210144,0.889549171924591
11.700000000046291,215.65886625258923,18.14666823690952,133.01120962780558,72.6678036881688,134.0,71.99036945334515,0.8948528379201889,0.9351007252931595,0.9167440578341484,0.8750320911407471,0.9037840306758881,0.8903840631246567
11.720000000046245,215.73273774066521,18.14794671744277,133.04126989749938,72.81849460270081,134.0,71.98613691391078,0.8949939489364623,0.9352060467004776,0.9163255393505096,0.8748131424188613,0.9024080663919448,0.8910491526126861
11.740000000046198,215.80531003724744,18.156082504081844,133.06870696021326,72.93432466382593,134.0,71.98113868088825,0.8950996458530426,0.9352878093719482,0.9159469366073608,0.8746089369058608,0.901221564412117,0.8915163934230804
11.760000000046151,215.87674078149817,18.171103465126464,133.09314903207465,73.01198023986811,134.0,71.97537668119153,0.8951651364564895,0.935343724489212,0.9156171277165412,0.8744255319237709,0.9002513200044632,0.8917669162154197
11.780000000046105,215.9471933234857,18.19286231976875,133.1143160381641,73.04932024727368,134.0,71.96885313618121,0.8951855346560478,0.9353725582361221,0.9153432875871658,0.8742692485451699,0.8995179951190948,0.8917921960353851
11.800000000046058,216.0168357328405,18.22101070470695,133.13202437090945,73.04542708610894,134.0,71.96157056080807,0.8951561152935028,0.9353741765022278,0.9151305124163628,0.8741463676095008,0.899036082625389,0.8915943831205367
11.820000000046011,216.08583534973272,18.255034353372476,133.1461870128503,73.00064280758998,134.0,71.95353176264354,0.8950730249285698,0.93534936606884,0.9149817392230034,0.8740628525614739,0.8988142013549805,0.8911856591701507
11.840000000045965,216.15435958873036,18.29419864534225,133.15680972949409,72.91658177422825,134.0,71.94473984079733,0.8948507189750671,0.9353411942720413,0.9148712500929832,0.8741077482700348,0.8989238858222961,0.890581464767456
11.860000000045918,216.22258325150116,18.33755366610303,133.1639837346946,72.79609201780774,134.0,71.93519818472267,0.8946039825677872,0.9352959543466568,0.9148337841033936,0.8741704091429711,0.8992675393819809,0.8898169502615928
11.880000000045872,216.29068838234554,18.38395037913485,133.1678752885436,72.64314498194281,134.0,71.92491047290963,0.8943388551473618,0.9352152645587921,0.9148675888776779,0.8742496103048324,0.899832072854042,0.8889267519116402
11.900000000045825,216.35886343446788,18.43218746844306,133.16871290892283,72.46233731631347,134.0,71.91388067146694,0.894063177704811,0.935102128982544,0.914968341588974,0.8743436798453331,0.9005988091230392,0.887947016954422
11.920000000045778,216.42731107077634,18.481331821446684,133.16677301717246,72.2577729029406,134.0,71.90211303259302,0.8937866598367691,0.934960150718689,0.9151303023099899,0.8744498416781425,0.901544739305973,0.8869118943810462
11.940000000045732,216.49629039577133,18.53041780046104,133.16236043154333,72.03364163010762,134.0,71.88961209293666,0.8935207098722457,0.9347925752401351,0.9153475746512413,0.8745641663670539,0.9026479363441468,0.8858447596430779
11.960000000045685,216.56606046263894,18.5786487804221,133.155779667874,71.79439291497462,134.0,71.87638267184808,0.893209609389305,0.9346367925405502,0.9155926793813706,0.8747522920370102,0.903943595290184,0.8847624212503433
11.980000000045639,216.63691476206458,18.625016561186975,133.14733017133472,71.54464290685681,134.0,71.86242986952091,0.8928807526826859,0.9344883054494858,0.9158636227250099,0.87499361038208,0.9053925961256027,0.8836832344532013
12.000000000045592,216.70919185849465,18.66872493625032,133.1373075947938,71.28906549139538,134.0,71.84775906502608,0.8925762861967087,0.9343340247869492,0.9161645218729972,0.8752485990524291,0.9069370925426483,0.8826268911361694
12.020000000045545,216.7831677995106,18.708957380816955,133.126004642213,71.03228239072882,134.0,71.83237591423797,0.8923057228326797,0.93417629301548,0.9164892792701721,0.8755095064640045,0.9085438475012779,0.881609770655632
12.040000000045499,216.8590901758161,18.744921559190807,133.11371144804033,70.77876284963156,134.0,71.81628634765407,0.8920753434300422,0.9340178102254867,0.9168315470218659,0.8757696628570556,0.9101790025830269,0.8806475147604942
12.060000000045452,216.93716824950766,18.775893792105464,133.10071145099357,70.53274714938101,134.0,71.79949656810855,0.8918882459402084,0.9338616251945495,0.917184641957283,0.8760237082839012,0.9118088066577911,0.879754826426506
12.080000000045406,217.0175740694735,18.80125934303914,133.08726545248606,70.29820762268547,134.0,71.78201304838106,0.8918311417102813,0.933652350306511,0.9175857841968537,0.8762160718441009,0.9136207371950149,0.8785936042666435
12.100000000045359,217.1004389310971,18.820539815796053,133.07360200893916,70.07882841140083,134.0,71.76384252870125,0.8917246401309967,0.9335135638713836,0.9179361566901206,0.8764496207237243,0.9151329576969146,0.8779022380709648
12.120000000045312,217.18584027988427,18.83340458593506,133.05991970488364,69.87799138928752,134.0,71.74499201415034,0.8916681751608848,0.9333810180425643,0.9182817369699477,0.8766608715057372,0.9165652126073837,0.8772823482751846
12.140000000045266,217.273789537945,18.83967423173049,133.04639279192338,69.6987695168967,134.0,71.72546877196054,0.8916518449783325,0.9332630634307861,0.9186109155416489,0.876851961016655,0.9178681090474129,0.8767740294337273
12.160000000045219,217.36422409463557,18.839318661377597,133.03317729015572,69.54392291664404,134.0,71.70528032871334,0.8916756048798561,0.9331614166498184,0.9189182475209235,0.877018879354,0.9190178960561752,0.8763792529702187
12.180000000045172,217.45699789191278,18.83243600499459,133.02042196696834,69.41594328151886,134.0,71.68443446743795,0.8917374968528747,0.9330781519412994,0.9191978365182877,0.8771590024232864,0.9199918419122696,0.8761025071144104
12.200000000045126,217.55186790896073,18.81920920135817,133.00828568351767,69.3171638190695,134.0,71.66293922461068,0.8918348163366318,0.9330151736736297,0.9194440454244613,0.8772704303264618,0.9207702100276947,0.8759480208158493
12.22000000004508,217.64852321329687,18.79995623408705,132.99691968034523,69.24953028918141,134.0,71.64080288705684,0.8919637948274612,0.9329744219779968,0.9196510761976242,0.8773522555828094,0.9213353291153907,0.8759211495518684
12.240000000045033,217.74659690358305,18.775124601991035,132.98646578590512,69.21452877028477,134.0,71.61803398875593,0.8921205520629882,0.9329574167728424,0.9198134392499924,0.8774040043354034,0.9216727331280709,0.8760267704725265
12.260000000044986,217.84567549887,18.745273154016058,132.97705707039063,69.21314534006413,134.0,71.59464130755165,0.8923011362552643,0.9329653918743134,0.9199265256524086,0.8774255245923995,0.9217712461948394,0.8762696623802185
12.28000000004494,217.9453100616174,18.71106170937455,132.96881665572303,69.24581532494126,134.0,71.57063386176794,0.892502275109291,0.9329988926649093,0.9199861377477646,0.8774166196584702,0.921623170375824,0.8766532585024833
12.300000000044893,218.04502115914303,18.673262321240745,132.9618550286894,69.31237063494157,134.0,71.54602090673215,0.8927212685346603,0.9330578476190566,0.9199887618422508,0.8773771822452545,0.9212246388196945,0.877179266512394
12.320000000044846,218.14431820393975,18.632542973159804,132.9562657873103,69.41198994860346,134.0,71.52081193120696,0.8929560333490372,0.9331415772438049,0.9199319615960121,0.8773070111870765,0.9205760091543197,0.8778477579355239
12.3400000000448,218.24278933148105,18.589580168613136,132.95211986870794,69.54315746398335,134.0,71.4950166537323,0.8932046070694923,0.9332489192485809,0.9198149368166924,0.8772060975432395,0.9196824178099632,0.8786570742726326
12.360000000044753,218.34006156756513,18.54514603739065,132.94945873202863,69.7034380837748,134.0,71.4686450188787,0.8934649914503098,0.9333782464265823,0.9196383625268936,0.8770747095346451,0.9185542047023773,0.879603236913681
12.380000000044706,218.4357454542083,18.500381211787847,132.94828729794193,69.88887141874315,134.0,71.4417071934134,0.8937358051538468,0.9335269302129745,0.9194042235612869,0.8769132629036903,0.9172085583209991,0.8806765273213386
12.40000000004466,218.52947481186658,18.456479795840373,132.94856744269958,70.0945725520514,134.0,71.41421356238087,0.8940167844295501,0.9336908131837844,0.9191170841455459,0.8767218112945556,0.9156727612018585,0.8818567305803299
12.420000000044613,218.62092765542096,18.41455163665444,132.95021273171406,70.31514883774588,134.0,71.38617472509925,0.8943066954612732,0.933865362405777,0.9187838867306709,0.8765013605356217,0.9139811813831329,0.8831183210015296
12.440000000044567,218.70982931527396,18.37559884044264,132.95308494056005,70.54486378914869,134.0,71.35760149107408,0.8945081382989883,0.9341077178716659,0.9183648496866226,0.876308898627758,0.911941334605217,0.8848569512367248
12.46000000004452,218.79597157027422,18.34036869655872,132.95699418244502,70.77771860725701,134.0,71.32850487583097,0.8948209419846535,0.934280389547348,0.9179702654480933,0.876030172407627,0.9100939989089966,0.8861363425850868
12.480000000044473,218.87922901510132,18.309617189033514,132.96170401635405,71.00750270036798,134.0,71.298896096669,0.895117312669754,0.9344571202993393,0.9175487115979194,0.8757417097687721,0.9081944718956947,0.8874443620443344
12.500000000044427,218.95954954639237,18.283927705849536,132.96693910473533,71.22786112840792,134.0,71.26878656833614,0.8954024136066436,0.9346261352300643,0.9171173319220542,0.8754424288868904,0.9063168674707412,0.8886926710605622
12.52000000004438,219.0369249630103,18.263905692189105,132.97239624029424,71.43241310198113,134.0,71.23818789862872,0.8956658601760864,0.9347846627235412,0.9166858404874801,0.8751407966017722,0.90450359582901,0.8898519486188888
12.540000000044333,219.11138956565145,18.2501876812603,132.9777524253311,71.61471650323294,134.0,71.20711188391641,0.8958988234400749,0.9349290460348129,0.9162648051977157,0.8748446360230445,0.9027983233332634,0.8908866196870804
12.560000000044287,219.1830462562695,18.243529826160408,132.98266680671438,71.76811639718741,134.0,71.17557050459442,0.896093663573265,0.9350556552410125,0.915865384042263,0.8745612159371375,0.9012419760227203,0.8917612254619598
12.58000000004424,219.25203969721056,18.24444099823626,132.98682163501232,71.88698674536448,134.0,71.14357592046491,0.8962463214993477,0.9351600378751754,0.9154991775751113,0.8742959901690482,0.8998731195926666,0.8924364134669304
12.600000000044194,219.31854731760032,18.253164672732282,132.9899381907936,71.96696007702647,134.0,71.1111404660491,0.8963533818721771,0.9352385640144348,0.9151764586567879,0.8740543767809867,0.8987232118844986,0.8928813964128494
12.620000000044147,219.38277270425323,18.269708150112304,132.99178540319963,72.00497318053321,134.0,71.0782766458321,0.89626624584198,0.9353591561317444,0.9148607581853866,0.8739845454692841,0.8979333192110062,0.8930674612522125
12.6400000000441,219.44493981847194,18.293853700397097,132.99218591367205,71.9993185618199,134.0,71.0449971294422,0.8961048036813736,0.9354606509208679,0.9145971283316612,0.8739699810743332,0.8974199801683426,0.8929962038993835
12.660000000044054,219.50529002562268,18.325159042550073,132.9910188630068,71.94967725996126,134.0,71.01131474676647,0.8959090739488601,0.9355215281248093,0.9144041344523429,0.8739734634757041,0.8971599578857422,0.8926786571741104
12.680000000044007,219.56408125550604,18.362949394727753,132.9882199097186,71.8571300699194,134.0,70.97724248300462,0.8956805318593979,0.9355407238006591,0.9142854690551757,0.8739965438842773,0.8971559435129165,0.8921344146132469
12.70000000004396,219.62160197631076,18.406252074662724,132.98377905589305,71.72414064917851,134.0,70.94279347366289,0.8954226911067963,0.9355182826519012,0.9142418563365936,0.8740399911999702,0.8974043250083923,0.8913912504911422
12.720000000043914,219.67817357794186,18.45388106925158,132.97772904929,71.55449129960284,134.0,70.90798099949018,0.8951406747102737,0.9354557424783706,0.9142721340060234,0.874103720486164,0.8978951066732407,0.8904855132102966
12.740000000043867,219.73413618681914,18.50451108049797,132.9701130218206,71.35315568519069,134.0,70.87281848135797,0.8922833487391472,0.9344540446996689,0.9133360832929611,0.8752545222640037,0.9001372322440148,0.8901399374008179
12.76000000004382,219.7898971216672,18.556723080892755,132.9609782865119,71.12561804360827,134.0,70.83731947508633,0.8901361376047134,0.93436598777771,0.912468209862709,0.8765116333961487,0.9019696816802024,0.8888268306851387
12.780000000043774,219.84591202287507,18.609664807133484,132.95038367870805,70.87645973786111,134.0,70.80149766621794,0.8884176641702651,0.9342972964048385,0.9116385221481323,0.8777394235134125,0.9040333241224289,0.8868076905608177
12.800000000043728,219.9026281142378,18.66252005468327,132.93840536375404,70.6102299426577,134.0,70.76536686474202,0.8870005592703819,0.934339165687561,0.910989673435688,0.8791904583573341,0.9060577392578125,0.885253632068634
12.820000000043681,219.96050101249554,18.71440106682982,132.92513959069336,70.3316756857019,134.0,70.72894099977032,0.8859848961234092,0.9343248784542083,0.9098196446895599,0.8807424694299698,0.9077811613678932,0.8835211664438247
12.840000000043634,220.02015663316138,18.76430218276977,132.91062451936273,70.0456331518773,134.0,70.69223411416718,0.8850555598735809,0.9344772905111313,0.9097995281219482,0.8824735984206199,0.9102352395653724,0.88227608948946
12.860000000043588,220.08295613607015,18.810884901999696,132.89455945401747,69.75698218817595,134.0,70.65526035913575,0.8842111468315125,0.934223884344101,0.9102506220340728,0.8840288460254669,0.9131028428673744,0.8811616227030754
12.880000000043541,220.1506783670401,18.852873384468015,132.87630560102792,69.47091902780836,134.0,70.61803398876243,0.883516664803028,0.9341581881046295,0.9102293163537979,0.8857542842626571,0.9155577257275581,0.8798528790473937
12.900000000043494,220.2250866048184,18.889197328918943,132.85496120780715,69.1930718474817,134.0,70.58056935452163,0.8826445356011391,0.9345640152692795,0.9100346684455871,0.8879676163196564,0.9178220197558403,0.8785746499896049
12.920000000043448,220.3077619916659,18.918853652746506,132.8293677429023,68.9291059602704,134.0,70.54288089974301,0.8826904147863388,0.9343799710273742,0.9097590938210487,0.8892648085951805,0.9195397064089775,0.877616336941719
12.940000000043401,220.39996115327318,18.9412656735566,132.79809032927542,68.68449308040826,134.0,70.50498315404333,0.8828571766614913,0.9342850387096405,0.9095771908760071,0.8904443055391311,0.9214301586151122,0.8758316308259964
12.960000000043355,220.50250822194204,18.956159571221566,132.7594748360845,68.46454004661275,134.0,70.46689072772499,0.8825244486331939,0.9345851868391036,0.9099746942520142,0.8914164587855339,0.9234018862247467,0.8749308958649635
12.980000000043308,220.61584419695342,18.963423257581486,132.71172552586978,68.27449587560083,134.0,70.42861830614342,0.8830265760421753,0.9345907390117645,0.9092691391706467,0.8924005299806594,0.9240682363510132,0.8736774772405624
13.000000000043261,220.74006581567951,18.963177512036097,132.65276078390275,68.11942076166045,134.0,70.39018064404573,0.8834184423089028,0.9344688862562179,0.9091744258999824,0.8927100703120231,0.9247503086924552,0.8728590279817581
13.020000000043215,220.87497098575543,18.955884341916867,132.58008560793428,68.0039381761815,123.83276154640953,70.35159255988232,0.8838735327124595,0.9345936894416809,0.9086566746234893,0.8932389572262763,0.9250201433897018,0.8716732904314994
13.040000000043168,221.01992406188714,18.94212849719062,132.4912594715906,67.9319255069877,127.92860259355123,70.3128689300942,0.8847147047519683,0.934380105137825,0.9089865952730178,0.8930070489645004,0.9258444219827652,0.87111387103796
13.060000000043122,221.17392551137723,18.92239968912826,132.38411096756843,67.90677715951043,127.85721974603184,70.2740246833778,0.8851822629570961,0.9344422250986099,0.9089071571826934,0.8929317861795425,0.9257187604904175,0.8707679376006127
13.080000000043075,221.33583453256384,18.89745710367349,132.2568509426168,67.93114868213512,127.78586601340248,70.23507479492967,0.8853728294372558,0.9345546633005142,0.908862355351448,0.8925884097814559,0.9252000749111176,0.8711050599813461
13.100000000043028,221.50426257057433,18.868062139881456,132.10810319943687,68.00620819590182,127.71455594568683,70.19603428067323,0.8860001176595688,0.9344801515340805,0.9082315310835838,0.8925985664129257,0.9241672858595847,0.8714610561728477
13.120000000042982,221.67770502799,18.834866719483642,131.93723578649596,68.13160842887866,127.64330408400467,70.15691819146993,0.8865323081612587,0.9345261245965958,0.9078345283865928,0.892211326956749,0.9229383200407028,0.8722961932420731
13.140000000042935,221.8545440473169,18.798621720564793,131.74429041994495,68.30568192070922,127.57212495760679,70.11774160731672,0.8872742429375648,0.9343909949064254,0.9073048189282417,0.8918141901493072,0.9213665276765823,0.8733564123511314
13.160000000042889,222.0330766408608,18.76000782873899,131.5302825869519,68.52584127526447,127.50103308091225,70.07851963153259,0.8881376773118973,0.9342063069343567,0.9067583546042443,0.8908379107713699,0.9186911359429359,0.875127837061882
13.180000000042842,222.2116915397897,18.71966077287562,131.29697921617134,68.78841057640163,127.43004295054862,70.03926738493581,0.8886238634586334,0.9341671377420425,0.9067844435572624,0.8895833522081374,0.9163874492049217,0.8768052011728287
13.200000000042795,222.38896470986475,18.6782419437107,131.0467250940311,69.08841866191018,127.35916904239602,70.00000000001465,0.8894155219197273,0.9341007888317108,0.906119492650032,0.8886340960860252,0.9133941397070885,0.8790183946490288
13.220000000042749,222.56360577122663,18.63674233085823,130.78206660943462,69.41800305726382,127.28842580863522,69.96073261509348,0.890291428565979,0.9341131985187531,0.9060404747724533,0.8870272606611251,0.9108375787734985,0.8809134915471076
13.240000000042702,222.73451363139233,18.596548633462877,130.50580033757845,69.76712122598884,127.21782767480066,69.92148036849667,0.8908224388957023,0.9340961754322051,0.9053143471479416,0.8858273923397064,0.9073334872722626,0.8831521347165108
13.260000000042655,222.90073412565218,18.558956530930818,130.2209483361163,70.12439797890313,127.14738903683885,69.88225839271252,0.8919120907783508,0.9344371557235718,0.9046830490231513,0.8845391809940338,0.90406956076622,0.8848212778568267
13.280000000042609,223.0614120860816,18.52529232312031,129.93095948087722,70.4773069595335,127.0771242581729,69.84308180855928,0.8929193630814553,0.9346468508243561,0.9040781885385513,0.8831202208995819,0.9007073760032653,0.886797770857811
13.300000000042562,223.2158847751709,18.496715059119822,129.6396272292895,70.81339191157497,127.00704766677356,69.8039657193559,0.8938520520925521,0.934926676750183,0.9036084711551666,0.8818234533071517,0.8973324105143546,0.8892913579940795
13.320000000042516,223.36361712024848,18.47429711011244,129.3507442712661,71.1205849605731,126.93717355223755,69.76492520509942,0.8949103802442551,0.9351276010274887,0.9034187406301498,0.8805339455604553,0.8945233643054962,0.8911854892969131
13.340000000042469,223.50416276356594,18.458776638471804,129.06812950563764,71.38822812158928,126.86751616287377,69.7259753166512,0.8959495797753334,0.9353173315525055,0.903276140987873,0.8792674154043197,0.8919426321983337,0.8928737297654151
13.360000000042422,223.6371856882587,18.45071037187972,128.79527184316092,71.60708436329327,126.79808970279778,69.68713106993472,0.8968951791524887,0.9353615075349807,0.9032939240336418,0.8780811995267868,0.8898794054985046,0.8942255809903145
13.380000000042376,223.76295967493033,18.45049457637195,128.5352030544624,71.77027203514322,126.72890832903546,69.64840744014651,0.8973566889762878,0.935086527466774,0.9035218402743339,0.8772433757781982,0.8886897876858711,0.8953567713499069
13.40000000004233,223.88124504404547,18.458545318412206,128.29046203440473,71.87249780493329,126.65998614863615,69.609819355983,0.8976618394255638,0.9348099738359451,0.9037885725498199,0.8765220403671264,0.8878186285495758,0.896101889014244
13.420000000042283,223.99177994440538,18.475593534722464,128.06300688036592,71.90940452797228,126.59133721579605,69.57138169388519,0.8975291460752487,0.9346674144268036,0.904011482000351,0.8762045115232467,0.8874499678611755,0.8964365750551223
13.440000000042236,224.09441637105587,18.502132006901974,127.8541982174619,71.87890557490478,126.52297552899233,69.53310927230349,0.8972075670957566,0.934547010064125,0.9042569175362587,0.8760332748293876,0.8874189302325248,0.8963616073131561
13.46000000004219,224.1894474963028,18.538159013737584,127.664816116206,71.78155566439466,126.45491502812874,69.495016845985,0.8967794686555862,0.9344195067882538,0.9045402705669403,0.8759359061717987,0.8876738160848617,0.8958935394883155
13.480000000042143,224.27657746983485,18.58300791141498,127.49507215290222,71.62053666099798,126.38716959169295,69.45711910028518,0.8962635368108749,0.9342891603708267,0.9048552602529526,0.8759106487035752,0.8882052645087242,0.8950599223375321
13.500000000042096,224.35606568970087,18.635347004066606,127.34460427581799,71.4012639610145,126.31975303392662,69.41943064550641,0.8956812113523483,0.9341606199741364,0.9051944568753242,0.8759537473320961,0.8889969319105148,0.8939080387353897
13.52000000004205,224.42839892255566,18.693399051322526,127.21253793129853,71.13115296589045,126.2526791020084,69.38196601126542,0.8950546607375145,0.9340387940406799,0.9055498361587524,0.8760601237416267,0.8900256931781768,0.8925016045570373
13.540000000042003,224.49430523236086,18.754889449540673,127.09753056305642,70.81930434649358,126.18596147325083,69.34473964089192,0.8944060176610946,0.9339285910129547,0.9059127837419509,0.8762232780456543,0.8912608593702316,0.8909153550863266
13.560000000041956,224.55480047707164,18.81744697098947,126.99787996787481,70.47531124850283,126.11961375231117,69.3077658858603,0.8937563598155975,0.9338347494602203,0.9062744796276092,0.8764356330037116,0.8926640212535858,0.8892296001315116
13.58000000004191,224.61112762919308,18.8794213648066,126.91165449658492,70.10682589205246,126.05364946841733,69.27105900025695,0.8931271985173225,0.9337608993053436,0.9066270381212235,0.8766877114772796,0.8941925138235092,0.8875163346529007
13.600000000041863,224.66461587385342,18.939423749115097,126.83680746763885,69.7258538209036,125.98808207260907,69.23463313528504,0.8925421863794326,0.9337081044912338,0.9069658994674682,0.8769673362374305,0.8958095103502274,0.8858187288045883
13.620000000041816,224.71669683996006,18.996004293033035,126.77127093728788,69.34368104907574,125.92292493499511,69.19850233380889,0.8920191019773483,0.9336784660816192,0.907281818985939,0.8772633761167526,0.8974581032991409,0.8842010036110878
13.64000000004177,224.76878368691246,19.047877292338345,126.71302970804588,68.96396380892206,125.85819134202676,69.16268052494027,0.8913314372301101,0.933799397945404,0.9074893727898597,0.8778506591916084,0.8992945045232773,0.8826945319771766
13.660000000041723,224.82220468855985,19.093801225812264,126.66017713815636,68.5903834952709,125.79389449378867,69.12718151866838,0.8907089635729789,0.9339601069688797,0.9076575204730034,0.8784792304039001,0.9011240571737289,0.8812990769743919
13.680000000041677,224.87817490857938,19.132675558122333,126.6109548162363,68.22652206566505,125.73004750130715,69.09201900053591,0.8902030274271965,0.9341354161500931,0.9078040361404419,0.8790874928236008,0.9028893932700157,0.8800090998411179
13.70000000004163,224.93774908218688,19.16360273731847,126.56377875633096,67.87569780514873,125.66666338387664,69.05720652636293,0.8898259490728379,0.9343167692422867,0.9079368144273757,0.8796525180339813,0.9045645266771316,0.8788171350955963
13.720000000041583,225.0017841734331,19.18593373695699,126.51725490759948,67.540820007472,125.60375506640483,69.02275751702095,0.889663890004158,0.9344477862119674,0.908096432685852,0.8801008626818657,0.9063279628753662,0.8773741066455841
13.740000000041537,225.07093060185167,19.19931233563343,126.4701660700605,67.22426913475739,125.5413353767772,68.9886852532588,0.8895563334226608,0.9344914436340331,0.9083589315414429,0.8805162161588669,0.908019931614399,0.8763601914048195
13.76000000004149,225.1456778785785,19.20373304745729,126.4213984211787,66.92781951993246,125.47941704324116,68.95500287058277,0.8895968705415725,0.9343056112527847,0.9088547915220261,0.8808162346482277,0.9100174531340599,0.8753688514232635
13.780000000041444,225.22634959981286,19.1995284959867,126.36992585992928,66.65423939449892,125.4180126918106,68.92172335419257,0.8897258758544921,0.9341238558292388,0.9093467622995376,0.8810499802231788,0.9118630588054657,0.8744973033666611
13.800000000041397,225.31308142964164,19.187317742947975,126.31482550631469,66.41086435045884,125.3571348436913,68.88885953397525,0.8899276673793792,0.9339490026235581,0.9098316296935082,0.8812213912606239,0.91354690939188,0.8737399905920028
13.82000000004135,225.40580223061033,19.167929307478953,126.25530313602638,66.19947421301815,125.29679591272762,68.85642407955912,0.8901709303259849,0.9337927639484406,0.910293760895729,0.881348067522049,0.9150286018848419,0.8731346070766449
13.840000000041304,225.5042177370523,19.14229010786429,126.19072873802192,66.02085384266351,125.23700820287118,68.82442949542927,0.8904429823160172,0.9336585462093353,0.9107270628213883,0.8814348056912422,0.9162924721837044,0.8726814791560172
13.860000000041257,225.60783665831073,19.111345758085374,126.1206511515659,65.87543602751994,125.17778390567193,68.79288811610694,0.8907448202371597,0.9335469931364059,0.9111272305250168,0.8814776539802551,0.917321528494358,0.8723725199699401
13.88000000004121,225.7159900206535,19.075945498093326,126.04482418835559,65.76349885415453,125.11913509779208,68.76181210139427,0.8910828545689583,0.9334740281105042,0.9114391759037971,0.8814814850687981,0.917967489361763,0.8722484230995178
13.900000000041164,225.82786274542946,19.03684027190397,125.9632052702254,65.68520743134464,125.06107373854356,68.7312134316865,0.8914518550038337,0.9334131151437759,0.9117411747574806,0.8814287036657333,0.9184395536780358,0.8722185611724853
13.920000000041117,225.94252257148335,18.994733626985266,125.87593927369608,65.64058303072936,125.00361166744926,68.70110390335327,0.8918470561504364,0.9333656758069991,0.9120294362306595,0.8813209772109986,0.9187301129102706,0.8722859337925911
13.94000000004107,226.0589573057302,18.950167250654435,125.7833319398834,65.62943233387867,124.94676060182887,68.67149512419091,0.8922653913497924,0.9333318442106247,0.9123011574149131,0.8811595395207404,0.9188384652137757,0.8724463120102882
13.960000000041024,226.17616351636204,18.90368783880316,125.68582000614607,65.65126009167521,124.89053213440951,68.64239850894742,0.8926005423069,0.9333167433738708,0.9125101014971733,0.8810319602489471,0.9187828987836838,0.8727378591895103
13.980000000040977,226.29318069084596,18.855724217777677,125.58394221157754,65.70515636527004,124.83493773096183,68.61382527492185,0.8928596258163451,0.9333399355411529,0.912594398856163,0.8809449449181557,0.9184012830257415,0.8732181400060653
14.00000000004093,226.40905906683818,18.806810008683527,125.47831070588623,65.7896486718828,124.77998872796196,68.58578643763985,0.8931598007678986,0.933387303352356,0.9126336619257926,0.880792836844921,0.9177563950419426,0.8738067775964736
14.020000000040884,226.5228757227599,18.757501357389085,125.36959468485007,65.90270358451816,124.72569633027986,68.55829280660691,0.8934853449463844,0.9334579974412918,0.9126375019550323,0.8805844828486442,0.9168887317180633,0.8745023503899574
14.040000000040838,226.6337334158902,18.708398317819633,125.25850655331305,66.04177001744824,124.6720716088945,68.53135498114118,0.8938345417380332,0.9335507124662399,0.91260646879673,0.8803230345249176,0.9158134162425995,0.8752996370196342
14.060000000040791,226.74061781366566,18.660035914237266,125.14577940278438,66.20332081732325,124.61912549863628,68.50498334628715,0.894207489490509,0.9336630791425705,0.912542051076889,0.8800109460949898,0.9145498052239418,0.8761886283755302
14.080000000040744,226.84356189542424,18.61362295263289,125.03211374698752,66.38185160105857,124.56686879595735,68.47918806881206,0.8946044474840164,0.933791995048523,0.912448289990425,0.879650765657425,0.9131239026784896,0.8771540984511376
14.100000000040698,226.94233097436793,18.56984547444215,124.91813425868435,66.57195240881592,124.51531215672998,68.45397909328643,0.8950287818908691,0.9339317291975021,0.912331984937191,0.8792435482144355,0.9115729331970215,0.8781657338142395
14.120000000040651,227.03642277767963,18.52927079908771,124.80439789898044,66.7686921191541,124.46446609407373,68.42936613825019,0.8954802557826042,0.9340773463249207,0.9122005969285965,0.8787930846214295,0.9099359005689621,0.8791938424110413
14.140000000040605,227.12557948540262,18.492277151831964,124.69140925764587,66.96740242420204,124.41434097621168,68.40535869246602,0.8959541529417038,0.9342250913381577,0.912060934305191,0.8783064916729927,0.9082512140274047,0.8802124068140983
14.160000000040558,227.20966522402242,18.45913178558486,124.57963177605262,67.16349377811818,124.36494702435614,68.3819660112613,0.8964419171214103,0.9343720763921738,0.9119192153215409,0.8777935326099395,0.9065566480159759,0.8811985030770302
14.180000000040511,227.28866277238936,18.429903660163454,124.46949587145548,67.35235602593512,124.3162943106245,68.3591971129599,0.8968368142843246,0.9345756292343139,0.91173627525568,0.877320721745491,0.9046758338809013,0.8825227051973342
14.200000000040465,227.36262227636024,18.404835446414957,124.36140464967909,67.52936667411299,124.2683927559853,68.33706077540559,0.8973066926002502,0.9347072541713715,0.9116049185395241,0.8767974629998206,0.9031045332551002,0.883349272608757
14.220000000040418,227.43160441459875,18.384190814305516,124.25573789231525,67.69000721630867,124.22125212823525,68.31556553257784,0.8975385606288909,0.934846219420433,0.9114015355706214,0.8764299780130386,0.9016376733779907,0.8842265293002128
14.240000000040371,227.49568092920615,18.36823529471233,124.15285357843035,67.83004783544762,124.17488204000742,68.29471967130195,0.8977224349975585,0.9349741607904434,0.9112130343914032,0.8760864272713661,0.9003036946058273,0.8849912136793137
14.260000000040325,227.55493045951377,18.357203520420327,124.05308614754321,67.94575211777898,124.12929194681112,68.27453122805427,0.8978508546948433,0.9350904077291489,0.9110446229577064,0.875774285197258,0.899122029542923,0.8856344789266586
14.280000000040278,227.60944301368713,18.351323783433376,123.95673716309662,68.03389550576769,124.08449114510374,68.25500798586398,0.8979242444038391,0.9351919114589691,0.9109033197164536,0.8754964396357536,0.8981139168143272,0.8861350238323211
14.300000000040232,227.6593419536075,18.350882422149752,123.86405688030405,68.09161297277561,124.04048877039513,68.23615747131257,0.8978519320487975,0.9353206217288971,0.9107671350240707,0.8753493070602417,0.8973697289824486,0.88646829277277
14.320000000040185,227.70479023170267,18.35591231199003,123.77524107286847,68.1172383704575,123.99729379538468,68.21798695163224,0.8976719290018081,0.9354574322700501,0.9106519520282745,0.8752984568476677,0.896875411272049,0.8866204813122749
14.340000000040138,227.74603767516038,18.36627117638299,123.6903912338458,68.11021584510206,123.95491502813172,68.20050343190422,0.8974792838096618,0.9354812413454056,0.9106709331274032,0.875252591073513,0.8967172503471375,0.8865649193525315
14.360000000040092,227.78341185527307,18.3816845818611,123.6095132313564,68.07101398115218,123.91336111025939,68.1837136523582,0.8972723379731178,0.935412710905075,0.9108040779829025,0.8752160191535949,0.8968587636947631,0.8863209545612335
14.380000000040045,227.81731063525112,18.40172516825914,123.53252840620529,68.00105395436712,123.87264051519251,68.16762408577377,0.8970399916172027,0.935343661904335,0.9109560519456863,0.8752029523253441,0.8971411287784576,0.8859320566058159
14.400000000039999,227.8481992418594,18.425819100438332,123.45927985938411,67.90261902331402,123.83276154642975,68.15224093498513,0.896787841618061,0.9352760076522827,0.9111246645450591,0.8752127915620803,0.8975578546524048,0.885412660241127
14.420000000039952,227.87662326179105,18.45327056849331,123.38952171030837,67.77876333836595,123.7937323358504,68.13757013048976,0.8965217351913451,0.9352121710777282,0.9113066345453262,0.8752445310354232,0.8980958744883537,0.8847872093319893
14.440000000039905,227.90320699061542,18.483272124296864,123.32292539870019,67.63319978770382,123.75556084205613,68.12361732816207,0.8962489008903504,0.935154315829277,0.9114984840154647,0.8752961412072181,0.8987391978502274,0.8840815961360932
14.460000000039859,227.9286166700755,18.51496650985079,123.25911465713048,67.46992309846921,123.71825484874824,68.11038790707293,0.8959774523973465,0.935104364156723,0.9116965472698212,0.8753648102283478,0.8994689106941223,0.8833227053284645
14.480000000039812,227.9535255771164,18.54768461124999,123.19769652817551,67.29236078461983,123.68182196314034,68.09788696741603,0.8957162275910378,0.9350638091564178,0.911897574365139,0.8754468724131584,0.9002648025751113,0.882535097002983
14.500000000039766,227.97859441805142,18.580682902154656,123.13827796766647,67.10386469404133,123.64626961440717,68.08611932854156,0.8954755082726479,0.9350330710411071,0.912099240720272,0.8755375981330872,0.901109430193901,0.8817343682050705
14.520000000039719,228.00448663939622,18.61321250184194,123.0804767445313,66.90782497402665,123.61160505216971,68.07508952709831,0.8952648967504501,0.9350121051073074,0.9123000353574753,0.8756319850683212,0.901986163854599,0.8809328436851501
14.540000000039672,228.0317757877705,18.644626414023875,123.02392968858574,66.7075957370238,123.57783534501684,68.06480181528472,0.8950937807559967,0.9349876523017883,0.9125127121806145,0.8757234528660774,0.9029028177261352,0.8801382929086685
14.560000000039626,228.06095706457282,18.674260039699817,122.96829864545268,66.50642371526736,123.54496737906398,68.05526015920952,0.8949893444776534,0.9348195940256119,0.912883697450161,0.8757863014936447,0.9041021093726158,0.879321314394474
14.580000000039579,228.09245022517158,18.70150189175383,122.913274579883,66.30738244204782,123.51300785654894,68.04646823736275,0.8949305325746536,0.9346454918384551,0.9132672309875488,0.8758394181728363,0.9053165376186371,0.8785413503646851
14.600000000039532,228.12658963322195,18.725822997845118,122.85858037161117,66.11331555936142,123.48196329446517,68.03842943919764,0.8948420107364654,0.9345057755708694,0.9136355429887771,0.8759623035788536,0.9065992191433906,0.8777960360050201
14.620000000039486,228.1636159633062,18.746796663600623,122.80397284468378,65.9267936790977,123.45184002323293,68.03114686382393,0.8948466733098029,0.9343289643526077,0.9140377402305603,0.8760636642575264,0.9080990836024284,0.8767806231975556
14.64000000003944,228.2036704563377,18.7641086927169,122.74924466992066,65.75008710273212,123.42264418540839,68.02462331881304,0.8948050230741501,0.9342121630907059,0.9143962398171425,0.876200170814991,0.9093473434448242,0.8761605724692344
14.660000000039393,228.2467968942737,18.777511239522614,122.69423122436055,65.58517675074023,123.39438173443106,68.01886131911577,0.8948127925395966,0.9340944141149521,0.9147563755512237,0.8763136461377143,0.9105545297265053,0.875576901435852
14.680000000039346,228.29293482134509,18.786801113132896,122.63882743844235,65.43382657991059,123.36705843340984,68.01386308609267,0.8948584571480751,0.9339827001094818,0.9151103287935257,0.8764076665043831,0.9116867750883102,0.8750612422823906
14.7000000000393,228.34189581509588,18.791886555452667,122.5829834483465,65.29760150113202,123.3406798539478,68.00963054665772,0.8949402600526809,0.9338782906532287,0.9154556363821029,0.8764802202582359,0.912730860710144,0.8746138677001
14.720000000039253,228.3934127169221,18.792708014603587,122.52668230120666,65.17792800441296,123.31525137500614,68.00616533253545,0.8950735300779342,0.9338024109601974,0.9158202201128006,0.8765600964426994,0.9137122586369514,0.8742128998041153
14.740000000039206,228.44713951375357,18.789263542503313,122.46993639838412,65.07619860567767,123.29077818180718,68.00346877963185,0.8952447444200515,0.9337470412254333,0.916185376048088,0.8766325116157532,0.9145994037389755,0.8738745838403702
14.76000000003916,228.50270464747226,18.781564142114927,122.4127741977011,64.99361540492222,123.26726526477722,68.00154192751941,0.8954395532608032,0.9337030172348022,0.9165315240621567,0.8766816720366478,0.9153619915246963,0.8736133858561516
14.780000000039113,228.55971023771357,18.76973851396844,122.35524180269154,64.93115086138822,123.24471741852875,68.0003855190363,0.8956533879041672,0.9336714297533035,0.9168556645512581,0.8767078191041946,0.9159916445612907,0.8734308078885078
14.800000000039066,228.61772511070112,18.754018255741872,122.29740621907867,64.88953734673879,123.22313924088289,68.0,0.8958819523453713,0.9336532890796662,0.917154636979103,0.8767113506793975,0.9164805397391319,0.8733287632465362
14.82000000003902,228.6762983046267,18.73470755960686,122.2393560118896,64.86925699174928,123.20253513193174,68.00038551903543,0.8961216926574707,0.9336493015289307,0.91742572337389,0.8766926065087318,0.9168228387832641,0.8733081325888633
14.840000000038973,228.73496373655738,18.71217743274272,122.18119788960882,64.87054734043578,123.18290929314117,68.00154192751768,0.8963699579238892,0.9336597889661788,0.9176664426922798,0.8766517832875251,0.9170143842697144,0.8733688980340958
14.860000000038927,228.79324130266514,18.686856570282064,122.12305456618091,64.89339064509947,123.16426572649411,68.00346877962926,0.8966245129704475,0.9336849570274353,0.9178750783205032,0.8765891179442405,0.9170528963208199,0.8735107377171516
14.88000000003888,228.85064764468237,18.65922048369093,122.06506403117768,64.93748567194321,123.14660823367446,68.00616533253199,0.8968839094042778,0.9337245285511017,0.9180499717593192,0.8765048384666443,0.916938093304634,0.873732042312622
14.900000000038833,228.90670701713876,18.62980684457156,122.0073777048705,65.00221966999102,123.12994041529187,68.00963054665341,0.8971466094255447,0.9337781190872192,0.9181901752948761,0.8763994544744491,0.9166719555854798,0.8740308359265327
14.920000000038787,228.96095397884773,18.59908073867659,121.95015712662543,65.08664584212744,123.11426567014756,68.0138630860875,0.8974111020565033,0.933845067024231,0.9182951927185058,0.8762737840414047,0.9162589445710182,0.8744041994214058
14.94000000003874,229.01300388306956,18.567462268944247,121.89356957977472,65.18946921585864,123.0995871945412,68.01886131910975,0.8976756662130355,0.933924514055252,0.9183650374412536,0.8761290207505226,0.9157061681151389,0.874848087131977
14.960000000038693,229.06250827470046,18.535461688929363,121.83778308530586,65.30904409773605,123.0859079816192,68.02462331880618,0.8979382544755935,0.9340154856443404,0.9184006437659263,0.87596675157547,0.9150233671069145,0.8753577962517738
14.980000000038647,229.1091491413466,18.503658384451395,121.782961183887,65.44316152463321,123.07323082076431,68.0311468638162,0.8981971234083176,0.9341167211532593,0.9184035897254944,0.8757887199521065,0.9142229780554771,0.8759266301989556
15.0000000000386,229.15264303951167,18.47289963897852,121.72925780749692,65.58858371800562,123.06155829702689,68.03842943918907,0.8984512090682983,0.934226468205452,0.9183765083551406,0.8755967587232589,0.9133213579654693,0.8765443652868271
15.020000000038554,229.19279325881683,18.443799010035328,121.67681251870495,65.74192711428859,123.0508927905977,68.04646823735334,0.8987011283636093,0.9343421787023544,0.9183244466781616,0.875392410159111,0.9123411178588867,0.8771939828991889
15.040000000038507,229.22948543242882,18.41683240178239,121.62574632028449,65.89991315652338,123.04123647632264,68.05526015919926,0.8989464968442916,0.9344613492488861,0.9182527691125869,0.8751779094338417,0.9113065004348755,0.8778574898838997
15.06000000003846,229.2626394503959,18.392403637843415,121.57615820659136,66.05934993359557,123.03259132325918,68.06480181527364,0.899185074865818,0.9345818519592285,0.9181671887636185,0.8749563902616501,0.9102420836687087,0.8785184308886528
15.080000000038414,229.29221986644689,18.3708206737742,121.52812266203051,66.21710323360536,123.02495909427492,68.07508952708639,0.8994133174419403,0.9347017109394073,0.9180726498365402,0.8747317865490913,0.9091721415519715,0.8791609853506088
15.100000000038367,229.31823604568464,18.352328770934463,121.48168824707554,66.37008502906613,123.01834134568803,68.08611932852881,0.8994677037000656,0.9348860681056976,0.9178937822580338,0.8745887577533722,0.9079428404569626,0.8801250159740448
15.12000000003832,229.34073858484706,18.337134221656477,121.4368774434628,66.51527569760187,123.01273942694998,68.09788696740246,0.899525773525238,0.9350643903017044,0.9177602216601372,0.8745097309350968,0.9070827543735503,0.8806457579135895
15.140000000038274,229.35981205276153,18.325410842656744,121.39368824728545,66.6497856249152,123.00815448037032,68.11038790705854,0.8995502710342407,0.9352402180433274,0.9176261559128761,0.8744402885437011,0.9062586233019828,0.8811439156532287
15.160000000038227,229.375579117972,18.317260752229565,121.3520971477067,66.77094388339724,123.00458744088378,68.12361732814686,0.8995493143796921,0.9354077398777008,0.9175049513578415,0.8743813246488571,0.9055156469345093,0.8815688624978065
15.18000000003818,229.38819482348157,18.31274214907228,121.31206284186045,66.87639560741829,123.00203903585957,68.13757013047375,0.8995225548744201,0.9355646848678588,0.9174017176032067,0.8743339657783508,0.9048673391342162,0.8819135621190071
15.200000000038134,229.3978505801241,18.311926247264257,121.27352202359283,66.96405226126022,123.0005097849531,68.15224093496832,0.8994720980525016,0.9357086390256881,0.9173220604658127,0.874298770725727,0.904327692091465,0.8821681305766106
15.220000000038088,229.4048051628559,18.31496590164106,121.23636428735514,67.03193005659845,123.0,68.16762408575616,0.8994016408920288,0.9358374565839768,0.9172712728381157,0.8742758154869079,0.9039088159799575,0.882323457300663
15.240000000038041,229.409378122709,18.321866423876127,121.20043500314009,67.07890569263196,123.00050978495257,68.1837136523398,0.8993154972791672,0.9359490633010864,0.9172545000910759,0.8742649883031844,0.9036221504211426,0.8823705837130547
15.260000000037994,229.41193629600642,18.332477550965848,121.16554955927697,67.10471394952498,123.00203903585852,68.20050343188505,0.8992169305682182,0.9360419750213623,0.9172753810882568,0.874266168475151,0.9034742847084999,0.8823077753186226
15.280000000037948,229.4128870493143,18.346529510162263,121.13150845130006,67.109801672395,123.00458744088222,68.21798695161229,0.8991083905100822,0.936115351319313,0.9173357665538787,0.8742791011929512,0.9034669935703278,0.882139828801155
15.300000000037901,229.4126551509008,18.363682342567206,121.09811055761958,67.09520521079739,123.00815448036823,68.23615747129186,0.8989921033382415,0.9361689060926437,0.9174362778663635,0.8743033483624458,0.9035980820655822,0.8818767130374908
15.320000000037854,229.41166293302896,18.383560503134383,121.06516427956724,67.06244442339487,123.01273942694736,68.25500798584251,0.898870500922203,0.9362029075622559,0.9175761818885803,0.8743381589651108,0.9038616091012954,0.8815318569540977
15.340000000037808,229.41031710450756,18.40572584373754,121.0324966581461,67.01343524037568,123.01834134568489,68.27453122803206,0.8987466722726821,0.9362180799245834,0.9177536278963089,0.8743824198842048,0.9042487949132919,0.8811201691627503
15.360000000037761,229.4090042690287,18.429692243884098,120.99996058633081,66.95041249680413,123.02495909427125,68.294719671279,0.8986243903636932,0.9362155586481095,0.9179659426212311,0.8744346648454666,0.9047481596469878,0.880657309293747
15.380000000037715,229.4080815270792,18.45498773323353,120.96744016365888,66.87570647294825,123.032591323255,68.31556553255415,0.8985078796744347,0.9361969262361526,0.9182099252939224,0.874493096768856,0.9053461045026779,0.8801588207483292
15.400000000037668,229.40786997825413,18.481279710073835,120.93485420117142,66.79132504390788,123.04123647631795,68.33706077538118,0.8984022721648216,0.9361639618873596,0.9184820264577865,0.8745555967092514,0.9060283064842224,0.8796375960111618
15.420000000037621,229.40867779684862,18.50814567947872,120.90215800255369,66.69929540554355,123.0508927905925,68.3591971129348,0.8983137726783752,0.9361184179782868,0.9187792867422103,0.8746198087930679,0.906781779229641,0.8791017219424248
15.440000000037575,229.41076004361676,18.535221613032725,120.86934345088717,66.60174499886313,123.06155829702116,68.38196601123548,0.8982480585575103,0.9360622525215149,0.9190989524126053,0.8746833771467208,0.907593522965908,0.8785579532384872
15.460000000037528,229.4143019482527,18.562149420109126,120.83643730468735,66.50086325294676,123.07323082075807,68.4053586924395,0.8982091441750526,0.9359974771738052,0.9194375589489937,0.8747443482279778,0.9084498807787895,0.8780130445957184
15.480000000037482,229.4194430188764,18.58853097562495,120.8034994415622,66.3988600858646,123.08590798161245,68.42936613822299,0.8981989651918411,0.9359262108802795,0.9197912171483039,0.8748012110590935,0.9093367084860802,0.877474296092987
15.500000000037435,229.4262765854836,18.61396172486703,120.77062088216367,66.29792512391569,123.09958719453394,68.45397909325855,0.898217736184597,0.9358505994081497,0.9201557517051696,0.8748528525233269,0.9102393880486488,0.8769497007131576
15.520000000037388,229.43484758332085,18.63804777014118,120.73792166876144,66.20019066403113,123.11426567013979,68.47918806878353,0.8983412116765975,0.9357438385486603,0.9205825492739678,0.8748946815729141,0.9113863721489907,0.8761313185095787
15.540000000037342,229.44515077666063,18.6604197099016,120.70554892357241,66.10770116506087,123.12994041528358,68.50498334625797,0.8984071046113967,0.9356680661439896,0.9209510937333106,0.8749343737959862,0.9122604548931121,0.8756854996085167
15.560000000037295,229.4571297469421,18.680744031823615,120.67367515945854,66.02238952440814,123.14660823366566,68.53135498111136,0.89850252866745,0.9355921506881714,0.9213231071829796,0.8749668329954147,0.9131278097629547,0.8752505078911781
15.580000000037248,229.47068636292136,18.698633926305316,120.64249656584907,65.9460587950928,123.1642657264848,68.55829280657646,0.8986166208982468,0.935520651936531,0.9216878160834312,0.8749924257397651,0.9139513283967972,0.8748620390892029
15.600000000037202,229.4856883671848,18.713900591684045,120.61223097913285,65.88036750690873,123.18290929313135,68.58578643760879,0.8987471103668213,0.9354552596807479,0.922041568160057,0.875010883808136,0.9147196918725967,0.8745232939720153
15.620000000037155,229.50191693835035,18.726380985174906,120.58311932395682,65.82686217397787,123.20253513192142,68.61382527489019,0.8988917171955109,0.9353976994752884,0.9223803490400314,0.8750219166278839,0.9154206335544586,0.8742382064461708
15.640000000037109,229.51908877204988,18.73592539224077,120.55543205613378,65.78707386561838,123.22313924087207,68.64239850891516,0.8990480005741119,0.935349616408348,0.9227002963423728,0.8750253185629845,0.9160427272319793,0.8740102544426918
15.660000000037062,229.53688952841344,18.742451006442295,120.52944949285875,65.76232508627676,123.24471741851744,68.67149512415807,0.8992130056023597,0.9353124409914017,0.9229973420500756,0.8750210627913475,0.9165749087929725,0.8738431841135025
15.680000000037015,229.55498461505192,18.745949148213086,120.5054545614412,65.75368639417452,123.26726526476541,68.70110390331986,0.8993836209177971,0.9352874517440796,0.9232677266001701,0.8750092431902885,0.917007602751255,0.873740142583847
15.700000000036969,229.5730263246167,18.7464807673164,120.48372771973966,65.76197036106176,123.29077818179488,68.73121343165255,0.8995569497346878,0.9352756679058075,0.9235080569982529,0.8749900028109551,0.9173328250646591,0.8737032800912857
15.720000000036922,229.59066220507876,18.744171100604877,120.46454089433959,65.78772175135154,123.31525137499334,68.76181210135978,0.8997303232550621,0.9352778851985931,0.9237154185771942,0.8749635383486748,0.917544536292553,0.8737337812781334
15.740000000036876,229.60754340292328,18.73920325193371,120.44815092878002,65.8312078598813,123.34067985393453,68.79288811607191,0.8999013945460319,0.9352945774793625,0.9238873079419135,0.8749300912022591,0.9176385700702667,0.8738319009542465
15.760000000036829,229.6233326858756,18.731811306844957,120.43479255282232,65.89240897741715,123.36705843339607,68.82442949539373,0.9000680267810821,0.9353260397911072,0.9240219190716743,0.8748899564146996,0.9176127851009369,0.8739971250295638
15.780000000036782,229.63771201115256,18.722273592774307,120.42467086706478,65.97100937880147,123.39438173441681,68.85642407952308,0.9002284228801727,0.9353722810745239,0.9241179510951042,0.8748434871435166,0.9174671590328216,0.8742277815937995
15.800000000036736,229.6503893338295,18.710907259484344,120.4179535707284,66.06639019935595,123.42264418539366,68.88885953393873,0.9003809154033661,0.9354330331087112,0.9241747915744781,0.8747911572456359,0.9172039180994034,0.8745213896036148
15.82000000003669,229.6611037340029,18.69807301402299,120.4147632942676,66.17762614254858,123.45184002321773,68.92172335415557,0.9005239129066467,0.9355078041553497,0.9241924360394478,0.874733529984951,0.9168273225426674,0.8748745962977409
15.840000000036643,229.6696250283287,18.684130173242053,120.4151704571139,66.3034885337208,123.48196329444949,68.95500287054531,0.900655922293663,0.9355958521366119,0.9241716399788856,0.8746713161468506,0.9163440600037575,0.8752829313278198
15.860000000036596,229.67579012662316,18.669374480008983,120.41918707779159,66.4424565041291,123.51300785653278,68.9886852532209,0.9007753163576125,0.9356961578130721,0.9241136461496353,0.8746053740382195,0.9157626911997795,0.875741159915924
15.88000000003655,229.6794869734636,18.654247959587483,120.4267620168148,66.5925617159189,123.54496737904736,69.02275751698261,0.9008807584643364,0.9358075678348541,0.9240209445357322,0.8745366156101226,0.915094244480133,0.8762428179383278
15.900000000036503,229.68064186274816,18.639385726577295,120.43777802375338,66.75102214945234,123.57783534499974,69.0572065263242,0.9009715870022773,0.9359285354614257,0.923896749317646,0.8744659751653671,0.9143524125218391,0.876778906583786
15.920000000036456,229.6792307526994,18.625376854772867,120.45205091388583,66.91491263626168,123.61160505215216,69.09201900049676,0.9010485976934433,0.9360569238662719,0.9237460359930992,0.8743943512439728,0.9135562255978584,0.8773345530033111
15.94000000003641,229.67528166973096,18.612700037747857,120.46933102115598,67.08138693381807,123.64626961438917,69.12718151862886,0.9011123672127723,0.9361904174089432,0.923574423789978,0.8743227630853653,0.9127258852124214,0.8778942093253136
15.960000000036363,229.6688724034705,18.60173659592173,120.48930680964736,67.24769359549161,123.68182196312188,69.16268052490038,0.9010838508605957,0.9363556057214737,0.9233322873711586,0.8742561772465706,0.9116388529539108,0.8787793025374412
15.980000000036316,229.6601264384378,18.592791587540056,120.5116107398583,67.41117261889076,123.71825484872933,69.19850233376864,0.9011288315057754,0.9364898145198822,0.9231432855129241,0.8741878390312194,0.91082524061203,0.8792748630046844
16.00000000003627,229.6492081987695,18.586114310610135,120.53582776396999,67.56925565585847,123.75556084203679,69.23463313524445,0.9011502668261527,0.9366250872612,0.9229445695877075,0.8741241097450256,0.9100110113620757,0.8797677010297775
16.020000000036934,229.63631779231304,18.58191247795841,120.56150634312542,67.71948478810836,123.7937323358306,69.27105900021604,0.9011559039354324,0.9367564707994461,0.9227491170167923,0.8740657806396485,0.9092392146587371,0.8802122458815574
16.040000000037598,229.62168494997596,18.580357123547078,120.58817242620933,67.85955777554396,123.83276154640953,69.30776588581908,0.9011440485715866,0.9368822306394576,0.9225620239973068,0.8740142062306404,0.9085234358906745,0.8806028380990029
16.06000000003826,229.6055685606367,18.58162213422746,120.61534072975444,67.98725421871558,123.87264051517185,69.3447396408504,0.901114535331726,0.9370004534721375,0.9223889321088791,0.8739704862236977,0.9078783422708511,0.88093131929636
16.080000000038925,229.58826582776692,18.585947259285696,120.6425169425198,68.10025360115642,123.9133611102383,69.38196601122364,0.901068365573883,0.9371092259883881,0.9222355276346207,0.8739353895187377,0.907317778468132,0.8811896562576294
16.10000000003959,229.57008199613477,18.593431217422793,120.66923617937704,68.19683898107452,123.95491502811021,69.41943064546436,0.9010086506605148,0.9372066706418991,0.9221078187227248,0.8739092111587524,0.906855620443821,0.8813675180077553
16.120000000040253,229.55132068604146,18.604034589609867,120.69507873741476,68.27594739044181,123.99729379536274,69.45711910024289,0.90093874335289,0.9372913032770157,0.9220109909772872,0.873892018198967,0.9065024584531783,0.8814582169055939
16.140000000040917,229.53227901604356,18.61761644564959,120.71967928139094,68.33708940444956,124.04048877037278,69.4950168459425,0.9008610755205154,0.9373620063066482,0.9219489246606827,0.8738838508725166,0.9062650561332702,0.8814601436257362
16.16000000004158,229.5132427466959,18.633960343173406,120.74273431172337,68.38028315682615,124.08449114508097,69.53310927226077,0.9007771044969558,0.9374181270599365,0.9219242349267006,0.8738847717642784,0.9061466813087463,0.8813764989376068
16.180000000042245,229.49448228293772,18.652792664806324,120.76400731821448,68.40599588745076,124.12929194678794,69.57138169384227,0.9006879031658173,0.9374593436717987,0.9219383254647254,0.8738947451114655,0.9061476469039916,0.8812138363718987
16.20000000004291,229.47624929147395,18.673793351503406,120.78333193223233,68.41509655922778,124.17488203998384,69.60981935593992,0.9005946516990662,0.9374856919050216,0.9219914644956588,0.873913525044918,0.9062652841210365,0.8809813067317008
16.220000000043573,229.45877319887947,18.696552396100564,120.8006134317911,68.4088186817012,124.22125212821128,69.64840744010327,0.9004989236593246,0.937497529387474,0.9220828518271446,0.8739405840635299,0.906494402885437,0.880689513683319
16.240000000044237,229.44229103773517,18.720606765801477,120.81582859144677,68.38872205992445,124.26839275596093,69.68713106989134,0.9004029989242553,0.9374956160783767,0.92221110612154,0.873975045979023,0.9068275690078735,0.880349825322628
16.2600000000449,229.42698358178126,18.745586203909404,120.82902376796504,68.35663954825438,124.31629431059974,69.72597531660769,0.9003098189830779,0.9374810516834259,0.922374103963375,0.8740156903862953,0.9072550907731056,0.8799738332629203
16.280000000045565,229.412985547856,18.771063059867487,120.84031132699651,68.31459952053748,124.364947024331,69.76492520505579,0.9002231836318969,0.9374551057815551,0.9225690513849258,0.8740609616041183,0.9077656000852584,0.8795722037553787
16.30000000004623,229.4004014798548,18.79665193484599,120.84986483023413,68.26461443461999,124.41434097618617,69.80396571931219,0.9001472055912018,0.9374193251132965,0.9227925062179565,0.8741090938448906,0.9083462581038475,0.8791547402739525
16.320000000046893,229.38930696022842,18.822117823428258,120.85791336530778,68.20833598776395,124.46446609404785,69.84308180851548,0.9000852823257446,0.9373753547668456,0.9230409547686577,0.8741584241390228,0.908984038233757,0.8787303432822228
16.340000000047556,229.37975054637045,18.847229820305166,120.86473513405164,68.14744073193151,124.51531215670555,69.88225839267005,0.9000408247113227,0.937324607372284,0.9233112230896949,0.8742073744535446,0.9096679300069809,0.8783039927482604
16.36000000004822,229.37175631970752,18.871723889793426,120.87065072740985,68.08370097216319,124.56686879593441,69.92148036845556,0.9000163540244103,0.9372684866189956,0.923599649965763,0.8742545410990715,0.9103866145014763,0.8778802037239074
16.380000000048884,229.36535244942908,18.895221265715275,120.87601588044036,68.0189459410833,124.6191254986149,69.96073261505374,0.9000130325555801,0.9372085392475128,0.9239025071263313,0.8742987796664238,0.9111282274127006,0.8774644523859024
16.40000000004955,229.36066326848695,18.917500100057318,120.88121298147966,67.9550229067878,124.67207160887475,69.9999999999763,0.9000307574868202,0.9371463477611541,0.9242158114910125,0.8743392184376716,0.9118805646896362,0.8770626977086067
16.420000000050212,229.35780311327065,18.93825847100161,120.88664463302884,67.89375993968987,124.72569633026178,70.03926738489886,0.90006854981184,0.9370834320783615,0.9245350301265717,0.8743752270936965,0.9126310601830482,0.8766809076070785
16.440000000050876,229.35619136786082,18.957279394991478,120.89272823436691,67.8369320661298,124.7799887279456,70.07851963149706,0.9002003580331802,0.9369933724403381,0.9249096408486366,0.8744027510285377,0.9136046797037124,0.8760208740830421
16.46000000005154,229.35581293483477,18.974365269557868,120.89989125441457,67.78623288187497,124.83493773094723,70.11774160728261,0.9002651691436767,0.9369354635477066,0.9252218633890151,0.8744294211268425,0.9142966985702514,0.8757233008742332
16.480000000052204,229.35651591830432,18.989314414031856,120.90856691112987,67.74325130617288,124.89053213439674,70.15691819143726,0.9003492340445518,0.9368790566921233,0.925531667470932,0.8744505167007446,0.9149702593684196,0.8754384636878967
16.500000000052868,229.35814833005193,19.001932246388524,120.91919000028582,67.70945200108582,124.94676060181796,70.19603428064201,0.9004418283700942,0.9368279695510864,0.9258280694484711,0.8744665339589118,0.9155907392501831,0.8751999840140342
16.520000000053532,229.3605152723338,19.01217293018614,120.93219253338192,67.68615810679084,125.00361166744025,70.2350747948999,0.9005412086844444,0.9367832124233245,0.9261073410511017,0.8744772538542748,0.916149166226387,0.8750097930431365
16.540000000054196,229.3633642089075,19.01999117342343,120.94800551003738,67.67458184090029,125.06107373853652,70.2740246833495,0.9006457164883613,0.9367458760738373,0.9263654500246048,0.8744823902845382,0.9166355088353156,0.8748708859086036
16.56000000005486,229.36640857906158,19.025347152321718,120.9670693325946,67.67592059407157,125.11913509778704,70.31286893006735,0.9007534697651863,0.9367169082164765,0.9265982747077942,0.8744818314909935,0.917040567100048,0.874785815179348
16.580000000055524,229.36935501048552,19.02825099148204,120.98980038049531,67.69115526871565,125.17778390566892,70.35159255985693,0.9008619964122772,0.9366971850395203,0.9268020242452621,0.874475559592247,0.9173556998372078,0.8747577637434005
16.600000000056188,229.3719124279174,19.02876817039103,121.01657939572642,67.72100435068307,125.23700820287026,70.3901806440218,0.9009688913822174,0.9366874933242798,0.9269731849431991,0.8744636684656143,0.9175735354423523,0.8747892305254936
16.62000000005685,229.37379789933303,19.027014782990946,121.0477441635555,67.76591799290884,125.29679591272883,70.42861830612095,0.9010719910264015,0.9366883426904679,0.9271086275577545,0.8744462966918946,0.9176884546875953,0.8748817399144172
16.640000000057515,229.3747432215186,19.02315250038564,121.08358122112809,67.82607017606111,125.35713484369468,70.46689072770397,0.9011693775653838,0.9367000460624695,0.927205964922905,0.874423623085022,0.9176969215273857,0.8750356316566467
16.66000000005818,229.37450098430716,19.017382908841242,121.12431745144107,67.90135304135936,125.41801269181619,70.50498315402378,0.9012596160173416,0.9367227107286453,0.9272633999586105,0.874395826458931,0.9175972416996956,0.8752502128481865
16.680000000058843,229.37285005052593,19.009941718936435,121.17011155212784,67.99137331104163,125.47941704324897,70.54288089972489,0.9013415575027466,0.9367562651634216,0.9272798240184784,0.8743631437420845,0.917389714717865,0.8755236774682998
16.700000000059507,229.3696004589971,19.00109334408832,121.22104570777408,68.09545124143706,125.54133537678729,70.58056935450495,0.9014143258333206,0.9368004322052002,0.9272549241781235,0.8743258699774742,0.9170768573880196,0.8758530482649803
16.72000000006017,229.36459747754654,18.99112667932012,121.27711787403655,68.2126238804064,125.60375506641722,70.61803398874719,0.9014772772789001,0.9368547290563584,0.927189227938652,0.8742843717336655,0.9166633278131485,0.8762343421578407
16.740000000060835,229.3577238516101,18.980362762937716,121.3382352185575,68.34165372225338,125.66666338389138,70.65526035912193,0.9015297681093216,0.9369184762239456,0.9270838260650635,0.874239131808281,0.9161556750535965,0.8766625389456749
16.7600000000615,229.3488961326406,18.969145533656366,121.40420943516874,68.48090235160849,125.73004750132426,70.69223411415476,0.9015711545944214,0.9369908332824707,0.926940757036209,0.8741907894611358,0.9155626833438874,0.877131612598896
16.780000000062163,229.3381056185029,18.95793773404615,121.47475451754525,68.6280201602603,125.79389449380817,70.72894099975929,0.9016009628772735,0.9370706468820572,0.9267629534006119,0.8741400599479675,0.9148956805467605,0.8776337981224059
16.800000000062827,229.32539683689566,18.947246132810196,121.549487369855,68.78045204984285,125.85819134204868,70.76536686473237,0.9015417128801345,0.9371846675872803,0.92650026679039,0.8740913644433022,0.9139291644096375,0.8784850686788559
16.82000000006349,229.310847328675,18.937498706329325,121.62793130047878,68.93564130682329,125.9229249350195,70.80149766620964,0.901559031009674,0.9372717857360839,0.9262742012739181,0.8740375593304633,0.9131890714168548,0.8789854750037193
16.840000000064155,229.29457866148198,18.929045361426407,121.70952286126101,69.09107170941817,125.98808207263595,70.83731947507937,0.901558293402195,0.9373636782169342,0.9260225921869277,0.873984482884407,0.9124028533697128,0.8795107766985893
16.86000000006482,229.2767535813634,18.922168816476653,121.7936223168716,69.24428424490114,126.0536494684467,70.87281848135233,0.9015484273433685,0.9374558568000794,0.9257587432861328,0.8739325419068337,0.9116140246391297,0.8800138428807258
16.880000000065483,229.25757057797213,18.917098453864593,121.87952850436606,69.39288850658575,126.11961375234306,70.90798099948584,0.9015279710292816,0.9375468462705612,0.9254879832267761,0.873883019387722,0.9108371585607529,0.8804869934916496
16.900000000066147,229.23726347334076,18.914062172606585,121.96649095243596,69.5344466063253,126.18596147328526,70.94279347365983,0.9014962628483772,0.9376349210739136,0.9252166152000427,0.8738371044397354,0.9100887328386307,0.8809203490614891
16.92000000006681,229.21610984914392,18.913358563412483,122.05371131237375,69.66626096239699,126.2526791020454,70.9772424830028,0.9014529138803482,0.9377184361219406,0.924950960278511,0.8737959370017051,0.909384697675705,0.8813045263290405
16.940000000067474,229.19440026122643,18.915163938397566,122.14039957390345,69.7860608165175,126.3197530339662,71.01131474676588,0.9013989120721817,0.9377954959869385,0.9246980905532837,0.8737604558467865,0.9087424114346504,0.8816275939345359
16.96000000006814,229.17242571894678,18.9195369502256,122.2258001628125,69.89206753849221,126.38716959173513,71.0449971294428,0.9013351023197174,0.9378645271062851,0.9244644701480865,0.8737314656376839,0.9081763222813606,0.8818810492753982
16.980000000068802,229.15046981370048,18.926452394969846,122.30921066046713,69.98294590778309,126.45491502817353,71.07827664583387,0.9012626111507416,0.9379242151975632,0.9242558345198632,0.8737095654010772,0.907697968184948,0.8820594787597656
17.000000000069466,229.12880291511593,18.935822758567898,122.38999925579199,70.05777746540133,126.52297552903975,71.111140466052,0.9011828154325485,0.937973541021347,0.9240770921111107,0.8736951351165771,0.907316043972969,0.8821604013442993
17.02000000007013,229.10767833382081,18.947511511244517,122.4676194291125,70.11604332595395,126.59133721584611,71.14357592046893,0.9010969042778015,0.9380117624998092,0.923932234942913,0.8736884608864784,0.9070366337895394,0.8821843534708023
17.040000000070794,229.0873295282087,18.961339034377808,122.54162158548453,70.1576159326798,126.65998614868886,71.17557050459952,0.9010057896375656,0.9380383789539337,0.923824155330658,0.8736897304654121,0.9068632915616035,0.8821345493197441
17.060000000071458,229.06797539030887,18.976989477098623,122.61166164741071,70.1827573482565,126.72890832909083,71.20711188392254,0.9009103745222091,0.938053148984909,0.9237546771764755,0.8736989930272102,0.9067970409989357,0.8820164337754249
17.080000000072122,229.04983775420925,18.994222236948644,122.6775062490868,70.1921123110159,126.7980897028558,71.23818789863586,0.9008119598031044,0.9380561798810959,0.9237249225378036,0.8737159937620163,0.9068364784121513,0.8818373650312423
17.100000000072786,229.03306534562097,19.012754514948274,122.73903434700125,70.18668763337648,126.86751616293446,71.26878656834424,0.9007125169038772,0.9380477666854858,0.9237348020076751,0.8737401783466339,0.9069778934121132,0.8816052868962287
17.12000000007345,229.01778020770266,19.032252063594424,122.79623536548768,70.16781507612369,126.93717355230093,71.29889609667802,0.9006146922707557,0.938028535246849,0.9237835690379143,0.8737706571817397,0.9072154074907303,0.8813287779688835
17.140000000074114,229.0040796689376,19.052350750461787,122.84920419112676,70.13709649330691,127.00704766683961,71.32850487584089,0.9005217045545578,0.9379993706941604,0.9238695472478866,0.8738062411546706,0.9075409293174743,0.8810167700052262
17.160000000074778,228.99203321020062,19.072674344079633,122.89813345208897,70.09633043331517,127.07712425824162,71.35760149108485,0.900436133146286,0.9379613995552063,0.9239903405308724,0.8738457456231117,0.9079448610544204,0.8806788653135299
17.18000000007544,228.9816818985676,19.09289080692561,122.9433037007574,70.04732264894635,127.14738903691025,71.38617472511083,0.900360056757927,0.9379158556461334,0.9241426005959511,0.8738879814743995,0.9084157988429069,0.8803251221776008
17.200000000076106,228.9730401262272,19.11280417796705,122.98507230432125,69.9915793157529,127.21782767487473,71.4142135623932,0.9002954602241516,0.9378641605377197,0.924322885274887,0.8739317327737808,0.9089422404766082,0.8799642667174339
17.22000000007677,228.9660988955838,19.1322265507527,123.02386182159468,69.93063054988059,127.28842580871196,71.44170719342645,0.9002449452877045,0.9378073692321777,0.9245276406407356,0.87397570759058,0.9095141410827636,0.8796009168028831
17.240000000077433,228.9608270144868,19.150950614989878,123.06014862485284,69.86609750594809,127.35916904247543,71.46864501889245,0.9002104610204696,0.9377466261386871,0.9247532770037651,0.8740187168121337,0.9101213127374649,0.8792394623160362
17.260000000078097,228.9571708396968,19.168757334693808,123.09445174376036,69.79965887158522,127.43004295063069,71.49501665374667,0.9001930803060532,0.9376831829547881,0.9249959543347358,0.8740597322583198,0.9107529863715171,0.8788847669959068
17.28000000007876,228.95506664470832,19.18538045011466,123.12732206728487,69.73301468415275,127.50103308099696,71.52081193122191,0.9001929283142089,0.937618300318718,0.9252514034509659,0.8740979224443436,0.9113978341221809,0.8785421013832092
17.300000000079425,228.95442575186473,19.20060324820402,123.15933135907073,69.66785066711378,127.57212495769416,71.54602090674764,0.9002090752124786,0.9375532299280166,0.92551509141922,0.8741326972842216,0.9120444029569625,0.8782170936465263
17.32000000008009,228.95511919327805,19.21424913582636,123.19106032393465,69.60580518564322,127.64330408409467,71.57063386178393,0.9002396881580352,0.9374892592430114,0.925782373547554,0.8741637080907821,0.9126810252666473,0.877915908396244
17.340000000080753,228.9569975087743,19.226149734684927,123.22308974603537,69.54844117484957,127.71455594577944,71.59464130756808,0.9002825364470481,0.9374275863170624,0.926048269867897,0.8741907045245171,0.9132960468530654,0.8776443168520928
17.360000000081417,228.9598926048103,19.236161838175526,123.25599330469446,69.49722303199506,127.7858660134977,71.61803398877274,0.9003348976373672,0.9373692482709884,0.9263078540563583,0.8742136150598526,0.9138782829046249,0.877408005297184
17.38000000008208,228.9636182229477,19.244173826287632,123.29033119807372,69.45349736219005,127.85721974612964,71.64080288707399,0.9003943264484405,0.9373153984546662,0.926556521654129,0.8742323011159897,0.9144169107079506,0.8772120028734207
17.400000000082745,228.96797147120984,19.25010938367386,123.32664414869554,69.4184763876127,127.92860259365159,71.66293922462813,0.900458838045597,0.9372669488191604,0.9267897933721542,0.8742465928196906,0.9149019032716751,0.8770601853728294
17.42000000008341,228.9727349734614,19.253929668006773,123.36544742096875,69.39322302483401,128.00000000010292,71.68443446745563,0.9005269974470138,0.9372247666120529,0.9270035564899445,0.8742562308907509,0.9153241232037544,0.8769553959369659
17.440000000084073,228.97768031744923,19.25563430402775,123.40722455448585,69.37863677325826,128.0713974065542,71.70528032873122,0.900674845278263,0.9371612966060638,0.9272488445043564,0.8742573216557502,0.915918518602848,0.8765855059027672
17.460000000084737,228.98257279011682,19.255261327740712,123.45242051685034,69.37544004100482,128.1427802540761,71.72546877197853,0.9007391333580017,0.9371358156204224,0.9274073719978332,0.8742577016353607,0.916172944009304,0.876605349779129
17.4800000000854,228.98717709607752,19.252886198506147,123.50143424686304,69.38416485634808,128.21413398670794,71.7449920141684,0.9008098542690277,0.9371161192655563,0.9275422155857086,0.8742526412010193,0.9163659289479256,0.876649123430252
17.500000000086064,228.9912635503667,19.248620027507645,123.5546108015367,69.40514022245902,128.28544405442605,71.76384252871934,0.900876972079277,0.9371050775051116,0.9276441752910614,0.8742428690195083,0.9164692476391793,0.8767477348446846
17.52000000008673,228.99461422752395,19.242607051338858,123.61223330089562,69.43848077665199,128.35669591611062,71.78201304839912,0.9009395033121109,0.9371026188135146,0.9277117043733597,0.8742285326123237,0.9164822965860366,0.8768985018134117
17.540000000087392,228.9970218160785,19.2350115651165,123.67452393136956,69.48412869121172,128.4278750425109,71.79949656812653,0.9009959191083908,0.9371088147163391,0.9277431309223175,0.8742098689079284,0.9164036005735398,0.877100883424282
17.560000000088056,228.998278253736,19.22599175659822,123.74165772558874,69.5419694930565,128.49896691920782,71.81628634767189,0.9010447084903717,0.9371235311031342,0.9277373999357224,0.8741872176527977,0.9162334501743317,0.8773536548018456
17.58000000008872,228.99820612309605,19.215736884560215,123.81371992528751,69.61162424896804,128.5699570495738,71.83237591425559,0.9010057002305984,0.9371751725673675,0.927638390660286,0.8741647228598595,0.9157272189855575,0.8779832407832145
17.600000000089384,228.99666607618397,19.20446874451803,123.8906954656879,69.69241942281273,128.64083095772867,71.84775906504343,0.9010426297783851,0.9372038185596466,0.927562591433525,0.8741347625851631,0.9154013752937317,0.8783061027526855
17.620000000090048,228.9935578028034,19.19243582510857,123.97246691425514,69.78340586820848,128.71157419149174,71.86242986953795,0.9010601311922073,0.9372424781322479,0.9274427413940429,0.8741026565432548,0.9149683862924576,0.8787047505378723
17.640000000090712,228.98881779118298,19.179956835836887,124.05881364953456,69.88325990951509,128.78217232532853,71.87638267186473,0.9010670781135559,0.9372877985239029,0.9272874504327774,0.8740681365132331,0.9144606977701187,0.8791399210691452
17.660000000091376,228.98243711255103,19.167464131671338,124.1494133683348,69.99001128587952,128.85261096329253,71.8896120929529,0.9010631710290908,0.9373391091823577,0.9270985782146454,0.8740316316485405,0.9138850688934326,0.8796073585748673
17.68000000009204,228.97446828710687,19.1554300926931,124.24383609197372,70.10131094107274,128.92287574196064,71.90211303260877,0.9010501354932785,0.9373951405286789,0.92688028216362,0.8739934995770454,0.9132549241185188,0.8800947159528733
17.700000000092704,228.96502495521582,19.144406240255947,124.3415270350366,70.21438144112514,128.9929523333621,71.91388067148213,0.9010298937559128,0.9374543279409409,0.9266375869512558,0.873954164981842,0.9125860750675201,0.8805874779820442
17.720000000093368,228.9542579966251,19.134794928407093,124.44185512632517,70.3267062987473,129.06282644790016,71.92491047292421,0.90100477039814,0.9375148475170135,0.926376947760582,0.8739141553640365,0.9118973284959793,0.881068018078804
17.74000000009403,228.94234993059348,19.126861944732077,124.54412940710559,70.43606304221322,129.132483837266,71.93519818473659,0.8987968564033508,0.9367917507886886,0.9251494169235229,0.8745236739516258,0.9122810989618301,0.8821127519011497
17.760000000094696,228.9295100707559,19.120784410759285,124.6476117720797,70.54043193854031,129.20191029734397,71.94473984081051,0.8960836321115494,0.9361514985561371,0.9234576001763344,0.8753953337669372,0.912692254781723,0.8828983977437019
17.78000000009536,228.91596777204094,19.116685307296642,124.75153592148513,70.63794067192148,129.27109167110822,71.95353176265594,0.8936154901981354,0.9358721733093261,0.9215747386217117,0.8764701172709465,0.9131218954920769,0.882855661213398
17.800000000096023,228.9019655796558,19.11465339546299,124.85512585061839,70.72684817856913,129.3400138515094,71.96157056081964,0.8912896573543548,0.9358309388160705,0.9194767147302627,0.8777789190411568,0.9133517608046532,0.8828036040067673
17.820000000096687,228.88775234585768,19.114748829092715,124.95761552770324,70.80556780338891,129.40866278435138,71.96885313619188,0.8895843803882598,0.9357694089412689,0.9168097987771034,0.8789584025740623,0.912836991250515,0.8826003193855285
17.84000000009735,228.87375526812775,19.116998604311245,125.05810973926089,70.87260253480424,129.47702447115685,71.97537668120125,0.8883527189493179,0.9358370810747146,0.9144135981798172,0.8800254881381988,0.9122537717223167,0.8822805285453796
17.860000000098015,228.8612282443355,19.121317608469877,125.15500714458427,70.92643009842708,129.5450849720222,71.98113868089695,0.8873364835977554,0.9356274127960205,0.9127273023128509,0.8807978570461273,0.9120131999254226,0.8820927336812019
17.88000000009868,228.85227677161373,19.12727534970707,125.24593588276981,70.96644772633881,129.61283040845967,71.9861369139184,0.8863883718848228,0.935429134964943,0.9114834189414978,0.8817562237381935,0.9117428824305535,0.8824528560042381
17.900000000099343,228.8494882936142,19.133954004854385,125.3280189265731,70.99400857294353,129.68024696622766,71.99036945335165,0.8856835320591926,0.9358820348978042,0.9105004519224167,0.883492949604988,0.9118970245122909,0.8819123551249504
17.920000000100007,228.85556553464968,19.140354253486,125.39814808580893,71.01144836499907,129.74732089814742,71.99383466747217,0.8856440231204032,0.9361629962921142,0.9094095796346664,0.8848337680101395,0.9116071179509163,0.8814154982566833
17.94000000010067,228.87294112541045,19.145775964634563,125.45328666787503,71.02061457488729,129.81403852690653,71.99653122037394,0.8861451581120491,0.936275640130043,0.908358310163021,0.8856654718518256,0.9112351045012473,0.8801947444677353
17.960000000101335,228.90352177898885,19.149738773477516,125.49085517078767,71.02300480271812,129.88038624784764,71.99845807248451,0.8864411041140556,0.93661670088768,0.9078576043248177,0.88610031157732,0.911117359995842,0.8791089057922363
17.980000000102,228.94861049231062,19.15174395695603,125.5089929671262,71.02024959439008,129.94635053174287,71.99961448096569,0.8872050017118454,0.9367290228605271,0.9071052670478821,0.8863051071763038,0.9106671825051308,0.8778058394789695
18.000000000102663,229.00892364744348,19.151245661787822,125.50642266266374,71.01441101301943,130.01191792755247,72.0,0.8882229179143906,0.9365643262863159,0.9065600946545601,0.8859748288989067,0.910091745853424,0.8765688002109527
18.020000000103327,229.08457576202716,19.148399264305997,125.48209452630341,71.00652865345629,122.32937140647735,71.99961448096252,0.8893328920006752,0.9363748550415039,0.9060092136263848,0.8854879543185233,0.9094151765108108,0.8750758469104767
18.04000000010399,229.17500500968353,19.14358884012192,125.43525735736112,70.9974089821933,120.23559253477868,71.99845807247819,0.8907138630747795,0.9362740486860275,0.9057598441839217,0.8846042647957801,0.9087073862552643,0.8738867342472076
18.060000000104655,229.27900074255163,19.137153959110098,125.36568666041676,70.98801718470516,120.47102360620211,71.99653122036446,0.8918952867388725,0.9362438648939132,0.9062303528189659,0.8839350178837776,0.9082264885306358,0.8733403459191322
18.08000000010532,229.3948914075892,19.129434665353294,125.27382812973352,70.97946006136807,120.706131861574,71.99383466745952,0.8925065889954567,0.9362084776163101,0.9068675339221954,0.8832730174064636,0.9077392742037773,0.8734448134899139
18.100000000105982,229.5205995847065,19.12065693307251,125.16083290085355,70.9728148865248,120.94075616944,71.99036945333586,0.8934275835752487,0.9360532581806182,0.9071023970842361,0.8825204834342003,0.9068863183259964,0.8736083298921585
18.120000000106646,229.65372142969878,19.110835533356216,125.02864084530097,70.96899824776607,121.17473573001924,71.98613691389946,0.8944780215620994,0.9359520226716995,0.9073928669095039,0.881657549738884,0.9060069918632507,0.8740432724356652
18.14000000010731,229.7916343077177,19.099808340416192,124.87990742348988,70.96873356390046,121.40791018540843,71.98113868087486,0.8956193193793297,0.9358305275440216,0.9075464367866516,0.8807744145393371,0.9049964338541031,0.8746749460697174
18.160000000107974,229.9312898897512,19.08737615320841,124.72032043282758,70.97246225130644,121.64011972948316,71.97537668117604,0.8968504086136818,0.9355414390563964,0.9076595813035965,0.8796231254935264,0.9035228058695793,0.8757638067007064
18.180000000108638,230.06991462598094,19.073430379059246,124.55420165469768,70.98027406383991,121.87120521742104,71.96885313616356,0.8976390227675438,0.9353893131017684,0.9084202110767364,0.8784236058592796,0.9022668302059174,0.8771397441625595
18.200000000109302,230.20527380815753,19.05799438267468,124.38391326399008,70.99181538699241,122.1010082747716,71.9615705607882,0.8983139067888259,0.9352399855852127,0.9089800283312798,0.8774023905396461,0.9010105460882186,0.8787048444151878
18.220000000109966,230.33537467949373,19.04104718968051,124.21185857030059,71.00668702878416,122.32937140599824,71.9535317626214,0.8986045688390731,0.9350990802049637,0.9099458649754524,0.8766040086746215,0.9007208317518234,0.8803295657038689
18.24000000011063,230.45841495006886,19.02226016710098,124.04039836843107,71.02479544688074,122.5561381024178,71.9447398407729,0.8984606817364692,0.9349852740764618,0.9107362627983093,0.8761178135871887,0.9005980983376503,0.8815502569079399
18.260000000111294,230.5727288535053,19.00216502453992,123.87177331526222,71.04368888131786,122.78115294946379,71.93519818469589,0.8986452221870422,0.935059106349945,0.9114096313714981,0.8756201565265656,0.9003161758184433,0.8823385983705521
18.280000000111958,230.67745744994883,18.981890880552587,123.70809510147558,71.0588451059295,123.00426173319978,71.92491047288047,0.898958021402359,0.9351918578147888,0.9120758831501007,0.8751002103090286,0.900005754828453,0.8829924136400222
18.30000000011262,230.77157880617264,18.962780471337485,123.55126645203674,71.06484263455758,123.22531154600993,71.91388067143535,0.8992680758237839,0.935326862335205,0.9127457112073898,0.8745910957455635,0.8997172385454177,0.8836002156138419
18.320000000113286,230.85446381296606,18.946019716606557,123.40285050137001,71.05632415925082,123.4441508913942,71.90211303255896,0.8994451016187668,0.9354805886745453,0.9133905366063118,0.8742139011621475,0.8995356261730194,0.8841571360826492
18.34000000011395,230.9260421303143,18.932661636671853,123.26397024080255,71.02895200967326,123.66062978779652,71.8896120929001,0.8996585473418236,0.9357857167720794,0.9142470240592956,0.8741459384560585,0.8997394248843192,0.8843790620565414
18.360000000114614,230.98676713200183,18.92320722160478,123.1352628866315,70.98034703545441,123.87459987139468,71.87638267180895,0.8998648405075073,0.9360730528831481,0.9151139855384827,0.8740840911865234,0.9000405207276344,0.8844525679945946
18.380000000115277,231.03740024827638,18.91758366320676,123.01694541988499,70.91034644217368,124.08591449778136,71.86242986947921,0.9000585317611695,0.936336436867714,0.9159967988729477,0.8740317925810813,0.9004703134298324,0.8843531966209411
18.40000000011594,231.07883364139232,18.915366258261674,122.90899541911521,70.82040034800181,124.29442884246708,71.84775906498176,0.900228351354599,0.9365736961364746,0.9168935641646385,0.8739921852946281,0.901032441854477,0.884101878106594
18.420000000116605,231.1118878308698,18.91602190869426,122.81227918276502,70.712782022927,124.50000000013547,71.832375914191,0.9003637090325355,0.9367840439081192,0.9177993014454842,0.8739677995443343,0.9017210006713867,0.8837318941950798
18.44000000011727,231.13752869700195,18.91904804417919,122.726577447618,70.59014332511026,124.70248708258359,71.81628634760442,0.9004510596394538,0.9369667649269103,0.9187049403786659,0.8739616483449936,0.9025240495800971,0.8832853242754936
18.460000000117933,231.15675411913367,18.923970477655327,122.65108110877254,70.45559003331437,124.90175131527955,71.7994965680562,0.9004863172769546,0.9371224224567413,0.9196028590202331,0.8739742055535317,0.9034251600503921,0.8827988564968109
18.480000000118597,231.1705065215477,18.93036609656796,122.58486786117585,70.31246419613045,125.09765613247176,71.78201304832595,0.9004770904779434,0.9372526794672013,0.9204867854714394,0.8740028962492943,0.9044034779071808,0.8823000594973563
18.50000000011926,231.1796496819705,18.937962093644398,122.5269887531799,70.16387132351116,125.29006727078414,71.76384252864337,0.9004386276006698,0.93735993206501,0.9213513642549515,0.8740432232618331,0.9054357752203941,0.8818074628710747
18.520000000119925,231.18496072930978,18.946839162691074,122.47653850930375,70.01191822656375,125.47885286123362,71.74499201408966,0.9003899991512299,0.937446728348732,0.9221924647688865,0.8740896835923194,0.9064997717738151,0.8813299492001533
18.54000000012059,231.1871351441347,18.957088549661623,122.43270993386717,69.85854622059266,125.66388351960659,71.72546877189704,0.9003511786460876,0.9375153303146362,0.9230082765221596,0.874136796593666,0.9075792044401169,0.8808648630976676
18.560000000121253,231.1867958779534,18.968711662332765,122.39483279217785,69.70575272970169,125.84503243513224,71.705280328647,0.9003380089998245,0.9375679373741149,0.923796859383583,0.8741800338029861,0.9086593657732009,0.8804084807634354
18.580000000121917,231.1845018541527,18.981621214239993,122.36239900000938,69.55555745232552,126.02217545739248,71.68443446736875,0.9003590732812882,0.9376068472862243,0.9245558172464371,0.874216516315937,0.9097260579466819,0.8799612268805503
18.60000000012258,231.18075212723824,18.995652489053402,122.33507630962862,69.4099620217434,126.19519118140832,71.66293922453859,0.9004158914089203,0.937634214758873,0.9252817034721375,0.8742450997233391,0.9107656151056289,0.879527960717678
18.620000000123245,231.17598399058957,19.01058017623713,122.3127123324273,69.27090955840426,126.36396103084485,71.64080288698185,0.9005045831203461,0.9376520246267318,0.9259703874588012,0.8742659494280814,0.9117648810148239,0.8791169345378875
18.64000000012391,231.17057506936237,19.026103571477723,122.29533064691365,69.14024951337828,126.5283693392775,71.61803398867801,0.9006178081035614,0.9376621454954147,0.926617032289505,0.874280098080635,0.9127111732959747,0.8787380144000053
18.660000000124572,231.16484243177698,19.041878347867897,122.28312073437543,69.01971208348311,126.68830342946403,71.59464130747081,0.9007477253675461,0.9376665621995925,0.9272166937589645,0.8742886856198311,0.9135916620492935,0.8784009546041488
18.680000000125236,231.15920223080875,19.057635063208643,122.27642256793706,68.91089059736314,126.8436536905679,71.57063386168416,0.9008861541748047,0.9376671433448791,0.927764356136322,0.8742929279804229,0.9143940716981888,0.8781148478388786
18.7000000001259,231.15373176389443,19.073035602321934,122.2757060943261,68.81522749539891,126.9943136532801,71.54602090664541,0.9010257050395012,0.9376656144857406,0.928254958987236,0.8742938533425331,0.9151064664125442,0.8778875574469566
18.720000000126564,231.1481594132791,19.08783701253316,122.28154558230388,68.73400013222762,127.14018006278778,71.52081193111725,0.8985653504729271,0.9378876477479935,0.9259772449731827,0.8748004823923111,0.9097591161727905,0.8876728773117065
18.740000000127228,231.14251081646412,19.10179425516855,122.29458906556115,68.66830415482548,127.28115294954003,71.49501665363962,0.8970278948545456,0.9376949310302735,0.923266188800335,0.874837277829647,0.9043881088495255,0.8958755999803543
18.760000000127892,231.13662661074108,19.11469638343621,122.31552326468079,68.61903370012008,127.41713569776206,71.46864501878305,0.8971358627080918,0.9369798451662064,0.9198214411735535,0.8747774645686149,0.8995535925030708,0.9017733260989189
18.780000000128556,231.13029648780494,19.12637251976703,122.34503498451268,68.58685865595747,127.5480351116707,71.44170719331476,0.8972916722297668,0.9369467824697494,0.9170865312218666,0.8747397303581238,0.8953341916203499,0.9065522894263267
18.80000000012922,231.12326647302555,19.136659958572285,122.38377019673084,68.57220004307011,127.67376147934621,71.41421356227924,0.8975405186414719,0.9368470937013625,0.9152131959795952,0.8744078695774078,0.8917467683553696,0.9109703257679939
18.820000000129884,231.11553913253684,19.14673379439565,122.43184625806947,68.5709260481512,127.79422863421638,71.38617472499466,0.8987688988447189,0.9371875375509262,0.9136431604623795,0.8743349805474281,0.8890992045402527,0.9142472967505455
18.840000000130548,231.1081547880896,19.162943297491935,122.48733904987115,68.56116882599672,127.9093540141107,71.3576014909665,0.8996750563383102,0.9377258390188217,0.9125308975577354,0.8742963612079621,0.8867775022983551,0.9176387667655944
18.860000000131212,231.1028472803094,19.19444445532332,122.54672918616659,68.50942455104831,128.01905871784444,71.32850487572043,0.9009572952985764,0.9380955547094345,0.9113934308290481,0.8742578312754631,0.8846842616796493,0.920694625377655
18.880000000131876,231.10138616704018,19.248928001838678,122.60579649043697,68.38387496430683,128.12326755929354,71.29889609655548,0.9018250346183777,0.9380391836166382,0.9111584246158599,0.8741046503186226,0.8839976608753204,0.9220391362905502
18.90000000013254,231.10532625541174,19.330940861964308,122.66057431658513,68.16136188071049,128.22190911892338,71.26878656821965,0.9033218145370483,0.9382262498140335,0.9117883637547493,0.8739491581916808,0.8840823203325271,0.9221320390701294
18.920000000133204,231.11586301413806,19.441619345704712,122.70790041560701,67.8289902413192,128.3149157927363,71.2381878985093,0.9050521612167358,0.9380724430084229,0.9126701444387436,0.8735116586089134,0.8845609292387963,0.92013601064682
18.940000000133868,231.13351880507145,19.579170845530584,122.74548769166688,67.38438189128489,128.40222383860376,71.20711188379404,0.9073592543601989,0.9373613268136978,0.9129309311509132,0.8729587614536285,0.8848495081067085,0.9160043761134148
18.96000000013453,231.15826200121256,19.740436006212366,122.77188479066307,66.83188226488855,128.4837734199523,71.17557050446914,0.9096634104847908,0.9367257237434387,0.9129803329706192,0.8723978221416473,0.8851508721709251,0.9107308402657509
18.980000000135195,231.18957530191048,19.920821193073206,122.78638931281986,66.18100064283153,128.5595086467724,71.1435759203367,0.9112729907035827,0.9360080182552337,0.9130223721265792,0.8719234377145767,0.8855385363101959,0.9059726282954216
19.00000000013586,231.22656418192133,20.114117021417695,122.78898967336944,65.44814934908091,128.6293776139226,60.52280951170863,0.9132643789052963,0.9355598121881484,0.9133943989872932,0.871691980957985,0.8871743306517601,0.8989662110805511
19.020000000136523,231.2678900263137,20.313129066320563,122.7802816117731,64.6535340137015,128.69333243670283,61.063891968773156,0.9136104643344879,0.9351708203554153,0.914067342877388,0.8716649398207664,0.8896413549780845,0.891911281645298
19.040000000137187,231.31187532504322,20.512836619273603,122.76137799041824,63.81277076745416,128.75132928367222,61.127754954398114,0.9136283725500106,0.934714388847351,0.9142869308590889,0.8717703461647034,0.8922255292534828,0.885687617957592
19.06000000013785,231.35679559580234,20.70792988988498,122.73373684989778,62.94200368583559,128.80332840668882,61.191559986874225,0.9125105798244476,0.9347059667110443,0.9157757803797721,0.8719847306609153,0.8955775395035743,0.8811602279543876
19.080000000138515,231.39910316874852,20.892558927301646,122.69899298899766,62.05920849498067,128.84929416815115,61.25527812248997,0.9106122061610221,0.9349390417337418,0.9176157489418983,0.8724775373935699,0.8997585713863373,0.8771163552999496
19.10000000013918,231.4360910691908,21.060768703353126,122.65881927039423,61.182964836518906,128.8891950654223,61.31888045695264,0.9080062299966812,0.9350395798683167,0.9186796873807906,0.8729714751243591,0.9033368661999702,0.8742382198572158
19.120000000139843,231.46537558281798,21.20643881873679,122.61482228074246,60.332269030138036,128.92300375242044,61.3823381385001,0.9059335708618164,0.9351210474967956,0.9190449863672256,0.8734683275222778,0.9066781342029572,0.8714042782783508
19.140000000140507,231.48507342115533,21.324709054666823,122.56846430309693,59.5257475627136,128.95069705836025,61.44562238098873,0.9031604304909706,0.9352583229541779,0.919649064540863,0.8741216018795966,0.9094801753759384,0.8710411563515663
19.16000000014117,231.49405979837505,21.411680095499015,122.52100890491573,58.78141178276156,128.97225600363313,61.50870447695164,0.9010293707251549,0.9356841236352921,0.920676502585411,0.8748736038804054,0.9128702282905579,0.8702366098761558
19.180000000141835,231.4922785559704,21.464922836173685,122.47362247314473,58.11004669084834,128.9876658128149,61.571555810621135,0.8994088023900986,0.9358392894268036,0.9207884758710861,0.8757826268672942,0.9158368766307831,0.8695941537618637
19.2000000001425,231.48083138547977,21.48416332739743,122.42740379399625,57.51790642408916,128.9969159247921,61.63414787090961,0.8980895176529884,0.9361264288425445,0.9212449833750724,0.8765570968389511,0.9178944036364555,0.8695805594325066
19.220000000143163,231.46177217252307,21.470596535672428,122.38326736673726,57.00865161042248,129.0,61.69645226434298,0.8973792642354965,0.9361039608716964,0.9226248100399971,0.8770621657371521,0.9210401073098182,0.8690867692232132
19.240000000143826,231.4378011589893,21.426662400093562,122.34182383172723,56.58728670566356,128.99691592476753,61.758440727940744,0.898088127374649,0.9356084406375885,0.9235950142145156,0.877278396487236,0.9240645974874496,0.8683072164654732
19.26000000014449,231.41208405791915,21.35593611378269,122.30343963993478,56.2539317250469,128.98766581276578,61.820085142036824,0.898841917514801,0.9351894080638885,0.9245479986071586,0.8773989260196685,0.926699036359787,0.867612524330616
19.280000000145154,231.3878495916122,21.262460650108782,122.2682996445414,56.00675239357335,128.9722560035595,61.88135754303541,0.899698320031166,0.9348257362842559,0.9254562348127365,0.8774193242192269,0.9289399772882462,0.8669897153973579
19.30000000014582,231.36806907655057,21.15085116224017,122.23623752477415,55.84277704512067,128.95069705826214,61.94223013609605,0.9006406694650649,0.9345182567834854,0.9263090789318085,0.8773478657007218,0.9307831287384033,0.8664421781897544
19.320000000146482,231.35512423546007,21.02592331125599,122.2069647362893,55.75811458780318,128.92300375229794,62.00267530774213,0.9016281247138976,0.9342731207609176,0.9270900130271912,0.8772126510739326,0.9322478383779526,0.8659715846180915
19.340000000147146,231.35060071162383,20.891885169042716,122.18048146339196,55.74911726032494,128.8891950652755,62.06266563838709,0.9024017095565796,0.9341911435127258,0.9277188569307327,0.8772584676742553,0.9335404396057129,0.8655722931027412
19.36000000014781,231.35499594229532,20.75209757963345,122.15710544904582,55.81282110567449,128.84929416798008,62.122173914772716,0.9031094282865524,0.934092116355896,0.9284117519855499,0.8770929753780364,0.9344238340854645,0.8652609691023826
19.380000000148474,231.36778416387165,20.60971902851156,122.13745960458517,55.94678951572711,128.80332840649368,62.18117314231383,0.9036419987678528,0.9339744925498962,0.9291769236326217,0.8767422899603844,0.9348450839519501,0.8653033748269081
19.400000000149138,231.38759520078065,20.467161500367624,122.12245138344207,56.14881299754898,128.7513292834531,62.239636557343765,0.9042038902640342,0.9339028686285019,0.9297394096851349,0.8763925299048424,0.9347730308771133,0.8657449603080749
19.420000000149802,231.41248531051542,20.326119336659968,122.11322560840676,56.41658521471726,128.6933324364599,62.29753763925508,0.9047665685415268,0.933869332075119,0.9301103681325912,0.8760355904698371,0.934319245815277,0.8663140088319778
19.440000000150466,231.4399257518458,20.18876859906069,122.11106130547702,56.74621829246521,128.629377613656,62.35485012253005,0.9052907034754752,0.9338766634464264,0.9302735805511474,0.8756911635398864,0.9334909081459045,0.8670355141162872
19.46000000015113,231.46806083325242,20.057406949279006,122.11722165018351,57.13059600481918,128.55950864648236,62.411548008655444,0.9057029366493224,0.9339412420988082,0.9301757514476776,0.8753965184092521,0.9322900652885436,0.8679236114025116
19.480000000151794,231.49477871428903,19.931581364928398,122.13303562511656,57.568816399898296,128.483773419639,62.46760557791611,0.9057166695594787,0.9341174095869064,0.9296242445707321,0.8753114476799965,0.9307099491357803,0.8690174967050552
19.500000000152458,231.51764839131286,19.811042479332308,122.15995301254549,58.059072997537164,128.4022238382674,62.522997401062206,0.9058101266622544,0.9342975735664367,0.9289602011442184,0.8751682803034783,0.9288272082805633,0.8702608704566955
19.52000000015312,231.53459763209256,19.6966187299056,122.19933967343242,58.59371919809332,128.3149157923771,62.577698350844564,0.9059677958488465,0.934481143951416,0.928181904554367,0.8749753758311272,0.9266518831253051,0.8716785788536071
19.540000000153785,231.5440940258495,19.591314421448807,122.25224659304601,59.15691792429901,128.22190911854162,62.631683613413095,0.9061955109238624,0.9346627831459046,0.9272979915142059,0.8747333869338035,0.9242186546325684,0.8732553064823151
19.56000000015445,231.54494412586646,19.49499411029153,122.31919534596028,59.74097673458821,128.12326755888947,62.68492869957308,0.9065283596515655,0.9349308699369431,0.9259938478469848,0.8744958460330963,0.9207555115222931,0.8752665340900421
19.580000000155113,231.5363424466538,19.406837998508202,122.39992613645902,60.33916593223421,128.01905871741835,62.73740945589406,0.9066556796431541,0.9351752907037735,0.9246214732527732,0.8742265924811363,0.916972604393959,0.8775237336754799
19.600000000155777,231.51805127944743,19.32574458045438,122.4931502681604,60.94418176962041,127.90935401366285,62.789102075666584,0.9066538870334625,0.9353587448596954,0.9233436912298202,0.8738466307520866,0.9131535053253174,0.8798940017819404
19.62000000015644,231.49031747143067,19.25100526930833,122.59670607036722,61.54758406929678,127.79422863374708,62.839983109701514,0.9063016638159752,0.93564895093441,0.921818645298481,0.873626434803009,0.9091677963733673,0.8827061280608177
19.640000000157105,231.45363179139386,19.18239935205751,122.70781079177351,62.139705334591476,127.6737614788558,62.89002947696726,0.9057991117238998,0.9359664708375931,0.9201407358050346,0.8735047295689583,0.9054784625768661,0.8851708143949508
19.66000000015777,231.40865455917813,19.12018112666461,122.823261228896,62.70970952289754,127.54803511115949,62.93921847505993,0.9052304163575172,0.9362795650959015,0.9184184983372689,0.87339998036623,0.9019088178873061,0.8876355946063995
19.680000000158433,231.3561666934534,19.064874372291335,122.9395192080366,63.245367288047454,127.41713569723044,62.98752779050183,0.9046197488903999,0.9365796148777008,0.916692067682743,0.8733122408390045,0.8985555291175842,0.8899818301200867
19.700000000159097,231.2971327440984,19.017504213514158,123.05301394354844,63.733771985331664,127.28115294898834,63.0349355088634,0.9039757952094077,0.9368598610162735,0.914997774362564,0.8732437059283257,0.8954856783151627,0.8921237796545028
19.72000000015976,231.2326151816282,18.979209100826154,123.16045935615476,64.16233677701987,127.14018006221639,63.081420124704216,0.9033146530389785,0.9371120870113373,0.9133745774626731,0.8731954351067542,0.8927614569664001,0.8939539939165115
19.740000000160425,231.1646449070986,18.95135189428204,123.25894183189331,64.51948827025709,126.99431365268941,63.126960551328494,0.9027761191129684,0.9368999779224395,0.9122908756136894,0.8731163993477821,0.8911179691553116,0.8952161431312561
19.76000000016109,231.09458196647012,18.935178964530266,123.34601055483691,64.79608169789638,126.84365368995833,63.17153613035052,0.9025468170642853,0.9364184856414794,0.911445277929306,0.873089836537838,0.8902256026864052,0.8960400283336639
19.780000000161753,231.0239463699227,18.931697673401807,123.41978697259906,64.98589680895671,126.68830342883598,63.215126641065915,0.9022575050592422,0.9359508603811264,0.9107195705175399,0.8730862826108933,0.8896502822637558,0.8962806582450866
19.800000000162417,230.95438768779326,18.941558226610763,123.4790266684004,65.08583265466976,126.5283693386314,63.25771230962429,0.9018849238753318,0.9355057746171951,0.9101198107004166,0.8731119468808174,0.8894004836678505,0.8959297090768814
19.82000000016308,230.8875569869978,18.964935751867507,123.52312284096695,65.09600045602468,126.36396103018116,63.29927381799918,0.9014034539461135,0.9350916415452957,0.9096438303589821,0.8731731906533241,0.8894739001989365,0.895023176074028
19.840000000163744,230.82501826566497,19.001316570096964,123.55207032470587,65.01984779509294,126.19519118072748,63.339792312751264,0.9007928401231765,0.9347161948680878,0.9092834308743477,0.8732751235365868,0.8898597717285156,0.8936296030879021
19.86000000016441,230.7683372858052,19.04903102732061,123.5664134885714,64.86434418020833,126.02217545669495,63.37924941358079,0.900041638314724,0.9343861311674118,0.909025625884533,0.8734208971261977,0.8905382141470909,0.8918443650007247
19.880000000165072,230.71891784907865,19.10555175050272,123.56712934604593,64.6395315646009,125.84503243441851,63.41762722166536,0.8991490259766578,0.9341069221496582,0.9088534012436866,0.873611307144165,0.8914784580469132,0.8897834405303001
19.900000000165736,230.6768299322487,19.167567340642158,123.55549765921295,64.35736812487265,125.66388351887714,63.45490832777937,0.8981539487838744,0.9339102178812027,0.9087897837162018,0.8738828584551811,0.8926843345165253,0.8875233888626098
19.9200000001664,230.64263037414875,19.23238118272659,123.53298170461471,64.0289726905801,125.47885286048897,63.49107582019128,0.8970689684152603,0.9337885528802872,0.9088003560900688,0.874218201637268,0.8940915465354919,0.8852047041058541
19.940000000167064,230.61653739060174,19.297380761792645,123.50112383631799,63.66520353610817,125.29006727002478,63.52611329233524,0.8961543262004852,0.9336399585008621,0.9087996989488601,0.8746350616216659,0.8957743868231773,0.8830273494124412
19.960000000167728,230.59869878786554,19.35986026573668,123.46145784023892,63.28696779358073,125.09765613169823,63.56000485025357,0.895379614830017,0.9334846496582031,0.9087884962558747,0.8751133173704148,0.8976609319448471,0.8810021743178368
19.980000000168392,230.58919960566664,19.417366138268665,123.41546244496412,62.9085824102185,124.90175131449237,63.5927351198067,0.8946388512849808,0.9333705395460129,0.9087681382894516,0.8756205767393112,0.8995825737714768,0.8791795551776885
20.000000000169056,230.58779013392694,19.46757656760017,123.36713701136694,62.535119109080355,124.70248708178329,63.62428925364728,0.8939576596021652,0.9332980304956436,0.9087273687124252,0.8761446446180343,0.901467227935791,0.8775901094079017
20.02000000016972,230.59448763023536,19.508639420793962,123.31848407486262,62.17151164261038,124.49999999932263,63.65465293795535,0.8933522000908851,0.9332648247480392,0.9086624994874001,0.8766806036233902,0.9032915234565735,0.8762020796537399
20.040000000170384,230.609535190536,19.5390933215604,123.26920396231193,61.82231552809,124.29442884164222,63.683812398931494,0.89248888194561,0.933442547917366,0.9084677845239639,0.8776661992073059,0.9055962830781936,0.8746803775429726
20.060000000171048,230.63309239633753,19.5579081140287,123.21896487095765,61.49146048229335,124.08591449694507,63.71175440904502,0.8916843980550766,0.9336858421564102,0.9082307264208793,0.8786867663264274,0.907617363333702,0.8735931217670441
20.08000000017171,230.66518535815902,19.56450879946974,123.16740072570607,61.18207853449994,123.8745998705475,63.73846629303429,0.8910557329654694,0.9338517278432846,0.9080807909369468,0.8796453833580017,0.9096674159169197,0.8725857019424438
20.100000000172376,230.7057007043096,19.55878389612553,123.11411739164703,60.89640717947105,123.66062978693907,63.7639359336566,0.8906257569789886,0.933669775724411,0.9084860906004906,0.8805720821022988,0.91237473487854,0.8716964423656464
20.12000000017304,230.75438798533963,19.541067849693146,123.05870184818247,60.63576378653871,123.44415089052704,63.78815177718489,0.8903452515602112,0.9335303008556366,0.9089270412921905,0.8814979135990143,0.9147550255060196,0.871043275296688
20.140000000173703,230.81088769793345,19.51210735582368,123.00070040369054,60.400608873920795,123.22531154513366,63.81110283864882,0.8902268230915069,0.9334303885698318,0.9091987043619155,0.8823222860693931,0.9165769964456558,0.8705406650900841
20.160000000174367,230.87482430519202,19.473049226957723,122.93951420213376,60.194162518344925,123.00426173231502,63.83277870681787,0.890229357779026,0.9333284646272659,0.9094435274600983,0.8830263033509255,0.9182129025459289,0.8700604289770126
20.18000000017503,230.94580583642207,19.42540404613909,122.87439708923571,60.025024871813876,122.78115294857112,63.853169548924136,0.8903050675988197,0.9332352399826049,0.9096624091267586,0.8836387053132057,0.9196566015481948,0.8696432784199715
20.200000000175695,231.02336604662014,19.370761554610038,122.80450649077169,59.893877680373265,122.55613810151785,63.872266115122756,0.8904185608029366,0.9331602275371551,0.9098519250750542,0.8841830372810363,0.9208891347050666,0.8693300545215606
20.22000000017636,231.10696736711702,19.310621742027852,122.72894360661238,59.80099723209515,122.32937140509162,63.89005974268791,0.8905620545148849,0.9331032305955886,0.910008829832077,0.8846605151891708,0.9219042077660561,0.8691199168562889
20.240000000177023,231.196010238046,19.2462751096319,122.64678550007345,59.7466386550108,122.10100827385892,63.90654235994244,0.8907326698303223,0.9330636858940125,0.9101299852132797,0.8850679785013199,0.9226945519447326,0.869009543955326
20.260000000177687,231.28969381284213,19.17905821073657,122.55741184092084,59.73083520258997,121.87120521650294,63.9217064899194,0.8909321367740631,0.9330403327941894,0.9102113679051399,0.885398980975151,0.9232517182826996,0.8689935401082038
20.28000000017835,231.38699453459577,19.110257850596444,122.46083471906717,59.75336109227265,121.64011972856028,63.935545253753816,0.8911617338657379,0.9330320000648499,0.9102497234940529,0.8856483191251755,0.9235701635479927,0.8690675288438797
20.300000000179015,231.48676379249383,19.040838510961837,122.356364889553,59.81370761099254,121.40791018448138,63.94805237380311,0.891119784116745,0.9330512762069701,0.9101130291819572,0.8860987782478332,0.923701998591423,0.8693332150578499
20.32000000017968,231.58823936860293,18.971649211726998,122.24341599773562,59.91102666006252,121.17473572908867,63.95922217649483,0.8910964399576187,0.9330820232629776,0.9099207058548927,0.8864747881889343,0.9235969811677932,0.8696807712316513
20.340000000180343,231.69128285507998,18.90324866486382,122.12158676134219,60.04406691276557,120.94075616850654,63.96904959490033,0.8911378353834152,0.9331233114004135,0.9096942335367203,0.8867289096117019,0.923245669901371,0.8700976714491844
20.360000000181007,231.79463294433407,18.836340860972832,121.99067061128626,60.21111389105372,120.70613186063828,63.97753017103328,0.8912404298782348,0.933175578713417,0.9094348192214966,0.8868615314364433,0.9226533487439156,0.8705848097801209
20.38000000018167,231.89728637323566,18.771330354664318,121.85066181886758,60.40994037481594,120.4710236052648,63.9846600578719,0.891394630074501,0.9332402825355529,0.9091446220874786,0.8868807584047317,0.9218318819999695,0.8711452886462211
20.400000000182335,231.99846629250516,18.708866011016326,121.70172083737795,60.63721950861143,120.23559253384039,63.990436021104095,0.8915882050991059,0.9333191573619842,0.9088269904255867,0.8867984771728515,0.9207978546619415,0.8717830464243889
20.420000000183,232.097581677275,18.65005180380325,121.54404134063053,60.88750393231157,119.9999999990614,63.99485544059465,0.8918289020657539,0.9334331154823303,0.908412392437458,0.8866300880908966,0.9193736016750336,0.8725601896643639
20.440000000183662,232.19426762015047,18.59547918014821,121.37785355343902,61.155752054467236,119.76440746428304,63.997916311573746,0.8921316206455231,0.9336021035909653,0.9078263208270073,0.886387138068676,0.9173748016357421,0.8735365450382232
20.460000000184326,232.28826367847498,18.545432538701817,121.20348300757126,61.43759398811688,119.52897639286056,63.99961724554642,0.8924867942929268,0.9337767869234085,0.9072121664881706,0.8860438287258148,0.9152118325233459,0.8745508179068565
20.48000000018499,232.37938134757957,18.49981815194209,121.02139968661793,61.728899784016065,119.29386813749029,63.999957470922396,0.8928824827075005,0.9339582920074463,0.906576456129551,0.8856160163879394,0.9129141807556153,0.8756061956286431
20.500000000185654,232.46753065310372,18.45841720784099,120.83224638129857,62.025446036007466,119.05924382962654,63.99893683336612,0.8933097317814827,0.9341448038816452,0.9059283092617988,0.8851169243454933,0.9105254858732224,0.8766897276043891
20.520000000186318,232.55263818389628,18.421089160147186,120.63684464792112,62.322680362435115,118.8252642690502,63.99655579586677,0.8937569499015808,0.9343353122472763,0.9052767470479012,0.884562574326992,0.9080895572900772,0.8777904435992241
20.540000000186982,232.63461191859145,18.387834113398252,120.4361790084915,62.61544683445193,118.59208981366451,63.992815438528204,0.8942117407917977,0.9345286548137665,0.9046310633420944,0.8839698374271393,0.9056515321135521,0.8788955941796303
20.560000000187646,232.7133562388894,18.358721650811773,120.23137208915212,62.89784512037739,118.35988026959394,63.98771745807903,0.8946623742580414,0.934722962975502,0.9040009632706641,0.8833546504378319,0.9032572001218796,0.8799876242876052
20.58000000018831,232.78867409234797,18.33398075119646,120.02366975404345,63.16361292027988,118.12879478166087,63.98126416710291,0.8950997531414032,0.9349148750305175,0.9033963531255722,0.8827307060360908,0.9009528696537018,0.8810400202870369
20.600000000188974,232.86102523436006,18.313944244628495,119.81441575160113,63.40658486772905,117.89899172431572,63.9734584929895,0.8955170154571533,0.9351001083850861,0.9028269112110138,0.8821096047759056,0.8987822204828262,0.8820191159844398
20.620000000189638,232.93020793975643,18.29893512371234,119.60501468719181,63.62109424845607,117.67062859309513,63.964303976606516,0.8958117187023162,0.935335499048233,0.9022741615772247,0.8815729036927223,0.8965926170349121,0.8833046987652778
20.6400000001903,232.9959626158746,18.289148292555755,119.39688696231998,63.80229240073046,117.44386189668225,63.95380477069351,0.8962172508239746,0.9353082835674286,0.9019988149404525,0.8809524059295654,0.895137706398964,0.8839292421936988
20.660000000190966,233.05816182283007,18.284780858688055,119.19141982364863,63.946374699879065,117.21884704964354,63.941965637978036,0.896591830253601,0.9351075023412704,0.9019995748996734,0.8803819984197616,0.8941923439502716,0.8844195991754532
20.68000000019163,233.11671325296007,18.286000565525804,118.98991928591482,64.05071925636368,116.99573826591545,63.928791949015185,0.8966408655047416,0.9349170386791229,0.9019295513629914,0.8800670936703682,0.8934749513864517,0.8848575592041016
20.700000000192293,233.17155444740087,18.29287855087372,118.79356727329147,64.11395571382263,116.7746884531138,63.91428967975134,0.8965945482254029,0.934730151295662,0.9018768548965453,0.8798298612236977,0.892966628074646,0.8851007148623466
20.720000000192957,233.22266748386113,18.30542700747787,118.60338003018258,64.13580972833422,116.55584910773864,63.89846540881332,0.8964727133512497,0.9345527499914169,0.9018482536077499,0.8796592146158219,0.892661651968956,0.8851474612951279
20.74000000019362,233.27010066899103,18.32365098068249,118.42016967669262,64.11681038029283,116.33937021134601,63.88132631452414,0.8962723836302757,0.934389966726303,0.9018393754959106,0.8795628786087036,0.8925578281283378,0.8850081071257591
20.760000000194285,233.31393478256246,18.347076995562126,118.24456619623322,64.05911871225751,116.12540012775816,63.862880171646715,0.8959969609975814,0.9342456012964249,0.9018457949161529,0.8795444428920746,0.8926491349935531,0.8846957057714462
20.78000000019495,233.35432316429012,18.374776654513536,118.07699101608651,63.96629362758542,115.91408550138233,63.843135347857036,0.895653423666954,0.9341232120990753,0.901862621307373,0.8796049177646637,0.8929229885339737,0.8842331454157829
20.800000000195613,233.39152058330856,18.40569026484542,117.91758548660759,63.84271546816293,115.70557115670806,63.82210079994834,0.8952518701553345,0.9340258568525314,0.9018849730491638,0.8797427341341972,0.8933610782027245,0.8836507484316826
20.820000000196277,233.4261698934456,18.438574144069563,117.76621676772817,63.693308057624,115.49999999905167,63.799786069768075,0.8948047637939452,0.9339561551809311,0.9019169628620147,0.8799582451581954,0.893946412205696,0.8829871654510498
20.84000000019694,233.45877847916418,18.47203838046389,117.62251296830404,63.52331577494002,115.29751291661611,63.77620127988946,0.8943179339170456,0.9339220196008682,0.9020525753498078,0.8803013443946838,0.894715204834938,0.8823459967970848
20.860000000197605,233.48950889335086,18.50481489267143,117.48589942579561,63.33778542675213,115.09824868393326,63.75135712901961,0.8938202947378159,0.9339155286550521,0.9021982818841934,0.8807075828313827,0.8955849021673202,0.8816812962293624
20.88000000019827,233.51903133090025,18.536143209617062,117.35563395144142,63.140715512398785,114.90234386675472,63.72526488714628,0.8933282703161239,0.9339356631040573,0.9023477345705032,0.8811632499098777,0.8965221732854843,0.8810201898217201
20.900000000198933,233.54804133561458,18.565364233980556,117.23084057764608,62.9369234101631,114.70993272845652,63.69793639042554,0.8928626388311386,0.9339780420064926,0.9024954706430435,0.8816488593816757,0.8974983811378479,0.8803700983524322
20.920000000199597,233.57726216339807,18.591890142333547,117.11054099390016,62.73319364411696,114.52114713802173,63.669384035812506,0.892440316081047,0.9340386241674423,0.9026360362768173,0.882145693898201,0.8984820276498794,0.8797430112957955
20.94000000020026,233.6074250790846,18.615232642350076,116.99367762277193,62.53102572684103,114.33611647966399,63.63962077543781,0.8921591445803642,0.9340647131204605,0.9027798742055893,0.8825702652335167,0.8996095344424248,0.8787999957799911
20.960000000200925,233.63924710983463,18.635030857198036,116.8791222992212,62.33143824717293,114.15496756415403,63.608660110732124,0.891853877902031,0.9341531008481979,0.9028910607099533,0.8830417215824127,0.9005070999264717,0.878281319141388
20.98000000020159,233.67340485547115,18.651061356184556,116.76570146193494,62.13539415438243,113.97782454191001,63.576516086301524,0.8916380494832993,0.9342400044202804,0.902988800406456,0.88345967233181,0.9013539046049118,0.8777588561177253
21.000000000202252,233.71050857057674,18.663238982035768,116.65222634843269,61.94376485877966,113.80480881791084,63.5432032835565,0.8915072023868561,0.9343253254890441,0.9030725836753845,0.8838171392679214,0.9021255403757095,0.8772581949830055
21.020000000202916,233.75107770867515,18.67160404850382,116.53752462833431,61.75730189475341,113.63603896849145,63.50873681409743,0.8914626240730286,0.9344049692153931,0.9031443640589714,0.8841029778122902,0.9028168082237243,0.8767725139856338
21.04000000020358,233.7955180802757,18.676300914024598,116.42047964716275,61.57751047376082,113.47163066007641,63.47313231285952,0.891500161588192,0.934476763010025,0.9032066494226455,0.8843118771910667,0.9034247845411301,0.8763014420866966
21.060000000204244,233.84408124183796,18.677552491785413,116.30007913234259,61.4085938814027,113.31169656990792,63.43640593102039,0.8916106685996056,0.9345405995845795,0.9032615184783935,0.884444722533226,0.9039461880922317,0.8758528158068657
21.080000000204908,233.8968779321789,18.675670815231708,116.1754214616518,61.251838339214814,113.15634630882252,63.39857432867344,0.891778489947319,0.9345995634794235,0.9033082827925681,0.8845107853412628,0.9043687790632248,0.8754534974694251
21.100000000205572,233.9538847735899,18.671014402423385,116.0457454041268,61.10787988621657,113.00568634612922,63.35965466727039,0.8919933125376701,0.9346544146537781,0.9033479213714599,0.8845151796936989,0.9046903267502785,0.8751122534275054
21.120000000206236,234.01494178844663,18.664002270858738,115.91046206263334,60.977054644602255,112.85981993664085,63.31966460183638,0.8922449171543121,0.9347058951854705,0.9033817082643508,0.8844637215137482,0.9049113720655441,0.8748352974653244
21.1400000002069,234.07975231299875,18.65506875477761,115.76918014382053,60.85943546089544,112.71884704990826,63.278622272961144,0.8924125239253043,0.9347591459751129,0.9033651232719421,0.884462608397007,0.9050514906644821,0.8746732160449028
21.160000000207564,234.14789866093622,18.644640110419335,115.62172217451132,60.75486674823972,112.58286430170631,63.23654629856995,0.8925092935562133,0.9348109304904938,0.9033026903867721,0.8844971105456352,0.9051104679703712,0.8746106937527657
21.180000000208228,234.21886226961962,18.633117990759906,115.4681285250344,60.662992638217794,112.45196488781811,63.19345576547801,0.8926514774560929,0.9348544985055923,0.9032413527369499,0.8844605565071105,0.9050711244344711,0.8745932325720787
21.20000000020889,234.29204198016606,18.620871213091764,115.30864762136538,60.58327415234714,112.32623852016336,63.149370220732166,0.892843621969223,0.9348571360111236,0.9032144457101822,0.8843461781740188,0.904995347559452,0.8746104210615158
21.220000000209556,234.36677894474124,18.608232269434566,115.1437162551133,60.515002963101594,112.20577136531432,63.10430966274384,0.8930867418646812,0.9348069071769715,0.9032347813248635,0.8841523796319961,0.904909199476242,0.8746544495224953
21.24000000021022,234.44239124222645,18.595498223216246,114.97392157787054,60.45731399527752,112.09064598544143,63.05829453221713,0.8933681905269623,0.9347620069980621,0.9032466858625412,0.883894445002079,0.9047127366065979,0.8747360154986381
21.260000000210884,234.51823320123077,18.582937733753827,114.79992202234223,60.40919521163526,111.98094128172943,63.01134570287647,0.8936818301677704,0.9347228378057479,0.9032526135444641,0.88357914686203,0.9044182971119881,0.8748501658439636
21.280000000211547,234.59373489107446,18.570794867779384,114.62239144330057,60.3695052844725,111.87673244030238,62.96348447199761,0.8940185457468033,0.9346905708312988,0.9032550632953643,0.8832163333892822,0.9040385276079178,0.8749962478876113
21.30000000021221,234.66839437678308,18.55928880067393,114.44202241880728,60.33700689623299,111.77809088069485,62.91473255074667,0.8943742513656616,0.9346652150154113,0.9032556846737861,0.8828119054436684,0.9035844027996063,0.8751697644591331
21.320000000212875,234.74176752616617,18.54857229443394,114.25954100295836,60.310417892195375,111.68508420690453,62.86511205433134,0.8947440832853317,0.9346476912498474,0.9032728910446167,0.8823815628886222,0.9030785024166107,0.8753756731748581
21.34000000021354,234.81347244670584,18.538680597051087,114.07571510172473,60.28845601049713,111.59777616105988,62.8146454919688,0.8951113447546959,0.9346472442150116,0.9034438014030456,0.8820122987031936,0.9026244089007377,0.8756912216544152
21.360000000214203,234.88314172329115,18.529632129196116,113.89135044016749,60.2698479074556,111.51622657973437,62.763355756674926,0.8954911053180694,0.9346513122320175,0.9036226063966751,0.8816158682107925,0.9021344274282456,0.8760156974196434
21.380000000214867,234.95034126108956,18.521419345596254,113.7072788112594,60.25333819502663,111.44049135293756,62.711266114879415,0.8958772271871567,0.9346607714891434,0.9038088500499725,0.8811992451548576,0.9016152590513229,0.876351036131382
21.40000000021553,235.01508991910052,18.514107813566095,113.52434102791933,60.23745105938905,111.37062238581083,62.65840019587147,0.8962664514780044,0.9346749782562256,0.9040032297372818,0.8807673200964927,0.9010776013135909,0.8766920074820518
21.420000000216195,235.07710008891203,18.507963355834665,113.34336702240425,60.22003790466934,111.30666756305423,62.60478198108091,0.8966561317443847,0.9346929222345352,0.9042065858840942,0.880324487388134,0.9005324870347976,0.8770322501659393
21.44000000021686,235.13603718710596,18.50312944371932,113.16514519115766,60.199355963226985,111.24867071610868,62.55043579319954,0.8970450207591056,0.9347126811742782,0.9044207379221916,0.8798741176724434,0.8999939396977424,0.8773605212569237
21.460000000217523,235.1916612883322,18.499623577788572,112.99037663750113,60.17416736252524,111.19667159311604,62.495386285147724,0.8974311068654061,0.934732761979103,0.9046472191810607,0.8794200152158737,0.8994743555784225,0.8776678308844567
21.480000000218187,235.2437861339456,18.497386108653778,112.81966718964195,60.14362261582713,111.15070583167781,62.43965842889111,0.8978214353322983,0.9346918493509292,0.9049475818872451,0.8789560824632644,0.8990897223353386,0.8779319748282433
21.50000000021885,235.29226193957044,18.4963203909185,112.65352905048512,60.107156157837025,111.11080493443086,62.383277504112705,0.8981979817152023,0.9346516877412796,0.9052608549594879,0.8785020068287849,0.8987427562475204,0.8781695738434792
21.520000000219515,235.33696807520718,18.49632540697863,112.49238273323844,60.06439845409152,111.07699624745705,62.32626908674528,0.8984069257974624,0.9346849381923675,0.9055420041084289,0.8782263249158859,0.8985573351383209,0.8783700555562973
21.54000000022018,235.37780883305334,18.49731865876102,112.33655983137851,60.01511821681513,111.04930294154164,62.26865903736946,0.8986051589250564,0.9347166955471039,0.9058355182409287,0.8779543533921241,0.898408392071724,0.8785405680537224
21.560000000220843,235.41471440723782,18.499191993065025,112.18630689172213,59.959197120075046,111.02774399629322,62.21047348948263,0.8987900301814079,0.9347480326890946,0.9061396807432175,0.877688792347908,0.898294585943222,0.8786861449480057
21.580000000221506,235.44764786127217,18.501865455173046,112.04179102745833,59.896633917655336,111.01233418713596,62.15173883764406,0.8988965049386024,0.9348139971494674,0.9064292654395103,0.8774564191699028,0.8980336293578147,0.8791312932968139
21.60000000022217,235.4765867407951,18.505239761457272,111.90310788728978,59.8275728702985,111.00308407518334,62.09248172550165,0.8990604862570762,0.9348434835672378,0.9067528426647186,0.8772050201892853,0.8980020552873611,0.8792065203189849
21.620000000222834,235.50153811541415,18.509194185556062,111.77027289953655,59.75229416824379,111.0,62.03272903370559,0.8992078959941864,0.9348766893148422,0.9070805460214615,0.8769647523760795,0.8979865252971649,0.8792875498533249
21.6400000002235,235.5225854121782,18.513588726064167,111.64318405972742,59.671211121058086,111.00308407525705,61.9725078677146,0.899347585439682,0.9349109858274459,0.907414011657238,0.8767327010631562,0.8980000615119934,0.8793477654457093
21.660000000224162,235.53988394070416,18.51835367257623,111.5216380975949,59.584838362998674,111.01233418728334,61.91184554550012,0.8994816422462463,0.9349467754364014,0.9077522158622742,0.876508378982544,0.8980385512113571,0.879391074180603
21.680000000224826,235.55363579748038,18.523466689867348,111.40535652338505,59.49363938482488,111.02774399651415,61.850769585154154,0.8996121048927307,0.9349842727184295,0.9080944746732712,0.8762910932302475,0.8980988785624504,0.8794198408722878
21.70000000022549,235.5640977830693,18.52902649487359,111.2940054544028,59.397797738305606,111.04930294183598,61.7893076924063,0.8997410744428634,0.9350235313177109,0.9084402203559875,0.8760799407958985,0.8981781244277954,0.8794359475374222
21.720000000226154,235.5715511074094,18.53505881591541,111.18722373105443,59.29772314937181,111.07699624782458,61.72748774805566,0.8998710185289382,0.9350643634796142,0.9087893903255463,0.8758737504482269,0.898274764418602,0.8794389694929122
21.740000000226818,235.5762857871936,18.541521179229793,111.0846412098338,59.194027686324546,111.11080493487135,61.665337795323374,0.9000038594007492,0.9351066976785659,0.9091417968273162,0.8756714180111885,0.8983863800764084,0.8794302120804787
21.760000000227482,235.57858936132016,18.548340732276383,110.9858923311366,59.08740818395904,111.15070583219095,61.60288602713142,0.9001554399728775,0.9351652055978775,0.9095196262001991,0.8754934445023537,0.8985355824232101,0.8793916955590247
21.780000000228146,235.5787370194378,18.555439065672235,110.8906269282335,58.978564152746934,111.19667159370148,61.54016077331353,0.9003871694207192,0.935300549864769,0.910015432536602,0.8754273146390915,0.8988246127963065,0.8792428016662598
21.80000000022881,235.57712166993616,18.562747532540566,110.79851835304926,58.86814357677738,111.24867071676601,61.477190487764034,0.9006246656179427,0.9354395240545272,0.9105152800679207,0.8753636255860329,0.8991170674562454,0.8790983691811561
21.820000000229474,235.5739754763946,18.570192367097157,110.70926925790825,58.75671510008452,111.30666756378302,61.41400373553036,0.9008698463439941,0.9355818420648575,0.9110206127166748,0.875301706790924,0.8994155794382095,0.8789534226059913
21.840000000230138,235.56928705233486,18.577737686047186,110.6226153866195,58.644761362815395,111.37062238661056,61.35062917985514,0.9011228233575821,0.9357276022434234,0.911531412601471,0.8752408877015113,0.8997172966599464,0.8788113549351692
21.8600000002308,235.56328171934138,18.585368320181427,110.53832651816498,58.53268906414994,111.44049135380769,61.287095569173836,0.9013839989900588,0.9358767688274383,0.9120478540658951,0.875180484354496,0.9000203281641006,0.8786738738417625
21.880000000231465,235.5560838315287,18.593071916162753,110.45619763238541,58.42089149154834,111.5162265806743,61.22343172407357,0.9016539990901947,0.9360292881727218,0.9125703573226929,0.8751197859644889,0.9003233015537262,0.8785417929291724
21.90000000023213,235.5477542790646,18.60084172356349,110.37602992961064,58.30984681400557,111.59777616206898,61.1596665242194,0.9019337445497513,0.9361850261688233,0.9130992710590362,0.8750580102205276,0.9006249025464058,0.878415510058403
21.920000000232793,235.53829397626987,18.6086968215921,110.29763450842738,58.200047470606044,111.6850842079821,61.09582889525368,0.9022240579128266,0.9363438755273819,0.9136349394917488,0.8749944105744362,0.9009236335754395,0.8782956197857856
21.940000000233457,235.52765517532538,18.616691590387124,110.22084048935433,58.09193262045599,111.77809088184014,61.031947795674576,0.9025251626968384,0.9365057110786438,0.9141774028539658,0.8749283790588379,0.9012177377939224,0.8781833603978156
21.96000000023412,235.5157544161449,18.62490844848204,110.14550111869596,57.98585546308903,111.87673244151462,60.96805220369972,0.9028368979692459,0.9366703808307647,0.9147266209125519,0.8748594418168067,0.9015056416392326,0.8780799388885497
21.980000000234785,235.50248687253801,18.633441713171393,110.07149810868971,57.88207558790673,111.98094128300778,60.9041711041209,0.90315912514925,0.9368376791477203,0.9152825176715851,0.8747871562838554,0.9017861515283584,0.8779859900474548
22.00000000023545,235.48772517975345,18.64241387062922,109.99874451090942,57.780767786091126,112.09064598678502,60.840333475155745,0.9034934267401695,0.9369981110095977,0.9158550217747689,0.8747097164392471,0.902075383067131,0.8778990685939788
22.020000000236113,235.47132016383907,18.651974373125366,109.92718641425897,57.68203879469879,112.20577136672222,60.77656827530243,0.9038449078798294,0.9371224135160446,0.9164753228425979,0.8746223837137223,0.9024260818958282,0.8778109669685363
22.040000000236777,235.4531159136413,18.66225834435622,109.8568037159806,57.58594502054931,112.32623852163462,60.7129044302033,0.9042062371969223,0.93725006878376,0.9171005636453629,0.8745309427380562,0.9027647107839584,0.8777337059378624
22.06000000023744,235.43295502168652,18.673385789019978,109.78761015854612,57.492506910919474,112.4519648893517,60.649370819523405,0.9045781522989272,0.9373808175325393,0.9177305340766907,0.8744351476430893,0.9030925035476685,0.8776635617017746
22.080000000238105,235.4106811685121,18.68545936368964,109.7196528232466,57.401719005132804,112.5828643033012,60.58599626384989,0.9049603402614593,0.9375146239995956,0.9183647289872169,0.8743349403142929,0.9034092143177986,0.8775997251272202
22.10000000023877,235.38614096244126,18.698561927008306,109.6530116185068,57.31355818725797,112.71884705156336,60.52280951161819,0.9053253084421158,0.9376523554325104,0.9189923077821731,0.8742465615272522,0.9037186965346337,0.8775520354509353
22.120000000239433,235.35918406824462,18.71274782461527,109.58780101027966,57.22799964244254,112.859819938355,60.459839226070955,0.905685493350029,0.9377932608127594,0.9196176066994667,0.8741620406508446,0.9040197163820266,0.8775137782096862
22.140000000240097,235.32966147355327,18.728029531864465,109.52417458514047,57.14503861295656,113.00568634790127,60.39711397225561,0.9060474529862403,0.9379368931055069,0.9202428966760635,0.8740767106413841,0.9043110579252243,0.8774820119142532
22.16000000024076,235.2974256911692,18.744386542800086,109.4623242977575,57.06468264247217,113.15634631065123,60.33466220406647,0.906409528851509,0.938083091378212,0.9208671048283577,0.8739909693598747,0.9045925468206405,0.8774571567773819
22.180000000241424,235.26233101440246,18.761776257005558,109.40247847514404,56.986943602422706,113.31169657179207,60.272512251337275,0.9067090153694153,0.9382504343986511,0.9214187413454056,0.87392348498106,0.9048176825046539,0.8774465352296829
22.20000000024209,235.22423573572988,18.78014349162263,109.34489879099554,56.911830488341444,113.47163066201469,60.21069230699001,0.9068958491086959,0.9384534865617752,0.9218408226966858,0.8738889291882515,0.9049499779939651,0.8774548232555389
22.220000000242752,235.18301076901488,18.799417799152145,109.28987352547648,56.83933828093,113.63603897048253,60.14923041424579,0.9070810288190841,0.9386575400829315,0.9222619473934174,0.8738540023565292,0.9050753355026245,0.8774686366319656
22.240000000243416,235.13855509790685,18.819494564847986,109.23771385821723,56.769448155526675,113.80480881995337,60.08815445390375,0.9072634145617485,0.9388622909784317,0.9226811811327934,0.8738188117742538,0.9051923960447311,0.8774904519319534
22.26000000024408,235.0907860217908,18.840333269617506,109.1887530643699,56.7021323972638,113.97782454400256,60.02749213169345,0.9074427336454391,0.9390672922134399,0.9230983361601829,0.8737834200263023,0.9053017765283584,0.8775200098752975
22.280000000244744,235.0396231253288,18.86190874637575,109.14334059293977,56.63735234428943,114.1549675662952,59.967270965706916,0.9076187223196029,0.9392721593379975,0.9235132291913032,0.8737478271126747,0.905403932929039,0.8775572210550308
22.300000000245408,234.98503178793786,18.88420304814897,109.10181077418467,56.57503470587969,114.33611648185229,59.90751827391558,0.9077913805842399,0.9394763469696045,0.923925033211708,0.8737120643258095,0.9054993212223053,0.8776009902358055
22.320000000246072,234.92705799204427,18.90722862445996,109.064442912824,56.51504768330252,114.52114714025566,59.84826116177815,0.9079689428210258,0.9396348744630814,0.9243825688958168,0.8736694931983947,0.9056735306978225,0.8776378259062767
22.340000000246736,234.86581682142452,18.931020936258594,109.03146419983278,56.45721655223725,114.70993273073458,59.789526509944835,0.9081449449062348,0.9397802948951721,0.9248488530516624,0.873624999821186,0.9058632165193558,0.877678282558918
22.3600000002474,234.80150506880196,18.95551915451948,109.00306266452314,56.401340177105986,114.90234386907531,59.731340962063506,0.9083736792206764,0.9399073958396912,0.9253018915653228,0.873590475320816,0.9060821160674095,0.8777382075786591
22.380000000248064,234.73432997285337,18.98080659554501,108.9793989748238,56.34720272748794,115.0982486862948,59.67373091269345,0.9086386680603027,0.9400209516286849,0.9257440358400345,0.8735627636313438,0.9063209846615791,0.877810649573803
22.400000000248728,234.6644965408663,19.006969478887505,108.96061681970184,56.29458249300208,115.297512919017,59.61672249533205,0.9089016497135162,0.9401321738958358,0.9261812806129456,0.873534832894802,0.9065575510263443,0.8778823271393775
22.42000000024939,234.592217032794,19.034063329216902,108.94685681431925,56.24326894407827,115.50000000149024,59.56034157055991,0.909162637591362,0.9402407765388489,0.926612901687622,0.8735066875815392,0.9067926600575447,0.8779507771134376
22.440000000250055,234.5176974807273,19.062104858060152,108.93828373319242,56.193101337845945,115.70557115918264,59.50461371430982,0.909420970082283,0.9403466880321503,0.9270385414361954,0.873478452861309,0.9070269644260406,0.8780148059129714
22.46000000025072,234.44112395337157,19.09107365555222,108.93509596809153,56.14396809198907,115.91408550389124,59.44956420626477,0.9096757039427757,0.9404498815536498,0.9274576008319855,0.8734503209590911,0.9072606429457665,0.8780739396810532
22.480000000251383,234.3626519632989,19.120786279820077,108.9375183353699,56.09578736955184,116.12540013029967,59.3952180183904,0.9099254265427589,0.9405503928661346,0.9278694540262222,0.8734225556254387,0.9074937358498573,0.878128357231617
22.500000000252047,234.2824079282265,19.15121773934812,108.94579511858312,56.04850336415207,116.33937021391839,59.341599803607096,0.9101685285568237,0.940648329257965,0.9282736003398895,0.8733954384922981,0.9077259838581085,0.8781789749860763
22.52000000025271,234.20042532021435,19.18231071285226,108.96018783032697,56.00209583564199,116.5558491103401,59.28873388460663,0.9104035884141922,0.9407436728477477,0.9286690920591354,0.8733692154288292,0.9079569846391677,0.8782262757420539
22.540000000253375,234.11669508034984,19.213968843514603,108.98097324210681,55.95658698818219,116.77468845574259,59.23664424281884,0.9106295064091682,0.9408364146947861,0.9290551424026489,0.8733440652489662,0.9081862956285477,0.8782706663012504
22.56000000025404,234.03118034577875,19.24607742261048,109.00844077523453,55.91204151917411,116.99573826856975,59.18535450753292,0.910845173895359,0.9409266173839569,0.9294311791658402,0.8733201265335083,0.9084131926298141,0.878313335776329
22.580000000254703,233.94384942313147,19.278417683462095,109.04288929911482,55.86856068957108,117.21884705232155,59.13488794517855,0.9110500991344451,0.9410141468048095,0.9297961831092835,0.8732974261045455,0.9086369514465332,0.8783543333411217
22.600000000255367,233.85531740865991,19.310783278011122,109.08462343518813,55.82627232261408,117.44386189938211,59.08526744877161,0.9112437009811402,0.9410990118980408,0.9301495373249054,0.8732759639620781,0.9088565081357955,0.8783948570489883
22.62000000025603,233.7647600945925,19.343083299003077,109.13394943956705,55.78531891894797,117.670628595815,59.03651552752929,0.9114259660243987,0.9411810427904129,0.9304903924465179,0.8732556372880935,0.9090707272291183,0.8784353896975517
22.640000000256695,233.67211156080364,19.375154935482534,109.19117068103377,55.74584669999019,117.89899172705374,58.98865429665926,0.9115966081619262,0.9412601947784424,0.9308181583881378,0.8732364058494567,0.9092787370085716,0.8784765794873237
22.66000000025736,233.57737608887746,19.406889175813713,109.25658296656073,55.707996681564765,118.12879478441515,58.94170546732764,0.9117554664611817,0.9413362711668014,0.9311320036649704,0.8732181802392006,0.9094794243574142,0.8785189539194107
22.680000000258023,233.4804965220784,19.438281155865496,109.33046981997924,55.67189764352788,118.35988027236262,58.89569033681018,0.9119025409221649,0.9414090573787689,0.9314311683177948,0.8732008621096611,0.9096718147397042,0.8785627767443657
22.700000000258687,233.38141174550552,19.469288498199322,109.41309760626447,55.6376618146588,118.59208981644566,58.8506297788313,0.9120378896594047,0.9414783030748367,0.9317149192094802,0.8731843262910842,0.9098550766706467,0.8786080703139305
22.72000000025935,233.28008593720293,19.4998724777301,109.5047107799354,55.60538176377762,118.8252642718419,58.80654423409511,0.9144216895103454,0.941342556476593,0.9342571258544922,0.8727470055222512,0.9149580061435699,0.8718922033905983
22.740000000260014,233.1765055016021,19.53000233871571,109.60552726109337,55.575128746433634,119.05924383242693,58.763453701013006,0.9160927772521973,0.9415163189172745,0.9365247547626495,0.8726100027561188,0.9190596312284469,0.8684680327773094
22.76000000026068,233.07070323754212,19.55957067938069,109.71573407924276,55.5469520583876,119.29386814029742,58.72137772663184,0.916612446308136,0.9418430656194686,0.9386437892913818,0.8725334614515304,0.9220776438713073,0.8676686853170394
22.780000000261342,232.96271861695905,19.588585191522657,109.83548317012844,55.520879062358844,119.52897639567253,58.68033539776682,0.9166511282324791,0.94194415807724,0.9396871507167815,0.8725629657506943,0.9241037130355835,0.8674198299646377
22.800000000262006,232.85258921467465,19.61704764797578,109.96488737794918,55.49691589576407,119.7644074670979,58.6403453323432,0.916786678135395,0.9422575294971466,0.9410043388605117,0.8727191686630249,0.9264762341976166,0.8669046267867088
22.82000000026267,232.7401435366154,19.644723875660546,110.10463759094259,55.475987418990925,120.00000000187721,58.601425670950725,0.916046679019928,0.9422068357467651,0.9418696820735931,0.8728055134415627,0.9278581798076629,0.867017574608326
22.840000000263334,232.62417043844846,19.67091158214599,110.25819373780138,55.462932561952115,120.23559253665525,58.56359406861451,0.9156159430742263,0.9419946014881134,0.9421979397535324,0.8729743719100952,0.9290359199047088,0.8668731018900871
22.860000000263998,232.50272014283678,19.69485057514931,110.43176319667236,55.465111532110264,120.47102360807675,58.52686768678628,0.91496462225914,0.941821214556694,0.9432324588298797,0.8731684118509292,0.9310944348573684,0.8668471246957778
22.880000000264662,232.37379857255246,19.716085230900713,110.63332712724937,55.4903969145143,120.70613186344542,58.49126318555944,0.9146323144435883,0.9416406661272049,0.9442612737417221,0.8735073626041412,0.9334312826395035,0.8666661515831947
22.900000000265326,232.2358056728204,19.734430551815844,110.87074966088346,55.54609148387668,120.94075617130693,58.45679671611159,0.913493238389492,0.9413261502981186,0.9451900333166122,0.8738315433263778,0.9356066972017288,0.8667353704571724
22.92000000026599,232.08757292721404,19.74993812993792,111.15154224180515,55.6387994946026,121.17473573188039,58.42348391337794,0.9125270172953606,0.9408918112516403,0.945425495505333,0.8740779846906662,0.9369923621416092,0.8667392864823341
22.940000000266654,231.9286304869506,19.762734170257595,111.48186847730449,55.773654885843214,121.40791018726253,58.39133988895886,0.9114695832133293,0.9405934244394302,0.9459646016359329,0.8743766888976097,0.938639909029007,0.8666967645287513
22.960000000267318,231.75913587952516,19.772913560820292,111.86587178838143,55.95437922940131,121.64011973132894,58.36037922426483,0.9100212574005127,0.9401565462350845,0.9463780283927917,0.874663595855236,0.9400228202342987,0.866880777478218
22.98000000026798,231.57959621165298,19.7805499433159,112.30712780766635,56.18421886814093,121.87120521925723,58.330615963901934,0.9092341721057892,0.9398469746112823,0.9464887231588364,0.8749304622411728,0.9411691159009933,0.866655583679676
23.000000000268646,231.390701652062,19.78568770586826,112.80898651525305,56.466374791300865,122.10100827659694,66.99912167300826,0.9076644450426101,0.9393680661916732,0.9465046286582947,0.8750675812363624,0.9417470246553421,0.8669447213411331
23.02000000026931,231.19353051655332,19.788219798625427,113.37401753109272,56.80368574356496,122.32937140781148,64.95258417644943,0.9066606014966965,0.938783398270607,0.9460897088050843,0.8752022728323936,0.9421170890331269,0.8669655978679657
23.040000000269973,230.98954516588083,19.788057903595906,114.00282228787307,57.19800697764491,122.55613810421771,64.90519500742347,0.9055449277162552,0.9384896248579025,0.9458883553743362,0.8753238081932068,0.9418271958827972,0.8685094505548477
23.060000000270637,230.78043525248447,19.785124065282307,114.69473461277566,57.650325309362024,122.78115295124913,64.85785913246306,0.9052599698305129,0.938076063990593,0.9443743467330933,0.8753736481070519,0.9403508901596069,0.8697513177990913
23.0800000002713,230.56810759856194,19.77937102501922,115.44787383641446,58.16051486162475,123.00426173496933,64.81060316115018,0.9049627721309662,0.937647795677185,0.9423784971237182,0.8752321302890778,0.9380531042814254,0.8711815208196639
23.100000000271965,230.35454035855184,19.770682299066337,116.25873732622237,58.72757536732272,123.22531154776246,64.76345365814946,0.9043938040733337,0.9376118451356887,0.9404068142175674,0.8756166338920593,0.9362550854682922,0.8724049612879753
23.12000000027263,230.14188950446237,19.75903681621771,117.12213389124119,59.34869855372189,123.44415089312852,64.71643712827498,0.9032566100358963,0.9376217693090438,0.9386542588472366,0.8758961334824562,0.9340555220842361,0.874336464703083
23.140000000273293,229.93235815473042,19.74433901766903,118.03092596696882,60.01955445647849,123.66062978951145,64.66958000159077,0.9025899469852448,0.9377787411212921,0.9359846830368042,0.87642932087183,0.9316559642553329,0.8754445388913155
23.160000000273957,229.72808000770502,19.726879084755907,118.97630721870992,60.73323764916797,123.87459987308902,64.62290861855332,0.901803795993328,0.9375177890062332,0.9328660786151886,0.8766273930668831,0.9280535966157913,0.87761470079422
23.18000000027462,229.5311335038069,19.707037676026882,119.945727949521,61.47997996977668,124.08591449945398,64.57644921520443,0.9011533513665199,0.9375300824642181,0.9296607315540314,0.8768475443124771,0.9232842087745666,0.8803776040673256
23.200000000275285,229.34359829870328,19.68523893310376,120.92305414655794,62.247537868869145,124.29442884411681,64.53022790842273,0.9007087260484695,0.9375713437795639,0.9256619870662689,0.8769473984837531,0.9178783014416695,0.8825748920440674
23.22000000027595,229.1675497438026,19.66195283155229,121.89040389660674,63.02258415066595,124.5000000017612,64.48427068124231,0.9001964688301086,0.937313637137413,0.9216069161891937,0.8769388288259506,0.9121662020683289,0.8860833823680877
23.240000000276613,229.0050602842678,19.63796028019857,122.82982276617473,63.79098800188062,124.70248708418417,64.43860336824648,0.8993535578250885,0.9374525845050812,0.9179574444890022,0.876756876707077,0.9062244117259979,0.8895189255475998
23.260000000277277,228.8580994419622,19.614069927534768,123.72328461562941,64.53862573787215,124.90175131685392,64.39325164104496,0.8989704936742783,0.9374666392803191,0.9143802806735039,0.8763904511928559,0.9005145072937012,0.8927773714065551
23.28000000027794,228.72845728339448,19.591381536857845,124.55366929268769,65.24980060793743,125.09765613401882,64.34824099384284,0.8992254331707954,0.9378206819295883,0.9116542488336563,0.8763801515102386,0.8957694202661514,0.895258629322052
23.300000000278605,228.61757256088794,19.57142253668192,125.30614793479148,65.90702994633018,125.29006727230282,64.30359672910907,0.899784830212593,0.9380806863307952,0.9093616127967834,0.8761781945824623,0.8915410071611404,0.8975160747766494
23.32000000027927,228.52642070795392,19.555867791095313,125.96903987893586,66.49265827973636,125.4788528627229,64.25934394335289,0.9007178321480751,0.9374837785959244,0.9081517353653907,0.8755909964442253,0.8888872385025024,0.8990987792611121
23.340000000279932,228.4554883676978,19.546889857433065,126.53479215322568,66.98881371135643,125.66388352106544,64.21550751301592,0.9015830278396606,0.9368049383163451,0.9073238670825958,0.8750127345323563,0.8870665818452835,0.8992842808365822
23.360000000280596,228.40482601857875,19.5469555443236,127.0004611800516,67.379350765056,125.84503243655969,64.17211208048806,0.9026878297328949,0.936064738035202,0.9065552756190299,0.8744436770677566,0.8855005875229836,0.8994903415441513
23.38000000028126,228.3739414014822,19.558249127575756,127.36742505728628,67.65226206592635,126.02217545878752,64.12918204025493,0.9036282926797866,0.9354671329259873,0.9056909158825874,0.8743665769696235,0.88457842618227,0.8995950147509575
23.400000000281924,228.36168723836886,19.582112486781288,127.64064739031825,67.80181025001443,126.19519118277,64.08674152518456,0.9045433327555656,0.9348804086446761,0.9049424141645431,0.8741994306445121,0.8837806075811386,0.8994873821735382
23.420000000282588,228.36629362391884,19.618760418355937,127.82785540712943,67.82852085566219,126.36396103217224,64.04481439296137,0.9053467750549317,0.9343218833208083,0.904304338991642,0.8739719077944755,0.8831176236271858,0.8992109537124634
23.440000000283252,228.38549660388244,19.66666665800648,127.93874441008451,67.7396279683942,126.52836934056968,64.00342421267462,0.9059568390250206,0.9338088572025299,0.9037675708532333,0.8737155959010124,0.8825949102640152,0.8988168925046921
23.460000000283916,228.41663027285153,19.722485761990523,127.98414407654354,67.5492658240551,126.68830343072013,63.9625942515692,0.906300836801529,0.9333591222763061,0.9033232495188713,0.87346271276474,0.8822119578719139,0.89837616533041
23.48000000028458,228.45673955772384,19.782034062021253,127.97526437676393,67.27483384581674,126.84365369178707,63.92234746196615,0.9060622408986091,0.9329722762107849,0.903375843167305,0.8733416020870208,0.8828094735741615,0.8966569542884827
23.500000000285244,228.50272217981538,19.84129214778116,127.92358379941243,66.93410520212876,126.99431365446146,63.882706468360055,0.9054110407829284,0.9326835364103317,0.9035926550626755,0.8733049809932708,0.8836952373385429,0.894927854835987
23.520000000285908,228.5490288849068,19.897076997897248,127.86076671249862,66.54298182290205,127.14018006393054,63.8436935547009,0.9044266164302825,0.9324929386377334,0.9039226472377777,0.8733397915959358,0.8847906067967415,0.8932686090469361
23.54000000028657,228.59239512589548,19.947684047239456,127.80060683199639,66.11501564313396,127.28115295064343,63.805330651867216,0.9030926957726478,0.932404738664627,0.9043157875537872,0.873473647236824,0.8860593765974044,0.8917544037103653
23.560000000287236,228.6314856320272,19.99171034996223,127.74308294778497,65.67934687067533,127.41713569882532,63.76763932533782,0.9014958873391151,0.9324118822813033,0.9047459736466408,0.8736986130475998,0.8874638259410857,0.8903801515698433
23.5800000002879,228.6653230415364,20.02812601749867,127.68812029035598,65.24461164855906,127.5480351126931,63.73064076306886,0.899782371520996,0.9325056880712509,0.9051844790577889,0.8739877954125405,0.888898454606533,0.8892411425709724
23.600000000288563,228.6934194516721,20.055954563379427,127.63558004319835,64.81351244684436,127.67376148032706,63.69435576358318,0.8981079265475272,0.9326656997203827,0.9056291311979293,0.8742996156215668,0.8903228819370269,0.8882544293999671
23.620000000289227,228.71591794771106,20.074261405890415,127.58525814033662,64.3891497534899,127.79422863515498,63.65880472427851,0.8966012716293335,0.9328704327344894,0.9060872167348861,0.8745926782488823,0.891717666387558,0.8873143821954727
23.64000000028989,228.73357826989178,20.082331694067786,127.53689001401827,63.97470293236061,127.90935401500643,63.62400762996121,0.89534652531147,0.9331019788980484,0.9065672516822815,0.8748342379927635,0.8930684894323349,0.8863485679030418
23.660000000290555,228.74749408707186,20.07978635163748,127.49015274286215,63.57314835061301,128.0190587186967,63.58998404161193,0.8946431249380111,0.933255660533905,0.9070285424590111,0.8750612735748291,0.8945258095860481,0.8854264378547668
23.68000000029122,228.75937043604128,20.06665061020598,127.44466962331809,63.18704622478932,128.1232675601017,63.556753085389516,0.8943236917257309,0.9333773165941238,0.9074992522597313,0.8752340391278267,0.8959928750991821,0.8844776064157486
23.700000000291883,228.77121559106925,20.043366383820302,127.40002140570796,62.81837767422467,128.22190911968693,63.52433344187936,0.8942331716418266,0.9335050165653228,0.9079973384737968,0.8753302454948425,0.8973861128091812,0.8834823325276374
23.720000000292547,228.78517173048968,20.010772343519232,127.35576597084012,62.46848902446613,128.31491579345465,63.4927433355922,0.8943473264575005,0.9336646527051925,0.9085564941167831,0.8754050120711326,0.8987498819828034,0.8824376881122589
23.74000000029321,228.8034833536932,19.970110831112567,127.31146492070792,62.13813599090867,128.40222383927647,63.46200052471936,0.8946252256631851,0.9338811069726943,0.9092037916183472,0.8755176693201064,0.9001314252614975,0.88135816603899
23.760000000293875,228.82789677234544,19.922458069071318,127.26671028802822,61.827573220520364,128.48377342057896,63.43212229115002,0.8949676543474198,0.9340977311134339,0.9098469406366348,0.8756019622087479,0.9014344736933708,0.880358412861824
23.78000000029454,228.85982492626482,19.869029230279267,127.22114091608995,61.536633000034925,128.5595086473525,63.40312543075639,0.8953629896044731,0.9341395735740662,0.9106605440378189,0.8756412789225578,0.9029770433902741,0.8794028937816619
23.800000000295203,228.90007440181517,19.81115619335936,127.17446090715312,61.264823908520164,128.62937761445573,63.37502624395193,0.8958056479692459,0.9339697450399399,0.9116813883185386,0.8756324902176856,0.9048310354351997,0.8784885108470917
23.820000000295867,228.94885792769196,19.75010324632828,127.12645505021884,61.01143128488022,128.6933324371887,63.34784052652822,0.8962557762861252,0.933813801407814,0.9126719191670417,0.8756120920181274,0.906584820151329,0.8776701062917709
23.84000000029653,229.00585315434392,19.6870585419706,127.07698457131212,60.777358796566375,128.75132928411043,63.321583560775444,0.8967870593070983,0.9336402356624603,0.9136870235204696,0.8755780816078186,0.9084884330630302,0.8765999227762222
23.860000000297195,229.07006625810644,19.623191138606146,127.02765916188505,60.567496202171704,128.8033284070791,63.2962701068915,0.8972310185432434,0.9335101932287216,0.9146058678627014,0.8755416125059128,0.9100341141223908,0.8759577393531799
23.88000000029786,229.14010464031674,19.559375965273052,126.98034126739726,60.38111216020465,128.84929416849323,63.2719143946847,0.8976533144712447,0.9333908349275589,0.9154735893011093,0.8755027696490287,0.9114643171429634,0.8753981098532676
23.900000000298522,229.21478220867502,19.496138483655,126.93430053625946,60.21708536129344,128.88919506571597,63.248530115574525,0.8980339959263801,0.9332824647426605,0.9162755966186523,0.8754659652709961,0.9127559214830399,0.8749444544315338
23.920000000299186,229.29274780931976,19.43388872523151,126.88897805412546,60.07452379006752,128.92300375266547,63.226130414895096,0.8983753472566605,0.9331850290298461,0.9170112282037735,0.8754309043288231,0.9139098882675171,0.8745833083987236
23.94000000029985,229.37252069824103,19.3728664936274,126.84400839993091,59.95281693767454,128.95069705855647,63.204727884505594,0.898683014512062,0.9330987155437469,0.9176796793937683,0.8753963887691497,0.9149255335330962,0.8743021458387374
23.960000000300514,229.45258175412198,19.313144716917595,126.79921248712363,59.85171398695805,128.97225600378042,63.18433455571183,0.8989633321762085,0.9330240070819854,0.9182810887694358,0.8753609657287598,0.9158022493124008,0.8740908458828925
23.980000000301178,229.53145530223534,19.25469981890086,126.75457528691574,59.77113142288517,128.98766581291315,63.16496189250289,0.8992217317223549,0.9329616099596023,0.9188157826662063,0.8753233164548874,0.9165389001369476,0.8739421799778938
24.000000000301842,229.6078036925889,19.197370652382205,126.71022082333502,59.71106006952535,128.99691592484123,63.146620785106755,0.8994211405515671,0.9329313546419143,0.9192715123295784,0.8753228470683098,0.9171701446175575,0.8738502293825149
24.020000000302506,229.6805157149978,19.1409542998011,126.66638357747397,59.67149936133499,129.0,63.129321543868414,0.8995962172746658,0.932917433977127,0.9196581214666366,0.875325171649456,0.9176642611622811,0.8738157182931899
24.04000000030317,229.74863455098563,19.08537869270711,126.62337858363746,59.65239281536733,128.9969159247184,63.11307389345396,0.8997567966580391,0.9329134821891785,0.9199782788753509,0.8753177016973496,0.9180080622434615,0.8738425135612488
24.060000000303834,229.81136904127703,19.030637736232304,126.58157201511746,59.65357026808723,128.98766581266753,63.097886967383914,0.8998915463685989,0.9329206973314285,0.9202291816473007,0.8753056317567826,0.9182042747735977,0.8739373341202735
24.080000000304498,229.86808355306235,18.976827548972164,126.54135329358034,59.67469770402332,128.9722560034122,63.0837693028989,0.8999873459339142,0.9329398393630981,0.9204069584608078,0.8752950727939606,0.9182571455836296,0.8741069659590721
24.10000000030516,229.91828310420618,18.92383005627219,126.50310653022338,59.71523999629316,128.9506970580659,63.07072883616046,0.9000443741679192,0.9329702913761139,0.920511269569397,0.8752865523099899,0.9181703448295593,0.87434973269701
24.120000000305826,229.96171259583232,18.871813132279026,126.46717692965261,59.774444956780535,128.92300375205292,63.05877289778981,0.900066864490509,0.9330112397670746,0.9205433130264282,0.8752784922719001,0.91794653236866,0.874661959707737
24.14000000030649,229.99920961350898,18.82068442246538,126.43385008911831,59.85131915766774,128.88919506498183,63.04790820874694,0.900059175491333,0.9330615490674973,0.9205048277974128,0.8752693325281143,0.917590169608593,0.875038743019104
24.160000000307154,230.0305597720219,18.77059742805619,126.40333994607427,59.94460249604158,128.849294167638,63.038140876552504,0.9000251293182373,0.933119985461235,0.9203983619809151,0.8752576828002929,0.9171072825789451,0.875474964082241
24.180000000307817,230.05586866054196,18.72191722594761,126.37577803506008,60.05248687560889,128.80332840610336,63.0294763918545,0.8999673411250114,0.9331852704286575,0.9202268302440643,0.8752428680658341,0.9165064141154289,0.8759645566344261
24.20000000030848,230.07539991350896,18.675125545699007,126.35120358655487,60.1720984328479,128.75132928301488,63.021919625341724,0.8998889669775962,0.933255535364151,0.9199940949678421,0.8752242982387543,0.9157999157905579,0.8764977976679802
24.220000000309145,230.08961182293467,18.630617316529857,126.3295573710629,60.30063333086671,128.69333243597404,63.015474825005754,0.8997944235801697,0.9333281874656677,0.9197063609957695,0.8752012625336647,0.9150067508220673,0.8770578563213348
24.24000000030981,230.09902306925332,18.588711671057318,126.31068066286724,60.435517219074,128.62937761312287,63.010145613752954,0.8996863484382629,0.9334008574485778,0.9193699941039085,0.8751738995313644,0.91414635181427,0.8776293367147445
24.260000000310473,230.1041822915486,18.5496644516237,126.29431906656194,60.57425945564669,128.55950864590227,63.005934987367894,0.8995653584599494,0.933471605181694,0.9189909845590591,0.8751434251666069,0.9132380485534668,0.878198653459549
24.280000000311137,230.10570293884533,18.513528349859886,126.28013130983598,60.71434603283836,128.48377341901238,63.00284531282929,0.8994301974773407,0.9335388749837875,0.9185753181576729,0.8751118868589401,0.9123008668422699,0.8787545591592788
24.3000000003118,230.10422709580902,18.48038943147606,126.2677031989347,60.853187196705065,128.40222383759465,63.00087832697938,0.899278661608696,0.9336013793945312,0.9181291505694389,0.8750819981098175,0.9113541275262832,0.8792868882417678
24.320000000312465,230.10037364760004,18.450382882014107,126.25656417486391,60.98812536684143,128.3149157916587,63.000035135547634,0.8990047991275787,0.9336990565061569,0.9175945013761521,0.8750830441713333,0.9101851671934128,0.8801481455564498
24.34000000031313,230.09473925932235,18.423638620117842,126.24620635605109,61.11649842603165,128.2219091177781,63.00031621252912,0.8988246887922287,0.9337444752454758,0.9171136751770973,0.8750621452927589,0.9093008786439896,0.880571411550045
24.360000000313793,230.0878917882045,18.400272246584926,126.23610482147079,61.23573521819361,128.1232675580813,63.00172139991808,0.898611444234848,0.933785530924797,0.9166142344474792,0.8750548228621483,0.9084425762295723,0.8809741899371147
24.380000000314457,230.08036034306434,18.38037363321799,126.22573744152075,61.34345972087326,128.0190587165661,63.00424990779674,0.898377139866352,0.9338166624307632,0.9161110028624534,0.8750598385930061,0.9076520398259162,0.8813078433275222
24.40000000031512,230.072640591091,18.363929004596503,126.21460295357733,61.43758656183902,127.90935401276711,63.00790031477935,0.8981222048401832,0.9338370472192764,0.9156100735068321,0.8750791907310486,0.9069432839751244,0.8815653353929519
24.420000000315785,230.0652104639545,18.350927417475816,126.20223219174036,61.516252140150236,127.79422863280847,63.01267056881124,0.8978601798415183,0.9338569313287735,0.9151358187198638,0.8751306623220444,0.906351999938488,0.8817199155688286
24.44000000031645,230.058538698561,18.341452608849142,126.18819066084492,61.577608546129454,127.67376147787496,63.01855798832232,0.8976342484354972,0.9339193105697632,0.9147618249058723,0.8752796500921249,0.9059713542461395,0.8817007154226303
24.460000000317113,230.05305338196615,18.33542109474784,126.17210517437863,61.620545787056464,127.54803511013709,63.025559263734564,0.8973895907402039,0.9339680284261703,0.9144046351313591,0.8754476949572563,0.9057052612304687,0.8815909370779991
24.480000000317776,230.04914139757267,18.332591816400317,126.1536710866551,61.64470711230747,127.41713569616716,63.03367045932243,0.8971274316310882,0.9340014755725861,0.914069104194641,0.8756358698010445,0.9055669888854027,0.8813834235072135
24.50000000031844,230.04715052964116,18.33261383422479,126.13265278155963,61.65036683391789,127.28115294788495,63.04288701542531,0.896846604347229,0.9340201437473297,0.9137574896216393,0.875846691429615,0.9055609583854675,0.8810844644904137
24.520000000319104,230.04738934264495,18.335059515226725,126.1088813106797,61.638337343802974,127.14018006107362,63.05320375101074,0.8965462505817413,0.9340249538421631,0.9134708374738693,0.8760826677083969,0.9056883543729782,0.8807035371661186
24.54000000031977,230.05012080364867,18.33944295035732,126.08224633595015,61.6099398981561,126.99431365150805,63.064614866586865,0.8962263613939285,0.9340173006057739,0.9132093712687492,0.8763457298278808,0.9059468030929565,0.880252867937088
24.560000000320432,230.05554968672547,18.345235585453292,126.05268130984166,61.567012488567336,126.84365368873918,63.07711394746258,0.8958880320191384,0.933998766541481,0.9129722237586975,0.8766371876001358,0.9063303768634796,0.8797463685274124
24.580000000321096,230.0638284042658,18.351959888364494,126.02015391831391,61.51159133728598,126.68830342757988,63.09069396735355,0.8955335825681686,0.9339712381362915,0.9127576783299446,0.8769574120640754,0.9068293571472168,0.8791992336511611
24.60000000032176,230.0750688502762,18.35933104624176,125.98465785208674,61.44541273413933,126.52836933733923,63.10534729233195,0.8952535331249237,0.9338803738355637,0.9126053109765052,0.8772547081112861,0.9076358303427696,0.878291891515255
24.620000000322424,230.08935539349906,18.367091281221736,125.94620390579163,61.370297110041086,126.36396102885378,63.12106568511786,0.8948747247457504,0.9338426619768142,0.9124265149235725,0.8776311472058296,0.908318144083023,0.8777250245213508
24.640000000323088,230.10675476946494,18.37496384255442,125.90481065116694,61.28822462068755,126.1951911793658,63.137840309709794,0.8945066630840302,0.9337941139936446,0.9122690290212631,0.8780228525400161,0.9090951710939407,0.877119354903698
24.660000000323752,230.12732296529632,18.382656475390917,125.8604951703164,61.20129204451721,126.02217545529992,63.1556617363518,0.894148051738739,0.9337405681610107,0.9121260851621628,0.8784305304288864,0.9099339872598647,0.8765109896659851
24.680000000324416,230.15111205103221,18.389848338651273,125.8132642913894,61.11166568804997,125.84503243299108,63.174519946834366,0.8938055515289306,0.9336824983358383,0.9119956627488136,0.8788492009043694,0.9108202159404755,0.8759046450257301
24.70000000032508,230.1781666273581,18.39623846758915,125.7631108389283,61.02157236418004,125.66388351741828,63.194404340126056,0.8934832707047462,0.9336211025714874,0.911875182390213,0.879274907708168,0.9117377281188964,0.8753078311681747
24.720000000325744,230.20849854781625,18.401486753300382,125.71001710809314,60.933347558970695,125.47885285899969,63.215303738332864,0.8931836992502212,0.9335578113794326,0.911761599779129,0.879704338312149,0.9126700639724731,0.8747281968593598
24.740000000326408,230.2421169743057,18.405286205495543,125.65393486509653,60.8492484611566,125.29006726850609,63.23720639298175,0.8927734777331352,0.9334707021713257,0.9115995541214943,0.8802216827869415,0.9136974662542343,0.8741926848888397
24.76000000032707,230.27902757110002,18.40738030208527,125.59478141383634,60.771401605904046,125.09765613015117,63.260099991625026,0.8921870082616806,0.9333646029233932,0.911346760392189,0.8808750197291374,0.9148363098502159,0.8737015187740326
24.780000000327735,230.3192249572884,18.40756496699374,125.5324411741459,60.701790146856986,124.90175131291801,63.2839716647617,0.8917284041643142,0.9333072572946548,0.9110997557640076,0.8814718335866928,0.9158458977937698,0.8731872454285622
24.8000000003284,230.3626855702287,18.405690203334828,125.46676882249076,60.64224306854523,124.70248708018272,63.30880799307198,0.8914223372936249,0.9332795590162277,0.910882143676281,0.8820041492581367,0.9167319968342781,0.8726789578795433
24.820000000329063,230.4093611575177,18.401664326346996,125.39759378293623,60.594426992854416,124.4999999976969,63.334595014960875,0.8912603497505188,0.9332757323980331,0.9107302144169808,0.8825103223323821,0.917494061589241,0.872259084880352
24.840000000329727,230.45918231449295,18.395433598424347,125.32471748059778,60.559847840183544,124.29442883999249,63.36131823440664,0.8912265315651894,0.9332879275083542,0.9106603339314461,0.8829839512705803,0.9181490078568458,0.8719332367181778
24.86000000033039,230.51211412538999,18.38696985446255,125.24787750338513,60.53989017130511,124.08591449527245,63.388962629109606,0.8912910744547844,0.9332975745201111,0.9106253489851951,0.8833286866545677,0.9186556369066238,0.8716673716902733
24.880000000331055,230.5681847645967,18.376296041916802,125.16671226275407,60.53585052874703,123.87459986885315,63.41751265893688,0.8914305716753006,0.933289161324501,0.9106073290109634,0.8835604608058929,0.919003514945507,0.8714711546897888
24.90000000033172,230.62743029470823,18.363485304460813,125.08079978511135,60.54887919478417,123.66062978522415,63.446952274658145,0.8916364401578903,0.9333076953887939,0.9105428487062454,0.8837151169776917,0.919165650010109,0.8712953135371208
24.920000000332383,230.6898316560325,18.348670296482954,124.98970862097171,60.57990259726938,123.44415088879273,63.47726492696764,0.8919217735528946,0.9333468377590179,0.9104381263256073,0.883776293694973,0.9191205218434334,0.8711756154894829
24.940000000333047,230.7552704386556,18.3320476979716,124.8930293672998,60.6295474615056,123.22531154338114,63.50843357578726,0.8921691805124282,0.9333598464727402,0.9102401658892632,0.8838309124112129,0.918904161453247,0.8711656957864761
24.96000000033371,230.8235069970031,18.31387306956433,124.79040911880881,60.69808672396424,123.00426173054548,63.54044069984551,0.8923258617520332,0.9333919256925582,0.9100096210837364,0.8838812798261643,0.9185756132006645,0.8712317317724227
24.980000000334375,230.8941822310914,18.2944426003183,124.68161237242646,60.78539094238469,122.78115294678578,63.57326830652702,0.8925058335065842,0.9334540456533432,0.9099237233400345,0.8838990226387977,0.9181662634015083,0.8714465856552124
25.00000000033504,230.96682848660052,18.274077939231027,124.56656388869497,60.89088905809951,122.55613809971794,63.60689794198696,0.8927900046110153,0.9334951549768448,0.9098318532109261,0.8838196113705635,0.917556257545948,0.8717294603586196
25.020000000335703,231.04087195390258,18.25312695936017,124.44536124415721,61.01354085500221,121.90279782984727,63.64131070152475,0.8931299835443497,0.9335307836532593,0.9097928404808044,0.883619599044323,0.9168060883879662,0.8720824435353279
25.040000000336367,231.11567672200079,18.231855590253318,124.31827188215344,61.15181798097077,121.02370791177529,63.67648724021129,0.8934985816478729,0.9335726529359817,0.9097856387495994,0.8833572387695312,0.9159562528133393,0.8725086778402328
25.06000000033703,231.19050228527388,18.210589352372633,124.18568939679722,61.30372065695944,121.04740249628826,63.7124077837635,0.8939137339591979,0.9336037307977676,0.9098657965660095,0.8829935535788536,0.9150431483983993,0.8730445966124535
25.080000000337694,231.26526708017101,18.189696116850516,124.04809261014451,61.466766413391596,121.07107043376847,63.749052139660414,0.8943336069583893,0.9336555600166321,0.9099545240402221,0.882545405626297,0.9139717176556587,0.873678483068943
25.10000000033836,231.33933466774292,18.169656764937965,123.90603447585256,61.63780804276554,121.09469841942492,63.786399708494194,0.8948260694742203,0.9337043136358261,0.9100494921207428,0.8819864824414253,0.9127792164683342,0.8743750438094139
25.120000000339022,231.412075396369,18.15084414517155,123.7601585543671,61.81333011941916,121.11827317092528,63.82442949555005,0.8953823998570442,0.9337388515472412,0.9101200744509697,0.8813816398382187,0.9115226596593856,0.8750971034169197
25.140000000339686,231.4830000840431,18.133625788862535,123.61121690406176,61.989706137174295,121.14178143586251,63.86312012260823,0.8959516227245331,0.933767032623291,0.9102214574813843,0.8807418793439865,0.9102713331580162,0.87585569024086
25.16000000034035,231.55166149060517,18.118338447758266,123.46006055056732,62.163349419986446,121.16520999920462,63.902449839961704,0.8965359106659889,0.9337741047143936,0.9103247851133346,0.8800686493515968,0.9089979365468025,0.8766269907355309
25.180000000341014,231.6176419112568,18.105253924965123,123.30763485261728,62.330782721234385,121.18854569072333,63.942396538642605,0.8970944225788117,0.9337774217128754,0.9104858696460724,0.8793630629777908,0.9077377408742905,0.8774056181311607
25.200000000341678,231.6805571259562,18.094599922948046,123.15496590715533,62.488659728062835,121.21177539239778,63.98293776285065,0.8976018786430359,0.9337901085615158,0.9107116848230362,0.8786723181605339,0.9065807923674584,0.8781341463327408
25.220000000342342,231.74004333532534,18.08655850449344,123.00314335914427,62.63383354612865,121.23488604578863,64.02405072257659,0.8980986058712005,0.9338051736354828,0.9109281659126282,0.8780009299516678,0.9055129289627075,0.8787757441401481
25.240000000343006,231.7957479413809,18.08125448362933,122.85327723581484,62.76346464494389,121.25786465937884,64.06571230641339,0.8985502183437347,0.933825334906578,0.9111841067671775,0.8773498371243477,0.9045764759182929,0.8792960613965988
25.26000000034367,231.8473355303668,18.078756512073518,122.7064532499021,62.875104573731356,121.28069831587676,64.10789909454824,0.8989516377449035,0.9338582813739776,0.9114211738109589,0.8767629250884056,0.9037303775548935,0.8796903192996979
25.280000000344334,231.89449697585377,18.07907473123194,122.56369609761373,62.96675165530623,121.30337417947753,64.15058737192787,0.8992226481437683,0.9339817345142364,0.9116226345300674,0.8763018578290939,0.9028643369674683,0.8802729398012161
25.300000000344998,231.93696756619536,18.08216377563611,122.42593994307774,63.03690351606528,121.32587950307858,64.19375314158972,0.8994034916162491,0.9341013967990875,0.9118528842926025,0.875969161093235,0.9024776875972748,0.880369745194912
25.32000000034566,231.97454528475734,18.087912979181063,122.29399448054068,63.08465707335246,121.34820163544546,64.23737213815187,0.8995428144931793,0.9342052787542343,0.9121099963784217,0.8756623744964599,0.9022165074944496,0.8803923338651657
25.340000000346325,232.00709500861288,18.09612902802123,122.16851873755563,63.109791204834444,121.37032802832356,64.2814198414535,0.899405574798584,0.9342974036931991,0.9123045101761817,0.8755402356386185,0.9021427959203719,0.8804181098937988
25.36000000034699,232.0345552825655,18.1065257923502,122.05000638024806,63.11280764120888,121.39224624349204,64.32587149033886,0.8992368817329407,0.9343664079904556,0.9125312775373459,0.8754424825310707,0.9022267401218415,0.8803344115614891
25.380000000347653,232.05694952190697,18.118782272393755,121.93876635992237,63.094770070574604,121.41394395975597,64.3707020965766,0.8990468293428421,0.9344128012657166,0.9127920418977737,0.87536461353302,0.9024599313735961,0.8801533669233322
25.400000000348317,232.0744113586394,18.13265227081169,121.83490140476962,63.05701716570697,121.43540897987253,64.41588645890671,0.8988414078950882,0.9344367355108261,0.9130857482552528,0.8753054440021515,0.9028368979692459,0.8798840194940567
25.42000000034898,232.08719044345747,18.147790297779277,121.73831002685255,63.0016347775156,121.45662923740772,64.46139917720731,0.8986276134848594,0.9344386935234069,0.913410697877407,0.8752631098031998,0.9033496737480163,0.8795365214347839
25.440000000349645,232.09565002543894,18.163794150311194,121.64871337083723,62.93123025174983,121.47759280351931,64.50721466677312,0.8984124734997749,0.9344199448823929,0.9137641370296478,0.8752354606986046,0.9039860546588897,0.8791246190667152
25.46000000035031,232.10030126955976,18.180295200224833,121.5656608868656,62.84856000994493,121.49828789366269,64.55330717269783,0.8982029438018798,0.9343822598457336,0.9141424849629401,0.8752199754118919,0.9047304213047027,0.8786641418933868
25.480000000350973,232.10177937405402,18.197007794954413,121.48857533737204,62.75626694298702,121.5187028742154,64.59965078435197,0.8980061903595924,0.9343277215957642,0.9145416915416718,0.8752137079834937,0.9055653125047683,0.8781700611114501
25.500000000351637,232.1007983767335,18.213816604506274,121.41680425602392,62.656518917117076,121.53882626901692,64.64621944994852,0.897829481959343,0.9342583417892456,0.9149577468633652,0.87521333694458,0.9064731016755104,0.8776547864079475
25.5200000003523,232.09810995271803,18.23060251387174,121.34966378298444,62.55141821760569,121.55864676581997,64.6929869911877,0.8977449700236321,0.934133842587471,0.9154226943850517,0.8751931801438332,0.9076541632413864,0.8768177404999733
25.540000000352965,232.09446569783637,18.247174005309073,121.28647472360075,62.44309203846188,121.57815322264955,64.73992711797294,0.8976737439632415,0.9340935468673706,0.9159392029047012,0.8752701595425606,0.9087463676929474,0.8762392774224281
25.56000000035363,232.0906009504334,18.263246972994445,121.2265911607477,62.3336641682158,121.59733467406639,64.78701344318978,0.8976428985595702,0.9340400904417038,0.9164631858468055,0.8753403663635254,0.9098779648542404,0.8756453290581703
25.580000000354293,232.08718524620366,18.27861458128936,121.16942217913916,62.22522743838656,121.61618033733109,64.83421949753911,0.897648124396801,0.9339777827262878,0.9169873923063278,0.8754028618335724,0.911018306016922,0.8750646978616714
25.600000000354957,232.08483067593752,18.29301407945919,121.11444744410498,62.11981804667479,121.63467961846557,64.88151874441685,0.8976895064115524,0.9339089840650558,0.9175088942050934,0.8754567563533783,0.9121542170643806,0.874502944946289
25.62000000035562,232.08431581801608,18.30613738027173,121.0612297622352,62.019428948865105,121.6528221182084,64.92888459483129,0.8977648586034774,0.9338361531496048,0.9180241554975509,0.8755016788840294,0.9132713839411736,0.8739675357937813
25.640000000356284,232.08548113302427,18.31763545930298,121.00942440683863,61.92609025974837,121.67059763786075,64.97629042234988,0.8978700459003448,0.9337618023157119,0.9185292243957519,0.8755377814173698,0.9143552869558335,0.8734666511416435
25.66000000035695,232.08858264790507,18.327235253680346,120.95876567772676,61.84175727972601,121.6879961850194,65.02370957806724,0.8979995474219322,0.9336884438991546,0.9190200194716454,0.8755655601620674,0.9153915226459503,0.8730087488889694
25.680000000357612,232.09369706172433,18.334712339321786,120.90906685873826,61.768273328145355,121.70500797919404,65.07111540558562,0.8981481730937958,0.9336184650659561,0.9194921821355819,0.8755854532122612,0.9163656026124954,0.8726013034582137
25.700000000358276,232.10077070414792,18.339895678155234,120.86022129081796,61.70735533898653,121.72162345730524,65.11848125599957,0.89825941324234,0.9335791617631912,0.9199254482984542,0.875650854408741,0.9173107147216797,0.8722479045391083
25.72000000035894,232.1096391363881,18.342668188216482,120.81219995176724,61.660578784312264,121.73783327906033,65.16578050287661,0.8983740508556366,0.9335517317056655,0.9203294336795806,0.8757172614336014,0.9181750074028968,0.8719542071223259
25.740000000359604,232.12004560757242,18.342966222419786,120.76504608201854,61.62936222671875,121.7536283322039,65.21298655722501,0.8985063374042511,0.9335433006286621,0.920666243135929,0.8757760912179947,0.9188347771763802,0.8717601493000984
25.760000000360268,232.1316601170496,18.34077848138021,120.71886721467897,61.614949674762414,121.76899973764033,65.26007288244067,0.8986531972885131,0.9335459470748901,0.9209619432687759,0.8758219167590141,0.9193549603223801,0.8716374650597573
25.780000000360932,232.14409890141047,18.336144485654536,120.67382503619953,61.618389872120495,121.78393885442499,65.30701300922452,0.8988084435462952,0.9335538327693939,0.9212366595864295,0.8758510679006576,0.9197858750820159,0.8715695649385452
25.800000000361596,232.15694670974054,18.329155138985183,120.6301193601103,61.64051872909447,121.79843728462181,65.35378055046206,0.8989688217639923,0.9335678875446319,0.9214875578880309,0.8758631110191345,0.9201196089386939,0.8715599358081817
25.82000000036226,232.16978598957436,18.31995925032754,120.5879598044607,61.681956533996065,121.81248687802403,65.40034921605674,0.8991324365139007,0.933588621020317,0.9217125505208968,0.8758574113249779,0.9203507661819458,0.8716092884540557
25.840000000362924,232.18221075629148,18.308761970147422,120.5475484995623,61.74306843611726,121.82607973673589,65.4466928277088,0.8992946743965149,0.9336164623498916,0.9219085037708282,0.8758353233337403,0.9204754754900932,0.8717189818620682
25.860000000363588,232.19382226427027,18.295823159479752,120.50906308975448,61.823869880105285,121.83920821961227,65.49278533363118,0.8993696957826615,0.9336549967527389,0.9220397308468818,0.8758526459336281,0.9205039650201797,0.8719187527894974
25.88000000036425,232.2041913800506,18.281451887202536,120.47264985123434,61.92398878142224,121.85186494655424,65.53860082319444,0.8994588032364845,0.933699780702591,0.9221460625529289,0.8758411213755607,0.920419904589653,0.8721699327230453
25.900000000364916,232.213360252063,18.265990302802773,120.43842576795784,62.042683737087025,121.86404280265765,65.58411354149226,0.8995610535144806,0.9337511360645294,0.9222257375717163,0.8758003383874893,0.920219686627388,0.8724735096096993
25.92000000036558,232.22101890621565,18.249799838104515,120.40648109189654,62.17887096168075,121.87573494221273,65.62929790381936,0.8996852487325668,0.9338306903839111,0.9222061038017273,0.8757396668195724,0.9197168797254562,0.8728955283761024
25.940000000366243,232.2268592659901,18.233148538259016,120.37688064470875,62.331152484348074,121.88693479255245,65.67412851005389,0.8998296990990639,0.9339182913303375,0.9221506625413894,0.8756493121385575,0.9190787687897682,0.8733667254447937
25.960000000366907,232.23071227566732,18.216370268880006,120.34965732080103,62.497720973224546,121.8976360577472,65.71858015893581,0.8999907791614532,0.9340139389038086,0.9220593199133873,0.875530794262886,0.9183088630437851,0.8738891169428825
25.98000000036757,232.23248628787002,18.19998233309211,120.32479095675619,62.6760917399842,121.9078327221441,65.76262786223377,0.900168189406395,0.9341162919998168,0.921935361623764,0.875385069847107,0.9174206584692001,0.8744546338915825
26.000000000368235,232.23215228173967,18.18447226773589,120.302215366492,62.86357837271259,121.91751905374856,65.80624685879204,0.9003619611263275,0.9342234909534454,0.9217830657958984,0.8752134263515472,0.9164317637681961,0.8750517830252648
26.0200000003689,232.22973219339704,18.170245623325226,120.28182460206027,63.05743799150106,121.92668960744662,65.8494126284498,0.9005711644887924,0.9343337118625641,0.921607269346714,0.8750180184841155,0.9153620451688766,0.8756681323051453
26.040000000369563,232.2252865928414,18.157650495134657,120.26346021924698,63.25475951066534,121.9353392280658,65.89210090582512,0.9007350608706474,0.9344723284244537,0.9213951647281646,0.8748583287000656,0.9142829880118369,0.8762888714671134
26.060000000370227,232.21890180587445,18.14698097623176,120.24691907130472,63.45249563157826,121.94346305327302,65.93428769395545,0.900868098437786,0.9346295684576035,0.9211572617292404,0.8747202530503273,0.913201467692852,0.8769012600183487
26.08000000037089,232.21067699857852,18.138482668648926,120.23196612875678,63.64752044055201,121.95105651630804,65.97594927778754,0.9008937180042267,0.9347922801971436,0.9208672478795051,0.8746420577168464,0.9121272429823876,0.8775383472442627
26.100000000371555,232.20070737544344,18.132359937020112,120.21834691956029,63.836691424503265,121.95811534855055,66.01706223750854,0.900892385840416,0.9349544465541839,0.9205647528171539,0.8745739966630935,0.911072652041912,0.8781501770019531
26.12000000037222,232.18907701634868,18.1287801664605,120.20580009412214,64.01692627526519,121.96463558191977,66.05760346171145,0.9008704721927643,0.9351135194301605,0.9202593386173248,0.8745124489068985,0.9100549280643463,0.8787234276533127
26.140000000372883,232.17586016415908,18.127876961119988,120.19406567968966,64.18529815757901,121.9706135511051,66.09755016038703,0.9007486015558243,0.9352959811687469,0.9199026942253112,0.8744625955820083,0.9088548451662063,0.879589070379734
26.160000000373547,232.161138882942,18.12975838210552,120.18287634173754,64.33915464818163,121.97604589562653,66.13687987773497,0.9006936341524124,0.935438334941864,0.9196197658777236,0.8744174987077713,0.9079975262284279,0.8800134271383285
26.18000000037421,232.14502186380136,18.13451290365159,120.171950058782,64.47620526330748,121.98092956172374,66.17557050478744,0.9006102085113525,0.9355728566646576,0.919348330795765,0.8743831038475036,0.9072097122669219,0.8803949892520905
26.200000000374875,232.12767248440352,18.142216420915513,120.160978641854,64.59455399899562,121.98526180407275,66.21360029183738,0.9005088120698929,0.9356945574283599,0.9191014736890792,0.8743594825267792,0.9065311223268508,0.8806882262229919
26.22000000037554,232.10930852468115,18.152916127070167,120.14963939539165,64.69276499493884,121.98904018732914,66.25094786066508,0.9003904551267624,0.9358018279075623,0.9188839063048363,0.8743471711874008,0.9059709787368774,0.880889731645584
26.240000000376202,232.09019624948132,18.166655914947924,120.13760992108291,64.7697813069004,121.99226258749712,66.28759221655571,0.9002571851015091,0.935893103480339,0.9186999917030334,0.8743464559316635,0.9055377930402756,0.880995973944664
26.260000000376866,232.07065217974963,18.18353430940698,120.12457633306678,64.82471120262161,121.99492719312353,66.32351276010147,0.9001117065548897,0.9359670788049698,0.918553265929222,0.8743573188781738,0.9052375510334968,0.8810055673122406
26.28000000037753,232.0510112340116,18.20348411973576,120.11026103702363,64.8574754670501,121.99703250631605,66.35868929878137,0.8999578505754471,0.9360226094722748,0.9184469163417815,0.8743793800473213,0.9050752460956574,0.8809172913432121
26.300000000378194,232.03161230271922,18.22627757332868,120.09443404494586,64.86878315391746,121.99857734358535,66.39310205831237,0.8997989967465401,0.9360591411590576,0.9183825254440308,0.8744120940566062,0.9050512492656707,0.8807355403900147
26.320000000378858,232.01278794986737,18.251521139177083,120.0769181211046,64.85997318807006,121.99956083651031,66.42673169376532,0.8996379747986794,0.936076682806015,0.9183600172400475,0.8744547501206398,0.9051614075899124,0.8804698899388314
26.340000000379522,231.99488595850346,18.278720745018635,120.05759118496567,64.83287247965183,121.99998243222619,66.4595593004397,0.8994773015379905,0.9360758781433105,0.9183781400322913,0.8745064318180084,0.9053979247808456,0.8801336526870728
26.360000000380186,231.97849248377065,18.307455524195706,120.0363859948939,64.78966591508323,121.99984189373544,66.49156642449064,0.8993194043636322,0.9360577821731567,0.9184344261884689,0.8745660349726677,0.9057498127222061,0.8797423988580704
26.38000000038085,231.96387507388414,18.337189395366956,120.01328770866517,64.73277995340464,121.99913930004097,66.52273507330281,0.8991670951247215,0.9360237896442413,0.9185251832008362,0.8746321603655814,0.9062035977840424,0.879311703145504
26.400000000381514,231.95087039803335,18.367391213856582,119.98832994163453,64.66464371684516,121.99787504610163,66.5530477256047,0.8990234851837158,0.9359756618738174,0.9186461687088012,0.8747032076120377,0.9067438930273056,0.8788568362593651
26.420000000382178,231.9397367520952,18.39775114659684,119.96158970971788,64.58730378242197,121.99604984261032,66.58248734131821,0.8988920658826828,0.9359154731035232,0.9187933593988419,0.8747773438692092,0.9073551103472709,0.8783907890319824
26.44000000038284,231.93063592264465,18.427999789718942,119.93318160707382,64.50278213386741,121.99366471559438,66.61103737113758,0.8987775355577469,0.9358451455831528,0.9189633935689926,0.8748524367809295,0.9080234318971634,0.8779214471578598
26.460000000383506,231.92368713158635,18.457813213668118,119.90325168493746,64.41315436144322,121.99072100583884,66.63868176583252,0.8986850887537002,0.9357664316892623,0.9191522300243378,0.874926309287548,0.9087353214621544,0.877453352510929
26.48000000038417,231.91896953778533,18.486844278597506,119.87197131800698,64.32051196035283,121.98722036813271,66.66540498527011,0.8986951738595962,0.9356526345014572,0.9194110319018364,0.8749931052327156,0.9097147703170776,0.8766742914915084
26.500000000384833,231.9165225269648,18.51473743478094,119.83953116340196,64.22692304326168,121.98316477033879,66.6911920071507,0.89865110963583,0.9355649709701538,0.9196216344833373,0.8750593557953834,0.9104565620422364,0.8762495189905166
26.520000000385497,231.9163459344946,18.541125581650498,119.80613546834083,64.13439471323699,121.97855649228734,66.71602833545256,0.8986419185996055,0.9354727476835251,0.9198450177907943,0.8751192852854729,0.9112207949161529,0.8758161678910256
26.54000000038616,231.91841690460788,18.565619767882485,119.7719968113404,64.04483956363305,121.97339812449464,66.73990000858069,0.8986583113670349,0.9353804618120193,0.9200707703828811,0.8751728177070618,0.9119713440537452,0.8754097372293472
26.560000000386825,231.92266820684748,18.58795676817223,119.7373310908205,63.96004886171448,121.96769256670657,66.7627936072153,0.8986980482935906,0.9352899014949798,0.9202952355146408,0.8752195909619331,0.9126966804265976,0.8750347331166267
26.58000000038749,231.92897069725478,18.60788211277588,119.7023574213467,63.881712893596934,121.96144302626871,66.78469626185543,0.8987579464912414,0.9352029532194137,0.9205140680074692,0.8752594798803329,0.9133838802576065,0.8746973246335983
26.600000000388153,231.93714056620544,18.625145948598306,119.66730349424253,63.811502923785504,121.95465301632322,66.80559566005334,0.8988345995545387,0.9351213067770004,0.9207230478525161,0.8752924263477325,0.9140207976102829,0.8744029656052589
26.620000000388817,231.9469625062319,18.63955592294282,119.63239116224376,63.750901966760274,121.94732635383403,66.82548005333607,0.8989249497652053,0.9350466251373291,0.9209179684519767,0.8753183498978615,0.9145953759551048,0.8741567209362984
26.64000000038948,231.95819501655728,18.650986983923374,119.5978328279639,63.70117086194442,121.93946715744107,66.84433826380955,0.8990265876054764,0.9349804639816284,0.9210952132940292,0.8753370493650436,0.9150968417525291,0.8739623814821244
26.660000000390145,231.97057263565856,18.659379771749226,119.56383009592496,63.66334929829545,121.9310798451451,66.8621596904424,0.8991372957825661,0.9349241465330124,0.9212514162063599,0.8753484085202217,0.9155158564448357,0.8738226026296615
26.68000000039081,231.9838100943058,18.664738197009534,119.53057184335572,63.63825397642415,121.92216913182409,66.87893431502508,0.8992548882961273,0.934878808259964,0.9213837072253227,0.8753523781895637,0.9158447667956352,0.8737390875816345
26.700000000391473,231.99760808675805,18.667125785445073,119.49823187810897,63.626476289401225,121.91274002658281,66.89465270780165,0.8993771523237228,0.9348453164100646,0.9214895159006119,0.8753490075469017,0.9160774037241936,0.8737128868699073
26.720000000392137,232.01166022682955,18.666661099060413,119.46696615323944,63.628378963390126,121.90279782993697,66.90930603277064,0.8995019733905792,0.9348243504762649,0.9215668082237244,0.8753384619951248,0.9162095695734024,0.8737441971898079
26.7400000003928,232.02566050457904,18.66351251115275,119.43690963301319,63.64409160555,121.89234813083357,66.92288605265215,0.9005005598068238,0.9351325988769531,0.9219954654574394,0.8750526815652847,0.9158008724451064,0.8736444368958473
26.760000000393465,232.03931060518772,18.657892508501895,119.40817305643957,63.67350602299887,121.88139680350912,66.93538513351832,0.9022944077849387,0.9362080305814743,0.9228694140911102,0.8750004276633262,0.9145021736621857,0.8737938895821571
26.78000000039413,232.05232672434528,18.650051647125757,119.38083976307115,63.71627252913102,121.86995000418749,66.94679624908484,0.9037341997027397,0.9369175910949706,0.9238774329423904,0.8750345364212989,0.9135605975985527,0.8745455116033554
26.800000000394792,232.06444568540672,18.64027231629641,119.35496277688557,63.77179852116748,121.85801416761915,66.95711298466061,0.9051162302494049,0.9374968230724334,0.9251633822917938,0.8749413296580314,0.9128605499863625,0.8756129950284958
26.820000000395456,232.0754302457455,18.62886238546004,119.33056231461013,63.83925069883646,121.84559600346401,66.96632954075379,0.9061533600091934,0.9382449984550476,0.9263222932815551,0.8747150987386704,0.9121944680809975,0.8763540402054787
26.84000000039612,232.08500476916066,18.61617784497949,119.30766931410099,63.91751933369822,121.83270249251956,66.97444073633191,0.9066877275705337,0.9389784753322601,0.9277552723884582,0.8743826791644096,0.9117049157619476,0.8772175639867782
26.860000000396784,232.09255683057054,18.602794398553716,119.2865096385401,64.0049831408686,121.81934088279668,66.98144201173437,0.907377390563488,0.9395624816417694,0.9289293110370636,0.8739498555660248,0.9111661225557327,0.8778091073036194
26.880000000397448,232.09696919815784,18.589807578126525,119.26760313705228,64.09899161433773,121.8055186854452,66.98732943123565,0.9082292333245278,0.9402922928333283,0.9299691677093506,0.8736160457134247,0.9105822950601578,0.878319451212883
26.900000000398112,232.09682862344783,18.57884953495459,119.25181492895305,64.19544425900467,121.79124367053156,66.99209968525768,0.9092171758413314,0.9409326702356339,0.9313005983829498,0.8731764182448387,0.9103802531957627,0.8786929443478584
26.920000000398776,232.0906147857438,18.571694457090818,119.24046729050366,64.28971326728663,121.77652386267093,66.99575009223044,0.9105567425489426,0.9414782226085663,0.9329959869384765,0.8725605115294456,0.9105670645833015,0.8787258327007293
26.94000000039944,232.07693227382896,18.569938240710858,119.23534777599113,64.37768054617833,121.76136753651618,66.99827860009923,0.9109673440456391,0.9419583112001418,0.9345824509859085,0.8722854599356651,0.9110377788543701,0.879344967007637
26.960000000400104,232.05468115047307,18.57488102033324,119.238794148709,64.45604280700375,121.74578321210637,66.99968378747829,0.9112279385328292,0.9422226428985595,0.9356912404298782,0.8721043303608894,0.9112543538212776,0.8805010259151459
26.980000000400768,232.02301872166572,18.587372891218006,119.25349735932667,64.52259399895347,121.72977965007725,66.9999648644499,0.9107039913535118,0.9422616958618164,0.9357882380485535,0.8723462522029877,0.9112269148230553,0.8816574424505234
27.000000000401432,231.98126199851276,18.607881697402977,119.28236597015677,64.57616837017548,121.7133658467365,66.99912167300826,0.9098621353507041,0.9424233078956604,0.936840558052063,0.8726583495736122,0.9122091576457023,0.8829103156924247
27.020000000402096,231.9287489047526,18.63649132109122,119.32883255630931,64.61670539947607,124.79644732944004,66.99715468714847,0.9090954169631004,0.9425065457820893,0.9376672685146331,0.8729177370667457,0.9130754753947258,0.8841564074158669
27.04000000040276,231.86475173703502,18.67294793622654,119.39720890991575,64.64514507111424,132.82049232372435,66.99406501259999,0.9082560509443283,0.9425185710191727,0.9384782165288925,0.8732299908995628,0.9140760287642479,0.8855533957481384
27.060000000403424,231.78878875517512,18.716971934410058,119.49237707016644,64.66220962654064,132.64105606537814,66.98985438620508,0.9075242772698402,0.9424697905778885,0.9386792480945587,0.8735359415411948,0.9145632207393646,0.8864664912223815
27.080000000404088,231.70084219918695,18.76848357958427,119.61874174077762,64.66761701598232,132.46176261447684,66.98452517494245,0.9069482326507569,0.9422293841838837,0.9386876076459885,0.8737646400928497,0.915216226875782,0.8868499040603638
27.10000000040475,231.6015726170593,18.827524294792305,119.77913754009442,64.66047161321717,132.28268330371935,66.97808037459669,0.9061464577913284,0.941840124130249,0.9384040266275405,0.87392830401659,0.9157303884625435,0.8868207573890686
27.120000000405415,231.49221396686164,18.893919939094626,119.97595200914981,64.63997069627267,132.103889380608,66.97052360807415,0.9050568103790283,0.9415189921855927,0.93859124481678,0.8740710109472275,0.9166036173701286,0.8867395982146263
27.14000000040608,231.37444744446216,18.96729964633106,120.21122194734532,64.60567594243565,131.9254519791023,66.96185912336641,0.9039292186498642,0.9409906595945358,0.9385061740875243,0.8741022050380707,0.9171709850430488,0.8864719226956367
27.160000000406743,231.25019580779536,19.047238430339423,120.48638418481964,64.55763991134792,131.7474420913181,66.9520917911623,0.9030685961246491,0.9406495451927185,0.9387557804584503,0.8741033494472503,0.9180532306432724,0.8855892300605773
27.180000000407407,231.12188288298597,19.132594408327314,120.80141665241682,64.49715434452591,131.569930539283,66.9412271021098,0.9026799485087394,0.9403654187917709,0.9389004409313202,0.8740419045090675,0.9191087737679481,0.8838597729802131
27.20000000040807,230.9922075612711,19.221410753308216,121.154587771257,64.42733009960017,131.3929879467595,66.92927116372958,0.9018867433071136,0.940117609500885,0.9377110332250594,0.8741141006350517,0.9191490560770035,0.8822167009115219
27.220000000408735,230.862570454294,19.311456453260465,121.5426300523801,64.35275985740995,131.216684711147,66.91623069698163,0.9006841614842415,0.93993661403656,0.9362180262804031,0.8742661237716675,0.9189127936959266,0.8806568935513496
27.2400000004094,230.7352728700943,19.40038189495021,121.9617445924823,64.27823427471911,131.04109097547396,66.90211303248718,0.8997972309589386,0.9395255118608474,0.9341173291206359,0.8745110228657722,0.9183413624763489,0.8796385571360588
27.260000000410063,230.61248630162035,19.48632115565903,122.40780121732628,64.20715919532486,130.86627660049106,66.88692610640777,0.8991334289312363,0.9391412228345871,0.9324280917644501,0.874806959927082,0.9183628916740417,0.8787077590823174
27.280000000410727,230.49604947252632,19.56764021522025,122.87697872922844,64.1428724655655,130.69231113687687,66.87067845598402,0.8983021944761276,0.9385790318250656,0.9308384448289871,0.875073030591011,0.9183948546648025,0.8781479507684707
27.30000000041139,230.38736775040167,19.642867231693607,123.36529142690593,64.08907751777237,130.5192637975668,66.85337921473646,0.8975057080388069,0.9380005955696106,0.9291789442300796,0.8753326773643494,0.9183472007513046,0.8776405707001685
27.320000000412055,230.28784261223575,19.710554780700683,123.86666621313356,64.04905942320643,130.34720343021644,66.83503810733121,0.8967153862118721,0.9374404966831207,0.9274740785360336,0.8756967917084694,0.9185426309704781,0.8768812015652656
27.34000000041272,230.19906231909846,19.769472807235427,124.37278852899243,64.02521547913577,130.17619848981013,66.81566544411325,0.8955027148127556,0.9371079385280608,0.9255266427993775,0.876483541727066,0.9187165141105652,0.8765311509370803
27.360000000413383,230.1225594983151,19.818711096323216,124.87359811086006,64.01883976628862,130.00631701142592,66.79527211531054,0.8944282799959182,0.9367669850587844,0.9235634312033653,0.8772228702902793,0.9187327459454536,0.8762356519699096
27.380000000414046,230.05963912283082,19.85781725869618,125.35884100964043,64.03048410710288,129.8376265831675,66.77386958491222,0.8935148358345032,0.9364242434501647,0.9216074883937836,0.8778887465596199,0.9185444280505181,0.8760233506560325
27.40000000041471,230.01126631720965,19.886476567472098,125.81908005387719,64.06005506360422,129.6701943192739,66.75146988422408,0.8927955389022827,0.9360818415880203,0.9196925789117812,0.8784503921866417,0.9181362226605415,0.8758833572268486
27.420000000415374,229.9781076095248,19.904539933436073,126.2461562228782,64.10693806818941,129.50408683341792,66.72808560510529,0.8922882437705993,0.9357431858777999,0.9178491726517677,0.8788848295807838,0.9175014019012451,0.8758111879229545
27.44000000041604,229.96056087108357,19.912038930746046,126.63340220004272,64.17028198006612,129.33937021220348,66.70372989289001,0.8919958740472793,0.9354122370481491,0.9161023437976837,0.8791794031858444,0.9166446998715401,0.8758061364293098
27.460000000416702,229.9588705874046,19.909278062420977,126.97563473144666,64.24899418558667,129.17610998887278,66.6784164389977,0.8919110804796219,0.9350976139307022,0.914477814733982,0.8793394148349761,0.9155891612172127,0.875867773592472
27.480000000417366,229.97308414821651,19.896800628308473,127.26928094692208,64.34168858335096,129.01437111723365,66.65215947323668,0.8922272101044655,0.9350399553775787,0.9133561953902244,0.879762090742588,0.9148215219378472,0.8757000505924225
27.50000000041803,230.00298501270348,19.875327908583923,127.51244850722065,64.44663121222496,128.85421794581737,66.62497375580487,0.8926639497280121,0.9349773973226547,0.9123128652572632,0.8800234854221344,0.9138183265924453,0.8756811410188675
27.520000000418694,230.0480480971146,19.845705927061182,127.70488679131712,64.56170549032113,128.6957141922773,66.59687456899245,0.8931906640529632,0.9349091708660126,0.9113554686307906,0.8801380068063736,0.9126366347074508,0.8757893145084381
27.540000000419358,230.10741866391982,19.80886192721958,127.84785727027317,64.6844093310269,128.53892291803854,66.567877708591,0.8937709778547287,0.9348399609327316,0.9104836791753769,0.8801286906003952,0.9113134115934372,0.8760275438427925
27.560000000420022,230.17991434464764,19.76577824312702,127.94393409484326,64.81188999257846,128.38390650320872,66.53799947501398,0.8943735763430595,0.9347738087177276,0.90969720184803,0.8800184741616249,0.9098884165287018,0.8763904824852943
27.580000000420686,230.26402496442824,19.71751992022772,127.99673488860056,64.94108962505959,128.23072662175966,66.5072566641336,0.894972513616085,0.9347138434648513,0.9089946955442428,0.8798292890191078,0.9084014177322387,0.8768661096692085
27.60000000042135,230.3579128514393,19.665050572765317,128.0105719403071,65.06906967963867,128.0794442169902,66.47566655783908,0.895545420050621,0.9346624881029129,0.9083740502595902,0.8795822888612747,0.9068913340568542,0.8774382203817367
27.620000000422014,230.45959990147048,19.609292914729618,127.99018903784592,65.19302086010707,127.93011947727969,66.44324691432169,0.896073117852211,0.9346217632293701,0.9078323781490326,0.8792974069714546,0.905393847823143,0.8780891120433807
27.640000000422678,230.56697889381246,19.551365739132233,127.940546005136,65.30992679443442,127.78281181214163,66.41001595809222,0.8965396478772163,0.9345932155847549,0.9073663622140884,0.8789928555488586,0.9039409846067429,0.8787998348474503
27.66000000042334,230.677867664156,19.492748917182716,127.86662988802425,65.41591267754637,127.63757982858743,66.37599236973605,0.896934214234352,0.9345770418643952,0.9069720149040222,0.878683851659298,0.9025617480278015,0.879546383023262
27.680000000424005,230.78960658913712,19.434763561514483,127.7776669425459,65.5075283420659,127.49448130780937,66.34119527541203,0.8972521096467971,0.9345715701580047,0.9066468551754951,0.8783816561102867,0.9012849897146225,0.8802964627742768
27.70000000042467,230.89927971234155,19.378488077862183,127.6858439838777,65.58204725502586,127.35357318219198,66.30564423610082,0.8973799481987953,0.934633108973503,0.9063407704234123,0.8781652018427849,0.8999570503830909,0.8813777685165405
27.720000000425333,231.00550189364444,19.324652416763485,127.59207582672735,65.63739328918382,127.21491151266136,66.26935923660876,0.8974654972553253,0.9346465557813645,0.9061225235462188,0.8779627710580825,0.8990243703126907,0.8820209264755249
27.740000000425997,231.10718320810133,19.273807140505017,127.49695790484063,65.67206210516946,127.07855146638103,66.23236067433362,0.897420910000801,0.9346756398677826,0.9059434056282043,0.8778318703174591,0.8982560783624649,0.8826212272047996
27.76000000042666,231.2034452929492,19.22643260480308,127.40112004479668,65.68505570082326,126.9445472948034,66.19466934779823,0.8972862005233765,0.9347097843885421,0.9058107167482375,0.8777531608939171,0.8976641058921814,0.8831168636679649
27.780000000427325,231.29361633161287,19.182943519816455,127.30519098372864,65.67584284534226,126.81295231208568,66.15630644495873,0.8970910608768463,0.9347447603940964,0.905724823474884,0.8777139738202094,0.8972368612885475,0.8834908261895179
27.80000000042799,231.37726556045354,19.14372564763144,127.20976181395172,65.64421087637253,126.68381887387851,66.11729353129395,0.896862143278122,0.9347768753767013,0.9056869149208069,0.8777025833725929,0.8969640403985977,0.8837308079004288
27.820000000428653,231.4542134313573,19.109170913903444,127.11534394516836,65.590028998268,126.55719835649609,66.07765253768244,0.8966294527053833,0.9347480952739715,0.9057520568370819,0.8777009293437004,0.8969307988882065,0.8838136926293373
27.840000000429317,231.52454268072023,19.079301382585637,127.02235109631818,65.51390344360237,126.43314113647585,66.03740574807415,0.8963990330696106,0.9347050726413727,0.9058686882257462,0.8777115643024445,0.8970442742109298,0.8837588056921959
27.86000000042998,231.58856342035068,19.054127306422142,126.93108137590275,65.41716193888942,126.31169657053597,65.9965757869637,0.8961752384901046,0.9346682012081146,0.9060114040970803,0.8777355700731277,0.8972604960203171,0.8835810869932175
27.880000000430645,231.64749835778494,19.03332562488454,126.84171137173172,65.3017122718322,126.1929129759385,65.95518560667212,0.895958936214447,0.9346382766962051,0.9061724215745925,0.8777742117643356,0.8975696340203285,0.8832978993654251
27.90000000043131,231.7018371181408,19.016371738844338,126.75430219161598,65.16991785459284,126.07683761126621,65.9132584744443,0.8957419365644455,0.9346177041530609,0.9063428983092308,0.8778335243463516,0.8979626178741454,0.8829350277781486
27.920000000431973,231.7523393075685,19.00274261896533,126.66881397610034,65.02448499914014,125.96351665762053,65.87081795936953,0.8955166086554527,0.9346089243888854,0.9065156191587448,0.877918840944767,0.8984301581978797,0.8825174078345298
27.940000000432637,231.79986846195496,18.9918026812978,126.58512634939457,64.868367460175,125.85299520024815,65.8278879191322,0.8952886521816253,0.9346123844385147,0.9066876962780952,0.8780272915959358,0.8989580258727073,0.882061843574047
27.9600000004333,231.8453046282061,18.982907842555047,126.50305785262157,64.70443798923189,125.74531721060367,65.78449248660036,0.8950639858841896,0.9346281826496124,0.9068565547466277,0.8781551480293274,0.8995301768183708,0.8815857648849487
27.980000000433964,231.88949142715325,18.97561163226868,126.42238289870558,64.53489618823998,125.64052552885546,65.74065605625962,0.89485574811697,0.9346142530441284,0.9070629999041557,0.8782906040549278,0.900204649567604,0.8810920372605323
28.00000000043463,231.93320487967839,18.96950204791833,126.34284579349703,64.36173151087964,125.53866184684134,65.69640327049989,0.8946741312742233,0.9345524817705154,0.9073237195611,0.8784245625138283,0.9009983196854591,0.8805867582559586
28.020000000435292,231.977033046809,18.964165545569532,126.26502338926916,64.18685371511748,125.4397666914814,65.65175900576278,0.894520092010498,0.9344861775636673,0.9075927183032035,0.8785574615001678,0.9018185168504714,0.880089758336544
28.040000000435956,232.02149930421513,18.959206326229715,126.18924588056244,64.01206904614216,125.34387940865417,65.60674835855755,0.8943968176841736,0.9344157785177231,0.9078670367598534,0.8786856576800346,0.902653506398201,0.8796039432287216
28.06000000043662,232.06714751214722,18.95426401137658,126.11485598222099,63.83905643021673,125.2510381475427,65.56139663135315,0.8943925708532333,0.9342853248119354,0.9081852808594704,0.8787525475025176,0.9036928623914718,0.8787901252508163
28.080000000437284,232.11441668087198,18.94902384539332,126.04123683926618,63.66934884303664,125.16127984545669,65.51572931835463,0.8943303167819977,0.9342132985591888,0.9084600687026977,0.8788645341992378,0.9045068234205246,0.8783665105700492
28.100000000437948,232.16363852553053,18.9432057230784,125.96782622097001,63.50433266555959,125.07464021313686,65.46977209117178,0.894314831495285,0.9341347634792327,0.9087396711111069,0.8789532974362373,0.9053118258714675,0.8779386937618255
28.120000000438612,232.2150359980826,18.93655058965723,125.89412842008262,63.34525459752027,124.99115372054725,65.42355078438787,0.894337299466133,0.9340561747550964,0.9090183570981025,0.8790215462446213,0.906078115105629,0.8775418609380722
28.140000000439276,232.26872514741606,18.92882801608664,125.81972063582297,63.19321725807337,124.9108535831612,65.37709138103699,0.8943972378969193,0.9339783370494842,0.9092955321073531,0.8790667146444321,0.9067967504262924,0.8771781042218209
28.16000000043994,232.32471310961893,18.919834488057752,125.7442600077149,63.049210931015025,124.83377174874643,65.33041999799781,0.8944920629262924,0.9339026361703873,0.9095703557133674,0.8790878057479858,0.9074588760733604,0.8768521666526794
28.180000000440604,232.38288678137874,18.90938655500971,125.66749413078033,62.91419713908613,124.75993888465446,65.28356287131209,0.8946188956499099,0.9338302701711655,0.9098417192697524,0.8790843725204468,0.9080568701028824,0.8765679106116294
28.200000000441268,232.44304925129254,18.897253052387736,125.58924334871972,62.788972875948105,124.68938436561949,65.23654634143632,0.8947745710611343,0.9337623834609985,0.9101085051894188,0.879056490957737,0.9085840493440628,0.8763291671872139
28.22000000044193,232.50496603942565,18.883310106566444,125.5093965572673,62.6741504261897,124.62213626207154,65.18939683843453,0.8949550032615662,0.933700031042099,0.9103695958852768,0.8790049701929092,0.9090354382991791,0.8761394545435905
28.240000000442596,232.56833160497015,18.867523605984136,125.42790924862435,62.570166757626026,124.55822132896841,65.14214086712083,0.8951553106307983,0.9336442321538925,0.9106239050626754,0.8789314642548561,0.9094079524278641,0.8760015532374382
28.26000000044326,232.63278785162768,18.84991599733179,125.34479996151694,62.4772895971928,124.4976649951513,65.09480499215984,0.8953717559576034,0.9335957556962967,0.9108704447746276,0.8788371711969375,0.9096993118524551,0.8759164601564408
28.280000000443923,232.69794137209124,18.83056194562845,125.26014549676282,62.39562245387125,124.4404913532276,65.04741582313353,0.8956019565463066,0.9335551917552948,0.9111088126897812,0.8787226811051368,0.9099079877138138,0.8758838176727295
28.300000000444587,232.76337693407578,18.809584140587372,125.17407502300465,62.32510851579192,124.38672314998568,64.99999999958284,0.8958438873291016,0.9335228443145752,0.9113386064767838,0.8785886332392693,0.910033667087555,0.8759023740887641
28.32000000044525,232.82866575351107,18.787152551049235,125.08676327066722,62.265533692466484,124.33638177734498,64.95258417603239,0.8960956484079361,0.9334988743066788,0.9115595310926438,0.8784358099102973,0.9100771188735962,0.8759702876210212
28.340000000445915,232.89335988790543,18.763504641284026,124.99842293835803,62.21652953749831,124.28948726384505,64.90519500700678,0.8963553175330162,0.9334832549095153,0.9117715552449226,0.8782651990652084,0.9100405424833298,0.8760851755738258
28.36000000044658,232.95704701652147,18.738769128597045,124.90929650203292,62.1775770558069,124.2460582666772,64.85785913204695,0.8966209322214126,0.9334758073091507,0.9119747370481491,0.8780779942870139,0.9099272236227989,0.8762443780899047
28.380000000447243,233.01933801410894,18.71314828372545,124.81964799132355,62.14801223675077,124.20611206426159,64.8106031607349,0.8968434661626815,0.9334782928228378,0.9121507033705711,0.8779097616672515,0.9097491294145584,0.8764647662639617
28.400000000447907,233.0798485914107,18.68690077239336,124.72975526791062,62.127034022239116,124.16966454937298,64.76345365773523,0.8970577210187912,0.933488404750824,0.9123147472739219,0.8777346804738044,0.9095071002840995,0.8767258748412132
28.42000000044857,233.13821773750405,18.66029857418705,124.6399030013054,62.11371570703658,124.13673022281769,64.71643712786202,0.8972864151000977,0.9335048019886016,0.9124771907925605,0.8775365009903907,0.9092029333114624,0.8770141944289207
28.440000000449235,233.1941154713667,18.633638838736765,124.5503763961162,62.10702045900548,124.10732218766438,64.66958000117934,0.8975275680422783,0.9335269212722778,0.9126385971903801,0.8773172661662102,0.9088435128331184,0.8773258268833161
28.4600000004499,233.2472395559897,18.607181840544676,124.46145567338246,62.10582159853615,124.08145214403099,64.62290861814365,0.8977792844176292,0.9335540652275085,0.9127999812364578,0.8770791351795196,0.9084371089935303,0.8776557609438896
28.480000000450563,233.29736338552163,18.581201451058078,124.37340860860438,62.10869493119208,124.05913038442971,64.57644921479674,0.8980400443077087,0.9335852593183517,0.9129620850086212,0.8768241554498672,0.9079922333359718,0.8779983326792716
28.500000000451227,233.3443206444375,18.556270176432985,124.28647672022369,62.11347327985705,124.04036578967214,64.53022790801724,0.8983083635568618,0.9336193591356278,0.9131264373660087,0.8765544593334198,0.9075192660093307,0.8783463537693024
28.52000000045189,233.38799805668788,18.532852720117152,124.20087218484515,62.1181834552465,124.02516582533598,64.48427068083926,0.8985845774412154,0.9336540758609772,0.9132953137159348,0.8762712582945823,0.9070320785045624,0.8786868467926979
28.540000000452554,233.42833264725613,18.51124796612948,124.11678294103561,62.12124973320388,124.0135365387948,64.43860336784608,0.898868042230606,0.933687487244606,0.9134708821773528,0.8759764343500137,0.90654386729002,0.8790086224675179
28.56000000045322,233.46530015248936,18.491630166111868,124.03437779159118,62.12141564162154,124.00548255681213,64.39325164064746,0.8990958511829376,0.9337470144033432,0.9136366695165634,0.8757340654730796,0.9061171770095825,0.8793011486530303
28.580000000453882,233.49890172054873,18.47409530907758,123.95381004935162,62.11765741227697,124.00100708370059,64.34824099344844,0.8991687893867493,0.9338796317577361,0.9137485757470131,0.8755926191806793,0.9055561795830727,0.8799054101109505
28.600000000454546,233.5291550454634,18.458688248955223,123.87521996545108,62.10911398267976,124.00011190004712,64.30359672871802,0.8992605075240135,0.9339624315500259,0.9138893246650696,0.8754536673426628,0.9052683919668197,0.8801315560936928
28.62000000045521,233.55611394592395,18.445359471769706,123.79873627129221,62.095046623016685,124.00279736200454,64.25934394296539,0.8993320286273956,0.9340446591377258,0.9140349641442299,0.87532077729702,0.9049991965293884,0.8803556948900223
28.640000000455874,233.5798318012105,18.43407839630331,123.72447726555386,62.07483250180908,124.00906240114982,64.21550751263219,0.8993892222642899,0.9341214507818222,0.9141907647252082,0.8751922860741616,0.904773336648941,0.8805464625358581
28.660000000456538,233.60035985025587,18.424802670863976,123.65254743899642,62.04798334772442,124.01890452490922,64.17211208010832,0.8994316101074219,0.9341923147439957,0.9143575623631477,0.8750690028071403,0.904593101143837,0.880706375837326
28.680000000457202,233.61777915521856,18.417522469068633,123.58301640842024,62.014051263918574,124.0323198175499,64.12918203987938,0.8994606226682663,0.9342565447092056,0.9145364344120025,0.8749510169029235,0.9044614225625992,0.8808348536491394
28.700000000457866,233.63224276567112,18.412347948844502,123.51589499778291,61.97241071025829,124.04930294173786,64.08674152481343,0.8994791120290756,0.9343133717775345,0.9147285029292106,0.8748377382755279,0.904380714893341,0.880930121243
28.72000000045853,233.64397123381804,18.40929575262662,123.45114361495166,61.922841904557245,124.06984714066144,64.04481439259486,0.8995101943612098,0.934380355477333,0.9149641573429107,0.8747545138001441,0.9043884083628654,0.8809597998857498
28.740000000459194,233.65324960144747,18.408285292608543,123.38868521583547,61.86552106119334,124.09394424071947,64.00342421231294,0.899577160179615,0.9344772547483444,0.9152754321694374,0.8747289121150971,0.9045211151242256,0.8808947294950485
28.760000000459858,233.66038621125696,18.40917320127333,123.32841712372974,61.800896789670226,124.12158465477324,63.96259425121255,0.8996448412537574,0.9345667332410812,0.9156036585569381,0.8747066408395767,0.9047072917222977,0.8807940304279327
28.78000000046052,233.66566103866697,18.411781827481505,123.27022143132552,61.72959463350959,124.15275738596078,63.92234746161473,0.8997157365083694,0.9346485406160354,0.9159495741128921,0.8746872305870056,0.9049480020999908,0.8806567057967186
28.800000000461186,233.6693615186901,18.41592002599024,123.21397391420994,61.65234632388308,124.18745003207201,63.882706468014064,0.8997907668352126,0.9347230523824691,0.9163125842809677,0.8746702432632446,0.9052395045757293,0.8804885849356651
28.82000000046185,233.67177043132406,18.42138918840708,123.15955091157987,61.56995795635605,124.22564879048294,63.84369355436053,0.8998708665370941,0.9347907692193985,0.9166917413473129,0.8746552184224129,0.9055772885680199,0.8802956268191338
28.840000000462513,233.67315245869395,18.427978918703154,123.10683179135292,61.4833435310624,124.26733846364722,63.80533065153266,0.8999570861458778,0.9348522812128067,0.9170859187841415,0.8746416419744492,0.9059563785791397,0.8800835579633712
28.860000000463177,233.6737342099536,18.435469686549197,123.05569994794001,61.393550899286,124.31250246514252,63.76763932500926,0.9000505924224853,0.9349083483219146,0.9174938559532165,0.8746289059519767,0.9063710615038871,0.8798581808805466
28.88000000046384,233.67369950474355,18.44365038433652,123.00604965890597,61.30169103020295,124.36112282626942,63.730640762746496,0.9001527309417724,0.9349598377943039,0.9179139927029609,0.8746162995696067,0.9068148106336593,0.8796251997351646
28.900000000464505,233.673189237692,18.452358539682677,122.95779311678459,61.20878761731533,124.41318020320047,63.69435576326718,0.9002650216221809,0.9350077420473099,0.9183445990085601,0.8746030136942863,0.9072804689407349,0.8793899118900299
28.92000000046517,233.67230374518934,18.46153743373574,122.9108658060375,61.11557459378286,124.46865388467612,63.658804723969055,0.9003894224762916,0.9350530177354812,0.9187841773033142,0.874588181078434,0.9077615588903427,0.8791558489203453
28.940000000465833,233.67110654030256,18.471130096192486,122.8652303681403,61.02276783649144,124.52752180024486,63.62400762965847,0.90052749812603,0.9350964784622192,0.9192314580082893,0.8745710864663124,0.9082531183958054,0.8789244368672371
28.960000000466497,233.66963070071398,18.48104634490302,122.82087916713776,60.93111732998604,124.58976052904397,63.58998404131608,0.9006799727678299,0.9351388931274414,0.9196851134300231,0.8745512425899505,0.9087504178285598,0.8786972001194954
28.98000000046716,233.66788404469267,18.49116597599392,122.77783577403333,60.84138900516626,124.65534530911769,63.55675308510072,0.9008468642830848,0.9351810127496719,0.9201436907052993,0.8745283141732215,0.9092486560344696,0.8784761860966682
29.000000000467825,233.66583721941592,18.501381802007028,122.7361555512483,60.75434657151557,124.72425004726882,63.52433344159778,0.9010273814201355,0.9352236151695251,0.9206056520342827,0.874502158164978,0.9097430542111397,0.878263871371746
29.02000000046849,233.6634246558172,18.511597203722573,122.69592551687673,60.67073405902078,124.79644732944004,63.492743335318,0.9012202501296996,0.9352674424648285,0.9210692673921584,0.8744727522134781,0.9102287039160728,0.8780630812048912
29.040000000469153,233.66055783569303,18.52170537372953,122.65726368963401,60.59126032062891,124.87190843162072,63.462000524452684,0.9014237403869628,0.935313218832016,0.921532842516899,0.8744401767849922,0.9107008665800095,0.8778768911957741
29.060000000469817,233.6571260794815,18.5316041300591,122.62031804277044,60.516586572108004,124.95060333127488,63.43212229089103,0.901635804772377,0.9353615164756774,0.9219941914081573,0.8744046285748481,0.9111548081040383,0.8777081847190856
29.08000000047048,233.65299797393368,18.54120132875492,122.58526510199395,60.44731676414352,125.03250071928576,63.40312543050523,0.9018541231751441,0.9354129791259765,0.9224514946341514,0.8743663668632508,0.9115860223770141,0.877560144662857
29.100000000471145,233.64802358861078,18.55041873406852,122.5523081965573,60.383990102821265,125.11756801241242,63.37502624370873,0.9020766526460647,0.9354681074619293,0.9229027718305588,0.8743256106972694,0.9119903609156609,0.8774351939558983
29.12000000047181,233.64203740102843,18.55919488493046,122.52167535542065,60.32707509062431,125.20577136625292,63.34784052629313,0.9023798048496247,0.9354990601539611,0.9234004870057105,0.8742788195610046,0.9126018822193146,0.8770195856690407
29.140000000472472,233.63486183940643,18.56748713425542,122.49361683140339,60.276964553603506,125.29707568870967,63.32158356054859,0.9025998488068581,0.9355647832155227,0.9238290637731552,0.8742338299751281,0.9129226475954055,0.8769708588719368
29.160000000473136,233.62631134921725,18.57527294938263,122.46840223953294,60.233971331747235,125.39144465395086,63.296270106673006,0.9028273537755013,0.9356330811977386,0.9242522940039635,0.874186086654663,0.9132269620895386,0.8769222438335419
29.1800000004738,233.6161968712807,18.582550507898226,122.44631721644937,60.19832444125891,125.48884071686284,63.27191439447469,0.9030532628297806,0.9357064485549926,0.9246625646948814,0.8741362690925598,0.9134904891252518,0.876902650296688
29.200000000474464,233.60433055401182,18.58933870602083,122.42765968639655,60.170165609787865,125.58922512798773,63.24853011537313,0.9032768696546555,0.935784786939621,0.9250590085983276,0.8740845024585724,0.9137132734060287,0.8769098833203316
29.220000000475128,233.59052385106904,18.595666536069064,122.4127409185721,60.149590430052235,125.69255794893995,63.22613041470242,0.9034967705607414,0.9358680784702301,0.9254404366016388,0.8740310192108154,0.9138942286372185,0.8769438669085502
29.240000000475792,233.57457596824304,18.601549153592696,122.40189360481757,60.13675145893909,125.79879806829592,63.20472788432174,0.9037115395069122,0.935956197977066,0.9258056014776229,0.8739760696887969,0.9140325546264648,0.8770043104887009
29.260000000476456,233.5563032890534,18.607028034848938,122.39544713594475,60.131680634394854,125.90790321795043,63.1843345555369,0.9039193391799927,0.9360490649938583,0.9261531889438629,0.8739199802279473,0.9141271471977234,0.8770919650793075
29.28000000047712,233.53554628378396,18.612174534574603,122.39372001021681,60.13426136987,126.01982998993319,63.16496189233698,0.9040411651134491,0.9361740380525588,0.9264289557933807,0.8738666266202927,0.9139434516429901,0.8775171577930451
29.300000000477784,233.51217067267393,18.617084147105704,122.39701609491354,60.14424058153808,126.13453385367889,63.146620784949974,0.9042382091283798,0.9362732619047165,0.9267440527677536,0.8738086730241775,0.9139719635248184,0.8776314556598663
29.320000000478448,233.4860686058395,18.621871274317606,122.40562048063013,60.161239689617005,126.25196917374386,63.12932154372084,0.9044173538684844,0.9363783955574035,0.9270333021879196,0.873750951886177,0.9139378994703292,0.8777973905205726
29.34000000047911,233.45715935670478,18.62666388611546,122.4197954367796,60.18476770403214,126.3720892279624,63.11307389331568,0.9045862436294555,0.9364864617586136,0.9273028194904327,0.873693136870861,0.9138664901256561,0.8779825702309608
29.360000000479776,233.42538969685748,18.631598549884018,122.43977635751223,60.21423483368413,126.49484622603532,63.097886967255,0.9047439351677894,0.9365969777107238,0.9275521576404572,0.8736354917287826,0.9137590944766998,0.8781861454248429
29.38000000048044,233.39074101577825,18.6368838032705,122.46576032554192,60.24875409562092,126.62019132854356,63.08376930277943,0.9048470795154572,0.9367228358983993,0.9277311861515045,0.8735912173986434,0.9135845407843589,0.8784093946218491
29.400000000481104,233.35324739584192,18.642923851789856,122.49788461138564,60.28672659629725,126.74807466637915,63.070728836050506,0.9049249529838562,0.936854076385498,0.9278745412826538,0.8735518828034401,0.9133726373314858,0.8786420226097107
29.420000000481767,233.31297304844128,18.650001138954757,122.53625245579933,60.3267384403067,126.87844536058596,63.05877289768942,0.9050001621246337,0.9369826525449753,0.9280093759298325,0.8735113680362702,0.9131503403186798,0.8788714542984962
29.44000000048243,233.2700089432581,18.658292457876936,122.58093414271488,60.367681144903166,127.01125154260193,63.04790820865618,0.9050732523202896,0.9371072679758071,0.9281378984451294,0.8734700754284859,0.9129267513751983,0.8790893033146858
29.460000000483095,233.22446573546353,18.66787919903514,122.63196319908933,60.4086591541419,127.14644037489538,63.038140876471424,0.9051436424255371,0.9372267246246337,0.9282622277736664,0.8734285995364189,0.9127098590135574,0.8792900085449219
29.48000000048376,233.17646966569794,18.67881593480656,122.68932558692485,60.44890687729871,127.28395807198658,63.02947639178315,0.9052101254463195,0.9373399764299393,0.9283840626478195,0.8733876064419747,0.9125060737133026,0.8794705748558044
29.500000000484423,233.12617925128077,18.691125818854367,122.75292569310818,60.48771252714671,127.42374992184655,63.021919625280134,0.9052711993455886,0.9374461472034454,0.9285048961639404,0.8733478382229805,0.9123209655284882,0.8796294599771499
29.520000000485087,233.07379002050436,18.704821504721462,122.82258005162763,60.52439124139969,127.5657603076645,63.01547482495396,0.9053254827857017,0.9375444769859314,0.9286258906126023,0.873309925198555,0.9121590763330459,0.8797660425305366
29.54000000048575,233.0195226794193,18.719904301512987,122.89803755394585,60.558301336977145,127.70993272997522,63.01014561371099,0.9053722649812698,0.9376343935728073,0.9287478953599929,0.8732744351029396,0.9120243132114411,0.8798795625567436
29.560000000486415,232.96361057051288,18.736357932729522,122.97900297590863,60.58887481729196,127.85620982913761,63.005934987335785,0.9054114878177643,0.9377155482769012,0.9288718402385712,0.8732417210936546,0.9119200512766837,0.8799691975116729
29.58000000048708,232.90628941072075,18.75414276317086,123.06515838264801,60.61564636817457,128.00453340815554,63.00284531280704,0.905443799495697,0.9377878069877624,0.9289984583854675,0.8732119932770729,0.9118489146232605,0.8800338923931121
29.600000000487743,232.84778941584614,18.773192734760432,123.15618176987658,60.638273537421576,128.15484445583172,63.00087832696702,0.905470684170723,0.9378512054681778,0.9291282325983047,0.8731852248311043,0.9118126958608627,0.8800722703337669
29.620000000488407,232.78836357054988,18.793301401395254,123.25176262169374,60.656546509465045,128.3070831702456,63.00003513554516,0.9054940819740295,0.937906002998352,0.929261627793312,0.8731612771749496,0.9118126332759857,0.8800829008221626
29.64000000048907,232.72822104372776,18.814398691280932,123.35161423913165,60.67038903253366,128.4611889825458,63.00031621253654,0.90551518201828,0.9379524052143097,0.9293989479541779,0.8731400698423385,0.911849258840084,0.8800658106803894
29.660000000489735,232.6675392444974,18.8363712379435,123.45548291853045,60.67985381837795,128.61710058104777,63.001721399935384,0.9055343821644782,0.9379906624555587,0.9295405775308608,0.8731216698884964,0.9119227916002274,0.880022206902504
29.6800000004904,232.60647974407104,18.859074289229042,123.56315440114264,60.68511505768927,128.7747559356268,63.00424990782392,0.9055517897009849,0.9380209088325501,0.9296861857175827,0.8731061622500419,0.912032601237297,0.8799539223313332
29.700000000491062,232.54518740490096,18.882345109443317,123.67445789138964,60.68645979964821,128.93409232239716,63.00790031481639,0.9055672079324723,0.938043475151062,0.9298357903957367,0.8730935871601104,0.9121775299310684,0.8798639297485351
29.720000000491726,232.4837887320726,18.906008018655218,123.78926793422337,60.68427909812635,129.0950463486668,63.01267056885812,0.9055804938077926,0.9380586922168731,0.9299891233444214,0.8730839401483536,0.9123557582497597,0.8797554343938827
29.74000000049239,232.42239052292956,18.929878242072622,123.90750455237098,60.67905720133042,129.2575539781588,63.018557988379015,0.9055916875600815,0.9380669891834259,0.9301455765962601,0.8730770736932755,0.9125645950436592,0.879631806910038
29.760000000493054,232.36109221010506,18.9536306016852,124.02913196541195,60.67135369491821,129.42155055648803,63.02555926380104,0.9056009724736214,0.9380688577890396,0.9303044259548187,0.8730728134512901,0.9128008842468261,0.8794963687658309
29.780000000493718,232.29999231914573,18.977144290853367,124.15415617037061,60.661783017858085,129.5869708368846,63.03367045939865,0.9056084513664245,0.9380648702383041,0.9304649740457535,0.8730708912014961,0.9130608886480331,0.8793529778718948
29.800000000494382,232.23912620368296,19.000263838687427,124.28262133082141,60.65099501522808,129.75374900615236,63.04288701551123,0.905614347755909,0.9380555897951126,0.9306262552738189,0.87307098954916,0.9133405491709709,0.8792050540447235
29.820000000495046,232.17851114504896,19.02282887538094,124.41460549780335,60.63965939198027,129.921818710853,63.053203751106324,0.905619090795517,0.938041490316391,0.9307867318391799,0.8730727866292,0.9136354848742485,0.8790552392601967
29.84000000049571,232.1181509932043,19.044688238939546,124.55021580288106,60.62845909933341,130.09111308370504,63.06461486669204,0.9056228190660477,0.9380231529474258,0.930945348739624,0.8730759114027024,0.9139411896467209,0.8789068102836609
29.860000000496374,232.05803730777308,19.0657049710952,124.68958313470212,60.61807714344068,130.2615647701874,63.0771139475773,0.9056257247924805,0.9380011320114136,0.9311009347438812,0.8730799973011016,0.9142531752586365,0.8787625789642334
29.880000000497038,231.99815072936457,19.0857591009745,124.83285648065919,60.60918267904412,130.43310595533657,63.09069396747775,0.9056280583143234,0.9379758566617965,0.9312518894672394,0.8730847135186195,0.914566895365715,0.8786246865987778
29.900000000497702,231.9384851951732,19.10466729436909,124.98019716697776,60.60241849200337,130.60566839072715,63.10534729246555,0.9056297659873962,0.9379478186368942,0.9313970327377319,0.873089675605297,0.9148778170347214,0.878495828807354
29.920000000498366,231.87955196266225,19.12230046303834,125.13177287556626,60.598390505431524,130.77918342162474,63.121065685260795,0.9056307941675186,0.9379174292087554,0.9315351665019989,0.8730945706367492,0.9151817202568054,0.8783781379461288
29.94000000049903,231.82063591858383,19.13862253673347,125.28775119716762,60.5976595073442,130.95358201430062,63.13784030986198,0.9056311562657356,0.9378850907087326,0.9316649317741393,0.8730990946292877,0.9154743671417236,0.8782734379172324
29.960000000499694,231.7617750785826,19.153632002438233,125.44829338862658,60.600733906988864,131.12879478349706,63.15566173651315,0.9056304812431335,0.9378510802984238,0.9317852288484573,0.8731030061841011,0.9157521590590477,0.878183476626873
29.980000000500358,231.7029299960895,19.167321407094807,125.61354837874362,60.60806366898016,131.30475202003254,63.17451994700479,0.9056285411119461,0.9378156661987305,0.9318949490785599,0.8731060639023781,0.9160117119550705,0.878109461069107
30.00000000050102,231.64405641207526,19.179673619805428,125.78364675337433,60.620035439732625,131.4813837185359,63.19440434030546,0.9056251347064972,0.9377790629863739,0.9319928854703903,0.8731080710887908,0.916249918937683,0.8780522406101227
30.020000000501685,231.5851311236435,19.190627772269046,125.95869515915058,60.63696793114034,131.65861960529836,63.21530373852114,0.9056200385093689,0.9377414405345916,0.9320781171321869,0.8731088399887085,0.9164640352129936,0.8780126467347145
30.04000000050235,231.52613093714493,19.20026444414214,126.13877119828898,60.65910795523265,131.836389166232,63.2372063931788,0.9056129083037376,0.9377029687166214,0.9321500182151794,0.8731082364916801,0.9166519954800606,0.8779912650585174
30.060000000503013,231.46700156762444,19.208641942447258,126.32391874448219,60.68662721062848,132.0146216749244,63.26009999183075,0.9056035116314888,0.9376636743545532,0.93220776617527,0.8731061577796936,0.9168119981884956,0.8779881805181503
30.080000000503677,231.40770121890472,19.215819198711333,126.51414390188658,60.7196199068812,132.1932462207772,63.283971664975965,0.9055916562676429,0.9376236110925674,0.9322506636381149,0.8731025278568267,0.9169426307082176,0.8780032455921173
30.10000000050434,231.34819862994243,19.22186026328978,126.70941159931435,60.75810155957795,132.37219173721837,63.308807993294664,0.905577078461647,0.9375827968120575,0.9322783529758453,0.8730973109602927,0.9170431375503539,0.8780360177159309
30.120000000505005,231.28847195202428,19.226834304539253,126.90964275019692,60.802008908583595,132.5513870299763,63.334595015191866,0.9055595725774764,0.9375412315130234,0.9322906017303466,0.8730905070900917,0.9171132236719132,0.8780858889222145
30.14000000050567,231.2285087234936,19.230814739681396,127.11471225602189,60.85120068013927,132.73076080540466,63.3613182346458,0.9055389732122421,0.9374988973140717,0.9322874635457993,0.8730821296572685,0.9171531796455383,0.8781519562005996
30.160000000506333,231.1683061210325,19.233878103140825,127.3244480223288,60.905459417348446,132.91024169884716,63.388962629356804,0.9055151462554931,0.937455740571022,0.9322690993547439,0.8730722591280937,0.91716368496418,0.8782332316040993
30.180000000506997,231.10787120032677,19.236102933091953,127.53863072317577,60.9644940490764,133.08975830302998,63.41751265919197,0.905487984418869,0.9374116629362106,0.9322358131408691,0.8730609625577926,0.9171459153294563,0.8783283159136772
30.20000000050766,231.04722101743593,19.237569187984793,127.7569943408665,61.027942008777735,133.26923919647172,63.44695227492099,0.905457554757595,0.9373666107654571,0.932188194990158,0.8730483427643776,0.917101600766182,0.8784354656934737
30.220000000508325,230.9863825925937,19.23835737554903,127.97922770245054,61.095373448778254,133.4486129718986,63.477264927238096,0.9054237678647041,0.9373204857110977,0.9321270406246185,0.8730345606803894,0.9170329228043556,0.878552946448326
30.24000000050899,230.9253926871093,19.238547247865736,128.20497702071685,61.16629813073697,133.62780826465425,63.508433576065165,0.9053866997361183,0.9372731894254684,0.9320533692836761,0.8730197548866272,0.9169424563646317,0.8786787822842598
30.260000000509653,230.864297380522,19.238216294749915,128.4338493429825,61.24017441729926,133.80675378109243,63.540440700130716,0.9053464487195014,0.9372245967388153,0.9319683521986007,0.8730041041970252,0.9168332904577255,0.8788106352090835
30.280000000510316,230.8031514692238,19.237438264701836,128.66541664782142,61.31641993846079,133.98537832694151,63.57326830681936,0.9052802696824074,0.937181743979454,0.9318468123674393,0.8729945197701454,0.9166899889707565,0.8789489477872848
30.30000000051098,230.74201764595426,19.23628174295249,128.89922086723755,61.39442472261493,134.16361083562944,63.60689794228627,0.9051947563886642,0.9371425837278365,0.9316975384950638,0.8729893520474433,0.916521742939949,0.8790897592902184
30.320000000511644,230.68096543565287,19.234808863674836,129.13477992101969,61.473565572871614,134.3413803965579,63.641310701830875,0.9051045894622802,0.9371024757623673,0.9315390646457672,0.8729845732450485,0.9163441538810729,0.8792292520403862
30.34000000051231,230.62006994672456,19.233074278821455,129.37159465104696,61.553219976553066,134.51861628331437,63.67648724052404,0.9050098896026612,0.9370612055063248,0.9313733488321304,0.8729804068803787,0.9161613121628761,0.8793654054403305
30.360000000512972,230.55941044853222,19.231124330222517,129.60915650188534,61.632779318431595,134.69524798181106,63.71240778408271,0.904911094903946,0.937018558382988,0.9312023758888245,0.8729770004749298,0.9159773394465446,0.8794959217309951
30.380000000513636,230.49907108304262,19.22899738127178,129.84694875190257,61.71165861411205,134.87120521833913,63.74905213998589,0.904808634519577,0.9369743913412094,0.9310283899307251,0.8729745239019394,0.9157964468002319,0.8796186596155167
30.4000000005143,230.43914867663048,19.226727245125687,130.08442605574,61.78929374511651,135.0464179875274,63.786399708825776,0.9047029510140419,0.936928516626358,0.9308535546064377,0.8729731336236,0.9156226307153702,0.8797318533062934
30.420000000514964,230.3797559470492,19.22434396217877,130.3210086029466,61.86513727434846,135.22081658019442,63.824429495887536,0.904594612121582,0.9368807911872864,0.9306800603866577,0.8729729279875755,0.9154597893357277,0.8798337325453758
30.440000000515628,230.32101696490767,19.221871542953025,130.55610037418623,61.93867415742476,135.3943316110824,63.86312012295144,0.9044845789670944,0.9368311345577239,0.9305101960897445,0.8729739293456077,0.9153115481138229,0.8799224913120269
30.460000000516292,230.26306132378355,19.219326034129917,130.78911199655852,62.00943934459412,135.56689404646266,63.90244984031044,0.9043738573789596,0.936779510974884,0.930346268415451,0.8729761198163032,0.9151814073324204,0.8799964666366576
30.480000000516956,230.20601844885957,19.21671434055848,131.01948443101665,62.077032218046014,135.7384352316008,63.94239653899667,0.9042635783553123,0.936725902557373,0.930190485715866,0.8729794546961784,0.915072500705719,0.8800542861223221
30.50000000051762,230.15001306705133,19.21403369508072,131.24670530466304,62.14112790859589,135.90888691807143,63.98293776320985,0.9041547209024429,0.936670309305191,0.930044886469841,0.872983880341053,0.9149875685572624,0.8800949662923813
30.520000000518284,230.09516146882743,19.211271691160636,131.47032119802336,62.20148538506162,136.078181290911,64.02405072294071,0.9040479868650436,0.9366128027439117,0.9299112856388092,0.8729894012212753,0.9149288639426231,0.8801180869340897
30.540000000518948,230.04156836770719,19.20840664020887,131.68994727522073,62.257952882683554,136.24625099559847,64.06571230678223,0.9039438501000404,0.9365534096956253,0.9297912567853928,0.8729960218071937,0.9148983091115951,0.8801237195730209
30.56000000051961,229.98932425832078,19.205408086708985,131.90527441138923,62.31047115880282,136.4130291648524,64.1078990949216,0.9038424581289292,0.9364922285079956,0.9296858996152878,0.873003813624382,0.9148970127105712,0.8801126286387443
30.580000000520275,229.93850324561905,19.20223747788677,132.1160739643232,62.359074691364846,136.5784494452344,64.15058737230552,0.903743690252304,0.9364292860031128,0.9295959919691086,0.8730128616094589,0.9149256452918052,0.8800860613584518
30.60000000052094,229.88916133571544,19.19884906137216,132.32220029164452,62.40389064692919,136.74244602354844,64.19375314197148,0.9036472737789154,0.9363647431135177,0.9295219540596008,0.8730232372879981,0.9149841666221619,0.8800456717610359
30.620000000521603,229.84133524090566,19.195191101436844,132.52359112021605,62.44513542283438,136.90495365302448,64.23737213853751,0.9035529494285583,0.9362986981868744,0.9294638127088547,0.8730349987745285,0.9150719106197357,0.8799933508038521
30.640000000522267,229.7950417661724,19.191207490268912,132.7202659104429,62.48310865639971,137.0659076792776,64.28141984184279,0.9034603953361511,0.9362313389778137,0.9294212371110916,0.8730481505393982,0.915187594294548,0.8799312308430671
30.66000000052293,229.75027781442571,19.18683986733287,132.91232238179785,62.51818444691722,137.22524406603068,64.32587149073161,0.9033693566918373,0.9361628532409668,0.9293935477733611,0.873062652349472,0.915329197049141,0.8798616454005241
30.680000000523595,229.7070210509387,19.182030544522238,133.09993129125328,62.550798379579334,137.38289942059183,64.37070209697256,0.9032795697450637,0.9360934734344483,0.9293797343969344,0.8730784103274345,0.9154942110180855,0.879786990582943
30.70000000052426,229.66523121024156,19.17672535281615,133.28332972140123,62.58143158691969,137.5388110190752,64.41588645930568,0.9031906992197036,0.9360234051942825,0.9293784022331237,0.8730953574180603,0.9156796097755432,0.8797096580266952
30.720000000524923,229.6248519533631,19.170875834778357,133.46281316607187,62.61059572562334,137.69291683135623,64.46139917760905,0.9019895434379578,0.9360472947359085,0.9282579004764556,0.8733164831995964,0.913369557261467,0.8837173655629158
30.740000000525587,229.5858131295826,19.164440773057038,133.6387266825069,62.63881971129888,137.84515554575026,64.50721466717742,0.9016263276338577,0.935918727517128,0.9277258306741715,0.8732806354761123,0.9123518913984299,0.8849491745233535
30.76000000052625,229.5480333054419,19.15738723013114,133.81145539524925,62.66663791975257,137.99546659340595,64.55330717310444,0.9017503529787063,0.9357237845659255,0.9272509098052978,0.8733198270201683,0.9117748007178307,0.8859328120946884
30.780000000526915,229.51142242083284,19.149691230896384,133.98141461733783,62.694579522120314,138.1437901724028,64.59965078476068,0.901625782251358,0.9358476758003235,0.9269910395145416,0.8733634933829307,0.9111638784408569,0.8867141619324684
30.80000000052758,229.47588447532024,19.14133815582949,134.14903980543846,62.72316223568176,138.29006727154348,64.6462194503591,0.901598772406578,0.9357361316680908,0.9267311602830887,0.8732589542865753,0.9105313688516616,0.8872706487774848
30.820000000528243,229.44143181281396,19.132867980181143,134.31455874591452,62.75108147168978,138.43423969383187,64.69298699159991,0.9018321871757508,0.9358394503593445,0.9265251576900482,0.8732517480850219,0.9101147055625916,0.8873955100774765
30.840000000528907,229.408508730991,19.126474485779365,134.47735285509444,62.77112106852924,138.57625007962693,64.73992711838656,0.9018519774079322,0.9359026879072189,0.9266702830791473,0.873166936635971,0.9098339140415191,0.8878393575549125
30.86000000052957,229.37767646973907,19.123884647287557,134.63647486471362,62.77653077338975,138.71604192946342,64.78701344360456,0.9019106954336166,0.9359494924545287,0.926018238067627,0.873174500465393,0.909011110663414,0.8879631102085114
30.880000000530234,229.34938431798525,19.12580827811688,134.79095370207202,62.76320000297217,138.85355962653054,64.83421949795483,0.9020568132400513,0.9359133005142212,0.9257515460252762,0.8730313330888748,0.908358310163021,0.8880302861332893
30.9000000005309,229.32397802524713,19.13217323957161,134.93999252067243,62.72951064469741,138.98874845879936,64.88151874483327,0.9023413017392158,0.93600614964962,0.9252912610769272,0.8729875102639199,0.9077990919351577,0.8875719726085662
30.920000000531562,229.30165947492688,19.142253701106156,135.08302199350686,62.67596746105772,139.12155464079015,64.92888459524818,0.902614426612854,0.9360502988100051,0.925467026233673,0.8729230478405953,0.9079339891672135,0.886966723203659
30.940000000532226,229.28242429988552,19.154956064297313,135.21975234547958,62.60471754846807,139.2519253349712,64.97629042276701,0.902795386314392,0.9360202938318253,0.9252140760421753,0.8728589206933975,0.9077760383486747,0.886238606274128
30.96000000053289,229.26612824237475,19.16929055465117,135.35021232990064,62.51817394029818,139.3798086727805,65.02370957848437,0.9031153470277786,0.936050021648407,0.9250557720661163,0.8728119865059852,0.9078395888209343,0.8852295726537704
30.980000000533554,229.25255794206592,19.184370053490067,135.4743390523812,62.41872459796502,139.50515377526196,65.0711154060025,0.9030804336071014,0.9359543204307555,0.9251088440418244,0.8727549582719802,0.9080747872591018,0.884454870223999
31.000000000534218,229.24140874223477,19.199500285948798,135.59210267084956,62.30837155201891,139.62791077330755,60.69104628662887,0.9035221979022026,0.9359086871147155,0.9252568125724793,0.8727439925074577,0.9087222188711166,0.8832215145230293
31.020000000534882,229.232282139012,19.214329973771743,135.70353561759103,62.18838687303778,139.74803082749827,63.04053544588083,0.903301778435707,0.9359629571437835,0.9252640634775161,0.8727884814143181,0.9091285645961761,0.882282929122448
31.040000000535546,229.2246797175262,19.22859506409869,135.80894950111266,62.0602853655943,139.86546614753493,63.08106349090184,0.9033559814095496,0.9357797801494598,0.9252474695444107,0.8728329971432686,0.9098233729600906,0.8813704952597617
31.06000000053621,229.21807727519186,19.241964824307736,135.90873554583786,61.925943246122394,139.98017001125183,63.12157673555447,0.9030745774507523,0.9356506943702697,0.9260306298732758,0.8728677853941917,0.9111033588647842,0.88082654774189
31.080000000536874,229.21194945397463,19.254044849954834,136.00335277262178,61.78756145306549,140.0920967832053,63.16206778303235,0.9027646347880364,0.935550531744957,0.9266682267189026,0.8730123698711395,0.9125333070755005,0.8801216140389442
31.100000000537538,229.20582596416725,19.264397002345767,136.09341458960097,61.64755954195183,140.20120193283006,63.20252924058181,0.9023149445652962,0.9353841990232468,0.9268711179494857,0.8731026351451874,0.91342533826828,0.8797361716628075
31.1200000005382,229.19922761951702,19.27256656894394,136.17967121224962,61.50862225722936,140.30744205215586,63.24295372085165,0.9022703528404236,0.935178616642952,0.926978862285614,0.8731936559081077,0.9145026788115501,0.8789097473025321
31.140000000538866,229.1918259137184,19.27816064370829,136.26287765191864,61.37343465148464,140.41077487307746,63.283333843241884,0.9017163425683975,0.9349579513072968,0.9274380296468735,0.8733008459210395,0.915536031126976,0.8788726300001144
31.16000000053953,229.18340049746143,19.28080803795497,136.34383822359098,61.24462542814298,140.5111592841713,63.32366223525128,0.9014967009425163,0.9349468737840653,0.9279513239860534,0.8734458327293396,0.9168066382408142,0.8782195881009102
31.180000000540193,229.17384924043236,19.28021917259395,136.42374106496172,61.1248088418001,140.60855534705186,63.36393153382338,0.9011291310191154,0.9347706884145737,0.9281457662582397,0.8735965952277184,0.9179308190941811,0.877791628241539
31.200000000540857,229.16320250553602,19.276198668455713,136.50399376359007,61.016560916579564,140.70292431226116,63.40413438669092,0.9008610308170318,0.9345953345298766,0.9287676632404327,0.8736838519573211,0.9191685378551483,0.8776980683207511
31.22000000054152,229.15162831382622,19.26862915489511,136.58586233449245,60.92214887861125,140.79422863468568,63.44426345371805,0.9007104068994521,0.9346226036548614,0.9292582660913468,0.8737591013312339,0.9202151626348495,0.8772156238555908
31.240000000542185,229.13932864288452,19.257429838814787,136.6704014112197,60.843601591735656,140.88243198849358,63.484311408240615,0.9011269718408584,0.9343213647603988,0.9296039313077926,0.873762047290802,0.9215869516134262,0.8763300254940987
31.26000000054285,229.12658482536025,19.242621214936687,136.7586662426553,60.78260204742135,140.96749928158727,63.524270938403745,0.9011534363031387,0.9341747283935546,0.929916650056839,0.8738061249256134,0.9224873960018157,0.8760656222701072
31.280000000543513,229.11366844333833,19.224334991728846,136.8517080672424,60.74071733374902,141.04939666956483,63.56413474849687,0.901184420287609,0.9340344578027725,0.9301907181739807,0.8738438189029694,0.9232962876558304,0.8758478224277496
31.300000000544177,229.10085249627062,19.202763466535067,136.95042654116475,60.71933331907132,141.12809156918533,63.60389556028575,0.9012076929211617,0.9339051306247711,0.9304112315177917,0.8738753303885459,0.9239678993821144,0.8757180884480477
31.32000000054484,229.08833831070555,19.178178401870777,137.05580493265506,60.71962600970958,141.20355267133203,63.64354611434133,0.9012225434184075,0.9337872296571731,0.9305730938911437,0.8739002704620361,0.9244940549135208,0.8756737738847732
31.340000000545505,229.07621327806066,19.150819033352278,137.16882935090769,60.742669944670716,141.27574995346896,63.68307917136514,0.9012259811162948,0.9336813360452652,0.930670315027237,0.8739187687635421,0.9248648971319199,0.8757167026400566
31.36000000054617,229.06433116323157,19.12088639405377,137.29034074254687,60.789621758898264,141.34465469158553,63.72248751351097,0.901215323805809,0.9335907489061356,0.9306871950626373,0.8739325284957885,0.9250463485717774,0.8758598610758781
31.380000000546833,229.05243557890017,19.0886022161621,137.4209853366621,60.86131825607811,141.41023947162438,63.76176394570281,0.901183807849884,0.9335071086883545,0.930646488070488,0.8739383265376091,0.9251045346260071,0.8760765790939331
31.400000000547497,229.04022791430918,19.05422427056183,137.56119475810343,60.95814871627961,141.4724782003884,63.80090129694839,0.9011287420988082,0.9334383636713027,0.9305176258087158,0.8739401593804359,0.9249657571315765,0.8764014482498169
31.42000000054816,229.02739790176093,19.018046394742047,137.71116343751825,61.080009779972144,141.53134611592174,63.839892421648514,0.9010483965277671,0.9333830833435058,0.9303024590015411,0.8739377453923225,0.9246402308344841,0.8768292918801307
31.440000000548824,229.01364877150954,18.98040070201307,137.87082927220595,61.22626827762937,141.58681979736178,63.87873020090164,0.900941975414753,0.9333406686782837,0.9300007998943328,0.8739309549331665,0.9241318181157112,0.8773586079478264
31.46000000054949,228.998715080073,18.94170580157284,138.0398569778098,61.39573485080346,141.638877174257,63.91740754380367,0.9008110791444778,0.9333108782768249,0.9296125769615173,0.8739195957779884,0.923443429172039,0.8779863208532334
31.480000000550152,228.98235725377953,18.90230491521713,138.2176252699669,61.58646393912191,141.68749753534786,63.95591738874257,0.9006589174270629,0.9332932472229004,0.929139569401741,0.8739033102989197,0.9225822165608406,0.8787054255604744
31.500000000550816,228.96447719656504,18.86281147784103,138.40323668439214,61.79534249070686,141.73266153680692,63.994252704687646,0.900489392876625,0.9332870155572891,0.9285862118005752,0.8738818660378456,0.9215609610080718,0.8795048624277114
31.52000000055148,228.94493701531752,18.823956064958935,138.59551732855232,62.01873184809442,141.7743512099348,64.0324064924733,0.9001431107521057,0.9333599358797073,0.9278762400150299,0.8739360064268112,0.9202083542943,0.8807356253266334
31.540000000552144,228.92396875743347,18.786229437317644,138.7930321454601,62.25269324751495,141.81254996830913,64.07037178607685,0.8999015063047409,0.9333982646465301,0.9271740198135375,0.8739624127745628,0.9190164476633071,0.8816007182002067
31.560000000552808,228.902175072206,18.7500466829447,138.99411199175233,62.49302637614045,141.84724261438362,64.10814165389044,0.8996617883443833,0.9334383815526962,0.9264165639877319,0.8739707410335541,0.9176997736096382,0.8825182527303695
31.580000000553472,228.8795821417162,18.715834613286237,139.19689216881315,62.735296722954814,141.87841534553428,64.14570919998656,0.8994384631514549,0.9334734559059142,0.9256247848272323,0.8739582642912864,0.9163149446249008,0.8834243342280388
31.600000000554136,228.85643476074597,18.684000243714184,139.39936291090862,62.974875068325694,141.90605575955107,64.18306756537706,0.8992298364639282,0.9335020303726196,0.924810890853405,0.8739275172352791,0.914892229437828,0.8842997446656227
31.6200000005548,228.83311162188306,18.65498667354423,139.59941410049075,63.20684772319153,141.930152859572,64.22020992926551,0.8990343883633614,0.9335222005844116,0.923988351225853,0.8738816022872925,0.9134664028882981,0.8851204335689544
31.640000000555464,228.81011384844166,18.62938884902816,139.79486144458687,63.42584668730176,141.95069705845836,64.25712951029249,0.8988501161336898,0.9335321873426438,0.9231713593006133,0.8738241985440254,0.9120732858777046,0.8858619302511215
31.660000000556128,228.78798710101518,18.60758958522347,139.9835770433561,63.62697372161752,141.96768018260906,64.2938195677737,0.8986760854721069,0.9335298627614975,0.9223751723766327,0.8737590208649635,0.9107509925961494,0.8864958882331848
31.68000000055679,228.76732748177278,18.589805082195667,140.16358385137258,63.805954682296615,141.98109547521238,64.33027340293067,0.8985099405050277,0.9335135549306869,0.9216141447424888,0.8736905306577682,0.9095347270369529,0.8869987666606903
31.700000000557456,228.7487014169824,18.576199576985463,140.33313157549813,63.95916583054663,141.9909375989344,64.36648436011383,0.8983483016490936,0.9334821820259094,0.9209012269973754,0.8736236587166786,0.9084555447101593,0.8873528942465781
31.72000000055812,228.73261500275433,18.566820104511567,140.49075865571487,64.08369395661695,141.99720263804227,64.40244582801763,0.898187118768692,0.9334350287914276,0.9202475190162659,0.8735636577010154,0.9075404241681099,0.8875460714101792
31.740000000558783,228.71950356085134,18.56159759383428,140.63533630262538,64.17740812773678,141.99988809996225,64.43815124088769,0.8980437368154526,0.9334711402654647,0.9197652176022529,0.8736673384904862,0.9069957122206688,0.8874439999461173
31.760000000559447,228.7097222046568,18.56034056343334,140.7660936942222,64.2390344659594,141.99899291627133,64.47359407971945,0.8978807389736175,0.9334901392459869,0.9193485498428344,0.8737875193357467,0.9066409811377525,0.8871975630521775
31.78000000056011,228.70353990484082,18.562724415116378,140.8826246831173,64.26822313840954,141.99451744312236,64.50876787344852,0.8976999133825302,0.9334805101156235,0.9189989060163498,0.8739110127091407,0.906478676199913,0.8868109047412872
31.800000000560775,228.70113784532631,18.56828409785068,140.9848769222364,64.26558359832997,141.9864634611023,64.54366620013204,0.897500017285347,0.9334417968988419,0.9187198355793953,0.8740394055843353,0.9065133079886436,0.8862985715270042
31.82000000056144,228.70261203074924,18.576416341472004,141.0731254614315,64.23267027241617,141.97483417452375,64.57828268812128,0.8972813099622726,0.9333742678165435,0.9185127824544906,0.8741739273071288,0.9067444831132888,0.885678319633007
31.840000000562103,228.70797727513272,18.58638549907797,141.1479359594024,64.17197959237093,141.95963421015026,64.61261101722485,0.897045910358429,0.9332790940999984,0.9183771431446075,0.8743152394890785,0.9071661576628685,0.8849707841873169
31.860000000562767,228.7171693577897,18.597426519963346,141.21012285208852,64.08675549066398,141.94086961535547,64.64664491986275,0.8967973679304123,0.9331583589315414,0.9183103203773498,0.8744635164737701,0.9077668026089668,0.884198647737503
31.88000000056343,228.73006395009585,18.609043202011335,141.26069035314987,63.98002398132446,141.91854785571704,64.68037818221056,0.8965399652719498,0.9330148160457611,0.9183077901601792,0.8746185392141342,0.9085299491882324,0.8833857104182243
31.900000000564095,228.7465004154701,18.620791213667964,141.30077330522033,63.855027382384414,141.89267781204657,64.71380464533408,0.8962725043296814,0.9328546524047852,0.9183619171380997,0.8747867852449417,0.9094455748796463,0.8825481861829757
31.92000000056476,228.76630497021443,18.632142237472685,141.33158355765244,63.71531423187835,141.86326977685633,64.74691820631367,0.8959126502275466,0.9327246099710464,0.9184382349252701,0.8750584259629249,0.9105751559138298,0.8816951990127563
31.940000000565423,228.78931515487085,18.642604572823146,141.3543628867349,63.5646400018857,141.83033545026424,64.77971281935862,0.895544883608818,0.9325902938842773,0.9185537397861481,0.8753548726439476,0.9118292093276977,0.8808444470167159
31.960000000566087,228.81535038376083,18.65168708946212,141.37034319999844,63.406869179078505,141.79388793533897,64.81218249691092,0.8951779842376709,0.9324537962675095,0.9187019139528274,0.8756722897291184,0.9131829380989075,0.8800077408552169
31.98000000056675,228.8442347824744,18.658874739394,141.38071429502986,63.24588341740495,141.75394173288686,64.84432131073847,0.8948200970888137,0.932317253947258,0.9188756540417671,0.8760064214468002,0.9146088853478431,0.8791963994503021
32.00000000056741,228.8758043288715,18.663660225524026,141.38659879246057,63.08550077465621,141.71051273568267,64.87612339301741,0.8945679605007172,0.9321237951517105,0.9191123634576798,0.8763011738657951,0.9163018688559532,0.8780731618404388
32.02000000056523,228.9099133257119,18.665570442484643,141.38902878115096,62.92942015237843,141.6636182221466,64.90758293740353,0.8942402929067611,0.9319971948862076,0.9193119376897811,0.876659445464611,0.9177754878997803,0.8773686841130256
32.040000000563055,228.94645504872076,18.66420172954166,141.38891696756957,62.78120318094231,141.61327684946997,64.9386942000923,0.8939448431134224,0.9318723201751709,0.919519567489624,0.8770177304744721,0.9192539393901825,0.8766903221607208
32.060000000560876,228.985357476407,18.659237219625414,141.38704767597528,62.6442513593302,141.5595086461923,64.96945150086756,0.8936739355325699,0.9317572355270386,0.9197224900126457,0.8773786708712578,0.9206883177161217,0.8760788768529891
32.0800000005587,229.02657013440276,18.650459673471932,141.38407704865062,62.52178816595959,141.50233500423312,64.99984922413869,0.8934330463409423,0.9316644221544266,0.9198791801929473,0.8777437105774879,0.9219624608755111,0.8755760475993156
32.10000000055652,229.07003968899375,18.637758226765992,141.38054110662185,62.416897509367885,141.44177867038076,65.02988181996577,0.8932303696870804,0.9316102147102355,0.9199338927865028,0.8781155005097389,0.922923044860363,0.8752340033650398
32.12000000055434,229.11569107153295,18.62095434042311,141.37687407462835,62.33263467441239,141.37786373724265,65.05954380507293,0.8930590793490409,0.9315646082162857,0.9199805587530135,0.8784744068980217,0.9238090634346008,0.8749471545219422
32.14000000055216,229.16346691481326,18.600032800219907,141.37340059943185,62.271813589517976,141.31061563365998,65.08882976384955,0.8929137885570526,0.9315310716629028,0.9200133979320526,0.8788198977708817,0.9245971590280533,0.8747334763407707
32.160000000549985,229.2132827996048,18.5751103553141,141.37034339302005,62.23694965170306,141.2400611145906,65.11773434933885,0.892793509364128,0.9315107941627502,0.9200279712677002,0.8791488125920296,0.9252710193395615,0.8745979309082031
32.18000000054781,229.2650262380644,18.546407768234726,141.36783174173996,62.23021760040875,141.16622825046448,65.14625228421427,0.8926967173814774,0.9315048217773437,0.9200197368860245,0.8794583484530448,0.9258154094219208,0.8745457395911217
32.20000000054563,229.31855528347398,18.514255769866082,141.36589733377,62.253313653749295,141.0891464160159,65.17437836174298,0.8926219373941421,0.9315139502286911,0.9199844568967819,0.879745751619339,0.9262168645858765,0.8745812565088272
32.22000000054345,229.37368817205666,18.479125538531378,141.36446512247036,62.30727514093382,141.00884627859637,65.20210744673643,0.8925682485103607,0.9315385997295379,0.9199181035161018,0.8800080448389053,0.9264635920524597,0.8747074857354163
32.24000000054127,229.4302564123693,18.441405809506247,141.36337199611708,62.39248811083324,140.9253597859736,65.22943447648801,0.8925352796912193,0.9315787076950073,0.9198179051280021,0.8802419424057006,0.9265469014644623,0.8749255940318107
32.260000000539094,229.48808156387756,18.401598541888774,141.3623894980849,62.50872873618407,140.83872015362098,65.25635446169728,0.8925230175256729,0.9316338360309601,0.919681841135025,0.8804440423846245,0.9264606237411499,0.8752350673079491
32.280000000536916,229.5469471998104,18.36029106579265,141.3612434600913,62.6551947264151,140.74896185150254,65.28286248738107,0.8925316944718361,0.9317030191421508,0.919508109986782,0.880611264705658,0.9262016296386718,0.8756330266594886
32.30000000053474,229.60661090793678,18.31811384804726,141.3596306054348,62.83053049660922,140.65612059035902,65.30895371377063,0.8925607919692993,0.9317851841449737,0.919295933842659,0.8807412534952164,0.9257700353860855,0.876115708053112
32.32000000053256,229.66683290408994,18.27555686375472,141.3572323116693,63.032849931988835,140.56023330750014,65.33462337719548,0.8926085978746414,0.9318791508674621,0.9190449103713035,0.880833101272583,0.9251693725585938,0.8766783192753792
32.34000000053038,229.72740113574483,18.23326004114181,141.35372613908072,63.25955098557249,140.46133815212323,65.35986679094943,0.8926846519112587,0.9320242136716842,0.9186243668198585,0.8809084221720695,0.9240638911724091,0.8774620428681373
32.3600000005282,229.78808553769784,18.192114280141123,141.3487958840391,63.50683705278326,140.35947447009337,65.38467934615711,0.8927831605076789,0.9321881502866745,0.9181271970272064,0.8809500455856323,0.9227083250880241,0.8783474490046501
32.380000000526024,229.8486429138969,18.152974076119524,141.34214094106764,63.770505357248524,140.25468278833068,65.40905651260461,0.8928942531347275,0.9323626816272735,0.9175805404782295,0.8809584408998489,0.921183194220066,0.879305350780487
32.400000000523846,229.90883259950363,18.11642396875895,141.33348562606574,64.04624163157385,140.14700479867298,65.43299383957013,0.8930128425359726,0.9325450271368027,0.9169907674193382,0.8809366792440414,0.9195174932479858,0.8803201869130134
32.42000000052167,229.96850346375967,18.083023500240156,141.3225866057018,64.32965592794133,140.0364833412886,65.4564869566367,0.8931335955858231,0.9327319860458374,0.9163645923137664,0.8808887481689452,0.9177447408437729,0.881372207403183
32.44000000051949,230.0281273954568,18.053256526235586,141.30923089135655,64.61618083389291,139.92316238763215,65.47953157449005,0.893250173330307,0.932920742034912,0.9157093465328217,0.8808199405670166,0.9159002840518952,0.8824415102601051
32.46000000051731,230.08732250520197,18.027349208498272,141.2932116945621,64.9007195912264,139.8070870229503,65.5021234857018,0.8933559149503708,0.9331085950136184,0.9150329560041427,0.8807363092899322,0.9140208020806312,0.8835073485970497
32.48000000051513,230.14593438834632,18.005738019970007,141.27433112254013,65.17769021062546,139.6883034283445,65.5242585654976,0.8934443071484566,0.9332926481962204,0.9143446072936058,0.8806441083550453,0.9121457949280739,0.8845453411340714
32.500000000512955,230.20387782573476,17.988854462832872,141.2524156598741,65.44126525062715,139.5668588623975,65.54593277251021,0.8934104621410369,0.9335355758666992,0.9136047199368477,0.8806145370006561,0.9100716292858123,0.8859906271100044
32.52000000051078,230.26111141421015,17.977098824098533,141.22733086019895,65.68563805421306,139.44280164237134,65.56714214951741,0.8934638112783432,0.9336925119161605,0.9129301309585571,0.8805126398801804,0.908361542224884,0.8868293985724449
32.5400000005086,230.31762913479326,17.970817303446864,141.19899264978338,65.90528713991127,139.31618112498415,65.58788282416445,0.8934745401144027,0.9338421523571014,0.9122679114341735,0.8804276898503304,0.9067505493760109,0.887595933675766
32.56000000050642,230.37345804583686,17.97028216336671,141.16737442157407,66.0952228323499,139.18704768677338,65.60815100967112,0.8934537306427955,0.9339724987745285,0.9116359829902648,0.8803555965423584,0.9053036898374557,0.8882020145654678
32.58000000050424,230.42865794157845,17.975674251640562,141.13250964470674,66.25120427861476,139.0554527040532,65.62794300552304,0.8933975160121918,0.9340812176465988,0.9110432282090187,0.8803029805421829,0.9040496945381165,0.8886260449886322
32.600000000502064,230.48332772888133,17.987143838204222,141.09448526238012,66.36969799100115,138.9214485324743,65.64725519814736,0.8933024048805237,0.9341659039258957,0.9104979217052459,0.8802765876054763,0.9030156940221786,0.8888478189706802
32.620000000499886,230.53762153187327,18.004919184148203,141.05342503318886,66.44763468598758,138.78508848619376,65.6660840615725,0.893164150416851,0.9342249572277069,0.9100067064166069,0.8802839949727058,0.9022242456674575,0.8888550296425819
32.64000000049771,230.59172323051567,18.028907896237648,141.00950293514165,66.48358675595827,138.64642681666407,65.68442615807194,0.8929797798395157,0.9342569023370743,0.9095750719308853,0.8803323060274124,0.9016950279474258,0.8886395677924156
32.66000000049553,230.6458392649287,18.058695133591492,140.96293470762765,66.4778018567712,138.50551869104874,65.70227813879177,0.8927461728453636,0.9342618197202682,0.9092060446739196,0.8804290398955344,0.9014397129416466,0.8882077232003212
32.68000000049335,230.70019488385498,18.093601836946775,140.9139638855573,66.43201043052153,138.36242017027377,65.71963674436226,0.8924612775444984,0.9342411488294601,0.9089001342654228,0.8805812776088714,0.9014618635177613,0.8875785753130913
32.70000000049117,230.75503035851293,18.13273017629868,140.86284735850828,66.34923051635238,138.21718818672375,65.73649880549281,0.8921253174543381,0.9341973125934601,0.9086555436253547,0.8807947099208832,0.9017572373151779,0.8867809891700744
32.720000000488994,230.81060922184727,18.174867466491133,140.80984033885042,66.23355139230819,138.06988052159087,65.75286124355073,0.8917410731315613,0.9341335117816925,0.9084686696529388,0.8810730874538422,0.9023141711950302,0.8858506694436074
32.740000000486816,230.86722967310038,18.218966172148452,140.75518131671666,66.08961372754084,137.92055578188658,65.76872107112317,0.8913141012191772,0.9340535640716553,0.9083344519138336,0.8814177647233009,0.9031137779355048,0.8848269864916801
32.76000000048464,230.92547710017448,18.264218958327312,140.69907764237905,65.92158305916193,137.7692733771244,65.78407539256271,0.8908538386225701,0.9339607864618301,0.9082466319203376,0.8818267166614532,0.9041316986083984,0.8837463200092316
32.78000000048246,230.98570747114445,18.309739474689238,140.6416920312211,65.7336991124395,137.61609349568351,65.79892140451592,0.8903745636343956,0.9338571190834045,0.9081998988986015,0.8822931751608848,0.9053424477577209,0.8826341465115547
32.80000000048028,231.0477238918771,18.354755239437242,140.58313028529483,65.53041443976983,137.46107708086288,65.81325639643528,0.8898922666907311,0.9337440907955169,0.9081896126270294,0.8828072920441628,0.9067172050476074,0.881511914730072
32.8200000004781,231.1118839040814,18.39846242807206,140.52343060825444,65.31630121731065,137.30428580663425,65.827077751074,0.8895130783319473,0.9335598319768905,0.9082823097705841,0.883303938806057,0.9084780976176262,0.8800104051828385
32.840000000475925,231.178530510213,18.44003635177734,140.46255485907264,65.09595141498683,137.14578205310522,65.84038294496388,0.8890441834926605,0.9334520697593689,0.9085694447159767,0.8840288013219834,0.910242012143135,0.8791047796607018
32.86000000047375,231.24799969151385,18.478660866344697,140.40038209396525,64.87387871261801,136.98562888170088,65.85316954887607,0.8886298179626465,0.9333302527666092,0.9088801115751266,0.8847543343901634,0.9120955348014831,0.8781758546829224
32.88000000047157,231.32062864045318,18.51351873597479,140.3367050088239,64.65443213947643,136.82389001007454,65.86543522826457,0.8882614389061928,0.9332060575485229,0.909200930595398,0.8854819282889366,0.9139715030789375,0.8772927463054657
32.90000000046939,231.39673587878085,18.54397097877192,140.2712301909102,64.44173073157484,136.6606297867575,65.8771777436925,0.8879439413547515,0.9330812275409698,0.9095235511660575,0.886199714243412,0.9158346503973007,0.8764628171920776
32.92000000046721,231.47657291967852,18.56946397574048,140.20358738353187,64.23966915624368,136.49591316555754,65.88839495124088,0.8876783847808838,0.9329586148262023,0.90983976572752,0.8868985325098038,0.9176483288407326,0.8756979003548622
32.940000000465034,231.56031829896062,18.58950355280948,140.13333888794187,64.05201473367991,136.32980567971686,65.89908480290016,0.8874643221497536,0.93284110724926,0.9101418942213059,0.8875703006982804,0.9193782329559326,0.8750079736113549
32.960000000462855,231.6480938429333,18.603762257530917,140.05993532915025,63.88223522612308,136.16237341583934,65.90924534694412,0.8873010605573654,0.9327315300703048,0.9104225069284438,0.8882069855928421,0.9209910988807678,0.874401968717575
32.98000000046068,231.7399533448331,18.612084422220057,139.98272872103948,63.73350341667707,135.9936829875977,65.91887472828614,0.8871887162327766,0.9326322883367538,0.9106745094060897,0.8887995213270187,0.922455634176731,0.8738861754536629
33.0000000004585,231.8358712513957,18.614469104600165,139.90100034410273,63.60873042213113,135.82380150923106,65.92797118881799,0.887134750187397,0.9325714468955993,0.9108093082904816,0.8893551811575889,0.9235224649310112,0.8735492855310439
33.02000000045632,231.9357374569306,18.61105323446274,139.81398937676917,63.51057995205276,135.652796568843,65.93653306773079,0.8871348440647125,0.9325247138738632,0.9108980357646942,0.8898477017879486,0.9243782550096512,0.8733056917786598
33.04000000045414,232.03935708190747,18.602094192507202,139.72092202597435,63.44146212142059,135.48073620151155,65.9445588018182,0.8871814742684364,0.9324868232011795,0.9109633967280387,0.8902682989835738,0.9250730544328689,0.873142260313034
33.060000000451964,232.1464545142343,18.587953165760013,139.62104026290203,63.40350333052072,135.30768886222108,65.95204692576186,0.8872716277837753,0.9324595004320144,0.9110018730163574,0.8906120419502258,0.9255904793739319,0.8730659022927284
33.080000000449786,232.256680180165,18.569082507716892,139.5136300440353,63.398492045170286,135.13372339862707,65.95899607239895,0.8874027654528618,0.9324439615011215,0.9110103040933609,0.890874357521534,0.9259172707796096,0.8730811774730682
33.10000000044761,232.36961428710842,18.54603341401073,139.39804636600465,63.42776351441826,134.95890902366494,65.96540497297171,0.887571981549263,0.9324413061141967,0.910985779762268,0.8910520046949386,0.9260422885417938,0.8731926366686821
33.12000000044543,232.48478758074248,18.51931038219975,139.27373054165716,63.49196730560578,134.78331528801326,65.9712724573592,0.887613520026207,0.9324601173400878,0.910851289331913,0.8913211107254028,0.9259872674942017,0.8734755024313926
33.14000000044325,232.60171570140756,18.48952983468067,139.1402383337508,63.590987548279216,134.60701205242265,65.9765974542909,0.8876465022563934,0.932493582367897,0.9106588453054428,0.8915463447570801,0.9257253855466843,0.8738748475909233
33.16000000044107,232.7198683251645,18.457357269122532,138.9972706443861,63.72395705262965,134.43006945992153,65.9813789915422,0.8877333790063858,0.9325395375490189,0.9104383677244187,0.891654746234417,0.9252412736415863,0.8743667602539062
33.180000000438895,232.83868357185264,18.42347612236823,138.84469976894547,63.88928236865327,134.2525579079093,65.98561619611209,0.8878818482160568,0.9326263159513474,0.9101011782884597,0.891662135720253,0.9242940738797187,0.8750465393066406
33.20000000043672,232.95754989736633,18.38857926681759,138.68258979439392,64.08467179636726,134.0745480201484,65.9893082943824,0.888094162940979,0.9327433586120605,0.9096732720732689,0.8915571451187133,0.922958780825138,0.8758770227432251
33.22000000043454,233.07581903739745,18.353319536822767,138.5111828926074,64.3069063463605,133.89611061866646,65.99245461225911,0.8883642390370369,0.9328766375780105,0.9091999962925911,0.8913332119584083,0.921361257135868,0.876811209321022
33.24000000043236,233.19372813329426,18.31875356096514,138.33080382350352,64.5512679308447,133.7173166955792,65.99505457529541,0.8886885672807693,0.9330247670412063,0.908686576783657,0.8909953564405441,0.9195238009095191,0.8778421565890312
33.26000000043018,233.31075811181634,18.28573797635463,138.14184858835424,64.8125794653714,133.5382373848462,65.9971077087966,0.8890662088990211,0.9331837326288223,0.9081410244107246,0.8905470609664917,0.9174830734729766,0.8789468333125114
33.280000000428004,233.42649798321028,18.25487888233955,137.9448322226478,65.0855112970262,133.35894393396973,65.9986136379067,0.8894936770200729,0.9333498686552048,0.907572454214096,0.8899958088994026,0.9152816101908684,0.8801004156470299
33.300000000425825,233.54068011426347,18.226801552293598,137.74042319689318,65.36435311640749,133.17950767564864,65.99957208767698,0.8899645835161208,0.9335199207067489,0.9069907814264297,0.8893535271286964,0.9129667073488236,0.881277422606945
33.32000000042365,233.65308063705044,18.202068613044098,137.52947113209595,65.64292104506708,132.9999999993984,65.99998288311608,0.8904702693223953,0.9336908131837844,0.9064064666628837,0.8886354953050614,0.9105896309018134,0.8824505671858788
33.34000000042147,233.76349499632423,18.18119907259967,137.313026350906,65.9146769211946,132.8204923231484,65.99984594922199,0.8910002470016479,0.9338594257831573,0.9058308020234108,0.8878593891859055,0.908204972743988,0.8835898041725159
33.36000000041929,233.87172305831987,18.164684911754424,137.09234194860719,66.1729169707197,132.64105606482798,65.99916131099579,0.8915424153208732,0.9340225577354431,0.9052755892276764,0.8870447352528572,0.905868674814701,0.8846630096435547
33.38000000041711,233.9775549296971,18.153005690891977,136.86885900410368,66.41101329016556,132.46176261395271,65.99792909343697,0.8920832023024559,0.9341770619153976,0.9047525495290756,0.8862125262618065,0.9036354720592499,0.8856369510293006
33.400000000414934,234.08081183089095,18.14646205703985,136.64417546859863,66.62269211773825,132.28268330322138,65.99614952152073,0.8924987345933914,0.9343919783830642,0.904240220785141,0.885475692152977,0.9013229250907898,0.8870017349720001
33.420000000412756,234.1813023808743,18.145390312757492,136.41999984805236,66.80232035892234,132.1038893801363,65.99382292015684,0.8928793892264366,0.9345140278339386,0.9037675976753234,0.8847732976078987,0.8995037704706191,0.8876788094639778
33.44000000041058,234.2788223138884,18.150048625073723,136.1980928834496,66.94517372420475,131.92545197865695,65.99094971413034,0.8930430620908737,0.9346339225769043,0.903292766213417,0.8842640981078148,0.8979215085506439,0.8883148863911629
33.4600000004084,234.37316739260459,18.160583196547297,135.98020192495017,67.04766468612702,131.74744209089917,65.98753042802393,0.8931347623467445,0.9347334057092667,0.9028847396373748,0.883822526037693,0.8966130554676056,0.8887382060289383
33.48000000040622,234.4641435154038,18.177002366005876,135.7679932066889,67.10751300427037,131.56993053889053,65.9835656861223,0.8931427508592605,0.9348137557506561,0.9025506168603897,0.8834664314985275,0.8955946385860443,0.8889519602060317
33.50000000040404,234.55158435864982,18.199242536194813,135.5629774249788,67.12359893126067,131.39298794639348,65.97905621229805,0.8930620968341827,0.9348745077848434,0.9022962182760238,0.8832078352570534,0.8948808178305626,0.8889524698257446
33.520000000401865,234.6354197852854,18.227198685185137,135.36641916007864,67.09554125758352,131.21668471080736,65.97400282987957,0.8928911820054054,0.9349158942699433,0.9021250575780868,0.8830561339855194,0.894478853046894,0.8887454748153686
33.54000000039969,234.71565318913395,18.2605645325099,135.17928153686782,67.0247226173639,131.04109097516064,65.96840646150073,0.8926403373479843,0.9348966717720032,0.9020787045359612,0.8830085024237633,0.8944599613547325,0.8883245289325714
33.56000000039751,234.7924095377162,18.298718902191656,135.00216206583642,66.9140543222574,130.86627660020397,65.96226812893238,0.8923233717679977,0.9347717434167861,0.9022009864449501,0.8830586463212967,0.894895838201046,0.8876964271068573
33.58000000039533,234.86594912790542,18.340788010077873,134.8352970707254,66.76769113344778,130.69231113661593,65.95558895289588,0.8919298470020294,0.9346757113933563,0.9023574844002723,0.8832306072115897,0.8955521523952484,0.8869386225938797
33.60000000039315,234.9366533859568,18.385703723271934,134.6785880923505,66.59074721496964,130.51926379733183,65.94837015285836,0.8914756417274475,0.9346098005771637,0.9025416314601898,0.8835179880261421,0.8964107275009155,0.8860755190253258
33.620000000390974,235.00500763415914,18.432371142151506,134.53163301058035,66.3886877971481,130.34720343000723,65.94061304681023,0.8909769743680954,0.9345752984285355,0.902745658159256,0.8839126393198967,0.8974439859390259,0.88514304459095
33.640000000388795,235.0715908737185,18.479970521200006,134.39376129592048,66.16622898895682,130.17619848962647,65.93231905102436,0.8904526203870773,0.9345719456672669,0.9029616743326186,0.8844020307064057,0.8986204385757446,0.8841731265187264
33.66000000038662,235.13708598071503,18.527608953660728,134.26407460388725,65.92792017599702,130.00631701126756,65.9234896797977,0.8899241492152213,0.9345971316099166,0.9031824737787246,0.8849683165550232,0.8999084442853927,0.8831859529018402
33.68000000038444,235.2022369635762,18.57451496465514,134.14148779455658,65.67831187663599,129.83762658303414,65.91412654517461,0.889412634074688,0.934647136926651,0.9034016594290734,0.8855908304452896,0.9012755036354064,0.882196669280529
33.70000000038226,235.26832965768455,18.619776955312524,134.02475952109697,65.42238190196655,129.6701943191653,65.90423135665272,0.8890543356537819,0.9345068842172622,0.9037850677967071,0.886132949590683,0.9031726837158203,0.880737480521202
33.72000000038008,235.33572303093442,18.662492331031654,133.91252021638607,65.16785386539772,129.5040868333337,65.89380592087062,0.8886478513479232,0.9344151347875594,0.9041648864746094,0.8867721736431121,0.9049276888370513,0.8797701641917228
33.740000000377904,235.40493507829012,18.701952728156368,133.80329910558973,64.91747657503296,129.33937021214328,65.8828521412782,0.8883124813437462,0.9343118160963059,0.9045496180653572,0.8873941600322723,0.9067135348916053,0.8788183867931366
33.760000000375726,235.47670623071724,18.737551344987878,133.69555069532993,64.67282472099187,129.17610998883623,65.871372017789,0.8880465447902679,0.9342039197683334,0.9049286276102065,0.8879897803068161,0.9084736406803131,0.877926878631115
33.78000000037355,235.55170070033236,18.768818854884067,133.5876822540873,64.43533423134387,129.01437111722032,65.8593676464151,0.8878585308790207,0.934090095758438,0.9052973777055741,0.8885381579399109,0.9101812198758125,0.8770869627594947
33.80000000037137,235.63047650229714,18.79540898820317,133.47809680784064,64.20629422647067,128.8542179458268,65.84684121888445,0.8877522706985473,0.9339700400829315,0.9056523099541663,0.8890226900577545,0.9118116542696952,0.8762950763106346
33.82000000036919,235.71344481433553,18.817003079898885,133.36526301870128,63.98804614937157,128.69571419230905,65.8337950222407,0.8877752259373665,0.933828330039978,0.906053876876831,0.8893859684467316,0.9134014889597892,0.8755235880613327
33.84000000036701,235.80087890335625,18.83337226177335,133.24771585330566,63.78614502011871,128.5389229180921,65.82023143842562,0.8879087463021278,0.9336723238229752,0.9064823821187019,0.8896349892020226,0.9149130567908287,0.8747920826077461
33.860000000364835,235.89291355644173,18.844394993280936,133.1240853199061,63.603050037751565,128.38390650328355,65.80615294384428,0.8880822941660881,0.933528172969818,0.906851914525032,0.889829695224762,0.9162419706583023,0.8741578966379165
33.88000000036266,235.98952994740603,18.850089121427544,132.99313375125536,63.4406258291499,128.2307266218552,65.7915621089128,0.8882902055978775,0.9333982825279236,0.9071597024798393,0.8899682939052581,0.9173716276884079,0.8736236855387688
33.90000000036048,236.09055548165495,18.850572517684743,132.853794569601,63.3004674671767,128.07944421710593,65.77646159758915,0.888523419201374,0.9332861214876175,0.9074022099375725,0.8900534316897392,0.9182858228683471,0.8731968209147453
33.9200000003583,236.19566999416458,18.84601910249147,132.7052175174038,63.18392595889279,127.93011947741496,65.76085416688673,0.8887728199362754,0.9331947833299636,0.9075769335031509,0.890088626742363,0.9189726069569587,0.8728831633925438
33.94000000035612,236.30442024937628,18.83666267321688,132.54683100678466,63.092145645074154,127.78281181229582,65.744742666371,0.8889057993888855,0.9331326186656952,0.9076274663209914,0.890208387374878,0.9194455295801163,0.872739227116108
33.96000000035394,236.41621866740246,18.822791853906818,132.3783784406508,63.02606636380962,127.6375798287599,65.72813003763922,0.8889184057712555,0.9330989390611648,0.9075497671961784,0.8904121100902557,0.9196986451745033,0.8727599382400513
33.980000000351765,236.53037153686373,18.804741386420297,132.1999025620557,62.986358705596196,127.49448130799944,65.71101931378338,0.889003574848175,0.9330725640058517,0.9074659392237663,0.8904971182346344,0.9197507828474044,0.8728604048490524
34.00000000034959,236.64611443665498,18.78289479120752,132.01171527478962,62.97334196409916,127.35357318239893,65.69341361883643,0.8891997560858727,0.9330426216125488,0.9074300915002823,0.8904250025749206,0.9196431368589401,0.8730284452438354
34.02000000034741,236.76264449950222,18.75768669354981,131.81436237041623,62.98690234541047,127.2149115128845,65.6753161672019,0.889443863928318,0.933030292391777,0.9073623478412628,0.8902545303106307,0.9193019643425941,0.8732950836420059
34.04000000034523,236.8791470629864,18.72962104802119,131.60856445782142,63.026419923761985,127.07855146661959,65.65673026306702,0.8897328048944473,0.9330357819795608,0.907264344394207,0.8899886339902877,0.9187355488538742,0.8736558318138122
34.06000000034305,236.99484004176935,18.699215485217664,131.3950873482546,63.090713446971314,126.94454729505664,65.63765929979941,0.8900588184595107,0.9330605298280715,0.9071383342146874,0.8896359369158745,0.917953921854496,0.8741125896573066
34.080000000340874,237.10906242523325,18.666990601510083,131.1746533461296,63.17801707691229,126.81295231235279,65.61810675932765,0.8904201120138168,0.933104008436203,0.9069856896996498,0.8892003864049911,0.916968460381031,0.8746600285172462
34.100000000338696,237.22205784837325,18.633640493343055,130.94799888317914,63.285842266639484,126.6838188741587,65.59807621150537,0.8908163100481034,0.9331648498773575,0.9068081945180893,0.8886851698160171,0.915793576836586,0.875289560854435
34.12000000033652,237.3331130806475,18.599937442837998,130.71596065447477,63.41057123847888,126.55719835678855,65.57757131345969,0.8912482395768165,0.9332407653331757,0.90660839676857,0.8880929782986641,0.9144477382302284,0.8759884998202324
34.14000000033434,237.44178814988157,18.56661160874881,130.47950736979578,63.548090036365686,126.43314113677971,65.55659580892332,0.8917163476347924,0.9333285629749298,0.9063907265663147,0.8874275535345078,0.912957614660263,0.8767377614974975
34.16000000033216,237.54774691968015,18.53439013104967,130.2397458130135,63.69412982492197,126.31169657085037,65.53515352755116,0.89221962839365,0.9334246754646301,0.9061604052782058,0.8866953015327453,0.911354999244213,0.877515298128128
34.18000000032998,237.65069382264747,18.503879457759695,129.99791116698626,63.84436954079827,126.19291297626256,65.51324838422103,0.8927537053823471,0.9335260093212128,0.9059237048029899,0.885906445980072,0.9096753820776939,0.8782996162772179
34.200000000327805,237.75035996425942,18.47559076920292,129.75534691954613,63.99448859581707,126.07683761159903,65.49088437831892,0.8933108896017075,0.9336299806833267,0.9056876793503761,0.8850747823715209,0.907956899702549,0.8790707781910896
34.220000000325626,237.8464859027529,18.449986963679493,129.51347812430276,64.14021075837469,125.9635166579612,65.46806559300884,0.8938802868127823,0.9337346494197846,0.9054600849747657,0.884216770529747,0.906238654255867,0.8798112466931343
34.24000000032345,237.938873567115,18.427297578674516,129.27378029524442,64.27736620634022,125.85299520059573,65.44479619448722,0.8944491922855377,0.9338383615016937,0.9052506536245346,0.8833518341183663,0.9045611560344696,0.8805056616663932
34.26000000032127,238.02732662732998,18.4078332704903,129.03774511994666,64.4019859725879,125.74531721095724,65.42108043122236,0.8949817270040512,0.9339552253484725,0.9052833676338196,0.8826289072632789,0.9031068712472915,0.881291463971138
34.28000000031909,238.11163822465707,18.391904841179503,128.80684324288106,64.5104241518966,125.64052552921403,65.3969226331787,0.895493072271347,0.9340649098157883,0.9053382992744445,0.8819185197353363,0.9017582386732101,0.88198371976614
34.30000000031691,238.1915942269728,18.37964758046319,128.5824843453561,64.59949086548937,125.53866184720394,65.37232721102627,0.895966374874115,0.93416847884655,0.9054156094789505,0.8812375336885452,0.9005341142416,0.8825816243886947
34.320000000314735,238.26702831556048,18.371169106735298,128.36597569298368,64.66657638737848,125.43976669184704,65.34729865533542,0.8962970733642578,0.934324100613594,0.9054740190505981,0.8806572064757346,0.8992532074451446,0.883470843732357
34.34000000031256,238.33777141740757,18.36654702872805,128.1584812573621,64.70974938125126,125.34387940902187,65.32184153575692,0.8966825112700462,0.9344022780656814,0.9056077495217323,0.8800552606582641,0.8983671441674232,0.8837875634431839
34.36000000031038,238.40366624275944,18.36579559909879,127.96097180724732,64.72776908779294,125.25103814791143,65.29596050018768,0.8969313889741898,0.9344789266586303,0.9057364463806152,0.8795668035745621,0.8976446017622948,0.8840499326586723
34.3800000003082,238.46458977075827,18.36891761083324,127.77415452593864,64.71997630607169,125.16127984582543,65.2696602739221,0.8969284564256668,0.934551015496254,0.9058177441358566,0.8792805314064026,0.8971326261758804,0.884272801876068
34.40000000030602,238.52046614679685,18.37585628348108,127.59846789854875,64.68638399338032,125.07464021350458,65.24294565878937,0.8968701854348182,0.9346092909574508,0.9059270620346069,0.8790489807724953,0.8968067735433578,0.8843554005026817
34.420000000303844,238.57128460606637,18.38651523753252,127.43409091577547,64.62756231880336,124.9911537209129,65.21582153227678,0.8967595309019089,0.9346545398235321,0.9060633987188339,0.878873336315155,0.8966620594263076,0.8843091502785683
34.440000000301666,238.6171259990929,18.40084063004199,127.28095025124485,64.5443383758686,124.91085358352375,65.18829284663916,0.8966049373149871,0.9346860468387603,0.9062266200780869,0.8787508130073547,0.8966939777135848,0.8841393932700157
34.46000000029949,238.65814533905507,18.418522497171494,127.13876253635115,64.43851821910299,124.8337717491048,65.16036462799472,0.8964167535305023,0.9347030073404312,0.9064163640141487,0.8786769807338715,0.8968958631157875,0.8838529244065284
34.48000000029731,238.69460070156498,18.439053909041117,127.007039382177,64.31266680636854,124.75993888500759,65.13204197540743,0.8962049663066863,0.9347054928541183,0.9066312178969383,0.878647132217884,0.8972563877701759,0.883463516831398
34.50000000029513,238.72690142918538,18.46178124812588,126.88508094875368,64.16972702928521,124.6893843659663,65.10333005995598,0.8959791600704193,0.9346943259239197,0.9068688571453094,0.8786561042070389,0.8977601200342178,0.882990026473999
34.52000000029295,238.7556096155404,18.48603950094744,126.7720205213262,64.0128725027631,124.62213626241095,65.07423412378971,0.8957487404346466,0.9346706688404083,0.9071268051862716,0.8786980897188187,0.8983892142772675,0.8824531912803649
34.540000000290775,238.78135169105047,18.511260875821435,126.6668771866908,63.84521249766211,124.55822132929937,65.04475947917152,0.8955230996012687,0.9346358269453049,0.907401955127716,0.8787665396928787,0.8991232186555862,0.8818738877773284
34.560000000288596,238.80480334226445,18.537041144748347,126.56860287598647,63.66925658257031,124.49766499547269,65.01491150750792,0.8953117370605469,0.9345909714698791,0.9076914638280869,0.878854002058506,0.8999409973621368,0.8812704935669898
34.58000000028642,238.82671331124308,18.562874926159985,126.4761234708423,63.48733996553831,124.44049135353835,64.98469565836655,0.8951249167323112,0.9345365047454833,0.9079932704567909,0.8789518535137176,0.900823113322258,0.8806550249457359
34.60000000028424,238.8478122686626,18.588421434015856,126.38837362266736,63.30174025620025,124.3867231502847,64.95411744848117,0.8949721068143844,0.9344727754592895,0.9083059176802635,0.8790511667728423,0.9017504557967185,0.8800372764468193
34.62000000028206,238.868798638941,18.613280981284912,126.30432522920943,63.11465344951128,124.33638177763115,64.92318246074448,0.8948611170053482,0.9344002306461334,0.9086280509829521,0.8791436091065407,0.9027045622467994,0.8794254958629608
34.64000000027988,238.89032737949407,18.63704074377442,126.22300994884924,62.92816842738254,124.2894872641173,64.89189634318878,0.8948856636881828,0.9342622935771941,0.9090004220604896,0.8791671589016914,0.9038713946938515,0.8784839287400246
34.660000000277705,238.912986442111,18.659296302839344,126.14353642488086,62.74424198335866,124.24605826693443,64.86026480795475,0.8948652565479278,0.9341785997152329,0.9093343168497086,0.8792302533984184,0.904816135764122,0.8779340043663978
34.68000000027553,238.93727677047082,18.679667552270608,126.06510310859323,62.56467711183853,124.2061120645027,64.82829363024858,0.8949027895927429,0.9340846240520477,0.9096777334809303,0.8792648181319237,0.9057553112506866,0.8773847863078117
34.70000000027335,238.96359652513468,18.697811507365447,125.98700764555363,62.39110738296272,124.1696645495969,64.79598864728754,0.89498570561409,0.9339877963066101,0.9100241988897323,0.8792754352092743,0.9066576421260834,0.8768750950694084
34.72000000027117,238.9922296241452,18.713431951645177,125.90865347051113,62.22498775564647,124.13673022302332,64.76335575723418,0.8951103925704956,0.9338897883892059,0.9103723853826523,0.8792611435055733,0.9075128331780433,0.8764095708727836
34.74000000026899,239.0233324735804,18.7262716973698,125.8295583074045,62.06762472525573,124.10732218785064,64.73040091811956,0.8952721029520034,0.9337927460670471,0.9107206791639327,0.8792219921946526,0.9083102762699127,0.8759943559765816
34.760000000266814,239.0569164199474,18.736084073970563,125.74936634539196,61.920257610880526,124.08145214419679,64.69713014675533,0.8961595833301544,0.9338161975145339,0.9113255620002746,0.8787403345108032,0.9085692301392555,0.875537696480751
34.780000000264636,239.09287547797337,18.74269471952184,125.6678295774873,61.78392599920662,124.05913038457399,64.6635495176353,0.8973186910152435,0.9339520335197449,0.9120534464716911,0.8781986981630325,0.9083253100514411,0.8753814131021499
34.80000000026246,239.13099973000146,18.746009661456345,125.58480136396342,61.65945110260077,124.04036578979382,64.62966516182632,0.8981553927063942,0.9340246587991714,0.9127932712435722,0.8778969049453735,0.9083075270056724,0.8755582198500633
34.82000000026028,239.1709887221018,18.74600952921602,125.50023075088643,61.5474463498476,124.025165825434,64.59548326584891,0.8987762883305549,0.9341334223747253,0.913562935590744,0.8776992216706275,0.9085074052214622,0.8758555561304092
34.8400000002581,239.21246795906316,18.742743987639642,125.41415408746586,61.448324891712055,124.01353653886812,64.56101007054767,0.8993741482496261,0.9341874957084656,0.9145398542284965,0.8773068457841873,0.9088165700435639,0.8761580288410187
34.86000000025592,239.25495211736754,18.73633571958612,125.32671883201616,61.362277361338684,124.00548255685968,64.52625186995196,0.8998823374509811,0.9341943532228469,0.9156774014234542,0.8768250986933708,0.9091796115040779,0.8765413835644722
34.880000000253744,239.29765584194587,18.727024249780385,125.23829257351463,61.289130109682674,124.00100708372135,64.49121501012667,0.9004060566425324,0.9342067271471023,0.9165893390774726,0.8763129130005837,0.9093800976872444,0.8768227651715278
34.900000000251566,239.33949230425947,18.715113141451923,125.14942933566219,61.22846444959638,124.00011190004007,64.45590588801356,0.9009436070919037,0.9343256294727326,0.9174269661307335,0.8758765891194343,0.9095493406057358,0.8770343333482742
34.92000000024939,239.37927431843278,18.70088598735999,125.06073833246997,61.1798787560341,124.00279736196866,64.4203309502634,0.9018533229827881,0.9345898449420929,0.9187808379530906,0.8756124630570411,0.9101662620902061,0.8770572260022164
34.94000000024721,239.4158689383777,18.68511133046836,124.97282719117634,61.141606727508766,124.00906240108411,64.38449669205892,0.9027593553066253,0.9348371624946594,0.9202902644872665,0.8753103747963905,0.9108852326869964,0.8770736053586006
34.96000000024503,239.44826344676216,18.668807348671958,124.88635107230698,61.11107596545595,124.01890452481267,64.34840965592886,0.9031933188438416,0.935141834616661,0.9216561794281005,0.8751035630702972,0.911445215344429,0.8773627743124962
34.98000000024285,239.47561117550893,18.65295785460928,124.80203369005687,61.085626233894686,124.03231981742155,64.31207643055357,0.9035083889961243,0.9354368597269058,0.9224436983466148,0.874872763454914,0.9114703208208084,0.8777646675705909
35.000000000240675,239.4972346087571,18.638326944836162,124.72062766591024,61.063039412055204,124.04930294157676,64.27550364956201,0.9038522928953171,0.9356641680002212,0.9231354489922523,0.874625512957573,0.9114695385098457,0.8781034976243972
35.0200000002385,239.51258009190747,18.625428273836604,124.64287292992078,61.041851273632794,124.0698471404666,64.23869799032059,0.9041109427809715,0.9359332203865051,0.9241148978471756,0.874406510591507,0.911752064526081,0.8785066068172455
35.04000000023632,239.5210916863688,18.61455507424839,124.56953020309207,61.02158850990204,126.2113720114838,64.20166617271403,0.9043302983045578,0.9361946463584899,0.9249922975897789,0.8741939499974251,0.9117999017238617,0.8793093338608742
35.06000000023414,239.5222340360857,18.605896075925564,124.50143736589868,61.00244669524755,129.03807888838443,64.16441495791852,0.9042154058814048,0.9364278554916382,0.9256957203149795,0.8742332488298415,0.9120972335338592,0.8799334213137626
35.08000000023196,239.5156521437542,18.59972457139092,124.43946536712487,60.98460034554386,129.07615164158233,64.1269511471672,0.9040727078914642,0.9366414219141006,0.9261540472507477,0.8743137016892433,0.9122245579957962,0.8804471269249916
35.100000000229784,239.5012488605728,18.59632002107453,124.38439225734555,60.967859937888896,129.11421212539574,64.08928158050847,0.9040316119790077,0.9367498278617858,0.9264691174030304,0.8743669614195824,0.9123814582824706,0.8807920545339584
35.120000000227606,239.4791152340248,18.596012646564418,124.33689925288768,60.95183064526772,129.15225420760342,64.0514131355571,0.9039159327745437,0.9368271648883819,0.9267603605985641,0.8744049683213234,0.9125483632087708,0.8810457065701485
35.14000000022543,239.44950467995258,18.59914515007116,124.29766963707958,60.9359053134102,129.190271758949,64.01335272623857,0.9036690175533294,0.9369095087051391,0.927175548672676,0.8744180887937546,0.9127508208155631,0.8812993407249451
35.16000000022325,239.41284828119376,18.60610676614301,124.26736653724764,60.91898753295714,129.22825865412847,63.97510730152674,0.9034019768238067,0.9369519859552383,0.9275382459163666,0.8743867114186287,0.9128319397568703,0.8814902514219284
35.18000000022107,239.36978205164485,18.61727125144351,124.24650725144205,60.900047752094224,129.26620877277708,63.936683844175114,0.9032748490571976,0.9370829582214355,0.92804434299469,0.8743416279554367,0.9130520239472389,0.8814096510410309
35.20000000021889,239.32111591276947,18.6327706542598,124.23535800307597,60.87844607684283,129.3041160004554,63.898089369441934,0.9034144669771195,0.9371982395648956,0.9284219712018966,0.8742770671844482,0.9132900476455689,0.8810791134834289
35.220000000216714,239.2677562049381,18.652427302447173,124.23391469410151,60.8541021229975,129.34197422963453,63.85933092380938,0.9036801308393478,0.9372503817081451,0.9286504864692687,0.8741897746920585,0.9134337425231933,0.8807183250784874
35.240000000214536,239.2106686896408,18.6758155045265,124.24197245049149,60.82739591165649,129.3797773606801,63.82041558369701,0.9038749575614929,0.9372770696878433,0.9288345664739609,0.8740899428725243,0.9134669169783592,0.8803997367620467
35.26000000021236,239.1508647862625,18.702382589684554,124.25924849253501,60.79892112435192,129.41751930283502,63.78135045416981,0.9041212826967239,0.9372655630111694,0.9289033740758895,0.8740042239427567,0.9134142562747002,0.8801892548799515
35.28000000021018,239.08934834989432,18.731489188797088,124.28544531039815,60.76941454409832,129.4551939752008,63.74214266764092,0.9041270852088928,0.9373308300971984,0.9288039356470108,0.8740216314792633,0.9133529990911483,0.8800575360655785
35.300000000208,239.02700561520982,18.762455077458963,124.32033857184217,60.73983409315359,129.49279530771736,63.70279938256943,0.9040601551532745,0.9373315364122391,0.9287386864423751,0.874032735824585,0.913321053981781,0.8800208523869514
35.32000000020582,238.96450756055404,18.79470028871205,124.36371965393758,60.71090765690618,129.5303172421409,63.66332778215343,0.9039824068546295,0.9373226404190064,0.9286429941654205,0.8740475505590438,0.913282412290573,0.8799838289618492
35.340000000203645,238.90231047609316,18.82756682513655,124.41531201984617,60.68331562779361,129.56775373302014,63.6237350730185,0.9038951635360718,0.9373055279254913,0.9285166800022125,0.8740654140710831,0.9132294520735741,0.879955817759037
35.36000000020147,238.8413286608549,18.860577372929388,124.47474398349306,60.65767360699833,129.60509874867026,63.58402848390193,0.9038006424903869,0.9372812986373901,0.9283603340387344,0.8740855395793915,0.9131572604179382,0.8799417451024055
35.38000000019929,238.78096877789227,18.89319792214441,124.54148167154202,60.63444185914669,129.64234627214466,63.54421526433296,0.903702813386917,0.9372509360313416,0.9281748414039611,0.8741067603230476,0.9130617827177048,0.8799431934952736
35.40000000019711,238.72130318978608,18.924957396145004,124.61475988984773,60.6138984077124,129.67949030220458,63.50430268330913,0.9036055743694306,0.9372157365083694,0.9279622137546539,0.8741278782486915,0.912940028309822,0.879960623383522
35.42000000019493,238.66244153400964,18.955580451710343,124.69365772170619,60.596146219065595,129.71652485428578,63.46429802796913,0.9035127878189086,0.9371771842241287,0.9277258932590484,0.874147605895996,0.9127904772758484,0.8799933105707168
35.440000000192754,238.60449200560004,18.984825103380476,124.77715587319992,60.581141615640796,129.75344396146295,63.42420860226238,0.9034284502267838,0.937136423587799,0.9274689555168152,0.8741647854447364,0.9126127362251282,0.8800382375717163
35.460000000190576,238.54756923834256,19.01249919409784,124.86417616698223,60.5687201021305,129.79024167541095,63.38404172561545,0.9033557802438735,0.9370946168899535,0.9271950662136078,0.8741784512996673,0.9124074533581733,0.8800924941897392
35.4800000001884,238.49179266716035,19.038463438137093,124.95361687254254,60.55861689759049,129.82691206736328,63.34380473159569,0.9032968521118164,0.937052783370018,0.9269084364175796,0.874187932908535,0.9121766179800034,0.8801534429192542
35.50000000018622,238.43728253493006,19.062613629639735,125.04438563705186,60.550484591333266,129.8634492290673,63.30350496657232,0.9032525062561035,0.9370118528604507,0.926613187789917,0.8741929486393928,0.9119227960705757,0.8802192598581314
35.52000000018404,238.38416966086558,19.084845577111473,125.1354256281442,60.54390933914772,129.89984727373607,63.26314978837513,0.903222519159317,0.9369724780321121,0.9263133436441421,0.8741935476660728,0.9116496175527572,0.8802883937954903
35.54000000018186,238.33257428008568,19.10518427156133,125.22573759629131,60.538423392473575,129.93610033699696,63.22274656495111,0.9032057777047157,0.9369352668523788,0.9260130703449249,0.8741900160908699,0.9113610967993736,0.8803601294755935
35.560000000179684,238.28258152806328,19.123678199766175,125.31439843239261,60.53351038189028,129.97220257783633,63.18230267301922,0.9032007977366447,0.9369005233049392,0.9257159709930419,0.8741828501224518,0.9110619947314262,0.8804332956671714
35.580000000177506,238.23425612981057,19.140392292133754,125.4005763139168,60.52861957861172,130.00814817954083,63.141825496723584,0.9032057151198387,0.9368684530258179,0.9254253715276718,0.8741726890206337,0.9107571214437484,0.8805068954825401
35.60000000017533,238.1876404942562,19.155410581113255,125.48354253851939,60.5231827612749,130.04393135063435,63.101322426285286,0.9032184109091759,0.9368391454219818,0.9251445353031158,0.874160198867321,0.9104516446590424,0.8805799722671509
35.62000000017315,238.14275109565935,19.168832613698257,125.56267985559124,60.51663054314608,130.07954632581132,63.06080085665311,0.9032371371984481,0.9368126273155212,0.9248764306306839,0.8741460099816322,0.9101505219936371,0.8806513413786888
35.64000000017097,238.09957660557117,19.18076934976188,125.63748724415109,60.50840783076415,130.11498736686548,63.02026818615337,0.9032604366540908,0.9367888808250427,0.9246237620711326,0.8741307035088539,0.9098586931824684,0.8807193487882614
35.66000000016879,238.05807793616967,19.19133933352672,125.70758129726151,60.497987958940236,130.15024876361448,62.97973181513916,0.903286874294281,0.936767753958702,0.9243888765573501,0.8741148203611374,0.9095808252692222,0.880782425403595
35.680000000166615,238.01820979656637,19.200597436151288,125.77269427119761,60.48488540809291,130.18532483481985,62.93919914463918,0.9033152252435684,0.9367490947246552,0.9241737768054008,0.8740988790988922,0.909321191906929,0.8808389797806739
35.70000000016444,237.97989035707045,19.208684982590857,125.83266913944468,60.468666807998595,130.22020992910237,62.89867757500654,0.9033442288637161,0.9367326617240905,0.9239801838994026,0.8740833669900894,0.9090837806463241,0.8808876976370811
35.72000000016226,237.9430032622775,19.21574883388633,125.88745221254878,60.44896006564037,130.2548984258526,62.85817450456753,0.903372848033905,0.93671815097332,0.9238092914223671,0.8740687355399132,0.9088721230626106,0.8809271216392517
35.74000000016008,237.90741828355002,19.221916458674446,125.93708386244779,60.42546151450857,130.28938473613644,62.817697328270945,0.9034002512693405,0.9367052674293518,0.9236619442701339,0.8740553334355354,0.9086889907717705,0.8809562146663665
35.7600000001579,237.87299651328553,19.22730561156684,125.9816878899081,60.39794113779905,130.32366330359568,62.77725343633788,0.903425794839859,0.9366936266422271,0.9235385447740555,0.8740434914827346,0.9085368201136589,0.8809738054871559
35.780000000155724,237.83959430997433,19.23202471592541,126.02146003248355,60.36624582054768,130.3577286053431,62.736850212912444,0.9020597323775291,0.9361950665712356,0.9228465884923934,0.8744370341300964,0.9090739503502846,0.8813399225473404
35.800000000153545,237.80706720667771,19.236172254399794,126.05665608821215,60.3303006412824,130.39157515285245,62.69649503471361,0.900718730688095,0.9358830988407135,0.9220550641417503,0.8748781591653824,0.9094766303896904,0.8814531207084656
35.82000000015137,237.77527366919762,19.23983607724884,126.08758008817662,60.29010830198277,130.42519749284264,62.656195269688354,0.8996652394533157,0.9356356561183929,0.921247535943985,0.8752297118306159,0.9098005026578903,0.8811683997511863
35.84000000014919,237.7440784632279,19.24309282558006,126.11457283566754,60.24574687573875,130.45859020815644,62.61595827566648,0.8988285019993781,0.9353828489780426,0.9203990995883942,0.8754658043384552,0.9098279640078545,0.8810144945979118
35.86000000014701,237.71335545429048,19.246007559358485,126.1380011184711,60.197365980237436,130.49174791863317,62.57579139901719,0.8982374995946883,0.9351414680480957,0.9191846936941147,0.8757032155990601,0.9095552906394004,0.8807420089840888
35.88000000014483,237.6831042948329,19.24864452048439,126.15818114190404,60.14505685586213,130.5246652819757,62.53570197330785,0.8978267997503281,0.9349944025278091,0.9182094648480416,0.8759095668792725,0.9093650996685028,0.8804448381066322
35.900000000142654,237.65384470807885,19.251025582553286,126.17513203655604,60.08868213885911,130.557336994611,62.49569731796504,0.8973526209592819,0.9347081214189529,0.917507392168045,0.8760403782129288,0.9092280745506286,0.8805137574672699
35.920000000140476,237.62653726506827,19.252944945319584,126.18857772035852,60.02860863511564,130.58975779254487,62.45578473693815,0.8969818279147148,0.9344407856464386,0.9167035073041916,0.8761740460991859,0.909064245223999,0.8803262397646904
35.9400000001383,237.6023265307348,19.25397625197143,126.19806577835735,59.96583893670925,130.6219224522098,62.4159715173659,0.8963741600513458,0.9343338191509246,0.9156821668148041,0.8764015778899192,0.9086980119347572,0.880207471549511
35.96000000013612,237.58233886017754,19.253664459634706,126.20305966431056,59.90140852332027,130.6538257913068,62.37626492824582,0.8961194396018982,0.9342007279396057,0.914636418223381,0.8766573399305343,0.9083847790956497,0.8800326138734818
35.98000000013394,237.5675353055465,19.251585300830964,126.20296886200404,59.83619808391946,130.6854626696402,62.336672219107136,0.8961062252521514,0.9340425133705139,0.9137318342924118,0.8768124565482139,0.9081646233797073,0.8794642582535743
36.00000000013176,237.55863191206967,19.2473902103428,126.19727216465718,59.77092793659216,130.716827989946,62.29720061868716,0.8960246592760086,0.9340770244598389,0.9134613558650017,0.8769712924957275,0.9085430562496185,0.878718376159668
36.020000000129585,237.5561115687891,19.24079367259638,126.1856111253028,59.706104733558846,130.747916698713,62.25785733361146,0.8961591139435768,0.9340161561965942,0.9126231789588928,0.8770133584737777,0.9080962315201759,0.8782372817397117
36.04000000012741,237.5602448129406,19.231574468399007,126.16777439102235,59.64207138929467,130.77872378699692,62.21864954707814,0.8964667856693268,0.9339642643928527,0.9122400969266892,0.8770325720310211,0.907926170527935,0.8776724576950073
36.06000000012523,237.57115691864186,19.2196362537633,126.14364528670271,59.578978539066405,126.0,62.17958441754627,0.896858298778534,0.9340474843978882,0.9118473410606384,0.8771636962890624,0.9077078968286514,0.8768555954098701
36.08000000012305,237.58874864612167,19.204974125936626,126.1131977513008,59.51687265437825,126.0,62.14066907742902,0.8974390059709548,0.9339918911457061,0.9119704991579055,0.877118156850338,0.9079259425401688,0.8762684866786002
36.10000000012087,237.6126590172119,19.18762601915761,126.07653474468313,59.455911787843455,126.0,62.10191063179135,0.897854645550251,0.9340090483427047,0.9120825707912444,0.8770792558789253,0.9079277887940407,0.8758411571383476
36.120000000118694,237.64231973027015,19.167721304706554,126.03390581244915,59.39648758076133,126.0,62.063316157052824,0.8981524065136909,0.934061861038208,0.9123105585575103,0.876888233423233,0.9078136384487152,0.8757163941860199
36.140000000116515,237.6769550138677,19.145470983913935,125.98568006351078,59.338933048955504,126.0,62.024892699695634,0.8986196383833885,0.9340179085731506,0.9122399002313614,0.8767395228147506,0.9075480371713638,0.8755603477358818
36.16000000011434,237.71564378487167,19.120965609488202,125.93232641196346,59.28355882840666,126.0,61.98664727497802,0.8992009848356247,0.9339753240346909,0.9123792722821236,0.8764581009745598,0.9074047088623046,0.8755373522639275
36.18000000011216,237.75728498909464,19.094468418090205,125.87436841777662,59.23072599260916,126.0,61.948586865653475,0.899776166677475,0.9338361710309983,0.9124396979808808,0.8762166932225227,0.9073022037744521,0.8755933254957199
36.20000000010998,237.80063955196982,19.06625628320266,125.81240603952216,59.18085633457194,126.0,61.91071842069587,0.9001363337039947,0.9336320102214813,0.9123856067657471,0.8759900644421578,0.9069195955991745,0.8760170698165893
36.2200000001078,237.84445980480325,19.036653532530543,125.74709602199822,59.13429186588366,126.0,61.873048854030685,0.9002300947904587,0.9335068315267563,0.9128198161721229,0.8757718577980995,0.9069200068712234,0.8764567598700523
36.240000000105624,237.88757444164528,19.006061063222607,125.67914503242723,59.09117178239757,126.0,61.8355850432727,0.9002777934074402,0.9334113538265228,0.9129733860492706,0.8757069930434227,0.9068647533655166,0.8769672602415085
36.260000000103446,237.92886662037378,18.974828791316018,125.60926473164895,59.05141576969365,126.0,61.798333828470305,0.9002978026866912,0.9333210170269012,0.9133733436465263,0.8755126312375069,0.9070718109607696,0.877372895181179
36.28000000010127,237.96730439957204,18.943229048469053,125.53817045756884,59.014770427718815,126.0,61.76130201085665,0.9002216145396232,0.9332386016845703,0.9136480823159218,0.8753887668251991,0.9070805013179779,0.8777288019657135
36.30000000009909,238.00194906956582,18.911522335085888,125.46654290339227,58.98086746630479,126.0,61.724496351607904,0.9002625539898872,0.933271074295044,0.9138442233204841,0.8753071114420891,0.9070615202188491,0.877901428937912
36.32000000009691,238.03204378059323,18.879947225777755,125.3949999400041,58.94900862333107,126.0,61.68792357060881,0.9003142178058624,0.9333242893218994,0.9140643835067749,0.8752493858337402,0.9070573538541794,0.8780647173523902
36.34000000009473,238.057098890434,18.84897408347285,125.32409013519887,58.91768376177495,126.0,61.65159034522578,0.9003817021846771,0.9334012508392334,0.9143160462379455,0.8752224653959274,0.907084609568119,0.8782016396522522
36.360000000092555,238.07688013582506,18.819189866972515,125.2542552116425,58.885043505435256,126.0,61.615503309087764,0.9004456013441086,0.9334791153669357,0.9145668059587478,0.8751955181360245,0.9071114763617515,0.8783298000693321
36.38000000009038,238.09142475191803,18.79095082248079,125.18586061398787,58.849550668129005,126.0,61.579669050875104,0.900508490204811,0.9335559785366058,0.914819523692131,0.8751686826348305,0.9071509942412376,0.8784334272146225
36.4000000000882,238.10095016406288,18.76448150906856,125.1191832266136,58.81024738282399,126.0,61.544094113116586,0.9005710750818252,0.9336301058530807,0.9150755271315575,0.8751424103975296,0.9072126895189285,0.8785022348165512
36.42000000008602,238.1056494593441,18.739834073621736,125.05440191705911,58.766885573073246,126.0,61.50878499099491,0.9006321579217911,0.9337001651525497,0.9153354287147522,0.875117528438568,0.9073031201958656,0.8785318285226822
36.44000000008384,238.10640528525195,18.716975640640843,124.99160584000869,58.71973551004598,126.0,61.473748131160825,0.9006097704172135,0.9337946325540543,0.9155437737703324,0.875098904967308,0.9071869313716888,0.8788631305098533
36.46000000008166,238.10363858151283,18.695766624267513,124.9308074517862,58.66936269765238,126.0,61.438989930556126,0.9006657123565673,0.9338522553443909,0.9158145785331726,0.8750792354345321,0.9073581770062447,0.8787973716855049
36.480000000079485,238.0976762814822,18.67598458143243,124.87196018604284,58.61643647432506,126.0,61.4045167352457,0.9007030442357064,0.9339070618152618,0.9160793840885162,0.8750641837716102,0.907533374428749,0.8787420600652694
36.50000000007731,238.08892558690513,18.657557854579256,124.81497580715158,58.561623499624766,126.0,61.37033483925889,0.9007280468940735,0.9339566200971603,0.9163426250219345,0.8750535666942596,0.907730820775032,0.8786743029952049
36.52000000007513,238.07778172121903,18.640444489455383,124.75973959749791,58.50554961844675,126.0,61.33645048344033,0.9007404386997223,0.9340013056993485,0.9166017711162567,0.8750472456216812,0.9079433366656303,0.8786040648818015
36.54000000007295,238.06461555366712,18.624660523641815,124.70612162102336,58.44867188862025,126.0,61.30286985431052,0.9007432863116264,0.9340414583683013,0.916855476796627,0.8750443533062935,0.9081658482551574,0.8785353824496269
36.56000000007077,238.04978137119465,18.610336665333435,124.65398336748045,58.391060431240476,126.0,61.26959908293632,0.9007421195507049,0.9340773820877075,0.9171032682061195,0.8750434145331383,0.9083945423364639,0.8784683316946029
36.580000000068594,238.03359317162412,18.597514442872654,124.60319101948147,58.3329767158763,126.0,61.23664424381152,0.9007435590028763,0.9341091930866241,0.9173455029726029,0.8750428378582,0.9086281180381774,0.8783985987305641
36.600000000066416,238.0163230824125,18.58615129335906,124.55362147777586,58.27486464240057,126.0,61.2040113537478,0.9007522851228714,0.9341372042894364,0.9175822302699089,0.8750414073467254,0.9088645681738853,0.8783237561583519
36.62000000006424,237.9982055137649,18.57616230461243,124.50516535314627,58.2172314692682,126.0,61.17170637077621,0.9008493229746818,0.9341327518224716,0.9178683504462242,0.8750345721840859,0.9093408077955246,0.877912224829197
36.64000000006206,237.9794413562789,18.567448266695393,124.45772857723979,58.16056640755261,126.0,61.1397351930593,0.9008704990148544,0.9341567039489745,0.9180875673890113,0.875030356645584,0.909555871784687,0.8778554469347
36.66000000005988,237.96020159110398,18.559911750666643,124.41123301324201,58.10529298555885,126.0,61.108103657814354,0.9009071916341781,0.9341761231422424,0.9183051839470863,0.8750240221619606,0.9097856387495994,0.8777707517147064
36.6800000000577,237.94062925105683,18.553462097926943,124.36561654847155,58.05175434758825,126.0,61.076817540247546,0.9009499460458755,0.9341940313577651,0.9185141772031784,0.8750163689255714,0.9100050210952758,0.8776910811662674
36.700000000055525,237.92083966796824,18.54801261169551,124.32083291105685,58.0002234322543,126.0,61.04588255249957,0.9009977877140045,0.9342106699943542,0.9187142610549927,0.8750075981020927,0.9102134376764297,0.8776164978742599
36.720000000053346,237.9009135191883,18.54347182194014,124.27685325238045,57.950942641338415,126.0,61.015304342602725,0.9010495990514755,0.9342265665531159,0.9189048409461975,0.8749978482723236,0.9104087471961975,0.8775488346815109
36.74000000005117,237.8808814109117,18.539724496978312,124.23367020417328,57.904210088341245,126.0,60.98508849344971,0.901104673743248,0.9342421054840088,0.9190854340791702,0.8749871551990509,0.9105891793966293,0.8774892047047614
36.76000000004899,237.86074966908092,18.536652600836238,124.19128806557927,57.86029170344057,126.0,60.95524052177429,0.9011627703905105,0.9342577517032623,0.9192556917667388,0.8749754473567009,0.9107528612017631,0.8774385511875152
36.78000000004681,237.84050605560915,18.534142462186974,124.14971962718808,57.819401799532834,126.0,60.92576587714411,0.9012237817049026,0.9342739343643188,0.9194153055548667,0.8749625816941261,0.9108980268239975,0.8773975223302841
36.80000000004463,237.82012156215427,18.532087171846168,124.10898426008717,57.78170453327906,126.0,60.89666994096569,0.9012872070074082,0.9342910557985306,0.9195640474557877,0.8749485850334168,0.9110233396291733,0.8773667886853218
36.820000000042455,237.79955355291904,18.530389309372122,124.06910565223971,57.74731286065461,126.0,60.867958025501906,0.9013520896434783,0.9343093663454055,0.9197016984224319,0.8749335423111916,0.9111277490854263,0.877347145974636
36.84000000004028,237.77874922826894,18.528963075391935,124.03010956578315,57.71628832534066,126.0,60.83963537290211,0.901417526602745,0.9343291789293289,0.9198281556367874,0.874917596578598,0.9112105801701545,0.8773390859365463
36.8600000000381,237.75764905201808,18.52773580208583,123.99202173313655,57.6886415460548,126.0,60.81170715424502,0.9014828830957412,0.9343506723642349,0.9199434101581573,0.8749008104205132,0.9112713947892189,0.8773427963256836
36.88000000003592,237.73618984250623,18.526648883270568,123.9548659959084,57.66433330108226,126.0,60.784178468594575,0.9015475913882255,0.9343739449977875,0.9200476184487343,0.874883259832859,0.9113103494048118,0.8773579865694046
36.90000000003374,237.71430744391782,18.525658166944147,123.91866272840547,57.64327615272522,126.0,60.75705434206901,0.9016113340854645,0.9343991309404373,0.9201411157846451,0.8748649626970291,0.91132772564888,0.8773841515183448
36.920000000031564,237.69193910790645,18.52473387580175,123.88342752409484,57.62533658752718,126.0,60.730339726923155,0.9016738429665565,0.9344262212514877,0.92022425532341,0.8748460039496422,0.9113243728876114,0.8774203926324844
36.940000000029386,237.6690257101397,18.523860108800697,123.84917012669978,57.61033761816917,126.0,60.70403950064428,0.9017347738146781,0.934455206990242,0.9202974975109101,0.8748264417052268,0.9113012567162514,0.8774658247828483
36.96000000002721,237.64551374202378,18.523033992234314,123.81589361268566,57.59806193262424,126.0,60.67815846506159,0.901793697476387,0.9344859719276428,0.9203613877296447,0.8748064190149307,0.9112598121166229,0.8775194063782692
36.98000000002503,237.62135695850114,18.52226444900514,123.78359385124423,57.58825578493034,126.0,60.6527013454695,0.901850189268589,0.9345183998346328,0.9204165294766425,0.8747860789299011,0.9112016662955283,0.8775800600647926
37.00000000002285,237.59651762913552,18.521570615100217,123.75225925833291,57.58063378160721,126.0,60.62767278976491,0.9019038915634155,0.9345522850751876,0.9204635754227638,0.8747655913233757,0.9111287102103233,0.8776464581489563
37.02000000002067,237.57096734205234,18.52098009469283,123.72187084999243,57.57488426100449,126.0,60.603077367598594,0.9019545406103134,0.9345874130725861,0.920503307878971,0.8747450903058052,0.9110430985689163,0.8777172416448593
37.040000000018495,237.5446873979425,18.520527108246732,123.69240254671254,57.57067553175293,126.0,60.5789195695409,0.9020019128918647,0.9346235245466232,0.92053644657135,0.8747247502207756,0.910947048664093,0.877790904045105
37.060000000016316,237.5176688878196,18.520250614619655,123.66382169781068,57.56766314819998,126.0,60.55520380626188,0.9020458608865738,0.9346603423357009,0.9205639079213143,0.8747047275304795,0.910843001306057,0.87786595672369
37.08000000001414,237.48991254288524,18.520192450824656,123.63608977776649,57.56549717107194,126.0,60.53193440772597,0.9020862370729447,0.9346975713968276,0.9205864384770394,0.8746851697564125,0.9107332453131676,0.8779410183429718
37.10000000001196,237.4614284038556,18.520395547873306,123.60916321408938,57.56382905845317,126.0,60.509115622401445,0.9021230146288871,0.9347348809242249,0.9206049725413322,0.8746662333607673,0.9106204226613045,0.8780144706368446
37.12000000000978,237.4322353269437,18.520902238917216,123.58299431262185,57.56231815683297,126.0,60.48675161648478,0.9020785078406334,0.9348002374172211,0.9205662995576859,0.8746517807245254,0.9102720841765404,0.8784092828631401
37.1400000000076,237.40236033758373,18.52175269899263,123.55753226156861,57.56063773906296,126.0,60.46484647313996,0.9021152541041374,0.9348345249891281,0.9205850034952163,0.8746340200304985,0.9101809158921241,0.8784481078386307
37.160000000005425,237.3718378600115,18.52298353549387,123.53272416512,57.55848052099189,126.0,60.44340419175297,0.9021412134170532,0.9348702609539031,0.9205964565277099,0.8746178060770035,0.9100728809833526,0.8785096555948257
37.18000000000325,237.3407088458209,18.52462655705504,123.50851609707381,57.55556358896684,126.0,60.42242868720165,0.9021644860506057,0.9349046826362609,0.9206077575683593,0.8746026694774628,0.9099728032946587,0.8785619542002677
37.20000000000107,237.30901983911826,18.526707736920255,123.48485412211087,57.55163264197376,126.0,60.4019237891409,0.9021846294403076,0.9349376827478408,0.9206191167235375,0.8745887666940689,0.909880843758583,0.8786065325140953
37.21999999999889,237.27682788525672,18.529316281551374,123.46168205217525,57.546252126758446,126.0,60.38189324130346,0.9022019922733306,0.9349690020084381,0.9206312626600265,0.874576124548912,0.9097988799214363,0.878642313182354
37.23999999999671,237.2442149755418,18.5327145431939,123.43893473559044,57.538437530423685,126.0,60.36234070081638,0.9022172540426254,0.9349983096122741,0.9206452503800392,0.8745647743344307,0.9097297102212906,0.8786670297384261
37.259999999994534,237.21126593620124,18.537011021690837,123.41655211494488,57.52762705998534,126.0,60.34326973753337,0.9022323548793793,0.9350247919559479,0.9206630602478981,0.874554644525051,0.9096795707941056,0.8786738246679305
37.279999999992356,237.1780629069054,18.542164759360052,123.39448175453451,57.513706880318864,126.0,60.324683833382956,0.9022481888532639,0.9350480020046233,0.9206860467791557,0.8745457395911217,0.9096521541476249,0.8786594346165657
37.29999999999018,237.14468294008992,18.548055667847564,123.37267861958858,57.496827903998856,126.0,60.3065863817328,0.9022643893957137,0.9350677073001862,0.9207147866487503,0.8745382741093636,0.9096488684415817,0.8786243245005607
37.319999999988,237.1111957880992,18.5545344537191,123.35110499706383,57.47727084914643,126.0,60.28898068677012,0.9022799506783485,0.9350839436054229,0.9207492798566818,0.8745324939489364,0.9096692129969597,0.8785713732242584
37.33999999998582,237.07766281295952,18.561454126797184,123.32973032332978,57.45535658848872,126.0,60.27186996289845,0.9022936031222343,0.9350968450307846,0.9207891643047332,0.874528631567955,0.9097116142511368,0.8785047069191932
37.35999999998364,237.04413657748495,18.56868449301683,123.30853110657489,57.43140138138637,126.0,60.25525733415074,0.9023043543100356,0.9351065993309021,0.9208339035511016,0.8745268568396568,0.9097739979624748,0.8784285500645638
37.379999999981464,237.01066048548148,18.576113434482746,123.28749112168016,57.4057091586509,126.0,60.239145833618984,0.9023117482662201,0.9351134389638901,0.9208828762173652,0.8745271787047386,0.9098540708422661,0.8783464968204499
37.399999999979286,236.97726858976944,18.583642969559925,123.26660166557426,57.378579187198454,126.0,60.223538402900445,0.9023162141442299,0.9351176232099533,0.9209355995059013,0.874529404938221,0.9099495440721511,0.8782611265778542
37.41999999997711,236.94398589646983,18.59118502518074,123.2458615852786,57.35031462589215,126.0,60.208437891560585,0.9023189812898635,0.9351194202899933,0.9209916710853576,0.8745331019163132,0.9100581556558609,0.8781738966703415
37.43999999997493,236.91082928298925,18.59865883051116,123.22527694298937,57.3212254729911,126.0,60.19384705661281,0.902322244644165,0.9351191252470016,0.9210509523749352,0.8745376303792,0.9101778134703636,0.8780850976705551
37.45999999997275,236.87780895527706,18.60599029817337,123.20486031119978,57.29162551543861,126.0,60.179768562015084,0.902328485250473,0.9351170867681503,0.9211132869124412,0.8745422303676605,0.9103063404560089,0.8779943540692329
37.47999999997057,236.8449301892541,18.613112712650263,123.18462977715811,57.261825520199466,126.0,60.16620497818356,0.9023389503359794,0.935113599896431,0.9211784154176712,0.874546454846859,0.9104417875409127,0.8779019609093666
37.499999999968395,236.81219496632573,18.619942237207617,123.16460779252846,57.232125522473076,126.0,60.153158781523274,0.9023539304733276,0.9351089864969253,0.9212459355592727,0.8745500668883324,0.9105821698904037,0.8778088346123695
37.51999999996622,236.77961985204217,18.62638894316335,123.14482004196131,57.202808571007424,126.0,60.14063235397601,0.9023731797933578,0.9351035684347152,0.9213153332471847,0.8745529815554619,0.9107255652546883,0.8777160793542862
37.53999999996404,236.7472090925721,18.632448854938378,123.12529448076513,57.17413724039167,126.0,60.12862798258543,0.9023961797356606,0.9350976139307022,0.9213861748576164,0.8745551630854607,0.9108702391386032,0.8776250183582306
37.55999999996186,236.71495367543636,18.638099561153464,123.10606066217265,57.1463531433724,126.0,60.11714785907947,0.902422496676445,0.9350913912057877,0.9214578613638877,0.8745565712451935,0.911014425754547,0.8775366395711899
37.57999999995968,236.68312150986665,18.643313771048703,123.08714933720518,57.11967824336439,126.0,60.10619407947024,0.9024517551064491,0.935085105895996,0.9215298295021057,0.8745571792125701,0.911156578361988,0.8774516761302947
37.599999999957504,236.65135965585827,18.648052003530243,123.068592175022,57.094315772835486,126.0,60.09576864367127,0.9025607198476792,0.9350510776042938,0.9216548919677734,0.8745532631874084,0.9115281000733375,0.8770597204566002
37.619999999955326,236.61967482758357,18.65231068906782,123.05042147560064,57.07044960500087,126.0,60.08587345513243,0.9025887131690978,0.9350472241640091,0.9217209503054619,0.8745525702834129,0.9116441681981087,0.8770072966814041
37.63999999995315,236.58805440905948,18.656084750015022,123.03266982644566,57.04824226412317,126.0,60.07651032049236,0.9026253879070282,0.9350417971611023,0.9217913091182709,0.8745505407452583,0.9117737010121345,0.8769348457455635
37.65999999995097,236.5564726895694,18.659372765107214,123.01536970121495,57.02783225555982,126.0,60.06768094924864,0.9026629477739334,0.9350372284650802,0.9218596339225769,0.8745476976037025,0.9118945702910423,0.8768700256943702
37.67999999994879,236.52489727636876,18.662178222824434,122.99855298763849,57.009331757088255,126.0,60.05938695344569,0.9027014642953872,0.9350334644317627,0.9219259470701218,0.8745440408587456,0.9120074957609177,0.8768111512064933
37.69999999994661,236.49328423218705,18.664506058295895,122.98225417287802,56.99285100961048,126.0,60.051629847380404,0.9027405261993408,0.9350306391716003,0.9219899445772171,0.8745395928621292,0.9121116369962692,0.87675861120224
37.719999999944434,236.46156431800964,18.666346716603073,122.966518625026,56.978581593419015,126.0,60.04441104732571,0.9027796149253845,0.9350288242101669,0.9220511436462402,0.8745344340801239,0.9122062161564827,0.8767127901315689
37.739999999942256,236.42966968754646,18.66769723267005,122.95138714844424,56.966687796569055,126.0,60.03773187127197,0.9028180420398711,0.9350281178951263,0.9221089631319046,0.8745286449790001,0.9122900530695915,0.8766746401786804
37.75999999994008,236.3975390965253,18.668565360661457,122.93689341940258,56.957283123662656,126.0,60.031593538686366,0.9028552666306495,0.9350286811590195,0.9221628844738007,0.874522279202938,0.9123620077967644,0.8766449302434921
37.7799999999379,236.36511777160305,18.668968002670564,122.92306446299375,56.95043405231303,126.0,60.025997170290225,0.9028908908367157,0.93503058552742,0.922212478518486,0.8745153814554214,0.9124212846159935,0.8766241297125816
37.79999999993572,236.33235767552935,18.668930134396653,122.90992087930576,56.94616210378948,126.0,60.020943787854414,0.9029247134923934,0.9350339114665985,0.9222575217485428,0.8745079651474953,0.9124673962593078,0.8766123414039612
37.81999999993354,236.2992176437827,18.668483592804087,122.89747715220237,56.94444693617597,126.0,60.016434314012805,0.9029565826058388,0.9350386410951614,0.9222976610064506,0.8745000392198562,0.9125000476837158,0.8766093641519547
37.839999999931365,236.26566350240802,18.6676658602289,122.88574191696331,56.94522979701155,126.0,60.01246957209379,0.9029866144061088,0.9350447922945022,0.9223329141736031,0.8744915813207627,0.9125193282961845,0.8766146212816238
37.85999999992919,236.2316682165332,18.666518951480953,122.87471814375877,56.94841684840906,126.0,60.009050285969984,0.903014911711216,0.9350523203611374,0.9223631829023361,0.8744825690984726,0.9125254973769188,0.8766273394227028
37.87999999992701,236.1972120144965,18.66508843133528,122.86440326384478,56.95388229494151,126.0,60.006177079926054,0.9030415862798691,0.9350611805915833,0.9223886683583259,0.8744729980826378,0.9125192165374756,0.8766465753316879
37.89999999992483,236.1622824188459,18.663422508814364,122.8547892878356,56.961471485469765,126.0,60.003850478544734,0.9030667275190353,0.935071274638176,0.9224095180630684,0.8744629129767417,0.9125012904405594,0.8766713365912437
37.91999999992265,236.1268741287721,18.661571174441086,122.84586296793074,56.97100414649996,126.0,60.00207090661105,0.903090138733387,0.9350825041532517,0.9224259555339813,0.8744524121284485,0.9124727651476859,0.8767006888985633
37.939999999920474,236.09098874316388,18.65958532552121,122.83760599460925,56.98227787528024,126.0,60.00083868903478,0.9031115338206291,0.9350946992635727,0.9224382936954498,0.8744416251778603,0.912434946000576,0.8767337739467621
37.959999999918296,236.0546342793185,18.657515842937556,122.82999530252478,56.99507211119986,126.0,60.0001540507911,0.9031306624412536,0.9351077258586883,0.9224467828869819,0.8744307085871696,0.9123890936374665,0.8767696708440781
37.97999999991612,236.01782453225226,18.65541266250771,122.82300346392094,57.00915254302483,126.0,60.00001711687956,0.9031473278999328,0.9351213872432709,0.922451838850975,0.8744198143482208,0.912336727976799,0.8768074452877045
37.99999999991394,235.98057832307177,18.653323903447077,122.81659920063314,57.02427611718989,126.0,60.00042791230119,0.9031613066792488,0.9351354956626892,0.9224539220333099,0.8744090721011162,0.9122795343399047,0.8768461138010025
38.01999999991176,235.94291871351962,18.651295070421575,122.81074796609857,57.04019634739161,126.0,60.001386362054006,0.9031726479530334,0.9351498275995255,0.9224534571170807,0.8743986070156097,0.912219063937664,0.8768845900893211
38.03999999990958,235.90487230820457,18.64936835024601,122.80541257021613,57.056668387143525,126.0,60.00289229114666,0.9031812846660614,0.935164213180542,0.9224509760737419,0.8743885308504105,0.9121569976210594,0.8769219398498534
38.059999999907404,235.86646868547248,18.647582003972715,122.80055382982198,57.073453709920905,126.0,60.00494542463039,0.9031871765851974,0.9351784110069274,0.922446984052658,0.8743789866566658,0.9120950341224671,0.8769572243094444
38.079999999905226,235.82773993565445,18.645969866774,122.79613120939389,57.09032432834271,126.0,60.007545387649266,0.9031903952360153,0.9351922333240509,0.9224420219659805,0.8743700504302978,0.9120347782969475,0.8769895538687705
38.09999999990305,235.78872027352946,18.644560939860792,122.79210347725416,57.10706657726773,126.0,60.01069170550857,0.9031910568475723,0.9352054834365845,0.9224365949630737,0.8743618115782738,0.9119777277112007,0.8770181149244308
38.11999999990087,235.7494456984718,18.64337906994664,122.78842937374618,57.12348447257393,126.0,60.01438380376149,0.9031892508268357,0.9352179646492004,0.9224312260746955,0.8743543550372124,0.911925420165062,0.8770421653985977
38.13999999989869,235.7099549099433,18.642438819891368,122.78506826001698,57.13940259416921,126.0,60.01862100831401,0.9031851962208748,0.935229542851448,0.9224264204502105,0.8743477255105973,0.911879089474678,0.8770611062645912
38.15999999989651,235.67028988399696,18.64174574098676,122.78198074791909,57.15466847950208,126.0,60.023402545547974,0.9031790137290955,0.9352400213479996,0.9224225670099259,0.8743419945240021,0.9118399292230606,0.8770744681358337
38.179999999894335,235.6304887815589,18.64131233753583,122.77912930604728,57.16915452981985,126.0,60.02872754246234,0.9031709223985672,0.9352492839097977,0.922420148551464,0.8743371710181236,0.9118089586496353,0.8770818933844566
38.19999999989216,235.5905901492933,18.641141909442993,122.77647884427202,57.182759404284596,126.0,60.03459502683256,0.9031611993908882,0.9352571964263916,0.9224195003509521,0.8743332728743552,0.9117870897054672,0.8770829886198044
38.21999999988998,235.5506353551979,18.6412238739733,122.77399725209702,57.1954088970774,126.0,60.04100392738808,0.9031501263380051,0.9352636873722077,0.9224209979176521,0.8743302956223488,0.9117749884724616,0.8770776107907295
38.2399999998878,235.5106659568463,18.64154507816987,122.7716558830969,57.2070563276046,126.0,60.04795307400795,0.9031379446387291,0.9352686583995818,0.9224248647689819,0.8743282169103622,0.9117731109261512,0.8770657330751419
38.25999999988562,235.47071754693744,18.642098210088886,122.76942997153213,57.217682405086286,126.0,60.05544119793446,0.9031249493360519,0.9352721095085144,0.922431418299675,0.8743270143866538,0.9117818683385849,0.877047373354435
38.279999999883444,235.43082465127063,18.642866623880035,122.76729895222843,57.22729460548605,126.0,60.063466932004744,0.9031114265322685,0.935273978114128,0.9224407389760018,0.8743266254663468,0.9118013054132461,0.877022710442543
38.299999999881265,235.39102012488556,18.64382876810165,122.76524671244897,57.23592610945722,126.0,60.07202881090047,0.9030976310372353,0.9352742910385131,0.9224530190229415,0.8743270054459572,0.9118314176797867,0.8769920706748963
38.31999999987909,235.35133450105175,18.644959049221942,122.7632617474296,57.243634417182236,126.0,60.08112527141531,0.9030838400125504,0.9352730572223663,0.9224682584404945,0.8743280872702598,0.9118719592690467,0.8769557669758796
38.33999999987691,235.31179550186528,18.64622843296377,122.76133722004575,57.25049974915953,126.0,60.090754652740365,0.9030703127384185,0.9352703124284744,0.9224863812327385,0.8743297949433326,0.9119224920868874,0.8769142374396324
38.35999999987473,235.272427671269,18.64760501273124,122.75947092015778,57.25662325834342,126.0,60.1009151967674,0.9030572056770324,0.9352661460638046,0.9225073561072349,0.8743320479989052,0.911982461810112,0.8768681168556213
38.37999999987255,235.23325208543892,18.649054616879113,122.75766515897762,57.262125393238804,126.0,60.11160504840985,0.9030447825789452,0.9352605938911438,0.922531008720398,0.8743347704410552,0.9120512068271637,0.8768178701400756
38.399999999870374,235.19428613398648,18.65054144021993,122.75592657613615,57.26714400973944,126.0,60.12282225594144,0.9030331864953041,0.9352538079023361,0.9225572809576988,0.8743378639221191,0.9121279492974281,0.8767642349004745
38.419999999868196,235.15554336932234,18.652028708589487,122.75426589125543,57.27183209309125,126.0,60.13456477135264,0.9030225291848183,0.9352458864450455,0.9225858688354492,0.8743412435054779,0.9122116833925247,0.8767078906297684
38.43999999986602,235.11703341990994,18.653479344632366,122.75269757663924,57.276355146808626,126.0,60.14683045072451,0.9030129313468933,0.9352369636297225,0.9226165533065795,0.8743448242545128,0.912301430106163,0.8766496017575264
38.45999999986384,235.0787619722546,18.65485662945384,122.75123945713098,57.28088830756927,126.0,60.15961705462013,0.9030044823884964,0.9352271646261215,0.9226489499211311,0.8743485078215599,0.9123959824442863,0.8765901103615761
38.47999999986166,235.04073082920198,18.656124857730696,122.74991227051723,57.285613270751675,126.0,60.172922248493514,0.9029971912503242,0.9352166682481765,0.9226827099919319,0.8743522182106972,0.9124941289424896,0.8765301898121833
38.49999999985948,235.00293801989548,18.65724994358526,122.74873918888105,57.29071516078857,126.0,60.1867436031158,0.9029911071062088,0.9352056086063385,0.9227175205945969,0.8743558615446091,0.9125947117805481,0.8764706224203109
38.519999999857305,234.96537797366707,18.658200006427965,122.74774533962831,57.2963793727318,126.0,60.20107859501883,0.902986167371273,0.9351941645145416,0.9227529615163803,0.8743593618273735,0.912696349620819,0.8764122352004051
38.53999999985513,234.9280417613775,18.65894590179312,122.74695728816526,57.30278843224125,126.0,60.21592460695579,0.9029823496937751,0.9351824969053268,0.9227886438369751,0.874362625181675,0.9127978086471558,0.8763557210564613
38.55999999985295,234.89091738583033,18.65946169080591,122.74640250753836,57.310118953282355,126.0,60.23127892837916,0.9029795914888382,0.9351707756519317,0.9228241205215454,0.8743656069040299,0.9128977790474891,0.8763018175959587
38.57999999985077,234.85399011996185,18.659725038195905,122.74610882050037,57.31853871352999,126.0,60.24713875593554,0.9029777944087982,0.9351591527462005,0.9228590294718743,0.8743682354688644,0.9129950761795044,0.8762511104345322
38.59999999984859,234.81724289105776,18.659717545825806,122.74610384080793,57.328203912708865,126.0,60.26350119397746,0.9029768511652946,0.9351477891206741,0.9228929102420806,0.874370439350605,0.9130884259939194,0.8762042343616485
38.619999999846414,234.78065669101724,18.659425006813805,122.74641444096817,57.339256666963266,126.0,60.28036325509214,0.9029766142368316,0.9351368278264999,0.9229254275560379,0.874372187256813,0.9131767779588699,0.8761617437005043
38.639999999844235,234.74421101979834,18.658837590453377,122.74706623068997,57.35182271353352,126.0,60.297721860646845,0.9029770031571388,0.9351264029741287,0.9229561746120453,0.8743734121322632,0.9132591307163238,0.8761239290237427
38.65999999984206,234.7078843402885,18.657949945671728,122.74808305898547,57.366009412341214,126.0,60.315573841351,0.9029777944087982,0.9351166129112244,0.9229848071932792,0.8743741229176522,0.9133345812559127,0.8760912507772446
38.67999999983988,234.67165453830782,18.656761226982468,122.74948653519438,57.381904048568515,126.0,60.33391593783485,0.902978840470314,0.9351075917482375,0.9230110079050063,0.8743742749094963,0.9134023293852805,0.8760639369487763
38.6999999998377,234.63549938127554,18.655275036924667,122.75129559716632,57.39957248343359,126.0,60.35274480124454,0.9029799491167069,0.9350994199514389,0.9230344995856284,0.8743738770484925,0.913461709022522,0.8760421887040138
38.71999999983552,234.5993969687215,18.653499299923705,122.7535261149181,57.41905811710808,126.0,60.372056993853505,0.9029809638857841,0.9350921601057053,0.9230550676584244,0.8743729203939438,0.9135122820734978,0.8760260462760925
38.739999999833344,234.56332615891546,18.651446065039625,122.7561905535499,57.44038123448312,126.0,60.39184898969018,0.9066397473216057,0.9348525941371918,0.9265454530715942,0.873889273405075,0.9209709018468857,0.8691025629639625
38.759999999831166,234.5272669450024,18.649131230924734,122.7592976854431,57.463538764369,126.0,60.41211717518172,0.9091410860419273,0.9352442145347595,0.9286516666412353,0.8742425248026847,0.9251111149787903,0.8681039407849311
38.77999999982899,234.49120081725243,18.646574213269254,122.76285235493864,57.488504399335675,126.0,60.43285784981376,0.9096343487501144,0.9358828395605087,0.9308437645435333,0.8744850099086762,0.9285790771245956,0.8677267417311668
38.79999999982681,234.45511110339174,18.64379756947519,122.7668553111558,57.51522908875456,126.0,60.454067226806075,0.9101352021098137,0.9356053471565247,0.9323035657405853,0.8746681556105613,0.9317713886499405,0.8676584258675575
38.81999999982463,234.4189832836667,18.64082657662321,122.77130311083363,57.5436419062451,126.0,60.475741433803925,0.9101851671934128,0.9357703566551209,0.9334716320037841,0.8752519205212593,0.9349344909191132,0.8670554608106613
38.83999999982245,234.3824779723737,18.637540107158515,122.77658774849446,57.57493689050223,126.0,60.497876513585084,0.9091076433658599,0.9353177696466446,0.9344447821378707,0.8756407424807549,0.9376019388437271,0.8672021016478538
38.859999999820275,234.34389263008862,18.633347337809482,122.78477669317608,57.61544021324092,126.0,60.52046842478234,0.9083311215043067,0.9348099738359451,0.9341124832630158,0.8762498587369919,0.9394008964300156,0.8669818699359894
38.8799999998181,234.30075790203318,18.6279022558025,122.79920109475569,57.67403887483441,126.0,60.54351304262133,0.9075532138347625,0.9342962682247161,0.9358583062887191,0.8765922337770462,0.9426917970180512,0.8670733511447907
38.89999999981592,234.25075042035454,18.62124118107385,122.8242352681643,57.76047684339641,126.0,60.56700615967366,0.9061614513397217,0.934219467639923,0.936924546957016,0.8777658209204674,0.9462726354598999,0.866673031449318
38.91999999981374,234.19196009678242,18.61341588496235,122.86460264217,57.88472530595704,126.0,60.590943486625086,0.9041204780340194,0.9338371455669403,0.9385944545269013,0.8790240585803986,0.9502537041902542,0.8668042451143264
38.93999999981156,234.12312164444293,18.604499596862755,122.92480569351284,58.05662008249361,126.0,60.61532065305862,0.9023075819015502,0.933131143450737,0.9388615131378174,0.8804597780108452,0.9532714486122131,0.8664318516850471
38.959999999809384,234.0439141821141,18.59440420887657,123.00850624553497,58.28496579017629,126.0,60.64013320825251,0.9007234334945678,0.9325942188501358,0.9399484872817992,0.8821553274989128,0.9569111436605453,0.8659460410475731
38.979999999807205,233.95482999447051,18.58285072496076,123.11777912233792,58.577028642749774,126.0,60.66537662199278,0.8987565740942954,0.931944927573204,0.9409632295370102,0.8836047664284706,0.959783673286438,0.8659186020493507
38.99999999980503,233.8567635833385,18.569480746637,123.25522354436691,58.9398749293995,126.0,60.69104628540043,0.8970272153615951,0.9314736276865005,0.9418776124715805,0.8846927374601364,0.9621621131896972,0.8652855738997459
39.01999999980285,233.75108225355117,18.554021839934624,123.4236979704055,59.3809192283755,126.0,75.08134675544926,0.8933579891920089,0.9311382710933686,0.9416082829236984,0.8867658033967017,0.9635946989059447,0.8655898749828338
39.03999999980067,233.63962434283212,18.53618337764817,123.62633330656891,59.9077321444453,126.0,72.8378976859504,0.8918997347354889,0.9303006887435913,0.9418727576732635,0.8873016864061355,0.9645494222640991,0.865658539533615
39.05999999979849,233.52462111099175,18.515530147933912,123.86485563575395,60.52706548017323,126.0,72.67606170557707,0.891067311167717,0.9299043565988541,0.9404536724090576,0.8875854864716529,0.9636590808629989,0.8660026982426643
39.079999999796314,233.40834068004207,18.491573233338595,124.14052796235866,61.24487471767123,126.0,72.51475795497078,0.8907004296779633,0.9295204788446426,0.9370435744524002,0.8873146012425422,0.9608495742082596,0.8658425480127334
39.099999999794136,233.29300294906668,18.46383261983537,124.45451091893959,62.065424834195056,126.0,72.35425145577014,0.8902840882539749,0.9292656868696213,0.9332017838954926,0.8868977770209312,0.9571173787117004,0.8659246549010277
39.11999999979196,233.18086780635028,18.431872474943543,124.80718807995274,62.99060873483283,126.0,72.19480591973185,0.8905238509178162,0.9292913466691971,0.9305745154619217,0.886216889321804,0.9535751819610595,0.8660313084721565
39.13999999978978,233.07468257998812,18.395397536542667,125.1962084953869,64.01915163157616,126.0,72.03668331545289,0.8904517576098442,0.9297057837247849,0.9282236933708191,0.8854590401053428,0.9489680588245392,0.8677952855825424
39.1599999997876,232.9769132925045,18.354210082833145,125.61751145589399,65.14614479379983,126.0,71.88014343795683,0.8905286431312561,0.9305543184280395,0.925173744559288,0.8855141505599021,0.9441132605075836,0.8696758940815925
39.17999999978542,232.8897205995424,18.308313955776615,126.06285724653407,66.36195592051756,126.0,71.7254434818513,0.8908936738967895,0.9313743770122528,0.9226289808750152,0.8855176329612732,0.9387663036584853,0.8729452475905418
39.199999999783245,232.8151304556435,18.25781151133957,126.51831616956231,67.65172802975627,126.0,71.57283761875793,0.8918441280722618,0.9322209000587464,0.9204037174582481,0.885485889017582,0.9328224122524261,0.8764696344733238
39.219999999781066,232.7558401190522,18.20280250195956,126.96691914373876,68.99589592599644,126.0,71.42257657970902,0.8930118054151535,0.9332953751087188,0.9163400948047637,0.8855883225798606,0.923845376074314,0.8806752979755401
39.23999999977889,232.71275710052058,18.143910787689812,127.39266426176509,70.3714389753788,126.0,71.27490724319709,0.8944713741540908,0.9342576712369919,0.9121513918042182,0.8863324120640754,0.9144172996282577,0.8865993499755859
39.25999999977671,232.6862057513497,18.082655275248573,127.78209966376694,71.75179230124999,126.0,71.13007222955424,0.8954093515872955,0.9359508603811264,0.9077972948551177,0.886833144724369,0.9040482327342033,0.8945046871900558
39.27999999977453,232.6759540810521,18.021227800431618,128.1243110539029,73.10805386611091,126.0,70.98830950232755,0.8959599465131759,0.9375256389379502,0.9048781260848046,0.8875042647123337,0.897488921880722,0.899259501695633
39.29999999977235,232.68114338611826,17.962742579111243,128.4114807332396,74.40959082139936,126.0,70.84985197730556,0.8961442053318024,0.9388869941234589,0.9028508454561234,0.8872729957103729,0.8914287477731705,0.9042829215526581
39.319999999770175,232.7002020925298,17.91083842411872,128.63897533500452,75.62482304092111,126.0,70.71492713983825,0.8973655849695206,0.9397751361131668,0.9010097056627273,0.8854812890291214,0.88546392172575,0.9078844219446182
39.339999999768,232.7310649590323,17.87010168045855,128.80474923719277,76.7205141917563,126.0,70.58375667107926,0.8997948616743088,0.9386755734682083,0.9009488642215728,0.8829684168100357,0.8825499698519707,0.9105852499604224
39.35999999976582,232.77126453064736,17.846982497422847,128.9089234779727,77.66130891834837,126.0,70.45655608376428,0.9032676383852959,0.937166178226471,0.9010747671127319,0.8804760232567787,0.8803919985890388,0.9134748697280883
39.37999999976364,232.81832981079853,17.84995356581468,128.95358447558527,78.41178443896034,126.0,70.33353436812423,0.9055454283952713,0.9361456602811813,0.9011771023273468,0.8791224241256713,0.8791853979229927,0.9158033132553101
39.39999999976146,232.87014096928283,17.88626356636623,128.94244089007108,78.94665587966468,126.0,70.21489364851485,0.9070690661668778,0.9351497292518616,0.9013493984937667,0.8779827088117599,0.8783713564276695,0.9177578032016754
39.419999999759284,232.9250413908091,17.96109752771248,128.8809415641764,79.25216877620645,126.0,70.10082885132687,0.9064074993133545,0.9342388331890106,0.9010063976049423,0.8776947826147079,0.8780826926231384,0.9197127625346183
39.439999999757106,232.98147105567318,18.07596370091417,128.77651005344717,79.32822819631761,126.0,69.9915273847225,0.9055244356393813,0.9333066761493682,0.9009693205356598,0.8772217258810997,0.8780857682228088,0.9208426296710968
39.45999999975493,233.03764962835686,18.227994956849543,128.638074163453,79.18691842500492,126.0,69.88716883072438,0.9045162290334702,0.932293963432312,0.9011195242404938,0.8766061812639236,0.8783342123031616,0.9207844078540802
39.47999999975275,233.09114199965455,18.41231004916163,128.47508796040356,78.8473712269062,126.0,69.78792465016262,0.9036739081144333,0.9314831227064132,0.9007083103060722,0.8762880176305771,0.878254184126854,0.9199486494064331
39.49999999975057,233.1390829587468,18.622097517919997,128.30440578874055,78.33326551585209,126.0,69.69395790096529,0.9026653438806533,0.9308309525251388,0.9000701010227203,0.876124657690525,0.8782161995768547,0.9189416989684105
39.51999999974839,233.17884147130675,18.850126604271193,128.14420875631748,77.67036579684918,126.0,69.60542297025452,0.901421120762825,0.9303158700466155,0.8995102927088737,0.8760257422924042,0.8782638445496559,0.9176074430346489
39.539999999746215,233.20913811250978,19.089213480367945,127.99592297174208,76.88458166550834,126.0,69.522465320689,0.8999500319361686,0.9299537360668182,0.8990202665328979,0.8760183840990067,0.8783804982900619,0.9160709351301193
39.559999999744036,233.23083901643562,19.331813171627058,127.86009269010496,76.03175851433318,126.0,69.44522125146908,0.8983535632491112,0.9297445058822632,0.8986065849661827,0.8760872051119805,0.878560197353363,0.9143511161208152
39.57999999974186,233.24575388465973,19.570365917478195,127.73677942146713,75.14872728904581,126.0,69.37381767439763,0.8962329283356666,0.9296542406082153,0.8990679115056991,0.8764505460858345,0.8803739786148072,0.9096511796116828
39.59999999973968,233.257439901637,19.79939900223534,127.62559968449197,74.2446426437966,126.0,69.30837190536428,0.8939548075199127,0.9297094404697418,0.8999706178903579,0.8769951149821281,0.8830017030239105,0.9041190475225448
39.6199999997375,233.26636529239707,20.014489862555283,127.52579110271722,73.3275914745868,126.0,69.24899147159567,0.891947665810585,0.9298864752054214,0.9008940845727921,0.8775304570794106,0.8856327623128891,0.8990403205156327
39.63999999973532,233.2751016548719,20.211700617012873,127.43630648951422,72.40576159147709,126.0,69.19577393498855,0.8903154209256172,0.930146899819374,0.9018449008464813,0.8779934152960777,0.8882856637239456,0.8941846370697021
39.659999999733145,233.28635278411085,20.388274671451324,127.35589825042202,71.48725110324582,126.0,69.14880673181581,0.8889959573745727,0.930468139052391,0.9027792751789093,0.8783740028738976,0.8909800857305527,0.8896013230085372
39.67999999973097,233.30283976609005,20.54147247343684,127.28318060107593,70.58033104617583,126.0,69.10816702906891,0.8874529182910919,0.9308399647474289,0.9034596666693687,0.8788008227944374,0.8939641326665878,0.8855616882443428
39.69999999972879,233.32772990310428,20.669346416383924,127.21664089015803,69.69490394055107,126.0,69.07392159767274,0.8863178387284278,0.9312398016452789,0.9041691690683364,0.8790961384773254,0.8969105258584023,0.8817945793271065
39.71999999972661,233.36342645083755,20.76970107861283,127.15467284176569,68.84226277650853,126.0,69.04612670278115,0.8860581874847412,0.9314504086971283,0.9051679611206055,0.879605534672737,0.9005354151129722,0.8786016508936881
39.73999999972443,233.41179158695846,20.840667045501526,127.095655416713,68.0337441855236,126.0,69.02482801133345,0.886350579559803,0.9315467268228531,0.9060876682400704,0.8800151437520981,0.9044098079204559,0.8755046382546424
39.759999999722254,233.4746053234559,20.881554596343374,127.03804089739785,67.27963735926534,126.0,69.01006051702377,0.8865340113639831,0.9318342864513397,0.9068645566701888,0.8806560933589935,0.9081645026803017,0.8730435147881508
39.779999999720076,233.5530110202307,20.8924866724089,126.98041904824633,66.58839877293184,126.0,69.00184848280648,0.886605179309845,0.9322709679603577,0.9075251266360282,0.8815199613571166,0.9119235873222351,0.8709692105650901
39.7999999997179,233.64761429426443,20.87453885597842,126.92154172630096,65.96610853603579,126.0,69.0002054010322,0.8867872342467308,0.9328705310821533,0.9077186793088913,0.8824266240000724,0.9141485512256622,0.8703042104840278
39.81999999971572,233.75840339228867,20.829691563161973,126.86034983629773,65.41629040214102,126.0,69.00513397128002,0.8870820939540863,0.9334850162267685,0.9078286319971084,0.8832093819975853,0.9159118801355361,0.8697533786296844
39.83999999971354,233.88457744238065,20.76067484526664,126.79596239054223,64.9399309368811,126.0,69.01662609592192,0.8875660985708237,0.9333567440509796,0.9087063714861869,0.8837024211883545,0.9188847690820694,0.8690820530056953
39.85999999971136,234.02446826818567,20.67033003896045,126.72901012245973,64.53582858738805,126.0,69.03466289342731,0.8881508648395539,0.9331038564443588,0.9097186684608459,0.8840055376291275,0.9218222841620445,0.8684320375323296
39.879999999709185,234.17601768387948,20.562135902990004,126.65908851882614,64.2091345693937,126.0,69.05921472938526,0.8888269335031509,0.9328718364238738,0.9106974646449089,0.8841324105858802,0.9244033828377723,0.8678341552615165
39.899999999707006,234.33688167695155,20.44016582730166,126.58493548842354,63.96173546518623,126.0,69.09024126519378,0.8895847916603088,0.932662409543991,0.9116314947605133,0.8840875193476677,0.9266039609909057,0.8672921121120453
39.91999999970483,234.50543525932355,20.308336046714853,126.50529459406327,63.78907714540761,126.0,69.12769152433599,0.8904128655791282,0.9324773013591766,0.9125118315219879,0.8838788032531738,0.9284104555845261,0.8668088182806969
39.93999999970265,234.67915807923748,20.170422235717343,126.41901174640356,63.68587546203114,126.0,69.17150397613449,0.8913057193160057,0.9323139816522598,0.9133318811655045,0.8835128247737885,0.9298270910978317,0.8663840278983116
39.95999999970047,234.85551583464965,20.030243742890626,126.32520088334061,63.64718794238386,126.0,69.22160663684602,0.891809594631195,0.9320208877325058,0.914357852935791,0.8830084130167961,0.9311096251010894,0.8660420283675193
39.97999999969829,235.03219269919836,19.890165849779077,126.2233433101069,63.668865063535264,126.0,69.27791718793061,0.8920175239443778,0.9318399280309677,0.9154129266738892,0.882832245528698,0.9322357594966888,0.8659347712993621
39.999999999696115,235.20710145495772,19.752507670258563,126.11333661767435,63.74751691531717,126.0,69.34034311130071,0.8923684507608414,0.931773230433464,0.9165783599019051,0.8826698556542396,0.9331380188465118,0.8659051775932312
40.01999999969394,235.3781478643459,19.618981248058585,125.99551296437578,63.88030390029957,126.0,69.40878184132818,0.8928154319524765,0.9317683398723602,0.9176516771316529,0.8823890596628189,0.9336647599935531,0.8659379228949546
