curr_time,press_pos,press_neg,act_pos_press,act_neg_press,ref_act_pos,ref_act_neg,ctrl_ch_pos,ctrl_ch_neg,ctrl_act_pos_in,ctrl_act_pos_out,ctrl_act_neg_in,ctrl_act_neg_out
0.019999999999999823,102.8004608144727,95.42541736058126,101.325,101.32459955728419,116.93720948047068,73.96230188034994,0.8831839323043823,0.9269486606121063,0.9005606546998024,0.8897114634513855,0.8699914202094078,0.8871262297034264
0.019999999999999823,102.8004608144727,95.42541736058126,101.325,101.32459955728419,116.93720948047068,73.96230188034994,0.8829826280474663,0.927665963768959,0.9011638164520264,0.8891019985079766,0.8701713293790817,0.8870595455169678
0.019999999999999823,102.8004608144727,95.42541736058126,101.325,101.32459955728419,116.93720948047068,73.96230188034994,0.8831744819879531,0.9281112998723984,0.9010787189006805,0.8891002506017684,0.8702964812517165,0.8876969456672669
0.019999999999999823,102.8004608144727,95.42541736058126,101.325,101.32459955728419,116.93720948047068,73.96230188034994,0.8834892481565475,0.9277886569499969,0.9008205652236938,0.8895079642534256,0.8704451337456703,0.8878655225038529
0.019999999999999823,102.8004608144727,95.42541736058126,101.325,101.32459955728419,116.93720948047068,73.96230188034994,0.8838590934872627,0.9268911451101303,0.9002334743738174,0.890259313583374,0.8705597892403603,0.8876539587974548
0.03999999999999961,105.17186759166785,90.15403667148092,101.32509464441495,101.31167022368307,116.93720948047068,73.96230188034994,0.8842791810631752,0.9254411339759826,0.8995068550109863,0.8913117855787277,0.8706723213195801,0.8870524689555168
0.060000000000000185,107.72966579647816,85.2910233541666,101.32577165917965,101.24216432505108,116.93720948047068,73.96230188034994,0.8842527613043785,0.9297832816839218,0.9022845596075058,0.8885609567165375,0.8707388043403625,0.8903731018304825
0.07999999999999834,110.24831813020135,80.78701056522137,101.3276078149275,101.08339915255036,116.93720948047068,73.96230188034994,0.8827476888895035,0.9311407029628753,0.9007674843072891,0.8855005428195,0.8688393980264664,0.8973935827612877
0.09999999999999613,112.65666292340923,76.62033724456651,101.3310053887898,100.82365836821822,116.93720948047068,73.96230188034994,0.8812874719500542,0.9327516466379165,0.8990419387817382,0.8822791874408722,0.8671758159995079,0.9042250216007233
0.11999999999999393,114.93706488187745,72.77387032395896,101.33609552190441,100.46845848904027,116.93720948047068,73.96230188034994,0.8793869033455849,0.932948699593544,0.89582981467247,0.879239296913147,0.8658962726593017,0.9072014063596725
0.13999999999999174,117.09006627992935,69.2285319471969,101.34269819757861,100.03302230087472,116.93720948047068,73.96230188034994,0.8785554990172386,0.9320409953594208,0.8941931173205375,0.8774744480848312,0.8653164818882942,0.9086219668388367
0.15999999999998954,119.11842776893019,65.96319638671835,101.3504726962772,99.53250472595809,116.93720948047068,73.96230188034994,0.8781724214553833,0.9292468130588531,0.8917861208319664,0.8766411304473877,0.8650565937161445,0.9098024874925613
0.17999999999998734,121.03166256814849,62.961037383784294,101.35930722508522,98.97386787427469,116.93720948047068,73.96230188034994,0.8782692402601242,0.9259915322065353,0.8907813161611556,0.876645864546299,0.8647268608212471,0.9089481323957443
0.19999999999998513,122.83669214741927,60.212998031320005,101.36891992560084,98.34127571523958,116.93720948047068,73.96230188034994,0.8790209740400314,0.9202301070094109,0.8903819173574448,0.8792924225330353,0.8647017151117324,0.9070172682404518
0.21999999999998293,124.54081216217389,57.71303595577954,101.378828744611,97.60823513547479,116.15567207449799,73.40087005845677,0.8805107623338699,0.9151100426912308,0.8901969879865647,0.8824302181601524,0.8651543647050858,0.9047841906547546
0.23999999999998073,126.15331374826,55.448876183972885,101.38842626424771,96.76120709614209,116.12369331995613,73.36397867023383,0.8818178743124008,0.9137483566999435,0.8894663229584694,0.8841664925217628,0.8658372953534126,0.9039266303181648
0.25999999999998963,127.68347311206693,53.39963293208459,101.39714041989144,95.80488292624304,116.12369331995613,73.36397867023383,0.8834685057401657,0.9141260251402855,0.8903331011533737,0.8853395387530326,0.8670384153723717,0.9023608058691025
0.28000000000000963,129.13785173001256,51.5406136320676,101.40447322971482,94.75569448689726,116.12369331995613,73.36397867023383,0.8849270775914192,0.9147736400365829,0.8913558587431908,0.8862660229206085,0.8683454737067222,0.9007271483540534
0.30000000000002963,130.5245392355548,49.84450147306751,101.41001544954055,93.63323760868809,116.12369331995613,73.36397867023383,0.8861771747469902,0.9156165331602096,0.8924502268433571,0.8872400537133217,0.8698570415377617,0.8991815388202667
0.32000000000004963,131.84902599557515,48.28369186220583,101.41337665308241,92.45765365733662,116.12369331995613,73.36397867023383,0.886386713385582,0.9156658321619033,0.8918650805950165,0.8881268590688706,0.8715074047446251,0.8960749864578247
0.34000000000006964,133.11814908243468,46.829134937237065,101.41416497349887,91.24911031100616,116.12369331995613,73.36397867023383,0.8863416209816932,0.9158331751823425,0.8913261711597442,0.8887754887342453,0.8731594532728195,0.8932865530252456
0.36000000000008964,134.33474441798867,45.458042366014695,101.41205395387496,90.02605071923705,116.09517294753398,73.32718771715186,0.8861142724752425,0.9160780876874923,0.8908339902758599,0.8892786085605621,0.8748203217983246,0.8908882111310958
0.38000000000010964,135.50132767649174,44.15180032857146,101.40684676961403,88.80512488084356,116.07022351411175,73.29050300892882,0.8857080698013305,0.91632981300354,0.8903233736753463,0.8896744847297668,0.8764357715845108,0.8889128223061561
0.40000000000012964,136.61992837294596,42.896677776406,101.39849629911826,87.6010511127607,116.04894348370485,73.25393033850544,0.8852141812443733,0.916555480659008,0.8895417422056198,0.8899853885173797,0.8780657410621643,0.8873026564717292
0.42000000000014964,137.69317114904914,41.681497452068776,101.38709410446594,86.42668068485676,116.03141683887137,73.21747548113032,0.8847818002104759,0.9170455783605576,0.8876600205898285,0.8895899549126625,0.8800406202673912,0.8857812538743018
0.44000000000016964,138.72148795235648,40.499247554112294,101.37284439300649,85.2939081485823,116.01771274927131,73.18114419344803,0.8840306520462036,0.9191801518201828,0.8871757388114929,0.888768783211708,0.8823125049471855,0.884523195028305
0.46000000000018965,139.70797233122357,39.344120708686205,101.35607845374416,84.2132805019045,116.00788529868552,73.14494221259008,0.8829687476158142,0.9229843780398369,0.887986347079277,0.888272601366043,0.8856837287545204,0.8829418092966079
0.48000000000020965,140.65204819023177,38.21323700787363,101.33727715159213,83.19340592670228,116.00197327157173,73.10887525526891,0.8818792387843132,0.9263820439577103,0.8885171473026275,0.8880070000886917,0.8890545412898063,0.8816015139222145
0.5000000000002296,141.55608521355788,37.10452254598596,101.31711694905184,82.24059910455722,116.0,73.07294901687519,0.8808797940611839,0.928448498249054,0.8887877196073531,0.8883155345916748,0.8918880134820938,0.8814056679606438
0.5200000000002274,142.4200125374999,36.01842360175504,101.29657498863222,81.35884851821847,116.00197327157173,73.0371691705784,0.8803899824619293,0.9293924838304519,0.8904692500829696,0.8900811657309532,0.8943912655115127,0.8826626896858215
0.5400000000002252,143.24485341301806,34.956845047901865,101.27662419297688,80.55014362758529,116.00788529868552,73.00154136643107,0.8812997207045555,0.9307803034782409,0.8975113987922668,0.8934995651245117,0.8967441707849503,0.8837295874953269
0.560000000000223,144.03395162374625,33.9223958325653,101.25799052244308,79.81496625410799,116.0177127492713,72.96607123047649,0.8808290511369705,0.9314035058021545,0.8991798311471939,0.8913763999938965,0.8961116164922714,0.8832855120301246
0.5800000000002208,144.78802919019952,32.92015776931326,101.24124818555568,79.15319501402688,116.03141683887137,72.93076436386026,0.8804266974329948,0.9317054331302642,0.9006414473056793,0.8895247682929038,0.8953178256750106,0.8829505041241645
0.6000000000002186,145.51045702008778,31.956437900717884,101.22687653784854,78.56427026636841,116.04894348370486,72.89562634194596,0.8802446112036705,0.9332102686166763,0.9043599188327789,0.8877852082252502,0.8953681126236915,0.8829810857772827
0.6200000000002164,146.20293572681015,31.036012351694552,101.21494758310992,78.04817899123537,116.07022351411179,72.86066271343455,0.8801452353596687,0.9347189754247666,0.9083108752965927,0.8862205594778061,0.8954689368605614,0.883050014078617
0.6400000000002142,146.86471971581642,30.162723226529586,101.20539995296753,77.60522495319994,116.09517294753405,72.82587899948831,0.8800925701856613,0.9358760178089142,0.9119185894727707,0.8848487615585326,0.8953540176153183,0.8831803560256958
0.660000000000212,147.5015844453628,29.34212827271349,101.19808562743518,77.22740516725489,116.12369331995625,72.79128069285889,0.8801090344786644,0.9374516546726227,0.9160114079713821,0.883484335243702,0.8955508738756179,0.8831200152635574
0.6800000000002098,148.11257324157063,28.57703757835569,101.19313758538877,76.90690825647533,116.15567207449814,72.75687325701999,0.8801815837621688,0.9384023904800415,0.9194025158882141,0.882392980158329,0.895368367433548,0.8831791445612908
0.7000000000002076,148.70036582763575,27.868460407112817,101.19097656926803,76.63585178210539,116.19098300562526,72.7226621253046,0.8801634430885314,0.9388129383325576,0.9210967734456063,0.8814241528511048,0.8947266355156899,0.8831710532307625
0.7200000000002054,149.26550732238925,27.217020482216526,101.1921950747284,76.40608404484588,116.22948675722446,72.68865270004699,0.8801597282290459,0.9427540063858032,0.9282021462917328,0.8795899242162705,0.8953345537185669,0.8827863797545433
0.7400000000002032,149.81253757062407,26.621978530002576,101.19815595132665,76.20960725755113,116.2710313725789,72.65485035172965,0.8800927221775054,0.9450416088104248,0.9327044129371643,0.8787993386387825,0.8957091510295868,0.8829039990901947
0.760000000000201,150.34097476588656,26.082009168501795,101.21110348433625,76.0388103844671,116.3154528940717,72.62126041813525,0.8789532795548439,0.9475628316402435,0.9370207220315933,0.8768472269177436,0.8956498697400093,0.8844110026955604
0.7800000000001988,150.85024978424974,25.595597121451426,101.23477614528234,75.88685455610624,116.36257601025177,72.58788820350368,0.8781868383288384,0.9496637344360351,0.940249752998352,0.8754928141832351,0.8959434419870377,0.8852870434522628
0.8000000000001966,151.34298864088828,25.160534680022863,101.27493672690139,75.74752990979655,116.41221474770806,72.55473897769451,0.8773371949791908,0.9516648501157761,0.9432510197162628,0.8741106182336807,0.8962675422430039,0.8861026540398598
0.8200000000001944,151.8209391706252,24.774058577214593,101.33900822233188,75.61533268064714,116.46417320502161,72.52181797535475,0.8766788691282272,0.9529269456863403,0.9459096878767014,0.8730275198817253,0.8968158885836601,0.8866199180483818
0.8400000000001921,152.2820784855797,24.43360488144015,101.4408931703441,75.48622042822007,116.51824632589891,72.48913039509235,0.8762277171015739,0.9540439337491989,0.9480187982320786,0.8721960216760635,0.897358164191246,0.8870116993784904
0.86000000000019,152.72488886687879,24.138337921299826,101.59942124037792,75.35513443964926,116.57422070843556,72.45668139865512,0.8759866893291474,0.9549942225217819,0.9497266948223114,0.8716727361083031,0.8978231519460678,0.8873702794313431
0.8800000000001877,153.14964843633342,23.88905602231257,101.83655942665382,75.21179133968222,116.63187544731598,72.42447611011576,0.8760981172323227,0.9551476716995239,0.9501522898674011,0.8716482654213905,0.898733203113079,0.8863639682531357
0.9000000000001855,153.5544632246069,23.6856237175153,102.17342487887197,75.04915009372391,116.69098300562571,72.39251961506265,0.876142418384552,0.9556087255477905,0.9509339392185211,0.871697336435318,0.8995781034231186,0.8858566507697105
0.9200000000001833,153.93806420512055,23.526203536975345,102.6306753032063,74.86475261293457,116.75131011283581,72.36081695979685,0.8762810125946998,0.956035178899765,0.9514327049255371,0.8717299789190293,0.9001599103212357,0.8854228392243385
0.9400000000001811,154.29964915084722,23.407682961625763,103.22704019644823,74.66001463389719,116.81261868541495,72.32937315053509,0.8764077827334403,0.9566780865192414,0.9523866057395934,0.8717605248093605,0.9010962828993797,0.8847329437732696
0.9600000000001789,154.63873537039814,23.325818127732777,103.97736777952623,74.43877275114599,116.87466676643636,72.2981931526194,0.8765250578522682,0.9576712012290954,0.9535275816917419,0.8717455089092254,0.9022029578685761,0.8841654151678086
0.9800000000001767,154.95630978331056,23.275821628885502,104.89108308909566,74.20584004474594,116.93720948047135,72.26728188973287,0.8768669590353966,0.9573337346315384,0.9520777404308319,0.8722484588623046,0.9030111163854598,0.8828308820724488
1.0000000000001745,155.25300941998776,23.252610689232203,105.9702423682861,73.96625317919968,128.19206890912142,72.23664424312226,0.8774108663201332,0.9564260572195052,0.9493817090988159,0.8729393735527992,0.9032623186707497,0.8814862549304961
1.020000000000128,155.5302495012264,23.251414937987462,107.2110495545573,73.72518748764658,125.07391561983651,72.20628505082713,0.8778018206357956,0.9555653810501098,0.9465470343828201,0.8736311286687851,0.9032814025878906,0.880483354628086
1.0400000000000813,155.78954796875234,23.26765432114645,108.60515070092784,73.48774971186741,125.14780599755656,72.17620910691588,0.8781701818108558,0.9542843759059906,0.9432285249233245,0.8742444381117821,0.9033605501055717,0.8792178839445114
1.0600000000000347,156.03241696111314,23.297154159110505,110.14192112852805,73.25911185937056,125.22164589966386,72.14642116072869,0.8784487068653106,0.9527329415082931,0.938775423169136,0.8746696218848228,0.9035610765218735,0.8781118080019951
1.079999999999988,156.26056551718156,23.336212557151,111.80852555870064,73.04447739737329,125.29541010989946,72.1169259161276,0.8781036540865897,0.9514293879270553,0.935006856918335,0.8744789302349091,0.9030963748693466,0.8778599888086319
1.0999999999999415,156.47642783488638,23.381127719321736,113.58485029953705,72.84899533893699,125.36907343785317,72.08772803075364,0.8778696626424789,0.94941246509552,0.9305879354476928,0.8741466715931893,0.9026067197322846,0.8773370966315269
1.1199999999998949,156.68329302946177,23.428132810564716,115.44219858108139,72.67714245878219,125.44261072756595,72.05883211529138,0.8776272177696228,0.9463027477264404,0.924451832473278,0.8738706588745117,0.9021085262298584,0.8766619354486466
1.1399999999998482,156.8850708025921,23.473602233933175,117.34561142455902,72.5322975697183,125.51599686612076,72.03024273274086,0.8773547768592834,0.9406372249126435,0.9141248494386672,0.874306307733059,0.9004878282546996,0.8763638436794281
1.1599999999998016,157.08610465421626,23.514045513500047,119.25576204807716,72.41692228448106,125.58920679221849,72.00196439769698,0.8772700548171997,0.9340526163578033,0.903835117816925,0.8747718453407287,0.8988973587751389,0.8758553549647331
1.179999999999755,157.29103863622382,23.546228405086975,121.13063573160615,72.33245535321666,125.66221550473645,71.97400157563666,0.8777433708310127,0.9259387105703354,0.8931643784046173,0.8752688810229301,0.8972755342721939,0.8752022415399551
1.1999999999997084,157.50443217491238,23.567410660836252,122.92970272528473,72.27864020404012,125.7349980712662,71.94635868221367,0.8785125255584717,0.9186491370201111,0.8854330003261566,0.8761791959404945,0.8970453917980193,0.8746657326817512
1.2199999999996618,157.73052890177965,23.575047742205193,124.61570006191825,72.25385102623996,125.80752963662795,71.91904008256134,0.8791671186685562,0.9147478729486466,0.8820697963237762,0.8767407387495041,0.8971421748399734,0.875083701312542
1.2399999999996152,157.9731645747187,23.566205404528453,126.15504367378824,72.25532443190181,125.87978543135858,71.8920500906032,0.8791418343782424,0.9130988776683807,0.8809628263115883,0.8772123828530312,0.8962504833936691,0.8757165729999542
1.2599999999995686,158.23550537833157,23.536750796850004,127.51946482627442,72.27869120601521,125.95174078017037,71.8653929683719,0.8791903510689735,0.911514264345169,0.8798976048827171,0.8774722307920456,0.8954885348677635,0.8762707576155663
1.279999999999522,158.51937688940285,23.48101128505979,128.69065065734998,72.31850834517354,126.02337111037764,71.83907292533604,0.8791639223694802,0.9103054374456405,0.8790948510169982,0.8775162190198899,0.894593584537506,0.876884862780571
1.2999999999994754,158.8249340927146,23.39174572081467,129.66161044906613,72.36907711497201,126.09465196028822,71.81309411773553,0.8790047287940979,0.9095856666564941,0.8786660641431808,0.8773930877447128,0.8934419780969619,0.877572201192379
1.3199999999994287,159.1507158576208,23.26145692691064,130.43515801810764,72.42608601220387,126.16555898755718,71.78746064792526,0.8787438929080963,0.9092587858438491,0.8785366252064705,0.8771753013134003,0.8921277761459351,0.8783152043819428
1.3399999999993821,159.4940876358268,23.083841069142274,131.0216987028782,72.48661937362397,126.2360679774995,71.7621765637273,0.8785310596227646,0.9093244820833206,0.8790280863642692,0.8771317064762115,0.8908521980047226,0.8791912138462067
1.3599999999993355,159.851715122717,22.857367601334786,131.4370662565477,72.54464267029334,126.30615485135988,71.73724585779159,0.8783185929059982,0.9095364212989807,0.8797559216618538,0.8772028967738151,0.8895950466394424,0.880130049586296
1.379999999999289,160.2196078122948,22.584334052717704,131.70063836670585,72.59256613331999,126.3757956745351,71.71267246696561,0.8778771102428437,0.910129189491272,0.8802082940936088,0.8771353319287299,0.8881159424781799,0.8811974078416824
1.3999999999992423,160.59358158974487,22.268753430128008,131.8337457553732,72.62298858308033,126.44496666474785,71.68846027167265,0.8773884385824203,0.9104087471961975,0.8802625730633735,0.8770846247673034,0.8865802839398383,0.8823891043663025
1.4199999999991957,160.96911192718125,21.916862811200893,131.85835431643676,72.62949842175425,126.51364420016833,71.664613095299,0.8771059885621071,0.9112677916884422,0.881060279905796,0.8772367998957634,0.8857827022671699,0.8833370819687844
1.439999999999149,161.3429330913696,21.535512241297297,131.80525039052634,72.60697502864464,126.58180482748111,71.64113470359027,0.8768681481480598,0.9120950520038604,0.8818090453743934,0.8775088027119636,0.8851626738905907,0.8841488882899284
1.4599999999991025,161.7055756313834,21.131960458724162,131.74238751015864,72.5515222068326,126.6494252698944,71.61802880405666,0.8766911447048187,0.9127844959497452,0.8825105994939804,0.8779413759708404,0.8847294479608535,0.8849265724420547
1.4799999999990558,162.0543787799437,20.71453102449044,131.67970192681605,72.46029201585435,126.71648243508908,71.59529904538759,0.8766251042485237,0.9131987184286118,0.883025212585926,0.8786203324794769,0.8846261829137801,0.8855349645018578
1.4999999999990092,162.39056415481087,20.291252058744128,131.61721273607304,72.33104646039433,126.78295342310464,71.57294901687543,0.8766523599624634,0.913400550186634,0.883318230509758,0.8794268190860748,0.884796480834484,0.8859359681606293
1.5199999999989626,162.71411410210078,19.869415495869454,131.55492555079752,72.162136437401,126.84881553415961,71.55098224784876,0.8767321243882179,0.9135882288217544,0.8835117787122726,0.8802259072661399,0.8852015569806099,0.8861262172460556
1.539999999998916,163.02600497581818,19.456004096118498,131.49278400741042,71.95337264239313,126.91404627640337,71.52940220711508,0.8768234625458717,0.9139500498771668,0.883728814125061,0.8808849394321442,0.8857986435294151,0.8861157342791557
1.5599999999988694,163.3256055403819,19.057073656411752,131.4306391320657,71.70610703805043,126.9786233735972,71.50821230241297,0.8768896237015724,0.9146392345428467,0.884075739979744,0.8812915802001953,0.8865414053201676,0.8859270051121712
1.5799999999988228,163.61263969530611,18.67755964437746,131.36821513673684,71.42286293522402,127.04252477272159,71.48741587987402,0.8769022613763809,0.9157525926828384,0.884627640247345,0.8813737586140632,0.8873828634619713,0.8855937898159026
1.5999999999987762,163.88818938448802,18.32128840511998,131.3050655004827,71.10729227658999,127.10572865150726,71.46701622349444,0.8771936699748039,0.9157147511839866,0.8840793073177338,0.8808338165283203,0.8883227720856667,0.8842632576823234
1.6199999999987296,164.15422352463105,17.990407834470293,131.2405687057722,70.76415163480226,127.16821342588752,71.44701655461644,0.8775385484099388,0.9154253497719764,0.8832903623580932,0.8799587950110436,0.8892423316836356,0.8827075943350792
1.639999999998683,164.41146765166644,17.68575717656246,131.17397840976517,70.39913986094828,127.22995775736915,71.4274200314196,0.8775218024849891,0.9161724835634232,0.8830679938197136,0.8793455347418785,0.8909381628036499,0.8806464061141014
1.6599999999986363,164.65972511284716,17.407266313924875,131.10452527791475,70.0182253939569,127.29094056031951,71.40822974842209,0.8774409428238868,0.9171504572033882,0.8829496636986732,0.878607252240181,0.8926745176315307,0.87864039093256
1.6799999999985897,164.89919609439104,17.155271942048014,131.03155499897028,69.62628461112249,127.35114100916728,71.38944873599203,0.8773115888237953,0.9181872606277466,0.8829685196280479,0.8778040111064911,0.8942161306738853,0.876924054324627
1.6999999999985431,165.13212681274305,16.92929594824895,130.95469421077888,69.2281390573344,127.41053854551431,71.37107995986905,0.8772482976317405,0.9179732248187065,0.8827291324734687,0.8771770402789115,0.8945922970771789,0.8760444551706313
1.7199999999984965,165.358312994164,16.728094165978344,130.87403822574294,68.82924430015386,127.46911288515636,71.35312632069581,0.8772015199065208,0.9181938499212264,0.8829058587551116,0.8763703927397728,0.8949742436408996,0.875177538394928
1.73999999999845,165.5779957628907,16.549260596674614,130.79014763437684,68.43570382097471,127.52684402501009,71.33559065356006,0.8772725358605384,0.9186702504754066,0.8832279518246651,0.8756194233894348,0.8952680483460426,0.8744369268417358
1.7599999999984033,165.79152220594142,16.390426133176202,130.70385714764808,68.05445446840838,127.58371224994416,71.31847572754693,0.8772943198680877,0.9188446074724197,0.8832573086023331,0.8756195843219757,0.8960255801677703,0.8740688070654868
1.7799999999983567,165.9993739714785,16.249171564524072,130.61618054058596,67.69286905711056,127.63969813951182,71.30178424530163,0.8772933587431907,0.9189684182405472,0.8832508891820907,0.8756108492612839,0.8966803386807441,0.873767264187336
1.79999999999831,166.20168060055545,16.123365273682644,130.52971263681889,67.35788729365194,127.69478257458307,71.2855188426027,0.8772743552923202,0.9190066620707512,0.8831893593072891,0.8756021186709404,0.8972198784351348,0.873531936109066
1.8199999999982635,166.39811557801497,16.010623351850054,130.44967622937864,67.05482193797286,127.74894674387383,71.26968208794578,0.8771724447607994,0.9193258225917816,0.8832924902439118,0.8754838109016418,0.8975809663534164,0.8732643768191337
1.8399999999982168,166.59019156041015,15.908816361192697,130.37583297800742,66.78725080446043,127.80217215036987,71.25427648213804,0.8770287543535232,0.9194601252675056,0.8833697333931922,0.8752391129732132,0.8977198868989944,0.8730357676744461
1.8599999999981702,166.77860890175907,15.816077573746464,130.30758388594825,66.55718352468884,127.85444061764366,71.23930445790319,0.8768297836184501,0.9189327225089073,0.8832320868968964,0.8750312820076942,0.8975248903036117,0.8730055436491966
1.8799999999981236,166.9637619691857,15.730791417647247,130.24426075936157,66.365385723301,127.9057342960615,71.22476837949743,0.8766424894332886,0.9182458087801934,0.8830019533634186,0.8748528838157653,0.8972478896379471,0.8730113327503204
1.899999999998077,167.14571450289682,15.651653265761448,130.18513807927133,66.2115583603709,127.95603566887918,71.21067054233606,0.876462835073471,0.9174135237932205,0.8826972231268883,0.874703100323677,0.8968859031796456,0.8730524510145187
1.9199999999980304,167.3246736665478,15.577669612637003,130.12948340194973,66.0944709987875,128.005327558224,71.19701317263099,0.8762870520353317,0.9164641246199607,0.8823419645428657,0.8745795533061027,0.8964447468519211,0.873125272989273
1.9399999999979838,167.50089714917874,15.508043267208368,130.0766174347768,66.0120851519062,128.05359313096088,71.1837984270392,0.8761123508214951,0.9154302403330803,0.8819598659873008,0.8744797706604004,0.895934134721756,0.8732252433896065
1.9599999999979372,167.67465336272141,15.442191817915853,130.02595684884702,65.96158907172115,128.10081590444096,71.17102839232223,0.875937233865261,0.9143456399440765,0.881571714580059,0.8744016826152802,0.895366981625557,0.8733469486236572
1.9799999999978906,167.84620941496848,15.379166642451262,129.97701307520734,65.93936713216998,128.14697975213033,71.15870508501659,0.8757616162300109,0.9132429838180541,0.881194269657135,0.874343541264534,0.8947582185268402,0.87348463088274
1.999999999997844,168.01583748012231,15.31805544791698,129.92938195624407,65.94119432362378,128.19206890911735,71.14683045111536,0.8755866825580597,0.9121530815958977,0.8808399721980095,0.8743040189146996,0.8941249713301659,0.8736319020390511
2.0199999999977973,168.18372017610176,15.257831813147995,129.8827331900503,65.96246478821908,128.23606797749616,71.13540636576089,0.8754144221544266,0.9111026301980019,0.880517092347145,0.8742821142077446,0.8934845045208931,0.8737823024392127
2.0399999999977507,168.35004239826785,15.197038341310831,129.83679995687135,65.99839332280656,128.27896193162525,71.12443463294868,0.8752370700240135,0.9102354720234871,0.8802731722593308,0.8742720961570739,0.8929491847753525,0.8738762691617011
2.059999999997704,168.51495806964388,15.134155807571428,129.79136910179625,66.0441922321147,128.32073612325857,71.11391698524254,0.8750503614544868,0.9096232533454894,0.880133044719696,0.8742688283324241,0.8925720483064651,0.8738843023777008
2.0799999999976575,168.67855511015287,15.067856873548052,129.74627200782112,66.09522461971395,128.36137628654794,71.10385508350096,0.874870416522026,0.9090828597545624,0.8800334006547927,0.8742761552333832,0.8922065705060959,0.873889210820198
2.099999999997611,168.8408073957472,14.9969648921819,129.7013762399634,66.1471345462994,128.40086854291485,71.09425051661488,0.8746973112225532,0.9086268350481986,0.8799791753292083,0.874290107190609,0.8918603420257568,0.8738887906074524
2.1199999999975643,169.00162120052153,14.920234892940202,129.65657799483452,66.19595456742226,128.4391994057899,71.08510480125673,0.8745309472084045,0.9082613795995712,0.8799720585346221,0.874307219684124,0.8915382668375968,0.8738816916942597
2.1399999999975177,169.16081549344364,14.836695124639185,129.61179560126607,66.23820829738116,128.47635578521854,71.076419381641,0.8743710875511169,0.9079895600676536,0.8800122782588005,0.87432422041893,0.8912438631057739,0.873866917192936
2.159999999997471,169.31831682880787,14.745987560654955,129.56715746180836,66.27105836548813,128.51232499233126,71.06819562929613,0.8742173925042153,0.9078112244606018,0.8800985425710678,0.8743382036685944,0.8909796744585037,0.8738437116146087
2.1799999999974244,169.47427544031177,14.647684312839369,129.52295502973624,66.29241617976417,128.54709474367675,71.06043484284795,0.874069732427597,0.9077226847410201,0.8802274182438851,0.8743469342589378,0.890747806429863,0.8738113641738892
2.199999999997378,169.62833242580808,14.541918773867845,129.47900721858005,66.30089804318632,128.5806531654168,71.0531382478146,0.8739280223846435,0.9077165514230728,0.8803934156894684,0.8743488386273384,0.8905498191714286,0.8737691953778267
2.219999999997331,169.7801513613848,14.429356614560655,129.43514375292253,66.29574175195778,128.61298879738112,71.04630699641302,0.8737915918231011,0.9077838838100433,0.8805915817618369,0.8743425086140633,0.8903846755623818,0.8737173572182655
2.2399999999972846,169.92954787628415,14.310474008415223,129.39122259635317,66.2767200659016,128.64409059698104,71.039942167377,0.8736597076058388,0.9079140782356262,0.8808163687586784,0.8743270680308342,0.8902506947517395,0.8736561581492424
2.259999999997238,170.07628930223558,14.186512628318091,129.34712943127514,66.24405384492816,128.67394794298045,71.03404476578683,0.8735314622521401,0.9080954045057297,0.8810620859265327,0.8743019312620163,0.8901452749967574,0.8735861703753471
2.2799999999971914,170.22012696860665,14.058600078647693,129.30277680975945,66.19832770809442,128.70255063912305,71.02861572291059,0.8734062075614929,0.9083156317472457,0.8813226357102394,0.8742671340703964,0.8900658905506134,0.8735080018639564
2.2999999999971448,170.36053910266045,13.928286138549675,129.2581029358398,66.14041078063298,128.72988891761432,71.02365589605706,0.8732833668589591,0.9085627570748329,0.8815920680761337,0.8742230385541916,0.8900098592042923,0.8734223589301109
2.319999999997098,170.49804168358406,13.796791963229525,129.2130700725707,66.07138404159501,128.7559534424572,71.01916606844043,0.8731626272201538,0.9088253811001777,0.8818645983934402,0.8741704359650612,0.8899747043848037,0.8733300015330314
2.3399999999970515,170.63294073312147,13.665474187488414,129.16766264970514,65.99247427537217,128.78073531264036,71.01514694905651,0.8730435237288475,0.9090933606028556,0.8821353405714035,0.8741101309657097,0.8899577707052231,0.8732317522168159
2.359999999997005,170.7648165431533,13.535622311668227,129.12188510765262,65.9049951997889,128.8042260651778,71.01159917257085,0.8729259088635445,0.9093577459454536,0.8823997393250466,0.8740432009100914,0.8899567067623139,0.8731285095214844
2.3799999999969583,170.89329307205725,13.408605884777156,129.07575952549536,65.81029615713553,128.82641767799907,71.00852329921848,0.8728098049759865,0.9096112012863159,0.8826538562774658,0.8739708483219146,0.8899692058563232,0.8730211853981018
2.3999999999969117,171.01864184486175,13.285750092953313,129.02932304409123,65.70971878560422,128.8473025726887,71.00591981471547,0.8726744875311852,0.9097271129488945,0.8828705117106438,0.8738710835576057,0.8900007933378219,0.8729356944561004
2.419999999996865,171.14159204615956,13.168074151623616,128.98262513472125,65.60456167664991,128.8668736170743,71.00378913018217,0.872537998855114,0.9097905561327934,0.8830447793006897,0.8737727493047714,0.8900526940822601,0.8728630557656288
2.4399999999968185,171.26182598111095,13.056373787692634,128.9357247736243,65.49605276256193,128.88512412766212,71.0021315820784,0.8724032357335091,0.9098302394151687,0.8832071289420128,0.8736693277955055,0.8901099503040314,0.8727868765592575
2.459999999996772,171.37933390545845,12.951453797866755,128.88868763032966,65.38532881803525,128.90204787191956,71.00094743215021,0.872270493209362,0.9098442539572715,0.883356586098671,0.8735617935657501,0.8901702374219894,0.8727083146572113
2.4799999999967253,171.49422802502647,12.853787138573725,128.8415833335615,65.27342119222448,128.91763907040342,71.00023686738861,0.8721401065587997,0.909832738339901,0.8834929898381233,0.8734510451555252,0.8902316063642501,0.8726284563541412
2.4999999999966787,171.60665696994081,12.763921263075938,128.79448429860724,65.16124449938722,128.9318923987337,71.0,0.8720124647021293,0.9097968190908432,0.8836166888475417,0.8733379006385803,0.8902925103902817,0.8725481912493706
2.519999999996632,171.71680025087593,12.681837958180346,128.7475033463995,65.0495850948948,128.94480298941187,71.0002368673885,0.8718880906701088,0.9097387984395027,0.8837282821536064,0.8732232764363289,0.8903516441583633,0.8724683910608292
2.5399999999965854,171.82487560868705,12.607601074448864,128.7007296751601,64.9391000930909,128.95636643348303,71.00094743214997,0.8717673912644386,0.9096611574292183,0.8838283821940421,0.8731079861521721,0.8904079526662826,0.872389842569828
2.559999999996539,171.93108777939875,12.540798419735145,128.65422213512426,64.83032382378329,128.96657878204158,71.00213158207804,0.8716507777571678,0.9095670700073242,0.8839179411530494,0.8729927718639373,0.8904605373740196,0.8723132699728012
2.579999999996492,172.0357172289177,12.48089521334052,128.6080375084097,64.72367664798793,128.97543654757987,71.00378913018169,0.8715440303087234,0.9094828844070434,0.8840037271380424,0.8728819340467453,0.8905170023441314,0.8722423389554024
2.5999999999964456,172.13897624104482,12.427432931824237,128.56222915131065,64.61947486506217,128.9829367051791,71.00591981471486,0.8714646190404892,0.9094841092824936,0.8841046899557113,0.8727875426411629,0.8906033247709274,0.8721867680549621
2.619999999996399,172.2410183089374,12.379789362637924,128.51684587567829,64.51794132301377,128.9890766935423,71.00852329921776,0.8713908135890961,0.9094846233725548,0.8842003509402275,0.872695355117321,0.8906861335039139,0.8721353456377983
2.6399999999963524,172.34206282746862,12.337085984715936,128.47193106102426,64.41921629881503,128.9938544158691,71.01159917257,0.8713222697377204,0.9094853967428207,0.8842908754944802,0.8726056575775146,0.8907643154263496,0.8720884516835212
2.6599999999963058,172.44226547712103,12.29863143563302,128.42752200516085,64.32336829407387,128.99726824057166,71.01514694905555,0.8712585717439651,0.9094879806041717,0.884376960992813,0.8725185170769691,0.890837213397026,0.8720462471246719
2.679999999996259,172.54167481679994,12.263784659092673,128.38364936388314,64.230404957443,128.999317001832,71.01916606843933,0.8711994290351868,0.9094937697052955,0.8844591394066811,0.8724340498447418,0.8909045949578285,0.8720086693763732
2.6999999999962125,172.6403340981994,12.231840134060263,128.340335847273,64.14028688107976,129.0,71.02365589605584,0.8711446315050125,0.9095038726925849,0.8845376834273339,0.8723523855209351,0.8909666344523429,0.8719754770398139
2.719999999996166,172.7389060031924,12.202117807664347,128.29759420069334,64.0529443064529,128.99931700183242,71.02861572290925,0.8710938796401023,0.9095189824700355,0.8846127986907959,0.8722735911607742,0.8910235464572906,0.8719463840126991
2.7399999999961193,172.83719715129686,12.174103706243525,128.255427837602,63.96828452231498,128.99726824057254,71.03404476578537,0.8710467264056205,0.9095394521951675,0.8846849098801612,0.8721975460648537,0.8910756349563599,0.8719210505485534
2.7599999999960727,172.93514945934814,12.147437690910305,128.2138321990074,63.886196007313906,128.99385441587043,71.03994216737541,0.8710029393434524,0.9095654070377349,0.8847540482878685,0.8721242994070053,0.8911235347390175,0.8718990117311477
2.779999999996026,173.03273581540134,12.121898926030658,128.1727961245765,63.806551939837604,128.9890766935441,71.04630699641132,0.8709622010588646,0.9095966145396233,0.88482034355402,0.8720537304878234,0.8911679074168205,0.8718797668814658
2.7999999999959795,173.12991757786241,12.097235644885203,128.13230317419166,63.72921343411572,128.98293670518132,71.05313824781278,0.8709243774414063,0.9096328869462013,0.8848838359117508,0.8719858214259147,0.891209714114666,0.8718627348542213
2.819999999995933,173.22669221912025,12.073319960353233,128.09233285395507,63.65403271634807,128.97543654758255,71.060434842846,0.8708892896771431,0.9096738219261169,0.8849445074796677,0.8719204917550086,0.8912498220801354,0.8718473702669144
2.8399999999958863,173.32306392318918,12.05002016598365,128.05286173245057,63.58085622047811,128.96657878204468,71.06819562929407,0.8708566650748253,0.9097189635038375,0.8850025817751884,0.871857562661171,0.891288910806179,0.8718332260847091
2.8599999999958396,173.41903478826782,12.02730256227039,128.01386444740373,63.50952760139869,128.95636643348655,71.07641938163883,0.8708263739943504,0.909767735004425,0.8850580722093582,0.8717968955636024,0.891327878832817,0.8718198016285896
2.879999999995793,173.51458536941024,12.005206227414133,127.9753145728883,63.439890751883965,128.94480298941585,71.08510480125443,0.870798273384571,0.9098198682069778,0.8851112067699433,0.8717383250594138,0.8913673967123031,0.8718066990375518
2.8999999999957464,173.60969010114994,11.983807069693428,127.93718535645945,63.37179280074736,128.93189239873814,71.09425051661246,0.8707722783088684,0.909874965250492,0.8851620838046074,0.8716816946864128,0.8914081931114196,0.8717935383319855
2.9199999999957,173.70431898619037,11.963214918252584,127.89945031768347,63.305087109866086,128.91763907040828,71.10385508349843,0.8707483798265457,0.9099328964948654,0.8852109313011169,0.8716268792748451,0.8914509117603302,0.8717799931764603
2.939999999995653,173.7984507794973,11.943472070137755,127.86208372312946,63.23963610184595,128.90204787192485,71.1139169852399,0.8707265421748162,0.9099934786558151,0.8852578878402709,0.8715737089514732,0.8914960980415344,0.8717658042907714
2.9599999999956066,173.89207913467675,11.924715405350746,127.82506095974794,63.17531374775144,128.88512412766784,71.1244346329459,0.8707066848874092,0.9100565820932388,0.8853031054139137,0.8715220361948013,0.8915440291166306,0.87175083309412
2.97999999999556,173.9852026398835,11.906999018778976,127.78835881189386,63.112007735594105,128.86687361708044,71.135406365758,0.870688870549202,0.9101222425699234,0.8853466957807541,0.8714717358350753,0.8915950268507004,0.8717349678277969
2.9999999999955134,174.07784981969814,11.890374549428186,127.75195565378158,63.049621206159856,128.84730257269527,71.14683045111236,0.8706730365753174,0.9101904109120369,0.8853887349367141,0.8714226827025413,0.8916491851210594,0.8717181771993637
3.0199999999954668,174.17002923772364,11.874934478727043,127.71583156641886,62.98807405690675,128.82641767800607,71.15870508501348,0.8706592544913292,0.910261158645153,0.8854292899370193,0.8713747918605804,0.8917066782712936,0.8717004165053367
3.03999999999542,174.26174471857775,11.860763680960574,127.67996838793222,62.927303794684136,128.80422606518522,71.171028392319,0.8706474795937538,0.9103344589471817,0.8854684323072434,0.8713279515504837,0.8917674303054809,0.8716817617416381
3.0599999999953735,174.35299445860565,11.847960987571158,127.6443497141554,62.86726589209184,128.7807353126482,71.18379842703585,0.8706377744674683,0.9104103118181228,0.8855060949921608,0.8712821036577224,0.8918314903974532,0.8716622218489647
3.079999999995327,174.4437509022382,11.836516956738059,127.60896085791391,62.8079335869245,128.75595344246548,71.19701317262752,0.8706301927566528,0.9104887619614601,0.8855422511696815,0.8712372213602065,0.8918987870216369,0.8716418862342834
3.0999999999952803,174.5339860445396,11.826448376776444,127.5737887740177,62.74929720414284,128.72988891762301,71.2106705423325,0.8706247121095657,0.910569679737091,0.8855768069624901,0.8711932465434075,0.8919690921902657,0.8716208711266518
3.1199999999952337,174.62407819301038,11.817763406223918,127.53882195846685,62.69136303348205,128.70255063913214,71.22476837949375,0.8706213414669036,0.9106529489159584,0.8856095835566521,0.871150179207325,0.8920422181487083,0.8715992972254752
3.139999999995187,174.7139969505775,11.810439483163785,127.50405032726724,62.63415188443524,128.67394794298994,71.2393044578994,0.8706200093030929,0.9107385247945785,0.8856407284736633,0.8711079210042953,0.8921179234981537,0.8715772986412048
3.1599999999951405,174.80368427407237,11.804470844977214,127.46946508480954,62.57769734050632,128.64409059699094,71.25427648213412,0.8706207156181335,0.9108261793851852,0.8856700226664543,0.8710664853453636,0.8921959847211838,0.8715549960732459
3.179999999995094,174.89313724714893,11.799827826460902,127.43505858214009,62.52204387676588,128.61298879739144,71.26968208794176,0.8706234380602836,0.9109156265854835,0.8856972828507423,0.8710258945822715,0.8922761648893356,0.8715324878692626
3.1999999999950473,174.98238187347945,11.796459602537407,127.4008241686249,62.46724487297125,128.58065316542752,71.28551884259856,0.870628136396408,0.911006660759449,0.8857223659753799,0.8709861442446708,0.8923582181334495,0.8715098947286606
3.2199999999950006,175.07144556297868,11.794338959885653,127.36675604576374,62.41336054425099,128.54709474368786,71.30178424529738,0.8706347838044166,0.9110989511013031,0.8857451245188713,0.8709472566843033,0.892441925406456,0.8714873149991035
3.239999999994954,175.16035508218482,11.793434262575873,127.33284912552273,62.360455885717585,128.51232499234277,71.31847572754258,0.8706433400511742,0.9111922740936279,0.8857654064893722,0.8709092766046523,0.8925270944833755,0.8714648246765136
3.2599999999949074,175.24913641148842,11.793710868037188,127.29909890527613,62.308598694123596,128.47635578523045,71.3355906535556,0.8706537693738937,0.9112863078713417,0.8857830643653869,0.87087222635746,0.8926135152578354,0.8714424908161164
3.279999999994861,175.33781463090884,11.795132280321287,127.2655013487156,62.25785773807445,128.43919940580219,71.35312632069125,0.8706660270690918,0.9113808289170265,0.8857979953289031,0.8708361417055129,0.892701044678688,0.8714203715324401
3.299999999994814,175.4264138733027,11.7976610339699,127.23205277274249,62.208301121158925,128.4008685429275,71.37107995986437,0.8706800550222397,0.9114754483103752,0.8858100965619087,0.8708010450005531,0.8927895307540893,0.8713984981179237
3.3199999999947676,175.51495730472524,11.801259364212536,127.19874974604919,62.1599948550274,128.36137628656098,71.38944873598726,0.8706958308815956,0.9115700587630272,0.8858193412423133,0.8707669764757157,0.8928788930177688,0.8713769063353538
3.339999999994721,175.60346711402985,11.805889665039437,127.16558899757644,62.11300167414831,128.32073612327198,71.40822974841718,0.8707132831215858,0.911664342880249,0.8858256712555885,0.8707339584827423,0.8929689884185791,0.8713556006550789
3.3599999999946744,175.69196450560136,11.811514792765005,127.13256733357173,62.067380107568106,128.27896193163903,71.4274200314146,0.8707323715090751,0.9117581263184548,0.8858290508389473,0.8707020223140717,0.8930597499012947,0.8713346034288406
3.3799999999946277,175.78046969014395,11.81809821909056,127.0996815665393,62.02318379477071,128.2360679775103,71.44701655461134,0.8707530289888382,0.9118512257933616,0.8858295381069183,0.8706711679697037,0.8931510835886002,0.8713139280676842
3.399999999994581,175.8690018740613,11.825604066076448,127.06692845580653,61.98046104810032,128.19206890913185,71.46701622348924,0.8707752153277397,0.9119434982538223,0.8858271241188049,0.8706414178013802,0.89324292242527,0.8712935701012611
3.4199999999945345,175.95757925063677,11.83399700859159,127.03430466025031,61.939254642916126,128.14697975214517,71.4874158798687,0.8707988858222961,0.9120348453521728,0.8858218133449555,0.870612807571888,0.8933352351188659,0.8712735071778297
3.439999999994488,176.04621899395747,11.843242145340529,127.0018067011616,61.89960181600641,128.10081590445614,71.50821230240756,0.8708239823579788,0.9121251240372658,0.8858136817812919,0.8705853238701821,0.8934279412031173,0.8712537571787834
3.4599999999944413,176.1349372632503,11.853304801355387,126.9694309358863,61.86153442219556,128.0535931309764,71.52940220710957,0.8708504736423492,0.912214320898056,0.8858027786016464,0.8705589890480041,0.8935210362076759,0.8712343066930771
3.4799999999943947,176.22374921483996,11.864150327744463,126.93717354132238,61.825079224388595,128.00532755823986,71.55098224784315,0.8708783060312271,0.9123023509979248,0.885789144039154,0.8705338165163994,0.8936144530773162,0.8712151423096657
3.499999999994348,176.312669020686,11.875743924864613,126.90503050859712,61.790258275957,127.95603566889538,71.57294901686973,0.8709074482321739,0.9123891830444336,0.8857728451490402,0.8705098018050194,0.8937081962823867,0.8711962416768074
3.5199999999943015,176.40170988725592,11.888050511716377,126.87299764413874,61.7570893789849,127.90573429607801,71.5952990453818,0.8709378421306609,0.9124747812747955,0.8857539623975753,0.8704869359731674,0.8938022345304489,0.8711776092648505
3.539999999994255,176.49088407273467,11.901034653845583,126.84107057491251,61.72558659712949,127.8544406176605,71.61802880405077,0.8709694609045983,0.912559150159359,0.8857325717806815,0.8704652458429336,0.8938965320587158,0.8711592227220535
3.5599999999942082,176.58020290233557,11.914660542996907,126.80924476116974,61.69576076956532,127.80217215038702,71.64113470358427,0.8710022553801536,0.9126422718167305,0.885708735883236,0.8704447045922279,0.893991057574749,0.8711410775780678
3.5799999999941616,176.6696799917024,11.928879619476955,126.77751551163252,61.66762003177255,127.74894674389128,71.6646130952929,0.8710362032055855,0.9127241104841232,0.8856825172901154,0.8704253166913986,0.8940858244895935,0.8711231604218482
3.599999999994115,176.7593327008719,11.943635712988291,126.74587800050082,61.64117031200764,127.69478257460084,71.68846027166646,0.871071246266365,0.9128046751022338,0.8856539696455001,0.870407086610794,0.8941807925701141,0.8711054533720016
3.6199999999940684,176.84916947371204,11.958906875518627,126.71432728769905,61.616415808502154,127.63969813952987,71.71267246695933,0.8711073085665703,0.912883871793747,0.8856231823563575,0.8703899651765823,0.8942758589982986,0.8710879787802696
3.639999999994022,176.93919553226695,11.974662222778036,126.68285834056238,61.59335941640749,127.5837122499625,71.73724585778521,0.8711443677544594,0.9129617184400558,0.8855901956558228,0.8703739657998085,0.894371023774147,0.8710707232356071
3.659999999993975,177.02941576832748,11.990868318960255,126.65146605311709,61.57200309863497,127.52684402502874,71.76217656372083,0.8711824014782905,0.9130382016301155,0.8855550676584244,0.8703590974211692,0.8944663003087043,0.8710536599159241
3.6799999999939286,177.1198347716161,12.007491273381179,126.62014526715157,61.55234820084273,127.46911288517526,71.78746064791869,0.8712213695049286,0.9131132900714874,0.8855178475379943,0.8703453287482261,0.8945616751909256,0.8710367843508721
3.699999999993882,177.21045666017528,12.024497381074763,126.58889079137312,61.534395725680454,127.41053854553348,71.81309411772884,0.8712612226605415,0.9131869077682495,0.8854785621166229,0.8703326642513275,0.8946570679545403,0.8710201010107994
3.7199999999938353,177.30128496255787,12.041853461862601,126.55769741906285,61.518146536457955,127.35114100918672,71.83907292532919,0.8713023453950882,0.9132522732019425,0.8854196205735206,0.8703270047903061,0.894760650396347,0.8710112139582634
3.7399999999937887,177.3927064543016,12.059491281131194,126.52655994826557,61.50360146602132,127.29094056033922,71.8653929683649,0.8713446840643883,0.9133101910352707,0.885342364013195,0.8703279748558997,0.8948721766471862,0.8710096582770347
3.759999999993742,177.48416514876655,12.077357323025142,126.49547319696292,61.49076139862337,127.2299577573891,71.89205009059606,0.8713877245783805,0.9133668571710586,0.8852634400129318,0.8703299865126609,0.8949839666485786,0.8710083618760108
3.7799999999936955,177.5758795958081,12.095391424594022,126.46443201380826,61.479627346436516,127.16821342590771,71.91904008255403,0.8714315161108971,0.9134216547012329,0.8851823434233665,0.8703331694006919,0.8950958371162414,0.8710073381662369
3.799999999993649,177.6678273184256,12.113601180852086,126.4334312887763,61.47020049243793,127.1057286515277,71.94635868220624,0.8714759334921837,0.9134745612740517,0.8850993111729621,0.870337438583374,0.8952076226472855,0.8710065871477127
3.8199999999936023,177.75999985736877,12.131971267697471,126.40246576530707,61.46248240533486,127.04252477274225,71.97400157562907,0.871520958840847,0.9135254919528961,0.8850143611431122,0.8703427851200104,0.895319327712059,0.8710060864686966
3.8399999999935557,177.85239382330548,12.150479331820794,126.37152918711229,61.45647605664132,126.97862337361809,72.00196439768924,0.8715665429830551,0.9135744109749794,0.8849275872111321,0.8703492045402527,0.8954308539628982,0.8710058182477951
3.859999999993509,177.94500604649463,12.16909816469873,126.34061374570123,61.45218662799013,126.91404627642447,72.03024273273296,0.8716126590967178,0.913621175289154,0.8848389983177185,0.8703566834330558,0.8955422282218933,0.8710057601332665
3.8799999999934625,178.03783300988192,12.187797761508673,126.30971041650349,61.449621227439096,126.84881553418093,72.05883211528334,0.8716592624783516,0.9136658385396004,0.8847487151622772,0.8703651994466781,0.8956533432006836,0.8710059121251106
3.899999999993416,178.13087064795792,12.206546809002075,126.27880941534443,61.448788293134406,126.78295342312616,72.08772803074545,0.8717063128948211,0.9137082129716873,0.8846567645668983,0.8703747525811195,0.8957641541957855,0.8710062474012374
3.9199999999933692,178.22411882581181,12.22529360523232,126.24790058699834,61.449696985525044,126.71648243511079,72.11692591611926,0.8717537477612495,0.9137483075261116,0.8845632985234261,0.8703852981328964,0.8958745539188385,0.8710067704319954
3.9399999999933226,178.31759429038576,12.243963066132173,126.21697372170028,61.452356670124615,126.64942526991629,72.14642116072021,0.8718014687299728,0.9137859299778938,0.8844684109091758,0.8703967913985252,0.8959843546152114,0.8710074946284294
3.959999999993276,178.4112858670199,12.262556871583765,126.18601880041132,61.456776478469784,126.58180482750318,72.17620910690724,0.8718493998050689,0.9138209775090217,0.8843721866607666,0.8704092055559158,0.8960934311151504,0.8710084021091461
3.9799999999932294,178.50517991797048,12.281056793049494,126.1550261761628,61.462964977031966,126.51364420019057,72.20628505081834,0.8718967989087104,0.9138496190309524,0.8842749297618866,0.8704214543104172,0.8962015241384506,0.8710098147392272
3.999999999993183,178.59926537820056,12.299440822176205,126.12398669922489,61.47092989074665,126.44496666477026,72.23664424311332,0.8719338625669479,0.9138207584619522,0.8841797560453415,0.8704192101955414,0.8963052809238433,0.8710160955786704
4.019999999993491,178.6935322897447,12.317686434876189,126.09289179276234,61.480677888210394,126.37579567455768,72.26728188972378,0.871970921754837,0.9137884870171546,0.884082968533039,0.8704179584980011,0.8964075446128845,0.8710226088762283
4.0399999999938,178.7879710509719,12.335763153703018,126.06173349214572,61.49221437890783,126.3061548513826,72.29819315261017,0.8720080390572548,0.9137537702918053,0.8839851170778275,0.870417645573616,0.8965087890625,0.8710292741656304
4.059999999994108,178.8825789513811,12.353621284992244,126.03050445539078,61.50554328775571,126.23606797752237,72.32937315052571,0.8720451697707176,0.9137166038155555,0.8838863179087638,0.8704182758927345,0.8966088891029358,0.8710360422730445
4.079999999994417,178.97735501550113,12.371249561150757,125.99919798420044,61.520666802906014,126.16555898758017,72.36081695978731,0.8720822781324387,0.9136769697070122,0.8837865933775901,0.8704198583960533,0.8967078268527985,0.8710429221391678
4.099999999994726,179.07228717971822,12.38863115575361,125.96780862764105,61.537584191420464,126.0946519603115,72.39251961505298,0.8721193417906761,0.9136349350214005,0.8836860463023185,0.8704223796725273,0.8968055754899978,0.8710498601198197
4.119999999995034,179.167363769499,12.405715374210656,125.93633389849774,61.55628868091788,126.02337111040119,72.42447611010593,0.8721563339233398,0.9135905042290687,0.8835847482085227,0.8704258665442467,0.8969020545482635,0.8710568562150002
4.139999999995343,179.2625753089059,12.42242726907675,125.9047739553801,61.57676754760829,125.9517407801942,72.45668139864515,0.8721931874752045,0.9135436996817589,0.8834828287363052,0.8704302608966827,0.8969972193241119,0.8710639014840126
4.159999999995652,179.35791272515488,12.438678054987665,125.87313080103934,61.59900333785001,125.87978543138267,72.48913039508223,0.8722298756241799,0.9134945660829544,0.8833803057670593,0.8704355806112289,0.8970910385251045,0.8710709288716316
4.17999999999596,179.4533660430182,12.454373300597837,125.84140758890959,61.62297500998611,125.8075296366523,72.52181797534448,0.8722663313150406,0.9134431391954422,0.8832773402333259,0.8704417809844017,0.8971833825111389,0.8710779696702957
4.199999999996269,179.5489235764647,12.469419278034406,125.80960804061037,61.648658933866585,125.7349980712908,72.55473897768405,0.8723024919629097,0.9133894950151443,0.8831740170717239,0.8704488441348076,0.8972742021083832,0.8710849657654762
4.219999999996578,179.64457147658425,12.483727727363522,125.77773597465622,61.67602975110887,125.66221550476128,72.58788820349305,0.8723382815718651,0.9133336558938027,0.8830704301595688,0.8704567342996598,0.8973634123802184,0.8710918858647346
4.239999999996886,179.74029353919408,12.497219219059453,125.74579493896107,61.70506105747278,125.58920679224356,72.62126041812444,0.8723736688494682,0.9132756799459457,0.8829666465520859,0.8704654291272164,0.8974509999155998,0.8710986942052841
4.259999999997195,179.83607120687313,12.509825315390673,125.71378794549193,61.73572593626704,125.51599686614605,72.65485035171865,0.8724085822701454,0.9132155895233154,0.882862751185894,0.8704749017953872,0.8975369200110436,0.8711053416132927
4.279999999997504,179.9318837088828,12.521489732022228,125.68171728959683,61.76799736371243,125.44261072759147,72.6886527000358,0.8724429368972778,0.9131534203886985,0.8827588558197021,0.8704851120710373,0.8976210966706276,0.8711117967963219
4.299999999997812,180.0277083008093,12.53216869849907,125.64958444669199,61.80184844250202,125.3690734378789,72.72266212529324,0.8724767416715622,0.9130891770124435,0.8826549649238586,0.8704960733652115,0.8977036237716675,0.8711179703474045
4.319999999998121,180.12352056938602,12.541830694393385,125.61739003173204,61.83725253608575,125.2954101099254,72.75687325700845,0.8725099340081215,0.9130229264497757,0.8825511768460274,0.8705077588558197,0.8977844655513764,0.8711238443851471
4.33999999999843,180.21929477307822,12.550455706215656,125.58513380956154,61.87418332017957,125.22164589968867,72.79128069284778,0.8725424602627754,0.9129546284675598,0.8824475273489952,0.8705201506614685,0.8978636533021926,0.8711293250322342
4.359999999998738,180.3150041902649,12.558034155680348,125.55281474282582,61.91261479552134,125.14780599758025,72.82587899947764,0.8725743070244789,0.9128843188285828,0.8823440968990326,0.8705332353711128,0.8979412540793419,0.8711343765258789
4.379999999999047,180.4106214621789,12.564565612249764,125.52043106727307,61.952521262386114,125.07391561985906,72.86066271342432,0.8726054161787032,0.9128119707107544,0.8822409570217132,0.8705470040440559,0.8980172544717788,0.8711389362812042
4.3999999999993555,180.5061189158769,12.570057395531837,125.4879803848658,61.99387727046837,125.00000000002142,72.89562634193618,0.8726357787847518,0.9127375930547714,0.8821381479501724,0.8705614477396011,0.8980917438864707,0.8711429595947265
4.419999999999664,180.6014688470214,12.574523146246259,125.45545976151567,62.03665762645454,124.92608438018375,72.93076436385095,0.8726653724908828,0.9126612126827239,0.8820357143878936,0.8705765485763549,0.8981647670269012,0.8711463838815688
4.439999999999973,180.69664376505003,12.577981451501687,125.42286582740424,62.08083739807154,124.85219400246254,72.96607123046766,0.8726941660046578,0.9125828295946121,0.8819337591528892,0.8705922842025756,0.8982363238930702,0.8711491957306862
4.4600000000002815,180.79161659720967,12.580454538252603,125.39019487490819,62.12639195323654,124.77835410035408,73.00154136642276,0.8727221548557281,0.9125025242567062,0.8818323269486427,0.8706086635589599,0.8983064413070678,0.8711513683199882
4.48000000000059,180.88636084614242,12.581967096704943,125.35744294952018,62.17329702851461,124.7045898901173,73.0371691705706,0.8727493211627007,0.9124202877283096,0.8817314848303794,0.8706256598234177,0.8983751326799393,0.8711528927087784
4.500000000000899,180.98085070603767,12.58254524223188,125.32460593079723,62.221528798594285,124.63092656216243,73.07294901686791,0.8727756470441818,0.9123362094163895,0.8816312998533249,0.8706432595849037,0.898442393541336,0.8711537599563598
4.5200000000012075,181.07506113447684,12.582215644693127,125.29167960236954,62.27106397746767,124.55738927244848,73.10887525526218,0.8728011325001717,0.9122503250837326,0.8815318167209625,0.8706614583730697,0.8985081970691681,0.8711539745330811
4.540000000001516,181.16896788479454,12.58100483714957,125.25865971187737,62.321879924252634,124.4840031338925,73.14494221258389,0.8728257685899734,0.9121627330780029,0.8814331114292144,0.8706802293658257,0.8985725164413452,0.871153549849987
4.560000000001825,181.26254750377967,12.578938704695085,125.22554202039672,62.373954710640646,124.4107932077936,73.18114419344238,0.8728495240211487,0.9120734915137291,0.8813352733850479,0.8706995502114295,0.8986352935433387,0.8711525037884712
4.5800000000021335,181.35577729495725,12.576042166192025,125.19232233900682,62.42726716170358,124.33778449527446,73.2174754811252,0.8728724122047424,0.9119826585054397,0.8812383294105529,0.87071942538023,0.8986964970827103,0.871150854229927
4.600000000002442,181.44863525098376,12.572339021506654,125.15899655716109,62.481796863822694,124.26500192874354,73.25393033850088,0.8728944107890129,0.9118903279304504,0.8811423510313033,0.8707398191094399,0.8987560734152794,0.8711486279964447
4.620000000002751,181.5410999527124,12.567852000500418,125.12556066259796,62.53752413108209,124.19247036338064,73.29050300892482,0.8729155197739601,0.9117965579032897,0.881047374010086,0.8707607313990593,0.8988139420747757,0.8711458563804626
4.6400000000030595,181.63315042094865,12.562603053654513,125.09201075312043,62.59442992593791,124.12021456864886,73.3271877171484,0.872935739159584,0.9117014735937118,0.8809534877538681,0.8707821398973464,0.898870076239109,0.8711425617337226
4.660000000003368,181.7247658820238,12.556614118755377,125.0583430441454,62.65249574744938,124.04825921983591,73.36397867023095,0.8729550555348397,0.91160509288311,0.880860710144043,0.8708040356636048,0.8989243686199188,0.8711387932300567
4.680000000003677,181.8159252884956,12.549909717376433,125.02455387186765,62.71170347949848,123.97662888962752,73.40087005845444,0.8729734688997268,0.9115075275301933,0.8807690903544426,0.8708264052867889,0.8989767879247665,0.8711345598101615
4.700000000003985,181.9066047811337,12.54252579698992,124.99063969068263,62.77203521238359,123.9053480397158,73.43785605624106,0.8729909658432007,0.9114088892936706,0.8806787222623825,0.870849235355854,0.8990272402763366,0.871129910647869
4.720000000004294,181.9967819627732,12.53444625729436,124.95659706954964,62.83347303451136,123.83444101244572,73.47493082307298,0.8730075597763062,0.9113092005252837,0.8805896058678627,0.8708725214004517,0.8990757077932358,0.8711248591542243
4.740000000004603,182.08644912830098,12.525673730154402,124.92242268502282,62.8959987994023,123.76393202250213,73.51208850441472,0.8730231791734695,0.9112085103988647,0.8805018216371536,0.8708962142467499,0.8991219848394394,0.8711194589734077
4.760000000004911,182.1755927038712,12.516229675213324,124.8881133134171,62.95959389689085,123.69384514864049,73.54932323263768,0.8730378285050392,0.9111069351434707,0.880415441095829,0.8709203094244004,0.8991660088300705,0.8711137413978577
4.78000000000522,182.2641912478788,12.506143663469958,124.85366582173204,63.024239007938675,123.62420432546404,73.58662912794661,0.8730515301227569,0.911004550755024,0.8803304865956306,0.8709448024630546,0.8992077976465225,0.8711077153682708
4.800000000005529,182.3522125170993,12.495461194520729,124.819077158204,63.08991388635928,123.55503333525007,73.6240002993082,0.8730642437934876,0.9109014153480529,0.8802470073103904,0.8709696844220162,0.8992472395300865,0.8711014077067375
4.820000000005837,182.43966328596935,12.484114070409989,124.78434434280909,63.15659715023182,123.4863557998284,73.66143084538123,0.8730760052800178,0.9107976585626602,0.8801650613546371,0.870994946360588,0.8992843478918076,0.8710948452353477
4.840000000006146,182.52653681752147,12.47212235246665,124.74946445856739,63.224266101079685,123.41819517251444,73.69891485544862,0.8730867251753807,0.9106933385133743,0.8800847470760346,0.8710205391049385,0.8993188858032226,0.8710880637168884
4.860000000006455,182.61281567138096,12.459507743509691,124.71443464801264,63.292896495342546,123.35057473009999,73.73644641035062,0.8730964168906211,0.9105885088443756,0.8800060778856277,0.8710464492440223,0.8993509024381637,0.8710810720920562
4.880000000006763,182.698477991259,12.446296034162303,124.67925210919044,63.362462357606475,123.28351756490417,73.77401958341963,0.8731050759553909,0.9104833483695983,0.8799291744828224,0.8710726857185364,0.8993803083896637,0.8710738882422447
4.900000000007072,182.78349646978592,12.432524653814422,124.64391409021793,63.43293588304143,123.21704657688748,73.81162844141608,0.8731127113103866,0.9103778705000877,0.8798540011048317,0.871099217236042,0.8994071394205093,0.8710665300488472
4.920000000007381,182.86782566339912,12.418252193250785,124.60841788359325,63.504287368659796,123.15118446583143,73.8492670454653,0.8731193274259567,0.9102722406387329,0.8797806471586227,0.8711260616779327,0.8994313731789588,0.8710589975118637
4.940000000007689,182.95139939959333,12.403410893071896,124.57276082219549,63.57648518177739,123.08595372358661,73.88692945199537,0.8731249511241913,0.9101665258407593,0.8797091215848922,0.8711531966924667,0.899453067779541,0.8710513040423393
4.960000000007998,183.03418331327214,12.388053578927796,124.53694028103344,63.649495684069336,123.02137662639173,73.92460971367575,0.8731294974684715,0.9100607931613922,0.8796395406126976,0.8711805775761604,0.8994719952344894,0.8710434854030609
4.980000000008307,183.11659471532363,12.372182742618302,124.50095367893303,63.72328323113266,122.95747522726633,73.96230188035629,0.8731330335140228,0.9099551767110824,0.8795718863606453,0.8712082177400589,0.8994883075356483,0.8710355326533318
5.000000000008615,183.19844675917253,12.355806874410284,124.46479847737196,63.797810210056575,122.89427134847968,74.00000000000693,0.8731354787945748,0.9098499670624732,0.8795064449310303,0.8712360322475433,0.8995018929243087,0.8710274770855904
5.020000000008924,183.27967727397788,12.338889263580477,124.42847218022256,63.87303714587251,122.83178657409847,74.03769811965756,0.8731368154287338,0.9097451820969581,0.8794432207942009,0.8712639942765236,0.8995127022266388,0.8710193410515785
5.040000000009233,183.36025539014483,12.321459432694128,124.39197233018038,63.94892285862893,122.77004224261593,74.0753902863381,0.873137030005455,0.9096409425139427,0.8793822810053825,0.8712920859456063,0.8995206460356712,0.8710111379623413
5.060000000009541,183.44015881151904,12.303560357054087,124.35529650768144,64.02542464266739,122.70905943966467,74.11307054801847,0.8731361448764801,0.9095373421907424,0.8793236389756203,0.8713202893733978,0.89952582269907,0.8710028678178787
5.08000000000985,183.51936077971112,12.285245624568184,124.31844233411663,64.10249836583556,122.64885899081605,74.15073295454856,0.8731341734528542,0.9094345197081566,0.8792673394083976,0.8713485866785049,0.8995282053947449,0.8709945574402809
5.100000000010159,183.59785446970395,12.266447640529384,124.28140747453993,64.18009863903083,122.58946145446819,74.18837155859777,0.8731311783194542,0.9093325823545456,0.8792133420705796,0.8713770002126694,0.8995279461145401,0.8709861844778061
5.120000000010467,183.6756459532783,12.247202693692097,124.24418964978355,64.258178941695,122.53088711482536,74.2259804165942,0.8731270119547844,0.9092316329479218,0.8791618525981902,0.871405404806137,0.8995247185230255,0.8709778070449828
5.140000000010776,183.7527271288635,12.227553137627751,124.2067866500868,64.33669170446647,122.47315597497087,74.26355358966319,0.8731217503547668,0.9091317921876907,0.8791128486394882,0.8714338272809982,0.8995186924934387,0.8709694296121597
5.160000000011085,183.8290776659693,12.207565383553751,124.1691963461947,64.41558837427732,122.4162877500361,74.30108514456518,0.8731154337525368,0.909033140540123,0.8790663078427314,0.8714622631669044,0.899509984254837,0.8709610164165497
5.180000000011393,183.90470110997987,12.187199346442258,124.13141669780819,64.49481954152336,122.36030186046777,74.33856915463254,0.8731080129742622,0.9089358702301978,0.8790223866701126,0.8714906454086303,0.8994984731078147,0.8709526255726814
5.200000000011702,183.97960492530848,12.16646937488561,124.0934457581414,64.5743350822108,122.30521742539587,74.37599970070556,0.8730995014309882,0.9088400304317474,0.8789811164140701,0.8715189561247826,0.8994842082262039,0.8709442481398583
5.220000000012011,184.05378408141294,12.145426016216105,124.05528167524909,64.65408423440496,122.25105325610453,74.41337087206712,0.8730899304151535,0.9087457686662673,0.8789425194263458,0.8715471729636192,0.8994672745466232,0.8709359109401703
5.240000000012319,184.12722375491143,12.124106014017771,124.01692270505515,64.7340152729108,122.19782784960792,74.45067676737602,0.8730792954564094,0.9086532145738602,0.8789066672325134,0.8715752556920051,0.8994476228952407,0.8709276095032692
5.260000000012628,184.19992479474655,12.102489609310625,123.97836721707911,64.81407532491443,122.14555938233363,74.48791149559895,0.8730675607919692,0.908562470972538,0.8788736447691917,0.8716031461954117,0.8994252175092697,0.8709193840622902
5.280000000012937,184.2718911969516,12.080619711800999,123.93961369619382,64.8942103674935,122.09426570391533,74.52506917694068,0.8730547577142715,0.9084736362099647,0.8788434520363807,0.871630835533142,0.899400120973587,0.8709112390875816
5.300000000013245,184.34311596696824,12.058548607865571,123.90066074967127,64.97436521600913,122.0439643310972,74.56214394377255,0.8730408906936645,0.9083868622779846,0.8788161784410476,0.871658270061016,0.8993722975254058,0.8709032103419304
5.320000000013554,184.41357822161532,12.036357111217612,123.8615071132146,65.05448359606393,121.994672441752,74.59912994155913,0.8730259597301483,0.9083022564649582,0.8787918776273728,0.8716854229569435,0.8993417963385582,0.8708952888846397
5.3400000000138625,184.48329900164478,12.013980261122772,123.82215165573187,65.13450829719082,121.94640686901478,74.63602132978261,0.8730100229382515,0.9082199573516846,0.8787705317139626,0.8717122852802276,0.8993087247014045,0.8708875060081481
5.360000000014171,184.55228285858243,11.99150203781431,123.78259338658096,65.21438131306068,121.89918409553441,74.6728122828651,0.8729930981993675,0.9081400766968727,0.8787522077560425,0.8717388078570366,0.8992731094360351,0.8708798751235008
5.38000000001448,184.62051523547635,11.968896765903436,123.74283146587217,65.29404396102099,121.85302024784478,74.70949699108864,0.8729751497507096,0.9080627620220184,0.8787369862198829,0.8717649415135383,0.8992348968982696,0.8708724364638328
5.4000000000147885,184.68802198119218,11.946162661735318,123.70286521189277,65.37343703364932,121.80793109085756,74.74606966151255,0.8729561865329742,0.9079880982637405,0.8787249207496642,0.8717906460165977,0.8991940736770629,0.8708651989698409
5.420000000015097,184.7548131303747,11.9233447479061,123.66269411003051,65.45250093309542,121.7639320224786,74.78252451888818,0.8729362219572067,0.9079162329435349,0.8787160515785217,0.8718158721923828,0.8991507202386856,0.8708581760525703
5.440000000015406,184.8208875138912,11.900493983333599,123.62231781940682,65.53117584423204,121.7210380683494,74.81885580657095,0.8729152515530586,0.9078472644090653,0.8787104323506355,0.8718405842781066,0.899104756116867,0.8708514124155045
5.4600000000157145,184.8862329048035,11.877683383935693,123.58173617555072,65.60940195561044,121.67926387671602,74.8550577874294,0.872893288731575,0.9077813357114791,0.8787081301212311,0.8718647375702858,0.899056252837181,0.8708449125289917
5.480000000016023,184.95085841160727,11.854917578122853,123.54094919549487,65.68711965504532,121.63862371342664,74.89112474475105,0.872870409488678,0.9077185854315758,0.8787091493606567,0.8718883052468299,0.8990053579211235,0.8708387032151222
5.500000000016332,185.01475884835486,11.832218614789713,123.49995708573708,65.76426963916703,121.59913145705978,74.92705098314526,0.8728466138243675,0.9076591253280639,0.8787135124206543,0.8719112873077393,0.8989520624279975,0.8708327978849411
5.5200000000166405,185.07795107572863,11.809551825351297,123.4587602512235,65.84079299001954,121.56080059418483,74.96283082944252,0.872821906208992,0.9076030492782593,0.8787212684750557,0.8719335988163948,0.8988963931798934,0.8708272010087966
5.540000000016949,185.14044276139708,11.786964809665232,123.41735930538522,65.91663125789836,121.52364421475632,74.9984586335903,0.8727962866425514,0.9075504288077354,0.8787324532866477,0.8719552174210549,0.898838309943676,0.870821975171566
5.560000000017258,185.20218728248523,11.764509525019267,123.3757550793273,65.99172647878866,121.48767500764379,75.03392876954535,0.8727697417140007,0.9075013399124146,0.878747133910656,0.871976076066494,0.8987777993083,0.8708171337842942
5.5800000000175665,185.26321596522382,11.742262347292879,123.33394863026344,66.066021232243,121.45290525629854,75.06923563616199,0.8727423161268234,0.9074559435248375,0.8787653148174286,0.8719961524009704,0.8987149864435195,0.8708126679062843
5.600000000017875,185.32379796348417,11.720266422069331,123.29194124555622,66.13945876608989,121.41934683455878,75.10437365807671,0.8727140545845031,0.9074143201112747,0.8787870451807975,0.8720154285430908,0.898649924993515,0.8708086222410202
5.620000000018184,185.38382778488568,11.698488718041174,123.24973444200987,66.21198309390111,121.3870112025948,75.1393372865885,0.8726849347352982,0.9073766753077507,0.8788124591112136,0.872033828496933,0.8985826462507248,0.8708050012588501
5.640000000018492,185.44327042154288,11.676915586510193,123.2073299713012,66.2835390552003,121.35590940299531,75.17412100053512,0.8726549655199051,0.9073430359363556,0.8788415610790252,0.8720513075590134,0.8985131189227104,0.8708018630743026
5.660000000018801,185.50213479512536,11.655570046018376,123.1647298252327,66.35407229829401,121.32605205699636,75.2087193071649,0.8726241782307624,0.9073134869337082,0.8788743421435355,0.8720678567886352,0.8984413564205169,0.8707992166280746
5.68000000001911,185.56043071787215,11.634496233880805,123.12193624358642,66.42352924908576,121.29744936085424,75.24312674300417,0.8725925281643867,0.9072880774736404,0.8789108783006668,0.8720833912491798,0.8983672827482223,0.8707970932126045
5.700000000019418,185.6181660730056,11.613740928663127,123.0789517181621,66.49185715221401,121.27011108236353,75.27733787471992,0.8725666984915733,0.9073079571127891,0.8789683535695075,0.8720873385667801,0.898290741443634,0.8707976698875427
5.720000000019727,185.67534642461646,11.593358820864982,123.03577899388995,66.55900412494172,121.24404655752124,75.31134729997787,0.8725475743412971,0.9073785573244094,0.8790490612387657,0.8720783978700638,0.898212032020092,0.8708011656999588
5.740000000020036,185.73196923164718,11.573434101287337,122.99242107544788,66.6249191905819,121.21926468733875,75.34514964829553,0.8725274264812469,0.9074517771601677,0.8791328579187393,0.8720689520239829,0.8981316104531288,0.8708050549030304
5.760000000020344,185.78804860500748,11.55397199164021,122.94888123359728,66.68955225057083,121.19577393480203,75.37873958189026,0.8725061789155006,0.9075272858142852,0.8792196586728096,0.8720589697360992,0.8980491772294045,0.8708094269037246
5.780000000020653,185.84361430103024,11.53490210690008,122.90516300748817,66.75285402614844,121.17358232198154,75.41211179652213,0.8724838539958,0.9076049625873566,0.8793093651533127,0.8720484957098961,0.8979648485779762,0.8708142951130867
5.800000000020962,185.8987068543077,11.516259835453733,122.86127066569192,66.81477570587576,121.15269742729274,75.44526102233161,0.8724604159593582,0.9076847851276397,0.879402008652687,0.8720374897122383,0.8978785216808319,0.8708196863532066
5.82000000002127,185.95334911334132,11.498114902082921,122.81721129022245,66.87526781483439,121.133126382908,75.47818202467167,0.8724358558654784,0.9077667534351349,0.8794975891709328,0.8720259562134742,0.8977902144193649,0.8708256140351295
5.840000000021579,186.0075550775639,11.48057365115562,122.7729963399011,66.93427965174043,121.1148758723211,75.51086960493438,0.8724102005362511,0.9078508853912354,0.8795961290597916,0.8720138683915138,0.8977000385522842,0.8708320915699005
5.860000000021888,186.06133577545518,11.46377000596498,122.72864073166126,66.99176004794698,121.09795212806465,75.54331860137192,0.8723834946751594,0.9079370021820068,0.8796974673867225,0.8720013067126274,0.8976081952452659,0.8708390921354293
5.880000000022196,186.11470192619925,11.447854820473898,122.68416152782862,67.04765806818439,121.08236092958181,75.57552388991157,0.8723557874560356,0.9080250412225723,0.879801519215107,0.8719883292913436,0.8975148499011993,0.8708466336131095
5.900000000022505,186.1676626006145,11.433006749159246,122.6395768338597,67.10192355451035,121.0681076012526,75.60748038496494,0.8723271146416663,0.9081148818135262,0.8799081727862358,0.8719749718904495,0.8974201545119286,0.8708547070622444
5.920000000022814,186.2202246099807,11.419339355274813,122.59490491334148,67.15450747884383,121.05519701057558,75.63918304023103,0.8722975969314575,0.908206282556057,0.8800171375274658,0.8719613954424857,0.8973245292901992,0.8708632856607437
5.940000000023122,186.272440398512,11.406877853391878,122.55016350470126,67.20536219125542,121.04363356650563,75.67062684949303,0.8722672522068023,0.9082990109920501,0.8801282793283463,0.8719476670026779,0.897228068113327,0.870872400701046
5.960000000023431,186.32435880404577,11.395729802377558,122.5053693204707,67.25444166478479,121.03342121794832,75.70180684740897,0.8722322046756744,0.9083733662962913,0.8802426576614379,0.8719277694821358,0.8971295863389969,0.8708837956190109
5.98000000002374,186.37601980849058,11.385981135430185,122.46053769281257,67.3017017928454,121.0245634524113,75.73271811029574,0.8721911668777466,0.908422428369522,0.8803603842854499,0.8718998074531555,0.8970284938812255,0.8708981364965439
6.000000000024048,186.42746288549677,11.377696283811696,122.41568234683015,67.3471006919974,121.01706329481341,75.76335575690656,0.8721493870019913,0.9084723308682442,0.8804798185825348,0.8718719348311424,0.8969265073537827,0.8709131702780724
6.020000000024357,186.47872948304573,11.370918721511787,122.3708152805737,67.39059902874321,121.0109233064516,75.7937149492019,0.8721069142222404,0.9085232973098755,0.8806010097265243,0.8718442544341087,0.8968238547444344,0.8709289103746414
6.040000000024666,186.52986342755352,11.365672072315043,122.32594671679118,67.4321604497914,121.00614558412627,75.82379089311334,0.8720637485384941,0.9085751175880432,0.8807237342000007,0.871816873550415,0.8967205762863159,0.870945419371128
6.060000000024974,186.58091078714824,11.361959737344502,122.28108538263298,67.47175155670358,121.0027317594252,75.8535788393007,0.8720211818814277,0.9086301162838936,0.8808451130986213,0.8717923983931541,0.8966192424297332,0.8709610745310783
6.080000000025283,186.63192012779925,11.359757571817545,122.23623982826312,67.50934037387592,121.00068299816641,75.88307408390196,0.8719852894544601,0.9086996391415596,0.8809523165225982,0.871782425045967,0.8965321868658066,0.8709682449698448
6.100000000025592,186.68294240133972,11.359008460287786,122.19141962239287,67.54489474170907,121.0,75.91227196927606,0.8719485744833946,0.9087691038846969,0.8810602128505707,0.8717731222510338,0.8964438930153846,0.8709763720631599
6.1200000000259,186.73402954020017,11.35962949556106,122.146634988077,67.5783827348709,121.00068299816921,75.94116788473846,0.8719110593199729,0.9088387697935104,0.8811688691377639,0.8717644587159157,0.8963545262813568,0.8709854647517205
6.140000000026209,186.78523292247806,11.361521094238318,122.10189616976118,67.60977350576528,121.00273175943079,75.96975726728911,0.8718726724386215,0.908908587694168,0.8812783122062683,0.8717563897371292,0.8962638765573502,0.8709955900907517
6.160000000026518,186.8366020700048,11.364574885796491,122.0572128157286,67.63903844266198,121.00614558413464,75.99803560233309,0.8718333780765534,0.9089784994721413,0.8813885062932968,0.8717488840222358,0.8961718365550041,0.8710068017244339
6.180000000026826,186.88818318160313,11.368681793954382,122.01259262187484,67.6661563982995,121.01092330646277,76.0259984243935,0.8717911064624786,0.9090403735637664,0.8814929023385047,0.8717427060008048,0.8960710883140564,0.8710231989622116
6.200000000027135,186.94001741079651,11.373740597672263,121.96803903001394,67.69112397942911,121.01706329482737,76.05364131781657,0.8717460140585899,0.9090949967503548,0.8815921172499657,0.8717376947402954,0.8959622263908386,0.8710444375872611
6.220000000027444,186.9921408914637,11.379660287149958,121.92355140678544,67.71395321538832,121.02456345242803,76.08095991746897,0.8717002466320991,0.9091512560844421,0.8816934421658515,0.871732822060585,0.8958528995513916,0.8710661053657531
6.240000000027752,187.0445852991296,11.386360501778903,121.87912587381606,67.73466644026591,121.0334212179678,76.10794990942715,0.8716538086533546,0.9092091023921967,0.8817969173192978,0.871728029847145,0.8957430630922317,0.8710881620645523
6.260000000028061,187.09737847333554,11.393771473193977,121.8347560921846,67.75329179778595,121.04363356652789,76.13460703165848,0.8716066867113114,0.909268544614315,0.8819026276469231,0.8717232197523117,0.8956326365470886,0.8711105942726135
6.2800000000283696,187.15054514123833,11.401832839565278,121.79043394291739,67.76985803028141,121.0551970106006,76.16092707469436,0.8715588539838791,0.9093295872211457,0.8820106670260429,0.8717183157801628,0.8955215439200401,0.8711333751678466
6.300000000028678,187.2041079115074,11.410489831167249,121.74615001115383,67.7843852931311,121.06810760128037,76.18690588229487,0.871510337293148,0.9093922436237335,0.8821211069822311,0.871713250875473,0.8954097405076027,0.8711564645171165
6.320000000028987,187.2580879875017,11.419690769626612,121.70189405301483,67.79687921262386,121.08236092961232,76.21253935210514,0.8714580923318863,0.9094529777765273,0.8822318643331527,0.8717040777206421,0.8952894076704979,0.8711789101362228
6.3400000000292955,187.31250530197892,11.429388174833937,121.65765556022025,67.80733262946053,121.09795212809789,76.23782343630312,0.8714046940207482,0.9095149368047714,0.8823448702692985,0.871693979203701,0.8951671212911606,0.8712014630436897
6.360000000029604,187.36737854811713,11.439540104620175,121.61342425585813,67.81572876738927,121.11487587235705,76.26275414223883,0.8713505446910857,0.9095788136124611,0.8824605673551559,0.8716834157705307,0.8950439497828483,0.8712242260575295
6.380000000029913,187.42272525046062,11.450110931831261,121.56919048574014,67.82204403057278,121.13312638294667,76.2873275330648,0.8712956622242928,0.9096448227763175,0.8825790673494339,0.8716722890734673,0.8949199646711349,0.8712471678853034
6.4000000000302215,187.47856187332255,11.461071662912255,121.52494551061609,67.8262504048383,121.15269742733409,76.31153972835774,0.8712400421500206,0.9097131565213203,0.882700490951538,0.8716605544090271,0.8947951883077622,0.87127026617527
6.42000000003053,187.53490408971484,11.472399487412206,121.48068187272577,67.8283165063506,121.17358232202557,76.33538690473135,0.8711836889386176,0.9097840696573257,0.8828249678015708,0.8716481134295463,0.894669683277607,0.8712934896349906
6.440000000030839,187.59176742043596,11.48407604841047,121.43639411672568,67.82820573763301,121.19577393484873,76.35886529644002,0.8711267054080963,0.9098561048507691,0.8829483985900879,0.8716364726424217,0.8945455104112625,0.8713187828660011
6.4600000000311475,187.6491673622134,11.496087048559165,121.39207887985167,67.82587750343977,121.2192646873881,76.38197119597353,0.8710693284869194,0.9099257662892342,0.8830611899495124,0.8716291502118111,0.894427466392517,0.8713505581021309
6.480000000031456,187.70711929989716,11.508422395661828,121.3477346851126,67.82128957286514,121.24404655757321,76.40470095464252,0.8710112452507018,0.9099989324808121,0.8831773564219475,0.8716208800673485,0.8943089753389358,0.8713823914527893
6.500000000031765,187.76563842808793,11.521076281564389,121.30336170284315,67.81440014253805,121.27011108241811,76.42705098315456,0.8709524914622306,0.9100754961371421,0.8832968309521675,0.8716116577386855,0.8941900372505188,0.871414291858673
6.5200000000320735,187.82474662782857,11.534021178173951,121.2589615126565,67.80516945255431,121.29744936091143,76.44901775218109,0.8708945959806442,0.9101659536361694,0.8834244281053543,0.8715988501906394,0.8940706431865691,0.8714467778801918
6.540000000032382,187.88446832494694,11.547209768730799,121.21453681415126,67.79356108191313,121.32605205705612,76.47059779291463,0.8708499997854232,0.9103542804718018,0.8835986733436584,0.871561661362648,0.8939503461122512,0.8714842662215233
6.560000000032691,187.94483037224236,11.56066811780959,121.17009077243378,67.77954334698249,121.35590940305762,76.49178769761657,0.8708051577210426,0.9105497062206268,0.8837781041860581,0.8715227246284485,0.8938300848007202,0.8715217992663383
6.5800000000329995,188.00584298677433,11.574425353907582,121.12562610564153,67.76309075708254,121.38701120265965,76.51258412015532,0.8707600250840187,0.9107516944408417,0.8839625418186188,0.8714820712804794,0.8937096893787384,0.871559439599514
6.600000000033308,188.06751395308183,11.588499158222898,121.08114510879207,67.74418407440558,121.41934683462614,76.53298377653469,0.8707146152853965,0.9109602272510529,0.8841519683599471,0.8714396968483925,0.8935892671346665,0.87159713357687
6.620000000033617,188.12985253898384,11.602907548197953,121.03664999830666,67.7228098159935,121.45290525636838,76.55298344541247,0.8706689640879631,0.9111752957105637,0.8843463838100433,0.8713956236839294,0.8934688806533814,0.8716348677873611
6.640000000033925,188.19286838331095,11.617684824589814,120.99214447945282,67.69895896493458,121.4876750077161,76.57257996860906,0.8706230670213699,0.9113968461751938,0.8845457926392555,0.8713498517870902,0.8933485880494118,0.8716726243495941
6.660000000034234,188.2565692673711,11.632916192380002,120.9476373134977,67.67262456114616,121.52364421483107,76.59177025160632,0.8705770090222359,0.9116248473525047,0.8847501367330551,0.8713024079799652,0.89322851896286,0.8717103719711303
6.680000000034543,188.32096216225472,11.648731399934627,120.90314201403727,67.64380152464777,121.56080059426199,76.61055126403608,0.8705301195383072,0.9118563085794449,0.8849568054080009,0.8712536230683326,0.8931062191724777,0.8717496171593666
6.700000000034851,188.38605510624518,11.665288987541873,120.85867556389864,67.61248686930944,121.59913145713934,76.62892004015876,0.8704808965325356,0.9120842292904854,0.8851596519351005,0.8712042748928069,0.8929761052131653,0.8717938557267189
6.72000000003516,188.45185876480122,11.6827629655353,120.81425727864921,67.57867983072646,121.63862371350855,76.64687367933168,0.8704315930604934,0.9123179078102112,0.8853665933012962,0.8711534559726715,0.8928460672497749,0.8718383803963661
6.740000000035469,188.51838755767014,11.701331966920861,120.76990782891038,67.54238192663487,121.67926387680028,76.66440934646708,0.8703823432326316,0.912557366490364,0.885577517747879,0.8711012423038482,0.8927163287997245,0.8718831151723861
6.760000000035777,188.58566036465118,11.721170742618645,120.72564842741694,67.50359696329072,121.72103806843594,76.68152427247986,0.8703332632780075,0.9128027036786079,0.8857924118638039,0.871047692000866,0.8925870552659034,0.8719280377030373
6.780000000036086,188.6537008828807,11.742443548801518,120.6815001609708,67.4623305725597,121.76393202256742,76.69821575472477,0.8702845007181167,0.9130541473627091,0.8860112935304642,0.8709928676486015,0.8924584299325943,0.8719730988144875
6.800000000036395,188.72254761678957,11.765209474063655,120.63748339539538,67.41858711763034,121.80793109094864,76.71448115742331,0.8702362075448036,0.9133118316531181,0.8862341403961181,0.8709368139505386,0.8923306047916412,0.8720182985067367
6.820000000036703,188.7922772760825,11.789547056156055,120.59361725220873,67.37236462707192,121.85302024793806,76.7303179120798,0.8701884463429451,0.9135759979486465,0.8864610373973846,0.870879553258419,0.8922035843133926,0.8720636636018753
6.840000000037012,188.86292630863818,11.81561653417247,120.54991936699298,67.32365563522583,121.89918409562988,76.74572351788711,0.8701412752270699,0.913846829533577,0.8866920247673988,0.8708210900425911,0.8920773506164551,0.8721092253923416
6.860000000037321,188.93452602721234,11.843517376866878,120.50640578311713,67.27244944865018,121.9464068691124,76.7606955421215,0.870098328590393,0.9141342550516128,0.8869085371494293,0.870753288269043,0.8919659137725829,0.8721498250961304
6.880000000037629,189.00711339356698,11.873319906427069,120.46309092074459,67.21873415537803,121.99467244185173,76.77523162052678,0.8700606614351273,0.9144387304782867,0.8871499091386795,0.8706896349787712,0.8918635874986648,0.8721919313073158
6.900000000037938,189.08073008711975,11.905073785645579,120.4199876057581,67.16249834737536,122.043964331199,76.78932945768766,0.870023874938488,0.9147512570023536,0.8873957693576813,0.8706247121095657,0.8917620658874511,0.8722343727946281
6.920000000038247,189.15542082917725,11.938812477217192,120.37710714701876,67.10373249983051,122.09426570401916,76.80298682739222,0.8699879869818687,0.9150718837976456,0.8876462250947952,0.8705585643649101,0.8916611075401306,0.8722773104906082
6.940000000038555,189.2312343654591,11.974509408589535,120.3344594522552,67.04242994170679,122.14555938243949,76.81620157298346,0.8699530512094498,0.9154008612036705,0.8879014283418655,0.8704911783337593,0.891560623049736,0.8723208338022231
6.960000000038864,189.30826035389225,12.01207675525832,120.2920534929133,66.9785895703349,122.19782784971576,76.82897160769987,0.8699191078543663,0.915738421678543,0.8881616204977035,0.8704226031899452,0.8914604559540749,0.8723650991916656
6.980000000039173,189.38655820927457,12.051570466109874,120.24989836187711,66.91222430528649,122.2510532562143,76.84129491500494,0.869886103272438,0.9160846322774887,0.8884269088506699,0.8703527942299842,0.8913603961467743,0.8724102273583412
7.000000000039481,189.4662340764699,12.093041666654601,120.20800258082336,66.84336309759377,122.30521742550755,76.85316954890558,0.8698541089892388,0.9164396539330483,0.8886974453926086,0.8702818095684052,0.8912603721022606,0.8724563166499137
7.02000000003979,189.54758182432784,12.1365111007715,120.16637392172817,66.77204739943491,122.3603018605813,76.86459363425945,0.8698230981826782,0.9168034464120864,0.8889732658863068,0.8702096536755561,0.8911602228879928,0.8725034609436989
7.040000000040099,189.63026076764154,12.181937747610856,120.12501947975203,66.69832698487473,122.41628775015147,76.87556536707102,0.8697931244969368,0.9171760186553001,0.8892544418573379,0.8701364114880562,0.8910599395632743,0.8725517317652702
7.060000000040407,189.71437263690868,12.229223465491547,120.0839457537691,66.6222562385539,122.47315597508802,76.8860830147765,0.8697642102837563,0.917557030916214,0.8895408481359481,0.8700621545314788,0.890959320962429,0.8726012676954269
7.080000000040716,189.79997345062938,12.278499133086026,120.04315872614215,66.54389092846502,122.53088711494425,76.89614491651741,0.86973637342453,0.9179462507367134,0.8898324221372604,0.8699869677424431,0.8908582866191864,0.8726521492004394
7.100000000041025,189.88709291734193,12.329840920543068,120.00266394616644,66.46328548485099,122.58946145458879,76.90574948340281,0.8697095781564712,0.9183435171842574,0.890129154920578,0.869910891354084,0.8907567247748375,0.8727044522762298
7.120000000041333,189.97576681797727,12.38322409112338,119.96246660353712,66.38049083962956,122.64885899093831,76.91489519876025,0.8696839541196822,0.9187486782670021,0.8904309749603271,0.8698340639472008,0.890654818713665,0.872758136689663
7.140000000041642,190.06608975968354,12.438590054750971,119.922571592573,66.29555278816927,122.70905943978855,76.92358061837524,0.8696908831596374,0.9190798372030258,0.8906297400593758,0.8697537317872047,0.890668761730194,0.8727947399020195
7.160000000041951,190.1581252267717,12.496011277902568,119.88298355806722,66.20851085833198,122.77004224274138,76.93180437071938,0.8697158232331276,0.919373083114624,0.8907737344503402,0.8696715489029884,0.8907441854476928,0.8728230282664299
7.180000000042259,190.25189031040114,12.555606320341134,119.84370692445128,66.11939755001157,122.83178657422546,76.93956515716678,0.8697421848773956,0.9196718946099282,0.8909199371933937,0.8695888608694077,0.8908200740814208,0.872852586209774
7.200000000042568,190.34741729637037,12.617341818255587,119.80474591198805,66.02823793684807,122.89427134860816,76.94686175219935,0.869770187139511,0.9199772730469703,0.8910688757896423,0.8695056587457657,0.8908970043063164,0.8728832080960274
7.220000000042877,190.44478961487,12.681216307552916,119.76610454535744,65.93504961325269,122.95747522739626,76.95369300360014,0.8697998255491256,0.9202892407774925,0.8912205815315246,0.869421973824501,0.8909749805927276,0.8729148894548416
7.240000000043185,190.5440535552503,12.747293253036315,119.72778671815047,65.83985721331284,123.02137662652306,76.96005783263533,0.8698311313986778,0.9206079006195068,0.8913751438260078,0.8693378195166588,0.89105404317379,0.8729476168751716
7.260000000043494,190.64522136870409,12.815547933171755,119.68979644718233,65.74274858077685,123.0859537237193,76.96595523422467,0.8698641315102577,0.920933373272419,0.8915326476097106,0.8692532271146775,0.8911342412233353,0.8729813635349274
7.2800000000438025,190.74835220730245,12.885812073373293,119.6521378906373,65.64389271024537,123.15118446596543,76.97138427710004,0.8698988169431686,0.9212653771042824,0.8916929990053176,0.8691682681441307,0.8912154138088226,0.873016232252121
7.300000000044111,190.85348360662246,12.957993824241644,119.61481518352522,65.54351929216651,123.21704657702276,76.97634410395268,0.8699455454945564,0.9217370390892029,0.8920587539672852,0.8690777659416199,0.8913798511028289,0.8730791300535202
7.32000000004442,190.96060196332004,13.031946171712727,119.57783228249417,65.44189504049899,123.28351756504067,76.98083393156843,0.8700055509805679,0.9223613679409027,0.892650717496872,0.8689811706542968,0.8916360646486282,0.8731719568371773
7.3400000000447285,191.0703949849304,13.107401669120524,119.54119284914594,65.33930401721068,123.35057473023765,76.98485305095143,0.8700679704546929,0.9229971677064895,0.8932569235563278,0.868884302675724,0.8918971419334412,0.8732668936252593
7.360000000045037,191.18243341010648,13.184069819697887,119.50490016835275,65.23603181399994,123.41819517265324,76.98840082743615,0.8701320931315422,0.9236392617225647,0.8938744530081749,0.8687877252697944,0.8921601057052612,0.8733648389577865
7.380000000045346,191.29641248536146,13.261872164431711,119.46895709407016,65.1323533454683,123.48635579996828,76.99147670078757,0.8701976463198662,0.9242855086922646,0.8945021301507949,0.8686916753649712,0.892423865199089,0.8734661191701889
7.4000000000456545,191.41237043410055,13.34078687384258,119.43336627694862,65.02852900862152,123.55503333539099,76.99408018528963,0.8702646076679229,0.9249343752861022,0.8951391011476516,0.8685964569449425,0.8926878035068512,0.8735708683729172
7.420000000045963,191.5303417186319,13.420709114920433,119.39813137795996,64.9248261367021,123.62420432560593,76.99621086982194,0.8703328967094421,0.9255845785140991,0.8957845568656921,0.8685023427009583,0.8929514467716216,0.873679082095623
7.440000000046272,191.65032298012088,13.501758702565782,119.36325813240572,64.82154755740889,123.69384514878332,76.9978684179247,0.8704023525118828,0.9262347370386124,0.8964375942945481,0.8684095337986946,0.893214213848114,0.8737907245755195
7.4600000000465805,191.7723262857943,13.584320316872361,119.32875412995826,64.71902209106818,123.76393202264585,76.99905256785188,0.8704730242490768,0.9268838316202164,0.8970974534749985,0.8683183699846267,0.8934758812189102,0.8739056438207626
7.480000000046889,191.89635629385802,13.668713078793854,119.29462832457821,64.61758665942398,123.83444101259028,76.99976313261244,0.8705449789762497,0.927530825138092,0.8977632224559784,0.8682291865348816,0.8937361449003219,0.8740236565470695
7.500000000047198,192.02271195819685,13.7552305370721,119.26089064175112,64.5175711965809,123.90534803986115,77.0,0.8706183239817619,0.9281747341156006,0.8984340697526931,0.8681423366069794,0.8939948305487633,0.8741445794701576
7.5200000000475065,192.15164452529245,13.844397739223496,119.2275516998824,64.41928684810888,123.9766288897736,76.99976313261044,0.8706931889057159,0.9288150310516358,0.8991094321012497,0.8680581286549568,0.8942518711090087,0.8742681846022605
7.540000000047815,192.28260321118236,13.93639725513394,119.19462265654887,64.32301733826586,124.04825921998268,76.99905256784787,0.8707665115594864,0.9293555319309235,0.8996009469032288,0.8679760575294494,0.8944353297352791,0.8743721693754196
7.560000000048124,192.41567210693128,14.031639288592118,119.1621151857677,64.22901316107489,124.12021456879627,76.9978684179187,0.8708273485302925,0.9298117309808731,0.9000993236899376,0.8678778931498528,0.8946113586425781,0.8744862213730812
7.580000000048432,192.55091751007657,14.130511477146932,119.13004156885945,64.13748835720027,124.19247036352864,76.99621086981394,0.8708899021148682,0.930262565612793,0.9006009548902512,0.8677834615111351,0.8947853356599808,0.874603322148323
7.600000000048741,192.6884575751178,14.232973433096726,119.09841489189374,64.0486194413925,124.26500192889209,76.99408018527963,0.8709555178880691,0.9306993186473846,0.9010714679956436,0.8677016049623489,0.8949730634689331,0.8747379511594772
7.62000000004905,192.82840151314528,14.339330783464755,119.0672493468595,63.96254609039456,124.3377844954235,76.99147670077558,0.8710241958498954,0.9311281502246856,0.9015257447957993,0.8676288589835167,0.8951705366373062,0.8748848289251328
7.640000000049358,192.97081075924447,14.44961900618035,119.03655994686827,63.87936625780386,124.41079320794307,76.98840082742217,0.8710958063602448,0.9315566867589951,0.9019875138998031,0.867559877038002,0.895369592308998,0.8750352069735526
7.660000000049667,193.1158201455262,14.563690842486796,119.00636102005956,63.79911345269009,124.48400313404235,76.98485305093544,0.8711705148220062,0.9319851160049438,0.9024575263261795,0.8674947530031204,0.8955701142549515,0.8751895323395729
7.680000000049976,193.2634891736871,14.681551563688192,118.97666812139161,63.72175704577825,124.55738927259866,76.98083393155045,0.8712483838200569,0.9324140906333923,0.9029366135597229,0.8674333348870277,0.8957721829414368,0.8753481402993202
7.700000000050284,193.41394258079308,14.802609157654599,118.94749781772596,63.64721554550826,124.63092656231291,76.97634410393272,0.8713296368718147,0.9328450143337249,0.9034262105822563,0.8673754975199699,0.8959764778614044,0.8755112946033478
7.720000000050593,193.56726329277083,14.926737676855446,118.91886560202367,63.57537243885733,124.70458989026801,76.9713842770781,0.8714216500520706,0.933240407705307,0.9038957044482231,0.8673432976007461,0.8961677014827728,0.8756796568632126
7.740000000050902,193.72350187816306,15.053348042387965,118.89078491267698,63.50609032010266,124.77835410050496,76.96595523420072,0.8715276509523392,0.9335853487253188,0.9043324619531631,0.8673458144068718,0.8963395059108734,0.8758535802364349
7.76000000005121,193.88279435865508,15.181978213580754,118.86326779960079,63.43922192186201,124.85219400261354,76.96005783260942,0.8716363295912742,0.9339360564947128,0.9047825455665588,0.8673494577407836,0.8965136170387268,0.8760328769683837
7.780000000051519,194.04514260465183,15.312303588607175,118.83632597085324,63.37461860813519,124.92608438033483,76.95369300357225,0.8717477440834045,0.9342929601669311,0.9052461296319961,0.8673541113734246,0.8966903299093246,0.8762175783514976
7.800000000051828,194.2106353118048,15.443755907927928,118.80997192018283,63.31213689335783,125.00000000017252,76.94686175216951,0.8718488723039627,0.9348348289728164,0.9058108821511268,0.867354616522789,0.8970141798257828,0.8763245716691017
7.820000000052136,194.3801781436978,15.576246640019802,118.7842191951082,63.25138091157621,125.07391562001015,76.93956515713498,0.8719507113099098,0.9353919506072997,0.906393252313137,0.8673556625843047,0.8973496660590171,0.8764299601316452
7.840000000052445,194.55299055168723,15.709570985913617,118.75907897940193,63.191270197967555,125.14780599773127,76.9318043706856,0.8720543205738067,0.935955661535263,0.9069891765713691,0.8673569589853286,0.8976888805627823,0.8765388309955596
7.860000000052754,194.72887283832904,15.843586267928075,118.73455670483416,63.131142617366606,125.22164589983956,76.92358061833951,0.872159744799137,0.9365301460027694,0.9076004832983017,0.8673580229282379,0.8980351001024246,0.876649659872055
7.880000000053062,194.9078070585699,15.977933986967564,118.71065472811442,63.070824135791696,125.2954101100761,76.91489519872258,0.872266948223114,0.9371172100305557,0.9082276150584221,0.8673585325479507,0.898390032351017,0.8767614632844924
7.900000000053371,195.08988715124073,16.112184351044053,118.68737748472572,63.01048047940076,125.36907343803067,76.9057494833632,0.8723756358027458,0.9377157002687454,0.9088692039251327,0.867358300089836,0.8987529754638671,0.8768740400671958
7.92000000005368,195.27507067088877,16.246063171820822,118.66473988498832,62.950645653739734,125.44261072774427,76.89614491647586,0.8724854320287704,0.9383220851421356,0.9095224425196647,0.8673573166131973,0.8991215735673904,0.8769877791404724
7.940000000053988,195.46388486486245,16.379329315127222,118.64277114842909,62.89204609653803,125.51599686629982,76.88608301473302,0.8725958362221717,0.9389301240444183,0.9101828962564468,0.8673558011651039,0.8994914054870605,0.8771038293838501
7.960000000054297,195.65634941853017,16.51178485763936,118.62151690023762,62.83542787550437,125.58920679239822,76.87556536702562,0.8727063164114952,0.9395332813262939,0.9108459383249282,0.8673540487885475,0.8998576521873474,0.8772234335541725
7.980000000054606,195.85163797232985,16.64354208899203,118.60104117568974,62.78146718218891,125.66221550491679,76.86459363421211,0.8728163853287697,0.940124762058258,0.9115067049860954,0.8673524394631386,0.90021533370018,0.8773478925228119
8.000000000054914,196.04978647726674,16.774776642231505,118.58142838496208,62.73074223174381,125.73499807144708,76.85316954885636,0.872925890982151,0.9406994432210922,0.912161548435688,0.8673515319824219,0.9005611777305603,0.8774780601263046
8.020000000054868,196.25078852659323,16.905614149984718,118.5627850608137,62.68373882613479,125.8075296368093,76.8412949149538,0.8730345204472542,0.9412535071372986,0.9128074154257774,0.8673516705632209,0.9008924216032028,0.8776143163442611
8.040000000054821,196.4546351280079,17.036350362487333,118.54524116994322,62.640868256853096,125.87978543154033,76.82897160764685,0.8731421574950218,0.9417852997779846,0.9134427234530449,0.8673531904816627,0.9012080818414688,0.8777564153075218
8.060000000054774,196.66128437584692,17.167350062328513,118.52895073433457,62.602483426069945,125.95174078035245,76.81620157292855,0.873248766362667,0.9422948747873306,0.9140669941902161,0.8673563510179519,0.901508529484272,0.8779035836458206
8.080000000054728,196.8707415421086,17.29857875266014,118.51409162129731,62.56888739570742,126.02337111055996,76.80298682733543,0.8733186155557632,0.9429625391960144,0.9148442715406417,0.8673304542899132,0.90175521671772,0.8780121549963951
8.100000000054681,197.08299018904412,17.430535760387926,118.50086442001822,62.54033372040379,126.09465196047073,76.78932945762901,0.8733644500374794,0.9437228471040725,0.9157165393233299,0.8672868371009826,0.9019637629389763,0.8780959650874137
8.120000000054635,197.29842958283908,17.563426900379483,118.48949050941886,62.51702180331129,126.1655589877398,76.77523162046627,0.8734097883105277,0.9444594800472259,0.916577461361885,0.8672458171844483,0.9021614551544189,0.8781822964549064
8.140000000054588,197.51677740103167,17.69715341266571,118.48020948826502,62.49909069240016,126.23606797768231,76.76069554205915,0.8734547331929207,0.9451745122671127,0.9174285262823104,0.867207358777523,0.9023494511842728,0.8782707691192627
8.160000000054541,197.73773934224192,17.831972274794293,118.47327628196722,62.48661490805613,126.30615485154281,76.74572351782292,0.8734993964433669,0.9458694458007812,0.9182704359292984,0.8671714261174202,0.9025287926197052,0.8783610343933105
8.180000000054495,197.96129284467926,17.96792101736798,118.46896906864418,62.47961975158221,126.37579567471806,76.73031791201379,0.8735439658164977,0.9465463101863861,0.9191045269370078,0.8671379789710044,0.9027009055018425,0.8784527122974396
8.200000000054448,198.18750604641352,18.104591207099826,118.46763365028772,62.478133682719566,126.44496666493076,76.71448115735548,0.8735597863793373,0.9472570866346359,0.9199447378516197,0.867079783976078,0.9028022885322571,0.8786090224981308
8.220000000054402,198.41641773659282,18.242277367569525,118.46971388467117,62.482182117700965,126.51364420035111,76.69821575465514,0.8735644400119781,0.947977465391159,0.9207869961857795,0.8670127019286156,0.9028769388794898,0.8787906751036644
8.240000000054355,198.64796181887175,18.38107309219224,118.4757474623839,62.491732801453416,126.58180482766369,76.68152427240842,0.8735693708062172,0.9486844420433044,0.9216243013739586,0.8669478550553321,0.9029484242200851,0.8789731502532959
8.260000000054308,198.8821682386811,18.520697365522995,118.4863550133085,62.50666196378649,126.64942527007669,76.66440934639387,0.8735743016004562,0.9493753254413605,0.9224542573094368,0.8668852478265762,0.9030141651630401,0.8791574850678444
8.280000000054262,199.11906502842203,18.66134410609882,118.50223009189551,62.52674902107366,126.716482435271,76.64687367925669,0.8735791832208634,0.9500507056713104,0.923276300728321,0.8668246656656265,0.9030745327472687,0.8793437108397484
8.300000000054215,199.35856829969788,18.803189906405,118.52413269693727,62.55164630467866,126.78295342328612,76.62892004008201,0.873568508028984,0.9505653411149978,0.9240406811237335,0.8667717680335044,0.9030563473701477,0.8795829236507415
8.320000000054169,199.6006300089616,18.946175501986556,118.55289128725414,62.580755093236974,126.84881553434055,76.61055126395757,0.8735446497797966,0.9509460359811782,0.9247570142149925,0.866725280880928,0.9029738157987595,0.8798675954341888
8.340000000054122,199.84526559566257,19.090429589912624,118.58940195322884,62.61326913990805,126.91404627658252,76.59177025152641,0.8735213413834572,0.9513245582580566,0.9254688948392867,0.8666796609759331,0.902894328534603,0.8801521331071853
8.360000000054075,200.09240233688192,19.236187730417978,118.63462196131161,62.64830899704212,126.97862337377454,76.57257996852779,0.8734985157847405,0.9517016232013702,0.926174584031105,0.8666345953941345,0.9028189361095428,0.880436272919178
8.380000000054029,200.34196405136382,19.38341523427783,118.68956150858946,62.685020310881924,127.04252477289702,76.55298344532986,0.8734762221574783,0.9520798236131668,0.9268745422363281,0.8665896013379096,0.9027504459023475,0.8807191342115402
8.400000000053982,200.59416229368856,19.531933637253722,118.75526680365894,62.72258711336888,127.10572865168074,76.53298377645076,0.8734544292092323,0.9524610728025437,0.9275684386491775,0.866544209420681,0.9026911467313766,0.8809998854994774
8.420000000053935,200.85015836362672,19.68161584972912,118.83277317090625,62.760100225687765,127.16821342605898,76.5125841200701,0.8734330609440804,0.9528469353914261,0.9282557189464569,0.8664979100227356,0.9026427239179611,0.8812780305743217
8.440000000053889,201.10849543854084,19.83224248827801,118.92306941709528,62.79651702932086,127.22995775753853,76.49178769753009,0.8734119698405266,0.9532385915517807,0.9289355516433716,0.8664501398801804,0.9026065990328789,0.8815530553460121
8.460000000053842,201.36923014045865,19.983523368831236,119.02709964336687,62.83078201407535,127.29094056048677,76.47059779282691,0.8733909547328949,0.9536371946334838,0.9296072661876679,0.8664003178477288,0.9025835275650024,0.8818251207470894
8.480000000053796,201.63221059481694,20.135059888371373,119.1457721317817,62.8619293683936,127.35114100933235,76.44901775209217,0.8733698278665543,0.9540434867143631,0.9302696377038956,0.8663478806614876,0.9025743946433067,0.8820939719676971
8.500000000053749,201.89738992420277,20.286569200132753,119.2799678795944,62.88913796207026,127.41053854567714,76.42705098306446,0.8733483254909515,0.9544580489397049,0.930921682715416,0.8662922695279122,0.9025794148445129,0.882359917461872
8.520000000053702,202.1647229013591,20.43769365006349,119.43054801321696,62.91175263693838,127.46911288531689,76.40470095455126,0.8733261570334434,0.9548801213502883,0.9315610855817794,0.8662330374121666,0.9025978326797485,0.8826233237981796
8.540000000053656,202.43412433267716,20.58812803529933,119.5983593970727,62.92928377079925,127.52684402516827,76.38197119588116,0.8733030185103416,0.9553084433078766,0.9321851909160613,0.8661698177456856,0.9026284590363503,0.8828846782445907
8.56000000005361,202.70551199809907,20.737481289238726,119.78423806670737,62.94139502115238,127.58371225009992,76.35886529634655,0.8732786148786544,0.9557413339614867,0.932791057229042,0.8661023646593093,0.9026695907115936,0.8831447049975395
8.580000000053563,202.97876315603102,20.885308824428314,119.98901045325731,62.94788544904735,127.63969813966511,76.33538690463682,0.8732526287436485,0.9561763346195221,0.9333749026060104,0.866030503809452,0.9027189612388611,0.8834041595458985
8.600000000053516,203.25379747699287,21.03152067112238,120.21349202968803,62.94867138566387,127.69478257473386,76.31153972826218,0.8732247605919837,0.9566103786230087,0.9339323192834854,0.86595419049263,0.9027739554643631,0.8836637169122695
8.62000000005347,203.5304532091457,21.17600188726634,120.45848330733443,62.94376934645479,127.74894674402205,76.28732753296822,0.8731947734951973,0.9570403635501862,0.9344588190317153,0.8658734783530235,0.9028320699930191,0.8839238733053207
8.640000000053423,203.80862660548146,21.318404389446897,120.72476187957436,62.93328026716054,127.80217215051547,76.26275414214128,0.8731625109910964,0.9574637234210968,0.9349505841732025,0.8657885149121284,0.9028913289308548,0.8841850042343139
8.660000000053376,204.08820767979694,21.45864267085247,121.01307016280813,62.91737422546268,127.8544406177866,76.23782343620461,0.8731278434395789,0.957877516746521,0.9354032516479492,0.8656994879245757,0.9029496401548386,0.8844472259283066
8.68000000005333,204.3690575794298,21.59690486613638,121.32409875209683,62.89627489043517,127.90573429620171,76.21253935200569,0.8730992913246155,0.9577792406082153,0.9348842442035675,0.8656666666269303,0.9027868926525116,0.884713140130043
8.700000000053283,204.65100235016163,21.733308470889426,121.65846481494661,62.87024360197343,127.95603566901664,76.18690588219452,0.8730696439743042,0.9576303422451019,0.93425552546978,0.8656359374523163,0.9026037871837616,0.8849795371294021
8.720000000053236,204.93389113738547,21.867969162080126,122.01668547077739,62.83956352265143,128.00532755835866,76.16092707459313,0.8730401307344436,0.957404151558876,0.9334518194198608,0.8656091824173927,0.9024007841944695,0.8852334707975388
8.74000000005319,205.21771452618634,22.00064542059006,122.3991473865379,62.80452470930633,128.05359313109267,76.13460703155641,0.8730298399925231,0.9568360149860382,0.9319009393453598,0.865618547797203,0.9021804004907608,0.8853439420461654
8.760000000053143,205.50340642916225,22.131554118181466,122.80607460534664,62.76541085904549,128.10081590456986,76.10794990932428,0.8730171665549278,0.956208610534668,0.93023861348629,0.8656292676925659,0.9019307494163513,0.8854576766490936
8.780000000053096,205.78978190268035,22.26081740133816,123.23713396901509,62.72245089376678,128.1469797522563,76.0809599173653,0.873003590106964,0.9555062741041184,0.9284186899662018,0.8656428664922714,0.9016589343547821,0.885564562678337
8.80000000005305,206.0770268818691,22.38842000422312,123.69013708821772,62.67567597846144,128.1920689092403,76.05364131771215,0.8729890257120132,0.9547304183244705,0.9264501720666886,0.8656592011451721,0.9013651698827744,0.8856658607721328
8.820000000053003,206.36560312115304,22.514151851599962,124.16106488339187,62.62491287721141,128.2360679776161,76.02599842428835,0.8729731380939484,0.9538937032222747,0.924365246295929,0.8656771048903465,0.9010529249906539,0.8857645526528358
8.840000000052957,206.6561676705444,22.637423792507395,124.64422830658586,62.56992770875341,128.27896193174212,75.99803560222725,0.8729554176330566,0.9530210733413697,0.9222202122211456,0.8656944185495377,0.9007288828492165,0.8858656853437423
8.86000000005291,206.9496807149583,22.757313762839615,125.13205902598203,62.510683221592245,128.3207361233723,75.96975726718259,0.8729350730776787,0.9521469593048095,0.9200900688767433,0.8657081872224808,0.9004010453820228,0.8859760582447052
8.880000000052863,207.24709422193456,22.87310765088268,125.61578933095139,62.44719717193991,128.36137628665855,75.94116788463128,0.8729110538959503,0.9513149917125702,0.918066668510437,0.8657147228717804,0.9000781655311584,0.8861044019460678
8.900000000052817,207.54935379381112,22.9838503216742,126.08624914005117,62.37940474127154,128.40086854302226,75.91227196916827,0.8728823900222779,0.9505724936723708,0.916244313120842,0.8657102927565574,0.8997696042060852,0.8862596750259399
8.92000000005277,207.85735117196515,23.08855585740585,126.53456753850256,62.30709564942362,128.4391994058941,75.88307408379357,0.8728483349084853,0.9499628186225891,0.9147054627537727,0.8656916290521621,0.8994838774204253,0.8864490881562233
8.940000000052724,208.17184888391736,23.18627473557253,126.95278264268828,62.229899771569876,128.47635578531947,75.85357883919175,0.872808589041233,0.9495190918445587,0.9135091036558151,0.8656565368175506,0.8992281332612038,0.8866767048835754
8.960000000052677,208.49342014810915,23.276141795426383,127.33433136058532,62.14730276404033,128.51232499242892,75.82379089300386,0.8727633446455002,0.9492590248584747,0.9126842617988586,0.8656041845679283,0.8990070074796677,0.8869426012039184
8.98000000005263,208.82242576765884,23.35724272365951,127.67438473457284,62.05867543971189,128.54709474377108,75.7937149490919,0.8728237882256508,0.9489534497261047,0.9118157625198364,0.8655281752347946,0.8992255806922912,0.8871593371033668
9.000000000052584,209.15900835476307,23.42911391035303,127.9700081709615,61.963305492564906,128.58065316550775,75.7633557567961,0.8728615626692772,0.948849281668663,0.9113543689250946,0.8654390186071396,0.8994067370891571,0.8874181881546974
9.020000000052537,209.50301310153102,23.491470227855757,128.22014855985734,61.860428624756025,128.6129887974687,75.73271811018482,0.8728673294186592,0.9489509105682373,0.9112935811281204,0.8653397411108017,0.8995155587792396,0.8877142235636711
9.04000000005249,209.8540707541817,23.544275635731655,128.42547592256125,61.749261576802596,128.64409059706517,75.70180684729763,0.8728449419140816,0.9492217689752579,0.9115636795759201,0.8652333736419677,0.8995586127042771,0.8880339249968529
9.060000000052444,210.21164157928453,23.587794568270667,128.58812419182297,61.62904070814655,128.67394794306114,75.67062684938129,0.8727993130683899,0.9496195048093795,0.9120862230658531,0.865122951567173,0.899545407295227,0.888363067805767
9.080000000052397,210.57505572652246,23.622572114148767,128.71136789549146,61.499180134151665,128.70255063920027,75.63918304011891,0.8727357760071754,0.950102624297142,0.9127835482358932,0.8650111436843871,0.899487815797329,0.8886880487203598
9.10000000005235,210.9435449772109,23.6493169749216,128.79926247653395,61.3596581033708,128.72988891768804,75.6074803848525,0.8726597443223,0.9506326019763947,0.9135819122195243,0.8649001494050026,0.8993987619876861,0.8889968156814575
9.120000000052304,211.31628758357627,23.668936811691637,128.8563546669566,61.210860023126884,128.75595344252739,75.57552388979879,0.8725760862231254,0.9511762410402298,0.9144171699881554,0.8647916719317436,0.899289770424366,0.8892803698778152
9.140000000052257,211.692454293629,23.682573955300064,128.88743345293608,61.05333984025319,128.78073531270698,75.54331860125885,0.8724890574812889,0.951706576347351,0.9152361914515496,0.8646869137883186,0.899170970916748,0.8895327255129813
9.16000000005221,212.07124797363338,23.691589256509022,128.89731564858383,60.88768443959911,128.80422606524087,75.51086960482104,0.8724021807312965,0.9522041261196136,0.9159989446401596,0.8645865812897682,0.8990512639284134,0.8897505432367324
9.180000000052164,212.45192819134192,23.697520202383277,128.8906739021608,60.71446132580409,128.82641767805853,75.4781820245581,0.8723182410001754,0.9526564627885818,0.916678062081337,0.8644909203052521,0.8989385753870011,0.8899328619241714
9.200000000052118,212.83317316538336,23.70175802893612,128.87754571973753,60.534217594366574,128.84730257274452,75.44526102221782,0.8722394376993179,0.9530574798583984,0.9172572582960129,0.8643998458981513,0.8988402768969536,0.8900802940130234
9.220000000052071,213.21416483077502,23.70576129544317,128.86465493473952,60.34750042567252,128.8668736171265,75.41211179640815,0.8721727311611175,0.9533611416816711,0.91763856112957,0.8643155574798583,0.8987721934914589,0.8901824057102203
9.240000000052024,213.594930737117,23.710892475652496,128.85199590726214,60.154877760256014,128.88512412771067,75.37873958177612,0.8721218004822731,0.9535474926233292,0.9177772000432014,0.8642387077212333,0.8987436413764953,0.8902366623282433
9.260000000051978,213.97553591790546,23.718324561508666,128.83956282227817,59.95694880322803,128.90204787196444,75.34514964818126,0.8720836371183395,0.9536522954702377,0.9177420452237129,0.8641667619347572,0.8987523406744004,0.890256130695343
9.280000000051931,214.35608265976694,23.728999093390424,128.82734951081622,59.754342494065654,128.9176390704446,75.3113472998635,0.8720548570156097,0.9537132620811463,0.9176061019301415,0.8640971273183823,0.8987951934337616,0.8902540653944016
9.300000000051885,214.7367033767927,23.743605071599823,128.81534932195493,59.547706950071266,128.9318923987712,75.27733787460545,0.8720320090651512,0.9537656903266907,0.9174387365579605,0.8640274211764335,0.8988678812980652,0.8902431488037109
9.320000000051838,215.11755060483952,23.762570602242022,128.8035550306785,59.337703972643034,128.94480298944566,75.24312674288964,0.8720120400190353,0.9538378596305847,0.917296302318573,0.8639557167887687,0.898965236544609,0.8902343690395355
9.340000000051791,215.49878512604656,23.786048510139338,128.79195868360284,59.12503290465685,128.95636643351307,75.20871930705036,0.8719925358891487,0.9539486348628997,0.9172172889113426,0.8638807266950607,0.8990817651152611,0.890235835313797
9.360000000051745,215.88034269359008,23.813916732694743,128.7823842595504,58.91044829591921,128.9665787820679,75.17412100042056,0.871971882879734,0.9541059821844101,0.9172201544046402,0.8638019680976867,0.8992114543914794,0.8902527689933777
9.380000000051698,216.26178523357794,23.845818400456366,128.77965218529982,58.69473471966854,128.97543654760247,75.13933728647396,0.8719511315226555,0.9542926102876663,0.9172729402780533,0.8637204870581626,0.8993516802787781,0.8902832210063935
9.400000000051651,216.64323178170451,23.881229994216213,128.7837940987295,58.478656998857,128.98293670519794,75.1043736579622,0.8719350203871726,0.9544570922851562,0.9172754615545272,0.8636393323540688,0.8995049059391022,0.8903158769011498
9.420000000051605,217.0248420401751,23.919540465519596,128.79428165539184,58.262907054652615,128.9890766935574,75.06923563604755,0.8719244882464409,0.9545789897441864,0.9171920135617256,0.8635598048567772,0.8996662050485611,0.8903483137488365
9.440000000051558,217.4067734187017,23.960126570689113,128.81038155569672,58.04806196290776,128.9938544158804,75.033928769431,0.8719189763069153,0.9546559154987335,0.9170213937759399,0.8634820073843003,0.8998307898640633,0.8903822392225266
9.460000000051512,217.78917133090147,24.002413883572068,128.8312540970244,57.83456218617147,128.9972682405792,74.99845863347608,0.8719167456030845,0.9547007083892822,0.9167916759848594,0.8634051397442818,0.8999943554401397,0.8904227808117866
9.480000000051465,218.17216304848614,24.04591563211046,128.8560359856713,57.62271421764171,128.99931700183575,74.96283082932842,0.8719160169363022,0.9547279596328735,0.9165336787700653,0.8633283168077469,0.9001535132527351,0.8904745429754257
9.500000000051418,218.55585540815446,24.09023845634905,128.88389377721023,57.412726583335576,129.0,74.92705098303132,0.8719151586294174,0.9547520637512207,0.9162768527865409,0.8632507562637329,0.9003058850765228,0.890541160106659
9.520000000051372,218.94033592862115,24.135054252211123,128.91404030970494,57.20477391737862,128.99931700182867,74.8911247446373,0.8719128742814064,0.9547845005989074,0.9160445064306258,0.8631719350814819,0.9004497945308685,0.8906246930360794
9.540000000051325,219.32567498448597,24.180067999727537,128.94573489566156,56.99904391637005,128.997268240565,74.85505778731584,0.8719083905220032,0.9548321723937988,0.9158503994345665,0.8630916833877563,0.9005843430757522,0.8907255798578262
9.560000000051279,219.7119274904691,24.22499908357827,128.978282812687,56.79574939897998,128.99385441585912,74.81885580645763,0.8719014883041382,0.9548953115940094,0.915695372223854,0.8630103051662444,0.9007087886333466,0.890842305123806
9.580000000051232,220.09913363402814,24.269580431826686,129.01104145208797,56.59510899914914,128.98907669352903,74.7825245187751,0.8718925833702087,0.954967150092125,0.9155669748783112,0.8629285290837287,0.9008225411176681,0.890971565246582
9.600000000051185,220.48731908710346,24.313569337946124,129.04343212559516,56.39731308552206,128.9829367051625,74.74606966139976,0.8718823015689849,0.955038559436798,0.9154482558369637,0.8628471687436103,0.9009251177310943,0.8911096453666687
9.620000000051139,220.87649529736086,24.35676266828177,129.07495394142197,56.20249014203881,128.97543654755995,74.70949699097615,0.8718707367777824,0.9551078498363494,0.9153366491198539,0.862766532599926,0.9010163933038712,0.8912549585103988
9.640000000051092,221.26666030385852,24.399010401622572,129.1051959680126,56.01068365541011,128.96657878201836,74.67281228275291,0.8718579828739166,0.9551739662885665,0.9152305096387863,0.8626868441700936,0.9010965466499329,0.8914061278104782
9.660000000051046,221.65780026967494,24.440223272503808,129.1338446113821,55.821844036959625,128.9563664334565,74.63602132967075,0.8718441650271416,0.9552364975214004,0.9151289030909538,0.8626082822680473,0.9011662930250167,0.8915617406368256
9.680000000050999,222.04989170269576,24.480371740125918,129.16068414461384,55.63583595393468,128.94480298938208,74.59912994144766,0.8718294575810432,0.9552951663732528,0.9150308147072792,0.8625309765338898,0.9012267053127289,0.8917203933000565
9.700000000050952,222.44290412087489,24.519475869396747,129.18558982996416,55.45245768447372,128.93189239870065,74.56214394366145,0.871801321208477,0.9553776711225509,0.9150267779827118,0.862457175552845,0.9012190341949463,0.8918975621461868
9.720000000050906,222.83680275643277,24.557590052421606,129.20851558507653,55.27146453256587,128.91763907036707,74.52506917682997,0.8714631214737892,0.9571524351835251,0.9194240406155586,0.8621832862496376,0.8999340370297432,0.8944197505712509
9.740000000050859,223.23155088657694,24.59478927718289,129.22948004468904,55.092587179710215,128.90204787187997,74.48791149548867,0.8712223261594773,0.958165317773819,0.9222199797630309,0.8619931802153588,0.8990120857954025,0.8960316017270088
9.760000000050812,223.6271116627284,24.63115851800102,129.2485526582791,54.915543902746414,128.8851241276193,74.45067676726619,0.8710208028554917,0.9592320680618286,0.9247253060340881,0.8618189841508865,0.8984418928623199,0.8972431644797325
9.780000000050766,224.02344944401835,24.666784922378646,129.2658405592764,54.740048709006246,128.86687361702823,74.41337087195774,0.8708205580711365,0.9601981461048126,0.9274565637111664,0.8616832688450813,0.8976758718490601,0.899045917391777
9.80000000005072,224.4205310776244,24.701757557991336,129.28147923813935,54.56579794713475,128.84730257263942,74.37599970059667,0.8707326620817184,0.9604467689990998,0.9283629268407821,0.8616739705204963,0.897259870171547,0.8999537155032158
9.820000000050673,224.81832302851873,24.736760385796444,129.2958218818185,54.390892807777384,128.8264176779466,74.33856915452414,0.8705852389335632,0.960578116774559,0.9291874021291733,0.8616612389683723,0.8964950919151305,0.9007508099079132
9.840000000050626,225.21678268878705,24.774463481050287,129.31009931482083,54.20806258238628,128.80422606512218,74.3010851444573,0.8704746112227439,0.9615317225456238,0.9313472598791123,0.8616329684853553,0.8963519781827927,0.9014044284820556
9.86000000005058,225.61586585294614,24.817759201964275,129.32642471521964,54.00912703958937,128.78073531258158,74.26355358955585,0.8703698664903641,0.9617316901683807,0.932170957326889,0.8615992620587348,0.8958719879388809,0.9018559604883194
9.880000000050533,226.0155092827385,24.868881662078305,129.347822837967,53.78759260021015,128.7559534423953,74.22598041648742,0.870364747941494,0.9619757890701294,0.93354831635952,0.8616457760334014,0.8956533521413803,0.9027065873146057
9.900000000050486,226.41561398987517,24.929437165302833,129.37815380000893,53.538351566634695,128.72988891754932,74.18837155849157,0.8703376710414886,0.9624102532863616,0.9346286118030548,0.8615870714187622,0.8957308858633041,0.9029171586036682
9.92000000005044,226.81613561746272,24.999682140510366,129.42099079147988,53.259428686177856,128.70255063905492,74.15073295444294,0.8703352212905884,0.9632221847772597,0.9364185392856598,0.8615258768200874,0.8961075037717819,0.9028948560357094
9.940000000050393,227.21705748904364,25.078808539694805,129.47962478380825,52.95140116770697,128.67394794290925,74.11307054791348,0.8703843235969543,0.9642156839370727,0.9385466665029526,0.8615184023976326,0.8967544570565223,0.9029545396566391
9.960000000050346,227.61826106777673,25.165518098044355,129.55785824892646,52.61670937696354,128.6440905969068,74.07539028623374,0.870384868979454,0.9650860249996185,0.9400112330913544,0.8614218696951866,0.8973553702235222,0.9025324046611786
9.9800000000503,228.01960115887624,25.25824865926229,129.65918124151557,52.25853865298956,128.6129887973039,74.03769811955385,0.8704115033149719,0.9659603536128998,0.9413759589195251,0.8613553196191788,0.8980968803167343,0.9022278398275375
10.000000000050253,228.42085251047868,25.355599060136036,129.78702302910108,51.879757577097635,134.0,69.2346331351773,0.870440573990345,0.9669259309768676,0.9430527508258819,0.8612945139408111,0.8988495886325836,0.9020130574703217
10.020000000050207,228.8217088461446,25.456099192660226,129.94483482960925,51.484027769517915,134.0,70.03926738492116,0.870480690896511,0.9676752507686615,0.943989011645317,0.8612412676215172,0.8996571481227874,0.9016265287995339
10.04000000005016,229.22166807765277,25.558357266844435,130.13707330587167,51.07585769476426,134.0,70.07851963151795,0.8704980090260506,0.9678312838077545,0.9433131575584411,0.8611652135848998,0.9002723306417465,0.900775021314621
10.060000000050113,229.61999169035346,25.661355247025014,130.36958686913366,50.6595801912136,134.0,70.11774160730211,0.8705832719802856,0.9678657412528991,0.9420441418886184,0.8611471444368363,0.9012474343180656,0.8994662776589394
10.080000000050067,230.01591583784335,25.76468605067578,130.64854817989973,50.23842799636975,134.0,70.15691819145532,0.8706385076045989,0.9676603734493255,0.9402337580919266,0.8611200273036956,0.901957008242607,0.898358578979969
10.10000000005002,230.40860370865815,25.868280744683993,130.9801747306531,49.815741536827105,134.0,70.19603428065867,0.8706477835774421,0.9678936541080474,0.9395637512207031,0.8610689982771873,0.9026540607213974,0.8979872494935989
10.120000000049973,230.7971940207507,25.97186295557647,131.3708771474834,49.39512082778139,134.0,70.23507479491514,0.8707935169339179,0.9674372136592865,0.9369437605142593,0.8611427366733551,0.9035692304372788,0.8969668745994568
10.140000000049927,231.18105859763088,26.075178300247163,131.82505482190783,48.98034981065648,134.0,70.27402468336331,0.8708630353212357,0.9667727142572402,0.9341316431760788,0.8611773952841758,0.9039976820349693,0.8962056592106818
10.16000000004988,231.5601806949942,26.177726161023163,132.3417225868707,48.575424129822885,134.0,70.31286893007974,0.8709651961922645,0.96599583029747,0.9307060778141022,0.8611427858471871,0.9048930078744888,0.8949904084205628
10.180000000049834,231.93525656279508,26.2786309962972,132.91388554948415,48.1847088952763,134.0,70.3515925598679,0.8713392168283463,0.9643730491399765,0.9252841800451278,0.8611523970961571,0.9065081983804703,0.8937639594078064
10.200000000049787,232.30754253722327,26.37683216966096,133.52982849290635,47.81243925278003,134.0,70.39018064403136,0.8715600475668906,0.9628591388463974,0.9209674775600433,0.8612376600503922,0.9070866346359253,0.8928198933601379
10.22000000004974,232.67852495923316,26.471332043298233,134.175838968112,47.46231623011424,134.0,70.42861830612912,0.8716940060257912,0.9615136981010437,0.9172336637973785,0.8612498909235,0.9074489831924438,0.8920017302036285
10.240000000049694,233.05001496702621,26.561044637124336,134.83525834095855,47.13770402490328,134.0,70.46689072771075,0.871712003648281,0.9598759055137634,0.9137124061584473,0.8612073868513107,0.9069425955414772,0.8923060625791549
10.260000000049647,233.42399947953635,26.644801460150603,135.48978184372336,46.841364769960606,134.0,70.50498315402916,0.8717198848724365,0.9584336459636688,0.9106559038162231,0.861156277358532,0.9065236032009124,0.8925539344549179
10.2800000000496,233.8024435239263,26.72128451416223,136.12093799554026,46.5760233886079,134.0,70.54288089972891,0.8717052936553955,0.9571321219205856,0.9080699414014816,0.86109349578619,0.9060394644737243,0.8928986430168152
10.300000000049554,234.18709572549162,26.788961701478513,136.7113958356387,46.34467597768956,134.0,70.58056935450762,0.8716621994972229,0.9560489833354949,0.9060629606246948,0.8610162302851677,0.9055014759302139,0.8933469742536545
10.320000000049507,234.57921721421172,26.846306123341584,137.24735219377496,46.14961034083728,134.0,70.61803398874851,0.8715879157185554,0.9552237391471863,0.9046751141548156,0.8609249904751778,0.9049107372760773,0.8939048022031784
10.34000000004946,234.9795038475408,26.891409148436086,137.71949825674707,45.99344279575838,134.0,70.65526035912191,0.8714836180210114,0.9546572744846343,0.9038816228508949,0.8608229279518127,0.9042674720287323,0.8945690065622329
10.360000000049414,235.388114484516,26.921403140677267,138.12290238724324,45.88038272800359,134.0,70.69223411415344,0.8713536918163299,0.9543150067329407,0.9036146625876427,0.8607171595096588,0.9035736292600631,0.8953303068876266
10.380000000049368,235.80472974903236,26.93556465616772,138.45647174173428,45.807924323271045,134.0,70.72894099975667,0.8712052315473556,0.9541245520114898,0.9037516787648201,0.8606140598654747,0.9028178945183754,0.8961747244000434
10.400000000049321,236.2286755677778,26.93495967069146,138.72223381861517,45.76802704347962,134.0,70.76536686472849,0.8710456356406212,0.9540012955665588,0.9041185423731803,0.8605393916368484,0.9020456373691559,0.8970990762114525
10.420000000049274,236.65905996698712,26.92151218789204,138.9245818709371,45.750142334874965,134.0,70.80149766620453,0.8708821594715118,0.9539018660783768,0.9046003520488739,0.8605088859796524,0.9013174355030059,0.8980718642473221
10.440000000049228,237.09486916746795,26.897485365816735,139.06956337239916,45.74331976442701,134.0,70.83731947507303,0.870723582804203,0.9538276582956314,0.9051402315497398,0.860493879020214,0.9006301954388618,0.898995840549469
10.460000000049181,237.53504113272368,26.865111651217124,139.1642498798705,45.73746467935227,134.0,70.8728184813448,0.8705749794840812,0.9537850379943847,0.905697938799858,0.8604908481240272,0.9000306412577629,0.8998094260692596
10.480000000049134,237.97852544208067,26.826484391525344,139.216204199477,45.72393346149109,134.0,70.90798099947713,0.8704401090741157,0.9537808716297149,0.9062275722622871,0.8604908123612404,0.8995462656021118,0.9004572823643684
10.500000000049088,238.42432665143548,26.783493112494497,139.23304799485365,45.695676287865965,134.0,70.94279347364997,0.8703207865357399,0.9538237154483795,0.9066944062709809,0.8604836240410805,0.899192227423191,0.9008981749415398
10.520000000049041,238.87061268790936,26.737564454954196,139.23055615682534,45.647151436830136,134.0,70.97724248299184,0.8702170073986053,0.9539216071367264,0.9070817574858665,0.8604614242911338,0.8989759117364883,0.901110154390335
10.540000000048995,239.31517319639735,26.690253181853368,139.227768135214,45.57422717843085,134.0,71.01131474675384,0.8701322451233864,0.9540193647146225,0.9072769463062286,0.8604251384735108,0.8988955482840538,0.9010826617479324
10.560000000048948,239.7580431823128,26.64258343870208,139.2250776253257,45.47417937180666,134.0,71.04499712942972,0.8700713723897934,0.9540286362171173,0.9071238592267036,0.8603812798857688,0.8989410072565078,0.9008198276162147
10.580000000048901,240.19941367238619,26.59540119029894,139.2224691806083,45.34572533006404,134.0,71.07827664581977,0.8700283229351043,0.9539785593748092,0.9066868647933006,0.8603231877088546,0.8990927219390868,0.9003520637750625
10.600000000048855,240.63944175778713,26.5493722659306,139.21992747944665,45.18903785351246,134.0,71.11114046603691,0.8699963063001632,0.953910493850708,0.9060587540268897,0.8602441608905792,0.8993293508887291,0.8997172832489013
10.620000000048808,241.0782501490194,26.504888728817967,139.21743810671126,45.00569754123863,134.0,71.1435759204529,0.8699686124920845,0.9538668811321258,0.9053398013114929,0.8601391300559044,0.8996279969811439,0.8989573463797569
10.640000000048762,241.51591856542598,26.46214617106533,139.21498826737513,44.7985627114894,134.0,71.17557050458258,0.8699393093585968,0.953882509469986,0.9046189710497856,0.8600054800510406,0.8999658077955246,0.8981135100126266
10.660000000048715,241.95252743505526,26.421144839696954,139.21256724958957,44.57116030324492,134.0,71.20711188390473,0.869903801381588,0.9539772450923919,0.9039603412151337,0.8598439082503319,0.9003209009766578,0.8972247958183288
10.680000000048668,242.388123452987,26.382051289224588,139.21016661149974,44.326358531283034,134.0,71.23818789861723,0.8698592856526375,0.9541539579629897,0.903398409485817,0.8596583217382431,0.9006740048527717,0.89632538408041
10.700000000048622,242.822794538507,26.34489238497079,139.20778032572278,44.06732464897364,134.0,71.26878656832481,0.869804859161377,0.9544023662805557,0.9029404133558273,0.8594548046588898,0.9010115832090377,0.8954420477151871
10.720000000048575,243.25658629840845,26.309630038169946,139.20540491821535,43.79776420433097,134.0,71.29889609665786,0.8697402939200402,0.9546806186437606,0.9025402903556824,0.8592603981494903,0.9013595640659332,0.8946230709552765
10.740000000048529,243.68949047162536,26.276040770413356,139.20303955167793,43.521770527582476,134.0,71.32850487582003,0.8696698814630508,0.9548239469528198,0.9021136447787285,0.859159256517887,0.9017814844846725,0.894133111834526
10.760000000048482,244.1214644377784,26.243791191674312,139.20068599611176,43.243645135388945,134.0,71.35760149106333,0.8695957094430923,0.9549334347248077,0.9016867041587829,0.8590604975819588,0.9021569892764091,0.8937123760581016
10.780000000048435,244.55243134584146,26.21252509698722,139.1983484370608,42.9677081026313,134.0,71.3861747250887,0.8695173889398574,0.9550148665904998,0.9012525886297226,0.8589615777134895,0.9024802893400192,0.8933339431881905
10.800000000048389,244.9822431047984,26.18198447345496,139.19603310259288,42.69811384053444,134.0,71.4142135623705,0.8694358319044113,0.9550632894039154,0.9008150041103363,0.8588638335466384,0.9027438163757324,0.8930025070905685
10.820000000048342,245.41054492715145,26.15178266936062,139.19374766759523,42.438690276213116,134.0,71.44170719340323,0.8693520084023475,0.9550742238759994,0.9003760159015656,0.858768481016159,0.9029424250125885,0.8927207499742508
10.840000000048295,245.8381776311855,26.121532651456036,139.19150009491568,42.19280732766435,134.0,71.46864501886876,0.8692895978689194,0.9550876796245574,0.9001069322228431,0.8586946129798889,0.9031174838542938,0.8925081849098205
10.860000000048249,246.26513471321803,26.091045962405158,139.18934093800414,41.96324520261788,134.0,71.49501665372257,0.869229632616043,0.9550694227218628,0.8998776257038116,0.8586291447281837,0.9032371997833252,0.8923495322465896
10.880000000048202,246.6909686309058,26.06025486110077,139.1887811889945,41.752125360342504,134.0,71.52081193119744,0.8691683575510979,0.9550025552511215,0.8996347203850746,0.8585670471191406,0.9032856225967407,0.8922375679016114
10.900000000048156,247.11552902038568,26.0291694298703,139.19010826494016,41.56089212031122,134.0,71.54602090672286,0.869107699394226,0.9548802822828293,0.8993677601218223,0.8585096389055252,0.9032670259475708,0.8921675130724906
10.920000000048109,247.53882676117377,25.997852950170316,139.19275623776247,41.390319066067626,134.0,71.57063386175888,0.8690485253930091,0.9547037124633789,0.8990757033228874,0.858457250893116,0.9031874850392342,0.892134191095829
10.940000000048062,247.960885574139,25.966415319594773,139.19623555127745,41.24054065019626,134.0,71.59464130754282,0.8689908489584922,0.9544811874628066,0.8987658143043518,0.858409458398819,0.9030550017952919,0.8921321570873261
10.960000000048016,248.38171755446982,25.93507391621572,139.20013594465232,41.11111807960745,134.0,71.61803398874731,0.8689346611499786,0.9542223900556565,0.8984458088874817,0.8583657339215278,0.9028790757060051,0.8921552687883377
10.98000000004797,248.8012874056883,25.903964242765365,139.2041253522283,41.00110107536896,134.0,71.64080288704847,0.8688799172639846,0.9539373338222503,0.8981230229139328,0.8583254963159561,0.9026697918772697,0.8921971648931503
11.000000000047923,249.21970787499285,25.872846184757805,139.2079457729916,40.909086839900645,134.0,71.66293922460255,0.8688266038894653,0.9536357104778289,0.8978036925196647,0.8582881689071655,0.9024373695254325,0.8922514528036117
11.020000000047876,249.63707237420508,25.841813238829182,139.21140694811083,40.833290903562336,134.0,71.68443446743005,0.8687747746706008,0.9533256649971008,0.8974917694926262,0.8582532644271851,0.9021916925907135,0.8923115521669388
11.04000000004783,250.05341862825705,25.810944607415756,139.21437863221635,40.77163007034039,134.0,71.7052803287057,0.8687245815992355,0.953014063835144,0.8971895068883896,0.8582203894853592,0.901942104101181,0.89237120449543
11.060000000047783,250.46876039081206,25.780281749678572,139.21678212564706,40.72180685963126,134.0,71.72546877195313,0.8686763644218445,0.9527061820030213,0.8968971684575081,0.858189333975315,0.9016973346471786,0.8924246251583099
11.080000000047736,250.8830975989738,25.749834300434816,139.2185815992528,40.68138528672503,134.0,71.74499201414318,0.8686305254697799,0.9524052560329437,0.896612948179245,0.8581599816679955,0.9014649704098702,0.8924664855003357
11.10000000004769,251.29641710388978,25.719607712005924,139.21977562589262,40.64787774817299,134.0,71.76384252869434,0.8685875251889229,0.9521127969026565,0.8963334262371063,0.858132341504097,0.9012513637542724,0.892492252588272
11.120000000047643,251.70867661773795,25.68959085304159,139.2203892274948,40.61883155148378,134.0,71.78201304837441,0.8685474842786789,0.9518317997455596,0.8960576906800269,0.85810616761446,0.9010619282722473,0.8924984887242317
11.140000000047596,252.11986929037084,25.65949297217122,139.22046665265773,40.5919083239275,134.0,71.79949656810217,0.8685102730989456,0.9515657961368561,0.895786152780056,0.858081066608429,0.9009009420871734,0.892482802271843
11.16000000004755,252.53000946783453,25.629248519683404,139.22006501918787,40.564953597921665,134.0,71.81628634764795,0.8684756770730019,0.9513169944286346,0.8955185934901237,0.8580566674470901,0.9007711589336395,0.8924436151981353
11.180000000047503,252.93912510312583,25.598629821810686,139.21924888791057,40.53605466729287,134.0,71.8323759142321,0.868443463742733,0.9510871112346649,0.8952549546957016,0.8580326303839684,0.9006742596626282,0.8923802703619003
11.200000000047456,253.34720616501156,25.567556072229443,139.21808578009785,40.503585325339984,134.0,71.84775906502047,0.8684133246541023,0.9508765310049057,0.8949944853782653,0.8580086469650269,0.9006105571985245,0.8922928303480148
11.22000000004741,253.7542189209796,25.53596038338259,139.21665062276597,40.466236794220386,134.0,71.86242986951557,0.8683849602937698,0.9506850212812423,0.8947366088628769,0.8579844713211059,0.9005793452262878,0.8921821892261504
11.240000000047363,254.1601006562232,25.50379918076427,139.21515554183733,40.42303511373592,134.0,71.876382671843,0.868358102440834,0.9505115807056427,0.8944805607199668,0.857959933578968,0.9005788579583168,0.8920500636100769
11.260000000047317,254.5647944620308,25.47108963982179,139.21367026881668,40.37334594433584,134.0,71.88961209293187,0.8683325767517089,0.9503533482551575,0.8942241370677948,0.8579350113868713,0.9006063818931579,0.8918985679745673
11.28000000004727,254.96822633699418,25.437803467706058,139.21219345640108,40.31686743539313,134.0,71.9021130325885,0.8683081105351448,0.9502080619335175,0.8939664840698242,0.8579096332192421,0.9006585732102393,0.8917304426431656
11.300000000047223,255.37035995242454,25.403875933285534,139.2107240482222,40.25361231380863,134.0,71.91388067146269,0.8682844221591949,0.9500732183456421,0.8937070429325104,0.8578837722539902,0.900731462240219,0.8915487855672836
11.320000000047177,255.7711562139921,25.369351500267957,139.20926125370323,40.1838807410155,134.0,71.92491047290565,0.8682611674070358,0.9499458223581314,0.8934451967477798,0.857857383787632,0.9008205249905586,0.8913567125797272
11.34000000004713,256.1706350537643,25.334089237392533,139.2078045209265,40.108225778946945,134.0,71.93519818471897,0.8682381361722946,0.9498232901096344,0.8931808471679688,0.8578305259346962,0.9009213134646415,0.8911576569080353
11.360000000047084,256.5687704550715,25.29816938439578,139.20635350784377,40.02741250599489,134.0,71.9447398407939,0.8682150512933731,0.9497023940086364,0.8929135203361511,0.8578032210469245,0.9010290712118149,0.8909546941518783
11.380000000047037,256.9655100898497,25.26169978533529,139.20490805196476,39.94237089774074,134.0,71.9535317626404,0.8681917652487755,0.9495802104473113,0.8926429793238639,0.8577755942940711,0.9011392831802368,0.8907509535551071
11.40000000004699,257.3607833756736,25.224891271125664,139.20346814017338,39.85414747716006,134.0,71.96157056080521,0.8681681618094444,0.9494539231061935,0.8923690408468247,0.8577477931976318,0.9012476846575737,0.8905492603778838
11.420000000046944,257.75447762882857,25.18770369985958,139.20203387964466,39.76385816544155,134.0,71.96885313617864,0.8681442141532898,0.9493208676576614,0.8920914500951767,0.8577200010418892,0.9013504087924957,0.8903522163629531
11.440000000046897,258.1465687120716,25.150173982292706,139.20060547063997,39.6726436130355,134.0,71.97537668118925,0.8681199356913566,0.9491783082485199,0.8918097332119942,0.8576924100518226,0.901444000005722,0.8901618152856826
11.46000000004685,258.53701252461724,25.112535885049162,139.19918318108068,39.58162814280697,134.0,71.98113868088623,0.8680953577160835,0.9490239381790161,0.8915235504508018,0.8576652213931083,0.9015255033969879,0.8899797916412353
11.480000000046804,258.92595423190346,25.074736638306767,139.1977673234252,39.491883206117656,134.0,71.98613691390905,0.8680705428123474,0.9488563984632492,0.8912331700325012,0.8576386004686355,0.9015928357839584,0.8898073703050613
11.500000000046757,259.3130650142701,25.03681278112457,139.19635823340866,39.404396013219745,134.0,71.99036945334372,0.868045499920845,0.9486747145652771,0.8909389853477477,0.8576126411557198,0.9016443207859993,0.8896453738212585
11.52000000004671,259.6993540289001,24.99896250268674,139.194956250635,39.32004378109739,134.0,71.9938346674657,0.8680203765630722,0.9484782159328461,0.8906412824988365,0.8575875267386436,0.9016790732741355,0.889494302868843
11.540000000046664,260.08418598756526,24.96106891959574,139.19356170108088,39.23957389533795,134.0,71.99653122036902,0.8679951325058937,0.9482676088809967,0.8903412997722625,0.8575632348656654,0.9016970083117485,0.8893539696931839
11.560000000046617,260.4676740232716,24.92308918894731,139.19217488167718,39.163590057206626,134.0,71.99845807248117,0.8679699331521987,0.94804248213768,0.8900389701128005,0.8575399085879326,0.9016981035470962,0.8892241775989532
11.58000000004657,260.84991330463896,24.885047899504997,139.19079819510452,39.09254425653404,134.0,71.99961448096398,0.8679448276758194,0.9478033810853957,0.8897348880767822,0.8575175613164902,0.9016829714179039,0.8891042560338974
11.600000000046524,261.2307628574962,24.84699399305581,139.18944645534228,39.02673445930706,134.0,72.0,0.8679199635982513,0.9475510299205779,0.8894293531775475,0.8574962601065635,0.9016528099775314,0.8889932841062546
11.620000000046478,261.6101544885544,24.808951686867278,139.1881180593937,38.966307501092345,134.0,71.99961448096427,0.8678954616189003,0.9472864121198654,0.8891227722167968,0.8574760362505912,0.9016090989112854,0.8888902425765991
11.640000000046431,261.988095093568,24.770798227581476,139.18680816805454,38.911266724098674,134.0,71.99845807248174,0.8678714692592621,0.947010600566864,0.8888154402375221,0.8574569076299667,0.9015536665916443,0.888793808221817
11.660000000046384,262.36458028883146,24.732567591506083,139.18551258980213,38.86148378139874,134.0,71.99653122036987,0.8678480714559554,0.9467249810695648,0.8885077372193336,0.8574388518929481,0.9014884620904923,0.8887026891112327
11.680000000046338,262.7395815669715,24.694202191058412,139.18422779455634,38.81671311338366,134.0,71.99383466746686,0.8678253665566444,0.9464311271905899,0.8882001236081123,0.857421837747097,0.9014156848192215,0.8886154860258102
11.700000000046291,263.11311117317024,24.655555438279407,139.18295089580332,38.77660738411072,134.0,71.99036945334515,0.8678034216165542,0.9461299866437912,0.8878924965858459,0.8574058204889298,0.9013372614979743,0.888530670106411
11.720000000046245,263.4851785696111,24.616593749327983,139.1816796090677,38.740734873421324,134.0,71.98613691391078,0.867782312631607,0.9458232045173645,0.8875852406024932,0.8573907420039176,0.9012554451823235,0.8884468823671341
11.740000000046198,263.8557670372498,24.577292490399078,139.18041219422292,38.708598577397424,134.0,71.98113868088825,0.867762066423893,0.9455120414495468,0.8872784316539765,0.8573765218257904,0.9011722654104233,0.888362692296505
11.760000000046151,264.22483074812396,24.537681188008932,139.17914738810677,38.67965627149314,134.0,71.97537668119153,0.8677427276968955,0.945198106765747,0.8869725033640862,0.8573630884289741,0.9010896891355514,0.8882769510149956
11.780000000046105,264.59237250400605,24.4975523301742,139.17788433293475,38.653340680495134,134.0,71.96885313618121,0.8677243500947952,0.94488225877285,0.8866672188043594,0.8573503881692887,0.9010095000267029,0.888188487291336
11.800000000046058,264.95839630767165,24.456891411074107,139.1766225046931,38.629079039118146,134.0,71.96157056080807,0.8677069380879402,0.9445658385753631,0.8863628774881362,0.8573383405804634,0.9009332627058029,0.8880964159965515
11.820000000046011,265.32285731949605,24.41548986306098,139.17536164469746,38.60631128336867,134.0,71.95353176264354,0.8676904335618019,0.9442490339279175,0.8860589921474457,0.8573268428444862,0.9008619606494903,0.8879998117685318
11.840000000045965,265.6857853515046,24.373218392908136,139.17410169666252,38.58450649012518,134.0,71.94473984079733,0.8676748812198639,0.9439325869083405,0.8857555851340294,0.8573158636689185,0.9007966578006744,0.8878982275724411
11.860000000045918,266.04717205034666,24.330050192540767,139.1728427508418,38.5631771058435,134.0,71.93519818472267,0.8676602095365524,0.9436168730258941,0.8854525133967399,0.8573053002357482,0.9007380068302154,0.8877911269664764
11.880000000045872,266.4069798990553,24.2859784939453,139.17158499588464,38.54189067234899,134.0,71.92491047290963,0.8676464095711708,0.943301659822464,0.8851493030786514,0.8572951346635819,0.9006863743066787,0.8876782685518264
11.900000000045825,266.76514341141325,24.241067034673247,139.17032867853115,38.520278896108024,134.0,71.91388067146694,0.8676334500312805,0.9429872512817382,0.8848459720611572,0.8572853043675422,0.9006420731544494,0.8875595226883888
11.920000000045778,267.1215970944084,24.195360240574665,139.1690740712688,38.498043904700864,134.0,71.90211303259302,0.867621299624443,0.9426736563444137,0.8845424935221672,0.8572757780551911,0.9006050944328308,0.8874350816011428
11.940000000045732,267.47631840282946,24.148535878249398,139.1678218033134,38.47496160604228,134.0,71.88961209293666,0.8676099315285682,0.9423604279756546,0.8842385724186897,0.8572665378451347,0.900575116276741,0.8873051866889
11.960000000045685,267.82934427805515,24.100516327510096,139.16657344898056,38.450882354487796,134.0,71.87638267184808,0.8675765827298164,0.9421916186809539,0.8840278044342994,0.8572463765740395,0.9005199879407882,0.8871278166770935
11.980000000045639,268.18065902900946,24.051329430911473,139.16532891132613,38.42572914543462,134.0,71.86242986952091,0.8675425723195076,0.9420313477516175,0.8838208764791489,0.857225826382637,0.9004688650369644,0.8869433298707008
12.000000000045592,268.5302151283605,24.001017135344096,139.16408792243146,38.39949365076688,134.0,71.84775906502608,0.8675089195370674,0.9418720871210098,0.8836131438612937,0.857205419242382,0.9004222571849823,0.8867542296648026
12.020000000045545,268.8779462890131,23.94965159578682,139.16285024127518,38.37223053241822,134.0,71.83237591423797,0.8674755662679672,0.9417128264904022,0.8834042489528656,0.8571851596236228,0.9003791943192482,0.8865611061453819
12.040000000045499,269.223755185007,23.897400197925435,139.16161565374446,38.34405028111627,134.0,71.81628634765407,0.8674425169825554,0.9415528774261475,0.8831941112875938,0.857165078818798,0.9003389120101929,0.8863645985722541
12.060000000045452,269.56758349108657,23.844079058070953,139.16038399614484,38.31510917698592,134.0,71.79949656810855,0.8674098119139672,0.9413915336132049,0.8829826593399047,0.8571452304720878,0.9003006413578987,0.8861654579639434
12.080000000045406,269.9093996362789,23.78973382034008,139.15915523923815,38.28559412474829,134.0,71.78201304838106,0.8673774108290672,0.9412276238203049,0.8827695623040199,0.8571256414055825,0.9002632245421409,0.8859643191099167
12.100000000045359,270.2490247106723,23.734568986372775,139.15792948104055,38.255713393428515,134.0,71.76384252870125,0.8673452824354172,0.9410606026649475,0.8825548157095909,0.8571063205599785,0.9002259105443954,0.8857616782188416
12.120000000045312,270.58708069849956,23.67884392267596,139.15670691140883,38.225689128720994,134.0,71.74499201415034,0.867313502728939,0.9408898174762725,0.8823384284973145,0.8570873528718949,0.9001880377531052,0.8855582371354103
12.140000000045266,270.92336137822764,23.622927382467964,139.15548777986243,38.19574987013784,134.0,71.72546877196054,0.8672820046544075,0.9407153040170669,0.8821207672357559,0.8570687025785446,0.9001491636037826,0.8853542909026145
12.160000000045219,271.2576472415449,23.566821658097325,139.15427236799536,38.16612343187047,134.0,71.70528032871334,0.8672509178519249,0.9405373394489288,0.8819023862481117,0.8570504680275917,0.900109252333641,0.8851505860686302
12.180000000045172,271.58999954077757,23.510468815154876,139.15306096642226,38.13703029126111,134.0,71.68443446743795,0.8672202110290527,0.9403554499149323,0.8816833481192589,0.8570326492190361,0.9000676065683365,0.8849475026130676
12.200000000045126,271.92044917895487,23.454084600956268,139.1518538563955,38.108677477326914,134.0,71.66293922461068,0.8671898886561393,0.94016954600811,0.8814638495445252,0.8570152595639229,0.9000238865613938,0.8847454383969307
12.22000000004508,272.2489950144942,23.3978747416764,139.15065129582786,38.08125338886959,134.0,71.64080288705684,0.8671599864959717,0.9399799048900604,0.8812443375587463,0.8569983348250388,0.899977958202362,0.8845448359847069
12.240000000045033,272.57561658625406,23.34211154875887,139.14945350898086,38.054923704424795,134.0,71.61803398875593,0.8671304821968079,0.9397865265607833,0.8810249999165535,0.856981861591339,0.8999295800924301,0.8843459099531173
12.260000000044986,272.9002470864043,23.286841837588472,139.1482606799377,38.02982860851949,134.0,71.59464130755165,0.86710145175457,0.9395900100469589,0.8808063998818397,0.8569658845663071,0.8998789399862289,0.8841491654515267
12.28000000004494,273.22295414329267,23.231958039479053,139.1470729486397,38.006081239458055,134.0,71.57063386176794,0.8670729041099549,0.9393905252218246,0.8805887475609779,0.8569503992795944,0.8998259395360947,0.8839547857642174
12.300000000044893,273.5438327882592,23.177409179683046,139.14589046217685,37.98376691779825,134.0,71.54602090673215,0.8670447722077369,0.9391882061958313,0.8803722485899925,0.856935378909111,0.8997704446315765,0.883762913942337
12.320000000044846,273.8629078514664,23.123254659403187,139.144713379802,37.96294318987728,134.0,71.52081193120696,0.8670170560479163,0.9389833748340607,0.8801570907235146,0.8569208100438118,0.899712486565113,0.8835736751556397
12.3400000000448,274.1801741808333,23.06955748268763,139.14354166798137,37.9436406856141,134.0,71.4950166537323,0.8669896841049194,0.9387761116027832,0.8799433454871177,0.8569066435098648,0.8996519714593887,0.8833869934082031
12.360000000044753,274.4955970640285,23.016369641294123,139.14237525294004,37.925864661485214,134.0,71.4686450188787,0.8669627413153648,0.9385669976472855,0.8797313123941422,0.8568929195404053,0.8995893597602844,0.8832030475139617
12.380000000044706,274.8091554590592,22.96359112374963,139.14121403266125,37.909597166693295,134.0,71.4417071934134,0.8669362142682076,0.9383564621210098,0.8795211791992187,0.8568796157836914,0.8995248794555664,0.8830217346549034
12.40000000004466,275.1208849885206,22.911109053958345,139.14005788160068,37.89479955317952,134.0,71.41421356238087,0.8669100895524025,0.9381444960832596,0.8793127939105033,0.8568667188286782,0.8994586691260338,0.8828428626060486
12.420000000044613,275.43079323557447,22.858882425221392,139.13890665559495,37.88141515065668,134.0,71.38617472509925,0.8668843403458595,0.9379314392805099,0.8791062906384468,0.8568541973829269,0.8993909031152725,0.8826663464307785
12.440000000044567,275.73880132387956,22.806960600668948,139.13776019672358,37.86937205993906,134.0,71.35760149107408,0.86685890853405,0.9377172023057937,0.8789014235138893,0.8568420112133026,0.8993216708302497,0.882491797208786
12.46000000004452,276.0445198530308,22.755403718691593,139.13661833798415,37.85858601518249,134.0,71.32850487583097,0.8668338432908058,0.9375022679567336,0.8786983400583267,0.8568301737308502,0.8992514371871948,0.8823191836476326
12.480000000044473,276.34889974293213,22.704068730978843,139.13548090713678,37.84896342446811,134.0,71.298896096669,0.8668092116713524,0.9372866988182068,0.8784969061613083,0.8568187117576599,0.8991805106401444,0.8821483850479126
12.500000000044427,276.6519112246272,22.652710049130153,139.13434773004616,37.8404044011494,134.0,71.26878656833614,0.8667849063873291,0.9370713174343109,0.8782974928617477,0.8568075358867645,0.8991093695163727,0.8819789588451385
12.52000000004438,276.95335396023324,22.60120449434931,139.13321863356862,37.8328056110287,134.0,71.23818789862872,0.8667608693242073,0.9368562936782837,0.8781003415584564,0.8567966729402542,0.8990383982658386,0.8818106546998024
12.540000000044333,277.2531325665538,22.549600958956216,139.1320934481034,37.826062843238496,134.0,71.20711188391641,0.8667370021343231,0.936642763018608,0.8779074683785438,0.8567863821983337,0.8989688709378242,0.8816434636712074
12.560000000044287,277.55116784122094,22.497869457018062,139.13097200976244,37.82007334751943,134.0,71.17557050459442,0.8667134255170822,0.9364292681217193,0.8777161195874214,0.8567763462662696,0.898899558186531,0.8814769431948661
12.58000000004424,277.8474571836652,22.445860129101913,139.12985416173944,37.814738001523956,134.0,71.14357592046491,0.8666901350021362,0.9362157464027404,0.8775260627269744,0.8567665472626685,0.8988306164741516,0.8813109144568443
12.600000000044194,278.1419785263996,22.393688080543868,139.12873975504556,37.80996325098373,134.0,71.1111404660491,0.866667152941227,0.9360024750232696,0.8773373782634735,0.8567569896578788,0.898762372136116,0.8811451718211174
12.620000000044147,278.4347276085206,22.341245656215364,139.12762864933444,37.805662950409534,134.0,71.0782766458321,0.8666393831372261,0.9358790397644042,0.8771779879927635,0.8567466273903847,0.8987693727016449,0.88093221783638
12.6400000000441,278.72572369029695,22.288482591053903,139.12652071263588,37.80176009908238,134.0,71.0449971294422,0.8666074469685554,0.9358324497938156,0.8770431086421012,0.8567356303334236,0.8988409161567688,0.8806791201233863
12.660000000044054,279.01492655444906,22.23549892292654,139.12541582661993,37.79818846631118,134.0,71.01131474676647,0.8665758460760117,0.9357846081256866,0.8769081175327301,0.8567249238491058,0.8989122629165649,0.8804273501038551
12.680000000044007,279.30228455063695,22.182197520562145,139.1243138806582,37.794893027213114,134.0,70.97724248300462,0.8665449917316437,0.9357340127229691,0.8767708286643028,0.8567147269845009,0.8989848881959915,0.8801750302314758
12.70000000004396,279.587738624807,22.128629129405603,139.1232147590194,37.791829912032796,134.0,70.94279347366289,0.866519720852375,0.9356491386890411,0.8765998646616936,0.8567085489630699,0.8990650728344917,0.879905553162098
12.720000000043914,279.8709247219568,22.074934499269244,139.12211835599535,37.78898143974274,134.0,70.90798099949018,0.8664946466684341,0.9355640143156051,0.8764297857880592,0.8567025408148765,0.8991455346345901,0.8796374753117561
12.740000000043867,280.1527834697401,22.021138489924642,139.12102458469954,37.78641984498404,134.0,70.87281848135797,0.8662512943148613,0.9345542162656784,0.874705795943737,0.8566068485379219,0.8993727445602416,0.8778256475925446
12.76000000004382,280.43325377089724,21.967412959957862,139.1199333816199,37.78434006412685,134.0,70.83731947508633,0.8662478432059287,0.9338174045085906,0.8739129394292832,0.8566290125250816,0.8993851900100708,0.8772918924689292
12.780000000043774,280.7120798457253,21.91367803987669,139.11884470161365,37.78303278138944,134.0,70.80149766621794,0.8662353485822677,0.9331484615802764,0.8731410086154937,0.8566571399569511,0.8995250940322875,0.8765555009245872
12.800000000043728,280.98920203769364,21.860169090522916,139.1177585032806,37.78285274971925,134.0,70.76536686474202,0.8662143915891647,0.9321500539779662,0.8721486628055573,0.8566882267594337,0.8996396511793137,0.875789251923561
12.820000000043681,281.2645688241638,21.8071835673,139.11667471921257,37.78419755305888,134.0,70.72894099977032,0.8661492049694061,0.9310122609138488,0.8710692301392555,0.8566947042942047,0.8995416700839997,0.8751211404800415
12.840000000043634,281.53819355107277,21.7546604632326,139.115593429533,37.787626324297364,134.0,70.69223411416718,0.8661461159586906,0.9300034821033477,0.870286901295185,0.856729957461357,0.8993598163127899,0.8748294770717621
12.860000000043588,281.8101500315476,21.70206346050343,139.1145152422536,37.79420301482493,134.0,70.65526035913575,0.8662169262766838,0.9286204099655151,0.8692033290863037,0.8568125918507575,0.8994961306452751,0.8742544516921044
12.880000000043541,282.080503827502,21.64839479879015,139.11344043707368,37.80499787248082,134.0,70.61803398876243,0.8663638800382614,0.9276552259922027,0.8685301572084426,0.856938262283802,0.899813623726368,0.8737557753920555
12.900000000043494,282.3493000434554,21.592772711410564,139.11236878180668,37.82105140975887,134.0,70.58056935452163,0.86643658131361,0.927412074804306,0.868326573073864,0.8569530814886093,0.9006322696805,0.873392054438591
12.920000000043448,282.61650329767275,21.53415926058968,139.11129967566464,37.84331920382617,134.0,70.54288089974301,0.8665687829256058,0.9273084074258804,0.8684000119566917,0.8570369809865951,0.9010892689228057,0.8732948735356331
12.940000000043401,282.88200478358067,21.471466575075297,139.11023237636502,37.872457636446605,134.0,70.50498315404333,0.8667870566248893,0.9266555935144424,0.8682038575410843,0.8571432903409004,0.9017152339220047,0.8734314203262329
12.960000000043355,283.14571624507346,21.40331281848216,139.10916580139587,37.90873591287168,134.0,70.46689072772499,0.8669838860630988,0.9262464582920075,0.8680510386824608,0.857241030037403,0.9025696292519569,0.8732479393482208
12.980000000043308,283.4074745266169,21.328331036397977,139.10809815996058,37.95235473038204,134.0,70.42861830614342,0.8671182423830032,0.9258413821458816,0.8680472880601883,0.8573167443275451,0.9028557181358338,0.873463374376297
13.000000000043261,283.66703464999347,21.245631350757705,139.10702699571743,38.00367691214754,134.0,70.39018064404573,0.8671324267983437,0.925566902756691,0.8680500596761703,0.8573245093226433,0.9027783006429672,0.8737225875258445
13.020000000043215,283.92403933850295,21.155109969980828,139.10595005838,38.06338421104911,123.83276154640953,70.35159255988232,0.8672720223665237,0.9250512838363647,0.8678459480404853,0.8573818773031234,0.9033918380737305,0.8737153366208076
13.040000000043168,284.17809223662925,21.056763869052325,139.10486495846814,38.13216843267581,127.92860259355123,70.3128689300942,0.867442874610424,0.924804413318634,0.8678921714425086,0.8574867069721221,0.9038016527891158,0.8737779930233955
13.060000000043122,284.42885317077395,20.951087421061573,139.1037689983423,38.21074658668424,127.85721974603184,70.2740246833778,0.8675173372030258,0.9246122509241104,0.8679043889045716,0.8575252413749694,0.9039429783821106,0.8739372715353966
13.080000000043075,284.67585911421264,20.839085367570092,139.1026594096818,38.30002527413238,127.78586601340248,70.23507479492967,0.8674809351563454,0.924348795413971,0.8679466426372527,0.8575184687972068,0.903518894314766,0.8743156239390373
13.100000000043028,284.91871968488937,20.72133581766766,139.1015338148588,38.40044893300941,127.71455594568683,70.19603428067323,0.8674817889928818,0.9242918431758881,0.86800257563591,0.8575271546840667,0.9034723356366158,0.8743938729166985
13.120000000042982,285.15717315662295,20.59918525285762,139.10039072260568,38.51129118989783,127.64330408400467,70.15691819146993,0.8674642965197563,0.924063166975975,0.867843896150589,0.8575018525123596,0.9038403749465942,0.8741929084062576
13.140000000042935,285.3908508022574,20.474124145402946,139.0992289913274,38.6317931592568,127.57212495760679,70.11774160731672,0.8672482937574386,0.9238731190562248,0.8677604392170906,0.8573806792497635,0.9033086359500885,0.8743392810225487
13.160000000042889,285.6194989369718,20.347089108554258,139.0980474375941,38.76128682876456,127.50103308091225,70.07851963153259,0.8672286778688431,0.9239335268735885,0.867850324511528,0.8573772504925727,0.9032353177666664,0.8743802160024643
13.180000000042842,285.84252384494886,20.21965511738835,139.0968454621289,38.89881553480667,127.43004295054862,70.03926738493581,0.8672533228993415,0.9237178057432175,0.867851585149765,0.8573964461684227,0.903244499862194,0.8745084524154663
13.200000000042795,286.06120409900313,20.092703196904164,139.0956234247583,39.04282739392623,127.35916904239602,70.00000000001465,0.8672068312764167,0.923682127892971,0.8679853424429893,0.8574014842510224,0.9029133230447769,0.8746285840868949
13.220000000042749,286.27536762626346,19.96742593431293,139.0943824428328,39.192122869489104,127.28842580863522,69.96073261509348,0.867020770907402,0.923935417830944,0.8679816275835037,0.8572783038020134,0.9029210209846497,0.8743808954954148
13.240000000042702,286.4847398006077,19.84407314419579,139.09312464785663,39.34617824515743,127.21782767480066,69.92148036849667,0.8670155003666877,0.9239043354988098,0.8680446237325669,0.8572896316647529,0.9028579086065293,0.8744015619158745
13.260000000042655,286.6894743432669,19.723266857037988,139.0918534723217,39.50410079767835,127.14738903683885,69.88225839271252,0.8670811519026757,0.9239419221878051,0.8680932879447937,0.8573409780859947,0.9034872800111771,0.8739493951201439
13.280000000042609,286.8896422221357,19.605680438040537,139.09057233961454,39.66486069479889,127.0771242581729,69.84308180855928,0.8671017780900001,0.9239922761917114,0.8681523278355598,0.8573641523718833,0.9038511037826538,0.8736657291650772
13.300000000042562,287.085456330055,19.49163018049784,139.0892841283693,39.82741762652727,127.00704766677356,69.8039657193559,0.8671249970793724,0.9240584105253219,0.8682158693671226,0.8573879078030586,0.9042334884405135,0.8733781471848487
13.320000000042516,287.27663447592363,19.381691761753387,139.0879915375791,39.990636130682674,126.93717355223755,69.76492520509942,0.8671504646539688,0.924134835600853,0.8682828128337859,0.8574123695492745,0.9046285152435303,0.873090323805809
13.340000000042469,287.4645616822787,19.276234062171763,139.0866978106632,40.153599621307556,126.86751616287377,69.7259753166512,0.8671779707074165,0.9242199912667274,0.8683523133397102,0.8574373632669449,0.9050334438681602,0.8728042706847191
13.360000000042422,287.649808261199,19.17554693546395,139.08540551316477,40.3157105092225,126.79808970279778,69.68713106993472,0.8672071486711502,0.9243128940463066,0.8684237092733383,0.8574626341462135,0.9054455071687698,0.8725216776132584
13.380000000042376,287.832148986903,19.07975985400032,139.08411604934741,40.47714216359542,126.72890832903546,69.64840744014651,0.8672376230359077,0.9244118764996528,0.8684962943196296,0.8574879944324493,0.9058617547154426,0.8722441092133522
13.40000000004233,288.01167915263716,18.988898004490068,139.0828300246983,40.638576984182514,126.65998614863615,69.609819355983,0.8672305196523666,0.9246122777462006,0.8685798451304435,0.8574910923838616,0.9061628460884094,0.8720643118023872
13.420000000042283,288.1884969679932,18.90302856497736,139.08154745215498,40.80102797809865,126.59133721579605,69.57138169388519,0.8672046542167663,0.9248643696308135,0.8686688899993896,0.8574828132987022,0.9064019694924355,0.8719378635287285
13.440000000042236,288.362714578919,18.822221003456438,139.080267879233,40.965737054210834,126.52297552899233,69.53310927230349,0.8671803668141365,0.9251107305288314,0.8687572777271271,0.8574752986431121,0.906634959578514,0.8718189656734466
13.46000000004219,288.53446354747666,18.746400381241262,139.0789905070047,41.134083199687744,126.45491502812874,69.495016845985,0.8671576753258705,0.9253460764884949,0.8688445970416069,0.8574689731001853,0.9068567916750908,0.8717103093862534
13.480000000042143,288.70384577220653,18.675404544830094,139.077714298999,41.30750266148085,126.38716959169295,69.45711910028518,0.8671365037560462,0.9255669742822646,0.8689308434724807,0.8574640959501266,0.9070635855197906,0.8716137588024139
13.500000000042096,288.8709845691983,18.609056422546423,139.07643812857765,41.48739257100931,126.31975303392662,69.41943064550641,0.8671167314052581,0.9257709383964539,0.8690163299441337,0.8574608951807022,0.9072520196437835,0.8715307533740997
13.52000000004205,289.0359670770964,18.54741782572983,139.07516106414764,41.674940280286584,126.2526791020084,69.38196601126542,0.8670983001589775,0.9259566634893417,0.8691016688942909,0.8574595630168914,0.9074195995926857,0.8714624240994453
13.540000000042003,289.1988862954494,18.49048014329862,139.07388250403844,41.87103766485164,126.18596147325083,69.34473964089192,0.8670811519026757,0.9261241495609284,0.8691877856850624,0.8574602022767067,0.9075647383928299,0.8714094907045364
13.560000000041956,289.35984922090864,18.43807875145044,139.07260213890066,42.07628997005387,126.11961375231117,69.3077658858603,0.8670768246054649,0.9262023538351059,0.8692471295595169,0.8574824020266533,0.907655593752861,0.8713724046945571
13.58000000004191,289.5188584677431,18.390320151284957,139.07131988180765,42.291041496076915,126.05364946841733,69.27105900025695,0.8671010628342628,0.9260948330163955,0.8692414924502373,0.8575531542301178,0.9076496794819832,0.8713512778282165
13.600000000041863,289.6763527955816,18.3473693982019,139.07003580161182,42.515401046002104,125.98808207260907,69.23463313528504,0.8671272680163383,0.9259689748287201,0.8692367270588874,0.8576279610395431,0.9076201751828193,0.8713444605469703
13.620000000041816,289.8327211577034,18.309147363620756,139.06875006230453,42.74926701942392,125.92292493499511,69.19850233380889,0.867161501944065,0.9258421421051025,0.8692579299211501,0.8577114626765251,0.9075815826654434,0.8713544830679893
13.64000000004177,289.987904247381,18.275546025982866,139.06746287011316,42.992352165603265,125.85819134202676,69.16268052494027,0.8672120839357376,0.925737276673317,0.869339294731617,0.8578101545572281,0.9075536340475082,0.8713848367333412
13.660000000041723,290.1419766326826,18.24638330264965,139.06617438482465,43.24420201903719,125.79389449378867,69.12718151866838,0.8672665059566498,0.9256249636411666,0.8694296851754189,0.8579145774245261,0.9075107991695404,0.8714281007647514
13.680000000041677,290.2950592395099,18.221484592992294,139.06488442180546,43.504183709297045,125.73004750130715,69.09201900053591,0.8673246026039123,0.9255072057247161,0.8695289313793182,0.8580245837569237,0.907454964518547,0.871483090519905
13.70000000004163,290.4472601673673,18.200516269201938,139.06359206209368,43.77146309104303,125.66666338387664,69.05720652636293,0.8673862844705581,0.9253855317831039,0.8696366444230079,0.858140030503273,0.9073878824710846,0.8715489700436592
13.720000000041583,290.59867112511614,18.18301595730673,139.06229569415615,44.04504638472617,125.60375506640483,69.02275751702095,0.8674512609839439,0.9252615243196487,0.8697521761059761,0.8582606181502342,0.9073112785816192,0.8716245949268341
13.740000000041537,290.74936372212085,18.16844842610277,139.06099310282318,44.323844440205136,125.5413353767772,68.9886852532588,0.8675192281603813,0.9251364886760711,0.8698746815323829,0.8583859801292419,0.9072267889976501,0.871708856523037
13.76000000004149,290.89938536813713,18.156260792936315,139.05968151048467,44.60673665666614,125.47941704324116,68.95500287058277,0.8675750404596329,0.9248094603419303,0.869975121319294,0.8585195183753968,0.9070427492260933,0.8718494087457657
13.780000000041444,291.0487569454301,18.145923161115203,139.05835769720747,44.89260968707384,125.4180126918106,68.92172335419257,0.8676327124238014,0.9244842916727066,0.8700801789760589,0.8586567312479019,0.9068548783659934,0.8719959557056427
13.800000000041397,291.19747266126643,18.13694484614175,139.05701812737095,45.18038532068812,125.3571348436913,68.88885953397525,0.86769310683012,0.9241763964295387,0.8701908379793167,0.8587970331311225,0.9066707268357277,0.8721441701054573
13.82000000004135,291.3455406642026,18.12878997350876,139.05565905675888,45.46904260223216,125.29679591272762,68.85642407955912,0.8677558124065399,0.9238864362239837,0.870305922627449,0.8589399009943008,0.9064914524555207,0.8722928449511528
13.840000000041304,291.49294103292044,18.120966708096894,139.05427662161202,45.757634588133186,125.23700820287118,68.82442949542927,0.8678203910589218,0.9236146166920661,0.8704241320490836,0.8590847805142402,0.9063180968165397,0.8724407732486724
13.860000000041257,291.6396648001097,18.113074153021024,139.05286690032787,46.045275509356905,125.17778390567193,68.79288811610694,0.8678863868117332,0.923360624909401,0.8705442637205124,0.8592311441898346,0.9061513036489487,0.8725869536399841
13.88000000004121,291.78568101044584,18.104712127702584,139.05142593369868,46.33106305230473,125.11913509779208,68.76181210139427,0.8679533749818802,0.9231238171458244,0.8706650257110595,0.8593785047531127,0.9059916496276855,0.8727304384112358
13.900000000041164,291.93094472554986,18.095467967152977,139.04994977457923,46.614094250725145,125.06107373854356,68.7312134316865,0.8680208906531334,0.9229034870862961,0.8707854434847832,0.8595263436436653,0.905839604139328,0.8728703513741493
13.920000000041117,292.075401777341,18.084953866752514,139.04843453811733,46.893506963946805,125.00361166744926,68.70110390335327,0.8680885180830955,0.9226989552378654,0.8709045603871345,0.859674146771431,0.9056957572698593,0.8730057582259177
13.94000000004107,292.2189904012171,18.072835087554235,139.046876441156,47.168513086411366,124.94676060182887,68.67149512419091,0.8681558191776275,0.9225095331668853,0.8710216656327248,0.8598214089870453,0.9055606722831726,0.8731358006596565
13.960000000041024,292.36164227352623,18.058848702246927,139.045271832521,47.438422477534395,124.89053213440951,68.64239850894742,0.8682223781943321,0.9223343670368195,0.8711360618472099,0.8599676296114921,0.9054347828030586,0.8732596606016159
13.980000000040977,292.50328360567426,18.042814419044813,139.0436172155019,47.70265835135433,124.83493773096183,68.61382527492185,0.8682878151535988,0.9221725717186927,0.8712471857666969,0.8601123437285423,0.9053183704614639,0.8733767077326774
14.00000000004093,292.6438362376208,18.024639566892517,139.04190926382879,47.9607652752496,124.77998872796196,68.58578643763985,0.8683518171310425,0.9220231056213378,0.871354429423809,0.8602551445364952,0.9052116185426712,0.8734864011406899
14.020000000040884,292.78321808707574,18.004322616309107,139.0401448331682,48.21241106246406,124.72569633027986,68.55829280660691,0.8684140667319298,0.9218847259879112,0.8714572966098785,0.8603956788778305,0.9051144778728485,0.8735884010791778
14.040000000040838,292.9213383493655,17.982004494466242,139.0383209697413,48.45738396126055,124.6720716088945,68.53135498114118,0.8684743449091911,0.9217560559511184,0.871555308997631,0.860533656179905,0.9050266623497009,0.8736825957894325
14.060000000040791,293.05809654539337,17.957714363802264,139.03643491732433,48.69558630200876,124.61912549863628,68.50498334628715,0.8685325399041176,0.9216358527541161,0.8716481760144233,0.8606688931584358,0.9049478948116302,0.8737690523266792
14.080000000040744,293.1934800875451,17.931502231528114,139.03448412363275,48.927025531518225,124.56686879595735,68.47918806881206,0.8685885354876518,0.9215224891901016,0.8717355981469154,0.8608012735843659,0.9048775494098663,0.8738479986786842
14.100000000040698,293.32745343148105,17.903589681035328,139.03246624638842,49.15180340548724,124.51531215672998,68.45397909328643,0.8686421662569046,0.9214142620563507,0.8718175262212753,0.8609306901693344,0.9048148080706596,0.8739197432994842
14.120000000040651,293.45996912018757,17.874228949273295,139.03037915881387,49.37010403006646,124.46446609407373,68.42936613825019,0.8686934143304824,0.9213097184896469,0.8718940719962119,0.8610571697354317,0.904758919775486,0.8739847868680953
14.140000000040605,293.59098007386336,17.843694748341044,139.0282209542188,49.58218121745231,124.41434097621168,68.40535869246602,0.8687423333525658,0.9212075755000114,0.8719654947519302,0.8611807838082314,0.9047090977430343,0.874043732881546
14.160000000040558,293.72044264859005,17.812279896507814,139.0259899489809,49.78834555284703,124.36494702435614,68.3819660112613,0.8687889948487282,0.9211066529154778,0.8720321923494339,0.8613016799092292,0.9046644747257232,0.8740972563624382
14.180000000040511,293.84830985321815,17.78033009764233,139.02368468268014,49.98895161138627,124.3162943106245,68.3591971129599,0.8688334882259369,0.9210058197379112,0.8720945715904236,0.8614200010895728,0.9046241521835326,0.874146081507206
14.200000000040465,293.97454062584836,17.748059980080193,139.0213039150217,50.184385486904674,124.2683927559853,68.33706077540559,0.8688759967684746,0.9209043964743614,0.8721531689167022,0.8615359708666801,0.9045873925089836,0.87419094145298
14.220000000040418,294.0991799499397,17.715542797938287,139.0188466197823,50.37505286205529,124.22125212823525,68.31556553257784,0.8689166858792304,0.9208016991615295,0.872208547592163,0.8616498306393623,0.9045533418655395,0.8742326363921166
14.240000000040371,294.2222557397245,17.683007965337513,139.0163119744297,50.56136794240028,124.17488204000742,68.29471967130195,0.8689556315541267,0.9206968918442726,0.8722611367702484,0.8617617547512054,0.9045210927724838,0.8742717742919922
14.260000000040325,294.3437801348245,17.650658749244702,139.01369934518664,50.74374344729174,124.12929194681112,68.27453122805427,0.8689929813146591,0.9205896258354187,0.8723115175962448,0.8618719846010208,0.904489903151989,0.8743090346455574
14.280000000040278,294.4637622034917,17.618676172104873,139.0110082675637,50.92258173821133,124.08449114510374,68.25500798586398,0.8690492138266563,0.9204644247889519,0.8723550409078598,0.8619867652654648,0.9044933944940566,0.8743316188454627
14.300000000040232,294.5822080425954,17.58724658141305,139.00823842332062,51.09826717378316,124.04048877039513,68.23615747131257,0.8691904187202454,0.920271511375904,0.8723755687475204,0.8621261149644851,0.90464136749506,0.8742967143654823
14.320000000040185,294.69910042295544,17.55650999493517,139.00538961374068,51.271159807812964,123.99729379538468,68.21798695163224,0.8693293571472168,0.9200759470462799,0.8723955243825913,0.8622646823525428,0.9047843784093856,0.874263571202755
14.340000000040138,294.81449860016176,17.52634243724116,139.0024617303915,51.4415903168263,123.95491502813172,68.20050343190422,0.8694662481546401,0.9198794394731521,0.8724155560135841,0.8624024093151093,0.9049232855439185,0.8742319613695144
14.360000000040092,294.9284901798987,17.496736245310107,138.9994547255901,51.609856111514674,123.91336111025939,68.1837136523582,0.8696012258529663,0.9196818768978119,0.8724358692765236,0.8625394567847252,0.9050578474998474,0.8742020413279533
14.380000000040045,295.041119189252,17.467716517132807,138.996368549402,51.77622609818147,123.87264051519251,68.16762408577377,0.8697344332933425,0.9194832906126976,0.8724566966295242,0.8626759588718415,0.9051878809928894,0.8741739809513092
14.400000000039999,295.15240500607354,17.439271474794293,138.99320285912754,51.94099277993342,123.83276154642975,68.15224093498513,0.869866107404232,0.9192839711904526,0.8724781766533851,0.8628120854496956,0.9053135335445404,0.8741478204727172
14.420000000039952,295.2623325247457,17.411340231115588,138.98995648761098,52.10456448030315,123.7937323358504,68.13757013048976,0.8699963465332985,0.9190838783979416,0.8725004613399505,0.8629479482769966,0.9054346799850463,0.8741236448287963
14.440000000039905,295.3708452401376,17.383828980344234,138.98662747873468,52.267441821238656,123.75556084205613,68.12361732816207,0.8701253518462181,0.9188826590776443,0.8725235104560852,0.8630837798118591,0.9055511057376862,0.8741016238927841
14.460000000039859,295.47789033136456,17.356451925270783,138.98321326700372,52.43017113234512,123.71825484874824,68.11038790707293,0.8702532842755317,0.9186794817447662,0.8725472345948219,0.8632198750972747,0.9056622207164764,0.8740821152925491
14.480000000039812,295.58343093492834,17.32900375626831,138.97971083670026,52.59330655903128,123.68182196314034,68.09788696741603,0.8703802868723869,0.9184731662273407,0.8725713610649108,0.863356564939022,0.9057673454284668,0.8740654453635216
14.500000000039766,295.6874226641664,17.301245562121736,138.97611685746412,52.75738036929333,123.64626961440717,68.08611932854156,0.8705063909292221,0.9182622998952865,0.8725957289338112,0.8634941533207893,0.905865666270256,0.8740518555045128
14.520000000039719,295.7897926919781,17.273009962301824,138.9724277952149,52.922881018896135,123.61160505216971,68.07508952709831,0.8706313103437423,0.9180031582713127,0.8726146072149277,0.8636393949389457,0.9059296190738678,0.8740543454885482
14.540000000039672,295.89045679950453,17.24415220713008,138.96863999933734,53.09023796442573,123.57783534501684,68.06480181528472,0.8707561314105987,0.9177805304527282,0.8726391583681107,0.8637798756361007,0.9060134917497634,0.8740471974015236
14.560000000039626,295.9893258007794,17.214567154789098,138.9647497643242,53.259812102918396,123.54496737906398,68.05526015920952,0.8708807423710823,0.9175502046942711,0.8726638570427895,0.8639225244522094,0.9060896620154381,0.8740435764193535
14.580000000039579,296.08629972896375,17.184181889556196,138.96075336582118,53.43189061728302,123.51300785654894,68.04646823736275,0.8710054069757461,0.9173122078180312,0.8726889044046402,0.8640676543116569,0.9061587154865265,0.8740431696176528
14.600000000039532,296.1812920319857,17.15288432753511,138.95664707325716,53.6066852976608,123.48196329446517,68.03842943919764,0.8711304515600204,0.9170666113495827,0.8727146312594414,0.8642155915498734,0.9062212377786636,0.8740457311272621
14.620000000039486,296.2742678538666,17.120526157493785,138.9524270957916,53.78432800128576,123.45184002323293,68.03114686382393,0.87125613540411,0.9168136611580848,0.8727411851286888,0.8643666133284569,0.9062780782580375,0.8740507960319519
14.64000000003944,296.3651966587015,17.087014136096485,138.948089440893,53.964860236166416,123.42264418540839,68.02462331881304,0.8713825568556786,0.9165536433458328,0.8727687045931816,0.8645208492875099,0.9063300013542175,0.8740578189492225
14.660000000039393,296.454020937619,17.052333367129364,138.94363005052713,54.14825993361563,123.39438173443106,68.01886131911577,0.8715292558073997,0.9164175078272819,0.8728405475616455,0.8646559163928031,0.9063771456480026,0.8740736305713653
14.680000000039346,296.5406717366812,17.016548903416897,138.93904478998638,54.33445326376163,123.36705843340984,68.01386308609267,0.8716850653290749,0.9163277700543403,0.8729309603571892,0.8647850513458252,0.9064218625426292,0.8740929961204529
14.7000000000393,296.62505499209294,16.97958617666616,138.9343293772364,54.523321484007106,123.3406798539478,68.00963054665772,0.871843047440052,0.916237312555313,0.8730242654681205,0.8649163722991943,0.9064652249217033,0.8741127550601959
14.720000000039253,296.70713842852365,16.94145755126901,138.9294793091929,54.714708868795825,123.31525137500614,68.00616533253545,0.8720033541321754,0.9161472260951996,0.8731205433607101,0.8650497674942016,0.9065079748630523,0.8741324827075004
14.740000000039206,296.78689802474173,16.902092693813227,138.92448978946612,54.90843130582509,123.29077818180718,68.00346877963185,0.8721372410655022,0.9160096332430839,0.8731611654162407,0.865174825489521,0.9065366879105567,0.8740852937102318
14.76000000003916,296.864279055136,16.861504828125078,138.9193558601651,55.104284312722484,123.26726526477722,68.00154192751941,0.8722678735852242,0.9158644586801529,0.8731937631964684,0.8652995839715004,0.9065623879432678,0.8740257576107978
14.780000000039113,296.93896332060706,16.81988172015914,138.91407311917294,55.302048916514934,123.24471741852875,68.0003855190363,0.8724002942442893,0.915722444653511,0.8732286408543587,0.8654254510998726,0.9065891921520233,0.8739646792411804
14.800000000039066,297.01161775180094,16.777326107954746,138.90863794445232,55.50149983479408,123.22313924088289,68.0,0.8725345522165299,0.9155845075845718,0.8732656687498093,0.8655522793531417,0.9066178113222122,0.8739018306136132
14.82000000003902,297.082144814334,16.7340591846763,138.90304727388914,55.70241457779858,123.20253513193174,68.00038551903543,0.8726706653833389,0.9154518142342567,0.8733051955699921,0.8656798139214515,0.9066488981246948,0.8738370686769485
14.840000000038973,297.1503181447715,16.69026404256923,138.89729844500062,55.90458525571921,123.18290929314117,68.00154192751768,0.8728086113929748,0.9153249323368072,0.8733472838997841,0.8658078670501709,0.9066827207803726,0.8737703844904899
14.860000000038927,297.2160500211457,16.64619048803024,138.89138934371246,56.10783876956677,123.16426572649411,68.00346877962926,0.8729638755321503,0.9150524199008941,0.8733598366379738,0.8659196838736534,0.9065094277262687,0.8738552808761596
14.88000000003888,297.2792750770801,16.602072439272796,138.88531829167576,56.312042135927825,123.14660823367446,68.00616533253199,0.8731385543942451,0.9146237224340439,0.8733402609825134,0.8660122111439704,0.9061106681823731,0.8741087228059768
14.900000000038833,297.33995875449386,16.558032175347254,138.87908382447992,56.51710097653565,123.12994041529187,68.00963054665341,0.8733146995306015,0.914214126765728,0.8733253076672554,0.8661044254899025,0.9057290881872176,0.8743540287017822
14.920000000038787,297.3980762165832,16.51423787967164,138.87268450282653,56.7229570670539,123.11426567014756,68.0138630860875,0.8734925076365471,0.9138123497366905,0.8733125761151314,0.8661969885230064,0.9053544640541077,0.8745972380042076
14.94000000003874,297.45359958252556,16.47070617943605,138.86611877367972,56.92958554407545,123.0995871945412,68.01886131910975,0.8736717730760574,0.913417837023735,0.8733019188046455,0.8662898510694503,0.9049862325191498,0.8748385518789291
14.960000000038693,297.506617752237,16.42761030741468,138.85938505260071,57.13693753790816,123.0859079816192,68.02462331880618,0.8738523751497268,0.9130296275019646,0.8732931479811669,0.8663831293582916,0.9046238213777542,0.8750783279538155
14.980000000038647,297.557305364837,16.384771469684246,138.85248249917205,57.34462749083941,123.07323082076431,68.0311468638162,0.8740342110395432,0.912646996974945,0.8732860893011093,0.8664769932627677,0.9042668730020523,0.875316771864891
15.0000000000386,297.6055437012777,16.342244552462496,138.84541169439711,57.5515522920608,123.06155829702689,68.03842943918907,0.8742170214653014,0.912271098792553,0.8732810959219932,0.8665712684392929,0.9039162188768387,0.8755532398819923
15.020000000038554,297.65125922644944,16.299956528374768,138.83817438326503,57.756070601211945,123.0508927905977,68.04646823735334,0.8744004353880882,0.9119083657860756,0.8732797279953957,0.8666655212640763,0.9035776168107986,0.8757839500904083
15.040000000038507,297.69441129021027,16.257815766385075,138.83077302541727,57.95635758177479,123.04123647632264,68.05526015919926,0.8745838582515716,0.911568820476532,0.8732842251658439,0.8667589604854583,0.9032598733901978,0.8760028451681137
15.06000000003846,297.7349182669588,16.2155801055323,138.82321041229125,58.150654816645535,123.03259132325918,68.06480181527364,0.8747665613889694,0.9112638354301452,0.8732969745993614,0.8668507769703865,0.902973386645317,0.8762027278542518
15.080000000038414,297.77273964363036,16.173002565545094,138.8154893504849,58.33740619426313,123.02495909427492,68.07508952708639,0.8749475389719009,0.9110035315155983,0.8733197689056397,0.866939777135849,0.902726748585701,0.8763772055506706
15.100000000038367,297.8077939526179,16.129893416377676,138.80761240904818,58.515312778708186,123.01834134568803,68.08611932852881,0.8751256555318833,0.9107956379652024,0.8733534485101699,0.8670247539877891,0.902526468038559,0.876521123945713
15.12000000003832,297.8399972723638,16.085960489655992,138.7995817439908,58.68334127499125,123.01273942694998,68.09788696740246,0.8752995699644088,0.9106447368860244,0.873397932946682,0.8671043798327446,0.902375866472721,0.8766313850879669
15.140000000038274,297.869262697925,16.04098412898996,138.7913990097563,58.840718209504104,123.00815448037032,68.11038790705854,0.8754679143428802,0.9105522453784942,0.8734520152211189,0.8671775817871094,0.9022758960723877,0.8767065674066543
15.160000000038227,297.8954944840856,15.994698371259997,138.78306536231406,58.98692809452565,123.00458744088378,68.12361732814686,0.8756293609738349,0.910516782104969,0.8735138267278671,0.867243318259716,0.9022247374057769,0.8767471939325332
15.18000000003818,297.9185984540566,15.947047580985172,138.7745815449194,59.12172011650524,123.00203903585957,68.13757013047375,0.875782573223114,0.9105347037315369,0.8735812216997146,0.8673005789518357,0.902218246459961,0.8767555177211761
15.200000000038134,297.9384592063289,15.898017558522058,138.7659480556287,59.24511774842591,123.0005097849531,68.15224093496832,0.8759265318512917,0.9106010124087334,0.8736522555351257,0.8673486307263374,0.9022510677576064,0.8767347797751427
15.220000000038088,297.9549696273802,15.847607316989318,138.75716538126508,59.3574239233895,123.0,68.16762408575616,0.8760605394840241,0.9107098698616027,0.8737253278493881,0.8673871383070946,0.9023174256086349,0.876688739657402
15.240000000038041,297.96803723882846,15.795838882622677,138.74823427951324,59.459215244814686,123.00050978495257,68.1837136523398,0.8761842295527458,0.9108547896146774,0.8737991467118263,0.8674160569906234,0.9024110615253448,0.8766216620802879
15.260000000037994,297.97792241606874,15.743006717049603,138.73915607851904,59.55132259455117,123.00203903585852,68.20050343188505,0.8762974858283996,0.9110287845134735,0.8738728180527687,0.8674354404211044,0.9025249391794204,0.8765383392572402
15.280000000037948,297.9844407861503,15.689439076980296,138.7299329751502,59.63479756655035,123.00458744088222,68.21798695161229,0.8764005318284035,0.9112247332930564,0.8739455819129943,0.8674456462264061,0.9026522144675254,0.8764435768127441
15.300000000037901,297.9875412856358,15.63532540135458,138.72056831571842,59.71086587242917,123.00815448036823,68.23615747129186,0.8764938190579414,0.9114347636699677,0.8740165799856185,0.8674474388360977,0.9027859807014466,0.876342211663723
15.320000000037854,297.9872505862222,15.581112958784441,138.71106683241467,59.78087026281669,123.01273942694736,68.25500798584251,0.876578277349472,0.9116511464118957,0.8740855127573013,0.8674421727657318,0.9029187321662903,0.8762400195002555
15.340000000037808,297.98358069167796,15.527397104951696,138.70143480772515,59.84621185879894,123.01834134568489,68.27453122803206,0.8766579255461693,0.9118687406182289,0.8741580754518509,0.8674366652965545,0.9030383586883545,0.876152203977108
15.360000000037761,297.9765735396636,15.474689468396791,138.6916801537814,59.908294910854515,123.02495909427125,68.294719671279,0.8767308592796326,0.9120788782835006,0.8742282465100288,0.867426785826683,0.9031451284885407,0.8760722428560257
15.380000000037715,297.96632584437793,15.423441059512811,138.68181240766103,59.96847680651674,123.032591323255,68.31556553255415,0.8767984420061111,0.9122749879956246,0.8742961019277572,0.8674143359065055,0.9032336235046386,0.8760044500231743
15.400000000037668,297.9529485128339,15.374262360712343,138.67184263713602,60.02802498414122,123.04123647631795,68.33706077538118,0.8768619298934937,0.9124519646167755,0.8743621379137039,0.867400786280632,0.9032993733882904,0.8759522542357444
15.420000000037621,297.93653618816575,15.327808378986985,138.66178324624164,60.088080686250194,123.0508927905925,68.3591971129348,0.8769226506352424,0.9126060217618942,0.8744266048073769,0.8673877775669098,0.903340545296669,0.8759173229336739
15.440000000037575,297.91725785538716,15.28431653072031,138.6516476001369,60.14962255837068,123.06155829702116,68.38196601123548,0.8769817486405372,0.9127344727516175,0.8744901061058045,0.8673766866326332,0.9033559858798981,0.8759007290005684
15.460000000037528,297.8953404167144,15.24418194447492,138.64144938959288,60.21342751192333,123.07323082075807,68.4053586924395,0.8770402252674102,0.9128355696797371,0.8745529815554619,0.8673686578869819,0.9033455789089203,0.8759028121829032
15.480000000037482,297.87098180433657,15.207792295070142,138.6312022338853,60.280066006838176,123.08590798161245,68.42936613822299,0.8770988628268241,0.9129089191555977,0.8746157228946686,0.8673645094037056,0.9033101290464401,0.8759231254458427
15.500000000037435,297.8443677286679,15.175467453489695,138.62091931610402,60.34990564754663,123.09958719453394,68.45397909325855,0.877158273756504,0.9129553034901619,0.8746786028146744,0.8673650324344635,0.9032524392008782,0.8759598940610885
15.520000000037388,297.81565669106453,15.14747534328206,138.610613002867,60.423116960958055,123.11426567013979,68.47918806878353,0.8772188648581505,0.9129763945937156,0.8747419565916061,0.8673706337809562,0.903175513446331,0.8760110616683959
15.540000000037342,297.78511615121084,15.123642943468516,138.60029446760106,60.499684554920194,123.12994041528358,68.50498334625797,0.8772808015346527,0.9129744812846183,0.8748058244585991,0.8673816084861755,0.9030831962823868,0.876073981821537
15.560000000037295,297.7529942160813,15.103966090578043,138.589973347582,60.57942282154477,123.14660823366566,68.53135498111136,0.8773440256714821,0.912952210009098,0.8748700991272926,0.8673979520797729,0.902979153394699,0.8761459544301032
15.580000000037248,297.71949683557756,15.088339482660215,138.57965746105828,60.6619942898865,123.1642657264848,68.55829280657646,0.8774082869291305,0.9129129379987716,0.8749347805976867,0.8674193874001502,0.9028674572706222,0.8762239664793015
15.600000000037202,297.68481300305587,15.076567217746303,138.569352602047,60.74693074295071,123.18290929313135,68.58578643760879,0.8774732142686844,0.912860044836998,0.8749996274709702,0.8674455568194389,0.9027520641684532,0.8763050183653831
15.620000000037155,297.6491221329464,15.068373750353361,138.55906241342564,60.83365974095911,123.20253513192142,68.61382527489019,0.8775322049856186,0.9128734737634658,0.8750737458467484,0.8674660131335258,0.9027200028300285,0.8763228505849838
15.640000000037109,297.61261194348805,15.06341611352113,138.5487883460219,60.921534733137506,123.22313924087207,68.64239850891516,0.8775970518589019,0.9128011122345924,0.87513739913702,0.8675005063414574,0.9026059597730637,0.8764028698205948
15.660000000037062,297.57549530708803,15.061295376223669,138.5385296987496,61.00986696429613,123.24471741851744,68.67149512415807,0.8776609063148498,0.9127277851104736,0.8752011150121689,0.8675372526049614,0.9025022029876709,0.8764742970466614
15.680000000037015,297.5378605203884,15.061570837090258,138.52828373845995,61.09795690047945,123.26726526476541,68.70110390331986,0.8777348816394805,0.9126316413283347,0.8752769589424133,0.8675682500004768,0.9024001628160476,0.8765266135334968
15.700000000036969,297.4997708967574,15.063785648068874,138.51804589356115,61.185124069175124,123.29077818179488,68.73121343165255,0.877807793021202,0.9125703752040862,0.8753641128540038,0.8675821304321288,0.9023172289133071,0.8765509814023972
15.720000000036922,297.4612694913061,15.067478236200465,138.50781014221107,61.27077848520038,123.31525137499334,68.76181210135978,0.8778765827417373,0.912516163289547,0.875448414683342,0.867596511542797,0.9022477060556412,0.876565107703209
15.740000000036876,297.42238952018937,15.07219820156389,138.4975696381915,61.354531602256614,123.34067985393453,68.79288811607191,0.8779488548636436,0.9123761296272278,0.8755174726247787,0.8676268965005874,0.9021063223481178,0.8766359090805054
15.760000000036829,297.3831515878188,15.077532869194854,138.48731649365806,61.43601936203857,123.36705843339607,68.82442949539373,0.8780064597725868,0.9123477160930633,0.8755951538681984,0.8676395073533058,0.9020713418722153,0.8766238078474998
15.780000000036782,297.3435630910246,15.083105922705672,138.47704213248397,61.5149069219108,123.39438173441681,68.85642407952308,0.8780584901571273,0.9123240321874618,0.8756673768162727,0.8676523506641388,0.9020454674959183,0.8766051530838013
15.800000000036736,297.3036164503993,15.08856455503492,138.46673831053238,61.590950104517184,123.42264418539366,68.88885953393873,0.8781040608882904,0.9123099729418754,0.8757344633340836,0.8676642060279846,0.9020319044589996,0.8765774860978126
15.82000000003669,297.26329090759384,15.093590096153134,138.45639833867838,61.66404124992747,123.45184002321773,68.92172335415557,0.8781430333852768,0.9123047247529029,0.8757961764931679,0.8676749259233475,0.902028837800026,0.8765422329306602
15.840000000036643,297.22255578845215,15.09791436329822,138.44601695686168,61.73414908799319,123.48196329444949,68.95500287054531,0.8781754255294799,0.9123071163892745,0.8758524492383003,0.8676844209432601,0.9020343363285065,0.8765009671449661
15.860000000036596,297.1813731661344,15.101324273920312,138.4355896190078,61.80120554234748,123.51300785653278,68.9886852532209,0.8782013714313507,0.912315958738327,0.8759034246206283,0.8676926150918006,0.9020463794469833,0.8764551907777786
15.88000000003655,297.13970441302837,15.103654601549403,138.4251132521207,61.86529940446865,123.54496737904736,69.02275751698261,0.8782210901379585,0.9123309433460235,0.8759495496749877,0.8676992893218994,0.9020637333393097,0.8764058247208595
15.900000000036503,297.0975139582493,15.104796098153333,138.4145862613382,61.92666949094597,123.57783534499974,69.0572065263242,0.8782349035143852,0.912351131439209,0.8759913340210914,0.8677043542265892,0.9020846992731094,0.8763541206717491
15.920000000036456,297.0547720097166,15.10470053380369,138.40400831605442,61.98565125715449,123.61160505215216,69.09201900049676,0.878243339061737,0.9123747617006301,0.8760291621088981,0.8677079305052757,0.9021070152521133,0.8763017460703849
15.94000000003641,297.01145686080383,15.103379764728755,138.39338015690137,62.04263497440101,123.64626961438917,69.12718151862886,0.8782470002770424,0.9123996391892433,0.8760633736848831,0.867710255086422,0.9021281957626343,0.8762505069375038
15.960000000036363,296.967556636419,15.100899887208815,138.38270341041826,62.098032736159524,123.68182196312188,69.16268052490038,0.8782465487718581,0.9124235734343529,0.8760943844914436,0.867711591720581,0.9021458089351654,0.8762021780014038
15.980000000036316,296.9230704245506,15.097371922709659,138.37198041813352,62.15225446726764,123.71825484872933,69.19850233376864,0.8782426953315735,0.9124443605542183,0.8761226192116737,0.8677122667431831,0.9021576285362244,0.8761583641171455
16.00000000003627,296.8780087842656,15.092940701750342,138.36121408962512,62.205692452672,123.75556084203679,69.23463313524445,0.8782361820340157,0.9124604359269142,0.8761486724019051,0.8677125304937362,0.902162054181099,0.8761201292276383
16.020000000036934,296.8323936459647,15.08777340680859,138.3504077720497,62.25871079425135,123.7937323358306,69.27105900021604,0.8782277330756187,0.9124706506729126,0.8761732056736946,0.8677125751972198,0.9021579682826996,0.8760881975293159
16.040000000037598,296.78625763187915,15.082048700519302,138.3395651231906,62.31163660651917,123.83276154640953,69.30776588581908,0.8782179966568947,0.9124744594097137,0.8761969834566116,0.8677125483751297,0.9021448612213134,0.8760628014802933
16.06000000003826,296.7396428774638,15.075946910642154,138.3286899831786,62.364751747294086,123.87264051517185,69.3447396408504,0.878207567334175,0.9124717101454735,0.8762207388877868,0.8677125349640846,0.9021227061748505,0.8760438561439514
16.080000000038925,296.69259940759196,15.069641507496765,138.31778624669994,62.41828517714247,123.9133611102383,69.38196601122364,0.8781969726085662,0.9124627828598022,0.8762452453374863,0.8677125439047814,0.9020919367671013,0.8760308876633643
16.10000000003959,296.64518310996414,15.063291893174055,138.30685773827227,62.47240677947521,123.95491502811021,69.41943064546436,0.8781866148114205,0.9124482944607735,0.8762711375951767,0.8677125841379165,0.9020533040165901,0.8760232388973236
16.120000000040253,296.59745358493285,15.057037539452963,138.2959080992257,62.52722380480524,123.99729379536274,69.45711910024289,0.8781767800450325,0.9124290987849235,0.8762988626956939,0.8677126288414001,0.9020079255104064,0.8760200023651122
16.140000000040917,296.549472002748,15.050993580403201,138.2849406931514,62.582779973318495,124.04048877037278,69.4950168459425,0.8781676605343819,0.9124061703681946,0.8763287201523781,0.8677126556634903,0.9019569858908653,0.8760202437639236
16.16000000004158,296.5012990474039,15.045247934892666,138.27395853355435,62.6390574806761,124.08449114508097,69.53310927226077,0.8781611248850822,0.9123820304870606,0.8763645768165588,0.8677157536149025,0.9018990278244018,0.8760285452008247
16.180000000042245,296.45299301004866,15.039860008149603,138.26296423663246,62.69598211247305,124.12929194678794,69.57138169384227,0.878158514201641,0.9123592540621758,0.8764093652367592,0.8677243232727051,0.9018335551023483,0.8760480046272278
16.20000000004291,296.40460809142536,15.03486095118578,138.251960000239,62.75343106763581,124.17488203998384,69.60981935593992,0.8781565651297569,0.9123370185494423,0.8764568626880646,0.8677326291799545,0.90176722407341,0.8760675445199012
16.220000000043573,296.3561929787285,15.030255356392457,138.24094760531423,62.81124263424911,124.22125212821128,69.64840744010327,0.878155192732811,0.9123162358999252,0.8765070825815201,0.867740698158741,0.9017008751630783,0.8760866731405258
16.240000000044237,296.30778974925744,15.026024152995431,138.22992843636268,62.869227015271726,124.26839275596093,69.68713106989134,0.8781542092561722,0.9122981399297714,0.8765600025653839,0.8677485749125481,0.9016357779502868,0.8761046081781387
16.2600000000449,296.25943301846627,15.022129559200234,138.21890347067958,62.927174234124024,124.31629431059974,69.72597531660769,0.8781534001231194,0.9122840985655785,0.876615546643734,0.8677562057971954,0.9015731528401375,0.8761206030845642
16.280000000045565,296.2111490268331,15.018524547663109,138.20787308490827,62.984850379505204,124.364947024331,69.76492520505579,0.878152497112751,0.9122750908136368,0.8766735315322876,0.8677635416388512,0.9015138983726502,0.8761341392993927
16.30000000004623,296.1629551962807,15.015161105790572,138.19683684498287,63.04199736149828,124.41434097618617,69.80396571931219,0.8781512007117271,0.9122722879052162,0.8767338052392005,0.86777054220438,0.9014590471982956,0.8761445820331574
16.320000000046893,296.11486098491287,15.011989603458924,138.1857936591085,63.09835778684322,124.46446609404785,69.84308180851548,0.8781492426991463,0.9122766152024269,0.876796144247055,0.8677771002054214,0.9014093771576881,0.8761515021324158
16.340000000047556,296.06686903321645,15.008958724198191,138.17474199380587,63.153696515123514,124.51531215670555,69.88225839267005,0.8781462877988815,0.9122890830039978,0.8768603384494781,0.8677831217646599,0.9013657420873642,0.8761543497443199
16.36000000004822,296.01897633737207,15.00601757076671,138.1636800565957,63.20781382924652,124.56686879593441,69.92148036845556,0.8781420320272445,0.9123103082180023,0.8769261643290519,0.8677884861826897,0.9013285577297211,0.8761529147624969
16.380000000048884,295.9711754661353,15.003118998616392,138.15260595039157,63.26055238369853,124.6191254986149,69.96073261505374,0.8781317949295043,0.9124408692121505,0.8770146146416664,0.8677841499447823,0.9013790816068649,0.8760922476649284
16.40000000004955,295.923455825408,15.000223276386146,138.14151780052276,63.3117996296587,124.67207160887475,69.9999999999763,0.8781244143843651,0.9124764889478684,0.877082072198391,0.8677884727716446,0.9013525009155273,0.8760839819908142
16.420000000050212,295.87580494944785,14.997301408905743,138.13041385581386,63.36148775079083,124.72569633026178,70.03926738489886,0.8781148165464401,0.9125245362520218,0.8771510452032089,0.8677915081381797,0.9013349905610084,0.8760697796940803
16.440000000050876,295.82820978004173,14.994337743170803,138.119292568863,63.40959214226382,124.7799887279456,70.07851963149706,0.8781031087040901,0.9125801429152488,0.8772202998399734,0.867793770134449,0.9013228669762611,0.8760521933436394
16.46000000005154,295.78065791045236,14.991331658257858,138.10815265750847,63.456129341528424,124.83493773094723,70.11774160728261,0.8780892014503479,0.9126424372196197,0.8772895231842994,0.867795267701149,0.9013153612613678,0.8760317638516426
16.480000000052204,295.73313904750216,14.98830006909193,138.09699328251097,63.50119234984967,124.89053213439674,70.15691819143726,0.8780730724334717,0.9127101898193359,0.8773584023118018,0.867796067893505,0.9013114899396896,0.8760091662406921
16.500000000052868,295.6856468763309,14.985287442263568,138.08581439494822,63.54502170039808,124.94676060181796,70.19603428064201,0.8780547708272933,0.9127818718552589,0.8774265751242637,0.8677962779998779,0.9013100102543831,0.8759852409362793
16.520000000053532,295.63817917582656,14.98236425907327,138.07461622039787,63.587830407244375,125.00361166744025,70.2350747948999,0.8780344486236572,0.912854953110218,0.8774936750531196,0.8677961304783821,0.9013089463114738,0.8759613290429115
16.540000000054196,295.5907386180993,14.979616923509647,138.06339915533735,63.62978609837205,125.06107373853652,70.2740246833495,0.8780123069882393,0.9129273146390915,0.8775593444705009,0.8677958443760871,0.9013066709041595,0.8759384989738465
16.56000000005486,295.5433333978461,14.977138777534888,138.05216378033978,63.67103303998598,125.11913509778704,70.31286893006735,0.8779885739088058,0.9129975527524948,0.8776235654950142,0.8677955940365791,0.9013021290302277,0.8759174168109893
16.580000000055524,295.49597740954,14.975023057093672,138.04091085446547,63.71170600882726,125.17778390566892,70.35159255985693,0.8779634907841682,0.9130649119615555,0.877686507999897,0.8677954912185669,0.9012947976589203,0.8758984223008156
16.600000000056188,295.44869005332805,14.973357968814076,138.0296412981371,63.75193716271809,125.23700820287026,70.3901806440218,0.877937290072441,0.9131288781762122,0.8777484402060508,0.8677956163883209,0.9012842833995819,0.8758817344903945
16.62000000005685,295.4014957531636,14.972223515511935,138.01835616302154,63.79185637182014,125.29679591272883,70.42861830612095,0.8779102310538291,0.9131892636418343,0.8778096526861191,0.8677960857748985,0.9012705460190773,0.8758673578500747
16.640000000057515,295.3544232710904,14.971689401162886,138.0070565859066,63.83158607151258,125.35713484369468,70.46689072770397,0.8778825104236603,0.9132458806037903,0.8778704851865768,0.8677969798445702,0.9012535095214843,0.8758553102612495
16.66000000005818,295.307504899402,14.971813448872965,137.99574373198908,63.87123393876772,125.41801269181619,70.50498315402378,0.8778543472290039,0.9132987290620803,0.8779311567544937,0.8677983969449997,0.9012332856655121,0.8758455157279968
16.680000000058843,295.2607755935361,14.972640295516673,137.9844187359768,63.91088643784681,125.47941704324897,70.54288089972489,0.8778258979320526,0.9133477196097374,0.8779918283224105,0.867800435423851,0.9012099415063858,0.8758379071950912
16.700000000059507,295.2142720865296,14.974200386845366,137.97308264850633,63.950604747554344,125.54133537678729,70.58056935450495,0.877797269821167,0.9133927941322326,0.8780525669455528,0.8678032025694847,0.9011835619807244,0.8758324712514877
16.72000000006017,295.1680320100225,14.976509368823175,137.96173639090767,63.990423177471925,125.60375506641722,70.61803398874719,0.8777728393673897,0.9134194955229759,0.878116412460804,0.867807024717331,0.9011498779058457,0.8758281305432319
16.740000000060835,295.1220930350698,14.979567962680628,137.95038071722172,64.03034984355855,125.66666338389138,70.65526035912193,0.8777487933635711,0.9134406000375748,0.8781805619597435,0.867811794579029,0.901112850010395,0.8758257836103439
16.7600000000615,295.0764920592013,14.983362390788452,137.93901618463,64.07036878134213,125.73004750132426,70.69223411415476,0.8777244970202446,0.9134600684046745,0.8782480865716934,0.8678185626864433,0.9010753661394119,0.8758256226778031
16.780000000062163,295.0312644550317,14.987865345777214,137.92764313102785,64.11044297022222,125.79389449380817,70.72894099975929,0.8776998832821846,0.9134793221950531,0.8783214315772057,0.8678282141685486,0.90103899538517,0.8758278220891952
16.800000000062827,294.98644341129454,14.993037413138062,137.91626165863096,64.15051765160284,125.85819134204868,70.76536686473237,0.8776752069592476,0.9134952053427696,0.8783947944641113,0.8678389474749565,0.9010005235671997,0.875831738114357
16.82000000006349,294.94205910714953,14.998827104204862,137.9048716190845,64.19052330852058,125.9229249350195,70.80149766620964,0.8776504144072532,0.9135087773203849,0.878468407690525,0.8678507000207901,0.900960835814476,0.8758367270231247
16.840000000064155,294.8981372301704,15.005166895345058,137.89347259441178,64.23037754554318,125.98808207263595,70.83731947507937,0.8776254877448082,0.913520435988903,0.8785422444343567,0.8678634449839592,0.9009203344583511,0.8758425563573837
16.86000000006482,294.85469854955767,15.01197627769786,137.8820638794906,64.26998730682591,126.0536494684467,70.87281848135233,0.8776003777980804,0.9135306820273399,0.8786162555217742,0.8678771555423737,0.9008795022964478,0.8758488863706588
16.880000000065483,294.81178320663435,15.019103841832322,137.87064440957062,64.30925268169663,126.11961375234306,70.90798099948584,0.8775750041007996,0.9135399132966995,0.8786904454231262,0.8678917467594146,0.9008385941386222,0.8758555382490157
16.900000000066147,294.76941211653184,15.026408677239251,137.8592126826698,64.34807111770712,126.18596147328526,70.94279347365983,0.8775508105754852,0.913546234369278,0.8787486895918846,0.86790951192379,0.9008020758628845,0.8758574917912483
16.92000000006681,294.7276033189198,15.03386112428679,137.84776680799894,64.38634076822015,126.2526791020454,70.9772424830028,0.8775279492139816,0.9135489389300346,0.8787880510091781,0.8679307997226715,0.9007702022790909,0.8758542418479919
16.940000000067474,294.6863458099165,15.041397586384793,137.83630458649785,64.42396433407059,126.3197530339662,71.01131474676588,0.8775045111775398,0.9135509371757508,0.8788275599479675,0.8679526329040527,0.9007379442453384,0.8758515194058418
16.96000000006814,294.6456318456353,15.048950988861426,137.82482358783852,64.46085234575133,126.38716959173513,71.0449971294428,0.8774804562330246,0.9135535657405853,0.8788675606250763,0.8679748192429543,0.9007063835859298,0.8758485734462738
16.980000000068802,294.60545437704644,15.056457823169488,137.81332122183477,64.49692568108877,126.45491502817353,71.07827664583387,0.8774557039141655,0.913556931912899,0.8789079993963241,0.867997246980667,0.9006754443049431,0.8758454397320747
17.000000000069466,294.5658057018965,15.063859731089929,137.80179476951778,64.53212004167601,126.52297552903975,71.111140466052,0.8774302005767822,0.9135614022612571,0.8789489164948463,0.8680197775363921,0.9006453320384026,0.8758419349789619
17.02000000007013,294.52667671484824,15.071100768798129,137.7902412764573,64.56639855754243,126.59133721584611,71.14357592046893,0.8774039149284363,0.9135670572519302,0.8789902672171592,0.8680422991514206,0.9006159484386443,0.8758380949497223
17.040000000070794,294.4880565667175,15.078126585998717,137.77865747359127,64.59975603070997,126.65998614868886,71.17557050459952,0.8773768424987792,0.9135738611221313,0.8790319845080375,0.8680647224187851,0.9005871549248695,0.8758340135216712
17.060000000071458,294.4499329854087,15.084889053546927,137.76703989628692,64.63220635191877,126.72890832909083,71.20711188392254,0.8773489609360695,0.913581594824791,0.8790739566087723,0.868086989223957,0.9005586832761764,0.875829815864563
17.080000000072122,294.41229279711763,15.091349904857708,137.75538503582604,64.66377269868975,126.7980897028558,71.23818789863586,0.8773203149437904,0.9135899230837822,0.8791160270571708,0.8681090369820594,0.9005301266908645,0.8758257567882538
17.100000000072786,294.3751224869105,15.097482331558151,137.74368946832672,64.69448207455375,126.86751616293446,71.26878656834424,0.8772909268736839,0.9135985150933266,0.879158079624176,0.8681308165192604,0.9005010917782783,0.8758220642805099
17.12000000007345,294.3384087405958,15.103271101493764,137.73194996109345,64.72436294422393,126.93717355230093,71.29889609667802,0.8772608414292336,0.9136070758104324,0.8792000025510788,0.8681523099541664,0.9004712790250778,0.8758189395070076
17.140000000074114,294.3021389207195,15.10871177029204,137.72016355574564,64.75344433527738,127.00704766683961,71.32850487584089,0.877230116724968,0.9136152744293212,0.8792416974902153,0.8681734904646873,0.9004402905702591,0.8758165746927261
17.160000000074778,294.26630145161346,15.113809371523526,137.7083276279797,64.78175540175518,127.07712425824162,71.35760149108485,0.8771988332271575,0.9136230662465096,0.8792831599712372,0.8681943491101265,0.9004080861806869,0.8758150100708008
17.18000000007544,294.2308861071814,15.118576822962197,137.6964399249066,64.8093248432254,127.14738903691025,71.38617472511083,0.8771670758724213,0.913630411028862,0.8793243989348412,0.8682148814201355,0.9003745675086975,0.8758142501115799
17.200000000076106,294.19588419168355,15.123033249339402,137.68449858329768,64.83617978960984,127.21782767487473,71.4142135623932,0.8771349385380744,0.9136373847723007,0.8793654456734658,0.8682350650429725,0.9003398418426514,0.875814214348793
17.22000000007677,294.16128862634747,15.127202307019653,137.67250213125942,64.8623443483757,127.28842580871196,71.44170719342645,0.8771025195717811,0.9136440724134445,0.8794063717126847,0.8682549178600311,0.9003039583563804,0.8758148312568664
17.240000000077433,294.1270939507212,15.131110565811403,137.6604494752777,64.88783809430618,127.35916904247543,71.46864501889245,0.8770699128508568,0.9136506348848342,0.879447217285633,0.868274399638176,0.900267082452774,0.8758159801363945
17.260000000078097,294.09329624835476,15.134785986493762,137.64833987642763,64.91267471963938,127.43004295063069,71.49501665374667,0.8770371675491333,0.9136572197079659,0.8794880628585815,0.8682935193181037,0.9002293348312378,0.8758175402879714
17.28000000007876,294.05989300667994,15.138256565886998,137.63617291829107,64.93686132005388,127.50103308099696,71.52081193122191,0.8770043686032295,0.9136639475822449,0.8795289441943168,0.8683122813701629,0.9001908630132675,0.875819431245327
17.300000000079425,294.02688292538977,15.141549197054923,137.62394846966583,64.96039830405144,127.57212495769416,71.54602090674764,0.8769715473055839,0.9136709928512573,0.8795699551701546,0.8683306992053985,0.9001518458127975,0.8758215233683586
17.32000000008009,293.99427170460984,15.144635335646337,137.61166664522514,64.98327990947229,127.64330408409467,71.57063386178393,0.8769387617707253,0.9136784985661507,0.8796111226081847,0.8683487549424171,0.9001124709844589,0.8758236825466156
17.340000000080753,293.9620727752078,15.147566280305213,137.5993277650596,65.00549507579494,127.71455594577944,71.59464130756808,0.8769060164690018,0.9136865943670273,0.8796525135636329,0.8683664619922637,0.9000728368759155,0.8758258551359176
17.360000000081417,293.9302809811172,15.15037107347515,137.58693231723842,65.02702858168533,127.7858660134977,71.61803398877274,0.8768733337521553,0.9136954501271247,0.8796941593289375,0.8683838114142418,0.9000331357121467,0.8758279159665108
17.38000000008208,293.89890470308114,15.153034182653945,137.57448092220196,65.04786224706562,127.85721974612964,71.64080288707399,0.8768407225608825,0.9137052312493325,0.8797361269593239,0.8684008210897446,0.899993559718132,0.8758297443389892
17.400000000082745,293.8679466275812,15.155579406025419,137.56197429950328,65.06797606575708,127.92860259365159,71.66293922462813,0.8768081739544868,0.9137159779667854,0.8797784388065338,0.8684174999594688,0.8999541938304901,0.8758313044905662
17.42000000008341,293.8374014512887,15.158033591463788,137.54941323778553,65.08734933527303,128.00000000010292,71.68443446745563,0.8767761573195457,0.9137342929840088,0.8798244208097458,0.8684297353029251,0.8999166205525398,0.8758285909891128
17.440000000084073,293.80726538129676,15.160412613751472,137.53679856978584,65.10596171420364,128.0713974065542,71.70528032873122,0.8767452403903008,0.9137680396437645,0.8798781767487526,0.8684324398636818,0.8998824760317802,0.8758168071508408
17.460000000084737,293.77753583343565,15.162728599606947,137.52413115115812,65.12379405782569,128.1427802540761,71.72546877197853,0.8767143681645393,0.9138022601604462,0.8799321338534355,0.8684348717331886,0.8998482644557952,0.8758050054311752
17.4800000000854,293.74821075454315,15.16499159592668,137.51141184360424,65.14082922637579,128.21413398670794,71.7449920141684,0.8766835048794747,0.9138376832008361,0.8799864843487739,0.8684370085597038,0.8998146653175354,0.8757927387952804
17.500000000086064,293.7192882387982,15.16721047347677,137.4986415008361,65.15705281912855,128.28544405442605,71.76384252871934,0.8766526505351067,0.9138742908835411,0.8800412192940712,0.8684388503432273,0.8997816562652587,0.8757800295948982
17.52000000008673,293.6907663245507,15.169393608742851,137.4858210263145,65.17245577741792,128.35669591611062,71.78201304839912,0.8766217648983001,0.91391192227602,0.8800962805747986,0.868440406024456,0.899749156832695,0.8757669627666473
17.540000000087392,293.662642770727,15.171550069487933,137.4729517577607,65.18704543439922,128.4278750425109,71.79949656812653,0.8765908479690552,0.9139505818486213,0.8801516458392143,0.8684416890144347,0.8997172117233276,0.8757535025477409
17.560000000088056,293.63491487366963,15.173692175732274,137.46003596943382,65.20085506763874,128.49896691920782,71.81628634767189,0.876559890806675,0.9139899969100952,0.8802072569727898,0.8684427171945571,0.8996856063604355,0.8757398188114166
17.58000000008872,293.6075796662219,15.175837961977535,137.44707671703011,65.21393084915763,128.5699570495738,71.83237591425559,0.8765288978815079,0.9140297919511795,0.880263002216816,0.8684435173869133,0.8996540188789367,0.8757261171936989
17.600000000089384,293.5806342556291,15.1780117872568,137.4340775521987,65.22632032344235,128.64083095772867,71.84775906504343,0.8764978691935539,0.9140695691108703,0.8803187385201454,0.8684441208839416,0.8996221989393234,0.8757125854492187
17.620000000090048,293.5540761702209,15.180243443918911,137.42104228264066,65.23806643601534,128.71157419149174,71.86242986953795,0.8764668405056,0.914108845591545,0.8803743541240692,0.8684445813298225,0.8995897307991981,0.8756995230913162
17.640000000090712,293.5279036733491,15.182566334994721,137.40797477643702,65.24920530109799,128.78217232532853,71.87638267186473,0.8764358252286911,0.9141472995281219,0.8804297775030135,0.8684449613094329,0.8995564132928848,0.8756870552897453
17.660000000091376,293.50211600420783,15.185015273579165,137.39487880813812,65.25976642152692,128.85261096329253,71.8896120929529,0.876404894888401,0.914184595644474,0.8804849058389663,0.8684453189373016,0.8995220720767975,0.8756753519177437
17.68000000009204,293.4767135300874,15.187624348963752,137.3817579429489,65.26977365912194,128.92287574196064,71.90211303260877,0.8763740852475166,0.914220680296421,0.8805397346615791,0.8684457302093506,0.8994867295026779,0.8756644085049629
17.700000000092704,293.45169780780384,15.190425077209547,137.36861545435963,65.27924609579824,128.9929523333621,71.91388067148213,0.8763434186577796,0.9142554193735123,0.8805942550301552,0.8684462442994118,0.8994503363966941,0.8756542697548866
17.720000000093368,293.427071561965,15.193444934365347,137.35545427014185,65.28819848254435,129.06282644790016,71.92491047292421,0.8763129845261574,0.9142889201641082,0.8806485071778297,0.8684469372034073,0.8994130939245224,0.8756448373198509
17.74000000009403,293.40283858797795,15.19670630886381,137.34227694078174,65.29664108478391,129.132483837266,71.93519818473659,0.8761037677526474,0.9146555066108704,0.8806811228394508,0.8683390095829964,0.8990267127752304,0.8756911858916282
17.760000000094696,293.3790035976274,15.200225803221523,137.32908562562864,65.30457939844237,129.20191029734397,71.94473984081051,0.8759937211871147,0.9147166699171067,0.8792184874415397,0.8684056848287582,0.8989495545625686,0.8753056138753891
17.78000000009536,293.35557201396523,15.204013867339949,137.31588209305917,65.31201388730118,129.27109167110822,71.95353176265594,0.8759940296411514,0.9146803930401802,0.8780279710888862,0.8685843601822852,0.8990119338035584,0.874890711903572
17.800000000096023,293.3325497401698,15.208074733334037,137.3026677307663,65.31894007255882,129.3400138515094,71.96157056081964,0.8760960653424262,0.9147917583584785,0.8771964684128761,0.8686907857656478,0.8993031412363052,0.8744215622544288
17.820000000096687,293.3099429180173,15.212406620007073,137.28944356432143,65.32534887336811,129.40866278435138,71.96885313619188,0.8763158589601516,0.914983657002449,0.8765683129429817,0.8688845664262771,0.8998993247747421,0.8738943338394165
17.84000000009735,293.28777189800013,15.217048298195898,137.27621210751295,65.33114905263778,129.47702447115685,71.97537668120125,0.8765898779034614,0.9149261593818664,0.8760642498731613,0.8691863283514977,0.9005313694477081,0.8734699457883834
17.860000000098015,293.2661136612846,15.222167816905001,137.26298078864826,65.33603738297559,129.5450849720222,71.98113868089695,0.8769459679722785,0.914997823536396,0.8756124809384346,0.8693414852023125,0.9013204798102379,0.8730746999382972
17.88000000009868,293.2450632617555,15.227821641458062,137.2497492277069,65.33997483774247,129.61283040845967,71.9861369139184,0.8772566705942154,0.9151880815625191,0.8751030847430229,0.8694333508610725,0.9021566808223724,0.872586703300476
17.900000000099343,293.22468068582816,15.233923054115243,137.23650249146422,65.3432922832277,129.68024696622766,71.99036945335165,0.8776501193642616,0.9152244701981544,0.8746075198054314,0.869371785223484,0.9026297062635421,0.8724939435720444
17.920000000100007,293.20495306865035,15.240340108339769,137.22321627334645,65.3467924251677,129.74732089814742,71.99383466747217,0.8781249910593033,0.9149097710847854,0.8743457496166229,0.8695055693387985,0.902893340587616,0.8725283965468407
17.94000000010067,293.1857627027624,15.246928763654267,137.20985307042983,65.35182481476267,129.81403852690653,71.99653122037394,0.878500746190548,0.9145168542861938,0.8740741401910782,0.8694631770253182,0.9034375160932541,0.8724309161305427
17.960000000101335,293.1668842520286,15.253477649342793,137.19636015320805,65.36015500951838,129.88038624784764,71.99845807248451,0.878901208937168,0.9141561061143875,0.873769597709179,0.8693493664264679,0.9039459735155105,0.8724417835474014
17.980000000102,293.14799329303526,15.259784468468071,137.18268437500953,65.37389569152262,129.94635053174287,71.99961448096569,0.8792678445577621,0.9137435600161552,0.873784126341343,0.8691348791122436,0.9042472660541534,0.8725099429488182
18.000000000102663,293.12870231781227,15.265711307166217,137.1687841289958,65.39533506327152,130.01191792755247,72.0,0.8796157002449035,0.9134358793497085,0.8742161273956298,0.8690960094332695,0.9043786853551864,0.8727018147706985
18.020000000103327,293.10856556636924,15.271116633165013,137.15463673534867,65.42641789908751,122.32937140647735,71.99961448096252,0.8798071786761283,0.9135029882192611,0.8745470449328422,0.8688656836748123,0.9046290874481201,0.8729287073016166
18.04000000010399,293.08709109313247,15.275746916262515,137.14022683586188,65.46855009383847,120.23559253477868,71.99845807247819,0.8800282552838326,0.9132741957902908,0.8748222887516022,0.8686913087964058,0.9045600026845931,0.8732559680938721
18.060000000104655,293.06378145674654,15.279223866757821,137.1255562406908,65.52283074026342,120.47102360620211,71.99653122036446,0.8803079336881637,0.9127012759447097,0.8751207962632179,0.8686037078499794,0.9041385382413863,0.8738200142979622
18.08000000010532,293.0381484822826,15.281092893362986,137.1106498886911,65.59003267066268,120.706131861574,71.99383466745952,0.8803038075566292,0.9116731718182564,0.8754008859395981,0.8686087548732757,0.9033583462238312,0.8745472773909568
18.100000000105982,293.00973991891044,15.280859823247805,137.09555425183956,65.67050368549715,120.94075616944,71.99036945333586,0.8803284972906112,0.9103903695940971,0.8755866780877113,0.8687423467636108,0.9023457765579224,0.8753832682967185
18.120000000106646,292.97816442005364,15.278160880271814,137.08032298937118,65.76399758312802,121.17473573001924,71.98613691389946,0.8803582161664962,0.9094278991222381,0.8756591692566872,0.8687555968761443,0.9013385891914367,0.8763874918222427
18.14000000010731,292.94313676176694,15.273098608695452,137.06502205967612,65.8691838359509,121.40791018540843,71.98113868087486,0.8800528198480606,0.908527597784996,0.8757785990834236,0.8687469780445098,0.9003515049815177,0.8773746520280837
18.160000000107974,292.9044661772585,15.266011086963218,137.0497214031955,65.98365424015685,121.64011972948316,71.97537668117604,0.8797351524233817,0.9074367344379425,0.875934337079525,0.8687242195010185,0.8990807101130486,0.8785263165831566
18.180000000108638,292.8620488578657,15.257221007307704,137.03448256541222,66.10383096224977,121.87120521742104,71.96885313616356,0.8796027138829231,0.9062299996614456,0.8760446563363075,0.8687698304653168,0.8978764608502388,0.8796897739171982
18.200000000109302,292.8159283960332,15.246762590817994,137.01934831059629,66.22508859243229,122.1010082747716,71.9615705607882,0.8794335290789604,0.9050228178501128,0.8761643186211586,0.8689887702465057,0.8969662845134735,0.880354255437851
18.220000000109966,292.7662743018526,15.234328352162574,137.00433738371305,66.34208058909938,122.32937140599824,71.9535317626214,0.8793548241257667,0.9036797866225242,0.8760378122329712,0.8692275270819664,0.8956546485424042,0.8815506771206856
18.24000000011063,292.7133605576814,15.219525134614889,136.98945562548707,66.44914491613335,122.5561381024178,71.9447398407729,0.879181732237339,0.9030146300792694,0.8759082078933715,0.8693842262029647,0.8950850993394851,0.8819962814450264
18.260000000111294,292.65761457785504,15.201910295200662,136.9747022890872,66.54076981486291,122.78115294946379,71.93519818469589,0.8791586562991142,0.9026787281036377,0.8759360626339913,0.8694762036204338,0.8947181552648544,0.8821587294340133
18.280000000111958,292.59956857507314,15.18100231371341,136.96007166580688,66.61155874507499,123.00426173319978,71.92491047288047,0.8791790410876273,0.9025556147098541,0.8760292381048203,0.8695205450057983,0.894487252831459,0.8821753054857254
18.30000000011262,292.53975190412,15.156160469537955,136.94554695866947,66.6568531198531,123.22531154600993,71.91388067143535,0.8791836008429527,0.9026203453540802,0.8761478722095489,0.8695257529616356,0.8944119721651077,0.8820420131087303
18.320000000113286,292.47864596926047,15.126454456809899,136.93109012749244,66.67353085897797,123.4441508913942,71.90211303255896,0.8791649147868156,0.9028899252414703,0.8762907713651656,0.8694866329431533,0.8945042490959167,0.8817499741911888
18.34000000011395,292.41663690426714,15.09106941817415,136.91664522616333,66.6591164935321,123.66062978779652,71.8896120929001,0.8791167736053467,0.9033647254109383,0.8764541402459144,0.8694015800952911,0.8947615623474121,0.8813072621822357
18.360000000114614,292.35399693016603,15.04923718534958,136.9021511597147,66.61337035437032,123.87459987139468,71.87638267180895,0.8790367498993873,0.904040914773941,0.8766390115022659,0.8692761644721031,0.8951721906661987,0.8807389199733734
18.380000000115277,292.2909099013007,14.999990371590464,136.88755222625875,66.53837572024709,124.08591449778136,71.86242986947921,0.8789692655205726,0.9049290210008621,0.876932293176651,0.8692025199532508,0.8956466555595398,0.8802356705069542
18.40000000011594,292.2274333568324,14.942821900465095,136.8728045343146,66.43776597880832,124.29442884246708,71.84775906498176,0.8788510248064995,0.9063655138015747,0.8773223578929901,0.869061578810215,0.8965412169694901,0.8794166579842567
18.420000000116605,292.16345303504454,14.878027475047055,136.85787971704158,66.31562629646301,124.50000000013547,71.832375914191,0.8787159040570259,0.9074916526675224,0.8776263818144798,0.8689370796084404,0.8971674412488937,0.8788349449634552
18.44000000011727,292.0987120903234,14.806818626364905,136.8427674110401,66.17503892382925,124.70248708258359,71.81628634760442,0.8785482928156853,0.9086775779724121,0.8779213711619377,0.8687927097082138,0.8978221282362938,0.878251613676548
18.460000000117933,292.03282493442646,14.730636195788938,136.82747642527562,66.01932950743198,124.90175131527955,71.7994965680562,0.8783530414104461,0.9098705306649207,0.8781969636678696,0.8686350002884865,0.898465970158577,0.877695520222187
18.480000000118597,291.9661306474127,14.651554015356783,136.81203253733628,65.85232516353364,125.09765613247176,71.78201304832595,0.8781298235058784,0.9111564263701438,0.8784995660185814,0.8684687525033951,0.8991742253303527,0.8771257206797599
18.50000000011926,291.8989559238088,14.571496557907407,136.79647155072064,65.67819521845335,125.29006727078414,71.76384252864337,0.8778945133090019,0.9123057529330253,0.878765507042408,0.8683088839054107,0.8997640877962112,0.8766596332192421
18.520000000119925,291.8308635220954,14.492921306419206,136.78083890663564,65.50147128629835,125.47885286123362,71.74499201408966,0.8776934906840325,0.9132467836141586,0.8790344789624214,0.8681480899453163,0.9002526879310607,0.8762316063046455
18.54000000012059,291.7617191847429,14.417953366545747,136.76518563309,65.32663414393764,125.66388351960659,71.72546877189704,0.8774976447224617,0.914075282216072,0.8792790830135345,0.8679887756705283,0.9006624847650527,0.8758554130792617
18.560000000121253,291.6916117017207,14.348889603586667,136.74956598312525,65.15790089701939,125.84503243513224,71.705280328647,0.8773021519184112,0.9148139178752899,0.8794911205768585,0.867834110558033,0.9009974211454391,0.8755352467298507
18.580000000121917,291.6206799965262,14.287764201930775,136.7340354708847,64.9991129392434,126.02217545739248,71.68443446736875,0.8771118625998496,0.9154528379440308,0.8796702206134795,0.8676876306533813,0.9012527495622634,0.8752723053097725
18.60000000012258,291.5492764620787,14.236256340008072,136.71864856475574,64.85367623640485,126.19519118140832,71.66293922453859,0.876930795609951,0.9159826770424843,0.8798159807920456,0.8675527423620224,0.9014243304729461,0.8750679075717925
18.620000000123245,291.47778929737547,14.19595489098969,136.70345602469197,64.72441188616155,126.36396103084485,71.64080288698185,0.8767623171210289,0.9163962692022324,0.8799286246299743,0.8674326375126838,0.9015099689364433,0.8749226659536361
18.64000000012391,291.4066283110828,14.167973205737981,136.6885032320598,64.61346609176994,126.5283693392775,71.61803398867801,0.8766092211008072,0.9166897654533386,0.8800094127655029,0.8673301994800567,0.9015101253986358,0.8748358875513077
18.660000000124572,291.3362538614176,14.152887518499215,136.6738290547558,64.52228127159054,126.68830342946403,71.59464130747081,0.8764738544821739,0.9168639302253723,0.880060987174511,0.8672478556632995,0.9014290153980254,0.8748048901557922
18.680000000125236,291.2671554387666,14.150870764155759,136.65946498891788,64.45160261294033,126.8436536905679,71.57063386168416,0.8763634905219078,0.917003458738327,0.8801277115941047,0.8671400710940361,0.901291087269783,0.8747792840003967
18.7000000001259,291.19982012395565,14.161668369703392,136.64543454127062,64.40150715912732,126.9943136532801,71.54602090664541,0.876273413002491,0.9170321002602577,0.8801717042922973,0.8670558989048004,0.9010842442512512,0.8748026505112648
18.720000000126564,291.13469728652746,14.18470077250531,136.6317528490282,64.37144918733777,127.14018006278778,71.52081193111725,0.8750009819865227,0.9114896774291992,0.8782388776540756,0.8660766780376434,0.8942976295948029,0.879128436744213
18.740000000127228,291.0721963840799,14.2190169345322,136.6184265324881,64.36031864840406,127.28115294954003,71.49501665363962,0.8735508859157562,0.9071032911539078,0.8762677490711211,0.8652001097798347,0.8893627986311913,0.8818434134125709
18.760000000127892,291.0126743925203,14.263513846780741,136.60545376820758,64.36651206615218,127.41713569776206,71.46864501878305,0.8726236909627915,0.9026059329509735,0.8738884687423706,0.8646075695753097,0.8850419700145721,0.8857410609722137
18.780000000128556,290.956408163628,14.316805758666337,136.59282525753923,64.38802489726136,127.5480351116707,71.44170719331476,0.8719392448663711,0.8990788102149964,0.872341924905777,0.8644504636526108,0.8822555750608444,0.8885740548372268
18.80000000012922,290.903637854147,14.37721616728147,136.58052706134507,64.42256382001689,127.67376147934621,71.41421356227924,0.8716553106904029,0.896415376663208,0.8710540041327476,0.86437049806118,0.8803659230470657,0.8909779846668243
18.820000000129884,290.85460332735306,14.44342568927038,136.56855311521105,64.46450984456595,127.79422863421638,71.38617472499466,0.8717134431004524,0.8939289465546608,0.8698982715606689,0.8644004538655281,0.8789206236600876,0.8934474945068359
18.840000000130548,290.8098786570918,14.51403169942574,136.5569448050123,64.49686558179138,127.9093540141107,71.3576014909665,0.8720277309417724,0.8918438777327538,0.8690917670726775,0.8646290987730026,0.8773293763399124,0.896721912920475
18.860000000131212,290.77037426381895,14.586733813020027,136.54577377702634,64.49890219829082,128.01905871784444,71.32850487572043,0.8725343063473702,0.8904127269983292,0.8686634361743927,0.8650404915213584,0.876429432630539,0.8992857962846755
18.880000000131876,290.7369780275351,14.658814303771223,136.53510969338745,64.44991294636684,128.12326755929354,71.29889609655548,0.8731978580355644,0.889152455329895,0.8684963390231132,0.8656001791357993,0.8759724512696266,0.9012702375650405
18.90000000013254,290.71042357358425,14.7265046107256,136.52499623977633,64.33430617769896,128.22190911892338,71.26878656821965,0.8739087820053101,0.8880433037877082,0.8684527039527893,0.8660967007279395,0.875466014444828,0.9029174312949181
18.920000000133204,290.6913351870799,14.785806511767941,136.51544735898383,64.14310727159541,128.3149157927363,71.2381878985093,0.8745627894997596,0.8881499394774437,0.868963311612606,0.8666616946458816,0.8759408190846443,0.9024972140789032
18.940000000133868,290.68003887226416,14.832874346667891,136.50644700835258,63.871975543609295,128.40222383860376,71.20711188379404,0.875430466234684,0.8884923994541168,0.8697562396526336,0.8674333438277244,0.8767399787902832,0.9015745788812637
18.96000000013453,290.67514278625583,14.865391179562076,136.49794660053064,63.51855688935913,128.4837734199523,71.17557050446914,0.8763450413942336,0.8893579930067063,0.8706201210618019,0.8680102199316024,0.8777385249733924,0.9003852963447571
18.980000000135195,290.6756664841713,14.882169321719127,136.48986346507286,63.083858808194044,128.5595086467724,71.1435759203367,0.8769784227013587,0.8904043853282928,0.8715633466839791,0.8685596212744713,0.8789313167333602,0.8985982209444046
19.00000000013586,290.68028073555814,14.882308019404897,136.48208334328314,62.57287482105559,128.6293776139226,60.52280951170863,0.8773949474096298,0.8925319582223892,0.8729616314172745,0.8690347120165824,0.8809625804424286,0.8952945709228516
19.020000000136523,290.68739370198136,14.865165044944774,136.47447030784994,61.99418518204263,128.69333243670283,61.063891968773156,0.8779866516590118,0.895033860206604,0.8744368866086006,0.869341529905796,0.8832087785005569,0.8922898083925247
19.040000000137187,290.69524208522097,14.83062533131688,136.4668687977947,61.359085056491274,128.75132928367222,61.127754954398114,0.8782882705330849,0.8986563622951508,0.875905704498291,0.8692567363381386,0.8861181885004044,0.8885223686695098
19.06000000013785,290.701886696162,14.779569278347461,136.4591015047831,60.679630876140855,128.80332840668882,61.191559986874225,0.8786045476794243,0.9026249498128891,0.8775644093751908,0.8692706122994422,0.8890159666538239,0.8854300767183304
19.080000000138515,290.70531239634664,14.713258460762061,136.45098566338538,59.96826235849653,128.84929416815115,61.25527812248997,0.8785344928503036,0.9071325451135636,0.8791922956705093,0.8691165328025817,0.8923725545406341,0.881724502146244
19.10000000013918,290.7036561853914,14.633594706903324,136.44234334571237,59.23780104324421,128.8891950654223,61.31888045695264,0.8782290875911712,0.9114253535866738,0.8809104919433594,0.8690073981881141,0.8953940898180007,0.8787783369421959
19.120000000139843,290.69654263799436,14.542910854208262,136.43301290996254,58.50175380291321,128.92300375242044,61.3823381385001,0.8780678331851959,0.9161160588264465,0.8825573280453681,0.868394285440445,0.8988046795129776,0.875877371430397
19.140000000140507,290.68230867362325,14.443903151804754,136.42287071836301,57.77382081547049,128.95069705836025,61.44562238098873,0.8777753561735153,0.9190933868288994,0.882959046959877,0.8684247598052025,0.9015598982572556,0.8738086059689522
19.16000000014117,290.6598625028505,14.339837689217552,136.41185660068757,57.06770550266049,128.97225600363313,61.50870447695164,0.8772781282663346,0.9216409489512444,0.8827874749898911,0.8683814868330956,0.9035982251167297,0.8723194792866706
19.180000000141835,290.62861065833744,14.235054952977958,136.3999643280207,56.39654334555868,128.9876658128149,61.571555810621135,0.8768491134047508,0.92369666993618,0.8823368772864342,0.8685325175523758,0.9058219641447067,0.8707702979445457
19.2000000001425,290.5884598338914,14.134377438695035,136.38723896711372,55.77283982844988,128.9969159247921,61.63414787090961,0.8764667868614197,0.9262331545352935,0.8820684552192688,0.8682648599147796,0.9077505886554718,0.8695625483989715
19.220000000143163,290.5398116483388,14.043462542331095,136.37377161288444,55.20796904964936,129.0,61.69645226434298,0.876118877530098,0.9283763647079467,0.8821135699748993,0.8682645514607429,0.909549568593502,0.8685301303863525
19.240000000143826,290.48349660063303,13.96815159172446,136.3597063303758,54.71205172998045,128.99691592476753,61.758440727940744,0.8756033658981323,0.9287407875061034,0.8817666977643966,0.8678426176309585,0.909580360352993,0.8686018392443656
19.26000000014449,290.4206644027556,13.913584596189965,136.34518715539036,54.2932648850413,128.98766581276578,61.820085142036824,0.8751892864704132,0.9289032220840454,0.88147192299366,0.8674711361527443,0.9094320386648178,0.8687631517648696
19.280000000145154,290.35293625884293,13.883645926227285,136.33034312828505,53.9573718012774,128.9722560035595,61.88135754303541,0.874820151925087,0.9288690954446792,0.8812072068452835,0.8671699956059455,0.9092037558555602,0.8689362928271294
19.30000000014582,290.28212146407054,13.881163792627408,136.3152819765193,53.70805729107177,128.95069705826214,61.94223013609605,0.8745065882802009,0.9287270992994309,0.8810214415192604,0.8668920516967773,0.9089228391647338,0.8690791204571724
19.320000000146482,290.2101178380648,13.90797627110538,136.3001103456149,53.54704103583394,128.92300375229794,62.00267530774213,0.8742627173662185,0.9286506563425064,0.8810032069683075,0.8665462836623191,0.9086369872093201,0.8691117718815803
19.340000000147146,290.13884085999246,13.964794381207128,136.28492550522984,53.47388901482247,128.8891950652755,62.06266563838709,0.8740706399083137,0.9283462703227997,0.8809977754950523,0.8663074240088463,0.9082849472761154,0.8691718846559524
19.36000000014781,290.0701961563848,14.05062820182744,136.26983454350875,53.48488468791457,128.84929416798008,62.122173914772716,0.8739305436611176,0.9278297036886215,0.8810055986046791,0.866173081099987,0.9078788697719574,0.8692589133977889
19.380000000148474,290.005936220205,14.163227646889624,136.25494800444073,53.57370450798785,128.80332840649368,62.18117314231383,0.8739664226770401,0.9268890708684921,0.8810817152261734,0.8660552605986594,0.9069980859756469,0.8696610525250434
19.400000000149138,289.94757402033895,14.299403280955032,136.24036788059297,53.73154878015199,128.7513292834531,62.239636557343765,0.8740971401333809,0.9257064044475555,0.8811883687973022,0.8660006508231163,0.9059420600533485,0.87020163834095
19.420000000149802,289.89638324861716,14.455944818737105,136.22618295526416,53.945825751074835,128.6933324364599,62.29753763925508,0.8742903038859368,0.9243641957640648,0.8813092023134231,0.8660231903195381,0.9048306733369827,0.8708122879266739
19.440000000150466,289.8533911284851,14.629517911069815,136.2124689149834,54.20286191131816,128.629377613656,62.35485012253005,0.8744159519672393,0.9224683120846748,0.8810882464051246,0.8661543011665344,0.9033043175935745,0.8716907560825348
19.46000000015113,289.8193140800845,14.81638054121802,136.19928137645542,54.48991921433333,128.55950864648236,62.411548008655444,0.8745322972536087,0.9203796446323395,0.8807434886693954,0.8663664281368255,0.9016939729452133,0.8726803123950958
19.480000000151794,289.79624011791395,15.011965094633947,136.18665117454805,54.79592250601088,128.483773419639,62.46760557791611,0.8746902838349342,0.9183939829468727,0.8804545298218727,0.866634926199913,0.9002584636211395,0.8736351072788239
19.500000000152458,289.7827312396527,15.211376151959744,136.17458585319505,55.11103454558337,128.4022238382674,62.522997401062206,0.8748808324337005,0.916556490957737,0.8802163273096084,0.866951784491539,0.8990238159894943,0.8745252341032028
19.52000000015312,289.7783845445654,15.40976196671029,136.16307055067938,55.42647225036396,128.3149157923771,62.577698350844564,0.8750942379236221,0.9148957699537277,0.8800175353884697,0.867307910323143,0.8980012685060501,0.8753264725208282
19.540000000153785,289.78283531096673,15.60207136365854,136.1520681285205,55.734351207608164,128.22190911854162,62.631683613413095,0.8753206565976143,0.9134250700473785,0.8798447921872139,0.8676929458975792,0.8971875309944153,0.8760234490036964
19.56000000015445,289.7957266066323,15.783715390465074,136.14151881201764,56.02715441061574,128.12326755888947,62.68492869957308,0.8755508750677109,0.9121474355459213,0.8796845078468323,0.8680960863828658,0.8965716600418091,0.8766075670719147
19.580000000155113,289.8162816299297,15.950383260395293,136.13134179767653,56.297797258273064,128.01905871741835,62.73740945589406,0.8757763236761092,0.9110638588666916,0.8795272409915924,0.8685056820511817,0.8961407274007797,0.8770740300416946
19.600000000155777,289.84316227095644,16.098141429078375,136.12143852455472,56.54013449035352,127.90935401366285,62.789102075666584,0.8759895280003548,0.9101753324270249,0.8793671041727066,0.8689102485775947,0.8958836823701858,0.8774194851517677
19.62000000015644,289.8753236840292,16.223819623566985,136.11169625057596,56.74937897853458,127.79422863374708,62.839983109701514,0.8761842474341393,0.9094823569059372,0.8792021617293357,0.8692983642220496,0.8957896262407302,0.8776434049010277
19.640000000157105,289.91192514259893,16.32511862466953,136.101991609673,56.92233238900505,127.6737614788558,62.89002947696726,0.8763557210564613,0.9089839532971382,0.8790331825613975,0.8696594834327698,0.8958477854728698,0.8777479350566864
19.66000000015777,289.9515927318248,16.400432223331876,136.09219415843452,57.057444006633936,127.54803511115949,62.93921847505993,0.8765005648136138,0.9086746051907539,0.8788606718182563,0.8699843928217887,0.8960454821586609,0.8777390614151954
19.680000000158433,289.9928400936991,16.449103146202877,136.08216994869812,57.1547327201131,127.41713569723044,62.98752779050183,0.8766164764761925,0.9085427433252334,0.8786837264895438,0.8702648177742958,0.8963656395673751,0.8776277676224709
19.700000000159097,290.0344743276929,16.471141614500013,136.07178521064878,57.215617573787966,127.28115294898834,63.0349355088634,0.8767025128006934,0.9085710048675537,0.8784996956586838,0.87049460709095,0.8967884987592697,0.8774285063147544
19.72000000015976,290.0759262785804,16.46738386599216,136.06091019924514,57.24269980743439,127.14018006221639,63.081420124704216,0.8767587676644325,0.9087369263172149,0.8783054992556572,0.8706692770123482,0.897290313243866,0.8771594539284706
19.740000000160425,290.1150119578476,16.439387142294517,136.04942323841075,57.23952444443766,126.99431365268941,63.126960551328494,0.8767866492271423,0.9090149283409118,0.8780984237790107,0.8707864984869956,0.897845584154129,0.8768403112888336
19.76000000016109,290.15118109930773,16.38919874123041,136.03721491051294,57.21033877383204,126.84365368995833,63.17153613035052,0.8767887055873871,0.9093768879771232,0.8778758943080902,0.8708465531468391,0.898428338766098,0.8764909088611602
19.780000000161753,290.18399649175797,16.31940327656988,136.02419226482328,57.15986274849632,126.68830342883598,63.215126641065915,0.8767685398459434,0.9097959026694298,0.8776378527283668,0.8708515956997871,0.89901402592659,0.8761297762393951
19.800000000162417,290.21267665369936,16.23291676767575,136.01028287902338,57.09286520430213,126.5283693386314,63.25771230962429,0.8767304927110672,0.9102470144629479,0.8773862525820731,0.8708055287599563,0.8995806023478508,0.8757732257246971
19.82000000016308,290.23659724910635,16.133240698495346,135.99543848932024,57.01351914012943,126.36396103018116,63.29927381799918,0.876679427921772,0.9107086583971977,0.8771240755915641,0.8707140028476715,0.9001107856631279,0.8754338949918746
19.840000000163744,290.2553477468785,16.02386770691108,135.97963790030693,56.92591988501173,126.19519118072748,63.339792312751264,0.8766202762722969,0.9111666589975357,0.8768564000725746,0.8705835983157157,0.9005951792001724,0.8751190796494484
19.86000000016441,290.26857977106494,15.908229454450275,135.9628888551088,56.83413693295503,126.02217545669495,63.37924941358079,0.87655780762434,0.9116098403930664,0.8765885278582572,0.8704213336110115,0.9010279089212417,0.8748337373137474
19.880000000165072,290.2768094847224,15.789504310960032,135.94522856754404,56.742092931450394,125.84503243441851,63.41762722166536,0.8764965280890464,0.9120280861854553,0.8763245984911918,0.8702349424362182,0.9014056622982025,0.8745811223983765
19.900000000165736,290.27994411366996,15.670546276049098,135.9267227732791,56.653449374535846,125.66388351887714,63.45490832777937,0.8764403939247131,0.9124121785163879,0.8760679244995117,0.8700317785143852,0.9017260253429412,0.8743639215826988
19.9200000001664,290.27813612421903,15.554029847961104,135.9074632841439,56.57150421293949,125.47885286048897,63.49107582019128,0.8763927087187767,0.9127529129385948,0.8758203119039535,0.8698186948895454,0.9019867181777954,0.8741845399141311
19.940000000167064,290.271618928603,15.442341386359816,135.88756415138107,56.499107692630446,125.29006727002478,63.52611329233524,0.8763562798500061,0.9130421042442322,0.8755823642015457,0.8696025177836418,0.9021874547004699,0.8740442246198654
19.960000000167728,290.26063489474916,15.337252766253792,135.86715671407342,56.438602751661044,125.09765613169823,63.56000485025357,0.8763332039117813,0.9132722869515418,0.875353817641735,0.8693890273571014,0.9023278683423995,0.8739441469311714
19.980000000168392,290.24590989245036,15.240344544892158,135.84638390074292,56.391791242591566,124.90175131449237,63.5927351198067,0.876325112581253,0.9134373188018798,0.8751336082816124,0.8691835656762122,0.9024090945720672,0.8738846376538276
20.000000000169056,290.22808716539424,15.152418711340575,135.825394158208,56.35992427103108,124.70248708178329,63.62428925364728,0.876333074271679,0.9135334178805351,0.8749208822846413,0.8689904555678367,0.902433368563652,0.8738652855157852
20.02000000016972,290.20751443291175,15.074321271446893,135.8043354399224,56.34371284045261,124.49999999932263,63.65465293795535,0.8763576164841652,0.9135586977005005,0.8747147902846336,0.8688129246234894,0.9024034976959229,0.8738852724432945
20.040000000170384,290.1846235844935,15.006289730314746,135.78334962352787,56.3433546141758,124.29442884164222,63.683812398931494,0.8763990208506584,0.9135141015052796,0.8745146125555038,0.8686539813876152,0.9023252218961716,0.8739421263337135
20.060000000171048,290.15984261110617,14.948491617766999,135.76256761467351,56.358573760295464,124.08591449694507,63.71175440904502,0.876456107199192,0.9134151726961136,0.8743393436074257,0.8685225218534469,0.9022175937891006,0.8740350380539894
20.08000000017171,290.13357164367756,14.900646495952508,135.74210536138492,56.388670099879576,123.8745998705475,63.73846629303429,0.8765285804867744,0.9132641196250916,0.8741858810186386,0.8684191271662712,0.9020854279398918,0.874160923063755
20.100000000172376,290.10622569511685,14.862073214897817,135.7220608809039,56.43257500687781,123.66062978693907,63.7639359336566,0.8766164988279342,0.9130559086799621,0.8740354537963867,0.8683377489447593,0.9019245088100433,0.8743136659264564
20.12000000017304,290.0781584782401,14.832093970900504,135.70251235059175,56.48891233532336,123.44415089052704,63.78815177718489,0.8767186999320984,0.9127994582056999,0.8738875031471253,0.8682779669761658,0.9017437949776649,0.8744879022240638
20.140000000173703,290.04963574764514,14.809842147465776,135.68351723435103,56.556064330259794,123.22531154513366,63.81110283864882,0.876833851635456,0.9125028729438781,0.8737411886453629,0.8682391017675399,0.9015511274337769,0.8746787726879119
20.160000000174367,290.0208571741616,14.794308149886351,135.66511218577497,56.63224212460051,123.00426173231502,63.83277870681787,0.8769604340195656,0.9121749058365821,0.8735958129167557,0.8682199016213417,0.9013539806008338,0.8748812973499298
20.18000000017503,289.9919617685703,14.784386962095581,135.64731331571767,56.715559838008176,122.78115294857112,63.853169548924136,0.8770968109369278,0.9118243008852005,0.8734507456421852,0.8682188376784324,0.901159355044365,0.8750905588269233
20.200000000175695,289.963029512735,14.778920884300932,135.63011733497484,56.80410152858635,122.55613810151785,63.872266115122756,0.8772738188505173,0.9113500192761421,0.8733259156346321,0.8682357177138328,0.900939767062664,0.8752943977713584
20.22000000017636,289.9340829924151,14.776827144103347,135.6135037717741,56.895712282561355,122.32937140509162,63.89005974268791,0.877500532567501,0.9108740657567977,0.8732705816626548,0.8683347716927529,0.9006690829992294,0.8756088241934776
20.240000000177023,289.90509304134474,14.777302437092104,135.59743761056913,56.98752742593291,122.10100827385892,63.90654235994244,0.8777438759803772,0.9104180276393891,0.8732370272278785,0.8684687077999115,0.9004049211740494,0.8759534925222396
20.260000000177687,289.8759867313113,14.779475535784728,135.58187205581973,57.077087943593085,121.87120521650294,63.9217064899194,0.8779866829514503,0.9099825397133827,0.8731982201337815,0.8686073422431946,0.9001781582832337,0.8762760370969772
20.28000000017835,289.84665078524256,14.782376918864472,135.5667513014553,57.16257188309687,121.64011972856028,63.935545253753816,0.8782264813780785,0.9095775216817855,0.8731540262699127,0.8687477737665176,0.8999946057796478,0.8765708476305007
20.300000000179015,289.8169333252342,14.78499959201324,135.55201317329582,57.24269219971459,121.40791018448138,63.94805237380311,0.878461004793644,0.9092102110385895,0.8731043785810471,0.8688873067498207,0.8998574644327163,0.8768341735005378
20.32000000017968,289.7866375798953,14.786342707205499,135.53759030385874,57.31651601313303,121.17473572908867,63.95922217649483,0.8786885008215904,0.9088830351829529,0.8730488523840904,0.8690238445997238,0.8997655272483825,0.8770656526088715
20.340000000180343,289.755516460767,14.785531561681877,135.5234077390031,57.38317363225713,120.94075616850654,63.96904959490033,0.8789076194167137,0.9085951313376427,0.8729869335889816,0.8691556975245476,0.899714520573616,0.87726741284132
20.360000000181007,289.72328137872773,14.781863369145146,135.50938396301447,57.441832991351056,120.70613186063828,63.97753017103328,0.8791172295808792,0.9083452612161637,0.8729183450341225,0.8692813321948051,0.8997000187635421,0.8774419263005256
20.38000000018167,289.6896180987452,14.774795132053013,135.49543470154933,57.49182895749261,120.4710236052648,63.9846600578719,0.8793164238333702,0.9081322938203812,0.872843225300312,0.8693993404507637,0.899717953801155,0.8775915801525116
20.400000000182335,289.6542007221372,14.763934818760262,135.48147665560217,57.53276635229937,120.23559253384039,63.990436021104095,0.879504545032978,0.907954928278923,0.8727620705962181,0.8695084974169731,0.8997643873095512,0.877718810737133
20.420000000183,289.616699158499,14.749069075132375,135.46743059634156,57.56456732343761,119.9999999990614,63.99485544059465,0.8796894162893295,0.9077416300773621,0.8726700752973556,0.8696171849966049,0.8997662246227264,0.8778797790408134
20.440000000183662,289.5767769200941,14.730061625096752,135.45322380346664,57.58746883643684,119.76440746428304,63.997916311573746,0.8798545151948929,0.9076333850622177,0.872579850256443,0.8697058498859406,0.8998611748218536,0.8779675230383873
20.460000000184326,289.5342081847208,14.706789618554623,135.4387918694258,57.60198328770503,119.52897639286056,63.99961724554642,0.880043651163578,0.9072473660111428,0.8724594324827194,0.8698249489068984,0.8996690839529037,0.8782774344086647
20.48000000018499,289.48875263594726,14.679397710259511,135.424079932421,57.608839793440104,119.29386813749029,63.999957470922396,0.8801867336034774,0.9072029083967209,0.8723655864596367,0.8698913872241973,0.8998010665178299,0.8783334165811538
20.500000000185654,289.44015339994394,14.648160207673895,135.40904341370305,57.60891952422436,119.05924382962654,63.99893683336612,0.8803230926394462,0.9071588218212128,0.872268857061863,0.8699510216712951,0.8999210864305496,0.8783972308039665
20.520000000186318,289.3880922665134,14.613479113210966,135.3936481281302,57.603161802165964,118.8252642690502,63.99655579586677,0.8804518610239028,0.9071270063519478,0.8721716403961182,0.870001970231533,0.9000396937131881,0.8784604728221893
20.540000000186982,289.33305925908496,14.57586726642458,135.37786973810043,57.59244937665316,118.59208981366451,63.992815438528204,0.8805745631456375,0.9071009531617165,0.8720745399594306,0.8700455382466316,0.9001511439681052,0.8785277515649795
20.560000000187646,289.274815942954,14.535877128554025,135.36169326117317,57.57756653841718,118.35988026959394,63.98771745807903,0.880692508816719,0.9070769026875496,0.8719787493348121,0.870082588493824,0.9002519100904465,0.8786018475890159
20.58000000018831,289.21320582057257,14.493888817351031,135.34511039394343,57.558886073694666,118.12879478166087,63.98126416710291,0.8808069586753845,0.9070519894361496,0.8718853324651717,0.8701141938567162,0.9003401637077332,0.8786843121051788
20.600000000188974,289.1481992932445,14.450444090891164,135.3281220840095,57.536979622918714,117.89899172431572,63.9734584929895,0.8809186860918998,0.9070270091295242,0.8717957556247711,0.8701407477259636,0.9004171654582024,0.8787741661071777
20.620000000189638,289.07980499865414,14.40609329410493,135.31073802667032,57.51260696375553,117.67062859309513,63.964303976606516,0.8810305878520012,0.9070257931947708,0.871720939874649,0.8701459065079689,0.9004894107580185,0.8788542881608009
20.6400000001903,289.008040598748,14.361443907936673,135.2929751813866,57.486567169278636,117.44386189668225,63.95380477069351,0.8811417698860168,0.9070239201188087,0.871652190387249,0.8701463669538497,0.9005507886409759,0.8789406284689903
20.660000000190966,288.9330024761376,14.316741561460484,135.27485625322467,57.45959407631516,117.21884704964354,63.941965637978036,0.8812528043985367,0.9070180505514145,0.8715890288352967,0.8701444312930107,0.9006009548902512,0.8790344834327698
20.68000000019163,288.8548483076937,14.272442694937673,135.2564081766238,57.432291371904725,116.99573826591545,63.928791949015185,0.8813643038272857,0.9070058599114418,0.8715314462780952,0.8701408460736274,0.9006384834647179,0.8791369661688805
20.700000000192293,288.77370498862393,14.229036437194457,135.23766066708163,57.40510459996198,116.7746884531138,63.91428967975134,0.881476791203022,0.9069855511188507,0.8714792102575302,0.8701364606618881,0.9006631150841713,0.8792482554912567
20.720000000192957,288.689676603913,14.186984780758683,135.21864532800492,57.3783320248671,116.55584910773864,63.89846540881332,0.8815450713038444,0.9069886624813079,0.8714345425367355,0.870104207098484,0.9006229221820831,0.8794127106666565
20.74000000019362,288.60290206715683,14.146492101667182,135.1993959223481,57.35216783399136,116.33937021134601,63.88132631452414,0.8815918356180191,0.9070020020008087,0.8713963881134986,0.870058023929596,0.9005487009882926,0.8796045199036598
20.760000000194285,288.5135749560556,14.107766332321036,135.17994732713805,57.32671193019621,116.12540012775816,63.862880171646715,0.8816428512334823,0.9070058912038803,0.8713632047176361,0.8700140491127968,0.9004693165421486,0.8797990918159485
20.78000000019495,288.4218458821369,14.071048110541527,135.16033412997473,57.301973092324644,115.91408550138233,63.843135347857036,0.8816984713077545,0.9069995880126953,0.8713347598910332,0.8699729174375533,0.9003856003284454,0.8799956753849983
20.800000000195613,288.3278411238136,14.036535365845232,135.14058943377833,57.27787473629598,115.70557115670806,63.82210079994834,0.881758539378643,0.9069849967956543,0.8713111340999603,0.8699345529079437,0.9003001093864441,0.88019198179245
20.820000000196277,288.2316686863847,14.004320121452325,135.12074454548974,57.25423571866954,115.49999999905167,63.799786069768075,0.8818226933479308,0.9069638296961784,0.8712921753525734,0.8698989018797875,0.9002151817083358,0.8803859278559685
20.84000000019694,288.13346906010764,13.97447143822641,135.10083082565797,57.23068536990295,115.29751291661611,63.77620127988946,0.8818902358412742,0.9069380760192871,0.8712774768471717,0.8698657408356666,0.9001330122351646,0.880575604736805
20.860000000197605,288.03341850898846,13.947013540328042,135.08088005435127,57.20668388446841,115.09824868393326,63.75135712901961,0.8819602012634277,0.906910614669323,0.8712666988372803,0.8698345959186554,0.9000563591718673,0.8807585179805756
20.88000000019827,287.9316811061181,13.92200157702268,135.06092298854946,57.181620135103486,114.90234386675472,63.72526488714628,0.882031387090683,0.9068855807185173,0.8712596893310547,0.869804635643959,0.8999887093901634,0.8809315249323845
20.900000000198933,287.82841144532625,13.899435636994172,135.040987921159,57.15488954170209,114.70993272845652,63.69793639042554,0.8821024432778358,0.9068670019507408,0.8712562069296836,0.8697750017046928,0.8999333888292312,0.8810916259884835
20.920000000199597,287.7237548367416,13.879258541388397,135.0210996798422,57.12594219480831,114.52114713802173,63.669384035812506,0.8821719571948051,0.9068583071231842,0.8712559074163436,0.869744898378849,0.899892994761467,0.8812363982200623
20.94000000020026,287.61784381698817,13.86136566416197,135.0012790217069,57.094308875848206,114.33611647966399,63.63962077543781,0.8822386011481285,0.906862223148346,0.8712583392858505,0.8697136685252189,0.8998696148395539,0.8813639149069786
20.960000000200925,287.510789994866,13.84562333461634,134.98154237653117,57.05961245563092,114.15496756415403,63.608660110732124,0.8823011144995689,0.9068802922964095,0.8712629258632659,0.8696808382868767,0.8998640939593315,0.8814733847975731
20.98000000020159,287.4027013667587,13.831763462113505,134.96190190016083,57.02157268315838,113.97782454191001,63.576516086301524,0.882358406484127,0.9069127425551414,0.8712689071893692,0.8696461975574493,0.899876195192337,0.8815649911761284
21.000000000202252,287.29368358239645,13.819585050565715,134.94236579827688,56.9800097115689,113.80480881791084,63.5432032835565,0.8824095249176025,0.9069585144519806,0.8712754115462303,0.8696097373962403,0.8999044969677925,0.8816400527954101
21.020000000202916,287.18381253022034,13.808879992307668,134.9229388504595,56.934847246580425,113.63603896849145,63.50873681409743,0.8824537768959999,0.9070157527923584,0.8712815716862679,0.8695716857910156,0.8999468982219696,0.8817005097866059
21.04000000020358,287.0731464267138,13.799445479448945,134.90362305657376,56.886114130253134,113.47163066007641,63.47313231285952,0.8824907287955284,0.9070820212364197,0.8712866455316544,0.8695323690772057,0.9000009715557098,0.8817485436797142
21.060000000204244,286.961731474097,13.791093865429936,134.8844183314704,56.83394310151699,113.31169656990792,63.43640593102039,0.8825202465057372,0.9071543112397193,0.8712900474667549,0.8694922655820846,0.9000638157129287,0.881786747276783
21.080000000204908,286.8496059271911,13.78366046508094,134.86532318237158,56.77856447670141,113.15634630882252,63.39857432867344,0.882542459666729,0.9072294488549232,0.8712913215160369,0.8694519206881522,0.9001324445009231,0.8818177804350853
21.100000000205572,286.7368037952521,13.777009198792124,134.84633531344616,56.72029310791963,113.00568634612922,63.35965466727039,0.8825577840209007,0.9073040902614593,0.8712901726365089,0.8694119602441788,0.9002038270235061,0.8818442672491074
21.120000000206236,286.6233583421451,13.771036040030724,134.82745212136854,56.65950962730074,112.85981993664085,63.31966460183638,0.882566787302494,0.9073749721050263,0.8712865158915519,0.8693730056285858,0.90027507096529,0.8818686485290527
21.1400000002069,286.50930514006234,13.765670407038817,134.8086710604967,56.59663868690042,112.71884704990826,63.278622272961144,0.8825702115893364,0.9074390187859535,0.8712803244590759,0.8693356648087501,0.9003434002399444,0.8818932801485061
21.160000000207564,286.3946843604945,13.760874598096338,134.78998987684875,56.53212662190547,112.58286430170631,63.23654629856995,0.8825689688324928,0.9074934139847756,0.8712717860937118,0.869300527870655,0.9004064053297043,0.8819201469421386
21.180000000208228,286.27954231337134,13.756640799556322,134.77140671633188,56.46641986709199,112.45196488781811,63.19345576547801,0.8825639709830284,0.9075359091162681,0.871261204779148,0.8692680865526199,0.9004621416330337,0.881950768828392
21.20000000020889,286.16393248039515,13.752985392178667,134.75292012273601,56.39994544720702,112.32623852016336,63.149370220732166,0.8825562104582786,0.9075646936893463,0.8712490230798721,0.8692387655377388,0.9005090892314911,0.8819862857460975
21.220000000209556,286.0479160396743,13.749941398410193,134.7345289446837,56.33309443832768,112.20577136531432,63.10430966274384,0.8825466081500053,0.9075786903500557,0.8712357506155968,0.8692128598690033,0.9005463898181915,0.8820272654294967
21.24000000021022,285.93156173718893,13.747550167818822,134.71623217704985,56.266208838426586,112.09064598544143,63.05829453221713,0.88253605812788,0.9075772374868393,0.8712219461798668,0.8691906064748763,0.900573605298996,0.8820738643407822
21.260000000210884,285.8149450268868,13.745853112114899,134.69802876155956,56.199571758966606,111.98094128172943,63.01134570287647,0.8825252935290336,0.9075604468584061,0.8712082445621491,0.8691720813512802,0.9005908608436585,0.8821257606148719
21.280000000211547,285.69814647013766,13.744883949867761,134.67991736934155,56.133401152799514,111.87673244030238,62.96348447199761,0.8825149223208427,0.9075289845466613,0.8711952179670334,0.8691572263836861,0.9005987510085106,0.8821822389960289
21.30000000021221,285.58124954572617,13.74466189201685,134.66189618924744,56.067847143688745,111.77809088069485,62.91473255074667,0.8825071975588799,0.9074870973825454,0.8711782217025756,0.8691428810358047,0.9006039321422576,0.8822394952178001
21.320000000212875,285.46433820977023,13.745186134705229,134.64396273993998,56.00299267407311,111.68508420690453,62.86511205433134,0.8825045779347419,0.907439711689949,0.8711516141891479,0.8691252008080482,0.9006140395998955,0.8822933316230773
21.34000000021354,285.3474944022163,13.746431899723284,134.6261137210671,55.93885732689336,111.59777616105988,62.8146454919688,0.8825034514069557,0.9073810249567031,0.8711268037557601,0.869110681116581,0.9006178081035614,0.8823486566543579
21.360000000214203,285.23079560136784,13.748322578228501,134.60834491096296,55.875403765811704,111.51622657973437,62.763355756674926,0.8825035452842712,0.9073138266801833,0.8711044654250145,0.8690988838672637,0.9006172895431518,0.8824034184217453
21.380000000214867,285.11432955931514,13.75075130418123,134.5906511205804,55.81254634161622,111.44049135293756,62.711266114879415,0.8825046271085739,0.9072399407625198,0.871084938943386,0.8690895363688469,0.9006137400865555,0.8824563384056091
21.40000000021553,284.99816155352283,13.753644058533041,134.57302627071908,55.75016335916499,111.37062238581083,62.65840019587147,0.8825063303112983,0.9071612805128098,0.8710685327649116,0.8690822765231132,0.9006083533167839,0.8825062096118926
21.420000000216195,284.88233733734404,13.756880717594125,134.55546382028007,55.68811874670019,111.30666756305423,62.60478198108091,0.8825081810355186,0.9070796698331832,0.8710554212331771,0.8690767735242844,0.9006022155284882,0.8825519189238548
21.44000000021686,284.7668916380541,13.760319282956377,134.53795733792202,55.62628329245976,111.24867071610868,62.55043579319954,0.8825096875429154,0.9069966733455658,0.8710456624627113,0.8690727055072784,0.9005962163209915,0.8825926035642624
21.460000000217523,284.6518473232979,13.763804670430547,134.52050050640352,55.564535002910475,111.19667159311604,62.495386285147724,0.8825103804469109,0.9069135069847106,0.8710392564535141,0.8690697818994522,0.9005908831954003,0.8826277002692222
21.480000000218187,284.5372152548752,13.767175859560515,134.503087042583,55.50275926505815,111.15070583167781,62.43965842889111,0.8825097858905792,0.9068310648202896,0.8710360690951348,0.8690677568316459,0.9005864530801773,0.8826569989323616
21.50000000021885,284.422994820976,13.770272010243067,134.4857106719886,55.440851443649116,111.11080493443086,62.383277504112705,0.8825074657797813,0.9067499592900276,0.8710358992218971,0.8690663799643517,0.9005828276276588,0.8826805710792541
21.520000000219515,284.3091750226734,13.772937810389305,134.4683651493194,55.37872070704712,111.07699624745705,62.32626908674528,0.8825030535459518,0.9066707849502563,0.871038630604744,0.869065436720848,0.9005800515413284,0.8826983943581581
21.54000000022018,284.1957359629925,13.775028114591953,134.45104431209757,55.31629415277884,111.04930294154164,62.26865903736946,0.8824962362647056,0.9065938234329224,0.8710441067814827,0.8690647214651107,0.9005777627229691,0.882710799574852
21.560000000220843,284.08265058640745,13.776411902286467,134.4337421554183,55.25352014219712,111.02774399629322,62.21047348948263,0.8824867993593216,0.9065194010734557,0.8710522070527077,0.8690640553832054,0.9005757421255112,0.8827179834246636
21.580000000221506,283.96988653285143,13.776975534036831,134.41645291611366,55.19036999253667,111.01233418713596,62.15173883764406,0.8824745774269104,0.9064475983381272,0.8710628330707549,0.869063264131546,0.900573605298996,0.8827203124761581
21.60000000022217,283.8574079780864,13.776625268166068,134.39917115658739,55.12683761526479,111.00308407518334,62.09248172550165,0.8824594855308533,0.9063786208629608,0.8710760116577149,0.8690621867775917,0.9005710303783416,0.8827180683612823
21.620000000222834,283.74517736432233,13.775288921806682,134.38189184364296,55.06293740615465,111.0,62.03272903370559,0.8824415057897568,0.9063124775886535,0.8710917070508003,0.8690606847405433,0.9005676060914993,0.8827116221189498
21.6400000002235,283.6331569914251,13.772916551759169,134.36461041727233,54.998701327321385,111.00308407525705,61.9725078677146,0.8824207007884979,0.9062491863965988,0.8711099818348884,0.8690586507320404,0.9005630016326904,0.8827012956142425
21.660000000224162,283.5213113457618,13.76947619866283,134.34732284696898,54.934175226410474,111.01233418728334,61.91184554550012,0.8823971197009086,0.9061888188123702,0.871130920946598,0.8690559417009354,0.9005569174885749,0.8826873302459717
21.680000000224826,283.40960869427835,13.764958062688493,134.33002567379117,54.86941513175852,111.02774399651415,61.850769585154154,0.8823709145188331,0.9061313569545746,0.871154573559761,0.8690524816513061,0.9005490720272064,0.8826699987053871
21.70000000022549,283.29801654479456,13.759381517594717,134.31271603864133,54.8044836044992,111.04930294183598,61.7893076924063,0.8823422640562057,0.906076756119728,0.8711811184883117,0.8690482303500175,0.9005392909049987,0.8826494440436363
21.720000000226154,283.1865063135866,13.75277994215816,134.29539169723802,54.73944639590985,111.07699624782458,61.72748774805566,0.8823112979531288,0.9060251638293266,0.8712106674909591,0.869043093919754,0.9005274623632431,0.8826257422566414
21.740000000226818,283.07505354404196,13.745201459035798,134.2780510216349,54.67436940573556,111.11080493487135,61.665337795323374,0.8822782084345817,0.905976678431034,0.8712434127926826,0.8690370410680771,0.9005136623978615,0.8825988084077835
21.760000000227482,282.96364288954754,13.736692681777557,134.2606929892756,54.60931619339823,111.15070583219095,61.60288602713142,0.8822432100772858,0.9059313803911209,0.8712794929742813,0.8690300360321999,0.9004979223012924,0.8825686514377594
21.780000000228146,282.85226287622277,13.72731819481068,134.24331716381275,54.54434610485051,111.19667159370148,61.54016077331353,0.8822064325213432,0.9058894574642181,0.8713191047310829,0.8690220475196838,0.900480380654335,0.882535097002983
21.80000000022881,282.74090582059745,13.717148797665526,134.2259236650565,54.47951287433509,111.24867071676601,61.477190487764034,0.8821680277585983,0.9058510705828666,0.8713623955845833,0.8690130800008774,0.9004612162709236,0.8824980020523071
21.820000000229474,282.62956800285957,13.706259084057626,134.20851312895456,54.41486382329451,111.30666756378302,61.41400373553036,0.8821281209588051,0.9058164343237877,0.871409486234188,0.869003102183342,0.9004407197237014,0.8824571162462235
21.840000000230138,282.51824937831117,13.694725269829561,134.1910866638458,54.35043968662531,111.37062238661056,61.35062917985514,0.8820868104696273,0.9057857230305671,0.8714605018496513,0.8689921408891678,0.9004191547632218,0.8824122160673141
21.8600000002308,282.40695310362753,13.682623316836846,134.17364580185398,54.28627507660708,111.44049135380769,61.287095569173836,0.8820441722869873,0.9057590842247009,0.8715155228972434,0.8689802095293998,0.9003967851400375,0.8823630690574645
21.880000000231465,282.29568498519444,13.67002745636046,134.15619244769405,54.22239921226698,111.5162265806743,61.22343172407357,0.8819754853844642,0.9057539165019989,0.8715758189558983,0.868953213095665,0.9003458678722381,0.8823352590203285
21.90000000023213,282.1844529209057,13.65700908478693,134.13872882660527,54.158837007195636,111.59777616206898,61.1596665242194,0.8818765342235565,0.9057751774787902,0.8716420337557792,0.8689085811376571,0.9002636760473252,0.8823312401771545
21.920000000232793,282.0732663616357,13.643636037693673,134.12125743165174,54.095610357859876,111.6850842079821,61.09582889525368,0.8817753121256828,0.9058036088943481,0.8717128217220306,0.8688623130321502,0.90018230676651,0.8823215439915657
21.940000000233457,281.9621358131826,13.629972199474432,134.10378097366024,54.03273964444269,111.77809088184014,61.031947795674576,0.8816721409559249,0.9058369264006615,0.871787641942501,0.8688148692250252,0.9001000747084618,0.8823078826069831
21.96000000023412,281.85107239098767,13.616077441398755,134.08630233164135,53.970245232222005,111.87673244151462,60.96805220369972,0.8815670073032379,0.9058753356337547,0.8718665346503257,0.8687662452459335,0.900017212331295,0.8822900995612144
21.980000000234785,281.74008908976737,13.602013858145547,134.0688248016307,53.90813258044766,111.98094128300778,60.9041711041209,0.8814599379897118,0.9059186846017837,0.8719493478536605,0.8687165752053261,0.8999339029192924,0.8822680786252022
22.00000000023545,281.62920825854,13.587870418743329,134.0513534250309,53.84632749058169,112.09064598678502,60.840333475155745,0.8813509419560432,0.9059668615460396,0.8720359921455383,0.8686659663915633,0.8998503029346466,0.8822417929768562
22.020000000236113,281.5184679586954,13.573774637414118,134.03389604635896,53.78464897082303,112.20577136672222,60.77656827530243,0.8812399387359618,0.9060205012559891,0.872126530110836,0.8686143830418587,0.8997671633958816,0.8822105720639228
22.040000000236777,281.40791937811565,13.55987716815384,134.01646278248816,53.72286898585881,112.32623852163462,60.7129044302033,0.8811267629265785,0.9060809269547462,0.8722211718559265,0.8685616865754128,0.8996858566999435,0.8821732312440872
22.06000000023744,281.2976191866739,13.546318929533632,133.99906518688104,53.6607627916902,112.4519648893517,60.649370819523405,0.8810111954808235,0.9061499267816543,0.8723201632499694,0.8685077115893364,0.8996082425117492,0.8821280986070633
22.080000000238105,281.18764486593847,13.533163652348756,133.98171553432783,53.59813578802357,112.5828643033012,60.58599626384989,0.8808929949998855,0.9062292128801346,0.8724237859249114,0.8684522569179535,0.8995360285043716,0.8820736810564994
22.10000000023877,281.07808540589076,13.520515991732546,133.9644262270831,53.53483416670102,112.71884705156336,60.52280951161819,0.8807719156146049,0.9063198581337929,0.8725320577621459,0.8683952152729034,0.8994703412055969,0.8820090666413307
22.120000000239433,280.9690208414157,13.508461914078817,133.94720932209214,53.47074560072911,112.859819938355,60.459839226070955,0.8806477069854736,0.9064226895570755,0.8726449564099311,0.8683364883065223,0.8994120478630065,0.8819336339831352
22.140000000240097,280.8605270076859,13.497072383869625,133.93007618472706,53.40579647542381,113.00568634790127,60.39711397225561,0.8805201902985572,0.9065377831459045,0.872762231528759,0.8682761341333389,0.8993615239858627,0.8818472355604171
22.16000000024076,280.7526744128126,13.486411761513358,133.91303726494004,53.33994992514846,113.15634631065123,60.33466220406647,0.8803892135620117,0.9066645666956902,0.8728833958506584,0.8682142868638039,0.8993185192346572,0.8817503809928894
22.180000000241424,280.6455302822156,13.476522696502798,133.89610198097228,53.27320631481702,113.31169657179207,60.272512251337275,0.8802546828985214,0.9068021640181542,0.8730079621076584,0.8681511476635932,0.8992825776338577,0.8816437453031539
22.20000000024209,280.5391746109763,13.46740134526595,133.87927869127856,53.20560493876768,113.47163066201469,60.21069230699001,0.8801165491342544,0.9069492742419243,0.8731353402137756,0.8680869311094284,0.8992528274655341,0.881528414785862
22.220000000242752,280.4336755935151,13.45907908033887,133.86257472829985,53.13722492688934,113.63603897048253,60.14923041424579,0.8799748480319977,0.9071044534444809,0.8732650116086006,0.868021909892559,0.8992282405495643,0.88140559643507
22.240000000243416,280.3290937163622,13.451584342283608,133.84599647254345,53.06818451360406,113.80480881995337,60.08815445390375,0.8798296600580215,0.9072660833597183,0.8733964487910271,0.8679563567042351,0.8992076188325882,0.8812765553593636
22.26000000024408,280.2254852780922,13.444945588146968,133.829549441203,52.99863794544825,113.97782454400256,60.02749213169345,0.8796811684966087,0.9074324786663055,0.8735292002558708,0.8678905844688415,0.8991898000240326,0.8811426147818565
22.280000000244744,280.12290387135477,13.439193531194597,133.813238374858,52.928769692049364,114.1549675662952,59.967270965706916,0.8795295923948288,0.9076021015644073,0.8736629128456116,0.8678248524665833,0.899173603951931,0.881004986166954
22.300000000245408,280.0214013227222,13.434362564251119,133.79706731307397,52.85878683780844,114.33611648185229,59.90751827391558,0.8793752357363701,0.9077731505036354,0.8737971663475036,0.8677594736218452,0.8991577297449111,0.8808650285005569
22.320000000246072,279.9210284617224,13.430491310127739,133.78103965567905,52.788910228365594,114.52114714025566,59.84826116177815,0.8792184025049209,0.9079441770911216,0.8739316835999489,0.8676947295665741,0.8991411447525024,0.8807237833738327
22.340000000246736,279.82183577506754,13.427622253628263,133.76515820685924,52.71936531107432,114.70993273073458,59.789526509944835,0.8790594726800919,0.9081136077642441,0.8740661472082137,0.8676309019327163,0.8991227760910988,0.8805823594331741
22.3600000002474,279.72387392855404,13.425800493941304,133.74942520335296,52.650373436866296,114.90234386907531,59.731340962063506,0.8788988173007964,0.9082801461219787,0.8742003604769707,0.8675682723522186,0.899101734161377,0.8804416239261627
22.380000000248064,279.62719411864924,13.425071799766632,133.7338423283839,52.58214414747484,115.0982486862948,59.67373091269345,0.8787368208169937,0.908442759513855,0.8743342116475105,0.8675070375204086,0.8990773439407348,0.8803022429347038
22.400000000248728,279.53184823447845,13.425480207175402,133.71841071708658,52.514868731977565,115.297512919017,59.61672249533205,0.878573827445507,0.9086006209254265,0.8744676515460014,0.867447380721569,0.899049113690853,0.8801647305488586
22.42000000024939,279.4379013267362,13.427021418858864,133.70313095386734,52.448714899015094,115.50000000149024,59.56034157055991,0.8784102037549019,0.9087532386183739,0.8746006980538368,0.8673894539475441,0.8990168869495392,0.8800292700529099
22.440000000250055,279.3454130031413,13.429736339022332,133.68800306591345,52.38382295465951,115.70557115918264,59.50461371430982,0.8782462313771248,0.9089002683758736,0.8747334003448486,0.8673333555459976,0.8989805340766907,0.8798960089683533
22.46000000025072,279.2544322825871,13.433660116300388,133.67302651540209,52.320303173370256,115.91408550389124,59.44956420626477,0.8780821651220322,0.9090416073799134,0.8748658344149589,0.8672791793942451,0.8989401221275329,0.879764911532402
22.480000000251383,279.16500857892146,13.438808621050132,133.65820019337457,52.2582344918823,116.12540013029967,59.3952180183904,0.8779080003499985,0.9092656701803207,0.8750166773796081,0.8672147929668427,0.8989718884229659,0.8795663431286812
22.500000000252047,279.07719130443115,13.445182786260277,133.64352242169556,52.19766454497042,116.33937021391839,59.341599803607096,0.8777121365070343,0.9097225308418274,0.8752075299620629,0.8671150237321853,0.8992094248533249,0.8791862472891807
22.52000000025271,278.9910334013687,13.452707372306675,133.62899096437593,52.138610949705615,116.5558491103401,59.28873388460663,0.8775553792715073,0.9098469763994217,0.8753189668059349,0.8670602038502693,0.8991673052310943,0.8790611669421196
22.540000000253375,278.9066008255613,13.461367293139073,133.61460304913956,52.081063852357396,116.77468845574259,59.23664424281884,0.8773976653814316,0.9099821150302887,0.8754321381449699,0.8670045346021652,0.8991355210542679,0.8789260953664779
22.56000000025404,278.823933956969,13.471137056156744,133.60035540019598,52.02498921149243,116.99573826856975,59.18535450753292,0.8772406220436096,0.9101131007075309,0.8755447328090668,0.8669507741928101,0.8991020023822784,0.8787916496396064
22.580000000254703,278.7430696711512,13.481989166730271,133.5862444866496,51.970301952755634,117.21884705232155,59.13488794517855,0.8770841866731643,0.9102412968873977,0.8756567552685738,0.8668986991047859,0.8990679830312729,0.8786568865180016
22.600000000255367,278.6640577554653,13.493968683699286,133.5722679107337,51.91690799656181,117.44386189938211,59.08526744877161,0.8769283458590508,0.9103677451610565,0.8757682591676712,0.8668481394648552,0.8990344375371933,0.8785211265087127
22.62000000025603,278.5869634094515,13.507177781064817,133.55842581467869,51.86494842665249,117.670628595815,59.03651552752929,0.8767809092998504,0.9104997992515563,0.8758537009358406,0.8668004274368286,0.8990139633417129,0.8783663988113403
22.640000000256695,278.511853340171,13.521664979054128,133.54471795298306,51.81456955738789,117.89899172705374,58.98865429665926,0.8766472816467284,0.9106514334678649,0.8759049534797668,0.8667487233877181,0.8990132749080658,0.8781770437955856
22.66000000025736,278.4388052731844,13.537363477864835,133.53114312252822,51.765868969846395,118.12879478441515,58.94170546732764,0.8765144139528275,0.9107968762516975,0.875955893099308,0.866698807477951,0.8990088135004043,0.8779909700155258
22.680000000258023,278.36788400994936,13.55422181601729,133.51769927520158,51.718903235447335,118.35988027236262,58.89569033681018,0.876395346224308,0.9109295919537544,0.8760277718305588,0.8666658297181129,0.8989847809076309,0.877834615111351
22.700000000258687,278.29913845109877,13.572101862444804,133.50438361981585,51.673694483812184,118.59208981644566,58.8506297788313,0.8763131096959114,0.9110375642776489,0.8761589765548706,0.8666784763336182,0.8989085480570793,0.8777608141303063
22.72000000025935,278.23262286429383,13.590900499943665,133.49119272697862,51.630241032424045,118.8252642718419,58.80654423409511,0.8770597115159035,0.9161004304885864,0.877618084847927,0.8666576445102692,0.9042367964982986,0.8733102381229401
22.740000000260014,278.1683601543973,13.610504973617727,133.47812267139332,51.588541054581405,119.05924383242693,58.763453701013006,0.8773157060146332,0.9175009995698928,0.8775243327021599,0.8667684063315392,0.9060509979724883,0.8718113169074059
22.76000000026068,278.1063557434796,13.630790257493885,133.46516946161262,51.54861559214165,119.29386814029742,58.72137772663184,0.877137254178524,0.9187714457511902,0.8773545533418655,0.8670345127582549,0.908006440103054,0.8702243208885193
22.780000000261342,278.04660216127695,13.651632840134411,133.45232888396006,51.51049872217877,119.52897639567253,58.68033539776682,0.8772724822163581,0.9200578644871712,0.8774749353528023,0.8668737187981606,0.9088627979159355,0.8696003407239914
22.800000000262006,277.98909310605126,13.672846110974788,133.43959497151738,51.47419859812691,119.7644074670979,58.6403453323432,0.8773209273815155,0.9208618342876435,0.8776232749223709,0.8667982190847396,0.9092147931456566,0.8694432079792023
22.82000000026267,277.9337387808948,13.69471578841164,133.42695826562135,51.44084410471272,120.00000000187721,58.601425670950725,0.8771675631403922,0.9217990964651107,0.8779853507876396,0.8667284727096557,0.9093158900737762,0.8693103581666947
22.840000000263334,277.8801937749966,13.7189532053814,133.41440628340277,51.41607501127506,120.23559253665525,58.56359406861451,0.8770252674818039,0.9219659209251404,0.8780925050377846,0.8667228266596794,0.9092946022748947,0.8693685933947563
22.860000000263998,277.82810034852065,13.74759521007321,133.40191481252552,51.406998767125614,120.47102360807675,58.52686768678628,0.8767738908529281,0.9225055679678916,0.8783673778176307,0.8667032331228256,0.9093386843800545,0.8694240882992744
22.880000000264662,277.7772169356077,13.78238395346313,133.38944716313688,51.42078195782466,120.70613186344542,58.49126318555944,0.8764842569828033,0.9232609272003174,0.8787877291440963,0.8666247069835663,0.909313690662384,0.8694446161389351
22.900000000265326,277.7274023583595,13.82477864751839,133.37698106668373,51.463234979495745,120.94075617130693,58.45679671611159,0.8761837735772132,0.9233975723385811,0.8788934394717216,0.8665957659482956,0.9091974705457687,0.8695888206362724
22.92000000026599,277.6786586889484,13.875677991182528,133.36450696585052,51.53811153588917,121.17473573188039,58.42348391337794,0.8758621454238892,0.9236119970679283,0.8790346309542656,0.86656024903059,0.9091048136353492,0.8697498112916946
22.940000000266654,277.63112017746,13.935903381086353,133.35202281051485,51.64709092836789,121.40791018726253,58.39133988895886,0.8754239663481712,0.9237516105175018,0.8791128262877465,0.866418793797493,0.9088859677314758,0.8699973121285438
22.960000000267318,277.585008361237,14.00556010769608,133.33952869017958,51.79001863396967,121.64011973132894,58.36037922426483,0.8749460190534591,0.9234535902738571,0.8792353898286819,0.8664787456393241,0.9084138989448547,0.870279735326767
22.98000000026798,277.54070688344706,14.084323575476088,133.32702719904353,51.965341286685124,121.87120521925723,58.330615963901934,0.8745844528079033,0.9234590798616409,0.879310192167759,0.866389924287796,0.9081258609890938,0.8704662650823592
23.000000000268646,277.4994017498578,14.17177846142853,133.3145256352976,52.17044431752172,122.10100827659694,66.99912167300826,0.8742325648665428,0.9233072534203529,0.8793457850813865,0.8663592264056206,0.9078154444694518,0.870677100121975
23.02000000026931,277.46131530329137,14.266874546843619,133.30203256952825,52.40191191959509,122.32937140781148,64.95258417644943,0.873829486966133,0.9227711200714112,0.8795208752155304,0.8664930909872055,0.9072351664304733,0.8710100159049033
23.040000000269973,277.4265083404663,14.36857315265184,133.28955851355497,52.65564629958882,122.55613810421771,64.90519500742347,0.8735284447669983,0.9220613181591034,0.8796254098415375,0.8666516050696372,0.9066695913672447,0.871244615316391
23.060000000270637,277.39567117068907,14.475963818446886,133.27711810842806,52.92641934774769,122.78115295124913,64.85785913246306,0.8732775643467903,0.9215498119592667,0.8798079028725624,0.866609413921833,0.9061814248561859,0.8713545590639115
23.0800000002713,277.36944209837156,14.587842657849249,133.26472062659886,53.208477747426144,123.00426173496933,64.81060316115018,0.8730898186564445,0.9209379777312279,0.879989805817604,0.866676764190197,0.9057239204645157,0.8714781329035759
23.100000000271965,277.348377106056,14.702924719248259,133.25237576692973,53.496519055869314,123.22531154776246,64.76345365814946,0.8729796290397643,0.9204440623521805,0.8799488931894303,0.8666348859667777,0.9053510665893555,0.8715122774243355
23.12000000027263,277.3330200321146,14.819521999358349,133.2400892621573,53.785914020540865,123.44415089312852,64.71643712827498,0.8729464635252953,0.9195070058107376,0.8802030280232429,0.8667700827121735,0.9045067027211189,0.8718074679374694
23.140000000273293,277.32379028720544,14.935731498353665,133.22785288593371,54.07251471751235,123.66062978951145,64.66958000159077,0.8728184551000595,0.9179598852992058,0.8796803325414657,0.8666156232357025,0.9028003484010696,0.8727749899029732
23.160000000273957,277.3214020328041,15.049639416114271,133.2156473754261,54.352880631089555,123.87459987308902,64.62290861855332,0.8727015733718871,0.9160753428936005,0.8790746405720711,0.8666459769010544,0.9012167632579803,0.8737053632736206
23.18000000027462,277.3255262000376,15.159164564885982,133.2034555017128,54.624444383701146,124.08591449945398,64.57644921520443,0.8725177705287933,0.9145398944616318,0.8786418080329895,0.8664352491497993,0.8993203341960907,0.8748723164200782
23.200000000275285,277.3360611103728,15.262287898381878,133.19126032809493,54.88538019850016,124.29442884411681,64.53022790842273,0.8723650947213173,0.912515738606453,0.8781538113951682,0.866614693403244,0.8977580413222312,0.8758514255285262
23.22000000027595,277.3528743603503,15.357331606426083,133.17904799389018,55.13436672781376,124.5000000017612,64.48427068124231,0.8721866920590401,0.9107025295495986,0.8775425985455513,0.8665225908160209,0.8960738331079483,0.876952052116394
23.240000000276613,277.37557590181814,15.442812117024049,133.16680315310288,55.36942257712622,124.70248708418417,64.43860336824648,0.872435761988163,0.9104085057973862,0.8778585270047188,0.8669620841741562,0.8960074618458748,0.8770172521471977
23.260000000277277,277.40385303442747,15.517492087802248,133.1545218918595,55.58677721662786,124.90175131685392,64.39325164104496,0.8725764483213424,0.9098088711500167,0.877976544201374,0.8672811776399613,0.8956038922071456,0.8773068189620972
23.28000000027794,277.4373987861557,15.580284859553908,133.1422060416441,55.781617294946045,125.09765613401882,64.34824099384284,0.8727042689919472,0.9093183621764183,0.8781159654259681,0.8675842583179474,0.895276939868927,0.8775424599647522
23.300000000278605,277.47528234212456,15.630187526362704,133.1298672319912,55.948683273254666,125.29006727230282,64.30359672910907,0.8728184729814529,0.9089441895484924,0.8782782971858978,0.8678681254386902,0.8950303286314011,0.8777185380458832
23.32000000027927,277.5169214793454,15.666084267707959,133.1175088176952,56.08331024290682,125.4788528627229,64.25934394335289,0.8729176566004753,0.9087157100439072,0.8784705847501755,0.8681279152631759,0.8948863923549651,0.8778158843517303
23.340000000279932,277.5617207755831,15.686883672868415,133.10512967559507,56.18224735688073,125.66388352106544,64.21550751301592,0.8730001121759414,0.9086589276790619,0.8786989256739616,0.868358214199543,0.8948639959096908,0.8778182357549668
23.360000000280596,277.6089347991187,15.691780135266683,133.09269864574438,56.245551350633306,125.84503243655969,64.17211208048806,0.8730640560388565,0.908789649605751,0.8789664715528488,0.8685540422797203,0.8949738055467605,0.8777165845036506
23.38000000028126,277.6577364294845,15.680426145424091,133.0801615848239,56.27530079146628,126.02217545878752,64.12918204025493,0.8731077536940575,0.9090990737080574,0.8792695298790931,0.8687114655971527,0.895205557346344,0.8775187492370605
23.400000000281924,277.70725668898365,15.653097099003675,133.0674507308251,56.274606421595756,126.19519118277,64.08674152518456,0.8731297612190246,0.909561750292778,0.8795996159315109,0.8688276812434196,0.8955350488424301,0.8772436887025833
23.420000000282588,277.7566432438443,15.6105867058507,133.05449151621048,56.24709157483925,126.36396103217224,64.04481439296137,0.8731292828917503,0.9101430609822273,0.8799456968903542,0.8689013078808784,0.8959311172366142,0.8769156590104102
23.440000000283252,277.8050946774209,15.55427961873394,133.04120880727658,56.19661258523905,126.52836934056968,64.00342421267462,0.8731064304709434,0.9108054906129837,0.8802963018417358,0.8689324304461479,0.8963606685400008,0.8765595287084579
23.460000000283916,277.85183560799254,15.486049970803437,133.02753256138695,56.127139668594076,126.68830343072013,63.9625942515692,0.8730627998709678,0.9115141525864601,0.8806412428617477,0.8689233288168907,0.8967949628829955,0.876196326315403
23.48000000028458,277.8961718935591,15.408131906162744,133.01340280316958,56.04252457641429,126.84365369178707,63.92234746196615,0.8730013102293014,0.9122397840023041,0.8809727504849434,0.868877699971199,0.8972109109163284,0.8758421272039413
23.500000000285244,277.93745286149374,15.323146553794363,132.99877377488704,55.94606699075529,126.99431365446146,63.882706468360055,0.8729258999228477,0.9129608780145645,0.8812859117984772,0.8688003852963447,0.8975932106375694,0.8755070075392722
23.520000000285908,277.9756325438975,15.233852349335574,132.98361712246785,55.841037444106256,127.14018006393054,63.8436935547009,0.8728411644697189,0.9136665046215057,0.8815793186426163,0.8686972767114639,0.8979375571012497,0.8751937568187713
23.54000000028657,278.0105017838575,15.142903294286949,132.96792399131178,55.730737425460724,127.28115295064343,63.805330651867216,0.8727517262101173,0.9143502086400985,0.8818531095981598,0.8685744628310204,0.898244048655033,0.8749023884534836
23.560000000287236,278.04184436992307,15.052811170169267,132.95170593130686,55.61839280031009,127.41713569882532,63.76763932533782,0.8726617291569709,0.9150066524744034,0.882107700407505,0.8684377685189247,0.898513887822628,0.8746325090527535
23.5800000002879,278.0696679625362,14.96601567225368,132.93499453034698,55.5070461359673,127.5480351126931,63.73064076306886,0.8725745350122451,0.9156299352645874,0.8823431849479675,0.8682927951216698,0.8987481385469437,0.8743841186165809
23.600000000288563,278.0940756223081,14.88467943145528,132.91783983017132,55.39945817683704,127.67376148032706,63.69435576358318,0.8724927857518195,0.9162134945392608,0.8825592726469039,0.8681445494294167,0.8989468991756439,0.8741579949855804
23.620000000289227,278.11528524171865,14.81072279584387,132.90030767753197,55.298028353553214,127.79422863515498,63.65880472427851,0.8724185869097709,0.9167505085468292,0.882755596935749,0.8679978862404824,0.8991102814674378,0.873955050110817
23.64000000028989,278.13348162287923,14.745505442217766,132.8824762329877,55.20474259624199,127.90935401500643,63.62400762996121,0.8723534494638443,0.9172347635030746,0.8829318985342979,0.8678568422794342,0.8992379188537597,0.8737763836979866
23.660000000290555,278.1494347330338,14.690254930081531,132.8644319522748,55.12114927799649,128.0190587186967,63.58998404161193,0.8722984462976455,0.9176608949899673,0.8830880790948867,0.8677252486348151,0.8993303388357162,0.873622666299343
23.68000000029122,278.1635732263352,14.645726894775448,132.84626537724193,55.048359236206934,128.1232675601017,63.556753085389516,0.8722542256116866,0.9180255189538001,0.8832246392965316,0.867606046795845,0.8993884533643722,0.8734941571950913
23.700000000291883,278.1762786886539,14.612220976792672,132.82806702851846,54.98706421245215,128.22190911968693,63.52433344187936,0.8722211092710495,0.9183269545435905,0.8833424553275108,0.8675017580389977,0.8994143277406692,0.8733904048800468
23.720000000292547,278.1880237340434,14.589878710555924,132.80992364353264,54.93756802173464,128.31491579345465,63.4927433355922,0.8721991196274758,0.9185653805732726,0.8834428369998931,0.8674143716692925,0.8994110465049744,0.8733102828264236
23.74000000029321,278.19926663514104,14.57857879378985,132.79191491770962,54.89982602034813,128.40222383927647,63.46200052471936,0.8721879437565804,0.9187426835298538,0.8835273936390876,0.8673450723290443,0.8993819534778594,0.8732523828744888
23.760000000293875,278.210441460761,14.577936031660249,132.77411087313865,54.87348924531911,128.48377342057896,63.43212229115002,0.8721870183944702,0.9188620954751968,0.8835978418588638,0.8672946557402611,0.8993313267827033,0.8732146933674813
23.78000000029454,278.22194949590516,14.587343635631958,132.75656989505526,54.85795099007816,128.5595086473525,63.40312543075639,0.8721955567598343,0.9189278408885002,0.8836560010910034,0.8672633364796638,0.8992633998394012,0.8731951221823692
23.800000000295203,278.2341488410919,14.606016439182518,132.7393374588376,54.85239406921732,128.62937761445573,63.37502624395193,0.8722125932574272,0.918944738805294,0.8837035611271858,0.8672508507966995,0.8991823256015777,0.873191474378109
23.820000000295867,278.2473462205038,14.633030767260276,132.72244550573294,54.85583783763564,128.6933324371887,63.34784052652822,0.8722370147705077,0.9189181357622146,0.8837421938776969,0.8672565460205078,0.8990920826792717,0.8732015326619148
23.84000000029653,278.2617926080476,14.667360152630536,132.70591240392818,54.86718452749528,128.75132928411043,63.321583560775444,0.8722676590085029,0.91885367333889,0.883773410320282,0.8672793582081795,0.8989962875843048,0.8732231244444847
23.860000000297195,278.2776990205669,14.707767151095087,132.6897434264816,54.88526438640907,128.8033284070791,63.2962701068915,0.872303394973278,0.9187572613358498,0.883798636496067,0.8673180848360061,0.8988986641168594,0.8732539430260658
23.88000000029786,278.2952806940391,14.753024539169791,132.6739316452609,54.90887756304339,128.84929416849323,63.2719143946847,0.8723430246114731,0.9186345681548118,0.8838190793991089,0.8673711389303207,0.8988020151853561,0.8732920259237289
23.900000000298522,278.3146198122804,14.802085764445177,132.65845914669194,54.93683155047171,128.88919506571597,63.248530115574525,0.8723853901028633,0.9184912219643593,0.8838358074426651,0.867436696588993,0.8987087279558181,0.8733355045318604
23.920000000299186,278.33573537879107,14.853857726569066,132.64329847610455,54.96797366900004,128.92300375266547,63.226130414895096,0.8724294543266297,0.918332614004612,0.8838497459888458,0.8675129741430282,0.898621118068695,0.8733825460076332
23.94000000029985,278.35863239079043,14.907070853653826,132.6284142223002,55.00121844153477,128.95069705855647,63.204727884505594,0.8724743008613586,0.9181636214256287,0.8838615834712982,0.8675982192158699,0.8985412061214447,0.8734314382076264
23.960000000300514,278.3835943939591,14.960653333542297,132.6137646652401,55.035569469308285,128.97225600378042,63.18433455571183,0.8725190132856369,0.9179885402321816,0.8838718205690383,0.8676903888583183,0.8984698414802551,0.8734809964895248
23.980000000301178,278.41030204132204,15.01375411696088,132.59930341409492,55.07013586273777,128.98766581291315,63.16496189250289,0.8725628718733788,0.9178114831447601,0.8838808909058571,0.8677874535322189,0.8984078332781792,0.8735301077365875
24.000000000301842,278.4385629712865,15.06551254520112,132.5849809928993,55.10414318960283,128.99691592484123,63.146620785106755,0.8726052552461624,0.9176356062293053,0.8838889375329018,0.86788762062788,0.8983555972576142,0.8735778376460075
24.020000000302506,278.4682879658033,15.11513550544846,132.57074633590824,55.13693937968665,129.0,63.129321543868414,0.8726457476615905,0.9174637705087662,0.8838960230350494,0.8679892897605895,0.8983136519789695,0.8736233100295067
24.04000000030317,278.4993556927174,15.162015315238664,132.55654814996075,55.16799634863563,128.9969159247184,63.11307389345396,0.8726840138435363,0.9172982692718505,0.8839021250605583,0.8680906996130943,0.8982816264033318,0.8736660733819007
24.060000000303834,278.5315910863573,15.20569523704788,132.54233612175514,55.196907896367044,128.98766581266753,63.097886967383914,0.8727198660373687,0.9171409845352173,0.8839071318507195,0.8681902989745139,0.8982591360807418,0.8737057566642761
24.080000000304498,278.5648198018789,15.245735485792943,132.5280619793163,55.2233841101861,128.9722560034122,63.0837693028989,0.8727532774209976,0.9169933557510376,0.8839108645915985,0.8682869434356689,0.8982461273670196,0.8737418949604034
24.10000000030516,278.59890748403575,15.281775595998534,132.51368040363775,55.24724306577604,128.9506970580659,63.07072883616046,0.8727842837572097,0.9168563306331634,0.8839130774140358,0.8683794483542442,0.8982419207692146,0.873774416744709
24.120000000305826,278.63371142395715,15.31364452870357,132.49914977510292,55.26840058233862,128.92300375205292,63.05877289778981,0.8728130415081977,0.9167304322123527,0.8839134752750396,0.8684668526053428,0.8982457965612411,0.8738033264875412
24.14000000030649,278.66909425932954,15.34121663202784,132.4844327563067,55.28685876114829,128.88919506498183,63.04790820874694,0.8728397652506829,0.9166160449385643,0.8839118257164955,0.8685484319925308,0.898257191479206,0.8738285928964614
24.160000000307154,278.704886279542,15.364561307354137,132.4694967389169,55.302693570839786,128.849294167638,63.038140876552504,0.8728647321462631,0.91651321798563,0.8839078605175018,0.8686234891414643,0.8982752203941345,0.8738504126667976
24.180000000307817,278.7409342119158,15.383772354094592,132.45431415632328,55.31604213138598,128.80332840610336,63.0294763918545,0.8728883132338524,0.9164218306541443,0.8839012980461121,0.8686917066574097,0.8982995122671127,0.8738688215613365
24.20000000030848,278.7771025963895,15.39900238190328,132.43886265535767,55.32709037276432,128.75132928301488,63.021919625341724,0.8729108750820159,0.9163414627313614,0.8838919058442115,0.8687529906630516,0.8983296245336533,0.873883917927742
24.220000000309145,278.8132721349024,15.410456709313246,132.42312515108105,55.33606120482886,128.69333243597404,63.015474825005754,0.8729328110814094,0.9162716493010521,0.8838794514536857,0.8688072517514228,0.8983650743961334,0.8738958805799484
24.24000000030981,278.84933841843565,15.418384154466466,132.40708977410344,55.343203665337285,128.62937761312287,63.010145613752954,0.8729545146226882,0.9162117511034011,0.8838637337088585,0.8688545703887939,0.8984054327011108,0.8739049062132835
24.260000000310473,278.8852109490819,15.42306720052903,132.39074971896574,55.34878327029791,128.55950864590227,63.005934987367894,0.8729885250329971,0.9161574587225914,0.8837007045745849,0.8689066365361213,0.8984893590211868,0.8738636806607246
24.280000000311137,278.92081222498484,15.424812307597849,132.37410301134193,55.353073364687674,128.48377341901238,63.00284531282929,0.8730232685804367,0.9161063492298126,0.8835320606827736,0.8689525336027145,0.898573124408722,0.8738225579261779
24.3000000003118,278.95607676474896,15.423940744003279,132.35715218846653,55.356347790429986,128.40222383759465,63.00087832697938,0.8730588123202324,0.9160630226135253,0.8833613514900207,0.8689923554658889,0.8986608728766441,0.8737793922424316
24.320000000312465,278.9909500474341,15.420780147851884,132.33990390088144,55.3588748829082,128.3149157916587,63.000035135547634,0.8730954021215439,0.9160265848040581,0.8831890597939491,0.8690264776349067,0.8987521976232529,0.8737346306443214
24.34000000031313,279.0253873767499,15.415657016233451,132.32236846105639,55.3609126930709,128.2219091177781,63.00031621252912,0.8731332838535308,0.9159961372613906,0.883015601336956,0.8690553650259971,0.8988467901945114,0.8736886799335479
24.360000000313793,279.0593518533733,15.40888836521926,132.30455909435003,55.36271456340136,128.1232675580813,63.00172139991808,0.873172627389431,0.9159707948565483,0.8828412085771561,0.8690795004367828,0.8989444404840469,0.8736418709158897
24.380000000314457,279.092810200341,15.40076962595363,132.28649051970424,55.36455763817401,128.0190587165661,63.00424990779674,0.8732136026024818,0.9159496143460274,0.8826660424470901,0.8690993979573249,0.8990448981523513,0.8735945209860801
24.40000000031512,279.12573167796256,15.391569782486501,132.2681784831337,55.36673510973076,127.90935401276711,63.00790031477935,0.8732563525438308,0.9159313172101974,0.8824901252985,0.8691155895590782,0.8991476491093635,0.873547139763832
24.420000000315785,279.1580878373076,15.381531321634853,132.2496395656987,55.36954348638955,127.79422863280847,63.01267056881124,0.8733009934425354,0.9159144461154938,0.8823132202029228,0.8691286161541939,0.8992520362138748,0.8735002771019935
24.44000000031645,279.1898521902713,15.37087121676137,132.23089096989938,55.373272909972385,127.67376147787496,63.01855798832232,0.8733476236462593,0.9158973604440689,0.8821351036429405,0.8691390320658684,0.8993572324514388,0.8734545812010764
24.460000000317113,279.2209997390378,15.359782509204503,132.21195028252808,55.378199591051875,127.54803511013709,63.025559263734564,0.8733963280916214,0.9158784374594688,0.8819554939866066,0.8691473379731178,0.899462330341339,0.8734107315540314
24.480000000317776,279.25150607084583,15.348437430416764,132.19283522312583,55.384580273336816,127.41713569616716,63.03367045932243,0.8734471738338471,0.9158560499548912,0.8817740246653557,0.8691540569067001,0.8995664626359939,0.8733693540096282
24.50000000031844,279.2813420837614,15.337007079106849,132.1735633865251,55.39264843963116,127.28115294788495,63.04288701542531,0.8735002145171166,0.9158286735415458,0.8815904811024665,0.8691595867276192,0.8996685743331909,0.873331132531166
24.520000000319104,279.31048888336665,15.325582591753372,132.1541519876112,55.402611793575325,127.14018006107362,63.05320375101074,0.873555539548397,0.9157950967550278,0.8814045950770378,0.8691644728183746,0.8997682049870491,0.8732964605093002
24.54000000031977,279.33894862243784,15.314218118571365,132.13461761566003,55.41465066148416,126.99431365150805,63.064614866586865,0.8736131846904754,0.9157542735338211,0.8812162548303604,0.8691690862178802,0.8998647779226303,0.8732657358050346
24.560000000320432,279.3667116197409,15.302994999483778,132.11497600511575,55.428917010373,126.84365368873918,63.07711394746258,0.8736732125282287,0.9157053455710411,0.8810253575444221,0.8691738113760948,0.8999578192830086,0.8732392624020576
24.580000000321096,279.39376338792863,15.291975386471634,132.0952418315774,55.44553390318742,126.68830342757988,63.09069396735355,0.8737356543540954,0.9156477674841881,0.880831916630268,0.8691789835691451,0.9000471234321594,0.8732172146439552
24.60000000032176,279.42008735181906,15.281206201733925,132.0754285370807,55.464595297502896,126.52836933733923,63.10534729233195,0.8738005548715592,0.9155811995267867,0.8806359007954597,0.8691848576068878,0.9001325696706771,0.8731996685266494
24.620000000322424,279.44566322942285,15.270735400168288,132.0555481916665,55.48616610656242,126.36396102885378,63.12106568511786,0.8738679096102714,0.9155053913593292,0.8804372876882552,0.8691916570067405,0.9002141177654266,0.8731866374611854
24.640000000323088,279.4704690612639,15.260506285104583,132.03561138194112,55.510282804249165,126.1951911793658,63.137840309709794,0.8739377588033675,0.9154204189777374,0.880236242711544,0.869199614226818,0.9002919822931289,0.8731780230998992
24.660000000323752,279.4945087501437,15.250479858122883,132.01562713655437,55.53695447003928,126.02217545529992,63.1556617363518,0.8740100622177124,0.9153263628482818,0.8800327703356743,0.8692088231444358,0.9003662616014481,0.8731737047433853
24.680000000324416,279.5177745397423,15.240623485269419,131.99560288636968,55.56616423946094,125.84503243299108,63.174519946834366,0.8740847706794739,0.9152234643697739,0.8798270538449288,0.8692193105816841,0.9004370182752609,0.8731736063957214
24.70000000032508,279.5402511665113,15.230888539616872,131.97554445855076,55.59787122126664,125.66388351741828,63.194404340126056,0.8741618528962135,0.9151121392846108,0.8796192273497582,0.8692311570048332,0.900504645705223,0.8731774598360061
24.720000000325744,279.5619197668838,15.221212755737051,131.9554561054426,55.63201282509008,125.47885285899969,63.215303738332864,0.8742412552237511,0.9149928525090217,0.8794094696640968,0.8692443534731865,0.9005694210529327,0.8731850683689117
24.740000000326408,279.5827588788272,15.211522506958625,131.93534056283858,55.668507430851236,125.29006726850609,63.23720639298175,0.8743197992444038,0.9148829758167266,0.8791342705488204,0.8692582696676254,0.9006316751241684,0.8731764048337937
24.76000000032707,279.60274452696495,15.201735239894573,131.91519913118282,55.70725737825633,125.09765613015117,63.260099991625026,0.8743956834077835,0.9147698044776916,0.8787598922848702,0.869277210533619,0.9006878316402435,0.8731476202607155
24.780000000327735,279.6218500400365,15.191762073770022,131.89503178427015,55.74815205452218,124.90175131291801,63.2839716647617,0.8744810536503792,0.914611192047596,0.8784326806664466,0.8693097189068794,0.9007482260465621,0.8731378838419914
24.8000000003284,279.6400457694128,15.181510639815365,131.87483730175336,55.79107097668196,124.70248708018272,63.30880799307198,0.8745828926563263,0.9144639611244202,0.8781769543886184,0.869342978298664,0.9008368015289306,0.8731285855174065
24.820000000329063,279.65729862205495,15.170888533152775,131.85461341287746,55.83588703071928,124.4999999976969,63.334595014960875,0.8746958047151565,0.914325076341629,0.8779775276780128,0.8693698182702064,0.9009482562541962,0.8731262296438217
24.840000000329727,279.6735704747383,15.159812830686077,131.83435696422998,55.88247121025149,124.29442883999249,63.36131823440664,0.8748155295848846,0.9141672596335411,0.8778116732835769,0.869409067928791,0.9010685622692108,0.8731371462345123
24.86000000033039,279.6888201619376,15.148204603752255,131.8140640378873,55.930702551563144,124.08591449527245,63.388962629109606,0.8749372437596321,0.9139920890331268,0.8776734992861748,0.8694401055574417,0.9011765837669372,0.8731736332178116
24.880000000331055,279.703023746295,15.135939352026973,131.7937294947935,55.980474536205925,123.87459986885315,63.41751265893688,0.8750553950667381,0.913837893307209,0.8775476679205895,0.8694479152560234,0.9012812972068787,0.873215314745903
24.90000000033172,279.716147353603,15.122929570874367,131.77334611879584,56.03169722413151,123.66062978522415,63.446952274658145,0.8751652091741562,0.9136742740869522,0.8774319440126419,0.8694434627890587,0.9013430997729301,0.8732847705483436
24.920000000332383,279.72814308736935,15.109096457067684,131.75290518200484,56.08431412209801,123.44415088879273,63.47726492696764,0.8752783492207526,0.9134761616587639,0.8773485988378524,0.8694366812705994,0.9013470381498336,0.8734064579010009
24.940000000333047,279.73894888547363,15.09438715119608,131.73239740193665,56.138310883193306,123.22531154338114,63.50843357578726,0.8753757402300835,0.9132666856050491,0.8772944495081901,0.8694378927350044,0.9013515040278435,0.8735245421528816
24.96000000033371,279.7484894218843,15.078717519049565,131.71181264394517,56.19370589194485,123.00426173054548,63.54044069984551,0.875452335178852,0.9130774691700935,0.8772333309054374,0.8694100245833397,0.9013663679361343,0.8736416965723037
24.980000000334375,279.75670015804803,15.06200338212207,131.6911415753957,56.25052738754316,122.78115294678578,63.57326830652702,0.8755244463682175,0.9128732770681381,0.877194331586361,0.8693831622600555,0.9013352274894714,0.8737831965088844
25.00000000033504,279.76351168613365,15.044214227146975,131.6703784648028,56.3087951413884,122.55613809971794,63.60689794198696,0.875579011440277,0.9126524373888969,0.877212592959404,0.869372209906578,0.9012742698192596,0.8739367932081222
25.020000000335703,279.7688495821971,15.02533849606383,131.64952226420405,56.3684766429741,121.90279782984727,63.64131070152475,0.87561586946249,0.912457212805748,0.8772488698363304,0.8693588033318519,0.9012085154652595,0.8740845292806625
25.040000000336367,279.77264028036745,15.005374789459362,131.62857584332434,56.4294463141772,121.02370791177529,63.67648724021129,0.8756406038999557,0.9122971296310425,0.8772736355662346,0.8693206265568733,0.9011342853307723,0.8742269322276115
25.06000000033703,279.77481592316764,14.984336104329339,131.60754498570347,56.49150411985566,121.04740249628826,63.7124077837635,0.8756702691316605,0.9121028438210487,0.8773118883371352,0.8693059280514717,0.9010047972202301,0.8743939578533172
25.080000000337694,279.7753084153259,14.962281713002339,131.58643993787058,56.55439912589506,121.07107043376847,63.749052139660414,0.8756888344883919,0.9118793308734894,0.8773702844977379,0.8693022310733794,0.9008215487003326,0.8745909929275513
25.10000000033836,279.7741144280983,14.939122748211895,131.56527407352922,56.61781741280289,121.09469841942492,63.786399708494194,0.8756919592618942,0.9116580039262772,0.8774496600031853,0.8693092674016952,0.9006210625171661,0.8747829765081405
25.120000000339022,279.77122385262146,14.914932290952173,131.54406117737759,56.6813840723739,121.11827317092528,63.82442949555005,0.8757019370794296,0.9114777907729149,0.877517269551754,0.869308140873909,0.9004258558154106,0.8749657735228539
25.140000000339686,279.76658742354834,14.889686256908353,131.5228152509965,56.74468745701122,121.14178143586251,63.86312012260823,0.8756938144564629,0.9113629207015037,0.877591660618782,0.8692784130573272,0.9002575248479843,0.8751228481531143
25.16000000034035,279.7603409843744,14.863497363487355,131.5015516038613,56.80707035683531,121.16520999920462,63.902449839961704,0.8756690710783005,0.9112621322274208,0.8776971206068992,0.8692542061209678,0.9000870257616043,0.8752679243683815
25.180000000341014,279.7526454090535,14.836713462026745,131.48028401735078,56.867217486389386,121.18854569072333,63.942396538642605,0.8756596252322196,0.9111648842692375,0.8777924999594688,0.8692383989691734,0.8999197408556938,0.8754083827137947
25.200000000341678,279.74349250729483,14.80956633604968,131.45902275136626,56.9240549071823,121.21177539239778,63.98293776285065,0.8756588473916054,0.9110971316695213,0.8778835475444794,0.8692441880702972,0.89981250166893,0.8754972398281097
25.220000000342342,279.7329222752025,14.782162870488259,131.43777391434975,56.97688529855201,121.23488604578863,64.02405072257659,0.8756557002663612,0.9110907256603241,0.8780022352933884,0.8692540407180785,0.8997428759932518,0.8755472138524055
25.240000000343006,279.7209985062152,14.754499001361228,131.41654137979629,57.02529855689501,121.25786465937884,64.06571230641339,0.875653375685215,0.911157414317131,0.878129032254219,0.8692393377423286,0.8997043460607529,0.875581756234169
25.26000000034367,279.70781492578817,14.726496916006196,131.3953297842235,57.06910584375501,121.28069831587676,64.10789909454824,0.8756536170840263,0.9112812340259552,0.8782339513301849,0.8692308440804482,0.899746711552143,0.8755415990948677
25.280000000344334,279.69347675548926,14.698048518070843,131.37414405264428,57.10824537383284,121.30337417947753,64.15058737192787,0.8756646275520324,0.9114525869488715,0.8783248737454414,0.8692123368382454,0.8998272269964218,0.8754656568169593
25.300000000344998,279.678088760928,14.669199712126144,131.3529877171338,57.14272964864606,121.32587950307858,64.19375314158972,0.875672459602356,0.9116498768329621,0.8784197747707366,0.8691894352436066,0.8999290749430656,0.8753755211830139
25.32000000034566,279.66172465424546,14.640028750570455,131.33186085553913,57.17270366444605,121.34820163544546,64.23737213815187,0.8756765589118004,0.9118704617023468,0.878517460823059,0.8691617861390114,0.9000495955348015,0.8752729311585427
25.340000000346325,279.64443899949725,14.61066994223439,131.31076065947835,57.198455938553316,121.37032802832356,64.2814198414535,0.8756766125559806,0.9121095761656761,0.8786160543560981,0.8691294029355049,0.9001845687627792,0.8751606673002242
25.36000000034699,279.62626598426993,14.581356734977199,131.28968421762886,57.22040610668632,121.39224624349204,64.32587149033886,0.8756724551320075,0.912362115085125,0.8787141114473342,0.8690925404429436,0.9003296047449112,0.8750416442751884
25.380000000347653,279.607245230052,14.552316609613184,131.26862886505663,57.23917114083696,121.41394395975597,64.3707020965766,0.8756641983985901,0.9126230806112289,0.8788104474544525,0.8690515920519829,0.9004803761839867,0.8749187543988227
25.400000000348317,279.587414822075,14.52376840046711,131.2475931228531,57.25552402382443,121.43540897987253,64.41588645890671,0.8756521150469779,0.9128872334957122,0.8789043962955475,0.8690071791410446,0.9006324216723441,0.8747949883341789
25.42000000034898,279.56682402456835,14.496046380861317,131.22657720941854,57.270302427880424,121.45662923740772,64.46139917720731,0.8756366610527039,0.9131491869688034,0.8789950236678123,0.8689600840210915,0.9007814586162567,0.8746732205152511
25.440000000349645,279.54550635900705,14.469551152281849,131.20558326950328,57.28434223275188,121.47759280351931,64.50721466677312,0.8756183683872223,0.9134036436676979,0.8790816321969032,0.8689110487699508,0.9009230479598045,0.8745563656091689
25.46000000035031,279.5234927654271,14.444707880089753,131.1846154635962,57.29843780545752,121.49828789366269,64.55330717269783,0.8755978628993034,0.9136459052562713,0.8791635736823081,0.8688609942793846,0.9010537385940551,0.8744467034935951
25.480000000350973,279.50081916797757,14.42194884052829,131.1636799126374,57.31331975835029,121.5187028742154,64.59965078435197,0.8755758553743362,0.9138721853494643,0.8792405620217323,0.8688109219074249,0.9011709779500962,0.874346013367176
25.500000000351637,279.47752325089897,14.401714818118755,131.1427845107044,57.32964292727344,121.53882626901692,64.64621944994852,0.8755530476570129,0.914079537987709,0.8793126687407493,0.868761833012104,0.9012729912996292,0.8742555603384972
25.5200000003523,279.45367820551417,14.384331051950713,131.1219386174987,57.347979119925384,121.55864676581997,64.6929869911877,0.8755301594734192,0.9142659693956375,0.8793802291154861,0.8687147378921508,0.9013589516282081,0.874176099896431
25.540000000352965,279.42937564314803,14.370006251520719,131.1011526545424,57.36881151363201,121.57815322264955,64.73992711797294,0.8755077853798866,0.9144302144646644,0.8794436946511268,0.8686705484986305,0.9014285951852798,0.874107962846756
25.56000000035363,279.40473937808554,14.358948592368458,131.08043764224365,57.392529306478195,121.59733467406639,64.78701344318978,0.8754865020513535,0.9145717188715935,0.8795036330819129,0.8686301097273826,0.9014822348952293,0.8740511715412139
25.580000000354293,279.3798823088698,14.35132069098465,131.05980469650598,57.41942358148219,121.61618033733109,64.83421949753911,0.8754667431116104,0.9146903440356254,0.8795604690909385,0.868594154715538,0.9015205591917038,0.874005475640297
25.600000000354957,279.354916207051,14.347204229456445,131.03926450748415,57.44968537113232,121.63467961846557,64.88151874441685,0.8754488527774811,0.9147864654660225,0.8796145781874657,0.8685632780194282,0.901544600725174,0.8739703968167305
25.62000000035562,279.3299549512732,14.346600616014932,131.0188268276685,57.48340659073535,121.6528221182084,64.92888459483129,0.8754330277442932,0.9148606553673744,0.8796661972999572,0.8685379534959793,0.9015554860234261,0.8739453762769699
25.640000000356284,279.30511275986635,14.349434330262344,130.99849999301776,57.52058421010101,121.67059763786075,64.97629042234988,0.8754194021224976,0.9149136960506439,0.8797153353691101,0.8685185432434082,0.9015544712543487,0.8739297077059746
25.66000000035695,279.28050113684856,14.355558755480864,130.97829050192402,57.56112745102215,121.6879961850194,65.02370957806724,0.8754079535603523,0.9149466514587402,0.8797619298100471,0.8685052439570426,0.9015428438782692,0.8739226400852204
25.680000000357612,279.2562257580344,14.364764004110594,130.95820266845445,57.60486746602538,121.70500797919404,65.07111540558562,0.8753986239433288,0.9149608671665191,0.879806087911129,0.8684981405735016,0.9015220120549202,0.8739233374595642
25.700000000358276,279.23238375950757,14.376786124780153,130.93823836242385,57.651568841218925,121.72162345730524,65.11848125599957,0.8753912925720214,0.9149578362703323,0.8798475906252861,0.8684971928596497,0.9014934241771698,0.8739308565855026
25.72000000035894,279.2090676150727,14.391249083881368,130.91839684422976,57.70094221850016,121.73783327906033,65.16578050287661,0.875385758280754,0.9149393379688263,0.8798865363001823,0.8685022309422493,0.9014585509896278,0.8739442273974418
25.740000000359604,279.18640424254966,14.407729331223495,130.89867469459483,57.75265721208846,121.7536283322039,65.21298655722501,0.8753817841410637,0.914907182753086,0.8799227640032768,0.8685129016637801,0.9014186933636665,0.8739625334739685
25.760000000360268,279.1644540513693,14.425920664160605,130.87906583476988,57.806354803337754,121.76899973764033,65.26007288244067,0.8753790929913521,0.9148632526397705,0.8799563139677048,0.8685287401080132,0.9013749331235885,0.8739849478006363
25.780000000360932,279.14324934800584,14.445472316196721,130.8595616325947,57.86165830779138,121.78393885442499,65.30701300922452,0.8753774121403693,0.9148095414042473,0.8799871772527694,0.8685492768883705,0.9013285979628562,0.8740104958415031
25.800000000361596,279.1228132890066,14.46601681453017,130.8401510837577,57.91818370223581,121.79843728462181,65.35378055046206,0.8753764554858208,0.9147478908300399,0.8800152108073235,0.8685739934444427,0.901280778646469,0.8740383192896842
25.82000000036226,279.1031588748232,14.48718788693255,130.82082105691208,57.97554934701299,121.81248687802403,65.40034921605674,0.8753759726881981,0.9146801114082336,0.8800403431057929,0.8686023354530334,0.9012325212359428,0.8740675643086433
25.840000000362924,279.0842881144245,14.5086302766908,130.80155659312882,58.033385061870916,121.82607973673589,65.4466928277088,0.8753756910562515,0.9146079510450363,0.8800626501441001,0.8686336591839791,0.9011846035718918,0.8740975379943847
25.860000000363588,279.0661921528801,14.530007238763954,130.78234125331997,58.091340087247374,121.83920821961227,65.49278533363118,0.8753753513097763,0.9145331040024757,0.8800821453332901,0.868667271733284,0.9011376917362213,0.8741275832056999
25.88000000036425,279.04885443492026,14.550964300125926,130.76315749972207,58.14908965951372,121.85186494655424,65.53860082319444,0.8753747656941414,0.9144570410251617,0.8800989270210265,0.8687025874853134,0.9010924249887466,0.8741571277379989
25.900000000364916,279.0322809553255,14.57115765479669,130.74398709029194,58.206340488995885,121.86404280265765,65.58411354149226,0.8753737598657608,0.914381192624569,0.8801131650805473,0.8687389716506004,0.9010493129491806,0.8741856575012207
25.92000000036558,279.0164427354504,14.590370556763581,130.7248114710415,58.262834926322554,121.87573494221273,65.62929790381936,0.8753721237182617,0.9143067210912704,0.8801250115036964,0.8687756821513176,0.9010083466768265,0.8742129042744636
25.940000000366243,279.0012848998715,14.608418207038964,130.70561215633663,58.31835377702304,121.88693479255245,65.67412851005389,0.8753697767853736,0.914234659075737,0.8801346853375435,0.868812182545662,0.9009698122739792,0.8742385551333427
25.960000000366907,278.98675087921924,14.625134661699935,130.68637109390815,58.372717610138,121.8976360577472,65.71858015893581,0.8753666207194328,0.9141658872365951,0.8801424011588096,0.8688479721546173,0.9009338304400444,0.8742623776197433
25.98000000036757,278.97278375813664,14.640386468437237,130.6670710072386,58.425786752492876,121.9078327221441,65.76262786223377,0.8753626063466072,0.9141009554266929,0.8801483422517776,0.8688825726509094,0.9009002804756164,0.8742843180894851
26.000000000368235,278.95932636042807,14.65407450899493,130.64769570025297,58.47746021048728,121.91751905374856,65.80624685879204,0.8753577291965484,0.9140403151512145,0.8801526203751564,0.8689156174659729,0.9008690774440765,0.8743042916059494
26.0200000003689,278.9463216875883,14.66613369085681,130.62823032626565,58.52767359603988,121.92668960744662,65.8494126284498,0.8753519713878631,0.9139842614531517,0.8801555126905442,0.8689466908574104,0.9008398860692978,0.8743224009871483
26.040000000369563,278.93371360684796,14.6765316008265,130.60866162539878,58.57639593028317,121.9353392280658,65.89210090582512,0.8753453910350799,0.913932928442955,0.88015718460083,0.868975542485714,0.9008124649524688,0.8743387401103974
26.060000000370227,278.92144759582544,14.685266398919634,130.5889781128432,58.62362596672671,121.94346305327302,65.93428769395545,0.875338064134121,0.9138863787055015,0.880157957971096,0.8690019711852074,0.9007865726947785,0.8743534117937087
26.08000000037089,278.90947144757746,14.692364155265356,130.56917021506155,58.669388189663934,121.95105651630804,65.97594927778754,0.8753300666809082,0.9138444781303405,0.8801579982042312,0.869025856256485,0.9007618606090545,0.8743666306138038
26.100000000371555,278.8977358823115,14.69787576225186,130.54923035627456,58.71372845832006,121.95811534855055,66.01706223750854,0.8753215283155441,0.913807101547718,0.8801575422286987,0.8690470725297927,0.9007380068302154,0.8743785753846168
26.12000000037222,278.88619504120174,14.701873540478315,130.5291529950739,58.75670959175401,121.96463558191977,66.05760346171145,0.8753125295042992,0.9137739628553391,0.8801568001508713,0.869065611064434,0.9007146626710891,0.8743894696235657
26.140000000372883,278.87480686032643,14.704447712289022,130.50893462028992,58.798406845438336,121.9706135511051,66.09755016038703,0.8753031909465789,0.913744704425335,0.8801559463143348,0.8690814897418022,0.9006914526224136,0.8743996039032936
26.160000000373547,278.86353330717407,14.705696412559373,130.48857370148767,58.83890361575478,121.97604589562653,66.13687987773497,0.8752936646342278,0.913718955218792,0.8801550790667534,0.8690947711467742,0.9006681263446807,0.8744091525673866
26.18000000037421,278.85234563698253,14.705721761048729,130.4680705972811,58.878287539433416,121.98092956172374,66.17557050478744,0.8752840489149093,0.9136963531374931,0.8801544040441512,0.8691055759787559,0.9006443977355957,0.8744183704257011
26.200000000374875,278.84121468006225,14.70466886477361,130.4474274271301,58.91664692216573,121.98526180407275,66.21360029183738,0.8752744734287262,0.9136765092611313,0.8801540330052375,0.8691140428185463,0.9006200700998306,0.8744274228811264
26.22000000037554,278.83010781017526,14.702682841972994,130.4266479164131,58.95406763833031,121.98904018732914,66.25094786066508,0.8752650499343871,0.9136590883135796,0.8801540821790695,0.8691203370690346,0.9005950182676316,0.8744364663958549
26.240000000376202,278.81899794621205,14.69987459253242,130.4057372162472,58.99063046091296,121.99226258749712,66.28759221655571,0.8752559080719947,0.9136437505483627,0.8801546186208725,0.8691246777772903,0.9005691975355148,0.8744456127285957
26.260000000376866,278.80787133653837,14.696364823415278,130.38470170523664,59.026408808471125,121.99492719312353,66.32351276010147,0.8752471461892127,0.9136301338672638,0.8801557227969169,0.8691272482275962,0.9005425363779068,0.8744550094008445
26.28000000037753,278.7967153526331,14.692275773438125,130.36354877928983,59.06146711208372,121.99703250631605,66.35868929878137,0.8752388313412666,0.9136179432272911,0.8801574259996414,0.8691282495856285,0.9005149900913239,0.8744647189974785
26.300000000378194,278.7855191836749,14.687723495028186,130.3422866340115,59.09585966838655,121.99857734358535,66.39310205831237,0.8752310484647751,0.9136069059371948,0.8801597326993942,0.86912791877985,0.9004866302013397,0.874474786221981
26.320000000378858,278.7742743637324,14.682816317216673,130.32092404663683,59.129630060177455,121.99956083651031,66.42673169376532,0.8752238512039184,0.9135967940092087,0.8801627367734909,0.8691264301538467,0.9004574745893478,0.874485296010971
26.340000000379522,278.76297468683583,14.677653616761287,130.29947016223997,59.16281110453182,121.99998243222619,66.4595593004397,0.8752172753214836,0.9135873794555663,0.8801663309335709,0.8691239982843398,0.9004276484251023,0.8744962260127067
26.360000000380186,278.75161592437934,14.672324935510154,130.27793428723308,59.19542524580215,121.99984189373544,66.49156642449064,0.8752113476395607,0.9135784432291985,0.8801705241203308,0.8691208019852638,0.9003972008824348,0.874507611989975
26.38000000038085,278.740195490693,14.666909448568937,130.25632569858755,59.22748520947643,121.99913930004097,66.52273507330281,0.8752060905098915,0.9135698288679123,0.880175244808197,0.8691170290112495,0.900366248190403,0.8745194405317306
26.400000000381514,278.72871211059623,14.661475742636108,130.23465347114407,59.258994936773995,121.99787504610163,66.5530477256047,0.8752014860510826,0.9135613933205604,0.8801804482936859,0.8691128224134445,0.9003349065780639,0.8745316982269287
26.420000000382178,278.7171655033801,14.65608188628551,130.21292632372618,59.28995072768733,121.99604984261032,66.58248734131821,0.8751975387334824,0.9135529577732086,0.8801860317587852,0.869108347594738,0.9003032475709914,0.874544358253479
26.44000000038284,278.7055560962697,14.650775772534715,130.19115249006506,59.32034244072089,121.99366471559438,66.61103737113758,0.8751942083239556,0.9135443747043609,0.8801918521523475,0.8691036939620972,0.9002713158726692,0.8745574474334716
26.460000000383506,278.6938847743243,14.645595637703666,130.16933961258147,59.35015481911309,121.99072100583884,66.63868176583252,0.8751914858818054,0.9135355681180953,0.880197873711586,0.869098986685276,0.9002392679452896,0.8745709031820297
26.48000000038417,278.68215266729254,14.64057074079942,130.14749466033493,59.37936876209512,121.98722036813271,66.66540498527011,0.8751893222332,0.9135264217853546,0.8802039667963981,0.8690943330526352,0.9002071306109428,0.8745847165584564
26.500000000384833,278.6703609736597,14.63572215964076,130.1256238699621,59.40796256162327,121.98316477033879,66.6911920071507,0.8751876816153527,0.9135167926549911,0.880210068821907,0.8690897688269615,0.9001748725771904,0.874598941206932
26.520000000385497,278.65851082517236,14.631063656695524,130.10373271010872,59.43591306045936,121.97855649228734,66.71602833545256,0.8751865237951278,0.9135065913200379,0.8802160143852233,0.8690853789448738,0.9001425564289093,0.8746135324239731
26.54000000038616,278.6466031849586,14.626602564095606,130.08182586613412,59.46319665242177,121.97339812449464,66.73990000858069,0.8751858085393905,0.9134957149624824,0.8802216917276382,0.869081212580204,0.9001102089881897,0.8746284857392311
26.560000000386825,278.6346387801597,14.622340681651503,130.05990724668914,59.48979007421302,121.96769256670657,66.7627936072153,0.8751854866743087,0.913483989238739,0.8802270293235779,0.8690773054957389,0.900077736377716,0.8746438726782798
26.58000000038749,278.62261805963453,14.618275141438428,130.0379800055275,59.51567114468746,121.96144302626871,66.78469626185543,0.875185513496399,0.913471382856369,0.8802319467067719,0.8690736666321754,0.9000451117753983,0.874659688770771
26.600000000388153,278.61054117762336,14.614399233131657,130.01604657673056,59.54081927519091,121.95465301632322,66.80559566005334,0.8751858711242676,0.9134577840566634,0.8802363365888596,0.8690703228116036,0.9000123172998428,0.8746759563684463
26.620000000388817,278.59840799613033,14.61070317461308,129.99410872453782,59.56521569819033,121.94732635383403,66.82548005333607,0.8751864969730377,0.9134430319070815,0.8802400827407837,0.8690673008561134,0.8999792546033859,0.8746927201747894
26.64000000038948,278.58621810085555,14.607174777894983,129.97216760011318,59.58884364976001,121.93946715744107,66.84433826380955,0.8751873821020126,0.9134271174669265,0.8802431941032409,0.8690645918250084,0.899945878982544,0.8747100114822387
26.660000000390145,278.5739708262651,14.603800025542654,129.9502238037929,59.611688414919385,121.9310798451451,66.8621596904424,0.8751885131001472,0.9134099200367928,0.8802455499768257,0.8690622001886368,0.8999121189117432,0.8747278660535812
26.68000000039081,278.56166528687476,14.600563568586303,129.9282774515876,59.63373712744762,121.92216913182409,66.87893431502508,0.8751898407936096,0.9133913770318031,0.8802471056580543,0.8690601214766502,0.8998779162764549,0.8747463017702103
26.700000000391473,278.5493004046764,14.59744914721365,129.90632824445737,59.654978525741384,121.91274002658281,66.89465270780165,0.8751913607120514,0.9133714079856873,0.8802478790283202,0.8690583422780037,0.8998431503772736,0.8747653946280479
26.720000000392137,278.5368749202556,14.594439919043253,129.88437553566672,59.67540266380051,121.90279782993697,66.90930603277064,0.8751930460333824,0.9133500218391418,0.8802478566765785,0.8690568581223488,0.8998077899217606,0.8747851356863975
26.7400000003928,278.52438740775295,14.591518703943784,129.8624183942901,59.695000536777975,121.89234813083357,66.92288605265215,0.8752688944339752,0.9131928130984306,0.8802105247974396,0.8691045299172401,0.8999255076050758,0.8747675627470016
26.760000000393465,278.511836283258,14.588668192339046,129.84045566606886,59.71376369589949,121.88139680350912,66.93538513351832,0.8755987659096718,0.9128996700048446,0.8796021148562431,0.8692357257008553,0.9006331235170364,0.8743646949529648
26.78000000039413,278.49921980788565,14.585871088492496,129.81848602938499,59.731683875971235,121.86995000418749,66.94679624908484,0.8758757442235946,0.9132218837738036,0.8794004887342453,0.8690205186605453,0.9012180775403976,0.8738736495375633
26.800000000394792,278.48653609275084,14.583110210913178,129.7965080458764,59.74875264236643,121.85801416761915,66.95711298466061,0.8759505867958068,0.9131981909275054,0.8791523039340973,0.8688649728894233,0.9013308957219124,0.8737882256507873
26.820000000395456,278.4737830966809,14.580368579684373,129.77452020558763,59.764961004345615,121.84559600346401,66.96632954075379,0.8758495703339576,0.9128862589597702,0.8789868608117103,0.8688418924808502,0.9009965807199478,0.8740237504243851
26.84000000039612,278.4609532715685,14.577609198975882,129.75251972953865,59.780333952125794,121.83270249251956,66.97444073633191,0.8756220653653145,0.9125670492649078,0.8788219451904297,0.8687289893627167,0.9003593325614929,0.8744162380695343
26.860000000396784,278.44799617375435,14.574687799031963,129.73049617957045,59.79514804497172,121.81934088279668,66.98144201173437,0.875291907787323,0.9123186007142067,0.8788144931197166,0.8686584159731865,0.8995809018611908,0.8748763531446456
26.880000000397448,278.43475861934314,14.571356953680528,129.7084333899727,59.810273119672395,121.8055186854452,66.98732943123565,0.8749104350805282,0.9119308650493622,0.8790208846330643,0.8687065705657006,0.8986249759793281,0.8754114314913749
26.900000000398112,278.42102483320855,14.567495886281376,129.68634100335942,59.82697750462822,121.79124367053156,66.99209968525768,0.8745813995599746,0.9117400482296943,0.8793482214212417,0.8687052384018897,0.8978799164295196,0.8757435113191604
26.920000000398776,278.40660921497755,14.562959777035278,129.6642465056455,59.8464812431444,121.77652386267093,66.99575009223044,0.8741257056593895,0.9118038937449455,0.8797880455851554,0.8687430575489997,0.8974393457174301,0.8757007747888564
26.94000000039944,278.39142107758374,14.557439117108652,129.6421783756066,59.869600501523564,121.76136753651618,66.99827860009923,0.8736835837364196,0.9120387345552444,0.8802780047059059,0.8686171635985375,0.8968597114086151,0.8758129581809043
26.960000000400104,278.3754992079385,14.5509312385083,129.62016890855222,59.89532427908943,121.74578321210637,66.99968378747829,0.87336395829916,0.912074139714241,0.881138363480568,0.8687465891242027,0.8959290072321892,0.8760933697223663
26.980000000400768,278.35902262079645,14.543686366228298,129.59824707697166,59.92111277452147,121.72977965007725,66.9999648644499,0.8729916408658027,0.9122796282172203,0.88211669921875,0.8689057424664497,0.8951316446065902,0.8762215167284012
27.000000000401432,278.34229038705666,14.535973064380348,129.57642761948316,59.94367209075216,121.7133658467365,66.99912167300826,0.8724979177117348,0.9132484823465347,0.8841743648052215,0.8690101787447929,0.8933300495147705,0.8766771122813225
27.020000000402096,278.3256796420088,14.52789648709106,129.5547147293682,59.96016570383782,124.79644732944004,66.99715468714847,0.8721020147204399,0.9140036895871162,0.8857133314013481,0.8692444562911987,0.8917312517762184,0.877481310069561
27.04000000040276,278.3096353986774,14.519382408862954,129.53310578641185,59.9689865448292,132.82049232372435,66.99406501259999,0.8718621894717217,0.914301423728466,0.8870979636907578,0.8697496101260185,0.8904761925339698,0.8782055824995041
27.060000000403424,278.2946310603706,14.510422172295216,129.51160087252543,59.96906836197814,132.64105606537814,66.98985438620508,0.8715704768896103,0.9148992523550987,0.8882911086082458,0.8700006291270256,0.8896812975406646,0.8785061106085778
27.080000000404088,278.28111955846225,14.5011331394593,129.49018167976612,59.959287506529286,132.46176261447684,66.98452517494245,0.8712852463126183,0.9159732401371002,0.8893696695566177,0.8700653418898582,0.8893337771296501,0.8782140001654625
27.10000000040475,278.2695180596348,14.491904242632504,129.4688094725186,59.938466173830285,132.28268330371935,66.97808037459669,0.8711221367120743,0.9170797765254974,0.8902601450681686,0.8700510501861572,0.8892313838005066,0.8778620809316635
27.120000000405415,278.26023944576383,14.483754718719435,129.44743225575263,59.90449381668842,132.103889380608,66.97052360807415,0.8710183799266815,0.9182639852166176,0.891024163365364,0.8699814066290855,0.8895615816116332,0.8773021653294563
27.14000000040608,278.2536721610671,14.478210524379373,129.42597092474318,59.85431797348495,131.9254519791023,66.96185912336641,0.871113446354866,0.919039349257946,0.8917287886142731,0.8702038422226905,0.8900598376989365,0.8768676877021789
27.160000000406743,278.25013815771575,14.476727112802056,129.4043041478863,59.785102764391006,131.7474420913181,66.9520917911623,0.8713703438639641,0.9199964106082916,0.8924551039934158,0.8703834787011147,0.8906395524740219,0.8765113785862922
27.180000000407407,278.24990826574816,14.480349972637631,129.3823062150267,59.695672770807604,131.569930539283,66.9412271021098,0.8714640736579895,0.9212141245603561,0.8931950405240059,0.8704547449946404,0.8914217740297318,0.8757088661193847
27.20000000040807,278.2532030111646,14.48983264524045,129.3598807831434,59.586833364012435,131.3929879467595,66.92927116372958,0.8715146243572235,0.9225096940994263,0.893742211163044,0.8703143537044525,0.8922459185123444,0.8749624252319336
27.220000000408735,278.26016752685064,14.505924497842008,129.3369727433253,59.46035078070443,131.216684711147,66.91623069698163,0.8715940043330193,0.9237643554806709,0.8940302267670631,0.8700013488531112,0.893054586648941,0.8743215918540954
27.2400000004094,278.27088137085406,14.52934197719526,129.31356042847892,59.31873572499736,131.04109097547396,66.90211303248718,0.8716617614030838,0.9247676804661751,0.8942416027188301,0.8698903858661652,0.8940795660018921,0.8734458819031715
27.260000000410063,278.28529294632665,14.560654417903354,129.2896196798165,59.1650105660338,130.86627660049106,66.88692610640777,0.8717604488134384,0.9255640596151352,0.8942539274692535,0.8696753531694412,0.8949313908815384,0.8728740975260735
27.280000000410727,278.3031971782599,14.600351554672477,129.26512535998313,59.002522746672604,130.69231113687687,66.87067845598402,0.8716888561844826,0.9259768426418304,0.8941290885210037,0.8695342198014259,0.895445704460144,0.8725122138857841
27.30000000041139,278.32434081013713,14.648861487713026,129.2400718482968,58.83495493642507,130.5192637975668,66.85337921473646,0.871607169508934,0.9263786107301711,0.893998683989048,0.8693881869316101,0.8959597140550614,0.8721549615263938
27.320000000412055,278.3484726684183,14.70653101416837,129.21450026406742,58.66613597000677,130.34720343021644,66.83503810733121,0.8715217411518097,0.9267445266246795,0.8938587889075279,0.8692409560084343,0.8964629992842674,0.8718137934803962
27.34000000041272,278.37545942941273,14.773403089334312,129.18850394397245,58.49985668133432,130.17619848981013,66.81566544411325,0.8714368313550949,0.9270533204078674,0.8937037214636803,0.869096702337265,0.8969453275203705,0.8714978650212287
27.360000000413383,278.40511469925866,14.849736101175077,129.16219715997258,58.33983691852905,130.00631701142592,66.79527211531054,0.871356602013111,0.9272873342037201,0.8935289710760116,0.8689594715833664,0.8973978519439697,0.8712145030498505
27.380000000414046,278.4372853359648,14.935103951320565,129.13570873148817,58.189421126988925,129.8376265831675,66.77386958491222,0.8712862342596054,0.9274288833141326,0.8933302149176597,0.8688327148556709,0.8978099018335343,0.8709730818867684
27.40000000041471,278.47222130082724,15.02887098879832,129.1091677255623,58.05129806177555,129.6701943192739,66.75146988422408,0.8712779507040977,0.927351376414299,0.8930816456675529,0.8686938613653182,0.8980293512344361,0.8709268182516098
27.420000000415374,278.50979345998127,15.130088210166326,129.08269629073013,57.92749564460416,129.50408683341792,66.72808560510529,0.8712743788957595,0.9271665900945664,0.8927160874009132,0.8686040252447128,0.8982791677117348,0.8709256693720817
27.44000000041604,278.5499287530954,15.237701632687713,129.05640590060767,57.819440422972136,129.33937021220348,66.70372989289001,0.8712762162089348,0.9268823027610779,0.892272338271141,0.8685562998056412,0.8985421851277351,0.8709561169147492
27.460000000416702,278.59272446275145,15.350297838855763,129.03039432916256,57.72801767230928,129.17610998887278,66.6784164389977,0.8712830916047096,0.9265231996774673,0.8918182671070098,0.8685341447591781,0.8987904459238052,0.870993247628212
27.480000000417366,278.6383844110181,15.466553225898899,129.00474337020546,57.65362996231589,129.01437111723365,66.65215947323668,0.8712957248091697,0.926093116402626,0.891357034444809,0.8685383155941963,0.8990236908197403,0.8710367262363433
27.50000000041803,278.68705447973883,15.585008097095622,128.9795179624377,57.5962214204884,128.85421794581737,66.62497375580487,0.8713145092129707,0.9255989551544189,0.8908924847841263,0.8685686960816383,0.8992422729730606,0.8710860386490822
27.520000000418694,278.7390806867387,15.704290757326747,128.95476679617596,57.55523588141791,128.6957141922773,66.59687456899245,0.871339462697506,0.9250490844249725,0.89042878895998,0.8686243563890457,0.8994463890790939,0.871140594780445
27.540000000419358,278.7945349606725,15.822891065209324,128.9305185402314,57.52972380724094,128.53892291803854,66.567877708591,0.8713704824447631,0.9244524359703064,0.8899694561958312,0.8687040537595748,0.8996368840336799,0.871199817955494
27.560000000420022,278.8534331014799,15.939327228618845,128.90677966362878,57.51847093767436,128.38390650320872,66.53799947501398,0.8714070543646812,0.9238194480538368,0.8895187377929688,0.8688055977225303,0.899814048409462,0.8712629705667495
27.580000000420686,278.91630471980335,16.052027677771033,128.88353543448574,57.520101415826474,128.23072662175966,66.5072566641336,0.871448677778244,0.9231597766280174,0.889079588651657,0.8689268380403519,0.8999788969755173,0.8713293462991715
27.60000000042135,278.9821216883111,16.15965645934604,128.86075189563573,57.53316211302509,128.0794442169902,66.47566655783908,0.8714946374297142,0.9224839627742767,0.8886554062366485,0.8690648600459099,0.9001318901777268,0.8713981226086617
27.620000000422014,279.05084762096357,16.260922452456313,128.83837819719227,57.55619067550239,127.93011947727969,66.44324691432169,0.8715565651655197,0.9215978771448136,0.8881637528538704,0.8691929623484611,0.9000220492482185,0.8716393560171127
27.640000000422678,279.12234745873155,16.354768130218243,128.81634917159815,57.587768327949014,127.78281181214163,66.41001595809222,0.8716038256883621,0.9206009849905967,0.8876054912805557,0.8693339973688126,0.8997878968715668,0.8719535589218139
27.66000000042334,279.1964238013774,16.440269569082616,128.79458802642927,57.62655900792943,127.63757982858743,66.37599236973605,0.8716915965080261,0.9198547855019569,0.8871880903840065,0.8694269984960555,0.8995356261730194,0.8722899436950683
27.680000000424005,279.2728413057288,16.51644391226865,128.7730090854891,57.67133632080656,127.49448130780937,66.34119527541203,0.8718097925186157,0.9193016469478607,0.8868795156478881,0.869483758509159,0.8992713212966919,0.8726417109370231
27.70000000042467,279.3513472938929,16.58264039743914,128.75152047494643,57.72100026639638,127.35357318219198,66.30564423610082,0.8719295263290405,0.9187566131353379,0.8865893766283989,0.8695436522364616,0.8989985674619675,0.8729967057704925
27.720000000425333,279.43161449607226,16.638498305779475,128.73002735697116,57.77421873751291,127.21491151266136,66.26935923660876,0.872049318253994,0.9182179450988769,0.8863154739141464,0.8696054011583328,0.8987167656421661,0.8733540162444114
27.740000000425997,279.51332926423447,16.68383550839696,128.7084365423619,57.82865450599925,127.07855146638103,66.23236067433362,0.8721680864691734,0.9176884233951569,0.8860567212104797,0.8696680843830108,0.8984306275844574,0.8737099051475524
27.76000000042666,279.5961573018307,16.71845587152255,128.68665995431343,57.88219854198037,126.9445472948034,66.19466934779823,0.8722845032811165,0.9171777576208114,0.8858144327998161,0.8697304993867874,0.8981505513191222,0.8740566790103912
27.780000000427325,279.6797548327166,16.742280112178303,128.66462244665706,57.933204024226704,126.81295231208568,66.15630644495873,0.87239740639925,0.9166947588324547,0.8855895742774009,0.8697915598750114,0.8978862151503563,0.8743868947029113
27.80000000042799,279.76372252971936,16.755400395848053,128.64226659082482,57.9803753847352,126.68381887387851,66.11729353129395,0.8725056514143944,0.9162452787160873,0.885382167994976,0.8698502510786056,0.8976445570588112,0.8746946603059769
27.820000000428653,279.8476465906094,16.758062691849474,128.61955139156692,58.02266941313071,126.55719835649609,66.07765253768244,0.8726036593317985,0.9158734127879142,0.8852464929223061,0.8699054554104805,0.8973845124244689,0.8749877721071243
27.840000000429317,279.93111641219866,16.750687231061274,128.5964498153461,58.05921288137381,126.43314113647585,66.03740574807415,0.8726889222860336,0.9155948609113693,0.885199549794197,0.8699562251567841,0.897094601392746,0.8752672404050826
27.86000000042998,280.01372994009023,16.733860808305153,128.57294645459416,58.08925298688652,126.31169657053597,65.9965757869637,0.8727676719427109,0.9153449863195419,0.8851528167724609,0.8700018629431724,0.8968474358320236,0.8755124926567077
27.880000000430645,280.09509184303744,16.708344119152688,128.54903541919475,58.112147643264635,126.1929129759385,65.95518560667212,0.8728391572833061,0.915121303498745,0.8851045593619347,0.8700416445732116,0.8966407984495163,0.8757238104939461
27.90000000043131,280.1748134284103,16.67489019631643,128.52471848885915,58.127383033708,126.07683761126621,65.9132584744443,0.8729028686881065,0.9149230748414993,0.8850538790225982,0.8700750380754471,0.8964737147092819,0.8759010106325149
27.920000000431973,280.2526446119385,16.63415981331778,128.50000354310103,58.13459027573251,125.96351665762053,65.87081795936953,0.8729583457112312,0.9147488832473755,0.8849999263882636,0.8701016500592231,0.896344467997551,0.8760445669293403
27.940000000432637,280.3283334534751,16.587084710601406,128.4749032806859,58.13352200477738,125.85299520024815,65.8278879191322,0.8730053827166557,0.9145973965525627,0.8849421471357345,0.8701213151216507,0.896251368522644,0.876155199110508
27.9600000004333,280.401640001262,16.53469261592165,128.44943419714303,58.12403629307867,125.74531721060367,65.78449248660036,0.8730441048741341,0.9144681721925735,0.8848805591464043,0.8701342791318893,0.896193678677082,0.8762332379817962
27.980000000433964,280.4723319159054,16.478057925454227,128.42361577615296,58.10614077708242,125.64052552885546,65.74065605625962,0.8730746373534203,0.9143606871366501,0.884815265238285,0.8701407074928283,0.8961702764034271,0.8762794658541679
28.00000000043463,280.54026988878184,16.41797094789087,128.39746987220948,58.08002192109112,125.53866184684134,65.69640327049989,0.8730992510914802,0.9142752453684807,0.8847266137599945,0.8701424866914749,0.8961854487657547,0.8762878566980362
28.020000000435292,280.6054039303738,16.355314949002345,128.37102024244587,58.046048062635926,125.4397666914814,65.65175900576278,0.8731166943907738,0.9142089992761612,0.8846305638551711,0.8701386868953704,0.896231672167778,0.8762667700648308
28.040000000435956,280.66766123978704,16.291040791362295,128.34429218524963,58.00475436496332,125.34387940865417,65.60674835855755,0.8731262519955635,0.914159981906414,0.884538385272026,0.8701288029551506,0.8963031530380249,0.8762226924300194
28.06000000043662,280.7269627580237,16.225918867164026,128.3173122332868,57.95681763876012,125.2510381475427,65.56139663135315,0.8731285005807876,0.91412623077631,0.8844503775238991,0.8701133757829665,0.896396690607071,0.8761586725711822
28.080000000437284,280.78338950231114,16.160440470223907,128.29010784928522,57.90302803499877,125.16127984545669,65.51572931835463,0.8731239765882491,0.9141042590141296,0.8843665316700935,0.8700929284095764,0.896507577598095,0.8760787159204483
28.100000000437948,280.83697688391055,16.095325139213212,128.262707080288,57.844264101060894,125.07464021313686,65.46977209117178,0.8731130823493004,0.9140895336866378,0.8842864632606506,0.8700678586959839,0.8966301321983338,0.8759873151779175
28.120000000438612,280.88771684126993,16.031049973419076,128.23513808502304,57.78147499342086,124.99115372054725,65.42355078438787,0.8730966493487358,0.9140786662697792,0.8842101588845253,0.8700389489531517,0.8967598080635071,0.8758884221315384
28.140000000439276,280.93572663491045,15.967904471452423,128.20742884092107,57.71564438760894,124.9108535831612,65.37709138103699,0.8730754017829895,0.9140675842761993,0.8841374486684799,0.8700069457292556,0.8968914777040481,0.8757861137390136
28.16000000043994,280.9809565156206,15.906301350421987,128.17960699467005,57.64774888371367,124.83377174874643,65.33041999799781,0.873049907386303,0.9140515446662902,0.8840677291154861,0.8699724212288856,0.8970193743705749,0.8756846860051155
28.180000000440604,281.02382036079086,15.846492060829961,128.15169969883874,57.57872492852586,124.75993888465446,65.28356287131209,0.8730232998728752,0.9140283569693565,0.8839779779314995,0.8699379861354828,0.8971459656953812,0.8755791321396827
28.200000000441268,281.0649509499899,15.788642924265435,128.12373342097607,57.50944338244892,124.68938436561949,65.23654634143632,0.8729957088828086,0.9139940559864044,0.8838749274611473,0.8699039131402969,0.8972647920250892,0.8754753619432449
28.22000000044193,281.1041593599551,15.732917372728759,128.09573374207164,57.440689826111885,124.62213626207154,65.18939683843453,0.8729667365550995,0.91394614726305,0.8837686449289321,0.869870014488697,0.897370220720768,0.8753789812326431
28.240000000442596,281.1414421697703,15.679448756429771,128.06772511566,57.373150717015484,124.55822132896841,65.14214086712083,0.872937285900116,0.913884250819683,0.8836600869894028,0.869837175309658,0.8974609285593033,0.8752913266420365
28.26000000044326,281.17688153584567,15.628362529926305,128.0397306062126,57.30740367332061,124.4976649951513,65.09480499215984,0.8729079023003578,0.9138074859976768,0.883549839258194,0.8698059007525444,0.8975353017449379,0.8752136632800102
28.280000000443923,281.21060457934755,15.579624029512438,128.01177158306194,57.24391473101391,124.4404913532276,65.04741582313353,0.8728970438241959,0.913829556107521,0.8834897980093955,0.8697510674595833,0.8975921332836151,0.8751532196998596
28.300000000444587,281.2426767888097,15.533317607050062,127.98386724206425,57.18304992731769,124.38672314998568,64.99999999958284,0.8729096457362174,0.9139812976121903,0.883493946492672,0.8696668416261673,0.8976327911019325,0.875110800564289
28.32000000044525,281.2735171856604,15.489296414294573,127.95603423848512,57.125077971053905,124.33638177734498,64.95258417603239,0.8729225292801857,0.9141142457723618,0.8834956631064415,0.8695877611637115,0.8976596981287003,0.875076861679554
28.340000000445915,281.30317254447846,15.447514030743594,127.9282865016387,57.070166139561884,124.28948726384505,64.90519500700678,0.87293591350317,0.9142272651195525,0.8834949791431427,0.8695139914751052,0.8976717054843902,0.8750521585345268
28.36000000044658,281.3316950224257,15.407793340536873,127.9006351018796,57.018380845432404,124.2460582666772,64.85785913204695,0.8729499280452728,0.9143217548727989,0.883492560684681,0.8694456800818443,0.8976701140403748,0.8750359356403351
28.380000000447243,281.35918147215006,15.37001305089479,127.8730889291662,56.96969044181676,124.20611206426159,64.8106031607349,0.8729646220803261,0.9143992841243743,0.8834890782833099,0.8693828001618386,0.8976561933755874,0.8750273615121841
28.400000000447907,281.385684423841,15.334015426398745,127.84565820128698,56.923964242324246,124.16966454937298,64.76345365773523,0.87298004925251,0.9144620031118392,0.883485309779644,0.8693254008889199,0.8976319462060928,0.8750252649188042
28.42000000044857,281.4112875320146,15.299780420245805,127.81835732123831,56.880983128926445,124.13673022281769,64.71643712786202,0.8729961693286895,0.9145123034715652,0.8834820106625557,0.8692732319235802,0.8975992187857628,0.8750284433364868
28.440000000449235,281.43603604867224,15.26741785193997,127.7912032469789,56.84046834600282,124.10732218766438,64.66958000117934,0.8730129286646843,0.9145530238747597,0.883480030298233,0.8692262217402458,0.8975606441497802,0.8750352427363396
28.4600000004499,281.45994390756584,15.237080086985397,127.76421324259827,56.80210489555675,124.08145214403099,64.62290861814365,0.87303017526865,0.9145870834589004,0.8834801733493804,0.8691839680075645,0.8975183859467506,0.8750442147254943
28.480000000450563,281.48304612515227,15.208810067014678,127.7374031402575,56.765558217090486,124.05913038442971,64.57644921479674,0.8730478510260582,0.9146174505352974,0.8834832087159157,0.8691463857889176,0.8974753588438034,0.8750535756349563
28.500000000451227,281.50536631695417,15.18272210786453,127.71078608334668,56.73048583954734,124.04036578967214,64.53022790801724,0.8730658039450645,0.9146467313170433,0.8834897622466087,0.8691132694482803,0.8974339097738265,0.8750618144869804
28.52000000045189,281.5269155802599,15.158815167030172,127.68437169526958,56.69654666889377,124.02516582533598,64.48427068083926,0.8730838507413864,0.9146772950887679,0.8835003569722175,0.869084346294403,0.8973960906267165,0.8750676080584526
28.540000000452554,281.5477330563908,15.1370805824633,127.65816563266551,56.66340907612258,124.0135365387948,64.43860336784608,0.8731017857789993,0.9147110193967819,0.8835153460502624,0.8690593034029007,0.8973634839057922,0.8750699147582054
28.56000000045322,281.56784718053467,15.117494477911592,127.6321694482811,56.63075902354421,124.00548255681213,64.39325164064746,0.8731193408370018,0.9147494599223137,0.8835349798202514,0.8690378591418266,0.8973373860120774,0.8750678852200507
28.580000000453882,281.58728113229256,15.099995733503578,127.60638071632174,56.59830799578865,124.00100708370059,64.34824099344844,0.8731362029910087,0.9147937029600143,0.8835593745112419,0.8690195977687836,0.8973184362053871,0.8750610053539276
28.600000000454546,281.60605680586605,15.08449520470509,127.58079333047051,56.56580099641996,124.00011190004712,64.30359672871802,0.8731520771980286,0.914844374358654,0.8835885569453239,0.869004188477993,0.897306902706623,0.8750490561127663
28.62000000045521,281.6241892554171,15.07090602728326,127.55539792666197,56.533023556024844,124.00279736200454,64.25934394296539,0.8731666281819344,0.9149016529321671,0.8836223796010018,0.8689913362264633,0.8973028257489204,0.8750319704413414
28.640000000455874,281.6417115678371,15.059039144554848,127.53018239293435,56.499806987977024,124.00906240114982,64.21550751263219,0.8731795340776444,0.9149653822183609,0.8836606904864311,0.868980772793293,0.897305753827095,0.8750099718570709
28.660000000456538,281.6586744107318,15.04872112609544,127.50513242784476,56.46603142556301,124.01890452490922,64.17211208010832,0.8731904953718185,0.9150349676609039,0.8837031945586205,0.8689721763134003,0.8973148018121719,0.874983574450016
28.680000000457202,281.67511095483223,15.03981429144192,127.48023211258406,56.431626530903664,124.0323198175499,64.12918203987938,0.8731992214918136,0.9151097118854522,0.8837495923042297,0.8689652740955353,0.8973290532827377,0.8749532788991928
28.700000000457866,281.6910489047086,15.032190603899227,127.45546447880577,56.39656979180062,124.04930294173786,64.08674152481343,0.8732055112719536,0.9151887610554695,0.883799535036087,0.8689597934484482,0.8973473504185676,0.8749197512865067
28.72000000045853,281.7065114385101,15.025748910679857,127.43081204175128,56.3608828230787,124.06984714066144,64.04481439259486,0.873209199309349,0.9152711272239685,0.8838526740670204,0.8689555555582046,0.8973685666918755,0.8748836666345596
28.740000000459194,281.7214980421782,15.02037313372854,127.40625727705755,56.3246261650845,124.09394424071947,64.00342421231294,0.8732102006673813,0.915355809032917,0.8839086696505546,0.868952377140522,0.8973915219306946,0.8748456910252571
28.760000000459858,281.73609560593087,15.01594206401893,127.38178303149078,56.28789252787534,124.12158465477324,63.96259425121255,0.8732084795832634,0.9154417514801025,0.8839671373367309,0.8689501196146011,0.8974150806665421,0.8748065039515495
28.78000000046052,281.750395442776,15.012384435482007,127.35737286863778,56.25079885947281,124.15275738596078,63.92234746161473,0.8732040584087372,0.9155280739068985,0.8840278267860412,0.8689486667513847,0.8974381566047668,0.8747667133808136
28.800000000461186,281.7643975514028,15.009652465874153,127.33301134605489,56.21347833914167,124.18745003207201,63.882706468014064,0.873197004199028,0.9156139180064201,0.8840904653072357,0.8689479425549507,0.8974598377943038,0.8747268468141556
28.82000000046185,281.7781264847212,15.007718255098641,127.30868422419111,56.176072667142435,124.22564879048294,63.84369355436053,0.8731874421238899,0.9156986087560653,0.8841548696160316,0.8689479246735573,0.897479373216629,0.8746873468160629
28.840000000462513,281.7916165379261,15.006569040166639,127.28437860462813,56.13872501931883,124.26733846364722,63.80533065153266,0.873175510764122,0.9157815918326377,0.8842208877205848,0.8689486175775528,0.8974961996078491,0.8746484950184822
28.860000000463177,281.80490686400987,15.006203220604034,127.26008300519676,56.10157387842547,124.31250246514252,63.76763932500926,0.8731613889336586,0.9158625453710556,0.8842884570360183,0.8689500615000725,0.897509990632534,0.8746105059981346
28.88000000046384,281.81803971512966,15.006626564649023,127.2357873784476,56.064747819495324,124.36112282626942,63.730640762746496,0.8731452688574791,0.9159412503242492,0.8843575417995453,0.8689522787928581,0.8975205451250076,0.8745734602212906
28.900000000464505,281.83105961973723,15.007848589298057,127.2114830814701,56.02836135449155,124.41318020320047,63.69435576326718,0.8731273204088211,0.9160176441073418,0.8844281777739524,0.8689553454518318,0.8975277915596962,0.8745374158024788
28.92000000046517,281.84401282350115,15.009879216672951,127.18716280362308,55.99251189826558,124.46865388467612,63.658804723969055,0.8731077134609222,0.9160918384790421,0.8845004186034202,0.8689593240618706,0.8975318908691406,0.8745022475719452
28.940000000465833,281.85694676879683,15.012725860771045,127.16282045792795,55.95727786098955,124.52752180024486,63.62400762965847,0.8730759918689728,0.9161968111991882,0.8846404254436493,0.8689697533845901,0.8974681928753853,0.8744832262396812
28.960000000466497,281.86990955099776,15.01639104363533,127.13845104422317,55.92271787342119,124.58976052904397,63.58998404131608,0.8730370014905929,0.9163196071982384,0.8848199769854546,0.8689842820167542,0.8973668903112412,0.8744726181030273
28.98000000046716,281.88294934345055,15.020870658901222,127.11405049265838,55.88887099806123,124.65534530911769,63.55675308510072,0.872996187210083,0.9164435341954231,0.8850060552358627,0.8690002277493477,0.8972602769732475,0.8744628638029098
29.000000000467825,281.89611380895684,15.02615289213478,127.08961549822372,55.85575776619786,124.72425004726882,63.52433344159778,0.8729536697268486,0.9165684983134269,0.8851986154913902,0.869017581641674,0.8971484243869782,0.8744540080428124
29.02000000046849,281.90944952738647,15.032217803518979,127.06514335070744,55.823381829812874,124.79644732944004,63.492743335318,0.8729095071554184,0.9166950047016144,0.885397881269455,0.8690363526344299,0.8970317482948303,0.87444579154253
29.040000000469153,281.9230020962953,15.039043259325958,127.04063161826217,55.7917182703227,124.87190843162072,63.462000524452684,0.8728637486696244,0.9168234914541245,0.8856040939688682,0.869056536257267,0.896910646557808,0.8744379863142967
29.060000000469817,281.93686290445766,15.046572213256683,127.01607738711989,55.76066473784144,124.95060333127488,63.43212229089103,0.8728163942694663,0.9169545128941535,0.8858174994587898,0.8690781146287918,0.89678555727005,0.8744303286075592
29.08000000047048,281.9511170273608,15.05482787004884,126.99147687577566,55.730034716898984,125.03250071928576,63.40312543050523,0.8727674260735512,0.9170891776680946,0.8860385447740554,0.8691009759902953,0.8966572850942611,0.8744223043322563
29.100000000471145,281.96573766958636,15.063865042396566,126.96682550371122,55.69958873113069,125.11756801241242,63.37502624370873,0.8727168127894401,0.9172291040420532,0.8862678423523903,0.869125048816204,0.8965271040797234,0.8744130507111549
29.12000000047181,281.9807848868245,15.073731141968727,126.94211804082381,55.66906289690322,125.20577136625292,63.34784052629313,0.8726645052433014,0.9173760801553726,0.8865059733390808,0.8691502526402474,0.8963966459035874,0.8744015753269195
29.140000000472472,281.99631156824955,15.08446864816721,126.91734874698959,55.63818845363503,125.29707568870967,63.32158356054859,0.8726104006171226,0.9175321221351623,0.886753648519516,0.869176435470581,0.8962674975395203,0.8743868231773376
29.160000000473136,282.0123735587945,15.096099981627107,126.8925114993152,55.606704356761696,125.39144465395086,63.296270106673006,0.8725544273853302,0.9176990181207657,0.8870113775134086,0.8692034363746642,0.8961412727832794,0.8743678018450737
29.1800000004738,282.02904560166047,15.108597423029893,126.86759990876504,55.574365150392104,125.48884071686284,63.27191439447469,0.8724964022636413,0.9178783595561981,0.8872797325253486,0.8692310988903046,0.8960191428661346,0.874343729019165
29.200000000474464,282.04637648293453,15.122017859649073,126.8426074326352,55.54094643474355,125.58922512798773,63.24853011537313,0.8724361687898635,0.9180712997913361,0.8875590801239014,0.8692591950297356,0.8959019482135773,0.8743140280246734
29.220000000475128,282.06440811811416,15.136393370856947,126.81752747747754,55.506249618684876,125.69255794893995,63.22613041470242,0.8723735392093658,0.9182785853743552,0.8878495901823044,0.8692875191569328,0.8957902878522873,0.874278336763382
29.240000000475792,282.0831838522392,15.151747685653275,126.79235349238527,55.470106503217565,125.79879806829592,63.20472788432174,0.8723088085651397,0.9184931263327598,0.8881311416625977,0.8693220570683479,0.8956934601068497,0.8742457836866379
29.260000000476456,282.1027471183207,15.16810267217145,126.76707905909439,55.43238352134831,125.90790321795043,63.1843345555369,0.8722417443990708,0.9187164738774299,0.8884052634239197,0.8693621158599854,0.8956115365028381,0.874215130507946
29.28000000047712,282.1231407942585,15.185481957413097,126.74169797869624,55.39298513729485,126.01982998993319,63.16496189233698,0.8721717208623886,0.9189557448029518,0.8886919066309928,0.86940136551857,0.8955351337790489,0.8741772711277008
29.300000000477784,282.1444071403365,15.203913935940067,126.71620435422089,55.351855721114966,126.13453385367889,63.146620784949974,0.872098670899868,0.919209200143814,0.8889902532100677,0.8694398015737533,0.8954631611704826,0.8741331309080124
29.320000000478448,282.1665880518426,15.223434324022548,126.69059267386474,55.30897958028897,126.25196917374386,63.12932154372084,0.8720225229859352,0.9194760888814926,0.8892999231815338,0.8694773614406586,0.8953952878713608,0.8740830272436142
29.34000000047911,282.1897275472488,15.244049154930206,126.66485771210532,55.26437653124473,126.3720892279624,63.11307389331568,0.8719432413578033,0.9197554096579551,0.8896204426884651,0.8695139959454536,0.8953308433294296,0.8740275233983993
29.360000000479776,282.2138857877216,15.265802329349217,126.63899381722823,55.21808969624035,126.49484622603532,63.097886967255,0.871860808134079,0.9200460001826286,0.8899512708187103,0.8695497095584869,0.895269152522087,0.8739672273397445
29.38000000048044,282.2391074719606,15.288787141420848,126.61299447863777,55.1701823757122,126.62019132854356,63.08376930277943,0.8717752680182457,0.9203467562794685,0.8902918756008148,0.8695845469832421,0.8952095806598663,0.8739027291536331
29.400000000481104,282.2654478092746,15.313031060725288,126.58685272792172,55.12074575783064,126.74807466637915,63.070728836050506,0.8716867014765739,0.9206565782427788,0.8906417340040207,0.869618584215641,0.89515171200037,0.8738344758749008
29.420000000481767,282.2929594999179,15.33862589543087,126.56056162928861,55.06990088987023,126.87844536058596,63.05877289768942,0.8715951889753342,0.9209742367267608,0.8910002872347832,0.8696519553661346,0.8950949162244797,0.8737630754709244
29.44000000048243,282.32168374872634,15.365678169711606,126.53411466489752,55.01779476430385,127.01125154260193,63.04790820865618,0.8715008467435836,0.921298623085022,0.891367056965828,0.8696847677230835,0.895038616657257,0.8736890867352486
29.460000000483095,282.3516665921664,15.39428211691969,126.5075060217105,54.964592800567104,127.14644037489538,63.038140876471424,0.8714038044214248,0.9216284051537513,0.8917414173483849,0.8697171956300735,0.8949822008609771,0.8736131221055984
29.48000000048376,282.3829591329737,15.424529447046094,126.48073078316624,54.9104698141923,127.28395807198658,63.02947639178315,0.8713042721152305,0.9219623893499375,0.8921228274703026,0.8697495207190513,0.8949254050850868,0.8735355615615844
29.500000000484423,282.415616610389,15.456456428224179,126.45378503279048,54.855601266781335,127.42374992184655,63.021919625280134,0.8712304219603538,0.9224929258227348,0.8926107704639434,0.8697390913963318,0.8948664903640747,0.87346753180027
29.520000000485087,282.4497330084159,15.490086640769738,126.42666587932737,54.80015595650962,127.5657603076645,63.01547482495396,0.871160639822483,0.9230723455548286,0.8931303769350052,0.8697190776467323,0.894808080792427,0.8733996495604515
29.54000000048575,282.4853884253327,15.525512419533573,126.39937141372562,54.744290249700896,127.70993272997522,63.01014561371099,0.8710897535085678,0.9236611977219581,0.8936616241931915,0.8696977764368057,0.8947482228279113,0.8733317136764526
29.560000000486415,282.52267236837815,15.562754720583847,126.37190061473277,54.68814392398353,127.85620982913761,63.005934987335785,0.8710179552435875,0.9242585524916649,0.8942042797803879,0.8696754112839699,0.8946864470839501,0.8732642248272896
29.58000000048708,282.56163486831497,15.601949469097995,126.34425320844274,54.63183752457593,128.00453340815554,63.00284531280704,0.870945294201374,0.9248634040355682,0.894758003950119,0.8696520984172821,0.894622141122818,0.8731976836919785
29.600000000487743,282.6023279451859,15.643181331884028,126.31643080387963,54.57546710952703,128.15484445583172,63.00087832696702,0.8708720743656159,0.9254761278629303,0.8953232705593109,0.8696280166506767,0.8945559173822403,0.8731318309903144
29.620000000488407,282.644822129074,15.686501563248175,126.28844155980721,54.519092319850515,128.3070831702456,63.00003513554516,0.8707984432578086,0.9260966122150421,0.8959002271294594,0.8696032866835594,0.894487914443016,0.8730666533112525
29.64000000048907,282.68919732484716,15.732252033015918,126.26030059045252,54.46274426219748,128.4611889825458,63.00031621253654,0.8707244902849197,0.9267250537872315,0.8964892134070396,0.8695779576897621,0.8944183200597763,0.8730020612478256
29.660000000489735,282.7356641170886,15.78063213735381,126.23202813738328,54.406435487820175,128.61710058104777,63.001721399935384,0.8706504836678505,0.9273622751235961,0.8970908641815185,0.8695521414279938,0.894348207116127,0.8729374289512634
29.6800000004904,282.78431385096724,15.832017817894606,126.2036476968232,54.35016597098834,128.7747559356268,63.00424990782392,0.8705764546990394,0.9280086159706116,0.8977055862545967,0.8695258021354675,0.8942777901887894,0.8728726089000701
29.700000000491062,282.8349937493149,15.886714188774087,126.17518441926542,54.29392617226722,128.93409232239716,63.00790031481639,0.8705028057098388,0.9286657392978668,0.8983344748616219,0.8694990739226341,0.8942089781165122,0.8728064477443694
29.720000000491726,282.8878012251397,15.945080927687044,126.14666378378053,54.23769938433926,129.0950463486668,63.01267056885812,0.8704296350479126,0.9293341368436813,0.8989780128002166,0.8694719299674034,0.8941423028707504,0.8727386504411697
29.74000000049239,282.9428386292761,16.00734137434817,126.11811054679222,54.18146339899002,129.2575539781588,63.018557988379015,0.8703572198748588,0.9300149083137512,0.8996370494365692,0.8694444373250008,0.894078966975212,0.872668519616127
29.760000000493054,283.0001871119946,16.073783437597175,126.0895479540734,54.12519206949243,129.42155055648803,63.02555926380104,0.8702941432595253,0.9305932730436325,0.9002387851476669,0.8694105118513107,0.8939092189073562,0.8726979970932006
29.780000000493718,283.06037760401927,16.144459350247427,126.06099718764322,54.06885760183086,129.5869708368846,63.03367045939865,0.8702240347862243,0.9310731828212738,0.900745977461338,0.8693639352917671,0.8936545252799988,0.8727676719427109
29.800000000494382,283.1235622720201,16.219492864180683,126.03247702645626,54.01243302255042,129.75374900615236,63.04288701551123,0.8701533988118172,0.9315601557493209,0.9012582883238792,0.8693152755498886,0.8933993890881539,0.872834588587284
29.820000000495046,283.1892710189302,16.298849193677846,126.00400367533518,53.95589586181592,129.921818710853,63.053203751106324,0.8700839787721634,0.9320561587810516,0.9017821729183196,0.8692656636238097,0.8931435912847518,0.8729036241769791
29.84000000049571,283.25769675332316,16.382602680388402,125.97559074134975,53.89923129100347,130.09111308370504,63.06461486669204,0.8700159177184105,0.9325614959001541,0.9023181140422821,0.8692150235176086,0.8928871184587478,0.8729750514030457
29.860000000496374,283.3289977775238,16.470787088843437,125.9472495018155,53.84238584290605,130.2615647701874,63.0771139475773,0.8699491038918495,0.9330761045217514,0.9028663620352745,0.8691632434725761,0.892629474401474,0.8730491831898689
29.880000000497038,283.40330167597983,16.563275888460268,125.91899006913474,53.785100532972535,130.43310595533657,63.09069396747775,0.8698834255337715,0.9336000740528106,0.9034271985292435,0.8691101804375648,0.892370256781578,0.8731262519955635
29.900000000497702,283.4807124753867,16.660090244553697,125.8908228602178,53.726911283406025,130.60566839072715,63.10534729246555,0.8698188155889511,0.9341342896223068,0.9040012449026108,0.8690555483102799,0.8921095818281174,0.8732061594724655
29.920000000498366,283.56133102102797,16.760926796231704,125.86275865437142,53.667274771597505,130.77918342162474,63.121065685260795,0.8697550147771835,0.9346800476312637,0.9045890688896179,0.8689988017082214,0.8918475925922393,0.8732885256409645
29.94000000049903,283.6452707971783,16.86549583615769,125.83480822165801,53.605661066920824,130.95358201430062,63.13784030986198,0.8696918576955796,0.9352389484643936,0.9051913231611252,0.8689393416047096,0.8915848076343537,0.873372845351696
29.960000000499694,283.73264639897684,16.973420875595902,125.80698202036535,53.541600745394625,131.12879478349706,63.15566173651315,0.8696288973093033,0.9358123064041137,0.9058083385229111,0.8688764572143555,0.8913213521242142,0.8734585598111152
29.980000000500358,283.8235633647789,17.084252723401022,125.77928999699117,53.474701339475956,131.30475202003254,63.17451994700479,0.8695656776428222,0.9364009261131286,0.9064401373267174,0.8688094779849053,0.8910571992397308,0.8735452443361282
30.00000000050102,283.91808674838853,17.197796004513062,125.7517414823076,53.404645468084155,131.4813837185359,63.19440434030546,0.8695017203688621,0.9370050758123397,0.907086406648159,0.8687378004193306,0.890792116522789,0.8736326485872269
30.020000000501685,284.01629328136534,17.313492509215443,125.7243451898232,53.33118081899423,131.65861960529836,63.21530373852114,0.8694364756345748,0.9376243978738784,0.9077464491128922,0.8686608880758285,0.8905255988240242,0.8737207010388374
30.04000000050235,284.11821789152003,17.431293084143086,125.69710932622915,53.254108568375926,131.836389166232,63.2372063931788,0.8693693757057189,0.938257935643196,0.9084191292524337,0.8685782805085182,0.8902570068836212,0.8738094463944435
30.060000000503013,284.22389806801834,17.550687110110303,125.67004179856758,53.17327360932098,132.0146216749244,63.26009999183075,0.8693000182509422,0.938904669880867,0.9091033026576042,0.8684896647930145,0.8899859428405762,0.8738989114761352
30.080000000503677,284.333384744826,17.67165601065078,125.64315049897083,53.088557480454675,132.1932462207772,63.283971664975965,0.8692280009388923,0.939563000202179,0.9097975432872772,0.8683948934078216,0.8897118389606475,0.8739892795681953
30.10000000050434,284.44670798926694,17.793841902642693,125.61644363376456,52.99987350019103,132.37219173721837,63.308807993294664,0.8691531628370285,0.9402314782142639,0.9105003669857978,0.8682939484715462,0.8894347667694091,0.8740805238485336
30.120000000505005,284.56393606084674,17.917215547657726,125.58993006367555,52.907163151192414,132.5513870299763,63.334595015191866,0.8690752759575844,0.9409085124731064,0.9112102583050727,0.8681868702173233,0.8891546681523322,0.8741725370287895
30.14000000050567,284.68504797092345,18.041806834939045,125.56361962922199,52.81039283434845,132.73076080540466,63.3613182346458,0.8689944162964821,0.9415928065776825,0.911925858259201,0.8680738687515258,0.8888720750808715,0.8742651179432869
30.160000000506333,284.81010976871056,18.16744411408429,125.53752344039307,52.70955055782948,132.91024169884716,63.388962629356804,0.868910476565361,0.9422829568386077,0.9126457631587982,0.8679550960659981,0.8885871708393097,0.8743580296635628
30.180000000506997,284.9394799705588,18.29438170048327,125.5116541099046,52.60464252264733,133.08975830302998,63.41751265919197,0.8688585713505744,0.9429297894239426,0.9132965475320816,0.8678272306919098,0.8883513510227203,0.8744643837213516
30.20000000050766,285.0733728700633,18.422317319647043,125.48602591616529,52.49568955291463,133.26923919647172,63.44695227492099,0.8688622772693634,0.9434514701366424,0.9137285977602004,0.8676887392997742,0.8882944256067276,0.8745489984750747
30.220000000508325,285.21117379815934,18.551557136331006,125.4606548960487,52.38272394524871,133.4486129718986,63.477264927238096,0.8689019292593002,0.9438774317502975,0.9139876365661621,0.8675422906875611,0.888379031419754,0.8746082797646523
30.24000000050899,285.3529127328358,18.681932803229635,125.43555887866857,52.26578691385401,133.62780826465425,63.508433576065165,0.8689384430646896,0.9443069249391556,0.9142456203699112,0.8673915550112724,0.8884605169296265,0.8746676057577133
30.260000000509653,285.49873834329645,18.813603977961716,125.41075747097038,52.14492673925876,133.80675378109243,63.540440700130716,0.8689718902111053,0.9447409063577652,0.9145029246807098,0.8672365233302116,0.8885396242141723,0.874726377427578
30.280000000510316,285.6486392663372,18.946731712248585,125.3862720453996,52.02019560492589,133.98537832694151,63.57326830681936,0.8690022885799408,0.9451791167259216,0.9147594779729843,0.8670774549245834,0.8886164516210556,0.8747844874858856
30.30000000051098,285.80270948542824,19.08119600505613,125.36212563505843,51.891666157362415,134.16361083562944,63.60689794228627,0.8690295621752738,0.9456210911273956,0.9150150120258331,0.8669145599007606,0.8886908560991287,0.8748419046401977
30.320000000511644,285.9609228231296,19.217057921075376,125.33834214440488,51.75952136786809,134.3413803965579,63.641310701830875,0.8690539121627807,0.9460668385028839,0.9152697905898094,0.8667481556534767,0.8887630701065063,0.8748986110091209
30.34000000051231,286.12327340095334,19.353985202274608,125.31494526367477,51.62409483356878,134.51861628331437,63.67648724052404,0.8690751910209655,0.9465154021978378,0.9155233442783356,0.8665784925222396,0.8888325750827789,0.8749548524618148
30.360000000512972,286.2897341757478,19.49179336881015,125.29195780957865,51.48581411391303,134.69524798181106,63.71240778408271,0.8690934881567954,0.946965754032135,0.9157754272222519,0.8664060220122337,0.8888989105820656,0.8750110983848571
30.380000000513636,286.4601997848572,19.630022028401516,125.26940129377093,51.345142298366504,134.87120521833913,63.74905213998589,0.8691270112991333,0.9476397126913071,0.9164806872606277,0.8662227153778076,0.8891073226928711,0.8751205012202262
30.4000000005143,286.6363180807978,19.768141785029588,125.24729559747882,51.2025384087189,135.0464179875274,63.786399708825776,0.8691663905978203,0.9484166234731674,0.9173993349075317,0.8660333469510079,0.8893820345401764,0.8752548664808273
30.420000000514964,286.81608248389153,19.905840382593013,125.22565873736232,51.05843279647866,135.22081658019442,63.824429495887536,0.8692028194665908,0.9491894662380218,0.918319833278656,0.8658425390720367,0.8896539837121963,0.8753909796476363
30.440000000515628,286.9994939613213,20.04295124442394,125.20450671105881,50.91321353795897,135.3943316110824,63.86312012295144,0.8692351981997489,0.949945268034935,0.9192348554730415,0.8656514048576355,0.8899166524410248,0.8755325511097908
30.460000000516292,287.18654869847336,20.17911386080195,125.18385340976621,50.76721975618952,135.56689404646266,63.90244984031044,0.8692253813147545,0.9502491980791091,0.9199910327792168,0.8654778972268105,0.8899844855070114,0.8758172720670699
30.480000000516956,287.3771841754949,20.314164779042674,125.16371169767092,50.62072891513712,135.7384352316008,63.94239653899667,0.8692139461636543,0.9505239903926849,0.9206357508897781,0.865323831140995,0.8900809466838836,0.8761452525854111
30.50000000051762,287.57134034163505,20.448175095956742,125.14409822181153,50.47393145025496,135.90888691807143,63.98293776320985,0.8691997438669204,0.950795179605484,0.9212752297520638,0.8651694163680076,0.890172030031681,0.8764773860573768
30.520000000518284,287.7689247139025,20.58115491528967,125.1250368088803,50.326957735227516,136.078181290911,64.02405072294071,0.8691830337047577,0.9510613441467285,0.9219078421592712,0.8650153681635856,0.8902570471167565,0.8768133506178856
30.540000000518948,287.9711219276287,20.713517862980073,125.10655937515045,50.17992472173189,136.24625099559847,64.06571230678223,0.8691640347242355,0.9513228952884674,0.9225333333015442,0.8648619368672371,0.89033665060997,0.8771523416042327
30.56000000051961,288.17650104410023,20.845396518692702,125.08870525839255,50.032889903887984,136.4130291648524,64.1078990949216,0.8691430777311325,0.9515808790922164,0.9231520473957061,0.8647093549370766,0.8904122442007064,0.8774932906031608
30.580000000520275,288.3850138744677,20.976938333015184,125.07151647825918,49.88564412434554,136.5784494452344,64.15058737230552,0.8691204398870468,0.951835572719574,0.9237640023231506,0.8645578816533088,0.8904844760894776,0.8778358131647109
30.60000000052094,288.59669264099745,21.10849625800426,125.05503383297172,49.73777677570394,136.74244602354844,64.19375314197148,0.8690962687134742,0.9520881652832031,0.9243696540594101,0.8644074723124504,0.890554629266262,0.8781790196895599
30.620000000521603,288.81155022302977,21.239996148169908,125.03929743502661,49.588824989658896,136.90495365302448,64.23737213853751,0.8690707519650459,0.9523404091596603,0.9249701425433159,0.8642579659819603,0.890624451637268,0.8785220429301261
30.640000000522267,289.02970302574926,21.371013930356973,125.02434812944097,49.43836837439299,137.0659076792776,64.28141984184279,0.8690438136458397,0.9525938153266906,0.9255662322044372,0.8641090139746666,0.8906951278448104,0.8788641139864921
30.66000000052293,289.2511739300702,21.50166080851867,125.01022881233322,49.2860693675676,137.22524406603068,64.32587149073161,0.8690152391791344,0.9528494745492935,0.9261582404375076,0.8639601781964302,0.8907672971487045,0.8792045980691909
30.680000000523595,289.4759385231846,21.631645087640443,124.99698565731724,49.13167829274378,137.38289942059183,64.37070209697256,0.868984854221344,0.9531082451343537,0.9267466366291046,0.8638111412525177,0.8908414602279663,0.8795431688427925
30.70000000052426,289.7040744401875,21.760445660532024,124.98466923287981,48.97501880420937,137.5388110190752,64.41588645930568,0.8689523279666901,0.9533703863620758,0.9273313403129577,0.863661541044712,0.8909173935651779,0.8798798218369484
30.720000000524923,289.9355830549116,21.888027158500073,124.97333554962623,48.815967179437614,137.69291683135623,64.46139917760905,0.868662779033184,0.9534156262874603,0.9282656610012054,0.8632111802697181,0.8901938319206237,0.8809490486979484
30.740000000525587,290.17040676278054,22.014216595075805,124.96304708596831,48.65443343904918,137.84515554575026,64.50721466717742,0.8684965312480927,0.9535161733627319,0.9287337332963943,0.862945918738842,0.8898948550224304,0.8814947485923766
30.76000000052625,290.40856478707883,22.138443930674732,124.95387378780786,48.4903476394421,137.99546659340595,64.55330717310444,0.8683914870023727,0.9538196921348572,0.9292935192584991,0.8627247124910354,0.889890706539154,0.8818588003516197
30.780000000526915,290.65008390410435,22.260678188895074,124.94589401329586,48.32365181298958,138.1437901724028,64.59965078476068,0.8682999119162559,0.9538392275571823,0.9297769516706467,0.8625753581523895,0.8896448284387588,0.8824425384402275
30.80000000052758,290.8948787128185,22.380922990002617,124.93919540579884,48.154296332987954,138.29006727154348,64.6462194503591,0.8682435944676399,0.9539430916309356,0.9301835924386977,0.8624464511871338,0.889561340212822,0.8828305512666702
30.820000000528243,291.14288018808395,22.499220847708244,124.93389025355398,47.981865536516544,138.43423969383187,64.69298699159991,0.868202793598175,0.9540607064962386,0.930737441778183,0.8623229488730431,0.8894621968269348,0.8832834154367447
30.840000000528907,291.39415319260445,22.615561832136848,124.93015093622525,47.80475098602969,138.57625007962693,64.73992711838656,0.8681820601224899,0.9543230533599854,0.9311397194862365,0.8622205063700675,0.8896227806806564,0.8834996551275253
30.86000000052957,291.6488661280339,22.73017132412661,124.9281527697739,47.621575911823214,138.71604192946342,64.78701344360456,0.8681325376033783,0.9543514668941497,0.9313423424959183,0.862140978872776,0.8895274549722672,0.8837650597095489
30.880000000530234,291.9070310847737,22.843238377263173,124.9280643949336,47.43169476621858,138.85355962653054,64.83421949795483,0.8681383311748504,0.9544475436210632,0.9318660974502563,0.8620631009340286,0.8895124614238739,0.8842167258262634
30.9000000005309,292.16864530087145,22.954731271138666,124.93003438192878,47.234726993216974,138.98874845879936,64.88151874483327,0.8680941507220268,0.9546205818653106,0.9320753812789917,0.8619860902428627,0.8895835623145103,0.8843379214406013
30.920000000531562,292.43371290415047,23.064212183656963,124.93418658802054,47.030685487736996,139.12155464079015,64.92888459524818,0.8680787682533264,0.9547237485647201,0.9323568880558014,0.8619244530797004,0.8896055072546005,0.8845664411783218
30.940000000532226,292.7022844513051,23.171490043454863,124.94064023033555,46.81986695858001,139.2519253349712,64.97629042276701,0.8681635662913322,0.9549014091491699,0.932852354645729,0.8619263887405395,0.8898262128233909,0.8848169282078743
30.96000000053289,292.9746930057317,23.276400510212,124.94948182767709,46.60301978458023,139.3798086727805,65.02370957848437,0.8681298911571502,0.9550770580768585,0.9331269145011901,0.8618543088436127,0.8898621410131454,0.8848885923624038
30.980000000533554,293.2510657566042,23.378709480726577,124.96074629536866,46.38090313624316,139.50515377526196,65.0711154060025,0.8681252598762512,0.9552450716495514,0.9334806978702544,0.8618013709783554,0.8899730950593948,0.8851464197039604
31.000000000534218,293.5304062121146,23.478255190543123,124.97446571048276,46.15402029640032,139.62791077330755,60.69104628662887,0.8681031182408333,0.9553936123847961,0.9337615519762039,0.8617410972714424,0.8900290727615356,0.8853163778781891
31.020000000534882,293.81264657733135,23.574861104206,124.99062893168805,45.92307123839127,139.74803082749827,63.04053544588083,0.8681555643677711,0.9557102292776107,0.9343408554792404,0.8616777345538139,0.8903080850839614,0.8855156615376473
31.040000000535546,294.09768693567344,23.668534412809894,125.00920586682214,45.6887128919953,139.86546614753493,63.08106349090184,0.8680850580334664,0.9559920489788055,0.9346317052841187,0.8615595072507858,0.8904107689857482,0.8855777814984321
31.06000000053621,294.3854118894499,23.75915780527038,125.03019138631149,45.45154438424523,139.98017001125183,63.12157673555447,0.8680925369262695,0.9563335567712784,0.9351308465003967,0.861472076177597,0.8906667321920395,0.8857188925147056
31.080000000536874,294.67563640692833,23.84688572931459,125.0535735988164,45.212221476648374,140.0920967832053,63.16206778303235,0.8680591836571693,0.9566498786211014,0.9355401426553726,0.8613572955131531,0.8908531278371811,0.8858565345406532
31.100000000537538,294.96816984660586,23.93189303700465,125.07934199744871,44.971176735351875,140.20120193283006,63.20252924058181,0.8680090978741646,0.9569648951292038,0.9360547691583633,0.8612392202019691,0.890984658896923,0.8861125782132149
31.1200000005382,295.2628362453856,24.014373831500485,125.1074991806391,44.72874679849008,140.30744205215586,63.24295372085165,0.8679551407694817,0.9573820412158965,0.9366070628166199,0.861077630519867,0.8911990880966186,0.8862844586372375
31.140000000538866,295.55947830321065,24.09437915321866,125.13811711998638,44.48528682297372,140.41077487307746,63.283333843241884,0.8679502367973327,0.9576521754264832,0.9370733469724655,0.8610043659806251,0.8913811385631562,0.8865011811256408
31.16000000053953,295.8580051719922,24.172179282392452,125.17128389564962,44.24129110221455,140.5111592841713,63.32366223525128,0.8679088234901428,0.9580542474985122,0.9376077324151992,0.8608697727322578,0.8915965020656585,0.8866086348891258
31.180000000540193,296.15827458612364,24.248069676471175,125.20713759822087,43.99724335651119,140.60855534705186,63.36393153382338,0.8679253816604614,0.958343756198883,0.9381289839744568,0.8608022078871727,0.8918281555175781,0.8868421390652657
31.200000000540857,296.4601599839821,24.32235170746042,125.24585540879094,43.75350245414004,140.70292431226116,63.40413438669092,0.8678299307823181,0.9587947964668274,0.9385020345449447,0.8606343820691108,0.8920589238405228,0.8868012756109237
31.22000000054152,296.7635935427113,24.39526299767457,125.28768049475423,43.510189516709694,140.79422863468568,63.44426345371805,0.8677956029772759,0.9591574132442474,0.9389859586954117,0.8605347067117691,0.8922788113355636,0.8869081661105156
31.240000000542185,297.06852520138517,24.467134359469533,125.33292468786998,43.26739373311868,140.88243198849358,63.484311408240615,0.8675265192985534,0.9593029409646988,0.9389709383249283,0.8602810636162758,0.8920143365859985,0.8872152388095855
31.26000000054285,297.37487045833,24.538326894791552,125.38193109069,43.02521500473484,140.96749928158727,63.524270938403745,0.8673716619610786,0.9595591098070144,0.9391693413257599,0.8601050347089767,0.8919973582029342,0.8873897165060043
31.280000000543513,297.68255432393033,24.609080910273292,125.43508648668876,42.78387419363856,141.04939666956483,63.56413474849687,0.8672137022018432,0.959819409251213,0.9393607795238494,0.859931567311287,0.8919725745916366,0.8875520884990692
31.300000000544177,297.99150938978767,24.67952060979371,125.49279391784327,42.54362608796866,141.12809156918533,63.60389556028575,0.8670342981815338,0.960186094045639,0.9396555185317993,0.8597479164600372,0.8919183582067489,0.8876656532287598
31.32000000054484,298.30212458674487,24.74955685681098,125.55541535385183,42.30502026447282,141.20355267133203,63.64354611434133,0.8668554350733757,0.9605403155088424,0.9399255990982055,0.8595690622925758,0.891862228512764,0.8877722442150116
31.340000000545505,298.614452127807,24.819237516887256,125.62324815188094,42.06844250221457,141.27574995346896,63.68307917136514,0.8666772603988647,0.9608820110559463,0.9401717454195022,0.859394995868206,0.8918037205934525,0.8878723353147506
31.36000000054617,298.92798118729934,24.888729714053923,125.69633714283975,41.833719902093705,141.34465469158553,63.72248751351097,0.8664998412132263,0.9612110197544098,0.9403943687677383,0.8592257037758827,0.8917422533035279,0.8879664897918701
31.380000000546833,299.24296339166136,24.95811433913043,125.7745767619339,41.60053701924338,141.41023947162438,63.76176394570281,0.8663232579827308,0.9615284413099289,0.9405952483415604,0.8590609580278397,0.891678287088871,0.8880549937486648
31.400000000547497,299.55957022830484,25.027400317851203,125.85778539610523,41.3686133456342,141.4724782003884,63.80090129694839,0.866147680580616,0.9618358671665191,0.9407767713069916,0.8589004725217819,0.8916128635406494,0.8881378203630447
31.42000000054816,299.87799000282644,25.096494509763186,125.94578072636341,41.13777003940131,141.53134611592174,63.839892421648514,0.8660348802804947,0.962094047665596,0.9409072518348693,0.8587598487734794,0.891651862859726,0.8881486698985099
31.440000000548824,300.19842464447976,25.16528389286599,126.03838732153126,40.907904271602405,141.58681979736178,63.87873020090164,0.865962541103363,0.9624030023813247,0.9410552203655242,0.8586327657103539,0.891858035326004,0.8880334734916687
31.46000000054949,300.5210207132471,25.233743478054393,126.13542666305109,40.6789504921408,141.638877174257,63.91740754380367,0.8658898130059242,0.9627184569835663,0.9411974221467971,0.8585086956620216,0.8920805782079696,0.8879003286361694
31.480000000550152,300.84591348348266,25.30181086060205,126.2367089164526,40.450854150757785,141.68749753534786,63.95591738874257,0.8658178403973579,0.96302470266819,0.941324970126152,0.8583874553442001,0.8923029243946076,0.887763611972332
31.500000000550816,301.1732322796291,25.3693365912855,126.3420273908764,40.22355889435748,141.73266153680692,63.994252704687646,0.865746520459652,0.9633227407932281,0.9414392501115799,0.8582688212394715,0.892525266110897,0.8876235246658325
31.52000000055148,301.503116943495,25.436235574494997,126.45115074044945,39.99703921320123,141.7743512099348,64.0324064924733,0.8656756922602653,0.9636123657226562,0.9415403068065643,0.8581526100635528,0.8927467629313469,0.8874806702136994
31.540000000552144,301.83563524964575,25.502418649384506,126.56380967294443,39.77146611268446,141.81254996830913,64.07037178607685,0.8656052619218826,0.9638934075832366,0.9416282385587692,0.8580386966466903,0.8929666459560394,0.8873356387019157
31.560000000552808,302.1707972023819,25.567702378574285,126.67971905616389,39.5473437033053,141.84724261438362,64.10814165389044,0.8655464991927146,0.9641091823577881,0.9416382431983947,0.8579489946365356,0.8931544452905654,0.8871901601552963
31.580000000553472,302.5085749156753,25.63188496350906,126.79859026834058,39.32537373465338,141.87841534553428,64.14570919998656,0.8655023723840714,0.9642437130212783,0.9415525376796722,0.8578889042139053,0.8932995706796646,0.8870461255311965
31.600000000554136,302.8489099237183,25.694794573234002,126.92013272153754,39.106292571002136,141.90605575955107,64.18306756537706,0.8654578700661659,0.9643684267997741,0.9414543330669403,0.857829426229,0.8934370517730713,0.886904276907444
31.6200000005548,303.1917209497084,25.756310248709337,127.04405449067431,38.890774694472825,141.930152859572,64.22020992926551,0.8654130548238754,0.9644805431365966,0.9413406789302826,0.857770761847496,0.8935643136501312,0.8867657363414764
31.640000000555464,303.53691191090905,25.816363927062177,127.17006289940646,38.67939131868036,141.95069705845836,64.25712951029249,0.865368016064167,0.9645787298679351,0.9412110924720763,0.8577130898833275,0.8936795860528945,0.8866316974163055
31.660000000556128,303.88437975909045,25.874928288913363,127.2978546131346,38.4726010579212,141.96768018260906,64.2938195677737,0.8653228208422661,0.9646618068218231,0.9410648673772811,0.8576565623283386,0.8937813892960548,0.8865030005574226
31.68000000055679,304.2340228500264,25.931987737587754,127.42706709263908,38.27074723267813,141.98109547521238,64.33027340293067,0.8652775585651398,0.9647293001413345,0.9409019142389298,0.8576013043522834,0.8938690707087517,0.8863800391554832
31.700000000557456,304.5857652316348,25.98744097064377,127.5572380954507,38.074061873055335,141.9909375989344,64.36648436011383,0.8652323365211486,0.9647815763950347,0.9407230019569397,0.8575474008917808,0.8939429074525833,0.8862627595663071
31.72000000055812,304.93955697016446,26.04119963357659,127.68782741686557,37.88268500571297,141.99720263804227,64.40244582801763,0.865187194943428,0.9648193776607513,0.9405291229486465,0.8574948742985725,0.8940034627914428,0.8861508801579475
31.740000000558783,305.2953070148292,26.09327326084983,127.81824776851172,37.696682763535044,141.99988809996225,64.43815124088769,0.8651421785354614,0.9648439466953277,0.9403219223022461,0.8574437245726585,0.8940517604351044,0.8860439538955688
31.760000000559447,305.6529370394584,26.14361392671744,127.94789060864947,37.516059909333094,141.99899291627133,64.47359407971945,0.8650973185896873,0.9648569911718368,0.9401036262512207,0.8573939070105553,0.8940891236066818,0.885941506922245
31.78000000056011,306.0123818412184,26.192161935011367,128.07614741420105,37.34076815436591,141.99451744312236,64.50876787344852,0.8650525882840157,0.9648599863052367,0.9398762464523315,0.8573453411459923,0.8941166073083877,0.885843177139759
31.800000000560775,306.3735861278303,26.23885381112248,128.20242779406738,37.17071230056188,141.9864634611023,64.54366620013204,0.8650001421570778,0.9648703575134276,0.939646863937378,0.8572929754853248,0.8941117703914642,0.8857785448431968
31.82000000056144,306.7365015597726,26.283627159116495,128.32617626851192,37.0057559035604,141.97483417452375,64.57828268812128,0.8649147361516952,0.964942678809166,0.9394351750612259,0.857220721244812,0.8940009012818336,0.8858438566327095
31.840000000562103,307.1010845622908,26.32642424829936,128.44688346325583,36.845727196010465,141.95963421015026,64.61261101722485,0.8648308053612709,0.9650100111961364,0.9392212152481079,0.8571503400802613,0.8938905999064445,0.8859056457877159
31.860000000562767,307.46730281126185,26.367100909197855,128.56409422983583,36.69042554885552,141.94086961535547,64.64664491986275,0.8647482961416244,0.9650688767433167,0.9390031695365906,0.8570820018649101,0.8937764763832092,0.885966357588768
31.88000000056343,307.8351412883985,26.40567063149479,128.67741381978834,36.53962823165856,141.91854785571704,64.68037818221056,0.8646671772003174,0.965119856595993,0.938781726360321,0.8570156306028366,0.8936591297388077,0.8860255807638168
31.900000000564095,308.20454926440635,26.44213190433188,128.78651261604494,36.39308521923764,141.89267781204657,64.71380464533408,0.864587439596653,0.9651635140180588,0.9385574221611023,0.8569511502981185,0.8935391813516617,0.8860829308629036
31.92000000056476,308.57547972768356,26.476519659275354,128.89113268608924,36.250442178740194,141.86326977685633,64.74691820631367,0.864509056508541,0.965200313925743,0.9383305072784424,0.8568884849548339,0.8934172302484512,0.8861380010843277
31.940000000565423,308.9478975192882,26.508958103652688,128.99109603150535,36.11112714260587,141.83033545026424,64.77971281935862,0.8644320055842399,0.9652309894561767,0.9381013751029968,0.8568275451660156,0.8932941883802413,0.886190178990364
31.960000000566087,309.3217774015523,26.539618456710656,129.08630049670958,35.97447132479298,141.79388793533897,64.81218249691092,0.8643562644720078,0.9652568459510803,0.9378706693649291,0.8567682012915611,0.8931716650724411,0.8862384498119354
31.98000000056675,309.6971007240053,26.56867552810741,129.176710825384,35.83982836240664,141.75394173288686,64.84432131073847,0.864281801879406,0.9652794301509857,0.9376390695571899,0.8567102968692779,0.8930516004562378,0.8862815707921982
32.00000000056741,310.07385223045844,26.596284873381137,129.26234918003237,35.70663842240106,141.71051273568267,64.87612339301741,0.8642085731029511,0.9653002083301544,0.9374072104692459,0.8566536888480186,0.8929357469081879,0.886318477988243
32.02000000056523,310.45201691684457,26.622575287894083,129.34328574259376,35.57445263780615,141.6636182221466,64.90758293740353,0.8641745671629906,0.9652988225221634,0.9373037219047546,0.8566019982099533,0.8928616464138031,0.8863453581929207
32.040000000563055,310.8315768265311,26.647653938634292,129.41962963224964,35.44293226831515,141.61327684946997,64.9386942000923,0.8641861006617546,0.9652716696262359,0.93735032081604,0.8565556675195694,0.8928356468677521,0.8863615810871124
32.060000000560876,311.2125042847495,26.671624981657743,129.49152045694865,35.31183511891909,141.5595086461923,64.96945150086756,0.8641976118087769,0.9652445346117019,0.9373935043811797,0.8565100476145744,0.8928143948316574,0.8863708838820458
32.0800000005587,311.5947732212931,26.69446386179762,129.5591207522968,35.180998466602645,141.50233500423312,64.99984922413869,0.8642091363668442,0.9652178108692169,0.9374340683221817,0.8564650535583496,0.8927981093525886,0.8863733381032943
32.10000000055652,311.9783759656411,26.716200287820108,129.62260939117277,35.05032354453905,141.44177867038076,65.02988181996577,0.8642206698656082,0.9651908010244369,0.9374713778495788,0.8564206048846245,0.8927857846021652,0.8863696768879891
32.12000000055434,312.3632822701634,26.73686545747126,129.68218444617412,34.919767104301116,141.37786373724265,65.05954380507293,0.8642322391271591,0.9651628166437148,0.9375050127506256,0.8563766613602638,0.8927764773368835,0.8863606959581375
32.14000000055216,312.74943103993104,26.756477191534906,129.7380970901358,34.78934913877028,141.31061563365998,65.08882976384955,0.8642438888549805,0.9651330173015594,0.937534436583519,0.8563332006335258,0.8927691012620925,0.886347271502018
32.160000000549985,313.1367225776361,26.775038177075395,129.79067517529177,34.65915686907156,141.2400611145906,65.11773434933885,0.8642556548118591,0.9651005268096924,0.9375589430332184,0.8562902182340622,0.8927626147866249,0.8863301634788513
32.18000000054781,313.5250272023132,26.79254269856992,129.84029940439353,34.52932862236544,141.16622825046448,65.14625228421427,0.8642675951123238,0.9650644242763519,0.9375777184963227,0.8562477231025696,0.8927560299634933,0.886310113966465
32.20000000054563,313.9141958180207,26.808984018082228,129.88737377737266,34.40003663615937,141.0891464160159,65.17437836174298,0.8642797499895095,0.9650238156318665,0.9375898241996765,0.8562057420611381,0.8927484214305877,0.8862878069281578
32.22000000054345,314.3040678581245,26.824362118425984,129.93230180407045,34.271472676124674,141.00884627859637,65.20210744673643,0.8642921328544616,0.9649776816368103,0.9375939190387725,0.8561642974615097,0.8927388459444046,0.886263769865036
32.24000000054127,314.6944679548173,26.838726760881755,129.97546812050527,34.143836092298486,140.9253597859736,65.22943447648801,0.864304730296135,0.9649252891540527,0.9375889390707016,0.8561234161257744,0.8927265793085098,0.8862384542822838
32.260000000539094,315.0852446831683,26.852005169179993,130.01722501354607,34.01732414237803,140.83872015362098,65.25635446169728,0.8643175467848777,0.964866030216217,0.9375739634037018,0.8560831248760223,0.8927111029624939,0.8862121820449829
32.280000000536916,315.47628622494227,26.8641452310483,130.05788323897744,33.892124360336545,140.74896185150254,65.28286248738107,0.8643305733799934,0.9647993505001068,0.9375480622053146,0.856043455004692,0.8926920011639595,0.8861851140856742
32.30000000053474,315.8674678316687,26.875157160808143,130.09770649055866,33.76840849413669,140.65612059035902,65.30895371377063,0.86434376090765,0.9647248208522796,0.9375103682279586,0.8560044422745704,0.8926689833402633,0.8861572951078415
32.32000000053256,316.2586710415719,26.885055319155864,130.1369088604708,33.64632803195854,140.56023330750014,65.33462337719548,0.864357078075409,0.9646423429250717,0.9374605417251587,0.8559661000967026,0.8926419913768768,0.8861287117004394
32.34000000053038,316.6497896692744,26.893857584338974,130.1756546526958,33.52601124443851,140.46133815212323,65.35986679094943,0.8643705114722252,0.9645518362522125,0.9373983412981033,0.8559284552931785,0.8926110833883285,0.8860992610454559
32.3600000005282,317.040731404604,26.90158422989389,130.2140601351595,33.40756156328297,140.35947447009337,65.38467934615711,0.8643840119242668,0.96445352435112,0.9373238652944564,0.8558915168046951,0.8925764873623848,0.8860688224434853
32.380000000526024,317.4314177384352,26.90825671027254,130.25219678343163,33.29105716466627,140.25468278833068,65.40905651260461,0.8643975660204887,0.9643476665019989,0.9372373640537262,0.855855293571949,0.8925384491682052,0.8860372930765151
32.400000000523846,317.82178310896586,26.913896512250563,130.29009553627915,33.176551604888765,140.14700479867298,65.43299383957013,0.8644111290574074,0.9642345666885376,0.9371391236782074,0.8558197811245918,0.8924972146749496,0.886004538834095
32.42000000052167,318.2117736122751,26.918524220543503,130.32775171662425,33.06407529714766,140.0364833412886,65.4564869566367,0.8644246250391007,0.9641144216060638,0.9370292782783508,0.8557849705219268,0.8924529045820236,0.8859704345464706
32.44000000051949,318.6013454268781,26.922158964517212,130.36513040915088,32.95363761740658,139.92316238763215,65.47953157449005,0.8644380316138267,0.9639876782894135,0.9369083911180496,0.8557508617639541,0.8924058496952056,0.8859349399805069
32.46000000051731,318.99046304028536,26.924818380468295,130.40217205071772,32.84522945772056,139.8070870229503,65.5021234857018,0.8645081043243408,0.9637126803398132,0.9364621788263321,0.8557153269648552,0.8926387414336204,0.885836337506771
32.48000000051513,319.37909730058846,26.92651948715484,130.438798047825,32.73882602270975,139.6883034283445,65.5242585654976,0.864581149816513,0.9634215176105498,0.9359893321990966,0.8556805208325385,0.8928812086582184,0.8857350751757621
32.500000000512955,319.76722313200673,26.92728203050756,130.47491623389337,32.63438966973515,139.5668588623975,65.54593277251021,0.864654865860939,0.9631223082542419,0.9355033874511719,0.8556463629007339,0.8931250169873237,0.8856319218873977
32.52000000051078,320.1548155759773,26.927145267091753,130.51042598052092,32.53187268312559,139.44280164237134,65.56714214951741,0.8647291988134383,0.9628155082464218,0.9350051760673522,0.8556128531694412,0.8933702513575553,0.8855268687009811
32.5400000005086,320.5418433546197,26.9261008303046,130.54522281905545,32.43121987879646,139.31618112498415,65.58788282416445,0.8648021817207336,0.9625125885009765,0.9345082879066468,0.8555791199207305,0.89361392557621,0.8854161113500595
32.56000000050642,320.9283064905075,26.924060407040525,130.5791885271369,32.33241014249082,139.18704768677338,65.60815100967112,0.8648591250181198,0.962300282716751,0.9341125458478927,0.8555386990308761,0.8938342601060867,0.8852693006396294
32.58000000050424,321.31420160729056,26.920963514704034,130.6121474344635,32.23558490607251,139.0554527040532,65.62794300552304,0.8649160370230674,0.9620840609073639,0.9337083995342255,0.8554987967014313,0.8940550684928894,0.885120339691639
32.600000000502064,321.6994923839904,26.916716875686518,130.6438806375417,32.14101683593205,138.9214485324743,65.64725519814736,0.8649727702140808,0.9618638068437576,0.9332972079515457,0.8554594621062278,0.8942748934030532,0.8849699795246124
32.620000000499886,322.08411987607633,26.91120953556201,130.67415436843754,32.04904707709536,138.78508848619376,65.6660840615725,0.8650249257683754,0.9617038309574127,0.9329228430986404,0.8554199442267417,0.8945583581924438,0.8847711473703385
32.64000000049771,322.4680546227826,26.904212294855256,130.70274331134527,31.960040721492195,138.64642681666407,65.68442615807194,0.8650752976536751,0.961559385061264,0.932554817199707,0.8553808778524399,0.8948598697781562,0.8845573708415031
32.66000000049553,322.8512463027671,26.89559960064527,130.72945182566258,31.87436411403735,138.50551869104874,65.70227813879177,0.8651249811053275,0.9614117115736007,0.9321814447641372,0.855342535674572,0.8951592624187469,0.8843429550528527
32.68000000049335,323.23361949426277,26.885298067031254,130.7541347139626,31.79237876562248,138.36242017027377,65.71963674436226,0.8651738822460174,0.9612604886293411,0.9318028599023819,0.85530496686697,0.8954555749893188,0.8841282621026039
32.70000000049117,323.6150848803469,26.87328334017587,130.7767001164669,31.714414673936957,138.21718818672375,65.73649880549281,0.8652219295501709,0.9611052691936492,0.9314189463853836,0.8552682384848594,0.8957480520009994,0.8839134216308594
32.720000000488994,323.9955369586593,26.859607375378058,130.79710724301898,31.64069853652757,138.06988052159087,65.75286124355073,0.8652690783143043,0.9609456151723862,0.931029212474823,0.8552324086427688,0.896036246418953,0.8836983531713486
32.740000000486816,324.3748318429647,26.844456173842755,130.8153646427475,31.571283705252487,137.92055578188658,65.76872107112317,0.8653154045343399,0.9607815980911255,0.930633720755577,0.8551975309848785,0.8963204085826874,0.8834828868508339
32.76000000048464,324.7526155488794,26.828112430543992,130.83152415185353,31.506265893034442,137.7692733771244,65.78407539256271,0.8653609931468963,0.960613664984703,0.9302326589822769,0.8551636323332786,0.8966014593839645,0.8832665219902992
32.78000000048246,325.1295986292792,26.810503105500775,130.8456726224179,31.44580408082183,137.61609349568351,65.79892140451592,0.8654059693217278,0.9604422897100449,0.9298262327909469,0.8551307305693626,0.8968802928924561,0.883048914372921
32.80000000048028,325.50568323234415,26.791740154246018,130.85792368119294,31.390095499504262,137.46107708086288,65.81325639643528,0.865450257062912,0.9602679014205933,0.929414102435112,0.8550988212227821,0.8971575886011124,0.8828293085098267
32.8200000004781,325.8806161230156,26.77204163221696,130.86841005808085,31.33935415340528,137.30428580663425,65.827077751074,0.8655077502131462,0.959945124387741,0.9287033975124359,0.8550739750266075,0.8974046558141708,0.8826219111680984
32.840000000475925,326.254297620906,26.75142508822741,130.877276678776,31.29379328576669,137.14578205310522,65.84038294496388,0.8655739560723305,0.9595196723937988,0.9277890592813491,0.8550541803240775,0.897630350291729,0.8824218586087227
32.86000000047375,326.62670618556336,26.729936591882996,130.88467466272766,31.253612033198866,136.98562888170088,65.85316954887607,0.8656395137310028,0.9590881139039993,0.9268655657768249,0.8550353512167931,0.8978541851043701,0.8822193026542663
32.88000000047157,326.9978069132224,26.707702250275272,130.89075627821543,31.218986193194546,136.82389001007454,65.86543522826457,0.8657045617699622,0.9586490273475646,0.925929868221283,0.8550175189971924,0.898076432943344,0.8820144802331924
32.90000000046939,327.36756144672825,26.684842022170365,130.8956708406465,31.190062690849125,136.6606297867575,65.8771777436925,0.8657691270112992,0.9582020819187164,0.9249817118048668,0.8550007104873657,0.8982969641685485,0.8818077579140663
32.92000000046721,327.73592795666957,26.661485616588703,130.89955965172823,31.16695306034135,136.49591316555754,65.88839495124088,0.8658332541584969,0.9577470272779465,0.9240212261676788,0.8549849435687065,0.8985156759619712,0.8815994933247566
32.940000000465034,328.1028450852219,26.637669423289033,130.90254686114835,31.14971626472867,136.32980567971686,65.89908480290016,0.8658968493342399,0.9572838455438614,0.9230484738945961,0.8549702227115631,0.8987324565649032,0.881389856338501
32.960000000462855,328.46830102662943,26.613153992716406,130.90473805593442,31.138351284874123,136.16237341583934,65.90924534694412,0.8659599259495735,0.9568126887083054,0.922064085304737,0.8549565434455871,0.898947288095951,0.8811792224645615
32.98000000046068,328.8322923238324,26.58783511209459,130.90622546194362,31.13280506904145,135.9936829875977,65.91887472828614,0.8660223364830016,0.9563339591026306,0.9210690304636955,0.8549438923597336,0.899160099029541,0.8809675157070159
33.0000000004585,329.19477844397375,26.561576742605972,130.90709248039533,31.13298326550829,135.82380150923106,65.92797118881799,0.8660839825868606,0.9558480501174926,0.9200640872120857,0.8549322471022606,0.8993709027767182,0.8807546779513359
33.02000000045632,329.5556878592528,26.53426946819503,130.90741647277872,31.138760162543793,135.652796568843,65.93653306773079,0.8661446630954742,0.955355578660965,0.9190505877137184,0.8549215540289878,0.8995794981718063,0.8805406153202057
33.04000000045414,329.91495655311667,26.505697569619173,130.90727025880008,31.149987608667804,135.48073620151155,65.9445588018182,0.8662042662501335,0.9548570722341537,0.918029573559761,0.854911781847477,0.8997859120368957,0.8803252294659615
33.060000000451964,330.2725696020842,26.47555271592021,130.9067227081842,31.166502823756282,135.30768886222108,65.95204692576186,0.8662626311182976,0.9543529957532882,0.9170020774006843,0.8549028724431992,0.8999900639057159,0.8801084622740746
33.080000000449786,330.6284700314372,26.44369597573625,130.90583874480723,31.188134997921008,135.13372339862707,65.95899607239895,0.8663196414709091,0.9538438230752945,0.9159690022468566,0.8548947855830192,0.9001919537782669,0.8798901841044425
33.10000000044761,330.98257271112675,26.41004755178074,130.90467901635853,31.21471080391893,134.95890902366494,65.96540497297171,0.8663750782608985,0.9533299475908279,0.9149310767650604,0.8548874586820602,0.9003913894295692,0.8796701714396477
33.12000000044543,331.3347709884388,26.374422546129942,130.90329942292772,31.24605894033491,134.78331528801326,65.9712724573592,0.8664288520812988,0.9528116643428802,0.913888743519783,0.8548808559775353,0.9005885720252991,0.8794481962919235
33.14000000044325,331.6849892917626,26.33667348261746,130.90182855017062,31.282013674338845,134.60701205242265,65.9765974542909,0.8664808735251427,0.9522891700267792,0.912842521071434,0.8548749327659607,0.9007835015654564,0.8792240440845489
33.16000000044107,332.0331010073532,26.296763167889605,130.90036245302727,31.322417511795372,134.43006945992153,65.9813789915422,0.8665583357214928,0.9516662001609802,0.9116505160927773,0.8548830643296241,0.9010904267430305,0.8789818987250327
33.180000000438895,332.3785963236564,26.254731265758178,130.89890055049418,31.367123120242095,134.2525579079093,65.98561619611209,0.8666356727480888,0.9510304629802704,0.9104461506009102,0.8548926845192909,0.9014018803834914,0.8787362575531006
33.20000000043672,332.72235176001163,26.210571628433183,130.8974423210244,31.41599465083674,134.0745480201484,65.9893082943824,0.8667113959789275,0.9503885120153427,0.9092388570308685,0.8549029886722564,0.9017126366496085,0.8784875407814979
33.22000000043454,333.0644023732256,26.164195302257784,130.8959873036161,31.468908536024056,133.89611061866646,65.99245461225911,0.8667855322360992,0.9497409641742706,0.9080300077795982,0.854913954436779,0.902023223042488,0.8782354086637497
33.24000000043236,333.4043688769872,26.115635657605857,130.8945350930772,31.525753940799916,133.7173166955792,65.99505457529541,0.8668579250574112,0.94908829331398,0.9068208187818527,0.8549255415797233,0.9023334294557571,0.8779796242713928
33.26000000043018,333.7420911990262,26.064687095976552,130.89308530116355,31.58644937542021,133.5382373848462,65.9971077087966,0.8669285342097283,0.9484307855367661,0.90561243891716,0.8549377456307411,0.9026431888341904,0.8777200847864151
33.280000000428004,334.07749263278896,26.011381440897605,130.89163743281176,31.651000878350896,133.35894393396973,65.9986136379067,0.8669973954558372,0.9477682709693909,0.9044054225087166,0.854950575530529,0.9029528230428695,0.8774564996361732
33.300000000425825,334.41046801324154,25.95577050121523,130.8901908854391,31.7195002834525,133.17950767564864,65.99957208767698,0.867064307630062,0.9471009731292724,0.9032009184360504,0.854964017868042,0.9032616928219795,0.8771889179944992
33.32000000042365,334.740899802661,25.897856979225736,130.88874498781598,31.792104561228257,132.9999999993984,65.99998288311608,0.8671289533376694,0.9464297413825988,0.9020033121109009,0.854978135228157,0.9035669684410095,0.8769183680415154
33.34000000042147,335.06873209270526,25.83749475173119,130.88729903482468,31.869017025582014,132.8204923231484,65.99984594922199,0.867155310511589,0.9458485960960388,0.9011414468288421,0.8549992620944976,0.9036187440156936,0.8767114400863647
33.36000000041929,335.3938676488868,25.774457976983417,130.8858523159634,31.95047101440094,132.64105606482798,65.99916131099579,0.867179799079895,0.9452645540237427,0.900277815759182,0.8550209477543831,0.903670608997345,0.8764996618032456
33.38000000041711,335.71627204516,25.708643471040958,130.88440413750138,32.03671613587669,132.46176261395271,65.99792909343697,0.8672022357583046,0.9446746647357941,0.8994099378585815,0.8550433218479156,0.903720498085022,0.8762835294008254
33.400000000414934,336.03586438964487,25.640055180554064,130.88295383867003,32.128007173332435,132.28268330322138,65.99614952152073,0.8671927139163017,0.9441497027873993,0.8985545367002487,0.8550545468926429,0.9036806046962738,0.876143205165863
33.420000000412756,336.3525132795214,25.56879715743006,130.88150080257753,32.224594645526324,132.1038893801363,65.99382292015684,0.8671605810523033,0.9436700969934463,0.897707861661911,0.8550581946969033,0.9035795077681541,0.876051951944828
33.44000000041058,336.6661278992375,25.494769148218523,130.88004444587085,32.32667405248459,131.92545197865695,65.99094971413034,0.8671260073781013,0.9431876480579376,0.8968596443533897,0.8550623252987861,0.9034750089049339,0.8759563624858856
33.4600000004084,336.97665305261137,25.417806255336647,130.87858416501538,32.434234405855165,131.74744209089917,65.98753042802393,0.8670888319611549,0.9427010416984558,0.8960090041160583,0.8550670236349106,0.9033661469817161,0.8758565083146095
33.48000000040622,337.28406707814884,25.33797468694686,130.87711974797875,32.5470706602662,131.56993053889053,65.9835656861223,0.8670489341020584,0.9422108680009842,0.8951564192771911,0.8550722539424896,0.9032533019781113,0.8757518753409386
33.50000000040404,337.5883093578044,25.255481473721876,130.87566022050612,32.66482001702159,131.39298794639348,65.97905621229805,0.867006354033947,0.9417184233665467,0.8943032532930374,0.8550780028104782,0.9031372964382172,0.8756421864032745
33.520000000401865,337.88928598496085,25.170734210693826,130.87420635431067,32.78693863115871,131.21668471080736,65.97400282987957,0.8669612124562264,0.9412252098321915,0.8934509366750717,0.8550842478871346,0.9030193328857422,0.8755272135138511
33.54000000039969,338.18697318963257,25.083622934263108,130.87275448020793,32.912710476357475,131.04109097516064,65.96840646150073,0.8669136121869087,0.9407331228256225,0.8926008462905883,0.8550909176468849,0.902901092171669,0.8754063665866851
33.56000000039751,338.4814502110762,24.994388705915426,130.8713016277817,33.04130745585566,130.86627660020397,65.96226812893238,0.8668635129928589,0.9402441293001175,0.8917537152767181,0.8550978913903237,0.9027845948934555,0.8752786934375762
33.58000000039533,338.7727337209409,24.90346877814318,130.86984548105872,33.17184979890283,130.69231113661593,65.95558895289588,0.866811129450798,0.9397603034973144,0.8909112423658371,0.8551050618290901,0.9026716694235801,0.875143876671791
33.60000000039315,339.0607612928349,24.811397357929806,130.8683843168904,33.303455491576464,130.51926379733183,65.94837015285836,0.8667567163705826,0.9392834424972534,0.8900747865438461,0.8551123484969139,0.9025643497705459,0.8750016838312149
33.620000000390974,339.345646958378,24.717879937930093,130.86691693274895,33.4352795853867,130.34720343000723,65.94061304681023,0.8667006000876426,0.9388149321079254,0.88924580514431,0.8551196798682212,0.9024641066789627,0.8748523652553558
33.640000000388795,339.62750627311794,24.62325765041004,130.86544256961633,33.56654419254566,130.17619848962647,65.93231905102436,0.8666424185037612,0.9383559882640838,0.8884242042899132,0.855126827955246,0.9023718610405922,0.8746952548623085
33.66000000038662,339.9063489642112,24.52793500886101,130.86396083500395,33.69656041239374,130.00631701126756,65.9234896797977,0.8665725693106651,0.9379174828529357,0.887599527835846,0.8551326796412467,0.9022816449403762,0.8745274156332016
33.68000000038444,340.1821154977676,24.432119868809572,130.86247162989895,33.82474338063012,129.83762658303414,65.91412654517461,0.8665022015571594,0.9374883204698562,0.8867857724428176,0.8551383212208747,0.9022010535001754,0.8743533715605736
33.70000000038226,340.4549100025878,24.33565876790137,130.86097508174012,33.950621150902236,129.6701943191653,65.90423135665272,0.8664313644170761,0.9370682775974274,0.8859831571578979,0.8551436588168144,0.9021301090717315,0.8741735428571701
33.72000000038008,340.72465027850916,24.238824751182833,130.85947148455767,34.07383823187343,129.5040868333337,65.89380592087062,0.8663603350520134,0.9366570949554444,0.8851930409669876,0.8551486387848853,0.9020682305097579,0.8739888817071915
33.740000000377904,340.9910519596281,24.141938374658476,130.85796124742467,34.194154441543866,129.33937021214328,65.8828521412782,0.8662891581654548,0.9362540125846862,0.8844157099723816,0.8551532074809074,0.902014622092247,0.8738001078367233
33.760000000375726,341.2556751411999,24.044740630572647,130.8564448553283,34.31143926911735,129.17610998883623,65.871372017789,0.8662181600928306,0.9358582079410552,0.8836520805954933,0.8551574096083641,0.9019684791564941,0.873608410358429
33.78000000037355,341.5179514024346,23.947301737899206,130.85492284453542,34.425661391477696,129.01437111722032,65.8593676464151,0.86614720672369,0.9354692876338958,0.8829021215438843,0.8551611512899399,0.9019293367862701,0.873413909971714
33.80000000037137,341.777630200705,23.849857961892468,130.85339577366858,34.536878421679056,128.8542179458268,65.84684121888445,0.8660763740539551,0.9350863754749298,0.8821664854884147,0.8551644459366798,0.9018957108259201,0.8732175454497337
33.82000000036919,342.0346371819253,23.752219618771267,130.85186419913808,34.645225532599135,128.69571419230905,65.8337950222407,0.8660059928894043,0.9347084432840347,0.8814458787441254,0.8551673784852027,0.9018667250871658,0.8730204120278359
33.84000000036701,342.2890697849743,23.654326532497485,130.8503287620115,34.750902577493214,128.5389229180921,65.82023143842562,0.8659361124038696,0.9343344449996948,0.8807401716709137,0.8551699489355087,0.9018413960933686,0.8728228092193603
33.860000000364835,342.5409155303655,23.556414568997138,130.84879092660057,34.85416040498606,128.38390650328355,65.80615294384428,0.8658890843391418,0.9343097776174545,0.8804747179150582,0.8551680311560631,0.9020641088485718,0.8726944833993912
33.88000000036266,342.79008626774765,23.45855427330022,130.84725109914666,34.95528715767997,128.2307266218552,65.7915621089128,0.8658483684062958,0.9343749731779099,0.8803220018744469,0.8551648706197739,0.9023502022027969,0.8725838556885719
33.90000000036048,343.0365964820202,23.360655511552558,130.84570937266403,35.05459534738373,128.07944421710593,65.77646159758915,0.8658080860972405,0.9344392299652099,0.8801701307296753,0.8551615670323371,0.9026352271437644,0.8724729463458061
33.9200000003583,343.28032854741554,23.262927815451725,130.84416584160545,35.15240955453902,127.93011947741496,65.76085416688673,0.8657681077718734,0.9345022350549698,0.8800190731883049,0.8551581561565399,0.9029187142848968,0.8723618447780609
33.94000000035612,343.5208887951356,23.16541203112838,130.84262060305713,35.24905527875,127.78281181229582,65.744742666371,0.865728460252285,0.9345638275146484,0.87986930757761,0.8551547184586524,0.9032001316547393,0.8722509935498237
33.96000000035394,343.7599194355137,23.06804644317995,130.84107376832503,35.34488018943648,127.6375798287599,65.72813003763922,0.865689268708229,0.9346239805221558,0.8797216072678565,0.855151329934597,0.9034788623452187,0.8721409156918526
33.980000000351765,343.99691730130405,22.97109569403268,130.83952550353774,35.440361107376944,127.49448130799944,65.71101931378338,0.865650363266468,0.9346834182739258,0.8795761331915856,0.85514797270298,0.9037553578615188,0.8720311596989632
34.00000000034959,344.2315729088939,22.874835090336,130.8379760329777,35.53611445577409,127.35357318239893,65.69341361883643,0.8656117260456085,0.9347421407699584,0.8794335156679153,0.8551447406411171,0.9040288805961608,0.8719222798943519
34.02000000034741,344.46380884955073,22.779755385487064,130.83642562063812,35.63284789260513,127.2149115128845,65.6753161672019,0.8655735090374946,0.9347996830940246,0.8792943358421326,0.855141767859459,0.904298697412014,0.8718150720000267
34.04000000034523,344.6936167259978,22.686457270897353,130.83487455126377,35.73131165215608,127.07855146661959,65.65673026306702,0.8655477240681648,0.9347768306732177,0.8791148200631141,0.8551543742418289,0.904530069231987,0.8717107608914375
34.06000000034305,344.9209617152852,22.59549534069356,130.8333231138269,35.83225862708448,126.94454729505664,65.63765929979941,0.8655330613255501,0.9346813440322875,0.8789006054401397,0.8551812812685966,0.9047252267599105,0.8716100260615348
34.080000000340874,345.1458410573888,22.507561059149488,130.83177158776738,35.93641297349102,126.81295231235279,65.61810675932765,0.8655192971229553,0.9345816552639007,0.8786913439631462,0.8552094668149948,0.9049129769206047,0.8715134352445603
34.100000000338696,345.3683122800603,22.423105102556654,130.83022023259053,36.04444716099596,126.6838188741587,65.59807621150537,0.8655067756772041,0.9344767719507218,0.8784875318408012,0.8552393019199371,0.9050922468304634,0.8714219719171524
34.12000000033652,345.5884062533406,22.34239726974995,130.82866927947654,36.15696574770669,126.55719835678855,65.57757131345969,0.8654956713318824,0.9343660503625869,0.8782895803451538,0.8552711442112922,0.9052619189023972,0.8713365167379379
34.14000000033434,345.8062348978145,22.26574737018385,130.82711888396219,36.2744892640733,126.43314113677971,65.55659580892332,0.8654861494898796,0.9342490434646606,0.8780978739261627,0.8553053200244903,0.9054209917783737,0.8712577536702156
34.16000000033216,346.02184628333816,22.19349278322655,130.82556894418806,36.397424288931305,126.31169657085037,65.53515352755116,0.8654782816767692,0.9341256439685821,0.8779127389192581,0.8553421020507812,0.9055688709020614,0.8711861208081245
34.18000000032998,346.23530030587807,22.125621994736516,130.8240189826647,36.52604541685781,126.19291297626256,65.51324838422103,0.8654723808169364,0.933995521068573,0.8777346581220626,0.8553818076848984,0.9057050019502639,0.8711222171783447
34.200000000327805,346.44665039401116,22.061846694285,130.82246822032752,36.66050360656196,126.07683761159903,65.49088437831892,0.8654684647917747,0.9338586390018463,0.8775637701153755,0.8554246425628662,0.9058288305997848,0.871066328883171
34.220000000325626,346.65577921873313,22.00206123443591,130.82091570802163,36.80084046531016,125.9635166579612,65.46806559300884,0.8654664307832718,0.9337152570486068,0.8773999497294426,0.8554707363247871,0.9059401780366897,0.8710185408592224
34.24000000032345,346.8634539833043,21.946151259117812,130.81936021620342,36.94700236752327,125.85299520059573,65.44479619448722,0.8654662743210793,0.9335652858018875,0.8772431254386902,0.8555202320218086,0.9060386061668396,0.8709790587425231
34.26000000032127,347.069704262786,21.89367897462298,130.81780038167466,37.09885404838223,125.74531721095724,65.42108043122236,0.8654677674174308,0.933409360051155,0.8770929127931595,0.8555731475353241,0.9061245083808899,0.8709474846720695
34.28000000031909,347.2744072393099,21.844142965058428,130.81623476510515,37.256191543631225,125.64052552921403,65.3969226331787,0.865470740199089,0.9332477569580078,0.8769489988684654,0.8556295275688172,0.9061977863311768,0.8709236800670623
34.30000000031691,347.4775796407199,21.797161327708753,130.81466188007326,37.41875415572736,125.53866184720394,65.37232721102627,0.8654749691486359,0.9330807983875274,0.8768108114600182,0.8556893587112426,0.9062587440013885,0.8709072381258011
34.320000000314735,347.67924814442273,21.75241168387966,130.81308021296152,37.58623532378567,125.43976669184704,65.34729865533542,0.8654802620410919,0.9329087436199188,0.8766776397824287,0.8557526051998138,0.9063079804182053,0.8708976492285728
34.34000000031256,347.8794275919657,21.709604283491785,130.81148823580477,37.75829245605385,125.34387940902187,65.32184153575692,0.8654864579439163,0.9327320843935013,0.8765491217374801,0.8558192268013954,0.9063458889722824,0.870894430577755
34.36000000031038,348.07810025085905,21.668554777766037,130.80988441338724,37.93455561783132,125.25103814791143,65.29596050018768,0.8654932394623757,0.932551509141922,0.8764245554804801,0.8558891251683235,0.9063732832670212,0.8708968624472618
34.3800000003082,348.2753067064333,21.628761219015427,130.80826720665453,38.11463550876714,125.16127984582543,65.2696602739221,0.8655006021261215,0.9323674201965332,0.8763036772608757,0.8559622600674629,0.9063908830285072,0.8709044933319091
34.40000000030602,348.47110445132296,21.58981657289688,130.80663507318388,38.29813044015132,125.07464021350458,65.24294565878937,0.8655083581805229,0.932180505990982,0.8761860400438308,0.8560385286808013,0.906399542093277,0.8709165498614311
34.420000000303844,348.66553887672075,21.551506811622733,130.8049864658373,38.484632548825545,124.9911537209129,65.21582153227678,0.865516136586666,0.9319915622472763,0.876070861518383,0.8561177968978881,0.906400217115879,0.8709319144487381
34.440000000301666,348.8586189240213,21.513650375814233,130.8033198303509,38.67373343385898,124.91085358352375,65.18829284663916,0.8655238792300224,0.9318012595176697,0.8759578779339791,0.8561999753117561,0.9063939720392227,0.8709500059485435
34.46000000029949,349.05033524666084,21.476107812388637,130.80163360235943,38.865029144866945,124.8337717491048,65.16036462799472,0.8655315190553665,0.9316102147102355,0.8758468523621559,0.8562849655747413,0.9063816785812377,0.8709701001644135
34.48000000029731,349.2406588918796,21.438847684766383,130.79992620450142,39.058124791084516,124.75993888500759,65.13204197540743,0.865538926422596,0.9314192324876786,0.8757374674081803,0.856372620165348,0.9063644409179688,0.8709913298487663
34.50000000029513,349.42954431126236,21.40166888687416,130.79819604329612,39.25263867340564,124.6893843659663,65.10333005995598,0.865546029806137,0.9312291622161865,0.875629736483097,0.8564628317952155,0.9063431128859519,0.8710131764411926
34.52000000029295,349.617043648904,21.364304168537373,130.79644150655287,39.448205979159475,124.62213626241095,65.07423412378971,0.8655527710914611,0.9310405850410461,0.8755235254764556,0.85655547529459,0.9063184678554534,0.8710350677371025
34.540000000290775,349.8031781142336,21.326705171445546,130.79466096164643,39.64448224944907,124.55822132929937,65.04475947917152,0.8655589804053306,0.9308539658784866,0.8754184141755104,0.8566503942012786,0.9062913149595261,0.87105623036623
34.560000000288596,349.98793921816576,21.288844507595474,130.7928527570295,39.841146793741444,124.49766499547269,65.01491150750792,0.8655647203326226,0.930669742822647,0.8753144919872283,0.8567475080490112,0.9062622174620628,0.8710763469338417
34.58000000028642,350.1713057180502,21.250720649373164,130.79101522290833,40.03790552324427,124.44049135353835,64.98469565836655,0.8655761376023292,0.9304949253797531,0.8752192556858063,0.8568511486053466,0.906253844499588,0.8710750952363014
34.60000000028424,350.3532448491664,21.212379755334105,130.78914665617964,40.2344931583953,124.3867231502847,64.95411744848117,0.8655928924679755,0.9303290843963623,0.8751320838928223,0.8569612085819244,0.906265315413475,0.8710532262921333
34.62000000028206,350.53369352966854,21.173929824491058,130.78724533031874,40.430674647508944,124.33638177763115,64.92318246074448,0.8656087711453437,0.9301662832498551,0.8750456720590591,0.857073163986206,0.9062748730182647,0.8710305482149124
34.64000000027988,350.71269101009193,21.135075245473434,130.7853094967201,40.62624572019598,124.2894872641173,64.89189634318878,0.865623764693737,0.9300071477890014,0.8749601498246192,0.8571868672966957,0.9062830582261086,0.8710067301988601
34.660000000277705,350.8902693129015,21.0958598531926,130.7833373858606,40.821032694682636,124.24605826693443,64.86026480795475,0.8656377971172332,0.9298517405986786,0.8748752981424331,0.8573022067546844,0.9062901794910431,0.8709813296794892
34.68000000027553,351.0664241329191,21.05633730266674,130.78132719169093,41.014896222018855,124.2061120645027,64.82829363024858,0.8656509041786193,0.9297001689672469,0.8747912913560867,0.8574191242456436,0.906296294927597,0.8709543064236641
34.70000000027335,351.24113532676387,21.016580124721504,130.7792769982151,41.20775042023473,124.1696645495969,64.79598864728754,0.8656631171703338,0.9295525312423706,0.8747082144021988,0.8575375482439994,0.9063015654683113,0.870925597846508
34.72000000027117,351.41436853265566,20.97672055322375,130.7771847249063,41.39957511782363,124.13673022302332,64.76335575723418,0.8656744226813317,0.9294088095426559,0.8746261432766914,0.85765740275383,0.9063060045242309,0.8708951771259308
34.74000000026899,351.58605347828006,20.93685199438194,130.77504814959633,41.59040459399422,124.10732218785064,64.73040091811956,0.8656849682331085,0.9292689770460129,0.8745454311370849,0.8577786967158317,0.9063094690442085,0.8708632543683051
34.760000000266814,351.7562198886178,20.89680054916677,130.7728649455208,41.780312887629364,124.08145214419679,64.69713014675533,0.8657605931162834,0.9288558185100555,0.8742045044898986,0.8579913154244423,0.9064565569162368,0.8708636119961738
34.780000000264636,351.92491873496635,20.856584465014276,130.77063271321055,41.969401243876156,124.05913038457399,64.6635495176353,0.8659711420536041,0.9280078649520874,0.8736096307635307,0.8583039984107017,0.9067660838365554,0.870950211584568
34.80000000026246,352.09215008417027,20.81629284880012,130.7683490062549,42.15778746509382,124.04036578979382,64.62966516182632,0.8660709917545318,0.927705642580986,0.8734132930636406,0.8584430441260338,0.9069656133651733,0.8710513532161712
34.82000000026028,352.2578958227605,20.776034094137852,130.76601135131,42.34559715743294,124.025165825434,64.59548326584891,0.8660745590925216,0.927658149600029,0.8734244510531425,0.8585177347064018,0.9067876890301704,0.8711833357810974
34.8400000002581,352.4221138510623,20.735963811118218,130.7636172626023,42.53295667545822,124.01353653886812,64.56101007054767,0.8660182103514671,0.9278026491403579,0.8735745027661324,0.8585667341947555,0.9063723176717758,0.8713050544261932
34.86000000025592,352.5847845563934,20.695969893197713,130.7611638440012,42.72000978703942,124.00548255685968,64.52625186995196,0.865982648730278,0.9280778974294662,0.873802450299263,0.8586122825741768,0.9061084598302841,0.871252317726612
34.880000000253744,352.74592101790176,20.655850783549507,130.7586458899764,42.907013220144876,124.00100708372135,64.49121501012667,0.86591005474329,0.928118872642517,0.8736675038933753,0.8587220206856727,0.9060545161366462,0.8711317613720894
34.900000000251566,352.905458968335,20.61518896461055,130.75605513225625,43.09438410117863,124.00011190004007,64.45590588801356,0.8658899739384651,0.9279565095901489,0.8734502092003822,0.8588429391384125,0.9061869233846664,0.8710966780781746
34.92000000024939,353.0632815075467,20.573667268016163,130.75338409501427,43.28252407710862,124.00279736196866,64.4203309502634,0.8659063085913657,0.9277744144201279,0.8733203500509262,0.8589576840400696,0.9063347846269607,0.8710995122790336
34.94000000024721,353.21928014663507,20.531240097575424,130.7506281852602,43.47149380697939,124.00906240108411,64.38449669205892,0.8657804414629936,0.9278234094381332,0.8732654497027397,0.8590725585818291,0.9060152888298034,0.8710117414593697
34.96000000024503,353.3733638305019,20.488093187887376,130.74778596708887,43.66091583137923,124.01890452481267,64.34840965592886,0.8655570045113563,0.9282165586948394,0.873460254073143,0.8591566056013107,0.905348339676857,0.870828528702259
34.98000000024285,353.5255163619023,20.444615284485515,130.7448583226916,43.850242109485336,124.03231981742155,64.31207643055357,0.8654322504997253,0.9287772923707962,0.8740335673093795,0.8592223152518272,0.9047663897275925,0.8706796884536743
35.000000000240675,353.67583432288137,20.401092216523445,130.74184657335454,44.03902786300337,124.04930294157676,64.27550364956201,0.8653181180357933,0.9292124450206757,0.874455577135086,0.8593019947409629,0.9043315231800079,0.8705393552780151
35.0200000002385,353.82438278918846,20.357908635166716,130.7387517855327,44.22704698375779,124.0698471404666,64.23869799032059,0.865175724029541,0.9296425104141235,0.874726676940918,0.8593850493431091,0.9039961844682693,0.8703303709626198
35.04000000023632,353.9712094260829,20.31540570436934,130.735574782008,44.41419901393532,126.2113720114838,64.20166617271403,0.8651428624987602,0.9301916927099227,0.8753023147583008,0.8594584479928017,0.9037254869937896,0.8701043009757995
35.06000000023414,354.11637969269924,20.27388150739002,130.73231629010039,44.6001686253576,129.03807888838443,64.16441495791852,0.8651974365115166,0.9305445283651351,0.8758267849683762,0.8595752447843551,0.9036519229412079,0.8699320673942565
35.08000000023196,354.26007065610867,20.233788846348986,130.72897761682523,44.7842488377103,129.07615164158233,64.1269511471672,0.8651786655187607,0.9305465579032898,0.8757711112499237,0.8597283005714417,0.9037546694278716,0.8697534143924713
35.100000000229784,354.4025241290115,20.195719334325457,130.72556087643588,44.96549566467571,129.11421212539574,64.08928158050847,0.8651223972439765,0.9307267487049102,0.8757648348808288,0.8599064752459525,0.9036697417497634,0.8694268152117729
35.120000000227606,354.5439821377319,20.16036202413154,130.72206845490595,45.14295219367516,129.15225420760342,64.0514131355571,0.8651187315583229,0.9309384733438492,0.8758183002471923,0.8600473001599311,0.9037597343325615,0.8691058352589607
35.14000000022543,354.68452177043645,20.12849485198423,130.71850272302387,45.31580830374119,129.190271758949,64.01335272623857,0.8651875257492065,0.9311414539813995,0.8760696947574615,0.8601527735590935,0.9038941264152527,0.8688935428857804
35.16000000022325,354.8246502714349,20.100896697499394,130.71486583573196,45.483493296265195,129.22825865412847,63.97510730152674,0.8653229683637619,0.9314931184053421,0.8765917330980301,0.8603048056364059,0.9039495050907135,0.8686874106526374
35.18000000022107,354.96490162943047,20.07791850694307,130.71115849910294,45.64578482130139,129.26620877277708,63.936683844175114,0.8654883533716201,0.9317279636859893,0.8769551187753677,0.8604768604040146,0.9042117893695831,0.8684827357530593
35.20000000021889,355.1051556232866,20.05977448381637,130.7073789666304,45.802841098428814,129.3041160004554,63.898089369441934,0.8656219273805618,0.9317776203155518,0.8770744815468788,0.860639201104641,0.9045761853456497,0.868302857875824
35.220000000216714,355.2454578701756,20.0464847358747,130.70352299114492,45.95509010705792,129.34197422963453,63.85933092380938,0.8657239317893982,0.9318155735731125,0.8770639672875404,0.8607687652111053,0.9050315484404564,0.8681042984127998
35.240000000214536,355.38587964705505,20.03794620839079,130.69958542183812,46.10322572850158,129.3797773606801,63.82041558369701,0.8658389627933502,0.9320458590984344,0.8773414060473442,0.8608698666095733,0.905238127708435,0.86789061576128
35.26000000021236,355.5264663679934,20.03394624684252,130.69556128407447,46.24812207007983,129.41751930283502,63.78135045416981,0.8659808069467544,0.9319616734981536,0.8773161306977272,0.8610292881727218,0.9056548491120339,0.8677766844630241
35.28000000021018,355.667231305827,20.034228529499625,130.69144473503994,46.39074583791159,129.4551939752008,63.74214266764092,0.8661022305488586,0.931815966963768,0.8771747335791588,0.8612090408802032,0.9061963558197021,0.8676409780979156
35.300000000208,355.8081294745718,20.038526209204363,130.6872286321158,46.53222361750356,129.49279530771736,63.70279938256943,0.8662099882960319,0.931803297996521,0.8772811546921729,0.8613367900252342,0.9063885897397995,0.8675773337483406
35.32000000020582,355.9490854277671,20.04645169594054,130.68290533113006,46.673858341414835,129.5303172421409,63.66332778215343,0.8663168385624885,0.9317866951227188,0.8773893147706985,0.861464101076126,0.9065679088234901,0.8675216242671012
35.340000000203645,356.0900141918867,20.057540210778033,130.67846813684218,46.817069816536915,129.56775373302014,63.6237350730185,0.8664232775568962,0.931758388876915,0.8774985164403916,0.8615928560495376,0.9067291364073753,0.8674759283661843
35.36000000020147,356.23082448021904,20.07132988184732,130.67391181076678,46.963206677666086,129.60509874867026,63.58402848390193,0.8665297657251357,0.9317161351442337,0.8776094079017639,0.8617240563035011,0.9068704843521118,0.8674407958984375
35.38000000019929,356.3714185141451,20.087275134338267,130.6692307065242,47.11360059133523,129.64234627214466,63.54421526433296,0.8666369155049324,0.9316583067178726,0.8777227267622948,0.8618587434291839,0.9069910854101181,0.8674164548516273
35.40000000019711,356.5117098023867,20.104721601867546,130.66441835604888,47.26956293422866,129.67949030220458,63.50430268330913,0.8667453661561012,0.931583759188652,0.877839183807373,0.861997976899147,0.9070907428860664,0.8674027845263481
35.42000000019493,356.65161857274234,20.12307379328657,130.65946916935428,47.43211883656109,129.71652485428578,63.46429802796913,0.8668557703495026,0.9314916521310806,0.8779594048857688,0.8621427804231644,0.907169796526432,0.8673994809389114
35.440000000192754,356.79106094795094,20.141817567735995,130.65437869582885,47.60196276799454,129.75344396146295,63.42420860226238,0.8669688075780868,0.9313820481300353,0.8780840158462524,0.8622940838336944,0.9072294846177101,0.8674058690667152
35.460000000190576,356.929961071955,20.16049408986783,130.64914335734215,47.77948638453942,129.79024167541095,63.38404172561545,0.8670851081609726,0.9312557429075241,0.8782135799527168,0.8624526649713516,0.9072718948125839,0.8674209788441658
35.4800000001884,357.0682527636729,20.178707072105745,130.64376014453296,47.96481014983536,129.82691206736328,63.34380473159569,0.8672053337097168,0.931114336848259,0.8783486470580101,0.8626191630959511,0.9072998613119125,0.8674436166882514
35.50000000018622,357.20587836103726,20.19612061261657,130.6382262978235,48.157817916618704,129.8634492290673,63.30350496657232,0.8673299714922905,0.9309599936008454,0.8784896060824394,0.8627939715981483,0.9073166787624359,0.867472343146801
35.52000000018404,357.34278708636754,20.212453806047883,130.6325389845705,48.35819312088942,129.89984727373607,63.26314978837513,0.8674594774842262,0.9307951092720032,0.8786366403102874,0.8629773497581482,0.9073259055614471,0.867505732178688
35.54000000018186,357.47893317458653,20.227473932731332,130.62669498321156,48.56545544988819,129.93610033699696,63.22274656495111,0.8675940975546836,0.9306222945451736,0.8787897631525993,0.8631693288683892,0.9073310330510139,0.8675422549247741
35.560000000179684,357.61427385264454,20.240989338964862,130.62069038505015,48.77899741636836,129.97220257783633,63.18230267301922,0.8677332550287247,0.9303727149963379,0.8789203017950058,0.8633641198277473,0.9072604149580001,0.867612238228321
35.580000000177506,357.7487672734053,20.25284284659991,130.6145203233664,48.998120199937226,130.00814817954083,63.141825496723584,0.8678716525435447,0.9295210242271423,0.8788175597786904,0.8635187938809394,0.9065646767616272,0.8679518595337867
35.60000000017533,357.8823705065374,20.262906274759782,130.60817873736573,49.222068124205435,130.04393135063435,63.101322426285286,0.8680142030119896,0.9286753416061401,0.8787195384502411,0.8636779069900512,0.9058835476636886,0.8682929202914238
35.62000000017315,358.01503771493566,20.271076305179783,130.60165817843506,49.45006116438516,130.07954632581132,63.06080085665311,0.8681613624095916,0.9278226763010025,0.8786224916577339,0.8638421431183815,0.9052050113677979,0.8686409905552864
35.64000000017097,358.1467186065381,20.277271658541938,130.59494966112638,49.68132483399393,130.11498736686548,63.02026818615337,0.8683098226785659,0.9269850134849548,0.8785561606287956,0.8640114888548851,0.9044988125562667,0.8690025389194488
35.66000000016879,358.2773572894932,20.281424443506136,130.5880426250139,49.91510311661293,130.15024876361448,62.97973181513916,0.8684596285223961,0.9261649817228317,0.8785162582993508,0.8641854435205459,0.9037765026092529,0.8693739265203476
35.680000000166615,358.40689183971523,20.2834535547185,130.5809256590068,50.15034310399334,130.18532483481985,62.93919914463918,0.8686125054955482,0.9253541588783264,0.8784817159175873,0.8643632650375366,0.9030674874782562,0.8697468608617782
35.70000000016444,358.5352545063453,20.283184991501155,130.57358847808575,50.38493631883491,130.22020992910237,62.89867757500654,0.8687679126858711,0.9245570197701454,0.878453168272972,0.8645444214344025,0.9023752629756927,0.8701190799474716
35.72000000016226,358.662368860306,20.280199817201844,130.56602197809704,50.616373298755214,130.2548984258526,62.85817450456753,0.8689250499010086,0.9237853795289993,0.878433521091938,0.8647280901670455,0.9017092704772949,0.8704849109053612
35.74000000016008,358.78814380366936,20.27387175286551,130.5582177461979,50.84212077511856,130.28938473613644,62.817697328270945,0.8690828755497932,0.9230535969138145,0.8784264042973519,0.8649131804704666,0.9010807037353515,0.8708371698856353
35.7600000001579,358.91246773468305,20.26346431531304,130.5501676245491,51.05975415485681,130.32366330359568,62.77725343633788,0.8692400127649307,0.9223754897713661,0.8784351035952568,0.8650982841849327,0.9004995316267014,0.8711685702204705
35.780000000155724,359.0352020891345,20.24822879414284,130.5418633652414,51.267038376304164,130.3577286053431,62.736850212912444,0.8691429302096366,0.9221383780241013,0.8790331289172172,0.8650946587324142,0.8989381283521652,0.8715555191040039
35.800000000153545,359.15617823947645,20.227458887754434,130.5332963858624,51.46199486551143,130.39157515285245,62.69649503471361,0.8691111147403717,0.9219675570726394,0.8796442881226539,0.8651730865240097,0.8977071955800057,0.8718353942036629
35.82000000015137,359.27523589454216,20.200447945212265,130.524457612445,51.642944521373224,130.42519749284264,62.656195269688354,0.869181241095066,0.9213361606001854,0.8796840116381645,0.8653690353035927,0.8970626920461654,0.8721079513430595
35.84000000014919,359.3921795019267,20.16671275466978,130.51533741590984,51.8085388495801,130.45859020815644,62.61595827566648,0.8693016543984413,0.9209599539637565,0.8796387493610381,0.8656321778893471,0.8970854505896568,0.8720302790403366
35.86000000014701,359.50678137323985,20.12597343749119,130.50592565090702,51.95778652063558,130.49174791863317,62.57579139901719,0.8694812998175621,0.9203743070363998,0.879274907708168,0.8659377217292785,0.8974730968475342,0.8720159336924552
35.88000000014483,359.61879598317944,20.078123607597124,130.49621455052545,52.08990896701516,130.5246652819757,62.53570197330785,0.8697251215577125,0.9199591815471649,0.8790905639529228,0.8662813574075698,0.8979971155524253,0.8718311384320259
35.900000000142654,359.72806783898045,20.023464921117604,130.48620731043852,52.20387150326916,130.557336994611,62.49569731796504,0.8699906826019287,0.9197302326560021,0.8790114790201187,0.86654102653265,0.8985381036996841,0.8715548619627952
35.920000000140476,359.83446794430085,19.962592380212822,130.4759115237346,52.298770845168825,130.58975779254487,62.45578473693815,0.8702401772141456,0.9196472719311714,0.8790265128016471,0.8666275098919868,0.8988820254802704,0.871429468691349
35.9400000001383,359.9378373425797,19.89606941036632,130.4653290451711,52.37437538357852,130.6219224522098,62.4159715173659,0.8704802125692367,0.9194975689053535,0.8787345990538596,0.8668108880519867,0.8997585624456406,0.8709691524505615
35.96000000013612,360.03841786527965,19.8242665223273,130.45445062210698,52.431703011677534,130.6538257913068,62.37626492824582,0.8708724230527878,0.9195064693689347,0.8783674404025078,0.8670468285679817,0.900742182135582,0.8707692116498947
35.98000000013394,360.13601783422547,19.747611807412095,130.44325384398724,52.47267580860814,130.6854626696402,62.336672219107136,0.8712132602930068,0.9199398204684257,0.8780742704868316,0.8670413523912429,0.9016346246004104,0.8707835346460342
36.00000000013176,360.2303585202412,19.666641063789836,130.43170437970593,52.49962589540169,130.716827989946,62.29720061868716,0.8715395063161849,0.9205230757594108,0.8779920026659965,0.8670250043272972,0.9023443281650543,0.8706807211041451
36.020000000129585,360.32113574999556,19.581875197991888,130.4197669581035,52.51531329063306,130.747916698713,62.25785733361146,0.8718553498387337,0.9208104521036148,0.8777794688940048,0.8669631481170654,0.902933645248413,0.8707594975829124
36.04000000012741,360.40807612884873,19.494141933671248,130.4074174730713,52.522748209548084,130.77872378699692,62.21864954707814,0.8721339955925941,0.9212517514824867,0.877783465385437,0.8670601457357406,0.9036403581500053,0.8706203266978264
36.06000000012523,360.4908778633224,19.404283136929926,130.39463622421854,52.52532477399864,126.0,62.17958441754627,0.8723698288202285,0.9221046179533005,0.8775726750493049,0.8669595718383789,0.9046643763780594,0.8703974395990371
36.08000000012305,360.56916921171467,19.31319378117201,130.38140662456752,52.52664217184448,126.0,62.14066907742902,0.8725531756877899,0.9226216495037078,0.8777806222438812,0.866877943277359,0.9049081623554229,0.8702600300312042
36.10000000012087,360.64256103726217,19.22222417489376,130.367731308684,52.530204159472184,126.0,62.10191063179135,0.8727557361125946,0.9227911561727523,0.8777010187506675,0.8668403431773185,0.9050959706306457,0.8703001335263252
36.120000000118694,360.710563661396,19.132623152650645,130.3536331256761,52.53919678878367,126.0,62.063316157052824,0.8729031056165695,0.9227666050195694,0.8773540705442429,0.8668199226260185,0.9054090693593025,0.8704400464892387
36.140000000116515,360.77337650396646,19.04582098413667,130.3391498460151,52.55634715846636,126.0,62.024892699695634,0.8730043143033981,0.9225661993026734,0.8774072095751763,0.8668722346425056,0.9051048934459686,0.8705249339342117
36.16000000011434,360.8308149615733,18.963151853547835,130.32432234164412,52.58408228691535,126.0,61.98664727497802,0.8731153801083564,0.9222335606813431,0.8767737880349159,0.8666638180613517,0.9051019519567489,0.8708953201770783
36.18000000011216,360.8827255533882,18.88572622377612,130.30920311732194,52.62462070094706,126.0,61.948586865653475,0.873074346780777,0.9220088765025138,0.8764857724308968,0.8665239408612251,0.9048939913511276,0.8710220992565155
36.20000000010998,360.92912608927725,18.81490164834012,130.29385241488558,52.67948578488694,126.0,61.91071842069587,0.873093269765377,0.9216295540332794,0.8761270895600318,0.8664139255881309,0.9045293003320694,0.8713079646229743
36.2200000001078,360.9701271096166,18.751516908839285,130.27833010508616,52.749425109351236,126.0,61.873048854030685,0.8731049284338951,0.9210247382521629,0.876130773127079,0.866357934474945,0.9036555930972099,0.871584004163742
36.240000000105624,361.0059824275363,18.695780928095516,130.26268995273398,52.83449353955378,126.0,61.8355850432727,0.8732037499547004,0.920288798213005,0.8757438734173775,0.8663873001933098,0.9033269733190536,0.8720530286431313
36.260000000103446,361.03702919668643,18.64767947098828,130.24697823410938,52.93378268748392,126.0,61.798333828470305,0.8732607781887054,0.919880485534668,0.8755607098340988,0.8663936883211135,0.9028306484222411,0.8722635820508003
36.28000000010127,361.0636269999659,18.606968727345507,130.23124899937946,53.045408770589965,126.0,61.76130201085665,0.873252347111702,0.9189311444759368,0.8755678534507751,0.8663946583867073,0.901692721247673,0.8726950243115424
36.30000000009909,361.08623008431556,18.573003534140913,130.2155586889132,53.16700158136829,126.0,61.724496351607904,0.8734011337161064,0.9187424063682555,0.8755643218755722,0.8664226472377777,0.9013248652219772,0.8728720411658287
36.32000000009691,361.1053660592247,18.544702983116856,130.19995894417795,53.29571122373759,126.0,61.68792357060881,0.8735636800527572,0.9184925451874733,0.875557218492031,0.8664693936705589,0.900928246974945,0.8730780795216561
36.34000000009473,361.12157041244774,18.520872552220844,130.18448992850526,53.428226398498886,126.0,61.65159034522578,0.8737371474504471,0.9182337388396263,0.8755585461854934,0.8665312409400939,0.9005489021539688,0.8732870325446128
36.360000000092555,361.1352841939573,18.50016665739004,130.16917525884853,53.56120790025476,126.0,61.615503309087764,0.8739189118146896,0.9179833635687827,0.8755708396434784,0.8666058465838432,0.9002017438411712,0.8734896197915077
36.38000000009038,361.14687740649373,18.48113546034756,130.1540251383257,53.691613426158604,126.0,61.579669050875104,0.8741057857871055,0.9177577495574951,0.8755959048867226,0.8666902244091034,0.8998997673392296,0.8736769184470177
36.4000000000882,361.1566573781966,18.46226871339176,130.13903927111534,53.816375010957145,126.0,61.544094113116586,0.8742942109704017,0.9175690203905106,0.8756341263651848,0.8667810216546058,0.8996513321995735,0.8738420709967613
36.42000000008602,361.1648139220472,18.442262516992802,130.12420728189912,53.93313626780226,126.0,61.50878499099491,0.8744805574417114,0.9174260944128036,0.8756819009780884,0.86687573492527,0.8994645029306412,0.8739812150597572
36.44000000008384,361.17141268920267,18.420111763059747,130.10950954987615,54.0402113906573,126.0,61.473748131160825,0.8746638014912606,0.9172982782125473,0.8756642118096352,0.8669977083802223,0.8993860706686974,0.8741364747285842
36.46000000008166,361.17640364638237,18.395143549679474,130.09491861820837,54.13641154052532,126.0,61.438989930556126,0.87483781427145,0.917235067486763,0.8756708145141602,0.8671106785535813,0.899360066652298,0.8742495521903038
36.480000000079485,361.17961374333174,18.366983843736318,130.08040083797465,54.220957107104766,126.0,61.4045167352457,0.875000324845314,0.9172288760542869,0.8756960272789002,0.8672124594449997,0.8993776977062226,0.8743250161409378
36.50000000007731,361.18091624511226,18.335203580480485,130.06591815576957,54.29343975751044,126.0,61.37033483925889,0.8751495897769928,0.9172760874032974,0.8757363989949226,0.8673011153936386,0.8994333133101463,0.8743654370307922
36.52000000007513,361.1800699804368,18.299858503490828,130.0514299645247,54.353808021971766,126.0,61.33645048344033,0.8752846613526344,0.917372414469719,0.8757885321974754,0.8673753902316094,0.8995210886001587,0.8743741229176522
36.54000000007295,361.17664064913964,18.261208551210608,130.0368943889191,54.40234483816454,126.0,61.30286985431052,0.8754052937030792,0.9175130963325501,0.8758494764566421,0.8674347072839736,0.8996352791786194,0.8743548557162285
36.56000000007077,361.171127439358,18.219689403928264,130.02226836209206,54.43962312700908,126.0,61.26959908293632,0.8755119383335114,0.9176932156085967,0.8759168401360512,0.8674792721867561,0.8997708559036255,0.8743114128708839
36.580000000068594,361.1631596692999,18.175845279136965,130.0075099362854,54.46651268616882,126.0,61.23664424381152,0.8756056100130081,0.91790871322155,0.87598866969347,0.8675096079707145,0.8999236345291137,0.8742473527789115
36.600000000066416,361.1523378955787,18.13020562469972,129.99258084132703,54.484155661707334,126.0,61.2040113537478,0.8756875827908516,0.9181539744138717,0.8760632172226905,0.8675269261002541,0.9000891000032425,0.874166689813137
36.62000000006424,361.13847708804263,18.083290517680094,129.97744854912855,54.49390798252872,126.0,61.17170637077621,0.8757593274116516,0.9184227585792542,0.8761385068297386,0.8675326123833657,0.9002623081207275,0.8740738540887832
36.64000000006206,361.1214522890247,18.035816857340844,129.96208780634453,54.49726454437981,126.0,61.1397351930593,0.8758223682641982,0.9187076091766357,0.8762125000357628,0.8675283879041672,0.90043805539608,0.8739736020565033
36.66000000005988,361.101177189887,17.988548150766125,129.94648161242884,54.495780478864965,126.0,61.108103657814354,0.8758782118558883,0.9190002471208573,0.8762831583619117,0.8675162017345428,0.9006107985973358,0.8738707661628723
36.6800000000577,361.07758870823,17.94231754334745,129.9306216454845,54.4909992599307,126.0,61.076817540247546,0.8759284362196922,0.9192925006151199,0.8763486847281455,0.8674982130527497,0.900775620341301,0.8737699240446091
36.700000000055525,361.0507378166873,17.8975523225588,129.91450818417945,54.4843938519423,126.0,61.04588255249957,0.8759745970368386,0.9195765197277069,0.8764076575636863,0.8674766212701798,0.9009280413389206,0.8736751660704613
36.720000000053346,361.02077493980266,17.85489545581692,129.8981495738825,54.47732466578985,126.0,61.015304342602725,0.876018089056015,0.9198453977704047,0.8764588162302971,0.8674534112215042,0.901064096391201,0.8735900595784187
36.74000000005117,360.9878458070562,17.815000689167178,129.88156132362337,54.47101751063411,126.0,60.98508849344971,0.876060289144516,0.9200934708118439,0.8765014544129371,0.8674305096268654,0.9011811435222625,0.8735173135995865
36.76000000004899,360.95211630789794,17.778484564798905,129.86476491701492,54.46654034272724,126.0,60.95524052177429,0.8761024579405784,0.9203157231211662,0.8765354290604591,0.8674099057912826,0.9012773990631103,0.8734589621424674
36.78000000004681,360.9137675920369,17.74585738017755,129.84778642120082,54.46478531354631,126.0,60.92576587714411,0.8761457487940788,0.9205086007714272,0.8765608966350555,0.8673932760953903,0.9013520449399948,0.8734163507819176
36.80000000004463,360.87303022667277,17.71746276814267,129.83065497620004,54.46645860883628,126.0,60.89666994096569,0.8761910781264305,0.92066969871521,0.876578402519226,0.8673820421099663,0.9014051616191864,0.8733900874853134
36.820000000042455,360.83019651889396,17.693526368307385,129.81340125372617,54.47207726059293,126.0,60.867958025501906,0.8762391209602356,0.9207975059747696,0.8765885680913925,0.8673773169517517,0.9014371648430825,0.8733804047107696
36.84000000004028,360.7855557977617,17.674240146786975,129.79605597602983,54.48197209926204,126.0,60.83963537290211,0.8762903466820716,0.9208914950489998,0.8765922516584396,0.8673799812793731,0.9014492839574814,0.8733869180083275
36.8600000000381,360.7393770685843,17.659713635249012,129.77864855243047,54.496296481519934,126.0,60.81170715424502,0.8763449922204017,0.9209517151117325,0.876590347290039,0.8673906475305557,0.9014429315924645,0.8734090462327003
36.88000000003592,360.69191806870657,17.649944892299622,129.761205868526,54.515039828682184,126.0,60.784178468594575,0.876403084397316,0.9209789395332336,0.8765837624669075,0.8674096643924712,0.901419860124588,0.8734458059072494
36.90000000003374,360.6434237437145,17.644824466017372,129.7437512733322,54.53804499535387,126.0,60.75705434206901,0.8764644801616669,0.9209745541214943,0.8765735611319542,0.8674371927976608,0.9013820767402648,0.8734959676861763
36.920000000031564,360.5941218059261,17.6441425846778,129.72630379306074,54.56502844905932,126.0,60.730339726923155,0.8765288889408112,0.9209406107664108,0.8765607312321663,0.8674730986356735,0.9013318032026291,0.8735580340027809
36.940000000029386,360.54421803819247,17.647599323341687,129.70887758428145,54.59560181184314,126.0,60.70403950064428,0.8765958413481713,0.9208792105317115,0.8765461444854736,0.867517127096653,0.9012710288167,0.8736305564641952
36.96000000002721,360.49389234070486,17.65481706178772,129.69148162093208,54.629293879427784,126.0,60.67815846506159,0.876664724946022,0.9207928836345672,0.8765305832028388,0.8675687864422797,0.9012018010020256,0.8737118899822235
36.98000000002503,360.4432959465778,17.66535438549286,129.67411960142232,54.66557259589757,126.0,60.6527013454695,0.8767348825931549,0.9206842362880706,0.8765147313475609,0.867627464234829,0.9011259883642196,0.873800478875637
37.00000000002285,360.39254994648485,17.678720575706524,129.65679005416013,54.703867015396554,126.0,60.62767278976491,0.8768055766820907,0.92055624127388,0.8764991700649262,0.8676923915743827,0.901045423746109,0.8738946601748466
37.02000000002067,360.3417450684396,17.694390238499032,129.63948661257967,54.74358803369654,126.0,60.603077367598594,0.8768760427832604,0.9204119026660919,0.8764843598008155,0.8677626520395278,0.900961685180664,0.873992882668972
37.040000000018495,360.29095980542195,17.711750215706733,129.622198433802,54.78414722567558,126.0,60.5789195695409,0.8769455701112747,0.9202541619539261,0.8764707252383231,0.8678373783826828,0.9008763283491135,0.8740936130285263
37.060000000016316,360.24024907983284,17.73023140179458,129.60491072646224,54.824973131402764,126.0,60.55520380626188,0.8770134210586548,0.920085996389389,0.8764584362506866,0.8679155066609382,0.9007905200123787,0.8741954922676086
37.08000000001414,360.18961260018335,17.749294202724744,129.58760536091702,54.86552494530941,126.0,60.53193440772597,0.8770788893103599,0.9199102312326431,0.8764476269483567,0.8679959997534752,0.9007051855325698,0.8742972955107688
37.10000000001196,360.1390527613408,17.768355323582718,129.5702615327273,54.905303455818526,126.0,60.509115622401445,0.877141411602497,0.9197296783328056,0.8764384001493454,0.868077865242958,0.9006213307380676,0.8743978202342987
37.12000000000978,360.0885434408905,17.78697789267977,129.55285645659566,54.943859442549545,126.0,60.48675161648478,0.877200473845005,0.91954705119133,0.8764307603240012,0.8681600525975227,0.9005396977066994,0.874496029317379
37.1400000000076,360.03802339128805,17.804723655446907,129.5353660690872,54.980799563153866,126.0,60.46484647313996,0.8772556915879249,0.919364920258522,0.8764247253537177,0.8682416498661041,0.9004609525203705,0.874591001868248
37.160000000005425,359.9874220065126,17.82118968254953,129.51776571375464,55.01578996001142,126.0,60.44340419175297,0.8773068189620972,0.9191856816411018,0.8764202952384949,0.8683217853307724,0.9003856986761093,0.8746818885207176
37.18000000000325,359.9366635008136,17.836019456303507,129.50003080154724,55.048557601668165,126.0,60.42242868720165,0.8773536637425422,0.919011726975441,0.876417501270771,0.8683996632695198,0.9003144904971122,0.8747679337859153
37.20000000000107,359.88566919483935,17.84890829675368,129.4821374292511,55.07888965230634,126.0,60.4019237891409,0.8773961678147316,0.9188450634479522,0.8764162316918372,0.8684745281934738,0.9002476632595062,0.874848610162735
37.21999999999889,359.8343597930263,17.859606339205683,129.46406294156654,55.106631421807016,126.0,60.38189324130346,0.8774343624711036,0.918687729537487,0.8764164328575134,0.8685456961393356,0.9001856237649918,0.87492336332798
37.23999999999671,359.7826576240496,17.867919809716472,129.44578643229158,55.13168310792689,126.0,60.36234070081638,0.8774683639407158,0.91854118257761,0.8764181494712829,0.8686127334833145,0.9001286000013351,0.8749918580055237
37.259999999994534,359.7304886659015,17.873710901854658,129.4272891714363,55.153995649953636,126.0,60.34326973753337,0.8774983555078506,0.9184071525931358,0.8764213547110558,0.868675135076046,0.9000769227743148,0.8750537142157554
37.279999999992356,359.6777842419102,17.876896461794455,129.40855495452533,55.17356606323451,126.0,60.324683833382956,0.8775245830416679,0.9182867214083671,0.8764260351657868,0.8687325835227966,0.9000307261943817,0.8751087844371795
37.29999999999018,359.6244823558678,17.877445734606212,129.3895703737754,55.19043244541883,126.0,60.3065863817328,0.8775473415851592,0.9181808680295944,0.8764321997761726,0.8687848642468452,0.8999901086091995,0.8751569435000419
37.319999999988,359.5705286509837,17.875377335765084,129.3703250153128,55.204668688842865,126.0,60.28898068677012,0.8775669351220131,0.9180904150009155,0.8764398217201232,0.8688317716121673,0.899955190718174,0.8751981690526008
37.33999999998582,359.5158770100628,17.870755592377495,129.35081158179588,55.216379263235396,126.0,60.27186996289845,0.8775837033987045,0.9180157780647278,0.8764489278197288,0.868873319029808,0.8999259769916534,0.8752324968576431
37.35999999998364,359.4604898316792,17.86368635044067,129.33102593320788,55.22569409582305,126.0,60.25525733415074,0.8775979906320571,0.9179573774337768,0.8764595359563827,0.8689094930887222,0.8999025166034699,0.8752599939703941
37.379999999981464,359.40433802705513,17.854312477172577,129.31096706159713,55.232763823289744,126.0,60.239145833618984,0.8776101946830749,0.917915315926075,0.8764717042446136,0.8689404234290122,0.899884831905365,0.8752808213233948
37.399999999979286,359.3474007855017,17.842809105241688,129.29063699933732,55.237755262523834,126.0,60.223538402900445,0.8776206463575363,0.9178894907236099,0.8764854103326797,0.8689662531018257,0.899872824549675,0.8752951934933663
37.41999999997711,359.28966515937583,17.829378733949632,129.27004066702486,55.240847237247706,126.0,60.208437891560585,0.8776297122240067,0.9178796648979187,0.8765007570385933,0.8689872503280639,0.8998664498329162,0.8753033429384232
37.43999999997493,359.23112552335994,17.814246312759824,129.24918567281972,55.2422268202481,126.0,60.19384705661281,0.877637691795826,0.9178854405879974,0.8765177354216576,0.8690036565065383,0.8998656138777733,0.8753055155277252
37.45999999997275,359.17178294723027,17.797654339109986,129.2280820624418,55.24208602376206,126.0,60.179768562015084,0.8776449203491211,0.9179061383008956,0.8765363499522209,0.8690158158540725,0.8998701333999634,0.8753021046519279
37.47999999997057,359.1116445134011,17.77985812146208,129.20674203485123,55.24061899327548,126.0,60.16620497818356,0.8776516705751419,0.917941015958786,0.876556658744812,0.8690241128206253,0.8998798385262489,0.8752934500575066
37.499999999968395,359.0507225947444,17.761121285860725,129.18517962904534,55.2380196135844,126.0,60.153158781523274,0.8776581659913063,0.917989107966423,0.8765785992145538,0.8690289005637168,0.8998944208025932,0.8752799719572067
37.51999999996622,358.98903412271517,17.74171162308446,129.16341039279146,55.234479471052644,126.0,60.14063235397601,0.8776646256446838,0.9180493682622909,0.8766021400690078,0.8690305858850479,0.8999135673046111,0.8752621352672577
37.53999999996404,358.9265998282523,17.72189746201656,129.14145103840804,55.230186221849856,126.0,60.12862798258543,0.8776712372899055,0.9181206345558166,0.8766272857785224,0.8690296337008476,0.8999370098114013,0.8752403512597083
37.55999999996186,358.86344339916025,17.701945063701746,129.11931909873627,55.225322311573606,126.0,60.11714785907947,0.8776781439781188,0.9182015299797058,0.8766539692878723,0.8690264821052551,0.8999642834067344,0.8752151653170586
37.57999999995968,358.7995902685463,17.68211936614143,129.09703258608545,55.22006391634466,126.0,60.10619407947024,0.8776854529976844,0.9182907178997993,0.8766820922493934,0.8690215468406677,0.8999949902296066,0.8751870691776276
37.599999999957504,358.7350639804829,17.662700290007095,129.07460966119783,55.21458012841929,126.0,60.09576864367127,0.8776932582259178,0.918386772274971,0.8767115741968154,0.8690152704715729,0.9000286430120468,0.8751565858721733
37.619999999955326,358.6698882180194,17.64384713751689,129.05206832348108,55.20903227574164,126.0,60.08587345513243,0.8777015909552573,0.9184881642460823,0.8767422586679459,0.8690080732107163,0.9000647544860839,0.8751242563128471
37.63999999995315,358.6041188553592,17.625756728689122,129.02942612377055,55.203573342909515,126.0,60.07651032049236,0.8777104914188385,0.9185934364795685,0.8767740473151207,0.8690003484487533,0.90010277479887,0.8750906035304069
37.65999999995097,358.53779298157315,17.608655866905526,129.0066998996725,55.19834751860605,126.0,60.06768094924864,0.877719932794571,0.9187009796500206,0.876806703209877,0.8689924582839011,0.9001420110464096,0.8750562533736229
37.67999999994879,358.4709655712482,17.59264868718736,128.98390554069624,55.193489634166106,126.0,60.05938695344569,0.8777299106121063,0.9188092961907387,0.8768400922417641,0.8689848050475121,0.9001819670200347,0.8750216796994209
37.69999999994661,358.40369445953337,17.57787051698508,128.96105778784866,55.189124602114966,126.0,60.051629847380404,0.8777403578162193,0.9189169332385063,0.8768739596009254,0.8689776614308357,0.9002219676971436,0.8749874457716942
37.719999999944434,358.33602521370767,17.56445421375232,128.93817006638528,55.18536682574513,126.0,60.04441104732571,0.877751225233078,0.9190224692225456,0.8769081488251685,0.8689713627099991,0.9002614676952362,0.874954029917717
37.739999999942256,358.2679999400359,17.552508925598527,128.91525435316015,55.18231958380055,126.0,60.03773187127197,0.877762445807457,0.9191245317459106,0.8769424676895141,0.868966194987297,0.900299859046936,0.8749219194054604
37.75999999994008,358.19965997672165,17.542120043421388,128.89232107995335,55.180074367291624,126.0,60.031593538686366,0.8777739390730858,0.9192219316959381,0.8769766926765442,0.8689623638987541,0.9003366008400917,0.874891547858715
37.7799999999379,358.13104661744063,17.533349226353078,128.86937907102728,55.17871009747402,126.0,60.025997170290225,0.8777856335043906,0.9193135425448418,0.8770106628537178,0.8689601197838783,0.9003712281584739,0.8748632818460464
37.79999999993572,358.06220118708444,17.526234629092297,128.84643550974806,55.178292511524155,126.0,60.020943787854414,0.877797457575798,0.9193983048200607,0.8770442396402359,0.8689596861600876,0.9004032939672469,0.8748374745249748
37.81999999993354,357.9931649009462,17.520791419074676,128.82349593884504,55.178873581573924,126.0,60.016434314012805,0.877809339761734,0.9194754406809806,0.877077266573906,0.8689611613750458,0.9004324451088905,0.8748143896460533
37.839999999931365,357.92397863265757,17.51701254353877,128.80056428458064,55.18049108794566,126.0,60.01246957209379,0.8778212130069732,0.9195443332195282,0.8771096765995026,0.8689647153019905,0.9004584491252899,0.8747942015528679
37.85999999992919,357.8546826371074,17.51486973674559,128.77764290354415,55.18316831235316,126.0,60.009050285969984,0.8778329789638519,0.9196043834090233,0.8771413311362266,0.8689704105257988,0.9004809886217117,0.8747771114110946
37.87999999992701,357.78531625037346,17.51431475862592,128.75473265238705,55.18691392215071,126.0,60.006177079926054,0.8778445750474929,0.9196552827954292,0.8771721944212914,0.8689782962203025,0.9004999428987502,0.8747631773352623
37.89999999992483,357.71591757640306,17.515280803928015,128.7318329702185,55.19172209866156,126.0,60.003850478544734,0.877855920791626,0.9196967452764511,0.8772021859884261,0.8689883813261986,0.9005151689052582,0.8747524887323379
37.91999999992265,357.64652317180185,17.51768405792073,128.70894197178853,55.197572866432786,126.0,60.00207090661105,0.8778669133782386,0.9197287440299987,0.8772312879562377,0.8690006479620933,0.9005266308784484,0.874745000898838
37.939999999920474,357.57716773989597,17.52142541660021,128.68605655554555,55.20443270497022,126.0,60.00083868903478,0.8778774812817574,0.9197512120008469,0.8772594645619393,0.8690150737762451,0.9005342841148376,0.8747406959533691
37.959999999918296,357.50788384579545,17.526392347138827,128.663172516912,55.21225544032746,126.0,60.0001540507911,0.8778875306248665,0.9197644844651222,0.877286733686924,0.8690315246582031,0.9005382537841796,0.8747394263744354
37.97999999991612,357.4387016673947,17.532460855809106,128.64028466953107,55.2209832451994,126.0,60.00001711687956,0.8778969764709472,0.9197687983512878,0.8773131087422371,0.8690499067306519,0.9005386248230934,0.8747410625219345
37.99999999991394,357.3696487773775,17.53949754781574,128.61738697192325,55.230547851213146,126.0,60.00042791230119,0.8779057338833809,0.9197646498680114,0.8773385941982269,0.8690700411796569,0.9005355671048164,0.8747453987598419
38.01999999991176,357.3007499662027,17.547361749107903,128.59447265751263,55.24087184731027,126.0,60.001386362054006,0.877913735806942,0.9197526559233665,0.8773633152246475,0.8690918117761611,0.9005293846130371,0.8747521489858627
38.03999999990958,357.2320347917588,17.555873197511147,128.57153436507812,55.251870121169155,126.0,60.00289229114666,0.8779209151864051,0.9197334557771683,0.8773873567581176,0.8691150218248367,0.9005203366279602,0.874761027097702
38.059999999907404,357.16354542888564,17.56484106521475,128.54856426770473,55.263451340172,126.0,60.00494542463039,0.8779272004961968,0.9197078809142113,0.877410714328289,0.8691393941640854,0.900508713722229,0.8747717648744583
38.079999999905226,357.0952910164883,17.574156991722436,128.5255542049144,55.27551954642341,126.0,60.007545387649266,0.8779325112700462,0.9196767136454582,0.8774335041642188,0.869164727628231,0.9004948288202286,0.8747840046882629
38.09999999990305,357.02727759103186,17.583682925857318,128.5024958124033,55.28797572815375,126.0,60.01069170550857,0.8779368072748184,0.9196409195661545,0.8774558424949646,0.8691907674074173,0.9004790395498276,0.874797397851944
38.11999999990087,356.95951510070483,17.5932116336626,128.4793806502236,55.30071959567996,126.0,60.01438380376149,0.877940048277378,0.9196014508605003,0.8774778366088867,0.8692172542214394,0.9004618197679519,0.8748115599155426
38.13999999989869,356.892029778974,17.60261865771023,128.4562003223368,55.31365150909624,126.0,60.01862100831401,0.87794219404459,0.919559246301651,0.8774995893239975,0.8692439466714859,0.9004435002803802,0.8748261243104934
38.15999999989651,356.8248213458449,17.61180071555433,128.4329465932914,55.326674310110945,126.0,60.023402545547974,0.8779432132840156,0.9195153787732124,0.8775212347507476,0.8692705675959587,0.9004245191812515,0.8748407065868378
38.179999999894335,356.7578825857039,17.620645282838126,128.4096115058975,55.33969494921541,126.0,60.02872754246234,0.8779431194067001,0.9194708317518234,0.8775429114699363,0.8692968934774399,0.9004053413867951,0.8748549088835716
38.19999999989216,356.69120616830963,17.62904583312148,128.38618749086382,55.35262597809726,126.0,60.03459502683256,0.8779418945312499,0.9194265395402909,0.8775646954774856,0.8693226739764214,0.9003863155841827,0.8748684093356133
38.21999999988998,356.62478444458617,17.636905313377177,128.36266746980525,55.36538688510901,126.0,60.04100392738808,0.8779395654797554,0.9193835034966469,0.87758679240942,0.869347707927227,0.9003679424524307,0.8748807966709137
38.2399999998878,356.55860902062966,17.64413798259574,128.33904495057996,55.37790529415331,126.0,60.04795307400795,0.8779361814260482,0.9193425863981247,0.8776093319058418,0.8693717986345291,0.9003505572676659,0.8748917713761329
38.25999999988562,356.49267059910954,17.65067064824337,128.31531411257242,55.3901179334435,126.0,60.05544119793446,0.8779317155480385,0.919304583966732,0.8776323452591895,0.8693947270512581,0.9003344729542732,0.8749010428786278
38.279999999883444,356.4269590167092,17.65644356290264,128.29146988302165,55.401971438086015,126.0,60.063466932004744,0.8779262527823448,0.9192703679203987,0.8776559665799141,0.8694163009524345,0.9003200650215148,0.8749083340167999
38.299999999881265,356.3614633657427,17.6614110194075,128.26750800000235,55.413422987075755,126.0,60.07202881090047,0.8779197886586189,0.9192403718829155,0.8776802226901054,0.869436377286911,0.9003074496984481,0.8749135017395019
38.31999999987909,356.2961721255079,17.6655416825128,128.24342506321454,55.42444069513692,126.0,60.08112527141531,0.8779123991727829,0.919215252995491,0.8777052164077759,0.8694548577070236,0.9002969041466713,0.8749163404107093
38.33999999987691,356.2310733265102,17.66881866656133,128.21921856930766,55.435003920615024,126.0,60.090754652740365,0.8779041111469269,0.9191954404115676,0.8777309745550156,0.8694715946912766,0.9002885624766349,0.8749167203903198
38.35999999987473,356.16615474744907,17.671239382109174,128.1948869333203,55.44510331045603,126.0,60.1009151967674,0.8778949961066246,0.9191812381148338,0.8777575641870499,0.8694865658879279,0.9002825677394867,0.8749145567417145
38.37999999987255,356.101404148566,17.672815161495834,128.1704295004712,55.454740620247,126.0,60.11160504840985,0.8778851166367531,0.9191728875041008,0.8777849584817886,0.8694996863603591,0.9002789467573166,0.8749098315834999
38.399999999870374,356.0368095106742,17.673570697134153,128.1458465468746,55.463928342683985,126.0,60.12282225594144,0.8778745219111442,0.919170580804348,0.8778132021427154,0.8695109605789184,0.9002777799963951,0.8749025091528893
38.419999999868196,355.9723592888065,17.673543230474227,128.1211392650494,55.47268901577317,126.0,60.13456477135264,0.8778632879257202,0.9191743671894074,0.8778422683477402,0.8695203572511673,0.9002790540456772,0.8748926296830177
38.43999999986602,355.9080426587889,17.672781560286968,128.09630973409483,55.48105445543516,126.0,60.14683045072451,0.8778515085577965,0.9191842555999755,0.8778721481561661,0.8695279121398926,0.9002827554941177,0.8748802334070206
38.45999999986384,355.8438497583062,17.671344884149157,128.0713608800312,55.48906484600952,126.0,60.15961705462013,0.8778392374515533,0.9192001342773437,0.8779028326272964,0.8695336833596229,0.9002888083457946,0.8748654186725616
38.47999999986166,355.77977190788437,17.669301510982176,128.0462964201881,55.49676763354945,126.0,60.172922248493514,0.877826577425003,0.9192218288779258,0.8779343128204345,0.8695377513766288,0.9002971410751343,0.8748483017086982
38.49999999985948,355.7158018096552,17.66672746069762,128.02112079865057,55.50421633728498,126.0,60.1867436031158,0.8778135865926743,0.9192490935325622,0.8779665574431419,0.8695402055978775,0.9003076463937759,0.8748290255665779
38.519999999857305,355.6519337232256,17.663704966247998,127.99583911064214,55.511469453280796,126.0,60.20107859501883,0.8778003588318825,0.9192815750837325,0.8779995039105415,0.8695411577820777,0.9003201901912689,0.8748077422380447
38.53999999985513,355.5881636063604,17.66032091945818,127.97045702116603,55.518589452347406,126.0,60.21592460695579,0.8777869567275047,0.9193188935518265,0.8780331209301948,0.8695407375693321,0.9003345891833305,0.8747846573591233
38.55999999985295,355.52448921543726,17.65666530318578,127.94498067568705,55.52564186932412,126.0,60.23127892837916,0.8777734562754631,0.9193607270717621,0.8780674040317535,0.8695390745997429,0.9003507137298584,0.8747599184513092
38.57999999985077,355.46091017290877,17.652829645461928,127.91941660362397,55.53269436036761,126.0,60.24713875593554,0.8777599290013313,0.9194064989686012,0.8781022503972054,0.8695363342761994,0.9003683716058731,0.8747337758541107
38.59999999984859,355.397427992553,17.648905524721805,127.89377161701552,55.53981574567937,126.0,60.26350119397746,0.8777464151382446,0.9194557309150696,0.8781376108527184,0.8695326507091522,0.9003873348236083,0.8747064217925071
38.619999999846414,355.3340460713449,17.644983144972244,127.86805270741539,55.547075058317375,126.0,60.28036325509214,0.8777329728007316,0.9195078909397125,0.878173454105854,0.8695282071828841,0.9004074156284332,0.8746780931949615
38.639999999844235,355.2707696430037,17.641149988189376,127.84226694248139,55.55454061073129,126.0,60.297721860646845,0.8777196422219277,0.919562415778637,0.878209713101387,0.8695231646299362,0.9004283905029297,0.8746489867568016
38.65999999984206,355.2076057007284,17.637489592611274,127.81642136405543,55.56227907553831,126.0,60.315573841351,0.8777064546942711,0.9196186795830726,0.8782462894916534,0.8695176705718041,0.9004499912261963,0.8746193796396255
38.67999999983988,355.1445628886948,17.634080470747982,127.7905228900644,55.57035468447732,126.0,60.33391593783485,0.8776934504508972,0.9196761280298232,0.8782831206917763,0.869511903822422,0.9004720032215118,0.8745894640684128
38.6999999998377,355.0816513672062,17.630995140605265,127.76457822043724,55.57882843443713,126.0,60.35274480124454,0.8776806339621543,0.9197341665625572,0.8783201351761818,0.8695060074329376,0.9004942119121552,0.8745594903826713
38.71999999983552,355.01888266086223,17.628299293110285,127.73859375100352,55.5877573776707,126.0,60.372056993853505,0.8776680365204811,0.9197922319173812,0.878357283771038,0.8695001468062401,0.9005163714289665,0.8745296418666839
38.739999999833344,354.95626948769984,17.62605110895615,127.71257549322627,55.597193999482904,126.0,60.39184898969018,0.8800389349460601,0.9296729266643524,0.8839550584554672,0.8701789379119873,0.9095723316073417,0.8697802767157554
38.759999999831166,354.8938255751416,17.624300706445364,127.68652900327211,55.60718569001913,126.0,60.41211717518172,0.8818778038024903,0.9352343261241912,0.8882914528250694,0.8705561682581902,0.9154502987861634,0.8670876741409301
38.77999999982899,354.83156546622433,17.623089733317208,127.66045932227702,55.61777422862262,126.0,60.43285784981376,0.8825540959835052,0.9388216376304627,0.890801678597927,0.8716194003820419,0.9201109632849693,0.8652462080121041
38.79999999982681,354.769504317271,17.622451093821976,127.63437092569694,55.628995406257616,126.0,60.454067226806075,0.8825277432799339,0.9401363134384155,0.8916152238845825,0.8722004652023315,0.9211558893322944,0.8645546495914459
38.81999999982463,354.7076576957599,17.622408815513154,127.60826768412748,55.640878732319024,126.0,60.475741433803925,0.8831324517726898,0.9433408468961716,0.891464626789093,0.8708942428231239,0.9242521330714225,0.8640399068593979
38.83999999982245,354.6458157522528,17.623932948764967,127.58213242123696,55.655255414225095,126.0,60.497876513585084,0.8825958803296089,0.9425503015518188,0.8914624094963074,0.8707356885075569,0.9227889388799667,0.864205215871334
38.859999999820275,354.5828330718169,17.631691939550176,127.5558645455694,55.681566785765604,126.0,60.52046842478234,0.8816798612475395,0.9406541854143142,0.8907884865999222,0.8706632822751998,0.9208038225769997,0.8646446958184242
38.8799999998181,354.5170864746362,17.651670893274463,127.52929206987302,55.73435500114103,126.0,60.54351304262133,0.8814629688858986,0.944489324092865,0.890568545460701,0.8693014174699784,0.9238454967737197,0.8641021832823753
38.89999999981592,354.4472468692592,17.689194600904017,127.50212534824325,55.829403626629286,126.0,60.56700615967366,0.8815290719270706,0.9480317175388336,0.8912009701132774,0.8689619928598403,0.9267564713954926,0.863190308213234
38.91999999981374,354.3726160674574,17.7482436677381,127.47409914786519,55.97984942483774,126.0,60.590943486625086,0.8809329599142074,0.9479549348354339,0.8902870297431945,0.868164312839508,0.9269496619701385,0.8633565559983253
38.93999999981156,354.29291997053775,17.831583420965405,127.44520748983615,56.19613306209553,126.0,60.61532065305862,0.880593141913414,0.9470238864421844,0.8897018924355506,0.8681457653641701,0.92686168551445,0.8634038612246513
38.959999999809384,354.20871981100714,17.93892933384323,127.4155443548379,56.483353909208454,126.0,60.64013320825251,0.8799651116132736,0.9473997622728347,0.8886905118823051,0.8674058243632317,0.9281503170728683,0.8632680386304855
38.979999999807205,354.1219439184777,18.067759800998655,127.3852680903305,56.84326748847262,126.0,60.66537662199278,0.8785853564739227,0.9452148258686065,0.888200668990612,0.86769640147686,0.9256944060325623,0.8637272775173187
38.99999999980503,354.0344723931266,18.21668782699304,127.35469137977456,57.27448557612564,126.0,60.69104628540043,0.8773647591471672,0.9434347152709961,0.8877386093139649,0.867839041352272,0.9231679171323776,0.864097797870636
39.01999999980285,353.94684562702463,18.385088908717254,127.32415759833596,57.775740842337754,126.0,75.08134675544926,0.876291012763977,0.9411260396242142,0.8871776789426803,0.868073059618473,0.9207039773464203,0.8645967245101929
39.03999999980067,353.86084015936297,18.571479423841645,127.29401295687585,58.343846002815475,126.0,72.8378976859504,0.8758105039596558,0.940917506814003,0.8867472559213638,0.8679236158728599,0.921316710114479,0.8645896255970001
39.05999999979849,353.77827257734305,18.7729726683884,127.26454269116998,58.97376581657363,126.0,72.67606170557707,0.874990114569664,0.9369451463222503,0.8864606708288193,0.868524520099163,0.9173970773816108,0.8654683485627174
39.079999999796314,353.70108511570425,18.986098325879745,127.2359948497882,59.65912687401756,126.0,72.51475795497078,0.8743053555488586,0.9317942589521407,0.8848490968346595,0.8684233874082565,0.9122835129499435,0.8670787781476974
39.099999999794136,353.63173258625886,19.206994210862504,127.20850665142648,60.3885292972622,126.0,72.35425145577014,0.8741343334317208,0.9266482442617416,0.8817949458956719,0.8683781161904335,0.9084583342075347,0.8694042444229125
39.11999999979196,353.5725418163851,19.431158865466916,127.18211339814957,61.14755025146314,126.0,72.19480591973185,0.8739190593361854,0.9219591125845908,0.8811288774013519,0.8683197557926178,0.9031918838620185,0.871293418109417
39.13999999978978,353.5250608627857,19.653348496559218,127.15677426561231,61.92145562661672,126.0,72.03668331545289,0.8739515677094459,0.9174145430326461,0.8795716851949692,0.8686777278780937,0.8996260702610016,0.8735206842422485
39.1599999997876,353.4908605681771,19.868645806899448,127.13240573622086,62.697873437405526,126.0,71.88014343795683,0.873926381766796,0.9129190221428871,0.8778318658471107,0.86856629550457,0.8958683848381043,0.8760492473840713
39.17999999978542,353.47171730069937,20.071710778086267,127.10885115097888,63.4622601665279,126.0,71.7254434818513,0.8739365428686142,0.9076550841331482,0.8764285609126091,0.8689195916056632,0.8918531000614166,0.8790360122919082
39.199999999783245,353.46836142127086,20.256339785002847,127.08595241783723,64.19675181725444,126.0,71.57283761875793,0.8738028213381767,0.9032961815595627,0.8743629336357116,0.8688829481601715,0.8885675817728043,0.8823048382997513
39.219999999781066,353.48089102173594,20.416265042979003,127.0635673880464,64.8822904432227,126.0,71.42257657970902,0.8737369552254677,0.898306468129158,0.8736483618617058,0.8695124626159668,0.8846749767661094,0.8859708413481712
39.23999999977889,353.50751761189264,20.54557560021578,127.04156139847245,65.50062425806104,126.0,71.27490724319709,0.873783053457737,0.8947706371545792,0.8722580164670944,0.8696882367134094,0.8821991145610809,0.8894014626741409
39.25999999977671,353.54715912128705,20.638970999295708,127.01978355409497,66.03600520611705,126.0,71.13007222955424,0.8747325420379638,0.8944770559668541,0.8726605534553528,0.8706818833947182,0.8821867629885674,0.8903404548764229
39.27999999977453,353.5982169592458,20.69244556294682,126.99810071072984,66.47533399494797,126.0,70.98830950232755,0.8755055814981461,0.8941053912043572,0.8729351848363877,0.8714983522891998,0.8820789828896523,0.8912469387054444
39.29999999977235,353.6587276488769,20.70305439142888,126.97637388527973,66.8077836565903,126.0,70.84985197730556,0.8761533975601196,0.8937482506036758,0.8732670366764068,0.8722398936748504,0.8821216076612473,0.8918280214071274
39.319999999770175,353.7265578039902,20.669499629455792,126.9544748809006,67.02475251945853,126.0,70.71492713983825,0.8767154186964035,0.8938922226428986,0.8737365886569023,0.8728562697768211,0.8825040593743324,0.8918417587876319
39.339999999768,353.7994656674358,20.592236680200077,126.93224075002612,67.11972261640317,126.0,70.58375667107926,0.8771748900413513,0.8945248931646347,0.8743331030011177,0.873326201736927,0.883220486342907,0.8912974715232849
39.35999999976582,353.87500720111643,20.473279356191856,126.90949296922507,67.09091503809687,126.0,70.45655608376428,0.8775046721100807,0.895633602142334,0.875098194181919,0.8736466988921165,0.8841543734073639,0.890333405137062
39.37999999976364,353.9504717369353,20.31453720071998,126.88596421193253,66.94595940240598,126.0,70.33353436812423,0.8776717826724052,0.8973847180604935,0.8762053921818733,0.8738105818629265,0.8852216333150863,0.8890040129423141
39.39999999976146,354.022873366038,20.118938485886382,126.86131818700723,66.69899441585078,126.0,70.21489364851485,0.8777031734585762,0.8996361419558525,0.877465945482254,0.8737992003560066,0.8865697786211967,0.8872620657086372
39.419999999759284,354.0887676722431,19.889792621820398,126.8351864763552,66.36764186146488,126.0,70.10082885132687,0.8776048347353935,0.9021620810031891,0.8787605851888657,0.8736374095082283,0.888059651851654,0.8853447690606117
39.439999999757106,354.14735978224337,19.631641318005283,126.80720787377068,65.9702688583473,126.0,69.9915273847225,0.8773871064186096,0.9049000084400177,0.8800569280982017,0.8733391791582107,0.889655351638794,0.8833303853869438
39.45999999975493,354.1960572397798,19.350913597674104,126.77706860922463,65.5217899478851,126.0,69.88716883072438,0.8770662203431129,0.9077168330550194,0.8812889650464057,0.872930696606636,0.8912792325019836,0.8813339412212372
39.47999999975275,354.23260695459817,19.05447991675717,126.74453764453746,65.03606927349819,126.0,69.78792465016262,0.876662677526474,0.9105026111006737,0.8823856577277184,0.8724482744932175,0.8928901270031929,0.8794388309121132
39.49999999975057,354.2559972271571,18.749405174639403,126.70949606712531,64.5362439940907,126.0,69.69395790096529,0.8762053966522216,0.9130863517522811,0.8830824732780457,0.8720052361488342,0.8945639997720718,0.877813671529293
39.51999999974839,354.2647130715343,18.442701551186854,126.6719592356099,64.0385179200003,126.0,69.60542297025452,0.8757109850645065,0.915474984049797,0.8836305424571037,0.8715170383453369,0.8961006954312324,0.8763287559151649
39.539999999746215,354.2591811986512,18.140989376105995,126.63208394673549,63.54838814470509,126.0,69.522465320689,0.8752035647630692,0.9175827398896217,0.8840118408203125,0.8710101500153541,0.8974480360746383,0.8750134497880936
39.559999999744036,354.2393404972545,17.8506857343956,126.59016180271226,63.07107578431307,126.0,69.44522125146908,0.8747483849525451,0.919974559545517,0.8844816073775291,0.8704354509711265,0.8988558024168014,0.873723503947258
39.57999999974186,354.2053081171839,17.577644403207206,126.54659941204554,62.611294403043495,126.0,69.37381767439763,0.874422550201416,0.922523333132267,0.885022483766079,0.8697458773851394,0.8999259948730468,0.8727195262908936
39.59999999973968,354.1609033226247,17.32705715049213,126.50188445044873,62.17303422219823,126.0,69.30837190536428,0.8741391792893409,0.9249584928154945,0.8855110973119735,0.8690843284130096,0.9009305223822593,0.8718013167381287
39.6199999997375,354.1067433564699,17.10316553258294,126.45653980432212,61.76014329153952,126.0,69.24899147159567,0.8739036411046982,0.9272802531719208,0.8859576269984245,0.86846242249012,0.9018912583589553,0.8709585398435592
39.63999999973532,354.04420102253385,16.909547345231093,126.41109420275785,61.38662285747495,126.0,69.19577393498855,0.8737175762653351,0.9294886231422425,0.8863712102174759,0.867888854444027,0.9028302639722824,0.8701812803745269
39.659999999733145,353.9751491953913,16.74860390425586,126.36605964231167,61.05958935117878,126.0,69.14880673181581,0.8735816776752472,0.9315015405416488,0.8867278546094894,0.8673721581697463,0.9036967203021049,0.8694960698485374
39.67999999973097,353.901682114821,16.62196003236625,126.32192066261807,60.78134661503922,126.0,69.10816702906891,0.8734941214323043,0.9332718521356582,0.8870156019926071,0.866916835308075,0.9044612884521485,0.8689131543040275
39.69999999972879,353.8258614389986,16.530760122421775,126.27912787163804,60.55280886257204,126.0,69.07392159767274,0.8734492301940918,0.934755739569664,0.8872275546193122,0.8665259972214698,0.9051009863615036,0.8684368252754211
39.71999999972661,353.7496333082711,16.47554219589716,126.23807745893282,60.37368402492721,126.0,69.04612670278115,0.8733697205781936,0.9351688176393509,0.8871857836842537,0.8662275835871697,0.9052495494484901,0.8682274118065834
39.73999999972443,353.6748039110245,16.45604273214737,126.19909350773031,60.24272139279075,126.0,69.02482801133345,0.8733308866620063,0.935359388589859,0.8870895057916641,0.8659912183880806,0.90530686378479,0.8680949598550797
39.759999999722254,353.6031243350457,16.471447909676645,126.16241783024384,60.15794947196696,126.0,69.01006051702377,0.8733330190181732,0.9353395581245422,0.8869463786482811,0.8658183947205543,0.9052845746278763,0.8680343687534332
39.779999999720076,353.5361009501052,16.520339402506053,126.12820627617424,60.11685278270666,126.0,69.00184848280648,0.8733752459287644,0.9351411640644073,0.8867701217532158,0.8657087996602059,0.9052093744277954,0.8680337786674499
39.7999999997179,353.4747902139513,16.60062753935304,126.0965305130216,60.1164971109606,126.0,69.0002054010322,0.873455698788166,0.9347968578338622,0.8865732431411742,0.8656609758734702,0.905105698108673,0.868082232773304
39.81999999971572,353.419995946099,16.709775054488677,126.06738346958007,60.153553436195295,126.0,69.00513397128002,0.873571154475212,0.9343353927135467,0.8863662660121917,0.8656727373600006,0.9049927905201912,0.8681702762842178
39.83999999971354,353.37224041543436,16.844455412858938,126.04068651589417,60.22414842077205,126.0,69.01662609592192,0.8737164184451103,0.9337787449359893,0.8861570715904236,0.8657408699393272,0.9048809200525284,0.868290863931179
39.85999999971136,353.3319410497034,17.00052950554346,126.01630082374967,60.323986261986505,126.0,69.03466289342731,0.8738847717642784,0.9331444472074508,0.8859496787190437,0.8658609122037887,0.9047739535570144,0.868439257144928
39.879999999709185,353.29933948710095,17.173547301533407,125.99403974250274,60.44853808112864,126.0,69.05921472938526,0.8740700900554657,0.932451069355011,0.8857485353946686,0.8660282149910926,0.9046758517622947,0.868610118329525
39.899999999707006,353.27446237253235,17.3590404949736,125.9736807922678,60.59322405737601,126.0,69.09024126519378,0.8742664858698844,0.9317175924777984,0.885558371245861,0.8662379190325736,0.9045903697609902,0.868797653913498
39.91999999970483,353.25717058709256,17.552304694617852,125.95497680432179,60.75357985643186,126.0,69.12769152433599,0.8744683533906936,0.9309626668691635,0.8853831961750984,0.8664849951863288,0.904521307349205,0.8689959987998008
39.93999999970265,353.2472110603712,17.748797250662673,125.93766586019093,60.925397100851654,126.0,69.17150397613449,0.8746699795126914,0.930204102396965,0.8852262824773788,0.8667635068297386,0.9044701218605041,0.8691997036337852
39.95999999970047,353.2441641235713,17.944511035072633,125.92147985061524,61.10483068890352,126.0,69.22160663684602,0.8748659774661064,0.9294565439224243,0.885089972615242,0.8670675083994865,0.904436719417572,0.8694039270281791
39.97999999969829,353.24823943759884,18.135861754201667,125.90615160166706,61.287809575297906,126.0,69.27791718793061,0.8750516399741173,0.9287329375743866,0.8849755495786666,0.8673908308148384,0.9044204384088516,0.8696044400334358
39.999999999696115,353.25922114241985,18.32020267059056,125.8914205465134,61.468963736040784,126.0,69.34034311130071,0.8752226665616035,0.9280491709709168,0.8848852396011352,0.867726719379425,0.9044233888387679,0.8697955474257469
40.01999999969394,353.27504516229277,18.49498794682807,125.87703699989684,61.644704301881916,126.0,69.40878184132818,0.8753755614161491,0.9274310648441314,0.8848248988389968,0.8680684015154838,0.9044587090611458,0.8699667125940322
